============================================================
Conservative HIT hyperviscosity audit
Started: Sun Aug  9 06:56:07 PM CEST 2026
Grid: 256x256; Mt=0.25; Re_lambda,0=120
HV interval: every 5 complete RK steps
IMPORTANT: no dt scaling is applied; effective HV rate is CFL dependent.
============================================================

------------------------------------------------------------
Starting mn0p001_CFL0p10 at Sun Aug  9 06:56:07 PM CEST 2026
mn=0.001 CFL=0.10 mode=conservative_flux interval=5
------------------------------------------------------------
Using array backend: cupy
saved run configuration: results/hit2d/conservative_hv_audit_Mt0p25_ReL120_N256/mn0p001_CFL0p10/config.json
resolved initial Re_lambda_2d=120.000000 with dynamic viscosity=7.560701e-04
step=     0, t=0.000000, dt=0.000e+00, KE=3.125000e-02, Mt=0.2500, A_K=0.000, Cuv=0.000, P_in=0.000e+00, P_tgt=0.000e+00, A_F=0.000, K_low=0.000, P_drag=0.000e+00, P_cool=0.000e+00, WENO=0.018, ReL2D=120.00, eps_nu=7.186e-04, P_hv=0.000e+00, rho_mean=1.000000, p_mean=0.714286, div_rms=6.115e-15, vort_rms=9.749e-01, mass_err=0.000e+00
step=   500, t=0.442875, dt=8.892e-04, KE=3.043814e-02, Mt=0.2474, A_K=0.003, Cuv=-0.012, P_in=1.013e-03, P_tgt=1.013e-03, A_F=0.175, K_low=0.004, P_drag=-2.295e-05, P_cool=-2.457e-04, WENO=0.017, ReL2D=118.58, eps_nu=7.097e-04, P_hv=1.258e-06, rho_mean=1.000000, p_mean=0.714777, div_rms=1.170e-01, vort_rms=9.594e-01, mass_err=-1.215e-12
step=  1000, t=0.892060, dt=9.065e-04, KE=3.008363e-02, Mt=0.2480, A_K=0.005, Cuv=-0.043, P_in=1.045e-03, P_tgt=1.077e-03, A_F=0.034, K_low=0.007, P_drag=-3.894e-05, P_cool=-3.762e-04, WENO=0.039, ReL2D=121.34, eps_nu=7.233e-04, P_hv=1.312e-06, rho_mean=1.000000, p_mean=0.715038, div_rms=1.351e-01, vort_rms=9.655e-01, mass_err=-2.430e-12
step=  1500, t=1.345069, dt=8.978e-04, KE=3.061121e-02, Mt=0.2494, A_K=0.015, Cuv=-0.025, P_in=1.111e-03, P_tgt=1.092e-03, A_F=0.020, K_low=0.006, P_drag=-3.403e-05, P_cool=-3.664e-04, WENO=0.059, ReL2D=122.09, eps_nu=7.296e-04, P_hv=1.334e-06, rho_mean=1.000000, p_mean=0.715019, div_rms=1.205e-01, vort_rms=9.724e-01, mass_err=-3.638e-12
step=  2000, t=1.794411, dt=8.909e-04, KE=3.080930e-02, Mt=0.2500, A_K=0.034, Cuv=0.006, P_in=1.113e-03, P_tgt=1.100e-03, A_F=0.109, K_low=0.008, P_drag=-4.599e-05, P_cool=-3.894e-04, WENO=0.050, ReL2D=124.08, eps_nu=7.459e-04, P_hv=1.430e-06, rho_mean=1.000000, p_mean=0.715065, div_rms=1.296e-01, vort_rms=9.819e-01, mass_err=-4.853e-12
step=  2500, t=2.237249, dt=8.878e-04, KE=3.101564e-02, Mt=0.2506, A_K=0.038, Cuv=-0.012, P_in=1.086e-03, P_tgt=1.093e-03, A_F=0.098, K_low=0.010, P_drag=-6.128e-05, P_cool=-4.051e-04, WENO=0.055, ReL2D=124.41, eps_nu=7.552e-04, P_hv=1.584e-06, rho_mean=1.000000, p_mean=0.715096, div_rms=1.274e-01, vort_rms=9.886e-01, mass_err=-6.061e-12
step=  3000, t=2.683297, dt=8.959e-04, KE=3.124974e-02, Mt=0.2511, A_K=0.092, Cuv=-0.015, P_in=1.087e-03, P_tgt=1.072e-03, A_F=0.002, K_low=0.008, P_drag=-5.283e-05, P_cool=-4.137e-04, WENO=0.069, ReL2D=121.85, eps_nu=7.573e-04, P_hv=1.724e-06, rho_mean=1.000000, p_mean=0.715113, div_rms=1.278e-01, vort_rms=9.899e-01, mass_err=-7.269e-12
step=  3500, t=3.131938, dt=8.927e-04, KE=3.131589e-02, Mt=0.2513, A_K=0.135, Cuv=0.011, P_in=1.057e-03, P_tgt=1.051e-03, A_F=0.078, K_low=0.009, P_drag=-5.823e-05, P_cool=-4.520e-04, WENO=0.061, ReL2D=124.83, eps_nu=7.544e-04, P_hv=1.813e-06, rho_mean=1.000000, p_mean=0.715190, div_rms=1.294e-01, vort_rms=9.877e-01, mass_err=-8.484e-12
step=  4000, t=3.579877, dt=8.988e-04, KE=3.138915e-02, Mt=0.2520, A_K=0.166, Cuv=0.032, P_in=1.015e-03, P_tgt=1.016e-03, A_F=0.122, K_low=0.015, P_drag=-9.397e-05, P_cool=-4.818e-04, WENO=0.046, ReL2D=128.22, eps_nu=7.421e-04, P_hv=1.956e-06, rho_mean=1.000000, p_mean=0.715249, div_rms=1.263e-01, vort_rms=9.799e-01, mass_err=-9.692e-12
step=  4500, t=4.029266, dt=8.924e-04, KE=3.133995e-02, Mt=0.2520, A_K=0.193, Cuv=0.041, P_in=9.826e-04, P_tgt=9.756e-04, A_F=0.117, K_low=0.019, P_drag=-1.150e-04, P_cool=-5.265e-04, WENO=0.054, ReL2D=128.47, eps_nu=7.355e-04, P_hv=2.092e-06, rho_mean=1.000000, p_mean=0.715339, div_rms=1.253e-01, vort_rms=9.756e-01, mass_err=-1.089e-11
warning: flow component anisotropy has increased over the last three diagnostic samples
step=  5000, t=4.475653, dt=8.988e-04, KE=3.131762e-02, Mt=0.2523, A_K=0.205, Cuv=0.055, P_in=9.244e-04, P_tgt=9.342e-04, A_F=0.206, K_low=0.021, P_drag=-1.264e-04, P_cool=-5.570e-04, WENO=0.065, ReL2D=128.42, eps_nu=7.336e-04, P_hv=2.244e-06, rho_mean=1.000000, p_mean=0.715400, div_rms=1.230e-01, vort_rms=9.748e-01, mass_err=-1.211e-11
saved snapshot: results/hit2d/conservative_hv_audit_Mt0p25_ReL120_N256/mn0p001_CFL0p10/hit2d_step0005000.npz
step=  5500, t=4.930896, dt=9.231e-04, KE=3.149413e-02, Mt=0.2526, A_K=0.193, Cuv=0.084, P_in=8.913e-04, P_tgt=8.891e-04, A_F=0.100, K_low=0.026, P_drag=-1.608e-04, P_cool=-5.419e-04, WENO=0.062, ReL2D=130.58, eps_nu=7.309e-04, P_hv=2.264e-06, rho_mean=1.000000, p_mean=0.715370, div_rms=1.270e-01, vort_rms=9.722e-01, mass_err=-1.332e-11
step=  6000, t=5.392520, dt=9.141e-04, KE=3.149691e-02, Mt=0.2522, A_K=0.155, Cuv=0.065, P_in=8.498e-04, P_tgt=8.469e-04, A_F=0.211, K_low=0.030, P_drag=-1.902e-04, P_cool=-5.545e-04, WENO=0.066, ReL2D=132.15, eps_nu=7.229e-04, P_hv=2.353e-06, rho_mean=1.000000, p_mean=0.715395, div_rms=1.180e-01, vort_rms=9.683e-01, mass_err=-1.453e-11
step=  6500, t=5.841687, dt=8.855e-04, KE=3.148963e-02, Mt=0.2521, A_K=0.136, Cuv=0.039, P_in=8.093e-04, P_tgt=8.106e-04, A_F=0.162, K_low=0.031, P_drag=-1.972e-04, P_cool=-5.635e-04, WENO=0.067, ReL2D=129.69, eps_nu=7.173e-04, P_hv=2.534e-06, rho_mean=1.000000, p_mean=0.715413, div_rms=1.312e-01, vort_rms=9.621e-01, mass_err=-1.574e-11
step=  7000, t=6.288569, dt=9.100e-04, KE=3.144623e-02, Mt=0.2520, A_K=0.116, Cuv=0.070, P_in=7.868e-04, P_tgt=7.803e-04, A_F=0.061, K_low=0.035, P_drag=-2.242e-04, P_cool=-5.733e-04, WENO=0.056, ReL2D=130.16, eps_nu=7.097e-04, P_hv=2.582e-06, rho_mean=1.000000, p_mean=0.715432, div_rms=1.299e-01, vort_rms=9.571e-01, mass_err=-1.695e-11
step=  7500, t=6.747408, dt=9.117e-04, KE=3.145062e-02, Mt=0.2520, A_K=0.075, Cuv=0.081, P_in=7.485e-04, P_tgt=7.495e-04, A_F=0.057, K_low=0.044, P_drag=-2.724e-04, P_cool=-5.678e-04, WENO=0.071, ReL2D=129.24, eps_nu=6.970e-04, P_hv=2.516e-06, rho_mean=1.000000, p_mean=0.715421, div_rms=1.266e-01, vort_rms=9.489e-01, mass_err=-1.817e-11
step=  8000, t=7.196196, dt=8.912e-04, KE=3.121887e-02, Mt=0.2521, A_K=0.046, Cuv=0.041, P_in=7.194e-04, P_tgt=7.183e-04, A_F=0.230, K_low=0.051, P_drag=-3.093e-04, P_cool=-6.017e-04, WENO=0.060, ReL2D=127.74, eps_nu=6.902e-04, P_hv=2.533e-06, rho_mean=1.000000, p_mean=0.715489, div_rms=1.306e-01, vort_rms=9.435e-01, mass_err=-1.937e-11
step=  8500, t=7.639667, dt=8.849e-04, KE=3.085686e-02, Mt=0.2504, A_K=0.024, Cuv=0.022, P_in=7.004e-04, P_tgt=6.986e-04, A_F=0.041, K_low=0.055, P_drag=-3.391e-04, P_cool=-6.522e-04, WENO=0.052, ReL2D=124.47, eps_nu=6.764e-04, P_hv=2.604e-06, rho_mean=1.000000, p_mean=0.715590, div_rms=1.214e-01, vort_rms=9.354e-01, mass_err=-2.060e-11
step=  9000, t=8.087841, dt=8.954e-04, KE=3.086717e-02, Mt=0.2499, A_K=0.002, Cuv=0.041, P_in=6.699e-04, P_tgt=6.984e-04, A_F=0.169, K_low=0.062, P_drag=-3.826e-04, P_cool=-6.229e-04, WENO=0.057, ReL2D=124.05, eps_nu=6.683e-04, P_hv=2.625e-06, rho_mean=1.000000, p_mean=0.715531, div_rms=1.164e-01, vort_rms=9.305e-01, mass_err=-2.181e-11
step=  9500, t=8.529981, dt=8.814e-04, KE=3.095324e-02, Mt=0.2499, A_K=0.029, Cuv=0.060, P_in=7.079e-04, P_tgt=6.988e-04, A_F=0.030, K_low=0.068, P_drag=-4.159e-04, P_cool=-5.804e-04, WENO=0.078, ReL2D=122.19, eps_nu=6.622e-04, P_hv=2.607e-06, rho_mean=1.000000, p_mean=0.715447, div_rms=1.216e-01, vort_rms=9.253e-01, mass_err=-2.302e-11
step= 10000, t=8.969066, dt=8.733e-04, KE=3.085457e-02, Mt=0.2495, A_K=0.006, Cuv=0.054, P_in=7.071e-04, P_tgt=7.018e-04, A_F=0.005, K_low=0.072, P_drag=-4.409e-04, P_cool=-5.737e-04, WENO=0.084, ReL2D=120.73, eps_nu=6.559e-04, P_hv=2.560e-06, rho_mean=1.000000, p_mean=0.715433, div_rms=1.274e-01, vort_rms=9.197e-01, mass_err=-2.422e-11
saved snapshot: results/hit2d/conservative_hv_audit_Mt0p25_ReL120_N256/mn0p001_CFL0p10/hit2d_step0010000.npz
step= 10500, t=9.407068, dt=8.804e-04, KE=3.061121e-02, Mt=0.2483, A_K=0.007, Cuv=0.049, P_in=7.146e-04, P_tgt=7.186e-04, A_F=0.064, K_low=0.078, P_drag=-4.762e-04, P_cool=-5.964e-04, WENO=0.075, ReL2D=118.76, eps_nu=6.495e-04, P_hv=2.511e-06, rho_mean=1.000000, p_mean=0.715479, div_rms=1.169e-01, vort_rms=9.170e-01, mass_err=-2.543e-11
step= 11000, t=9.845765, dt=8.718e-04, KE=3.041751e-02, Mt=0.2481, A_K=0.023, Cuv=0.037, P_in=7.409e-04, P_tgt=7.441e-04, A_F=0.200, K_low=0.085, P_drag=-5.138e-04, P_cool=-6.049e-04, WENO=0.059, ReL2D=115.84, eps_nu=6.452e-04, P_hv=2.695e-06, rho_mean=1.000000, p_mean=0.715495, div_rms=1.185e-01, vort_rms=9.136e-01, mass_err=-2.665e-11
step= 11500, t=10.276634, dt=8.563e-04, KE=3.021948e-02, Mt=0.2474, A_K=0.021, Cuv=0.017, P_in=7.835e-04, P_tgt=7.803e-04, A_F=0.104, K_low=0.089, P_drag=-5.356e-04, P_cool=-6.121e-04, WENO=0.059, ReL2D=115.32, eps_nu=6.381e-04, P_hv=2.762e-06, rho_mean=1.000000, p_mean=0.715510, div_rms=1.241e-01, vort_rms=9.075e-01, mass_err=-2.785e-11
step= 12000, t=10.702782, dt=8.480e-04, KE=2.991753e-02, Mt=0.2466, A_K=0.019, Cuv=0.035, P_in=8.452e-04, P_tgt=8.298e-04, A_F=0.106, K_low=0.091, P_drag=-5.394e-04, P_cool=-6.420e-04, WENO=0.060, ReL2D=116.50, eps_nu=6.303e-04, P_hv=2.794e-06, rho_mean=1.000000, p_mean=0.715570, div_rms=1.200e-01, vort_rms=9.025e-01, mass_err=-2.906e-11
step= 12500, t=11.129776, dt=8.531e-04, KE=2.973674e-02, Mt=0.2460, A_K=0.076, Cuv=0.068, P_in=9.093e-04, P_tgt=8.958e-04, A_F=0.148, K_low=0.092, P_drag=-5.400e-04, P_cool=-6.536e-04, WENO=0.069, ReL2D=119.32, eps_nu=6.253e-04, P_hv=2.797e-06, rho_mean=1.000000, p_mean=0.715593, div_rms=1.189e-01, vort_rms=8.990e-01, mass_err=-3.028e-11
step= 13000, t=11.557801, dt=8.598e-04, KE=2.977871e-02, Mt=0.2459, A_K=0.122, Cuv=0.106, P_in=9.750e-04, P_tgt=9.725e-04, A_F=0.019, K_low=0.091, P_drag=-5.367e-04, P_cool=-6.243e-04, WENO=0.073, ReL2D=121.08, eps_nu=6.201e-04, P_hv=2.740e-06, rho_mean=1.000000, p_mean=0.715534, div_rms=1.217e-01, vort_rms=8.946e-01, mass_err=-3.148e-11
step= 13500, t=11.986892, dt=8.522e-04, KE=2.977723e-02, Mt=0.2453, A_K=0.134, Cuv=0.104, P_in=1.080e-03, P_tgt=1.064e-03, A_F=0.185, K_low=0.088, P_drag=-5.185e-04, P_cool=-6.138e-04, WENO=0.076, ReL2D=119.58, eps_nu=6.204e-04, P_hv=2.645e-06, rho_mean=1.000000, p_mean=0.715513, div_rms=1.207e-01, vort_rms=8.951e-01, mass_err=-3.270e-11
step= 14000, t=12.408184, dt=8.339e-04, KE=2.967428e-02, Mt=0.2450, A_K=0.111, Cuv=0.125, P_in=1.177e-03, P_tgt=1.179e-03, A_F=0.161, K_low=0.087, P_drag=-5.098e-04, P_cool=-6.330e-04, WENO=0.059, ReL2D=119.73, eps_nu=6.143e-04, P_hv=2.735e-06, rho_mean=1.000000, p_mean=0.715552, div_rms=1.160e-01, vort_rms=8.914e-01, mass_err=-3.390e-11
step= 14500, t=12.825783, dt=8.312e-04, KE=2.965685e-02, Mt=0.2457, A_K=0.090, Cuv=0.168, P_in=1.293e-03, P_tgt=1.300e-03, A_F=0.039, K_low=0.089, P_drag=-5.149e-04, P_cool=-6.439e-04, WENO=0.042, ReL2D=120.31, eps_nu=6.081e-04, P_hv=2.802e-06, rho_mean=1.000000, p_mean=0.715574, div_rms=1.219e-01, vort_rms=8.857e-01, mass_err=-3.512e-11
step= 15000, t=13.243357, dt=8.447e-04, KE=2.955801e-02, Mt=0.2459, A_K=0.114, Cuv=0.197, P_in=1.405e-03, P_tgt=1.416e-03, A_F=0.238, K_low=0.088, P_drag=-5.056e-04, P_cool=-6.797e-04, WENO=0.051, ReL2D=119.72, eps_nu=6.069e-04, P_hv=2.713e-06, rho_mean=1.000000, p_mean=0.715645, div_rms=1.205e-01, vort_rms=8.850e-01, mass_err=-3.634e-11
saved snapshot: results/hit2d/conservative_hv_audit_Mt0p25_ReL120_N256/mn0p001_CFL0p10/hit2d_step0015000.npz
step= 15500, t=13.672137, dt=8.732e-04, KE=2.965332e-02, Mt=0.2464, A_K=0.149, Cuv=0.220, P_in=1.530e-03, P_tgt=1.534e-03, A_F=0.054, K_low=0.083, P_drag=-4.802e-04, P_cool=-6.858e-04, WENO=0.050, ReL2D=121.11, eps_nu=6.080e-04, P_hv=2.598e-06, rho_mean=1.000000, p_mean=0.715657, div_rms=1.227e-01, vort_rms=8.855e-01, mass_err=-3.755e-11
step= 16000, t=14.108843, dt=8.759e-04, KE=3.001964e-02, Mt=0.2473, A_K=0.157, Cuv=0.228, P_in=1.637e-03, P_tgt=1.636e-03, A_F=0.225, K_low=0.080, P_drag=-4.719e-04, P_cool=-6.509e-04, WENO=0.071, ReL2D=122.33, eps_nu=6.067e-04, P_hv=2.497e-06, rho_mean=1.000000, p_mean=0.715588, div_rms=1.194e-01, vort_rms=8.851e-01, mass_err=-3.876e-11
step= 16500, t=14.537117, dt=8.316e-04, KE=3.048294e-02, Mt=0.2486, A_K=0.151, Cuv=0.256, P_in=1.695e-03, P_tgt=1.704e-03, A_F=0.082, K_low=0.080, P_drag=-4.791e-04, P_cool=-6.076e-04, WENO=0.060, ReL2D=121.64, eps_nu=6.105e-04, P_hv=2.414e-06, rho_mean=1.000000, p_mean=0.715501, div_rms=1.244e-01, vort_rms=8.870e-01, mass_err=-3.998e-11
step= 17000, t=14.949294, dt=8.243e-04, KE=3.062819e-02, Mt=0.2493, A_K=0.141, Cuv=0.293, P_in=1.726e-03, P_tgt=1.740e-03, A_F=0.138, K_low=0.078, P_drag=-4.723e-04, P_cool=-6.308e-04, WENO=0.057, ReL2D=121.99, eps_nu=6.095e-04, P_hv=2.490e-06, rho_mean=1.000000, p_mean=0.715547, div_rms=1.208e-01, vort_rms=8.870e-01, mass_err=-4.119e-11
step= 17500, t=15.367273, dt=8.421e-04, KE=3.091840e-02, Mt=0.2507, A_K=0.143, Cuv=0.321, P_in=1.723e-03, P_tgt=1.741e-03, A_F=0.098, K_low=0.078, P_drag=-4.704e-04, P_cool=-6.265e-04, WENO=0.071, ReL2D=122.95, eps_nu=6.138e-04, P_hv=2.554e-06, rho_mean=1.000000, p_mean=0.715539, div_rms=1.231e-01, vort_rms=8.898e-01, mass_err=-4.241e-11
step= 18000, t=15.785916, dt=8.354e-04, KE=3.124222e-02, Mt=0.2512, A_K=0.136, Cuv=0.333, P_in=1.709e-03, P_tgt=1.708e-03, A_F=0.008, K_low=0.079, P_drag=-4.822e-04, P_cool=-6.147e-04, WENO=0.074, ReL2D=122.92, eps_nu=6.134e-04, P_hv=2.597e-06, rho_mean=1.000000, p_mean=0.715515, div_rms=1.159e-01, vort_rms=8.907e-01, mass_err=-4.362e-11
step= 18500, t=16.210106, dt=8.575e-04, KE=3.160772e-02, Mt=0.2528, A_K=0.147, Cuv=0.310, P_in=1.619e-03, P_tgt=1.644e-03, A_F=0.256, K_low=0.079, P_drag=-4.908e-04, P_cool=-5.923e-04, WENO=0.073, ReL2D=125.29, eps_nu=6.197e-04, P_hv=2.576e-06, rho_mean=1.000000, p_mean=0.715470, div_rms=1.251e-01, vort_rms=8.938e-01, mass_err=-4.484e-11
step= 19000, t=16.643188, dt=8.781e-04, KE=3.179270e-02, Mt=0.2538, A_K=0.169, Cuv=0.277, P_in=1.528e-03, P_tgt=1.540e-03, A_F=0.102, K_low=0.079, P_drag=-4.942e-04, P_cool=-5.992e-04, WENO=0.080, ReL2D=130.16, eps_nu=6.180e-04, P_hv=2.491e-06, rho_mean=1.000000, p_mean=0.715484, div_rms=1.133e-01, vort_rms=8.945e-01, mass_err=-4.604e-11
step= 19500, t=17.081330, dt=8.675e-04, KE=3.204017e-02, Mt=0.2542, A_K=0.183, Cuv=0.258, P_in=1.408e-03, P_tgt=1.423e-03, A_F=0.073, K_low=0.082, P_drag=-5.159e-04, P_cool=-5.837e-04, WENO=0.070, ReL2D=131.67, eps_nu=6.221e-04, P_hv=2.413e-06, rho_mean=1.000000, p_mean=0.715453, div_rms=1.183e-01, vort_rms=8.968e-01, mass_err=-4.726e-11
step= 20000, t=17.511276, dt=8.653e-04, KE=3.210568e-02, Mt=0.2547, A_K=0.189, Cuv=0.249, P_in=1.308e-03, P_tgt=1.304e-03, A_F=0.151, K_low=0.086, P_drag=-5.522e-04, P_cool=-5.920e-04, WENO=0.061, ReL2D=129.96, eps_nu=6.224e-04, P_hv=2.468e-06, rho_mean=1.000000, p_mean=0.715470, div_rms=1.232e-01, vort_rms=8.961e-01, mass_err=-4.848e-11
saved snapshot: results/hit2d/conservative_hv_audit_Mt0p25_ReL120_N256/mn0p001_CFL0p10/hit2d_step0020000.npz
step= 20500, t=17.945779, dt=8.626e-04, KE=3.190524e-02, Mt=0.2543, A_K=0.185, Cuv=0.235, P_in=1.203e-03, P_tgt=1.193e-03, A_F=0.003, K_low=0.093, P_drag=-5.875e-04, P_cool=-6.373e-04, WENO=0.070, ReL2D=129.04, eps_nu=6.163e-04, P_hv=2.394e-06, rho_mean=1.000000, p_mean=0.715560, div_rms=1.131e-01, vort_rms=8.933e-01, mass_err=-4.968e-11
step= 21000, t=18.375692, dt=8.591e-04, KE=3.185698e-02, Mt=0.2538, A_K=0.161, Cuv=0.231, P_in=1.094e-03, P_tgt=1.101e-03, A_F=0.121, K_low=0.099, P_drag=-6.200e-04, P_cool=-6.389e-04, WENO=0.064, ReL2D=126.90, eps_nu=6.192e-04, P_hv=2.400e-06, rho_mean=1.000000, p_mean=0.715563, div_rms=1.222e-01, vort_rms=8.939e-01, mass_err=-5.088e-11
step= 21500, t=18.812144, dt=8.838e-04, KE=3.170713e-02, Mt=0.2530, A_K=0.137, Cuv=0.216, P_in=1.031e-03, P_tgt=1.031e-03, A_F=0.137, K_low=0.106, P_drag=-6.683e-04, P_cool=-6.495e-04, WENO=0.065, ReL2D=125.94, eps_nu=6.184e-04, P_hv=2.377e-06, rho_mean=1.000000, p_mean=0.715585, div_rms=1.127e-01, vort_rms=8.950e-01, mass_err=-5.210e-11
step= 22000, t=19.251266, dt=8.797e-04, KE=3.172417e-02, Mt=0.2529, A_K=0.159, Cuv=0.163, P_in=9.777e-04, P_tgt=9.728e-04, A_F=0.096, K_low=0.116, P_drag=-7.304e-04, P_cool=-6.169e-04, WENO=0.060, ReL2D=125.35, eps_nu=6.167e-04, P_hv=2.439e-06, rho_mean=1.000000, p_mean=0.715519, div_rms=1.153e-01, vort_rms=8.933e-01, mass_err=-5.332e-11
step= 22500, t=19.693298, dt=8.875e-04, KE=3.166934e-02, Mt=0.2527, A_K=0.189, Cuv=0.115, P_in=9.171e-04, P_tgt=9.198e-04, A_F=0.140, K_low=0.124, P_drag=-7.838e-04, P_cool=-5.912e-04, WENO=0.063, ReL2D=125.35, eps_nu=6.137e-04, P_hv=2.399e-06, rho_mean=1.000000, p_mean=0.715468, div_rms=1.118e-01, vort_rms=8.917e-01, mass_err=-5.452e-11
step= 23000, t=20.137359, dt=8.881e-04, KE=3.154842e-02, Mt=0.2522, A_K=0.180, Cuv=0.105, P_in=8.782e-04, P_tgt=8.773e-04, A_F=0.072, K_low=0.134, P_drag=-8.377e-04, P_cool=-5.723e-04, WENO=0.058, ReL2D=123.61, eps_nu=6.115e-04, P_hv=2.405e-06, rho_mean=1.000000, p_mean=0.715430, div_rms=1.157e-01, vort_rms=8.894e-01, mass_err=-5.573e-11
step= 23500, t=20.576905, dt=8.756e-04, KE=3.115162e-02, Mt=0.2509, A_K=0.160, Cuv=0.086, P_in=8.484e-04, P_tgt=8.493e-04, A_F=0.086, K_low=0.144, P_drag=-8.817e-04, P_cool=-6.005e-04, WENO=0.049, ReL2D=126.44, eps_nu=6.039e-04, P_hv=2.471e-06, rho_mean=1.000000, p_mean=0.715487, div_rms=1.065e-01, vort_rms=8.852e-01, mass_err=-5.694e-11
step= 24000, t=21.010422, dt=8.591e-04, KE=3.063917e-02, Mt=0.2491, A_K=0.083, Cuv=0.033, P_in=8.600e-04, P_tgt=8.485e-04, A_F=0.053, K_low=0.148, P_drag=-8.910e-04, P_cool=-6.467e-04, WENO=0.045, ReL2D=126.27, eps_nu=5.964e-04, P_hv=2.436e-06, rho_mean=1.000000, p_mean=0.715579, div_rms=1.115e-01, vort_rms=8.787e-01, mass_err=-5.815e-11
step= 24500, t=21.439473, dt=8.532e-04, KE=3.021006e-02, Mt=0.2474, A_K=0.020, Cuv=0.010, P_in=8.964e-04, P_tgt=8.803e-04, A_F=0.020, K_low=0.148, P_drag=-8.850e-04, P_cool=-6.736e-04, WENO=0.064, ReL2D=125.93, eps_nu=5.962e-04, P_hv=2.380e-06, rho_mean=1.000000, p_mean=0.715633, div_rms=1.137e-01, vort_rms=8.782e-01, mass_err=-5.936e-11
step= 25000, t=21.863436, dt=8.447e-04, KE=3.003710e-02, Mt=0.2470, A_K=0.024, Cuv=0.034, P_in=9.307e-04, P_tgt=9.347e-04, A_F=0.046, K_low=0.151, P_drag=-8.948e-04, P_cool=-6.536e-04, WENO=0.071, ReL2D=126.57, eps_nu=5.944e-04, P_hv=2.360e-06, rho_mean=1.000000, p_mean=0.715593, div_rms=1.184e-01, vort_rms=8.761e-01, mass_err=-6.058e-11
saved snapshot: results/hit2d/conservative_hv_audit_Mt0p25_ReL120_N256/mn0p001_CFL0p10/hit2d_step0025000.npz
step= 25500, t=22.287620, dt=8.570e-04, KE=2.997356e-02, Mt=0.2469, A_K=0.033, Cuv=0.009, P_in=1.002e-03, P_tgt=9.924e-04, A_F=0.091, K_low=0.151, P_drag=-8.871e-04, P_cool=-6.205e-04, WENO=0.065, ReL2D=128.90, eps_nu=5.882e-04, P_hv=2.375e-06, rho_mean=1.000000, p_mean=0.715527, div_rms=1.175e-01, vort_rms=8.715e-01, mass_err=-6.178e-11
step= 26000, t=22.716474, dt=8.534e-04, KE=2.982343e-02, Mt=0.2456, A_K=0.013, Cuv=-0.028, P_in=1.071e-03, P_tgt=1.069e-03, A_F=0.022, K_low=0.145, P_drag=-8.524e-04, P_cool=-6.119e-04, WENO=0.080, ReL2D=129.43, eps_nu=5.855e-04, P_hv=2.319e-06, rho_mean=1.000000, p_mean=0.715510, div_rms=1.190e-01, vort_rms=8.692e-01, mass_err=-6.300e-11
step= 26500, t=23.146683, dt=8.718e-04, KE=2.952081e-02, Mt=0.2443, A_K=0.029, Cuv=-0.063, P_in=1.187e-03, P_tgt=1.189e-03, A_F=0.093, K_low=0.142, P_drag=-8.304e-04, P_cool=-6.432e-04, WENO=0.058, ReL2D=127.10, eps_nu=5.806e-04, P_hv=2.308e-06, rho_mean=1.000000, p_mean=0.715572, div_rms=1.163e-01, vort_rms=8.660e-01, mass_err=-6.421e-11
step= 27000, t=23.586535, dt=8.840e-04, KE=2.948426e-02, Mt=0.2448, A_K=0.068, Cuv=-0.081, P_in=1.335e-03, P_tgt=1.334e-03, A_F=0.286, K_low=0.144, P_drag=-8.362e-04, P_cool=-6.322e-04, WENO=0.054, ReL2D=125.18, eps_nu=5.806e-04, P_hv=2.291e-06, rho_mean=1.000000, p_mean=0.715550, div_rms=1.151e-01, vort_rms=8.662e-01, mass_err=-6.541e-11
step= 27500, t=24.028257, dt=8.783e-04, KE=2.950479e-02, Mt=0.2447, A_K=0.078, Cuv=-0.048, P_in=1.474e-03, P_tgt=1.482e-03, A_F=0.014, K_low=0.148, P_drag=-8.497e-04, P_cool=-6.233e-04, WENO=0.049, ReL2D=123.72, eps_nu=5.872e-04, P_hv=2.335e-06, rho_mean=1.000000, p_mean=0.715532, div_rms=1.176e-01, vort_rms=8.708e-01, mass_err=-6.664e-11
step= 28000, t=24.467644, dt=8.755e-04, KE=2.947116e-02, Mt=0.2447, A_K=0.030, Cuv=-0.050, P_in=1.655e-03, P_tgt=1.658e-03, A_F=0.193, K_low=0.147, P_drag=-8.426e-04, P_cool=-6.380e-04, WENO=0.054, ReL2D=120.99, eps_nu=5.976e-04, P_hv=2.378e-06, rho_mean=1.000000, p_mean=0.715562, div_rms=1.177e-01, vort_rms=8.786e-01, mass_err=-6.785e-11
step= 28500, t=24.900559, dt=8.550e-04, KE=2.964000e-02, Mt=0.2454, A_K=0.019, Cuv=-0.059, P_in=1.837e-03, P_tgt=1.835e-03, A_F=0.046, K_low=0.143, P_drag=-8.313e-04, P_cool=-6.281e-04, WENO=0.079, ReL2D=120.43, eps_nu=6.004e-04, P_hv=2.493e-06, rho_mean=1.000000, p_mean=0.715542, div_rms=1.181e-01, vort_rms=8.806e-01, mass_err=-6.906e-11
step= 29000, t=25.329396, dt=8.643e-04, KE=3.003455e-02, Mt=0.2467, A_K=0.026, Cuv=-0.040, P_in=1.953e-03, P_tgt=1.990e-03, A_F=0.118, K_low=0.136, P_drag=-8.049e-04, P_cool=-5.914e-04, WENO=0.084, ReL2D=122.80, eps_nu=6.134e-04, P_hv=2.537e-06, rho_mean=1.000000, p_mean=0.715469, div_rms=1.198e-01, vort_rms=8.900e-01, mass_err=-7.028e-11
step= 29500, t=25.763562, dt=8.765e-04, KE=3.031444e-02, Mt=0.2473, A_K=0.026, Cuv=-0.054, P_in=2.141e-03, P_tgt=2.114e-03, A_F=0.173, K_low=0.126, P_drag=-7.590e-04, P_cool=-5.955e-04, WENO=0.086, ReL2D=124.74, eps_nu=6.230e-04, P_hv=2.612e-06, rho_mean=1.000000, p_mean=0.715477, div_rms=1.153e-01, vort_rms=8.980e-01, mass_err=-7.149e-11
step= 30000, t=26.205889, dt=8.858e-04, KE=3.068574e-02, Mt=0.2492, A_K=0.005, Cuv=-0.099, P_in=2.202e-03, P_tgt=2.200e-03, A_F=0.141, K_low=0.117, P_drag=-7.146e-04, P_cool=-5.946e-04, WENO=0.044, ReL2D=124.70, eps_nu=6.258e-04, P_hv=2.732e-06, rho_mean=1.000000, p_mean=0.715475, div_rms=1.231e-01, vort_rms=8.986e-01, mass_err=-7.270e-11
saved snapshot: results/hit2d/conservative_hv_audit_Mt0p25_ReL120_N256/mn0p001_CFL0p10/hit2d_step0030000.npz
step= 30500, t=26.648744, dt=8.756e-04, KE=3.106842e-02, Mt=0.2510, A_K=0.013, Cuv=-0.109, P_in=2.176e-03, P_tgt=2.188e-03, A_F=0.078, K_low=0.109, P_drag=-6.658e-04, P_cool=-5.995e-04, WENO=0.057, ReL2D=127.57, eps_nu=6.315e-04, P_hv=2.842e-06, rho_mean=1.000000, p_mean=0.715485, div_rms=1.269e-01, vort_rms=9.021e-01, mass_err=-7.392e-11
step= 31000, t=27.081324, dt=8.563e-04, KE=3.130268e-02, Mt=0.2517, A_K=0.046, Cuv=-0.110, P_in=2.127e-03, P_tgt=2.132e-03, A_F=0.185, K_low=0.099, P_drag=-6.070e-04, P_cool=-6.317e-04, WENO=0.054, ReL2D=127.91, eps_nu=6.396e-04, P_hv=2.935e-06, rho_mean=1.000000, p_mean=0.715549, div_rms=1.260e-01, vort_rms=9.082e-01, mass_err=-7.513e-11
step= 31500, t=27.506314, dt=8.454e-04, KE=3.158791e-02, Mt=0.2532, A_K=0.124, Cuv=-0.162, P_in=2.038e-03, P_tgt=2.034e-03, A_F=0.107, K_low=0.091, P_drag=-5.622e-04, P_cool=-6.480e-04, WENO=0.056, ReL2D=128.63, eps_nu=6.484e-04, P_hv=3.220e-06, rho_mean=1.000000, p_mean=0.715582, div_rms=1.284e-01, vort_rms=9.141e-01, mass_err=-7.633e-11
step= 32000, t=27.932957, dt=8.666e-04, KE=3.199752e-02, Mt=0.2546, A_K=0.194, Cuv=-0.211, P_in=1.915e-03, P_tgt=1.885e-03, A_F=0.214, K_low=0.084, P_drag=-5.342e-04, P_cool=-6.323e-04, WENO=0.064, ReL2D=130.22, eps_nu=6.561e-04, P_hv=3.546e-06, rho_mean=1.000000, p_mean=0.715550, div_rms=1.275e-01, vort_rms=9.199e-01, mass_err=-7.753e-11
warning: flow component anisotropy has increased over the last three diagnostic samples
step= 32500, t=28.368764, dt=8.738e-04, KE=3.246624e-02, Mt=0.2560, A_K=0.228, Cuv=-0.253, P_in=1.706e-03, P_tgt=1.702e-03, A_F=0.085, K_low=0.082, P_drag=-5.243e-04, P_cool=-5.962e-04, WENO=0.076, ReL2D=130.52, eps_nu=6.533e-04, P_hv=3.089e-06, rho_mean=1.000000, p_mean=0.715478, div_rms=1.307e-01, vort_rms=9.172e-01, mass_err=-7.875e-11
warning: flow component anisotropy has increased over the last three diagnostic samples
step= 33000, t=28.795666, dt=8.354e-04, KE=3.263481e-02, Mt=0.2566, A_K=0.255, Cuv=-0.263, P_in=1.497e-03, P_tgt=1.503e-03, A_F=0.122, K_low=0.078, P_drag=-5.098e-04, P_cool=-6.050e-04, WENO=0.062, ReL2D=130.67, eps_nu=6.581e-04, P_hv=3.082e-06, rho_mean=1.000000, p_mean=0.715496, div_rms=1.299e-01, vort_rms=9.208e-01, mass_err=-7.995e-11
step= 33500, t=29.214356, dt=8.372e-04, KE=3.250040e-02, Mt=0.2564, A_K=0.240, Cuv=-0.270, P_in=1.328e-03, P_tgt=1.329e-03, A_F=0.110, K_low=0.077, P_drag=-4.957e-04, P_cool=-6.557e-04, WENO=0.074, ReL2D=127.58, eps_nu=6.600e-04, P_hv=3.033e-06, rho_mean=1.000000, p_mean=0.715597, div_rms=1.322e-01, vort_rms=9.218e-01, mass_err=-8.117e-11
step= 34000, t=29.635668, dt=8.523e-04, KE=3.249133e-02, Mt=0.2570, A_K=0.243, Cuv=-0.253, P_in=1.169e-03, P_tgt=1.168e-03, A_F=0.011, K_low=0.078, P_drag=-4.929e-04, P_cool=-6.653e-04, WENO=0.059, ReL2D=127.67, eps_nu=6.583e-04, P_hv=3.166e-06, rho_mean=1.000000, p_mean=0.715616, div_rms=1.378e-01, vort_rms=9.195e-01, mass_err=-8.238e-11
warning: flow component anisotropy has increased over the last three diagnostic samples
step= 34500, t=30.065202, dt=8.600e-04, KE=3.243875e-02, Mt=0.2568, A_K=0.316, Cuv=-0.235, P_in=1.024e-03, P_tgt=1.022e-03, A_F=0.237, K_low=0.079, P_drag=-4.915e-04, P_cool=-6.701e-04, WENO=0.071, ReL2D=128.83, eps_nu=6.545e-04, P_hv=3.006e-06, rho_mean=1.000000, p_mean=0.715626, div_rms=1.278e-01, vort_rms=9.186e-01, mass_err=-8.360e-11
warning: flow component anisotropy has increased over the last three diagnostic samples
step= 35000, t=30.491758, dt=8.525e-04, KE=3.247888e-02, Mt=0.2567, A_K=0.393, Cuv=-0.234, P_in=8.957e-04, P_tgt=8.968e-04, A_F=0.047, K_low=0.077, P_drag=-4.853e-04, P_cool=-6.459e-04, WENO=0.069, ReL2D=128.18, eps_nu=6.530e-04, P_hv=3.086e-06, rho_mean=1.000000, p_mean=0.715578, div_rms=1.323e-01, vort_rms=9.167e-01, mass_err=-8.480e-11
saved snapshot: results/hit2d/conservative_hv_audit_Mt0p25_ReL120_N256/mn0p001_CFL0p10/hit2d_step0035000.npz
warning: flow component anisotropy is high (A_K=0.406)
warning: flow component anisotropy has increased over the last three diagnostic samples
step= 35500, t=30.920275, dt=8.576e-04, KE=3.247564e-02, Mt=0.2560, A_K=0.406, Cuv=-0.256, P_in=7.953e-04, P_tgt=7.934e-04, A_F=0.054, K_low=0.075, P_drag=-4.766e-04, P_cool=-6.232e-04, WENO=0.078, ReL2D=130.40, eps_nu=6.507e-04, P_hv=3.080e-06, rho_mean=1.000000, p_mean=0.715532, div_rms=1.304e-01, vort_rms=9.154e-01, mass_err=-8.602e-11
step= 36000, t=31.351068, dt=8.613e-04, KE=3.234508e-02, Mt=0.2553, A_K=0.396, Cuv=-0.225, P_in=7.104e-04, P_tgt=7.106e-04, A_F=0.008, K_low=0.073, P_drag=-4.660e-04, P_cool=-6.204e-04, WENO=0.081, ReL2D=130.28, eps_nu=6.450e-04, P_hv=3.124e-06, rho_mean=1.000000, p_mean=0.715526, div_rms=1.249e-01, vort_rms=9.123e-01, mass_err=-8.722e-11
step= 36500, t=31.784350, dt=8.739e-04, KE=3.208882e-02, Mt=0.2545, A_K=0.369, Cuv=-0.172, P_in=6.368e-04, P_tgt=6.453e-04, A_F=0.145, K_low=0.075, P_drag=-4.668e-04, P_cool=-6.356e-04, WENO=0.061, ReL2D=128.00, eps_nu=6.336e-04, P_hv=3.119e-06, rho_mean=1.000000, p_mean=0.715557, div_rms=1.249e-01, vort_rms=9.040e-01, mass_err=-8.843e-11
step= 37000, t=32.225019, dt=8.912e-04, KE=3.193864e-02, Mt=0.2543, A_K=0.328, Cuv=-0.140, P_in=5.798e-04, P_tgt=5.934e-04, A_F=0.039, K_low=0.076, P_drag=-4.708e-04, P_cool=-6.231e-04, WENO=0.055, ReL2D=128.11, eps_nu=6.178e-04, P_hv=3.125e-06, rho_mean=1.000000, p_mean=0.715532, div_rms=1.281e-01, vort_rms=8.918e-01, mass_err=-8.965e-11
step= 37500, t=32.670471, dt=8.927e-04, KE=3.172626e-02, Mt=0.2535, A_K=0.343, Cuv=-0.098, P_in=5.493e-04, P_tgt=5.496e-04, A_F=0.050, K_low=0.075, P_drag=-4.640e-04, P_cool=-6.195e-04, WENO=0.065, ReL2D=129.82, eps_nu=6.012e-04, P_hv=2.991e-06, rho_mean=1.000000, p_mean=0.715525, div_rms=1.233e-01, vort_rms=8.803e-01, mass_err=-9.085e-11
warning: flow component anisotropy has increased over the last three diagnostic samples
step= 38000, t=33.117882, dt=8.923e-04, KE=3.150987e-02, Mt=0.2520, A_K=0.395, Cuv=-0.065, P_in=5.147e-04, P_tgt=5.209e-04, A_F=0.048, K_low=0.073, P_drag=-4.471e-04, P_cool=-6.145e-04, WENO=0.077, ReL2D=130.58, eps_nu=5.891e-04, P_hv=2.970e-06, rho_mean=1.000000, p_mean=0.715515, div_rms=1.230e-01, vort_rms=8.712e-01, mass_err=-9.207e-11
warning: flow component anisotropy is high (A_K=0.424)
warning: flow component anisotropy has increased over the last three diagnostic samples
step= 38500, t=33.561999, dt=8.878e-04, KE=3.126497e-02, Mt=0.2509, A_K=0.424, Cuv=-0.035, P_in=4.964e-04, P_tgt=5.056e-04, A_F=0.042, K_low=0.070, P_drag=-4.309e-04, P_cool=-6.170e-04, WENO=0.071, ReL2D=131.21, eps_nu=5.756e-04, P_hv=2.970e-06, rho_mean=1.000000, p_mean=0.715520, div_rms=1.240e-01, vort_rms=8.607e-01, mass_err=-9.327e-11
warning: flow component anisotropy is high (A_K=0.413)
step= 39000, t=33.999144, dt=8.684e-04, KE=3.099426e-02, Mt=0.2504, A_K=0.413, Cuv=0.008, P_in=4.962e-04, P_tgt=5.002e-04, A_F=0.329, K_low=0.070, P_drag=-4.285e-04, P_cool=-6.231e-04, WENO=0.054, ReL2D=134.11, eps_nu=5.593e-04, P_hv=2.881e-06, rho_mean=1.000000, p_mean=0.715532, div_rms=1.237e-01, vort_rms=8.482e-01, mass_err=-9.447e-11
step= 39500, t=34.438729, dt=8.954e-04, KE=3.078277e-02, Mt=0.2501, A_K=0.367, Cuv=0.022, P_in=4.974e-04, P_tgt=4.972e-04, A_F=0.326, K_low=0.070, P_drag=-4.240e-04, P_cool=-6.170e-04, WENO=0.066, ReL2D=133.78, eps_nu=5.457e-04, P_hv=2.586e-06, rho_mean=1.000000, p_mean=0.715520, div_rms=1.192e-01, vort_rms=8.384e-01, mass_err=-9.568e-11
step= 40000, t=34.885856, dt=8.947e-04, KE=3.060559e-02, Mt=0.2492, A_K=0.297, Cuv=0.033, P_in=5.027e-04, P_tgt=4.999e-04, A_F=0.184, K_low=0.068, P_drag=-4.065e-04, P_cool=-6.057e-04, WENO=0.049, ReL2D=132.12, eps_nu=5.339e-04, P_hv=2.437e-06, rho_mean=1.000000, p_mean=0.715497, div_rms=1.232e-01, vort_rms=8.282e-01, mass_err=-9.690e-11
saved snapshot: results/hit2d/conservative_hv_audit_Mt0p25_ReL120_N256/mn0p001_CFL0p10/hit2d_step0040000.npz
step= 40500, t=35.334111, dt=9.025e-04, KE=3.024405e-02, Mt=0.2474, A_K=0.282, Cuv=0.071, P_in=5.169e-04, P_tgt=5.173e-04, A_F=0.062, K_low=0.065, P_drag=-3.908e-04, P_cool=-6.323e-04, WENO=0.068, ReL2D=129.02, eps_nu=5.211e-04, P_hv=2.318e-06, rho_mean=1.000000, p_mean=0.715550, div_rms=1.184e-01, vort_rms=8.188e-01, mass_err=-9.810e-11
step= 41000, t=35.785788, dt=8.904e-04, KE=3.017597e-02, Mt=0.2470, A_K=0.316, Cuv=0.098, P_in=5.579e-04, P_tgt=5.497e-04, A_F=0.205, K_low=0.065, P_drag=-3.942e-04, P_cool=-6.022e-04, WENO=0.074, ReL2D=130.64, eps_nu=5.153e-04, P_hv=2.249e-06, rho_mean=1.000000, p_mean=0.715490, div_rms=1.223e-01, vort_rms=8.134e-01, mass_err=-9.932e-11
warning: flow component anisotropy has increased over the last three diagnostic samples
step= 41500, t=36.224210, dt=8.673e-04, KE=3.022602e-02, Mt=0.2474, A_K=0.342, Cuv=0.072, P_in=5.490e-04, P_tgt=5.815e-04, A_F=0.406, K_low=0.069, P_drag=-4.144e-04, P_cool=-5.571e-04, WENO=0.078, ReL2D=132.44, eps_nu=5.143e-04, P_hv=2.226e-06, rho_mean=1.000000, p_mean=0.715400, div_rms=1.240e-01, vort_rms=8.122e-01, mass_err=-1.005e-10
step= 42000, t=36.657248, dt=8.640e-04, KE=3.005674e-02, Mt=0.2466, A_K=0.330, Cuv=0.061, P_in=6.139e-04, P_tgt=6.169e-04, A_F=0.217, K_low=0.072, P_drag=-4.319e-04, P_cool=-5.584e-04, WENO=0.075, ReL2D=135.58, eps_nu=5.102e-04, P_hv=2.201e-06, rho_mean=1.000000, p_mean=0.715403, div_rms=1.155e-01, vort_rms=8.106e-01, mass_err=-1.017e-10
step= 42500, t=37.086450, dt=8.582e-04, KE=2.992932e-02, Mt=0.2461, A_K=0.288, Cuv=0.072, P_in=6.854e-04, P_tgt=6.637e-04, A_F=0.071, K_low=0.073, P_drag=-4.353e-04, P_cool=-5.543e-04, WENO=0.060, ReL2D=134.78, eps_nu=5.077e-04, P_hv=2.295e-06, rho_mean=1.000000, p_mean=0.715394, div_rms=1.277e-01, vort_rms=8.061e-01, mass_err=-1.029e-10
step= 43000, t=37.522937, dt=8.870e-04, KE=2.959142e-02, Mt=0.2450, A_K=0.193, Cuv=0.086, P_in=7.326e-04, P_tgt=7.284e-04, A_F=0.248, K_low=0.075, P_drag=-4.359e-04, P_cool=-5.955e-04, WENO=0.046, ReL2D=130.74, eps_nu=5.069e-04, P_hv=2.223e-06, rho_mean=1.000000, p_mean=0.715477, div_rms=1.185e-01, vort_rms=8.073e-01, mass_err=-1.042e-10
step= 43500, t=37.963247, dt=8.795e-04, KE=2.938401e-02, Mt=0.2444, A_K=0.142, Cuv=0.113, P_in=8.093e-04, P_tgt=8.124e-04, A_F=0.097, K_low=0.077, P_drag=-4.408e-04, P_cool=-6.132e-04, WENO=0.054, ReL2D=128.08, eps_nu=5.007e-04, P_hv=2.174e-06, rho_mean=1.000000, p_mean=0.715512, div_rms=1.210e-01, vort_rms=8.017e-01, mass_err=-1.054e-10
step= 44000, t=38.408474, dt=9.015e-04, KE=2.942673e-02, Mt=0.2447, A_K=0.206, Cuv=0.123, P_in=9.161e-04, P_tgt=9.101e-04, A_F=0.106, K_low=0.078, P_drag=-4.514e-04, P_cool=-5.878e-04, WENO=0.075, ReL2D=128.71, eps_nu=4.972e-04, P_hv=2.080e-06, rho_mean=1.000000, p_mean=0.715461, div_rms=1.195e-01, vort_rms=7.991e-01, mass_err=-1.066e-10
warning: flow component anisotropy has increased over the last three diagnostic samples
step= 44500, t=38.855962, dt=8.872e-04, KE=2.956048e-02, Mt=0.2448, A_K=0.272, Cuv=0.124, P_in=1.024e-03, P_tgt=1.016e-03, A_F=0.053, K_low=0.078, P_drag=-4.578e-04, P_cool=-5.554e-04, WENO=0.064, ReL2D=130.73, eps_nu=4.925e-04, P_hv=2.009e-06, rho_mean=1.000000, p_mean=0.715397, div_rms=1.161e-01, vort_rms=7.959e-01, mass_err=-1.078e-10
warning: flow component anisotropy has increased over the last three diagnostic samples
step= 45000, t=39.305783, dt=9.105e-04, KE=2.953758e-02, Mt=0.2450, A_K=0.281, Cuv=0.159, P_in=1.115e-03, P_tgt=1.128e-03, A_F=0.137, K_low=0.079, P_drag=-4.629e-04, P_cool=-5.652e-04, WENO=0.057, ReL2D=132.26, eps_nu=4.879e-04, P_hv=1.998e-06, rho_mean=1.000000, p_mean=0.715416, div_rms=1.066e-01, vort_rms=7.938e-01, mass_err=-1.090e-10
saved snapshot: results/hit2d/conservative_hv_audit_Mt0p25_ReL120_N256/mn0p001_CFL0p10/hit2d_step0045000.npz
step= 45500, t=39.759028, dt=9.039e-04, KE=2.966847e-02, Mt=0.2454, A_K=0.236, Cuv=0.186, P_in=1.242e-03, P_tgt=1.245e-03, A_F=0.203, K_low=0.081, P_drag=-4.705e-04, P_cool=-5.534e-04, WENO=0.080, ReL2D=129.34, eps_nu=4.912e-04, P_hv=1.943e-06, rho_mean=1.000000, p_mean=0.715393, div_rms=1.083e-01, vort_rms=7.963e-01, mass_err=-1.102e-10
step= 46000, t=40.210683, dt=8.946e-04, KE=2.982265e-02, Mt=0.2458, A_K=0.182, Cuv=0.208, P_in=1.368e-03, P_tgt=1.365e-03, A_F=0.098, K_low=0.082, P_drag=-4.793e-04, P_cool=-5.477e-04, WENO=0.062, ReL2D=128.00, eps_nu=4.950e-04, P_hv=1.969e-06, rho_mean=1.000000, p_mean=0.715381, div_rms=1.046e-01, vort_rms=8.001e-01, mass_err=-1.114e-10
step= 46500, t=40.651348, dt=8.753e-04, KE=3.006616e-02, Mt=0.2470, A_K=0.160, Cuv=0.223, P_in=1.449e-03, P_tgt=1.470e-03, A_F=0.015, K_low=0.082, P_drag=-4.896e-04, P_cool=-5.340e-04, WENO=0.066, ReL2D=127.65, eps_nu=4.992e-04, P_hv=1.971e-06, rho_mean=1.000000, p_mean=0.715354, div_rms=1.108e-01, vort_rms=8.024e-01, mass_err=-1.126e-10
step= 47000, t=41.092147, dt=8.866e-04, KE=3.025124e-02, Mt=0.2477, A_K=0.187, Cuv=0.235, P_in=1.563e-03, P_tgt=1.553e-03, A_F=0.107, K_low=0.085, P_drag=-5.068e-04, P_cool=-5.390e-04, WENO=0.068, ReL2D=128.25, eps_nu=5.047e-04, P_hv=1.963e-06, rho_mean=1.000000, p_mean=0.715364, div_rms=1.049e-01, vort_rms=8.080e-01, mass_err=-1.139e-10
warning: flow component anisotropy has increased over the last three diagnostic samples
step= 47500, t=41.534030, dt=8.811e-04, KE=3.043124e-02, Mt=0.2487, A_K=0.236, Cuv=0.236, P_in=1.605e-03, P_tgt=1.609e-03, A_F=0.138, K_low=0.087, P_drag=-5.217e-04, P_cool=-5.497e-04, WENO=0.058, ReL2D=129.16, eps_nu=5.112e-04, P_hv=1.951e-06, rho_mean=1.000000, p_mean=0.715385, div_rms=1.034e-01, vort_rms=8.136e-01, mass_err=-1.151e-10
warning: flow component anisotropy has increased over the last three diagnostic samples
step= 48000, t=41.974544, dt=8.903e-04, KE=3.062659e-02, Mt=0.2494, A_K=0.290, Cuv=0.226, P_in=1.663e-03, P_tgt=1.641e-03, A_F=0.067, K_low=0.087, P_drag=-5.302e-04, P_cool=-5.592e-04, WENO=0.078, ReL2D=127.99, eps_nu=5.241e-04, P_hv=2.023e-06, rho_mean=1.000000, p_mean=0.715404, div_rms=1.040e-01, vort_rms=8.239e-01, mass_err=-1.163e-10
step= 48500, t=42.422546, dt=8.992e-04, KE=3.100365e-02, Mt=0.2512, A_K=0.283, Cuv=0.212, P_in=1.632e-03, P_tgt=1.634e-03, A_F=0.041, K_low=0.089, P_drag=-5.511e-04, P_cool=-5.333e-04, WENO=0.070, ReL2D=131.46, eps_nu=5.341e-04, P_hv=2.036e-06, rho_mean=1.000000, p_mean=0.715352, div_rms=1.062e-01, vort_rms=8.315e-01, mass_err=-1.175e-10
step= 49000, t=42.869130, dt=8.802e-04, KE=3.121944e-02, Mt=0.2520, A_K=0.240, Cuv=0.225, P_in=1.575e-03, P_tgt=1.581e-03, A_F=0.245, K_low=0.093, P_drag=-5.777e-04, P_cool=-5.364e-04, WENO=0.072, ReL2D=134.74, eps_nu=5.428e-04, P_hv=2.105e-06, rho_mean=1.000000, p_mean=0.715358, div_rms=1.045e-01, vort_rms=8.387e-01, mass_err=-1.187e-10
step= 49500, t=43.305611, dt=8.659e-04, KE=3.131426e-02, Mt=0.2526, A_K=0.212, Cuv=0.241, P_in=1.524e-03, P_tgt=1.514e-03, A_F=0.045, K_low=0.097, P_drag=-6.023e-04, P_cool=-5.537e-04, WENO=0.056, ReL2D=136.43, eps_nu=5.504e-04, P_hv=2.191e-06, rho_mean=1.000000, p_mean=0.715393, div_rms=1.037e-01, vort_rms=8.448e-01, mass_err=-1.199e-10
step= 50000, t=43.736835, dt=8.608e-04, KE=3.142436e-02, Mt=0.2533, A_K=0.220, Cuv=0.225, P_in=1.422e-03, P_tgt=1.428e-03, A_F=0.111, K_low=0.103, P_drag=-6.376e-04, P_cool=-5.573e-04, WENO=0.061, ReL2D=135.27, eps_nu=5.551e-04, P_hv=2.350e-06, rho_mean=1.000000, p_mean=0.715400, div_rms=1.061e-01, vort_rms=8.480e-01, mass_err=-1.212e-10
saved snapshot: results/hit2d/conservative_hv_audit_Mt0p25_ReL120_N256/mn0p001_CFL0p10/hit2d_step0050000.npz
warning: flow component anisotropy has increased over the last three diagnostic samples
step= 50500, t=44.169882, dt=8.885e-04, KE=3.150334e-02, Mt=0.2531, A_K=0.253, Cuv=0.177, P_in=1.328e-03, P_tgt=1.336e-03, A_F=0.099, K_low=0.108, P_drag=-6.715e-04, P_cool=-5.570e-04, WENO=0.065, ReL2D=134.96, eps_nu=5.626e-04, P_hv=2.355e-06, rho_mean=1.000000, p_mean=0.715400, div_rms=1.137e-01, vort_rms=8.526e-01, mass_err=-1.224e-10
warning: flow component anisotropy has increased over the last three diagnostic samples
step= 51000, t=44.614164, dt=8.809e-04, KE=3.140566e-02, Mt=0.2523, A_K=0.309, Cuv=0.123, P_in=1.249e-03, P_tgt=1.271e-03, A_F=0.034, K_low=0.114, P_drag=-7.025e-04, P_cool=-5.812e-04, WENO=0.067, ReL2D=135.73, eps_nu=5.685e-04, P_hv=2.324e-06, rho_mean=1.000000, p_mean=0.715448, div_rms=1.076e-01, vort_rms=8.581e-01, mass_err=-1.236e-10
warning: flow component anisotropy has increased over the last three diagnostic samples
step= 51500, t=45.056381, dt=8.797e-04, KE=3.156730e-02, Mt=0.2532, A_K=0.331, Cuv=0.090, P_in=1.216e-03, P_tgt=1.205e-03, A_F=0.181, K_low=0.119, P_drag=-7.361e-04, P_cool=-5.450e-04, WENO=0.062, ReL2D=137.03, eps_nu=5.747e-04, P_hv=2.380e-06, rho_mean=1.000000, p_mean=0.715376, div_rms=1.138e-01, vort_rms=8.619e-01, mass_err=-1.248e-10
step= 52000, t=45.491706, dt=8.655e-04, KE=3.151950e-02, Mt=0.2534, A_K=0.285, Cuv=0.074, P_in=1.124e-03, P_tgt=1.128e-03, A_F=0.279, K_low=0.125, P_drag=-7.742e-04, P_cool=-5.438e-04, WENO=0.051, ReL2D=139.50, eps_nu=5.713e-04, P_hv=2.437e-06, rho_mean=1.000000, p_mean=0.715373, div_rms=1.076e-01, vort_rms=8.603e-01, mass_err=-1.260e-10
step= 52500, t=45.922076, dt=8.597e-04, KE=3.136624e-02, Mt=0.2531, A_K=0.209, Cuv=0.037, P_in=1.070e-03, P_tgt=1.057e-03, A_F=0.121, K_low=0.130, P_drag=-8.030e-04, P_cool=-5.532e-04, WENO=0.061, ReL2D=140.54, eps_nu=5.594e-04, P_hv=2.480e-06, rho_mean=1.000000, p_mean=0.715392, div_rms=1.092e-01, vort_rms=8.509e-01, mass_err=-1.272e-10
step= 53000, t=46.355842, dt=8.719e-04, KE=3.110088e-02, Mt=0.2517, A_K=0.171, Cuv=-0.015, P_in=1.007e-03, P_tgt=1.007e-03, A_F=0.058, K_low=0.134, P_drag=-8.193e-04, P_cool=-5.765e-04, WENO=0.060, ReL2D=139.72, eps_nu=5.499e-04, P_hv=2.355e-06, rho_mean=1.000000, p_mean=0.715439, div_rms=1.027e-01, vort_rms=8.446e-01, mass_err=-1.285e-10
step= 53500, t=46.792230, dt=8.749e-04, KE=3.081104e-02, Mt=0.2508, A_K=0.181, Cuv=-0.059, P_in=9.858e-04, P_tgt=9.840e-04, A_F=0.106, K_low=0.137, P_drag=-8.324e-04, P_cool=-5.980e-04, WENO=0.054, ReL2D=140.77, eps_nu=5.461e-04, P_hv=2.272e-06, rho_mean=1.000000, p_mean=0.715482, div_rms=9.803e-02, vort_rms=8.423e-01, mass_err=-1.297e-10
warning: flow component anisotropy has increased over the last three diagnostic samples
step= 54000, t=47.230932, dt=8.716e-04, KE=3.066195e-02, Mt=0.2504, A_K=0.211, Cuv=-0.100, P_in=9.745e-04, P_tgt=9.733e-04, A_F=0.018, K_low=0.141, P_drag=-8.508e-04, P_cool=-5.874e-04, WENO=0.055, ReL2D=141.32, eps_nu=5.423e-04, P_hv=2.236e-06, rho_mean=1.000000, p_mean=0.715460, div_rms=1.016e-01, vort_rms=8.388e-01, mass_err=-1.309e-10
step= 54500, t=47.662931, dt=8.652e-04, KE=3.054903e-02, Mt=0.2501, A_K=0.201, Cuv=-0.145, P_in=9.675e-04, P_tgt=9.675e-04, A_F=0.058, K_low=0.145, P_drag=-8.662e-04, P_cool=-5.697e-04, WENO=0.060, ReL2D=140.51, eps_nu=5.368e-04, P_hv=2.222e-06, rho_mean=1.000000, p_mean=0.715425, div_rms=1.009e-01, vort_rms=8.345e-01, mass_err=-1.321e-10
step= 55000, t=48.099763, dt=8.781e-04, KE=3.041250e-02, Mt=0.2495, A_K=0.133, Cuv=-0.167, P_in=9.701e-04, P_tgt=9.707e-04, A_F=0.029, K_low=0.147, P_drag=-8.738e-04, P_cool=-5.564e-04, WENO=0.072, ReL2D=139.35, eps_nu=5.359e-04, P_hv=2.133e-06, rho_mean=1.000000, p_mean=0.715399, div_rms=9.941e-02, vort_rms=8.340e-01, mass_err=-1.333e-10
saved snapshot: results/hit2d/conservative_hv_audit_Mt0p25_ReL120_N256/mn0p001_CFL0p10/hit2d_step0055000.npz
step= 55500, t=48.538528, dt=8.786e-04, KE=3.029404e-02, Mt=0.2486, A_K=0.069, Cuv=-0.171, P_in=9.847e-04, P_tgt=9.893e-04, A_F=0.103, K_low=0.147, P_drag=-8.757e-04, P_cool=-5.410e-04, WENO=0.062, ReL2D=138.48, eps_nu=5.388e-04, P_hv=2.096e-06, rho_mean=1.000000, p_mean=0.715368, div_rms=9.965e-02, vort_rms=8.363e-01, mass_err=-1.345e-10
step= 56000, t=48.975753, dt=8.702e-04, KE=3.003885e-02, Mt=0.2474, A_K=0.037, Cuv=-0.144, P_in=1.043e-03, P_tgt=1.029e-03, A_F=0.201, K_low=0.148, P_drag=-8.795e-04, P_cool=-5.562e-04, WENO=0.064, ReL2D=138.74, eps_nu=5.427e-04, P_hv=2.176e-06, rho_mean=1.000000, p_mean=0.715398, div_rms=1.016e-01, vort_rms=8.391e-01, mass_err=-1.358e-10
step= 56500, t=49.411096, dt=8.705e-04, KE=2.979162e-02, Mt=0.2467, A_K=0.028, Cuv=-0.140, P_in=1.093e-03, P_tgt=1.095e-03, A_F=0.003, K_low=0.151, P_drag=-8.853e-04, P_cool=-5.718e-04, WENO=0.074, ReL2D=136.49, eps_nu=5.419e-04, P_hv=2.168e-06, rho_mean=1.000000, p_mean=0.715429, div_rms=1.047e-01, vort_rms=8.379e-01, mass_err=-1.370e-10
step= 57000, t=49.839616, dt=8.445e-04, KE=2.972421e-02, Mt=0.2463, A_K=0.012, Cuv=-0.142, P_in=1.177e-03, P_tgt=1.174e-03, A_F=0.335, K_low=0.153, P_drag=-8.959e-04, P_cool=-5.582e-04, WENO=0.070, ReL2D=132.11, eps_nu=5.527e-04, P_hv=2.213e-06, rho_mean=1.000000, p_mean=0.715402, div_rms=1.065e-01, vort_rms=8.461e-01, mass_err=-1.382e-10
step= 57500, t=50.262708, dt=8.505e-04, KE=2.971532e-02, Mt=0.2458, A_K=0.001, Cuv=-0.133, P_in=1.236e-03, P_tgt=1.275e-03, A_F=0.242, K_low=0.155, P_drag=-9.087e-04, P_cool=-5.404e-04, WENO=0.068, ReL2D=132.86, eps_nu=5.534e-04, P_hv=2.207e-06, rho_mean=1.000000, p_mean=0.715367, div_rms=9.856e-02, vort_rms=8.479e-01, mass_err=-1.394e-10
step= 58000, t=50.690841, dt=8.559e-04, KE=2.977986e-02, Mt=0.2456, A_K=0.064, Cuv=-0.103, P_in=1.410e-03, P_tgt=1.391e-03, A_F=0.075, K_low=0.155, P_drag=-9.138e-04, P_cool=-5.193e-04, WENO=0.056, ReL2D=134.60, eps_nu=5.621e-04, P_hv=2.269e-06, rho_mean=1.000000, p_mean=0.715324, div_rms=1.038e-01, vort_rms=8.538e-01, mass_err=-1.406e-10
step= 58500, t=51.119212, dt=8.673e-04, KE=2.969032e-02, Mt=0.2454, A_K=0.114, Cuv=-0.074, P_in=1.511e-03, P_tgt=1.528e-03, A_F=0.086, K_low=0.154, P_drag=-9.068e-04, P_cool=-5.388e-04, WENO=0.052, ReL2D=132.61, eps_nu=5.704e-04, P_hv=2.284e-06, rho_mean=1.000000, p_mean=0.715363, div_rms=1.017e-01, vort_rms=8.606e-01, mass_err=-1.418e-10
step= 59000, t=51.555668, dt=8.721e-04, KE=2.975449e-02, Mt=0.2461, A_K=0.147, Cuv=-0.061, P_in=1.707e-03, P_tgt=1.667e-03, A_F=0.227, K_low=0.152, P_drag=-8.923e-04, P_cool=-5.401e-04, WENO=0.067, ReL2D=135.35, eps_nu=5.761e-04, P_hv=2.234e-06, rho_mean=1.000000, p_mean=0.715366, div_rms=1.068e-01, vort_rms=8.641e-01, mass_err=-1.430e-10
step= 59500, t=51.991300, dt=8.708e-04, KE=2.977444e-02, Mt=0.2461, A_K=0.146, Cuv=-0.064, P_in=1.804e-03, P_tgt=1.803e-03, A_F=0.083, K_low=0.147, P_drag=-8.631e-04, P_cool=-5.632e-04, WENO=0.058, ReL2D=134.15, eps_nu=5.838e-04, P_hv=2.356e-06, rho_mean=1.000000, p_mean=0.715412, div_rms=1.062e-01, vort_rms=8.701e-01, mass_err=-1.443e-10
step= 60000, t=52.426016, dt=8.720e-04, KE=2.997574e-02, Mt=0.2464, A_K=0.141, Cuv=-0.056, P_in=1.945e-03, P_tgt=1.955e-03, A_F=0.238, K_low=0.137, P_drag=-8.197e-04, P_cool=-5.641e-04, WENO=0.070, ReL2D=134.66, eps_nu=5.998e-04, P_hv=2.483e-06, rho_mean=1.000000, p_mean=0.715414, div_rms=1.060e-01, vort_rms=8.823e-01, mass_err=-1.455e-10
saved snapshot: results/hit2d/conservative_hv_audit_Mt0p25_ReL120_N256/mn0p001_CFL0p10/hit2d_step0060000.npz
step= 60500, t=52.866157, dt=8.895e-04, KE=3.040949e-02, Mt=0.2481, A_K=0.138, Cuv=-0.016, P_in=2.075e-03, P_tgt=2.069e-03, A_F=0.102, K_low=0.129, P_drag=-7.828e-04, P_cool=-5.360e-04, WENO=0.060, ReL2D=133.67, eps_nu=6.140e-04, P_hv=2.516e-06, rho_mean=1.000000, p_mean=0.715358, div_rms=1.148e-01, vort_rms=8.914e-01, mass_err=-1.467e-10
step= 61000, t=53.309101, dt=8.916e-04, KE=3.076464e-02, Mt=0.2496, A_K=0.151, Cuv=0.039, P_in=2.121e-03, P_tgt=2.114e-03, A_F=0.154, K_low=0.124, P_drag=-7.515e-04, P_cool=-5.357e-04, WENO=0.050, ReL2D=133.98, eps_nu=6.229e-04, P_hv=2.569e-06, rho_mean=1.000000, p_mean=0.715357, div_rms=1.137e-01, vort_rms=8.981e-01, mass_err=-1.479e-10
step= 61500, t=53.761383, dt=9.005e-04, KE=3.113176e-02, Mt=0.2510, A_K=0.168, Cuv=0.017, P_in=2.114e-03, P_tgt=2.105e-03, A_F=0.063, K_low=0.116, P_drag=-7.153e-04, P_cool=-5.388e-04, WENO=0.049, ReL2D=131.59, eps_nu=6.363e-04, P_hv=2.620e-06, rho_mean=1.000000, p_mean=0.715363, div_rms=1.178e-01, vort_rms=9.072e-01, mass_err=-1.491e-10
step= 62000, t=54.209244, dt=8.952e-04, KE=3.152132e-02, Mt=0.2524, A_K=0.190, Cuv=-0.017, P_in=2.034e-03, P_tgt=2.036e-03, A_F=0.077, K_low=0.111, P_drag=-6.964e-04, P_cool=-5.360e-04, WENO=0.029, ReL2D=127.76, eps_nu=6.475e-04, P_hv=2.710e-06, rho_mean=1.000000, p_mean=0.715358, div_rms=1.089e-01, vort_rms=9.168e-01, mass_err=-1.503e-10
step= 62500, t=54.658606, dt=8.999e-04, KE=3.183212e-02, Mt=0.2536, A_K=0.161, Cuv=-0.011, P_in=1.896e-03, P_tgt=1.913e-03, A_F=0.004, K_low=0.110, P_drag=-6.937e-04, P_cool=-5.413e-04, WENO=0.056, ReL2D=127.14, eps_nu=6.545e-04, P_hv=2.741e-06, rho_mean=1.000000, p_mean=0.715368, div_rms=1.108e-01, vort_rms=9.215e-01, mass_err=-1.515e-10
step= 63000, t=55.103173, dt=8.839e-04, KE=3.184726e-02, Mt=0.2534, A_K=0.080, Cuv=0.004, P_in=1.783e-03, P_tgt=1.789e-03, A_F=0.004, K_low=0.108, P_drag=-6.847e-04, P_cool=-5.906e-04, WENO=0.049, ReL2D=126.53, eps_nu=6.540e-04, P_hv=2.782e-06, rho_mean=1.000000, p_mean=0.715467, div_rms=1.022e-01, vort_rms=9.225e-01, mass_err=-1.527e-10
step= 63500, t=55.546280, dt=8.936e-04, KE=3.215770e-02, Mt=0.2543, A_K=0.043, Cuv=-0.016, P_in=1.643e-03, P_tgt=1.659e-03, A_F=0.045, K_low=0.106, P_drag=-6.789e-04, P_cool=-5.705e-04, WENO=0.057, ReL2D=124.89, eps_nu=6.584e-04, P_hv=2.930e-06, rho_mean=1.000000, p_mean=0.715427, div_rms=1.071e-01, vort_rms=9.249e-01, mass_err=-1.539e-10
step= 64000, t=55.992952, dt=8.879e-04, KE=3.223033e-02, Mt=0.2550, A_K=0.028, Cuv=-0.035, P_in=1.519e-03, P_tgt=1.514e-03, A_F=0.149, K_low=0.107, P_drag=-6.829e-04, P_cool=-5.862e-04, WENO=0.048, ReL2D=124.38, eps_nu=6.589e-04, P_hv=2.908e-06, rho_mean=1.000000, p_mean=0.715458, div_rms=1.152e-01, vort_rms=9.240e-01, mass_err=-1.551e-10
step= 64500, t=56.438913, dt=8.981e-04, KE=3.203864e-02, Mt=0.2549, A_K=0.024, Cuv=-0.006, P_in=1.391e-03, P_tgt=1.376e-03, A_F=0.135, K_low=0.108, P_drag=-6.843e-04, P_cool=-6.379e-04, WENO=0.041, ReL2D=124.77, eps_nu=6.597e-04, P_hv=2.910e-06, rho_mean=1.000000, p_mean=0.715562, div_rms=1.033e-01, vort_rms=9.265e-01, mass_err=-1.564e-10
step= 65000, t=56.877927, dt=8.636e-04, KE=3.212110e-02, Mt=0.2549, A_K=0.004, Cuv=-0.005, P_in=1.252e-03, P_tgt=1.247e-03, A_F=0.076, K_low=0.103, P_drag=-6.669e-04, P_cool=-6.234e-04, WENO=0.054, ReL2D=122.16, eps_nu=6.683e-04, P_hv=2.970e-06, rho_mean=1.000000, p_mean=0.715532, div_rms=1.194e-01, vort_rms=9.300e-01, mass_err=-1.576e-10
saved snapshot: results/hit2d/conservative_hv_audit_Mt0p25_ReL120_N256/mn0p001_CFL0p10/hit2d_step0065000.npz
step= 65500, t=57.307876, dt=8.578e-04, KE=3.204105e-02, Mt=0.2545, A_K=0.038, Cuv=-0.047, P_in=1.146e-03, P_tgt=1.139e-03, A_F=0.040, K_low=0.101, P_drag=-6.535e-04, P_cool=-6.312e-04, WENO=0.048, ReL2D=122.27, eps_nu=6.636e-04, P_hv=2.996e-06, rho_mean=1.000000, p_mean=0.715548, div_rms=1.171e-01, vort_rms=9.271e-01, mass_err=-1.588e-10
step= 66000, t=57.736849, dt=8.603e-04, KE=3.185541e-02, Mt=0.2537, A_K=0.057, Cuv=-0.064, P_in=1.057e-03, P_tgt=1.050e-03, A_F=0.301, K_low=0.103, P_drag=-6.511e-04, P_cool=-6.512e-04, WENO=0.058, ReL2D=121.62, eps_nu=6.617e-04, P_hv=2.997e-06, rho_mean=1.000000, p_mean=0.715588, div_rms=1.127e-01, vort_rms=9.264e-01, mass_err=-1.600e-10
step= 66500, t=58.162412, dt=8.414e-04, KE=3.183895e-02, Mt=0.2537, A_K=0.042, Cuv=-0.089, P_in=9.816e-04, P_tgt=9.798e-04, A_F=0.011, K_low=0.101, P_drag=-6.399e-04, P_cool=-6.307e-04, WENO=0.058, ReL2D=120.69, eps_nu=6.560e-04, P_hv=3.050e-06, rho_mean=1.000000, p_mean=0.715547, div_rms=1.132e-01, vort_rms=9.222e-01, mass_err=-1.612e-10
step= 67000, t=58.587245, dt=8.659e-04, KE=3.189045e-02, Mt=0.2539, A_K=0.044, Cuv=-0.121, P_in=8.988e-04, P_tgt=9.071e-04, A_F=0.185, K_low=0.099, P_drag=-6.275e-04, P_cool=-5.985e-04, WENO=0.057, ReL2D=119.41, eps_nu=6.593e-04, P_hv=3.071e-06, rho_mean=1.000000, p_mean=0.715483, div_rms=1.202e-01, vort_rms=9.235e-01, mass_err=-1.624e-10
step= 67500, t=59.018669, dt=8.642e-04, KE=3.151706e-02, Mt=0.2522, A_K=0.060, Cuv=-0.145, P_in=7.677e-04, P_tgt=8.531e-04, A_F=0.045, K_low=0.098, P_drag=-6.187e-04, P_cool=-6.422e-04, WENO=0.065, ReL2D=119.35, eps_nu=6.513e-04, P_hv=3.030e-06, rho_mean=1.000000, p_mean=0.715570, div_rms=1.200e-01, vort_rms=9.177e-01, mass_err=-1.636e-10
step= 68000, t=59.453692, dt=8.731e-04, KE=3.119241e-02, Mt=0.2512, A_K=0.100, Cuv=-0.167, P_in=8.279e-04, P_tgt=8.286e-04, A_F=0.223, K_low=0.098, P_drag=-6.103e-04, P_cool=-6.703e-04, WENO=0.043, ReL2D=120.57, eps_nu=6.470e-04, P_hv=3.048e-06, rho_mean=1.000000, p_mean=0.715626, div_rms=1.174e-01, vort_rms=9.151e-01, mass_err=-1.648e-10
step= 68500, t=59.887759, dt=8.627e-04, KE=3.108292e-02, Mt=0.2511, A_K=0.128, Cuv=-0.184, P_in=8.152e-04, P_tgt=8.086e-04, A_F=0.007, K_low=0.096, P_drag=-5.954e-04, P_cool=-6.537e-04, WENO=0.060, ReL2D=121.28, eps_nu=6.397e-04, P_hv=3.047e-06, rho_mean=1.000000, p_mean=0.715593, div_rms=1.185e-01, vort_rms=9.096e-01, mass_err=-1.660e-10
step= 69000, t=60.322182, dt=8.779e-04, KE=3.093077e-02, Mt=0.2506, A_K=0.151, Cuv=-0.181, P_in=7.976e-04, P_tgt=7.936e-04, A_F=0.068, K_low=0.096, P_drag=-5.834e-04, P_cool=-6.465e-04, WENO=0.067, ReL2D=120.24, eps_nu=6.369e-04, P_hv=2.983e-06, rho_mean=1.000000, p_mean=0.715579, div_rms=1.182e-01, vort_rms=9.076e-01, mass_err=-1.672e-10
step= 69500, t=60.759621, dt=8.725e-04, KE=3.073337e-02, Mt=0.2493, A_K=0.157, Cuv=-0.177, P_in=8.164e-04, P_tgt=7.956e-04, A_F=0.158, K_low=0.094, P_drag=-5.677e-04, P_cool=-6.480e-04, WENO=0.062, ReL2D=120.54, eps_nu=6.275e-04, P_hv=2.934e-06, rho_mean=1.000000, p_mean=0.715582, div_rms=1.173e-01, vort_rms=9.009e-01, mass_err=-1.684e-10
step= 70000, t=61.197541, dt=8.733e-04, KE=3.072490e-02, Mt=0.2492, A_K=0.174, Cuv=-0.180, P_in=8.704e-04, P_tgt=8.066e-04, A_F=0.168, K_low=0.090, P_drag=-5.442e-04, P_cool=-6.163e-04, WENO=0.058, ReL2D=120.71, eps_nu=6.296e-04, P_hv=2.934e-06, rho_mean=1.000000, p_mean=0.715518, div_rms=1.235e-01, vort_rms=9.013e-01, mass_err=-1.696e-10
saved snapshot: results/hit2d/conservative_hv_audit_Mt0p25_ReL120_N256/mn0p001_CFL0p10/hit2d_step0070000.npz
step= 70500, t=61.632340, dt=8.732e-04, KE=3.046671e-02, Mt=0.2482, A_K=0.199, Cuv=-0.211, P_in=8.305e-04, P_tgt=8.270e-04, A_F=0.081, K_low=0.086, P_drag=-5.177e-04, P_cool=-6.382e-04, WENO=0.067, ReL2D=120.30, eps_nu=6.208e-04, P_hv=2.920e-06, rho_mean=1.000000, p_mean=0.715562, div_rms=1.170e-01, vort_rms=8.960e-01, mass_err=-1.709e-10
warning: flow component anisotropy has increased over the last three diagnostic samples
step= 71000, t=62.067164, dt=8.633e-04, KE=3.040490e-02, Mt=0.2475, A_K=0.235, Cuv=-0.246, P_in=8.255e-04, P_tgt=8.664e-04, A_F=0.147, K_low=0.081, P_drag=-4.920e-04, P_cool=-6.261e-04, WENO=0.056, ReL2D=121.73, eps_nu=6.137e-04, P_hv=2.925e-06, rho_mean=1.000000, p_mean=0.715538, div_rms=1.208e-01, vort_rms=8.901e-01, mass_err=-1.721e-10
warning: flow component anisotropy has increased over the last three diagnostic samples
step= 71500, t=62.501790, dt=8.772e-04, KE=3.038593e-02, Mt=0.2473, A_K=0.242, Cuv=-0.261, P_in=9.151e-04, P_tgt=9.130e-04, A_F=0.204, K_low=0.079, P_drag=-4.839e-04, P_cool=-6.115e-04, WENO=0.058, ReL2D=121.60, eps_nu=6.035e-04, P_hv=2.956e-06, rho_mean=1.000000, p_mean=0.715509, div_rms=1.212e-01, vort_rms=8.824e-01, mass_err=-1.733e-10
step= 72000, t=62.941653, dt=8.784e-04, KE=3.034211e-02, Mt=0.2476, A_K=0.239, Cuv=-0.257, P_in=9.582e-04, P_tgt=9.628e-04, A_F=0.025, K_low=0.081, P_drag=-4.863e-04, P_cool=-6.067e-04, WENO=0.046, ReL2D=122.56, eps_nu=5.926e-04, P_hv=2.958e-06, rho_mean=1.000000, p_mean=0.715499, div_rms=1.209e-01, vort_rms=8.742e-01, mass_err=-1.745e-10
step= 72500, t=63.378954, dt=8.848e-04, KE=3.024018e-02, Mt=0.2478, A_K=0.234, Cuv=-0.265, P_in=9.449e-04, P_tgt=1.005e-03, A_F=0.128, K_low=0.080, P_drag=-4.786e-04, P_cool=-6.188e-04, WENO=0.049, ReL2D=124.28, eps_nu=5.957e-04, P_hv=3.055e-06, rho_mean=1.000000, p_mean=0.715523, div_rms=1.232e-01, vort_rms=8.762e-01, mass_err=-1.757e-10
step= 73000, t=63.820770, dt=8.676e-04, KE=3.026388e-02, Mt=0.2472, A_K=0.185, Cuv=-0.318, P_in=1.049e-03, P_tgt=1.061e-03, A_F=0.041, K_low=0.078, P_drag=-4.704e-04, P_cool=-6.127e-04, WENO=0.055, ReL2D=123.27, eps_nu=5.971e-04, P_hv=2.977e-06, rho_mean=1.000000, p_mean=0.715511, div_rms=1.295e-01, vort_rms=8.760e-01, mass_err=-1.769e-10
step= 73500, t=64.249247, dt=8.539e-04, KE=3.045080e-02, Mt=0.2479, A_K=0.109, Cuv=-0.339, P_in=1.113e-03, P_tgt=1.114e-03, A_F=0.148, K_low=0.077, P_drag=-4.691e-04, P_cool=-5.781e-04, WENO=0.056, ReL2D=125.75, eps_nu=5.961e-04, P_hv=3.041e-06, rho_mean=1.000000, p_mean=0.715442, div_rms=1.318e-01, vort_rms=8.748e-01, mass_err=-1.781e-10
step= 74000, t=64.679068, dt=8.620e-04, KE=3.031925e-02, Mt=0.2472, A_K=0.065, Cuv=-0.346, P_in=1.157e-03, P_tgt=1.169e-03, A_F=0.173, K_low=0.078, P_drag=-4.691e-04, P_cool=-6.114e-04, WENO=0.050, ReL2D=128.82, eps_nu=5.884e-04, P_hv=2.951e-06, rho_mean=1.000000, p_mean=0.715508, div_rms=1.169e-01, vort_rms=8.718e-01, mass_err=-1.793e-10
step= 74500, t=65.111796, dt=8.557e-04, KE=3.036104e-02, Mt=0.2478, A_K=0.077, Cuv=-0.341, P_in=1.238e-03, P_tgt=1.233e-03, A_F=0.267, K_low=0.078, P_drag=-4.649e-04, P_cool=-6.132e-04, WENO=0.047, ReL2D=130.34, eps_nu=5.852e-04, P_hv=2.946e-06, rho_mean=1.000000, p_mean=0.715512, div_rms=1.199e-01, vort_rms=8.688e-01, mass_err=-1.805e-10
step= 75000, t=65.536716, dt=8.549e-04, KE=3.048792e-02, Mt=0.2481, A_K=0.087, Cuv=-0.339, P_in=1.281e-03, P_tgt=1.284e-03, A_F=0.268, K_low=0.075, P_drag=-4.570e-04, P_cool=-6.043e-04, WENO=0.068, ReL2D=131.14, eps_nu=5.816e-04, P_hv=2.834e-06, rho_mean=1.000000, p_mean=0.715494, div_rms=1.183e-01, vort_rms=8.664e-01, mass_err=-1.817e-10
saved snapshot: results/hit2d/conservative_hv_audit_Mt0p25_ReL120_N256/mn0p001_CFL0p10/hit2d_step0075000.npz
step= 75500, t=65.968238, dt=8.669e-04, KE=3.056396e-02, Mt=0.2484, A_K=0.048, Cuv=-0.323, P_in=1.350e-03, P_tgt=1.332e-03, A_F=0.068, K_low=0.075, P_drag=-4.590e-04, P_cool=-6.104e-04, WENO=0.061, ReL2D=133.41, eps_nu=5.777e-04, P_hv=2.658e-06, rho_mean=1.000000, p_mean=0.715507, div_rms=1.207e-01, vort_rms=8.629e-01, mass_err=-1.830e-10
step= 76000, t=66.406871, dt=8.819e-04, KE=3.058511e-02, Mt=0.2489, A_K=0.040, Cuv=-0.301, P_in=1.382e-03, P_tgt=1.371e-03, A_F=0.097, K_low=0.077, P_drag=-4.656e-04, P_cool=-6.297e-04, WENO=0.049, ReL2D=134.75, eps_nu=5.801e-04, P_hv=2.688e-06, rho_mean=1.000000, p_mean=0.715545, div_rms=1.176e-01, vort_rms=8.653e-01, mass_err=-1.842e-10
step= 76500, t=66.849543, dt=8.875e-04, KE=3.082092e-02, Mt=0.2497, A_K=0.078, Cuv=-0.287, P_in=1.385e-03, P_tgt=1.391e-03, A_F=0.082, K_low=0.078, P_drag=-4.747e-04, P_cool=-6.088e-04, WENO=0.071, ReL2D=134.44, eps_nu=5.883e-04, P_hv=2.602e-06, rho_mean=1.000000, p_mean=0.715503, div_rms=1.239e-01, vort_rms=8.704e-01, mass_err=-1.854e-10
step= 77000, t=67.291108, dt=8.761e-04, KE=3.101057e-02, Mt=0.2502, A_K=0.089, Cuv=-0.304, P_in=1.391e-03, P_tgt=1.393e-03, A_F=0.139, K_low=0.080, P_drag=-4.906e-04, P_cool=-5.983e-04, WENO=0.065, ReL2D=133.43, eps_nu=5.901e-04, P_hv=2.532e-06, rho_mean=1.000000, p_mean=0.715482, div_rms=1.203e-01, vort_rms=8.725e-01, mass_err=-1.866e-10
step= 77500, t=67.727849, dt=8.664e-04, KE=3.111609e-02, Mt=0.2508, A_K=0.062, Cuv=-0.316, P_in=1.331e-03, P_tgt=1.377e-03, A_F=0.131, K_low=0.082, P_drag=-5.062e-04, P_cool=-6.026e-04, WENO=0.064, ReL2D=131.43, eps_nu=5.877e-04, P_hv=2.614e-06, rho_mean=1.000000, p_mean=0.715491, div_rms=1.210e-01, vort_rms=8.705e-01, mass_err=-1.878e-10
step= 78000, t=68.156263, dt=8.560e-04, KE=3.106171e-02, Mt=0.2509, A_K=0.038, Cuv=-0.305, P_in=1.348e-03, P_tgt=1.355e-03, A_F=0.064, K_low=0.083, P_drag=-5.128e-04, P_cool=-6.343e-04, WENO=0.062, ReL2D=128.97, eps_nu=5.839e-04, P_hv=2.591e-06, rho_mean=1.000000, p_mean=0.715554, div_rms=1.139e-01, vort_rms=8.689e-01, mass_err=-1.890e-10
step= 78500, t=68.586731, dt=8.653e-04, KE=3.115018e-02, Mt=0.2513, A_K=0.011, Cuv=-0.270, P_in=1.313e-03, P_tgt=1.326e-03, A_F=0.006, K_low=0.085, P_drag=-5.294e-04, P_cool=-6.327e-04, WENO=0.067, ReL2D=128.66, eps_nu=5.789e-04, P_hv=2.455e-06, rho_mean=1.000000, p_mean=0.715551, div_rms=1.126e-01, vort_rms=8.653e-01, mass_err=-1.902e-10
step= 79000, t=69.017173, dt=8.596e-04, KE=3.134411e-02, Mt=0.2519, A_K=0.003, Cuv=-0.242, P_in=1.275e-03, P_tgt=1.285e-03, A_F=0.224, K_low=0.089, P_drag=-5.560e-04, P_cool=-6.065e-04, WENO=0.069, ReL2D=129.32, eps_nu=5.764e-04, P_hv=2.382e-06, rho_mean=1.000000, p_mean=0.715499, div_rms=1.170e-01, vort_rms=8.626e-01, mass_err=-1.914e-10
step= 79500, t=69.452224, dt=8.864e-04, KE=3.150275e-02, Mt=0.2525, A_K=0.020, Cuv=-0.225, P_in=1.251e-03, P_tgt=1.230e-03, A_F=0.045, K_low=0.093, P_drag=-5.797e-04, P_cool=-5.830e-04, WENO=0.065, ReL2D=128.11, eps_nu=5.755e-04, P_hv=2.344e-06, rho_mean=1.000000, p_mean=0.715452, div_rms=1.164e-01, vort_rms=8.621e-01, mass_err=-1.926e-10
step= 80000, t=69.894424, dt=8.829e-04, KE=3.158405e-02, Mt=0.2523, A_K=0.027, Cuv=-0.194, P_in=1.185e-03, P_tgt=1.172e-03, A_F=0.023, K_low=0.097, P_drag=-6.059e-04, P_cool=-5.706e-04, WENO=0.050, ReL2D=126.73, eps_nu=5.850e-04, P_hv=2.305e-06, rho_mean=1.000000, p_mean=0.715427, div_rms=1.165e-01, vort_rms=8.693e-01, mass_err=-1.938e-10
saved snapshot: results/hit2d/conservative_hv_audit_Mt0p25_ReL120_N256/mn0p001_CFL0p10/hit2d_step0080000.npz
step= 80120, t=70.000000, dt=5.368e-04, KE=3.156366e-02, Mt=0.2521, A_K=0.028, Cuv=-0.186, P_in=1.175e-03, P_tgt=1.160e-03, A_F=0.136, K_low=0.098, P_drag=-6.137e-04, P_cool=-5.744e-04, WENO=0.054, ReL2D=126.89, eps_nu=5.854e-04, P_hv=2.414e-06, rho_mean=1.000000, p_mean=0.715435, div_rms=1.172e-01, vort_rms=8.695e-01, mass_err=-1.941e-10
saved snapshot: results/hit2d/conservative_hv_audit_Mt0p25_ReL120_N256/mn0p001_CFL0p10/hit2d_step0080120.npz
completed 2D HIT run at t=70.000000 in 80120 steps
Post-processing mn0p001_CFL0p10
/home/fatienza/github/HIT_Solver/2D/hit2d_viewer.py:405: UserWarning: No artists with labels found to put in legend.  Note that artists whose label start with an underscore are ignored when legend() is called with no argument.
  ax.legend()
saved HIT diagnostic field plot: results/hit2d/conservative_hv_audit_Mt0p25_ReL120_N256/mn0p001_CFL0p10/postprocess/hit2d_physics_fields.png
saved HIT history plot: results/hit2d/conservative_hv_audit_Mt0p25_ReL120_N256/mn0p001_CFL0p10/postprocess/hit2d_history.png
saved isotropy diagnostics: results/hit2d/conservative_hv_audit_Mt0p25_ReL120_N256/mn0p001_CFL0p10/isotropy_diagnostics.npz
selected interval: t=[26.2059, 61.1975], Neddy=[4.1699, 9.75297], snapshots=9
turnover reference length: L_ref=1.570796e+00
isotropy mismatch: E_LL=1.821921e-01 (normalized=4.318041e-01), E_NN=1.819358e-01 (normalized=4.860621e-01)
selected means: K=3.088515e-02, Mt=2.503879e-01, A_K=1.830248e-01, C_uv=-3.596537e-02
saved isotropy plot: results/hit2d/conservative_hv_audit_Mt0p25_ReL120_N256/mn0p001_CFL0p10/postprocess/stationarity_K_Mt.png
saved isotropy plot: results/hit2d/conservative_hv_audit_Mt0p25_ReL120_N256/mn0p001_CFL0p10/postprocess/directional_isotropy_correlations.png
saved isotropy plot: results/hit2d/conservative_hv_audit_Mt0p25_ReL120_N256/mn0p001_CFL0p10/postprocess/component_energy_anisotropy.png
saved spectra diagnostics: results/hit2d/conservative_hv_audit_Mt0p25_ReL120_N256/mn0p001_CFL0p10/spectra_diagnostics.npz
saved spectra plot: results/hit2d/conservative_hv_audit_Mt0p25_ReL120_N256/mn0p001_CFL0p10/postprocess/energy_enstrophy_spectra.png
cutoff ratios: energy=0.000e+00, enstrophy=1.727e+00
spectral checks: Parseval=0.000e+00, Helmholtz closure=4.024e-16, <chi_d>=1.156e-02
saved PDF diagnostics: results/hit2d/conservative_hv_audit_Mt0p25_ReL120_N256/mn0p001_CFL0p10/pdf_diagnostics.npz
saved PDF plot: results/hit2d/conservative_hv_audit_Mt0p25_ReL120_N256/mn0p001_CFL0p10/postprocess/one_point_pdfs.png
PDF moments: S_theta=-5.915e-01, F_theta=6.707e+00, S_omega=-2.371e-02, F_omega=3.187e+00

------------------------------------------------------------
Starting mn0p002_CFL0p10 at Sun Aug  9 07:36:24 PM CEST 2026
mn=0.002 CFL=0.10 mode=conservative_flux interval=5
------------------------------------------------------------
Using array backend: cupy
saved run configuration: results/hit2d/conservative_hv_audit_Mt0p25_ReL120_N256/mn0p002_CFL0p10/config.json
resolved initial Re_lambda_2d=120.000000 with dynamic viscosity=7.560701e-04
step=     0, t=0.000000, dt=0.000e+00, KE=3.125000e-02, Mt=0.2500, A_K=0.000, Cuv=0.000, P_in=0.000e+00, P_tgt=0.000e+00, A_F=0.000, K_low=0.000, P_drag=0.000e+00, P_cool=0.000e+00, WENO=0.018, ReL2D=120.00, eps_nu=7.186e-04, P_hv=0.000e+00, rho_mean=1.000000, p_mean=0.714286, div_rms=6.115e-15, vort_rms=9.749e-01, mass_err=0.000e+00
step=   500, t=0.442876, dt=8.892e-04, KE=3.043761e-02, Mt=0.2474, A_K=0.003, Cuv=-0.012, P_in=1.013e-03, P_tgt=1.013e-03, A_F=0.175, K_low=0.004, P_drag=-2.295e-05, P_cool=-2.458e-04, WENO=0.017, ReL2D=118.58, eps_nu=7.097e-04, P_hv=2.516e-06, rho_mean=1.000000, p_mean=0.714777, div_rms=1.170e-01, vort_rms=9.594e-01, mass_err=-1.215e-12
step=  1000, t=0.892064, dt=9.065e-04, KE=3.008257e-02, Mt=0.2480, A_K=0.005, Cuv=-0.043, P_in=1.045e-03, P_tgt=1.077e-03, A_F=0.034, K_low=0.007, P_drag=-3.894e-05, P_cool=-3.764e-04, WENO=0.039, ReL2D=121.34, eps_nu=7.232e-04, P_hv=2.624e-06, rho_mean=1.000000, p_mean=0.715039, div_rms=1.351e-01, vort_rms=9.655e-01, mass_err=-2.430e-12
step=  1500, t=1.345076, dt=8.978e-04, KE=3.060967e-02, Mt=0.2494, A_K=0.015, Cuv=-0.025, P_in=1.111e-03, P_tgt=1.092e-03, A_F=0.020, K_low=0.006, P_drag=-3.403e-05, P_cool=-3.667e-04, WENO=0.059, ReL2D=122.09, eps_nu=7.295e-04, P_hv=2.667e-06, rho_mean=1.000000, p_mean=0.715019, div_rms=1.205e-01, vort_rms=9.724e-01, mass_err=-3.638e-12
step=  2000, t=1.794423, dt=8.909e-04, KE=3.080728e-02, Mt=0.2500, A_K=0.034, Cuv=0.006, P_in=1.113e-03, P_tgt=1.100e-03, A_F=0.109, K_low=0.008, P_drag=-4.599e-05, P_cool=-3.898e-04, WENO=0.050, ReL2D=124.08, eps_nu=7.458e-04, P_hv=2.858e-06, rho_mean=1.000000, p_mean=0.715065, div_rms=1.296e-01, vort_rms=9.819e-01, mass_err=-4.853e-12
step=  2500, t=2.237272, dt=8.878e-04, KE=3.101319e-02, Mt=0.2506, A_K=0.038, Cuv=-0.012, P_in=1.086e-03, P_tgt=1.093e-03, A_F=0.098, K_low=0.010, P_drag=-6.128e-05, P_cool=-4.056e-04, WENO=0.055, ReL2D=124.41, eps_nu=7.551e-04, P_hv=3.167e-06, rho_mean=1.000000, p_mean=0.715097, div_rms=1.274e-01, vort_rms=9.885e-01, mass_err=-6.068e-12
step=  3000, t=2.683341, dt=8.960e-04, KE=3.124688e-02, Mt=0.2510, A_K=0.092, Cuv=-0.015, P_in=1.088e-03, P_tgt=1.073e-03, A_F=0.002, K_low=0.008, P_drag=-5.283e-05, P_cool=-4.143e-04, WENO=0.069, ReL2D=121.85, eps_nu=7.572e-04, P_hv=3.444e-06, rho_mean=1.000000, p_mean=0.715114, div_rms=1.277e-01, vort_rms=9.898e-01, mass_err=-7.269e-12
step=  3500, t=3.132020, dt=8.928e-04, KE=3.131279e-02, Mt=0.2513, A_K=0.135, Cuv=0.011, P_in=1.058e-03, P_tgt=1.052e-03, A_F=0.078, K_low=0.009, P_drag=-5.823e-05, P_cool=-4.527e-04, WENO=0.060, ReL2D=124.84, eps_nu=7.542e-04, P_hv=3.616e-06, rho_mean=1.000000, p_mean=0.715191, div_rms=1.293e-01, vort_rms=9.875e-01, mass_err=-8.477e-12
step=  4000, t=3.580007, dt=8.989e-04, KE=3.138578e-02, Mt=0.2520, A_K=0.166, Cuv=0.032, P_in=1.016e-03, P_tgt=1.017e-03, A_F=0.122, K_low=0.015, P_drag=-9.397e-05, P_cool=-4.825e-04, WENO=0.046, ReL2D=128.24, eps_nu=7.418e-04, P_hv=3.892e-06, rho_mean=1.000000, p_mean=0.715251, div_rms=1.263e-01, vort_rms=9.797e-01, mass_err=-9.692e-12
step=  4500, t=4.029442, dt=8.925e-04, KE=3.133636e-02, Mt=0.2520, A_K=0.193, Cuv=0.041, P_in=9.841e-04, P_tgt=9.771e-04, A_F=0.117, K_low=0.019, P_drag=-1.150e-04, P_cool=-5.274e-04, WENO=0.054, ReL2D=128.50, eps_nu=7.351e-04, P_hv=4.153e-06, rho_mean=1.000000, p_mean=0.715340, div_rms=1.252e-01, vort_rms=9.754e-01, mass_err=-1.089e-11
warning: flow component anisotropy has increased over the last three diagnostic samples
step=  5000, t=4.475876, dt=8.989e-04, KE=3.131402e-02, Mt=0.2523, A_K=0.205, Cuv=0.055, P_in=9.261e-04, P_tgt=9.359e-04, A_F=0.206, K_low=0.021, P_drag=-1.264e-04, P_cool=-5.579e-04, WENO=0.065, ReL2D=128.45, eps_nu=7.332e-04, P_hv=4.447e-06, rho_mean=1.000000, p_mean=0.715401, div_rms=1.229e-01, vort_rms=9.745e-01, mass_err=-1.211e-11
saved snapshot: results/hit2d/conservative_hv_audit_Mt0p25_ReL120_N256/mn0p002_CFL0p10/hit2d_step0005000.npz
step=  5500, t=4.931176, dt=9.232e-04, KE=3.149056e-02, Mt=0.2526, A_K=0.193, Cuv=0.084, P_in=8.931e-04, P_tgt=8.909e-04, A_F=0.100, K_low=0.026, P_drag=-1.608e-04, P_cool=-5.429e-04, WENO=0.062, ReL2D=130.62, eps_nu=7.304e-04, P_hv=4.477e-06, rho_mean=1.000000, p_mean=0.715372, div_rms=1.269e-01, vort_rms=9.719e-01, mass_err=-1.332e-11
step=  6000, t=5.392811, dt=9.142e-04, KE=3.149337e-02, Mt=0.2522, A_K=0.155, Cuv=0.065, P_in=8.518e-04, P_tgt=8.489e-04, A_F=0.211, K_low=0.030, P_drag=-1.901e-04, P_cool=-5.556e-04, WENO=0.065, ReL2D=132.20, eps_nu=7.223e-04, P_hv=4.648e-06, rho_mean=1.000000, p_mean=0.715397, div_rms=1.180e-01, vort_rms=9.679e-01, mass_err=-1.453e-11
step=  6500, t=5.841985, dt=8.856e-04, KE=3.148595e-02, Mt=0.2521, A_K=0.136, Cuv=0.039, P_in=8.115e-04, P_tgt=8.128e-04, A_F=0.162, K_low=0.031, P_drag=-1.972e-04, P_cool=-5.647e-04, WENO=0.067, ReL2D=129.74, eps_nu=7.166e-04, P_hv=4.996e-06, rho_mean=1.000000, p_mean=0.715415, div_rms=1.311e-01, vort_rms=9.617e-01, mass_err=-1.575e-11
step=  7000, t=6.288882, dt=9.100e-04, KE=3.144291e-02, Mt=0.2520, A_K=0.116, Cuv=0.070, P_in=7.891e-04, P_tgt=7.826e-04, A_F=0.061, K_low=0.035, P_drag=-2.241e-04, P_cool=-5.745e-04, WENO=0.056, ReL2D=130.22, eps_nu=7.089e-04, P_hv=5.082e-06, rho_mean=1.000000, p_mean=0.715435, div_rms=1.298e-01, vort_rms=9.566e-01, mass_err=-1.695e-11
step=  7500, t=6.747714, dt=9.116e-04, KE=3.144743e-02, Mt=0.2520, A_K=0.075, Cuv=0.081, P_in=7.508e-04, P_tgt=7.518e-04, A_F=0.057, K_low=0.044, P_drag=-2.723e-04, P_cool=-5.691e-04, WENO=0.071, ReL2D=129.30, eps_nu=6.962e-04, P_hv=4.947e-06, rho_mean=1.000000, p_mean=0.715424, div_rms=1.265e-01, vort_rms=9.484e-01, mass_err=-1.816e-11
step=  8000, t=7.196488, dt=8.912e-04, KE=3.121587e-02, Mt=0.2521, A_K=0.046, Cuv=0.041, P_in=7.218e-04, P_tgt=7.207e-04, A_F=0.230, K_low=0.051, P_drag=-3.092e-04, P_cool=-6.030e-04, WENO=0.060, ReL2D=127.80, eps_nu=6.894e-04, P_hv=4.974e-06, rho_mean=1.000000, p_mean=0.715492, div_rms=1.305e-01, vort_rms=9.429e-01, mass_err=-1.938e-11
step=  8500, t=7.639888, dt=8.848e-04, KE=3.085422e-02, Mt=0.2504, A_K=0.024, Cuv=0.022, P_in=7.029e-04, P_tgt=7.011e-04, A_F=0.041, K_low=0.055, P_drag=-3.390e-04, P_cool=-6.536e-04, WENO=0.051, ReL2D=124.54, eps_nu=6.755e-04, P_hv=5.092e-06, rho_mean=1.000000, p_mean=0.715593, div_rms=1.213e-01, vort_rms=9.348e-01, mass_err=-2.059e-11
step=  9000, t=8.088038, dt=8.953e-04, KE=3.086500e-02, Mt=0.2499, A_K=0.001, Cuv=0.041, P_in=6.725e-04, P_tgt=7.011e-04, A_F=0.169, K_low=0.062, P_drag=-3.825e-04, P_cool=-6.243e-04, WENO=0.055, ReL2D=124.13, eps_nu=6.675e-04, P_hv=5.136e-06, rho_mean=1.000000, p_mean=0.715534, div_rms=1.162e-01, vort_rms=9.299e-01, mass_err=-2.181e-11
step=  9500, t=8.530146, dt=8.813e-04, KE=3.095170e-02, Mt=0.2499, A_K=0.029, Cuv=0.060, P_in=7.107e-04, P_tgt=7.015e-04, A_F=0.030, K_low=0.068, P_drag=-4.157e-04, P_cool=-5.818e-04, WENO=0.078, ReL2D=122.26, eps_nu=6.613e-04, P_hv=5.105e-06, rho_mean=1.000000, p_mean=0.715449, div_rms=1.215e-01, vort_rms=9.247e-01, mass_err=-2.301e-11
step= 10000, t=8.969224, dt=8.733e-04, KE=3.085347e-02, Mt=0.2495, A_K=0.006, Cuv=0.054, P_in=7.099e-04, P_tgt=7.046e-04, A_F=0.005, K_low=0.072, P_drag=-4.408e-04, P_cool=-5.752e-04, WENO=0.084, ReL2D=120.81, eps_nu=6.550e-04, P_hv=5.013e-06, rho_mean=1.000000, p_mean=0.715436, div_rms=1.272e-01, vort_rms=9.191e-01, mass_err=-2.422e-11
saved snapshot: results/hit2d/conservative_hv_audit_Mt0p25_ReL120_N256/mn0p002_CFL0p10/hit2d_step0010000.npz
step= 10500, t=9.407249, dt=8.805e-04, KE=3.060383e-02, Mt=0.2483, A_K=0.007, Cuv=0.049, P_in=7.178e-04, P_tgt=7.216e-04, A_F=0.064, K_low=0.078, P_drag=-4.761e-04, P_cool=-5.979e-04, WENO=0.074, ReL2D=118.86, eps_nu=6.483e-04, P_hv=4.926e-06, rho_mean=1.000000, p_mean=0.715481, div_rms=1.168e-01, vort_rms=9.161e-01, mass_err=-2.543e-11
step= 11000, t=9.847046, dt=8.726e-04, KE=3.045546e-02, Mt=0.2482, A_K=0.024, Cuv=0.043, P_in=7.418e-04, P_tgt=7.454e-04, A_F=0.200, K_low=0.085, P_drag=-5.147e-04, P_cool=-6.050e-04, WENO=0.059, ReL2D=116.29, eps_nu=6.430e-04, P_hv=5.267e-06, rho_mean=1.000000, p_mean=0.715496, div_rms=1.180e-01, vort_rms=9.121e-01, mass_err=-2.664e-11
step= 11500, t=10.278818, dt=8.585e-04, KE=3.026221e-02, Mt=0.2475, A_K=0.023, Cuv=0.023, P_in=7.825e-04, P_tgt=7.795e-04, A_F=0.104, K_low=0.090, P_drag=-5.369e-04, P_cool=-6.112e-04, WENO=0.059, ReL2D=115.68, eps_nu=6.358e-04, P_hv=5.388e-06, rho_mean=1.000000, p_mean=0.715508, div_rms=1.234e-01, vort_rms=9.059e-01, mass_err=-2.785e-11
step= 12000, t=10.706109, dt=8.501e-04, KE=2.995862e-02, Mt=0.2467, A_K=0.016, Cuv=0.041, P_in=8.431e-04, P_tgt=8.267e-04, A_F=0.106, K_low=0.092, P_drag=-5.408e-04, P_cool=-6.411e-04, WENO=0.061, ReL2D=116.91, eps_nu=6.279e-04, P_hv=5.435e-06, rho_mean=1.000000, p_mean=0.715568, div_rms=1.194e-01, vort_rms=9.008e-01, mass_err=-2.906e-11
step= 12500, t=11.134168, dt=8.554e-04, KE=2.977180e-02, Mt=0.2462, A_K=0.071, Cuv=0.074, P_in=9.029e-04, P_tgt=8.899e-04, A_F=0.148, K_low=0.092, P_drag=-5.408e-04, P_cool=-6.547e-04, WENO=0.072, ReL2D=119.78, eps_nu=6.229e-04, P_hv=5.431e-06, rho_mean=1.000000, p_mean=0.715595, div_rms=1.179e-01, vort_rms=8.974e-01, mass_err=-3.028e-11
step= 13000, t=11.563522, dt=8.626e-04, KE=2.981281e-02, Mt=0.2460, A_K=0.118, Cuv=0.112, P_in=9.662e-04, P_tgt=9.637e-04, A_F=0.020, K_low=0.091, P_drag=-5.369e-04, P_cool=-6.248e-04, WENO=0.072, ReL2D=121.41, eps_nu=6.179e-04, P_hv=5.308e-06, rho_mean=1.000000, p_mean=0.715535, div_rms=1.210e-01, vort_rms=8.931e-01, mass_err=-3.148e-11
step= 13500, t=11.993693, dt=8.536e-04, KE=2.980018e-02, Mt=0.2455, A_K=0.129, Cuv=0.108, P_in=1.068e-03, P_tgt=1.052e-03, A_F=0.185, K_low=0.088, P_drag=-5.185e-04, P_cool=-6.155e-04, WENO=0.079, ReL2D=119.88, eps_nu=6.178e-04, P_hv=5.131e-06, rho_mean=1.000000, p_mean=0.715517, div_rms=1.198e-01, vort_rms=8.933e-01, mass_err=-3.270e-11
step= 14000, t=12.416029, dt=8.369e-04, KE=2.968987e-02, Mt=0.2451, A_K=0.105, Cuv=0.130, P_in=1.161e-03, P_tgt=1.163e-03, A_F=0.161, K_low=0.087, P_drag=-5.096e-04, P_cool=-6.348e-04, WENO=0.059, ReL2D=119.95, eps_nu=6.115e-04, P_hv=5.306e-06, rho_mean=1.000000, p_mean=0.715555, div_rms=1.151e-01, vort_rms=8.895e-01, mass_err=-3.391e-11
step= 14500, t=12.834832, dt=8.334e-04, KE=2.967001e-02, Mt=0.2458, A_K=0.084, Cuv=0.174, P_in=1.273e-03, P_tgt=1.279e-03, A_F=0.039, K_low=0.088, P_drag=-5.142e-04, P_cool=-6.446e-04, WENO=0.042, ReL2D=120.43, eps_nu=6.057e-04, P_hv=5.414e-06, rho_mean=1.000000, p_mean=0.715575, div_rms=1.214e-01, vort_rms=8.840e-01, mass_err=-3.512e-11
step= 15000, t=13.253596, dt=8.471e-04, KE=2.955634e-02, Mt=0.2459, A_K=0.108, Cuv=0.201, P_in=1.382e-03, P_tgt=1.392e-03, A_F=0.238, K_low=0.088, P_drag=-5.048e-04, P_cool=-6.814e-04, WENO=0.049, ReL2D=119.92, eps_nu=6.043e-04, P_hv=5.232e-06, rho_mean=1.000000, p_mean=0.715649, div_rms=1.196e-01, vort_rms=8.833e-01, mass_err=-3.634e-11
saved snapshot: results/hit2d/conservative_hv_audit_Mt0p25_ReL120_N256/mn0p002_CFL0p10/hit2d_step0015000.npz
step= 15500, t=13.683485, dt=8.753e-04, KE=2.964706e-02, Mt=0.2464, A_K=0.144, Cuv=0.222, P_in=1.505e-03, P_tgt=1.508e-03, A_F=0.053, K_low=0.083, P_drag=-4.802e-04, P_cool=-6.863e-04, WENO=0.046, ReL2D=121.37, eps_nu=6.051e-04, P_hv=5.022e-06, rho_mean=1.000000, p_mean=0.715658, div_rms=1.222e-01, vort_rms=8.834e-01, mass_err=-3.755e-11
step= 16000, t=14.120590, dt=8.770e-04, KE=3.000997e-02, Mt=0.2473, A_K=0.152, Cuv=0.230, P_in=1.611e-03, P_tgt=1.611e-03, A_F=0.225, K_low=0.080, P_drag=-4.728e-04, P_cool=-6.499e-04, WENO=0.072, ReL2D=122.41, eps_nu=6.039e-04, P_hv=4.807e-06, rho_mean=1.000000, p_mean=0.715586, div_rms=1.189e-01, vort_rms=8.831e-01, mass_err=-3.877e-11
step= 16500, t=14.547182, dt=8.289e-04, KE=3.046427e-02, Mt=0.2485, A_K=0.145, Cuv=0.256, P_in=1.672e-03, P_tgt=1.680e-03, A_F=0.082, K_low=0.080, P_drag=-4.799e-04, P_cool=-6.061e-04, WENO=0.061, ReL2D=121.75, eps_nu=6.079e-04, P_hv=4.679e-06, rho_mean=1.000000, p_mean=0.715498, div_rms=1.239e-01, vort_rms=8.852e-01, mass_err=-3.998e-11
step= 17000, t=14.957929, dt=8.212e-04, KE=3.059558e-02, Mt=0.2492, A_K=0.135, Cuv=0.290, P_in=1.705e-03, P_tgt=1.719e-03, A_F=0.138, K_low=0.079, P_drag=-4.743e-04, P_cool=-6.300e-04, WENO=0.057, ReL2D=122.32, eps_nu=6.065e-04, P_hv=4.843e-06, rho_mean=1.000000, p_mean=0.715546, div_rms=1.191e-01, vort_rms=8.850e-01, mass_err=-4.119e-11
step= 17500, t=15.374563, dt=8.398e-04, KE=3.087557e-02, Mt=0.2505, A_K=0.135, Cuv=0.317, P_in=1.706e-03, P_tgt=1.725e-03, A_F=0.098, K_low=0.079, P_drag=-4.744e-04, P_cool=-6.258e-04, WENO=0.069, ReL2D=123.07, eps_nu=6.105e-04, P_hv=4.883e-06, rho_mean=1.000000, p_mean=0.715537, div_rms=1.213e-01, vort_rms=8.876e-01, mass_err=-4.241e-11
step= 18000, t=15.792051, dt=8.334e-04, KE=3.119811e-02, Mt=0.2510, A_K=0.128, Cuv=0.327, P_in=1.700e-03, P_tgt=1.699e-03, A_F=0.009, K_low=0.080, P_drag=-4.880e-04, P_cool=-6.127e-04, WENO=0.071, ReL2D=123.00, eps_nu=6.103e-04, P_hv=4.898e-06, rho_mean=1.000000, p_mean=0.715511, div_rms=1.146e-01, vort_rms=8.887e-01, mass_err=-4.362e-11
step= 18500, t=16.215176, dt=8.559e-04, KE=3.154899e-02, Mt=0.2526, A_K=0.138, Cuv=0.303, P_in=1.617e-03, P_tgt=1.642e-03, A_F=0.257, K_low=0.080, P_drag=-4.970e-04, P_cool=-5.923e-04, WENO=0.073, ReL2D=125.37, eps_nu=6.165e-04, P_hv=4.909e-06, rho_mean=1.000000, p_mean=0.715470, div_rms=1.233e-01, vort_rms=8.917e-01, mass_err=-4.484e-11
step= 19000, t=16.647033, dt=8.757e-04, KE=3.172192e-02, Mt=0.2535, A_K=0.159, Cuv=0.267, P_in=1.535e-03, P_tgt=1.546e-03, A_F=0.101, K_low=0.081, P_drag=-5.004e-04, P_cool=-6.009e-04, WENO=0.078, ReL2D=130.10, eps_nu=6.149e-04, P_hv=4.793e-06, rho_mean=1.000000, p_mean=0.715488, div_rms=1.127e-01, vort_rms=8.924e-01, mass_err=-4.604e-11
step= 19500, t=17.085522, dt=8.676e-04, KE=3.196328e-02, Mt=0.2539, A_K=0.171, Cuv=0.247, P_in=1.422e-03, P_tgt=1.437e-03, A_F=0.073, K_low=0.083, P_drag=-5.223e-04, P_cool=-5.868e-04, WENO=0.070, ReL2D=131.63, eps_nu=6.192e-04, P_hv=4.653e-06, rho_mean=1.000000, p_mean=0.715459, div_rms=1.169e-01, vort_rms=8.948e-01, mass_err=-4.727e-11
step= 20000, t=17.516043, dt=8.665e-04, KE=3.203963e-02, Mt=0.2545, A_K=0.178, Cuv=0.238, P_in=1.327e-03, P_tgt=1.323e-03, A_F=0.151, K_low=0.088, P_drag=-5.583e-04, P_cool=-5.936e-04, WENO=0.062, ReL2D=129.94, eps_nu=6.197e-04, P_hv=4.786e-06, rho_mean=1.000000, p_mean=0.715473, div_rms=1.223e-01, vort_rms=8.942e-01, mass_err=-4.848e-11
saved snapshot: results/hit2d/conservative_hv_audit_Mt0p25_ReL120_N256/mn0p002_CFL0p10/hit2d_step0020000.npz
step= 20500, t=17.950700, dt=8.620e-04, KE=3.185508e-02, Mt=0.2541, A_K=0.172, Cuv=0.223, P_in=1.226e-03, P_tgt=1.216e-03, A_F=0.003, K_low=0.094, P_drag=-5.921e-04, P_cool=-6.371e-04, WENO=0.064, ReL2D=129.08, eps_nu=6.141e-04, P_hv=4.637e-06, rho_mean=1.000000, p_mean=0.715560, div_rms=1.126e-01, vort_rms=8.918e-01, mass_err=-4.968e-11
step= 21000, t=18.380233, dt=8.590e-04, KE=3.180737e-02, Mt=0.2536, A_K=0.148, Cuv=0.220, P_in=1.120e-03, P_tgt=1.127e-03, A_F=0.121, K_low=0.099, P_drag=-6.226e-04, P_cool=-6.403e-04, WENO=0.058, ReL2D=127.06, eps_nu=6.172e-04, P_hv=4.638e-06, rho_mean=1.000000, p_mean=0.715566, div_rms=1.207e-01, vort_rms=8.927e-01, mass_err=-5.088e-11
step= 21500, t=18.816425, dt=8.791e-04, KE=3.167627e-02, Mt=0.2529, A_K=0.125, Cuv=0.203, P_in=1.057e-03, P_tgt=1.059e-03, A_F=0.137, K_low=0.107, P_drag=-6.680e-04, P_cool=-6.494e-04, WENO=0.061, ReL2D=126.00, eps_nu=6.170e-04, P_hv=4.601e-06, rho_mean=1.000000, p_mean=0.715584, div_rms=1.120e-01, vort_rms=8.941e-01, mass_err=-5.210e-11
step= 22000, t=19.253093, dt=8.747e-04, KE=3.170381e-02, Mt=0.2529, A_K=0.146, Cuv=0.154, P_in=1.006e-03, P_tgt=1.000e-03, A_F=0.095, K_low=0.115, P_drag=-7.254e-04, P_cool=-6.174e-04, WENO=0.061, ReL2D=125.19, eps_nu=6.160e-04, P_hv=4.757e-06, rho_mean=1.000000, p_mean=0.715520, div_rms=1.148e-01, vort_rms=8.928e-01, mass_err=-5.331e-11
step= 22500, t=19.692152, dt=8.805e-04, KE=3.164859e-02, Mt=0.2526, A_K=0.177, Cuv=0.108, P_in=9.434e-04, P_tgt=9.464e-04, A_F=0.140, K_low=0.123, P_drag=-7.753e-04, P_cool=-5.949e-04, WENO=0.056, ReL2D=125.27, eps_nu=6.137e-04, P_hv=4.691e-06, rho_mean=1.000000, p_mean=0.715475, div_rms=1.105e-01, vort_rms=8.918e-01, mass_err=-5.452e-11
step= 23000, t=20.134698, dt=8.863e-04, KE=3.154128e-02, Mt=0.2523, A_K=0.171, Cuv=0.096, P_in=9.031e-04, P_tgt=9.028e-04, A_F=0.072, K_low=0.132, P_drag=-8.266e-04, P_cool=-5.763e-04, WENO=0.056, ReL2D=123.58, eps_nu=6.128e-04, P_hv=4.692e-06, rho_mean=1.000000, p_mean=0.715438, div_rms=1.155e-01, vort_rms=8.904e-01, mass_err=-5.573e-11
step= 23500, t=20.574066, dt=8.746e-04, KE=3.116084e-02, Mt=0.2510, A_K=0.153, Cuv=0.079, P_in=8.720e-04, P_tgt=8.725e-04, A_F=0.086, K_low=0.142, P_drag=-8.688e-04, P_cool=-6.041e-04, WENO=0.051, ReL2D=126.63, eps_nu=6.057e-04, P_hv=4.783e-06, rho_mean=1.000000, p_mean=0.715494, div_rms=1.061e-01, vort_rms=8.866e-01, mass_err=-5.694e-11
step= 24000, t=21.007019, dt=8.580e-04, KE=3.067520e-02, Mt=0.2493, A_K=0.077, Cuv=0.029, P_in=8.789e-04, P_tgt=8.689e-04, A_F=0.053, K_low=0.146, P_drag=-8.770e-04, P_cool=-6.477e-04, WENO=0.048, ReL2D=126.38, eps_nu=5.989e-04, P_hv=4.725e-06, rho_mean=1.000000, p_mean=0.715581, div_rms=1.108e-01, vort_rms=8.808e-01, mass_err=-5.816e-11
step= 24500, t=21.436115, dt=8.546e-04, KE=3.027923e-02, Mt=0.2477, A_K=0.011, Cuv=0.001, P_in=9.133e-04, P_tgt=8.970e-04, A_F=0.020, K_low=0.145, P_drag=-8.698e-04, P_cool=-6.709e-04, WENO=0.068, ReL2D=126.10, eps_nu=5.993e-04, P_hv=4.617e-06, rho_mean=1.000000, p_mean=0.715627, div_rms=1.130e-01, vort_rms=8.807e-01, mass_err=-5.936e-11
step= 25000, t=21.860544, dt=8.450e-04, KE=3.011012e-02, Mt=0.2473, A_K=0.017, Cuv=0.026, P_in=9.440e-04, P_tgt=9.467e-04, A_F=0.046, K_low=0.148, P_drag=-8.788e-04, P_cool=-6.529e-04, WENO=0.073, ReL2D=126.49, eps_nu=5.983e-04, P_hv=4.607e-06, rho_mean=1.000000, p_mean=0.715591, div_rms=1.178e-01, vort_rms=8.791e-01, mass_err=-6.057e-11
saved snapshot: results/hit2d/conservative_hv_audit_Mt0p25_ReL120_N256/mn0p002_CFL0p10/hit2d_step0025000.npz
step= 25500, t=22.284913, dt=8.570e-04, KE=3.005075e-02, Mt=0.2473, A_K=0.021, Cuv=0.006, P_in=1.008e-03, P_tgt=9.984e-04, A_F=0.091, K_low=0.148, P_drag=-8.707e-04, P_cool=-6.240e-04, WENO=0.060, ReL2D=129.03, eps_nu=5.925e-04, P_hv=4.600e-06, rho_mean=1.000000, p_mean=0.715534, div_rms=1.181e-01, vort_rms=8.747e-01, mass_err=-6.178e-11
step= 26000, t=22.714127, dt=8.554e-04, KE=2.990094e-02, Mt=0.2459, A_K=0.002, Cuv=-0.029, P_in=1.072e-03, P_tgt=1.069e-03, A_F=0.022, K_low=0.142, P_drag=-8.358e-04, P_cool=-6.165e-04, WENO=0.074, ReL2D=129.45, eps_nu=5.897e-04, P_hv=4.539e-06, rho_mean=1.000000, p_mean=0.715519, div_rms=1.190e-01, vort_rms=8.724e-01, mass_err=-6.300e-11
step= 26500, t=23.145432, dt=8.749e-04, KE=2.961672e-02, Mt=0.2447, A_K=0.043, Cuv=-0.065, P_in=1.175e-03, P_tgt=1.180e-03, A_F=0.093, K_low=0.139, P_drag=-8.144e-04, P_cool=-6.448e-04, WENO=0.054, ReL2D=127.62, eps_nu=5.850e-04, P_hv=4.539e-06, rho_mean=1.000000, p_mean=0.715575, div_rms=1.164e-01, vort_rms=8.693e-01, mass_err=-6.421e-11
step= 27000, t=23.587436, dt=8.895e-04, KE=2.957442e-02, Mt=0.2451, A_K=0.083, Cuv=-0.080, P_in=1.314e-03, P_tgt=1.314e-03, A_F=0.286, K_low=0.142, P_drag=-8.237e-04, P_cool=-6.347e-04, WENO=0.053, ReL2D=125.82, eps_nu=5.846e-04, P_hv=4.463e-06, rho_mean=1.000000, p_mean=0.715555, div_rms=1.147e-01, vort_rms=8.693e-01, mass_err=-6.542e-11
step= 27500, t=24.026498, dt=8.725e-04, KE=2.961045e-02, Mt=0.2451, A_K=0.093, Cuv=-0.041, P_in=1.441e-03, P_tgt=1.450e-03, A_F=0.013, K_low=0.146, P_drag=-8.407e-04, P_cool=-6.212e-04, WENO=0.048, ReL2D=124.82, eps_nu=5.902e-04, P_hv=4.575e-06, rho_mean=1.000000, p_mean=0.715528, div_rms=1.176e-01, vort_rms=8.731e-01, mass_err=-6.663e-11
step= 28000, t=24.462018, dt=8.669e-04, KE=2.956550e-02, Mt=0.2451, A_K=0.047, Cuv=-0.041, P_in=1.606e-03, P_tgt=1.609e-03, A_F=0.192, K_low=0.145, P_drag=-8.335e-04, P_cool=-6.357e-04, WENO=0.051, ReL2D=122.04, eps_nu=5.999e-04, P_hv=4.681e-06, rho_mean=1.000000, p_mean=0.715557, div_rms=1.174e-01, vort_rms=8.804e-01, mass_err=-6.785e-11
step= 28500, t=24.891462, dt=8.491e-04, KE=2.965744e-02, Mt=0.2455, A_K=0.001, Cuv=-0.050, P_in=1.772e-03, P_tgt=1.772e-03, A_F=0.046, K_low=0.141, P_drag=-8.197e-04, P_cool=-6.367e-04, WENO=0.082, ReL2D=121.52, eps_nu=6.013e-04, P_hv=4.914e-06, rho_mean=1.000000, p_mean=0.715559, div_rms=1.169e-01, vort_rms=8.815e-01, mass_err=-6.906e-11
step= 29000, t=25.317603, dt=8.602e-04, KE=2.999140e-02, Mt=0.2465, A_K=0.010, Cuv=-0.032, P_in=1.892e-03, P_tgt=1.922e-03, A_F=0.118, K_low=0.134, P_drag=-7.920e-04, P_cool=-6.061e-04, WENO=0.084, ReL2D=123.99, eps_nu=6.126e-04, P_hv=5.025e-06, rho_mean=1.000000, p_mean=0.715498, div_rms=1.182e-01, vort_rms=8.897e-01, mass_err=-7.028e-11
step= 29500, t=25.751445, dt=8.792e-04, KE=3.026999e-02, Mt=0.2471, A_K=0.010, Cuv=-0.045, P_in=2.076e-03, P_tgt=2.049e-03, A_F=0.173, K_low=0.124, P_drag=-7.462e-04, P_cool=-6.047e-04, WENO=0.086, ReL2D=126.22, eps_nu=6.204e-04, P_hv=5.132e-06, rho_mean=1.000000, p_mean=0.715495, div_rms=1.139e-01, vort_rms=8.962e-01, mass_err=-7.149e-11
step= 30000, t=26.196027, dt=8.886e-04, KE=3.064994e-02, Mt=0.2490, A_K=0.014, Cuv=-0.091, P_in=2.140e-03, P_tgt=2.139e-03, A_F=0.141, K_low=0.115, P_drag=-6.999e-04, P_cool=-5.974e-04, WENO=0.043, ReL2D=126.21, eps_nu=6.228e-04, P_hv=5.252e-06, rho_mean=1.000000, p_mean=0.715480, div_rms=1.211e-01, vort_rms=8.967e-01, mass_err=-7.270e-11
saved snapshot: results/hit2d/conservative_hv_audit_Mt0p25_ReL120_N256/mn0p002_CFL0p10/hit2d_step0030000.npz
step= 30500, t=26.640139, dt=8.805e-04, KE=3.103594e-02, Mt=0.2507, A_K=0.026, Cuv=-0.103, P_in=2.130e-03, P_tgt=2.138e-03, A_F=0.078, K_low=0.107, P_drag=-6.499e-04, P_cool=-5.981e-04, WENO=0.057, ReL2D=128.89, eps_nu=6.276e-04, P_hv=5.579e-06, rho_mean=1.000000, p_mean=0.715482, div_rms=1.253e-01, vort_rms=8.996e-01, mass_err=-7.392e-11
step= 31000, t=27.074376, dt=8.607e-04, KE=3.129316e-02, Mt=0.2515, A_K=0.024, Cuv=-0.107, P_in=2.087e-03, P_tgt=2.091e-03, A_F=0.185, K_low=0.096, P_drag=-5.862e-04, P_cool=-6.240e-04, WENO=0.057, ReL2D=128.73, eps_nu=6.356e-04, P_hv=5.779e-06, rho_mean=1.000000, p_mean=0.715534, div_rms=1.242e-01, vort_rms=9.056e-01, mass_err=-7.513e-11
step= 31500, t=27.500788, dt=8.492e-04, KE=3.157947e-02, Mt=0.2530, A_K=0.099, Cuv=-0.161, P_in=2.007e-03, P_tgt=2.001e-03, A_F=0.106, K_low=0.086, P_drag=-5.339e-04, P_cool=-6.401e-04, WENO=0.063, ReL2D=129.62, eps_nu=6.425e-04, P_hv=6.117e-06, rho_mean=1.000000, p_mean=0.715566, div_rms=1.240e-01, vort_rms=9.107e-01, mass_err=-7.633e-11
step= 32000, t=27.929063, dt=8.671e-04, KE=3.195975e-02, Mt=0.2544, A_K=0.170, Cuv=-0.216, P_in=1.890e-03, P_tgt=1.859e-03, A_F=0.215, K_low=0.079, P_drag=-4.990e-04, P_cool=-6.314e-04, WENO=0.061, ReL2D=131.59, eps_nu=6.505e-04, P_hv=6.235e-06, rho_mean=1.000000, p_mean=0.715548, div_rms=1.259e-01, vort_rms=9.161e-01, mass_err=-7.753e-11
warning: flow component anisotropy has increased over the last three diagnostic samples
step= 32500, t=28.363707, dt=8.616e-04, KE=3.236318e-02, Mt=0.2556, A_K=0.207, Cuv=-0.262, P_in=1.688e-03, P_tgt=1.688e-03, A_F=0.085, K_low=0.075, P_drag=-4.841e-04, P_cool=-6.092e-04, WENO=0.077, ReL2D=131.41, eps_nu=6.473e-04, P_hv=5.843e-06, rho_mean=1.000000, p_mean=0.715504, div_rms=1.308e-01, vort_rms=9.129e-01, mass_err=-7.874e-11
warning: flow component anisotropy has increased over the last three diagnostic samples
step= 33000, t=28.785872, dt=8.321e-04, KE=3.260120e-02, Mt=0.2565, A_K=0.240, Cuv=-0.284, P_in=1.498e-03, P_tgt=1.501e-03, A_F=0.123, K_low=0.072, P_drag=-4.686e-04, P_cool=-6.054e-04, WENO=0.065, ReL2D=131.21, eps_nu=6.518e-04, P_hv=5.890e-06, rho_mean=1.000000, p_mean=0.715497, div_rms=1.305e-01, vort_rms=9.162e-01, mass_err=-7.995e-11
step= 33500, t=29.201596, dt=8.314e-04, KE=3.253060e-02, Mt=0.2563, A_K=0.233, Cuv=-0.302, P_in=1.324e-03, P_tgt=1.327e-03, A_F=0.110, K_low=0.070, P_drag=-4.539e-04, P_cool=-6.470e-04, WENO=0.076, ReL2D=127.79, eps_nu=6.545e-04, P_hv=5.828e-06, rho_mean=1.000000, p_mean=0.715580, div_rms=1.277e-01, vort_rms=9.186e-01, mass_err=-8.116e-11
step= 34000, t=29.623488, dt=8.567e-04, KE=3.256133e-02, Mt=0.2570, A_K=0.233, Cuv=-0.289, P_in=1.170e-03, P_tgt=1.167e-03, A_F=0.012, K_low=0.071, P_drag=-4.503e-04, P_cool=-6.530e-04, WENO=0.055, ReL2D=126.88, eps_nu=6.532e-04, P_hv=6.056e-06, rho_mean=1.000000, p_mean=0.715592, div_rms=1.330e-01, vort_rms=9.167e-01, mass_err=-8.237e-11
warning: flow component anisotropy has increased over the last three diagnostic samples
step= 34500, t=30.056250, dt=8.672e-04, KE=3.251632e-02, Mt=0.2570, A_K=0.303, Cuv=-0.283, P_in=1.020e-03, P_tgt=1.019e-03, A_F=0.236, K_low=0.072, P_drag=-4.490e-04, P_cool=-6.608e-04, WENO=0.070, ReL2D=127.27, eps_nu=6.504e-04, P_hv=5.789e-06, rho_mean=1.000000, p_mean=0.715607, div_rms=1.267e-01, vort_rms=9.159e-01, mass_err=-8.359e-11
warning: flow component anisotropy has increased over the last three diagnostic samples
step= 35000, t=30.486933, dt=8.593e-04, KE=3.252109e-02, Mt=0.2567, A_K=0.382, Cuv=-0.289, P_in=8.919e-04, P_tgt=8.936e-04, A_F=0.047, K_low=0.070, P_drag=-4.446e-04, P_cool=-6.471e-04, WENO=0.074, ReL2D=127.46, eps_nu=6.474e-04, P_hv=5.886e-06, rho_mean=1.000000, p_mean=0.715580, div_rms=1.278e-01, vort_rms=9.135e-01, mass_err=-8.480e-11
saved snapshot: results/hit2d/conservative_hv_audit_Mt0p25_ReL120_N256/mn0p002_CFL0p10/hit2d_step0035000.npz
warning: flow component anisotropy is high (A_K=0.400)
warning: flow component anisotropy has increased over the last three diagnostic samples
step= 35500, t=30.919248, dt=8.689e-04, KE=3.261548e-02, Mt=0.2563, A_K=0.400, Cuv=-0.313, P_in=7.902e-04, P_tgt=7.892e-04, A_F=0.053, K_low=0.069, P_drag=-4.417e-04, P_cool=-6.081e-04, WENO=0.077, ReL2D=128.97, eps_nu=6.458e-04, P_hv=5.912e-06, rho_mean=1.000000, p_mean=0.715502, div_rms=1.283e-01, vort_rms=9.123e-01, mass_err=-8.601e-11
step= 36000, t=31.355277, dt=8.717e-04, KE=3.252145e-02, Mt=0.2559, A_K=0.395, Cuv=-0.288, P_in=6.992e-04, P_tgt=7.007e-04, A_F=0.008, K_low=0.069, P_drag=-4.411e-04, P_cool=-6.012e-04, WENO=0.079, ReL2D=129.91, eps_nu=6.400e-04, P_hv=5.950e-06, rho_mean=1.000000, p_mean=0.715488, div_rms=1.251e-01, vort_rms=9.087e-01, mass_err=-8.722e-11
step= 36500, t=31.795252, dt=8.881e-04, KE=3.225392e-02, Mt=0.2549, A_K=0.375, Cuv=-0.240, P_in=6.231e-04, P_tgt=6.309e-04, A_F=0.145, K_low=0.072, P_drag=-4.525e-04, P_cool=-6.202e-04, WENO=0.079, ReL2D=127.61, eps_nu=6.286e-04, P_hv=5.900e-06, rho_mean=1.000000, p_mean=0.715526, div_rms=1.243e-01, vort_rms=9.005e-01, mass_err=-8.843e-11
step= 37000, t=32.241930, dt=8.893e-04, KE=3.205209e-02, Mt=0.2544, A_K=0.332, Cuv=-0.208, P_in=5.646e-04, P_tgt=5.768e-04, A_F=0.040, K_low=0.075, P_drag=-4.679e-04, P_cool=-6.180e-04, WENO=0.078, ReL2D=127.98, eps_nu=6.138e-04, P_hv=5.774e-06, rho_mean=1.000000, p_mean=0.715522, div_rms=1.283e-01, vort_rms=8.888e-01, mass_err=-8.963e-11
step= 37500, t=32.686314, dt=8.902e-04, KE=3.175507e-02, Mt=0.2534, A_K=0.346, Cuv=-0.170, P_in=5.346e-04, P_tgt=5.344e-04, A_F=0.049, K_low=0.077, P_drag=-4.734e-04, P_cool=-6.293e-04, WENO=0.080, ReL2D=129.78, eps_nu=5.976e-04, P_hv=5.739e-06, rho_mean=1.000000, p_mean=0.715544, div_rms=1.241e-01, vort_rms=8.774e-01, mass_err=-9.084e-11
warning: flow component anisotropy has increased over the last three diagnostic samples
step= 38000, t=33.128374, dt=8.819e-04, KE=3.150969e-02, Mt=0.2519, A_K=0.400, Cuv=-0.149, P_in=4.999e-04, P_tgt=5.073e-04, A_F=0.048, K_low=0.077, P_drag=-4.715e-04, P_cool=-6.270e-04, WENO=0.086, ReL2D=129.38, eps_nu=5.850e-04, P_hv=5.741e-06, rho_mean=1.000000, p_mean=0.715540, div_rms=1.245e-01, vort_rms=8.678e-01, mass_err=-9.205e-11
warning: flow component anisotropy is high (A_K=0.430)
warning: flow component anisotropy has increased over the last three diagnostic samples
step= 38500, t=33.572456, dt=8.954e-04, KE=3.125934e-02, Mt=0.2509, A_K=0.430, Cuv=-0.124, P_in=4.840e-04, P_tgt=4.938e-04, A_F=0.043, K_low=0.076, P_drag=-4.700e-04, P_cool=-6.245e-04, WENO=0.071, ReL2D=130.69, eps_nu=5.717e-04, P_hv=5.870e-06, rho_mean=1.000000, p_mean=0.715535, div_rms=1.252e-01, vort_rms=8.575e-01, mass_err=-9.327e-11
warning: flow component anisotropy is high (A_K=0.421)
step= 39000, t=34.020408, dt=8.929e-04, KE=3.100717e-02, Mt=0.2503, A_K=0.421, Cuv=-0.076, P_in=4.863e-04, P_tgt=4.896e-04, A_F=0.331, K_low=0.078, P_drag=-4.785e-04, P_cool=-6.204e-04, WENO=0.051, ReL2D=134.19, eps_nu=5.540e-04, P_hv=5.617e-06, rho_mean=1.000000, p_mean=0.715527, div_rms=1.237e-01, vort_rms=8.440e-01, mass_err=-9.447e-11
step= 39500, t=34.471427, dt=9.088e-04, KE=3.078296e-02, Mt=0.2499, A_K=0.373, Cuv=-0.063, P_in=4.891e-04, P_tgt=4.880e-04, A_F=0.327, K_low=0.079, P_drag=-4.794e-04, P_cool=-6.105e-04, WENO=0.066, ReL2D=134.13, eps_nu=5.388e-04, P_hv=5.104e-06, rho_mean=1.000000, p_mean=0.715507, div_rms=1.176e-01, vort_rms=8.332e-01, mass_err=-9.566e-11
step= 40000, t=34.926693, dt=9.100e-04, KE=3.055714e-02, Mt=0.2488, A_K=0.305, Cuv=-0.059, P_in=4.942e-04, P_tgt=4.931e-04, A_F=0.186, K_low=0.077, P_drag=-4.625e-04, P_cool=-6.026e-04, WENO=0.054, ReL2D=132.88, eps_nu=5.268e-04, P_hv=4.787e-06, rho_mean=1.000000, p_mean=0.715491, div_rms=1.231e-01, vort_rms=8.225e-01, mass_err=-9.688e-11
saved snapshot: results/hit2d/conservative_hv_audit_Mt0p25_ReL120_N256/mn0p002_CFL0p10/hit2d_step0040000.npz
step= 40500, t=35.382106, dt=9.110e-04, KE=3.012947e-02, Mt=0.2467, A_K=0.295, Cuv=-0.016, P_in=5.164e-04, P_tgt=5.166e-04, A_F=0.063, K_low=0.075, P_drag=-4.452e-04, P_cool=-6.361e-04, WENO=0.069, ReL2D=129.90, eps_nu=5.138e-04, P_hv=4.443e-06, rho_mean=1.000000, p_mean=0.715558, div_rms=1.183e-01, vort_rms=8.129e-01, mass_err=-9.808e-11
step= 41000, t=35.834630, dt=8.864e-04, KE=3.011069e-02, Mt=0.2467, A_K=0.326, Cuv=-0.004, P_in=5.612e-04, P_tgt=5.555e-04, A_F=0.205, K_low=0.075, P_drag=-4.464e-04, P_cool=-5.918e-04, WENO=0.066, ReL2D=131.89, eps_nu=5.092e-04, P_hv=4.534e-06, rho_mean=1.000000, p_mean=0.715469, div_rms=1.262e-01, vort_rms=8.076e-01, mass_err=-9.929e-11
warning: flow component anisotropy has increased over the last three diagnostic samples
step= 41500, t=36.274464, dt=8.778e-04, KE=3.013039e-02, Mt=0.2468, A_K=0.357, Cuv=-0.019, P_in=5.969e-04, P_tgt=5.918e-04, A_F=0.407, K_low=0.077, P_drag=-4.622e-04, P_cool=-5.511e-04, WENO=0.086, ReL2D=134.20, eps_nu=4.989e-04, P_hv=4.377e-06, rho_mean=1.000000, p_mean=0.715388, div_rms=1.231e-01, vort_rms=7.998e-01, mass_err=-1.005e-10
warning: flow component anisotropy has increased over the last three diagnostic samples
step= 42000, t=36.714115, dt=8.846e-04, KE=3.003774e-02, Mt=0.2461, A_K=0.364, Cuv=-0.052, P_in=6.417e-04, P_tgt=6.372e-04, A_F=0.217, K_low=0.079, P_drag=-4.735e-04, P_cool=-5.346e-04, WENO=0.067, ReL2D=136.18, eps_nu=4.900e-04, P_hv=4.180e-06, rho_mean=1.000000, p_mean=0.715355, div_rms=1.224e-01, vort_rms=7.925e-01, mass_err=-1.017e-10
step= 42500, t=37.154628, dt=8.711e-04, KE=2.979766e-02, Mt=0.2454, A_K=0.315, Cuv=-0.075, P_in=6.819e-04, P_tgt=6.927e-04, A_F=0.071, K_low=0.080, P_drag=-4.754e-04, P_cool=-5.521e-04, WENO=0.060, ReL2D=134.88, eps_nu=4.811e-04, P_hv=4.303e-06, rho_mean=1.000000, p_mean=0.715390, div_rms=1.242e-01, vort_rms=7.847e-01, mass_err=-1.029e-10
step= 43000, t=37.590880, dt=8.796e-04, KE=2.951408e-02, Mt=0.2444, A_K=0.218, Cuv=-0.068, P_in=7.717e-04, P_tgt=7.723e-04, A_F=0.248, K_low=0.081, P_drag=-4.744e-04, P_cool=-5.810e-04, WENO=0.072, ReL2D=131.83, eps_nu=4.719e-04, P_hv=4.293e-06, rho_mean=1.000000, p_mean=0.715448, div_rms=1.182e-01, vort_rms=7.781e-01, mass_err=-1.041e-10
step= 43500, t=38.024609, dt=8.616e-04, KE=2.944596e-02, Mt=0.2441, A_K=0.176, Cuv=-0.067, P_in=8.680e-04, P_tgt=8.702e-04, A_F=0.097, K_low=0.085, P_drag=-4.934e-04, P_cool=-5.742e-04, WENO=0.079, ReL2D=130.29, eps_nu=4.651e-04, P_hv=4.158e-06, rho_mean=1.000000, p_mean=0.715434, div_rms=1.147e-01, vort_rms=7.731e-01, mass_err=-1.053e-10
step= 44000, t=38.458951, dt=8.787e-04, KE=2.951770e-02, Mt=0.2441, A_K=0.207, Cuv=-0.070, P_in=9.773e-04, P_tgt=9.843e-04, A_F=0.106, K_low=0.088, P_drag=-5.195e-04, P_cool=-5.476e-04, WENO=0.080, ReL2D=130.92, eps_nu=4.636e-04, P_hv=4.093e-06, rho_mean=1.000000, p_mean=0.715381, div_rms=1.155e-01, vort_rms=7.716e-01, mass_err=-1.065e-10
warning: flow component anisotropy has increased over the last three diagnostic samples
step= 44500, t=38.898668, dt=8.723e-04, KE=2.961516e-02, Mt=0.2446, A_K=0.247, Cuv=-0.103, P_in=1.103e-03, P_tgt=1.108e-03, A_F=0.053, K_low=0.091, P_drag=-5.430e-04, P_cool=-5.264e-04, WENO=0.072, ReL2D=132.59, eps_nu=4.650e-04, P_hv=3.793e-06, rho_mean=1.000000, p_mean=0.715339, div_rms=1.114e-01, vort_rms=7.736e-01, mass_err=-1.077e-10
step= 45000, t=39.339630, dt=8.943e-04, KE=2.966446e-02, Mt=0.2450, A_K=0.225, Cuv=-0.107, P_in=1.246e-03, P_tgt=1.229e-03, A_F=0.138, K_low=0.096, P_drag=-5.683e-04, P_cool=-5.250e-04, WENO=0.077, ReL2D=134.21, eps_nu=4.675e-04, P_hv=3.734e-06, rho_mean=1.000000, p_mean=0.715336, div_rms=1.136e-01, vort_rms=7.753e-01, mass_err=-1.090e-10
saved snapshot: results/hit2d/conservative_hv_audit_Mt0p25_ReL120_N256/mn0p002_CFL0p10/hit2d_step0045000.npz
step= 45500, t=39.785230, dt=8.899e-04, KE=2.968841e-02, Mt=0.2453, A_K=0.132, Cuv=-0.102, P_in=1.362e-03, P_tgt=1.359e-03, A_F=0.204, K_low=0.100, P_drag=-5.918e-04, P_cool=-5.367e-04, WENO=0.079, ReL2D=133.87, eps_nu=4.789e-04, P_hv=3.578e-06, rho_mean=1.000000, p_mean=0.715359, div_rms=1.154e-01, vort_rms=7.847e-01, mass_err=-1.102e-10
step= 46000, t=40.225787, dt=8.739e-04, KE=2.983704e-02, Mt=0.2455, A_K=0.036, Cuv=-0.103, P_in=1.518e-03, P_tgt=1.496e-03, A_F=0.099, K_low=0.103, P_drag=-6.145e-04, P_cool=-5.324e-04, WENO=0.057, ReL2D=132.68, eps_nu=4.865e-04, P_hv=3.590e-06, rho_mean=1.000000, p_mean=0.715350, div_rms=1.135e-01, vort_rms=7.913e-01, mass_err=-1.114e-10
step= 46500, t=40.664027, dt=8.752e-04, KE=3.005358e-02, Mt=0.2468, A_K=0.019, Cuv=-0.080, P_in=1.610e-03, P_tgt=1.618e-03, A_F=0.016, K_low=0.110, P_drag=-6.562e-04, P_cool=-5.246e-04, WENO=0.060, ReL2D=134.33, eps_nu=4.970e-04, P_hv=3.699e-06, rho_mean=1.000000, p_mean=0.715335, div_rms=1.180e-01, vort_rms=7.992e-01, mass_err=-1.126e-10
step= 47000, t=41.104213, dt=8.891e-04, KE=3.008885e-02, Mt=0.2472, A_K=0.003, Cuv=-0.042, P_in=1.715e-03, P_tgt=1.719e-03, A_F=0.106, K_low=0.119, P_drag=-7.075e-04, P_cool=-5.568e-04, WENO=0.077, ReL2D=132.10, eps_nu=5.051e-04, P_hv=3.607e-06, rho_mean=1.000000, p_mean=0.715399, div_rms=1.104e-01, vort_rms=8.073e-01, mass_err=-1.138e-10
step= 47500, t=41.553520, dt=9.061e-04, KE=3.050317e-02, Mt=0.2483, A_K=0.069, Cuv=-0.030, P_in=1.814e-03, P_tgt=1.801e-03, A_F=0.136, K_low=0.125, P_drag=-7.529e-04, P_cool=-5.180e-04, WENO=0.063, ReL2D=131.46, eps_nu=5.134e-04, P_hv=3.482e-06, rho_mean=1.000000, p_mean=0.715322, div_rms=1.131e-01, vort_rms=8.137e-01, mass_err=-1.150e-10
step= 48000, t=42.005111, dt=8.934e-04, KE=3.083206e-02, Mt=0.2492, A_K=0.086, Cuv=-0.016, P_in=1.878e-03, P_tgt=1.844e-03, A_F=0.063, K_low=0.128, P_drag=-7.906e-04, P_cool=-5.021e-04, WENO=0.054, ReL2D=134.26, eps_nu=5.241e-04, P_hv=3.370e-06, rho_mean=1.000000, p_mean=0.715290, div_rms=1.122e-01, vort_rms=8.225e-01, mass_err=-1.162e-10
step= 48500, t=42.443602, dt=8.675e-04, KE=3.093526e-02, Mt=0.2496, A_K=0.049, Cuv=0.001, P_in=1.853e-03, P_tgt=1.872e-03, A_F=0.042, K_low=0.135, P_drag=-8.361e-04, P_cool=-5.279e-04, WENO=0.068, ReL2D=136.20, eps_nu=5.302e-04, P_hv=3.584e-06, rho_mean=1.000000, p_mean=0.715341, div_rms=1.072e-01, vort_rms=8.282e-01, mass_err=-1.174e-10
step= 49000, t=42.879879, dt=8.817e-04, KE=3.116845e-02, Mt=0.2513, A_K=0.006, Cuv=0.020, P_in=1.824e-03, P_tgt=1.852e-03, A_F=0.243, K_low=0.143, P_drag=-8.806e-04, P_cool=-5.239e-04, WENO=0.064, ReL2D=135.26, eps_nu=5.401e-04, P_hv=3.589e-06, rho_mean=1.000000, p_mean=0.715333, div_rms=1.162e-01, vort_rms=8.345e-01, mass_err=-1.186e-10
step= 49500, t=43.323478, dt=8.823e-04, KE=3.122851e-02, Mt=0.2518, A_K=0.011, Cuv=0.039, P_in=1.805e-03, P_tgt=1.794e-03, A_F=0.047, K_low=0.148, P_drag=-9.151e-04, P_cool=-5.466e-04, WENO=0.070, ReL2D=134.77, eps_nu=5.469e-04, P_hv=3.542e-06, rho_mean=1.000000, p_mean=0.715379, div_rms=1.130e-01, vort_rms=8.404e-01, mass_err=-1.198e-10
step= 50000, t=43.763923, dt=8.851e-04, KE=3.143459e-02, Mt=0.2522, A_K=0.014, Cuv=0.047, P_in=1.724e-03, P_tgt=1.724e-03, A_F=0.112, K_low=0.150, P_drag=-9.437e-04, P_cool=-5.309e-04, WENO=0.054, ReL2D=134.19, eps_nu=5.512e-04, P_hv=3.575e-06, rho_mean=1.000000, p_mean=0.715348, div_rms=1.133e-01, vort_rms=8.438e-01, mass_err=-1.211e-10
saved snapshot: results/hit2d/conservative_hv_audit_Mt0p25_ReL120_N256/mn0p002_CFL0p10/hit2d_step0050000.npz
step= 50500, t=44.206874, dt=8.816e-04, KE=3.148290e-02, Mt=0.2524, A_K=0.051, Cuv=0.016, P_in=1.647e-03, P_tgt=1.646e-03, A_F=0.104, K_low=0.155, P_drag=-9.750e-04, P_cool=-5.386e-04, WENO=0.062, ReL2D=134.99, eps_nu=5.517e-04, P_hv=3.562e-06, rho_mean=1.000000, p_mean=0.715363, div_rms=1.074e-01, vort_rms=8.451e-01, mass_err=-1.223e-10
step= 51000, t=44.644702, dt=8.760e-04, KE=3.143348e-02, Mt=0.2526, A_K=0.041, Cuv=-0.013, P_in=1.560e-03, P_tgt=1.569e-03, A_F=0.034, K_low=0.159, P_drag=-9.942e-04, P_cool=-5.550e-04, WENO=0.061, ReL2D=131.00, eps_nu=5.561e-04, P_hv=3.817e-06, rho_mean=1.000000, p_mean=0.715396, div_rms=1.130e-01, vort_rms=8.476e-01, mass_err=-1.235e-10
step= 51500, t=45.089293, dt=8.830e-04, KE=3.143313e-02, Mt=0.2524, A_K=0.018, Cuv=0.001, P_in=1.487e-03, P_tgt=1.491e-03, A_F=0.181, K_low=0.157, P_drag=-9.868e-04, P_cool=-5.561e-04, WENO=0.059, ReL2D=127.28, eps_nu=5.791e-04, P_hv=3.881e-06, rho_mean=1.000000, p_mean=0.715398, div_rms=1.166e-01, vort_rms=8.647e-01, mass_err=-1.247e-10
step= 52000, t=45.525214, dt=8.661e-04, KE=3.144559e-02, Mt=0.2523, A_K=0.042, Cuv=0.008, P_in=1.412e-03, P_tgt=1.425e-03, A_F=0.279, K_low=0.155, P_drag=-9.716e-04, P_cool=-5.469e-04, WENO=0.051, ReL2D=128.56, eps_nu=5.814e-04, P_hv=4.018e-06, rho_mean=1.000000, p_mean=0.715380, div_rms=1.152e-01, vort_rms=8.667e-01, mass_err=-1.259e-10
step= 52500, t=45.956156, dt=8.486e-04, KE=3.143463e-02, Mt=0.2523, A_K=0.072, Cuv=-0.008, P_in=1.335e-03, P_tgt=1.359e-03, A_F=0.121, K_low=0.152, P_drag=-9.496e-04, P_cool=-5.404e-04, WENO=0.067, ReL2D=128.56, eps_nu=5.847e-04, P_hv=4.177e-06, rho_mean=1.000000, p_mean=0.715367, div_rms=1.171e-01, vort_rms=8.690e-01, mass_err=-1.271e-10
step= 53000, t=46.374686, dt=8.300e-04, KE=3.102371e-02, Mt=0.2510, A_K=0.049, Cuv=-0.022, P_in=1.320e-03, P_tgt=1.314e-03, A_F=0.057, K_low=0.150, P_drag=-9.263e-04, P_cool=-6.086e-04, WENO=0.051, ReL2D=126.08, eps_nu=5.820e-04, P_hv=4.451e-06, rho_mean=1.000000, p_mean=0.715503, div_rms=1.187e-01, vort_rms=8.666e-01, mass_err=-1.283e-10
step= 53500, t=46.790760, dt=8.344e-04, KE=3.089992e-02, Mt=0.2507, A_K=0.015, Cuv=-0.030, P_in=1.292e-03, P_tgt=1.296e-03, A_F=0.109, K_low=0.147, P_drag=-9.081e-04, P_cool=-6.137e-04, WENO=0.074, ReL2D=126.24, eps_nu=5.833e-04, P_hv=4.468e-06, rho_mean=1.000000, p_mean=0.715513, div_rms=1.228e-01, vort_rms=8.668e-01, mass_err=-1.295e-10
step= 54000, t=47.209849, dt=8.461e-04, KE=3.105492e-02, Mt=0.2511, A_K=0.007, Cuv=-0.063, P_in=1.271e-03, P_tgt=1.273e-03, A_F=0.024, K_low=0.144, P_drag=-9.004e-04, P_cool=-5.652e-04, WENO=0.059, ReL2D=128.36, eps_nu=5.827e-04, P_hv=4.436e-06, rho_mean=1.000000, p_mean=0.715416, div_rms=1.144e-01, vort_rms=8.679e-01, mass_err=-1.307e-10
step= 54500, t=47.632300, dt=8.394e-04, KE=3.105716e-02, Mt=0.2507, A_K=0.033, Cuv=-0.093, P_in=1.260e-03, P_tgt=1.246e-03, A_F=0.054, K_low=0.145, P_drag=-9.016e-04, P_cool=-5.485e-04, WENO=0.063, ReL2D=128.22, eps_nu=5.813e-04, P_hv=4.516e-06, rho_mean=1.000000, p_mean=0.715383, div_rms=1.191e-01, vort_rms=8.660e-01, mass_err=-1.320e-10
step= 55000, t=48.055783, dt=8.652e-04, KE=3.090838e-02, Mt=0.2497, A_K=0.024, Cuv=-0.101, P_in=1.233e-03, P_tgt=1.241e-03, A_F=0.031, K_low=0.144, P_drag=-8.937e-04, P_cool=-5.604e-04, WENO=0.064, ReL2D=126.75, eps_nu=5.872e-04, P_hv=4.534e-06, rho_mean=1.000000, p_mean=0.715407, div_rms=1.229e-01, vort_rms=8.698e-01, mass_err=-1.332e-10
saved snapshot: results/hit2d/conservative_hv_audit_Mt0p25_ReL120_N256/mn0p002_CFL0p10/hit2d_step0055000.npz
step= 55500, t=48.488083, dt=8.629e-04, KE=3.083763e-02, Mt=0.2498, A_K=0.036, Cuv=-0.130, P_in=1.252e-03, P_tgt=1.250e-03, A_F=0.105, K_low=0.143, P_drag=-8.848e-04, P_cool=-5.571e-04, WENO=0.063, ReL2D=128.14, eps_nu=5.969e-04, P_hv=4.646e-06, rho_mean=1.000000, p_mean=0.715400, div_rms=1.230e-01, vort_rms=8.771e-01, mass_err=-1.344e-10
step= 56000, t=48.925166, dt=8.877e-04, KE=3.075793e-02, Mt=0.2497, A_K=0.082, Cuv=-0.142, P_in=1.268e-03, P_tgt=1.252e-03, A_F=0.204, K_low=0.144, P_drag=-8.841e-04, P_cool=-5.573e-04, WENO=0.048, ReL2D=127.41, eps_nu=6.106e-04, P_hv=4.772e-06, rho_mean=1.000000, p_mean=0.715400, div_rms=1.301e-01, vort_rms=8.860e-01, mass_err=-1.356e-10
step= 56500, t=49.370489, dt=8.972e-04, KE=3.049123e-02, Mt=0.2484, A_K=0.091, Cuv=-0.171, P_in=1.274e-03, P_tgt=1.277e-03, A_F=0.005, K_low=0.145, P_drag=-8.790e-04, P_cool=-5.928e-04, WENO=0.055, ReL2D=125.01, eps_nu=6.093e-04, P_hv=4.774e-06, rho_mean=1.000000, p_mean=0.715471, div_rms=1.175e-01, vort_rms=8.874e-01, mass_err=-1.368e-10
step= 57000, t=49.815110, dt=8.868e-04, KE=3.048428e-02, Mt=0.2484, A_K=0.048, Cuv=-0.218, P_in=1.323e-03, P_tgt=1.319e-03, A_F=0.341, K_low=0.143, P_drag=-8.700e-04, P_cool=-5.798e-04, WENO=0.050, ReL2D=124.83, eps_nu=6.107e-04, P_hv=4.947e-06, rho_mean=1.000000, p_mean=0.715445, div_rms=1.190e-01, vort_rms=8.882e-01, mass_err=-1.380e-10
step= 57500, t=50.250576, dt=8.625e-04, KE=3.048466e-02, Mt=0.2482, A_K=0.019, Cuv=-0.244, P_in=1.359e-03, P_tgt=1.364e-03, A_F=0.243, K_low=0.140, P_drag=-8.583e-04, P_cool=-5.712e-04, WENO=0.043, ReL2D=125.51, eps_nu=6.102e-04, P_hv=5.147e-06, rho_mean=1.000000, p_mean=0.715428, div_rms=1.218e-01, vort_rms=8.873e-01, mass_err=-1.392e-10
step= 58000, t=50.682290, dt=8.593e-04, KE=3.050734e-02, Mt=0.2481, A_K=0.030, Cuv=-0.245, P_in=1.417e-03, P_tgt=1.418e-03, A_F=0.075, K_low=0.140, P_drag=-8.556e-04, P_cool=-5.641e-04, WENO=0.050, ReL2D=125.83, eps_nu=6.165e-04, P_hv=5.210e-06, rho_mean=1.000000, p_mean=0.715414, div_rms=1.148e-01, vort_rms=8.932e-01, mass_err=-1.405e-10
step= 58500, t=51.110868, dt=8.516e-04, KE=3.049629e-02, Mt=0.2483, A_K=0.033, Cuv=-0.254, P_in=1.454e-03, P_tgt=1.469e-03, A_F=0.087, K_low=0.139, P_drag=-8.500e-04, P_cool=-5.688e-04, WENO=0.058, ReL2D=123.36, eps_nu=6.214e-04, P_hv=5.222e-06, rho_mean=1.000000, p_mean=0.715423, div_rms=1.170e-01, vort_rms=8.964e-01, mass_err=-1.417e-10
step= 59000, t=51.535257, dt=8.515e-04, KE=3.031213e-02, Mt=0.2484, A_K=0.045, Cuv=-0.243, P_in=1.533e-03, P_tgt=1.520e-03, A_F=0.228, K_low=0.138, P_drag=-8.378e-04, P_cool=-6.110e-04, WENO=0.050, ReL2D=123.21, eps_nu=6.248e-04, P_hv=5.377e-06, rho_mean=1.000000, p_mean=0.715508, div_rms=1.208e-01, vort_rms=8.983e-01, mass_err=-1.429e-10
step= 59500, t=51.964108, dt=8.568e-04, KE=3.010138e-02, Mt=0.2475, A_K=0.079, Cuv=-0.239, P_in=1.580e-03, P_tgt=1.582e-03, A_F=0.081, K_low=0.136, P_drag=-8.223e-04, P_cool=-6.607e-04, WENO=0.058, ReL2D=120.95, eps_nu=6.426e-04, P_hv=5.420e-06, rho_mean=1.000000, p_mean=0.715607, div_rms=1.184e-01, vort_rms=9.117e-01, mass_err=-1.441e-10
step= 60000, t=52.387599, dt=8.423e-04, KE=3.032810e-02, Mt=0.2479, A_K=0.083, Cuv=-0.259, P_in=1.677e-03, P_tgt=1.664e-03, A_F=0.239, K_low=0.132, P_drag=-8.049e-04, P_cool=-6.289e-04, WENO=0.057, ReL2D=121.65, eps_nu=6.501e-04, P_hv=5.627e-06, rho_mean=1.000000, p_mean=0.715544, div_rms=1.185e-01, vort_rms=9.172e-01, mass_err=-1.453e-10
saved snapshot: results/hit2d/conservative_hv_audit_Mt0p25_ReL120_N256/mn0p002_CFL0p10/hit2d_step0060000.npz
step= 60500, t=52.810897, dt=8.440e-04, KE=3.055938e-02, Mt=0.2488, A_K=0.054, Cuv=-0.272, P_in=1.699e-03, P_tgt=1.718e-03, A_F=0.098, K_low=0.130, P_drag=-7.933e-04, P_cool=-6.069e-04, WENO=0.068, ReL2D=119.30, eps_nu=6.573e-04, P_hv=5.547e-06, rho_mean=1.000000, p_mean=0.715499, div_rms=1.186e-01, vort_rms=9.223e-01, mass_err=-1.465e-10
step= 61000, t=53.230121, dt=8.395e-04, KE=3.056135e-02, Mt=0.2496, A_K=0.058, Cuv=-0.271, P_in=1.752e-03, P_tgt=1.746e-03, A_F=0.153, K_low=0.129, P_drag=-7.780e-04, P_cool=-6.345e-04, WENO=0.047, ReL2D=117.31, eps_nu=6.622e-04, P_hv=5.501e-06, rho_mean=1.000000, p_mean=0.715555, div_rms=1.211e-01, vort_rms=9.254e-01, mass_err=-1.477e-10
step= 61500, t=53.648814, dt=8.341e-04, KE=3.052132e-02, Mt=0.2496, A_K=0.062, Cuv=-0.270, P_in=1.749e-03, P_tgt=1.759e-03, A_F=0.056, K_low=0.122, P_drag=-7.397e-04, P_cool=-6.709e-04, WENO=0.059, ReL2D=117.43, eps_nu=6.624e-04, P_hv=5.565e-06, rho_mean=1.000000, p_mean=0.715627, div_rms=1.196e-01, vort_rms=9.258e-01, mass_err=-1.489e-10
step= 62000, t=54.063526, dt=8.248e-04, KE=3.071956e-02, Mt=0.2501, A_K=0.081, Cuv=-0.258, P_in=1.757e-03, P_tgt=1.766e-03, A_F=0.074, K_low=0.114, P_drag=-6.951e-04, P_cool=-6.625e-04, WENO=0.061, ReL2D=117.78, eps_nu=6.669e-04, P_hv=5.465e-06, rho_mean=1.000000, p_mean=0.715611, div_rms=1.278e-01, vort_rms=9.275e-01, mass_err=-1.501e-10
step= 62500, t=54.477111, dt=8.350e-04, KE=3.093203e-02, Mt=0.2508, A_K=0.116, Cuv=-0.221, P_in=1.742e-03, P_tgt=1.749e-03, A_F=0.003, K_low=0.107, P_drag=-6.552e-04, P_cool=-6.554e-04, WENO=0.044, ReL2D=119.90, eps_nu=6.667e-04, P_hv=5.451e-06, rho_mean=1.000000, p_mean=0.715597, div_rms=1.307e-01, vort_rms=9.268e-01, mass_err=-1.513e-10
step= 63000, t=54.902014, dt=8.524e-04, KE=3.112572e-02, Mt=0.2518, A_K=0.105, Cuv=-0.217, P_in=1.705e-03, P_tgt=1.706e-03, A_F=0.004, K_low=0.102, P_drag=-6.226e-04, P_cool=-6.549e-04, WENO=0.038, ReL2D=121.83, eps_nu=6.661e-04, P_hv=5.138e-06, rho_mean=1.000000, p_mean=0.715596, div_rms=1.406e-01, vort_rms=9.245e-01, mass_err=-1.526e-10
step= 63500, t=55.322676, dt=8.296e-04, KE=3.112638e-02, Mt=0.2523, A_K=0.060, Cuv=-0.269, P_in=1.672e-03, P_tgt=1.637e-03, A_F=0.058, K_low=0.098, P_drag=-5.969e-04, P_cool=-6.880e-04, WENO=0.056, ReL2D=126.36, eps_nu=6.624e-04, P_hv=5.156e-06, rho_mean=1.000000, p_mean=0.715662, div_rms=1.410e-01, vort_rms=9.218e-01, mass_err=-1.538e-10
step= 64000, t=55.732565, dt=8.159e-04, KE=3.126429e-02, Mt=0.2528, A_K=0.009, Cuv=-0.251, P_in=1.569e-03, P_tgt=1.556e-03, A_F=0.149, K_low=0.090, P_drag=-5.555e-04, P_cool=-6.881e-04, WENO=0.054, ReL2D=128.20, eps_nu=6.709e-04, P_hv=5.118e-06, rho_mean=1.000000, p_mean=0.715662, div_rms=1.360e-01, vort_rms=9.288e-01, mass_err=-1.550e-10
step= 64500, t=56.142273, dt=8.187e-04, KE=3.137094e-02, Mt=0.2532, A_K=0.002, Cuv=-0.211, P_in=1.465e-03, P_tgt=1.468e-03, A_F=0.137, K_low=0.082, P_drag=-5.071e-04, P_cool=-6.913e-04, WENO=0.056, ReL2D=125.04, eps_nu=6.757e-04, P_hv=5.159e-06, rho_mean=1.000000, p_mean=0.715668, div_rms=1.395e-01, vort_rms=9.316e-01, mass_err=-1.562e-10
step= 65000, t=56.553535, dt=8.276e-04, KE=3.150408e-02, Mt=0.2543, A_K=0.040, Cuv=-0.175, P_in=1.337e-03, P_tgt=1.364e-03, A_F=0.079, K_low=0.077, P_drag=-4.768e-04, P_cool=-6.852e-04, WENO=0.029, ReL2D=122.32, eps_nu=6.885e-04, P_hv=5.307e-06, rho_mean=1.000000, p_mean=0.715656, div_rms=1.633e-01, vort_rms=9.354e-01, mass_err=-1.574e-10
saved snapshot: results/hit2d/conservative_hv_audit_Mt0p25_ReL120_N256/mn0p002_CFL0p10/hit2d_step0065000.npz
step= 65500, t=56.966161, dt=8.260e-04, KE=3.160596e-02, Mt=0.2547, A_K=0.061, Cuv=-0.174, P_in=1.257e-03, P_tgt=1.249e-03, A_F=0.042, K_low=0.075, P_drag=-4.654e-04, P_cool=-6.781e-04, WENO=0.028, ReL2D=121.64, eps_nu=6.941e-04, P_hv=5.456e-06, rho_mean=1.000000, p_mean=0.715642, div_rms=1.749e-01, vort_rms=9.366e-01, mass_err=-1.586e-10
step= 66000, t=57.381648, dt=8.336e-04, KE=3.140262e-02, Mt=0.2546, A_K=0.062, Cuv=-0.170, P_in=1.136e-03, P_tgt=1.140e-03, A_F=0.297, K_low=0.076, P_drag=-4.647e-04, P_cool=-7.218e-04, WENO=0.044, ReL2D=120.82, eps_nu=6.913e-04, P_hv=5.520e-06, rho_mean=1.000000, p_mean=0.715729, div_rms=1.631e-01, vort_rms=9.375e-01, mass_err=-1.599e-10
step= 66500, t=57.797946, dt=8.304e-04, KE=3.111535e-02, Mt=0.2539, A_K=0.071, Cuv=-0.141, P_in=1.056e-03, P_tgt=1.051e-03, A_F=0.008, K_low=0.077, P_drag=-4.659e-04, P_cool=-7.696e-04, WENO=0.041, ReL2D=120.17, eps_nu=6.814e-04, P_hv=5.558e-06, rho_mean=1.000000, p_mean=0.715825, div_rms=1.561e-01, vort_rms=9.321e-01, mass_err=-1.611e-10
step= 67000, t=58.210931, dt=8.242e-04, KE=3.112069e-02, Mt=0.2548, A_K=0.070, Cuv=-0.089, P_in=9.602e-04, P_tgt=9.658e-04, A_F=0.182, K_low=0.080, P_drag=-4.771e-04, P_cool=-7.499e-04, WENO=0.032, ReL2D=117.95, eps_nu=6.835e-04, P_hv=5.847e-06, rho_mean=1.000000, p_mean=0.715786, div_rms=1.678e-01, vort_rms=9.309e-01, mass_err=-1.623e-10
step= 67500, t=58.620617, dt=8.177e-04, KE=3.090352e-02, Mt=0.2535, A_K=0.062, Cuv=-0.063, P_in=8.860e-04, P_tgt=8.876e-04, A_F=0.046, K_low=0.083, P_drag=-4.928e-04, P_cool=-7.675e-04, WENO=0.032, ReL2D=115.96, eps_nu=6.749e-04, P_hv=6.083e-06, rho_mean=1.000000, p_mean=0.715821, div_rms=1.689e-01, vort_rms=9.245e-01, mass_err=-1.635e-10
step= 68000, t=59.033812, dt=8.332e-04, KE=3.061300e-02, Mt=0.2516, A_K=0.063, Cuv=-0.068, P_in=8.403e-04, P_tgt=8.463e-04, A_F=0.227, K_low=0.085, P_drag=-5.078e-04, P_cool=-7.909e-04, WENO=0.039, ReL2D=117.05, eps_nu=6.600e-04, P_hv=5.924e-06, rho_mean=1.000000, p_mean=0.715867, div_rms=1.531e-01, vort_rms=9.174e-01, mass_err=-1.647e-10
step= 68500, t=59.448646, dt=8.267e-04, KE=3.053851e-02, Mt=0.2518, A_K=0.064, Cuv=-0.073, P_in=8.203e-04, P_tgt=8.178e-04, A_F=0.001, K_low=0.090, P_drag=-5.345e-04, P_cool=-7.675e-04, WENO=0.035, ReL2D=118.59, eps_nu=6.550e-04, P_hv=5.802e-06, rho_mean=1.000000, p_mean=0.715821, div_rms=1.526e-01, vort_rms=9.139e-01, mass_err=-1.659e-10
step= 69000, t=59.864998, dt=8.386e-04, KE=3.034360e-02, Mt=0.2516, A_K=0.060, Cuv=-0.053, P_in=7.933e-04, P_tgt=7.902e-04, A_F=0.072, K_low=0.098, P_drag=-5.695e-04, P_cool=-7.640e-04, WENO=0.039, ReL2D=117.75, eps_nu=6.501e-04, P_hv=5.870e-06, rho_mean=1.000000, p_mean=0.715814, div_rms=1.528e-01, vort_rms=9.103e-01, mass_err=-1.672e-10
step= 69500, t=60.284467, dt=8.459e-04, KE=3.041560e-02, Mt=0.2513, A_K=0.058, Cuv=-0.020, P_in=7.611e-04, P_tgt=7.683e-04, A_F=0.162, K_low=0.100, P_drag=-5.908e-04, P_cool=-7.038e-04, WENO=0.043, ReL2D=118.43, eps_nu=6.421e-04, P_hv=5.620e-06, rho_mean=1.000000, p_mean=0.715693, div_rms=1.484e-01, vort_rms=9.055e-01, mass_err=-1.684e-10
step= 70000, t=60.713049, dt=8.632e-04, KE=3.042530e-02, Mt=0.2500, A_K=0.048, Cuv=0.010, P_in=7.630e-04, P_tgt=7.580e-04, A_F=0.169, K_low=0.101, P_drag=-6.037e-04, P_cool=-6.579e-04, WENO=0.062, ReL2D=121.22, eps_nu=6.314e-04, P_hv=5.293e-06, rho_mean=1.000000, p_mean=0.715601, div_rms=1.304e-01, vort_rms=9.013e-01, mass_err=-1.696e-10
saved snapshot: results/hit2d/conservative_hv_audit_Mt0p25_ReL120_N256/mn0p002_CFL0p10/hit2d_step0070000.npz
step= 70500, t=61.141154, dt=8.488e-04, KE=3.023268e-02, Mt=0.2493, A_K=0.039, Cuv=-0.004, P_in=7.652e-04, P_tgt=7.640e-04, A_F=0.081, K_low=0.103, P_drag=-6.115e-04, P_cool=-6.534e-04, WENO=0.051, ReL2D=122.95, eps_nu=6.254e-04, P_hv=4.990e-06, rho_mean=1.000000, p_mean=0.715593, div_rms=1.275e-01, vort_rms=8.975e-01, mass_err=-1.708e-10
step= 71000, t=61.561566, dt=8.415e-04, KE=2.988224e-02, Mt=0.2484, A_K=0.054, Cuv=-0.022, P_in=7.405e-04, P_tgt=7.816e-04, A_F=0.149, K_low=0.103, P_drag=-6.102e-04, P_cool=-6.821e-04, WENO=0.066, ReL2D=123.18, eps_nu=6.114e-04, P_hv=5.204e-06, rho_mean=1.000000, p_mean=0.715650, div_rms=1.281e-01, vort_rms=8.870e-01, mass_err=-1.720e-10
step= 71500, t=61.988362, dt=8.604e-04, KE=2.957101e-02, Mt=0.2473, A_K=0.080, Cuv=-0.017, P_in=8.157e-04, P_tgt=8.172e-04, A_F=0.206, K_low=0.106, P_drag=-6.173e-04, P_cool=-7.125e-04, WENO=0.064, ReL2D=123.56, eps_nu=6.135e-04, P_hv=4.993e-06, rho_mean=1.000000, p_mean=0.715711, div_rms=1.240e-01, vort_rms=8.893e-01, mass_err=-1.732e-10
step= 72000, t=62.420313, dt=8.636e-04, KE=2.961445e-02, Mt=0.2472, A_K=0.095, Cuv=0.015, P_in=8.800e-04, P_tgt=8.655e-04, A_F=0.026, K_low=0.110, P_drag=-6.342e-04, P_cool=-6.629e-04, WENO=0.056, ReL2D=123.01, eps_nu=6.205e-04, P_hv=4.954e-06, rho_mean=1.000000, p_mean=0.715612, div_rms=1.359e-01, vort_rms=8.922e-01, mass_err=-1.745e-10
step= 72500, t=62.855905, dt=8.792e-04, KE=2.945853e-02, Mt=0.2464, A_K=0.100, Cuv=0.008, P_in=9.281e-04, P_tgt=9.225e-04, A_F=0.130, K_low=0.112, P_drag=-6.469e-04, P_cool=-6.589e-04, WENO=0.062, ReL2D=122.48, eps_nu=6.131e-04, P_hv=4.799e-06, rho_mean=1.000000, p_mean=0.715604, div_rms=1.243e-01, vort_rms=8.890e-01, mass_err=-1.757e-10
step= 73000, t=63.295539, dt=8.797e-04, KE=2.928735e-02, Mt=0.2460, A_K=0.078, Cuv=0.004, P_in=1.012e-03, P_tgt=9.983e-04, A_F=0.041, K_low=0.114, P_drag=-6.578e-04, P_cool=-6.622e-04, WENO=0.064, ReL2D=121.20, eps_nu=6.026e-04, P_hv=4.499e-06, rho_mean=1.000000, p_mean=0.715610, div_rms=1.279e-01, vort_rms=8.805e-01, mass_err=-1.769e-10
step= 73500, t=63.734113, dt=8.770e-04, KE=2.911517e-02, Mt=0.2458, A_K=0.066, Cuv=0.051, P_in=1.089e-03, P_tgt=1.087e-03, A_F=0.146, K_low=0.119, P_drag=-6.734e-04, P_cool=-6.712e-04, WENO=0.046, ReL2D=120.54, eps_nu=5.989e-04, P_hv=4.490e-06, rho_mean=1.000000, p_mean=0.715628, div_rms=1.299e-01, vort_rms=8.773e-01, mass_err=-1.781e-10
step= 74000, t=64.172686, dt=8.773e-04, KE=2.899385e-02, Mt=0.2453, A_K=0.048, Cuv=0.098, P_in=1.174e-03, P_tgt=1.189e-03, A_F=0.171, K_low=0.120, P_drag=-6.734e-04, P_cool=-6.767e-04, WENO=0.063, ReL2D=121.27, eps_nu=5.978e-04, P_hv=4.500e-06, rho_mean=1.000000, p_mean=0.715639, div_rms=1.238e-01, vort_rms=8.777e-01, mass_err=-1.793e-10
step= 74500, t=64.611110, dt=8.752e-04, KE=2.895393e-02, Mt=0.2444, A_K=0.046, Cuv=0.116, P_in=1.320e-03, P_tgt=1.322e-03, A_F=0.267, K_low=0.115, P_drag=-6.572e-04, P_cool=-6.769e-04, WENO=0.065, ReL2D=120.42, eps_nu=5.910e-04, P_hv=4.429e-06, rho_mean=1.000000, p_mean=0.715640, div_rms=1.216e-01, vort_rms=8.729e-01, mass_err=-1.805e-10
step= 75000, t=65.047025, dt=8.619e-04, KE=2.911750e-02, Mt=0.2452, A_K=0.052, Cuv=0.118, P_in=1.477e-03, P_tgt=1.477e-03, A_F=0.270, K_low=0.114, P_drag=-6.496e-04, P_cool=-6.514e-04, WENO=0.054, ReL2D=118.43, eps_nu=5.955e-04, P_hv=4.442e-06, rho_mean=1.000000, p_mean=0.715588, div_rms=1.213e-01, vort_rms=8.763e-01, mass_err=-1.818e-10
saved snapshot: results/hit2d/conservative_hv_audit_Mt0p25_ReL120_N256/mn0p002_CFL0p10/hit2d_step0075000.npz
step= 75500, t=65.478501, dt=8.665e-04, KE=2.942326e-02, Mt=0.2464, A_K=0.020, Cuv=0.127, P_in=1.615e-03, P_tgt=1.610e-03, A_F=0.068, K_low=0.114, P_drag=-6.568e-04, P_cool=-6.129e-04, WENO=0.057, ReL2D=119.31, eps_nu=5.984e-04, P_hv=4.817e-06, rho_mean=1.000000, p_mean=0.715511, div_rms=1.239e-01, vort_rms=8.781e-01, mass_err=-1.830e-10
step= 76000, t=65.911850, dt=8.643e-04, KE=2.954067e-02, Mt=0.2464, A_K=0.008, Cuv=0.137, P_in=1.740e-03, P_tgt=1.729e-03, A_F=0.096, K_low=0.115, P_drag=-6.670e-04, P_cool=-6.235e-04, WENO=0.065, ReL2D=120.36, eps_nu=5.954e-04, P_hv=4.712e-06, rho_mean=1.000000, p_mean=0.715533, div_rms=1.174e-01, vort_rms=8.770e-01, mass_err=-1.842e-10
step= 76500, t=66.340729, dt=8.515e-04, KE=2.989897e-02, Mt=0.2477, A_K=0.021, Cuv=0.147, P_in=1.844e-03, P_tgt=1.845e-03, A_F=0.078, K_low=0.116, P_drag=-6.821e-04, P_cool=-5.948e-04, WENO=0.055, ReL2D=120.38, eps_nu=5.986e-04, P_hv=4.766e-06, rho_mean=1.000000, p_mean=0.715475, div_rms=1.204e-01, vort_rms=8.789e-01, mass_err=-1.854e-10
step= 77000, t=66.766905, dt=8.577e-04, KE=3.028000e-02, Mt=0.2493, A_K=0.016, Cuv=0.153, P_in=1.898e-03, P_tgt=1.893e-03, A_F=0.138, K_low=0.116, P_drag=-6.899e-04, P_cool=-5.711e-04, WENO=0.061, ReL2D=118.02, eps_nu=6.114e-04, P_hv=4.788e-06, rho_mean=1.000000, p_mean=0.715428, div_rms=1.193e-01, vort_rms=8.886e-01, mass_err=-1.866e-10
step= 77500, t=67.194887, dt=8.498e-04, KE=3.027544e-02, Mt=0.2494, A_K=0.015, Cuv=0.136, P_in=1.934e-03, P_tgt=1.919e-03, A_F=0.132, K_low=0.115, P_drag=-6.805e-04, P_cool=-6.255e-04, WENO=0.048, ReL2D=116.04, eps_nu=6.130e-04, P_hv=4.700e-06, rho_mean=1.000000, p_mean=0.715537, div_rms=1.176e-01, vort_rms=8.901e-01, mass_err=-1.879e-10
step= 78000, t=67.619986, dt=8.543e-04, KE=3.034399e-02, Mt=0.2497, A_K=0.003, Cuv=0.112, P_in=1.883e-03, P_tgt=1.935e-03, A_F=0.064, K_low=0.112, P_drag=-6.681e-04, P_cool=-6.636e-04, WENO=0.069, ReL2D=116.24, eps_nu=6.150e-04, P_hv=4.694e-06, rho_mean=1.000000, p_mean=0.715613, div_rms=1.188e-01, vort_rms=8.914e-01, mass_err=-1.891e-10
step= 78500, t=68.045180, dt=8.553e-04, KE=3.072832e-02, Mt=0.2511, A_K=0.032, Cuv=0.076, P_in=1.908e-03, P_tgt=1.926e-03, A_F=0.006, K_low=0.112, P_drag=-6.759e-04, P_cool=-6.384e-04, WENO=0.057, ReL2D=117.49, eps_nu=6.205e-04, P_hv=4.776e-06, rho_mean=1.000000, p_mean=0.715563, div_rms=1.215e-01, vort_rms=8.950e-01, mass_err=-1.903e-10
step= 79000, t=68.471443, dt=8.522e-04, KE=3.134471e-02, Mt=0.2532, A_K=0.050, Cuv=0.028, P_in=1.837e-03, P_tgt=1.843e-03, A_F=0.224, K_low=0.114, P_drag=-7.033e-04, P_cool=-5.664e-04, WENO=0.084, ReL2D=119.47, eps_nu=6.264e-04, P_hv=4.523e-06, rho_mean=1.000000, p_mean=0.715419, div_rms=1.223e-01, vort_rms=8.992e-01, mass_err=-1.915e-10
step= 79500, t=68.901971, dt=8.681e-04, KE=3.170972e-02, Mt=0.2541, A_K=0.022, Cuv=-0.006, P_in=1.720e-03, P_tgt=1.711e-03, A_F=0.046, K_low=0.115, P_drag=-7.192e-04, P_cool=-5.383e-04, WENO=0.070, ReL2D=121.78, eps_nu=6.247e-04, P_hv=4.425e-06, rho_mean=1.000000, p_mean=0.715362, div_rms=1.191e-01, vort_rms=8.985e-01, mass_err=-1.927e-10
step= 80000, t=69.331635, dt=8.488e-04, KE=3.172698e-02, Mt=0.2538, A_K=0.010, Cuv=-0.010, P_in=1.614e-03, P_tgt=1.586e-03, A_F=0.023, K_low=0.116, P_drag=-7.245e-04, P_cool=-5.671e-04, WENO=0.064, ReL2D=122.50, eps_nu=6.256e-04, P_hv=4.305e-06, rho_mean=1.000000, p_mean=0.715420, div_rms=1.178e-01, vort_rms=8.994e-01, mass_err=-1.939e-10
saved snapshot: results/hit2d/conservative_hv_audit_Mt0p25_ReL120_N256/mn0p002_CFL0p10/hit2d_step0080000.npz
step= 80500, t=69.755357, dt=8.543e-04, KE=3.155791e-02, Mt=0.2539, A_K=0.011, Cuv=0.019, P_in=1.470e-03, P_tgt=1.469e-03, A_F=0.166, K_low=0.119, P_drag=-7.319e-04, P_cool=-6.189e-04, WENO=0.053, ReL2D=123.09, eps_nu=6.247e-04, P_hv=4.522e-06, rho_mean=1.000000, p_mean=0.715524, div_rms=1.146e-01, vort_rms=8.993e-01, mass_err=-1.952e-10
step= 80784, t=70.000000, dt=7.553e-04, KE=3.150958e-02, Mt=0.2539, A_K=0.026, Cuv=0.029, P_in=1.402e-03, P_tgt=1.407e-03, A_F=0.067, K_low=0.120, P_drag=-7.355e-04, P_cool=-6.323e-04, WENO=0.050, ReL2D=123.47, eps_nu=6.241e-04, P_hv=4.326e-06, rho_mean=1.000000, p_mean=0.715550, div_rms=1.147e-01, vort_rms=8.989e-01, mass_err=-1.959e-10
saved snapshot: results/hit2d/conservative_hv_audit_Mt0p25_ReL120_N256/mn0p002_CFL0p10/hit2d_step0080784.npz
completed 2D HIT run at t=70.000000 in 80784 steps
Post-processing mn0p002_CFL0p10
/home/fatienza/github/HIT_Solver/2D/hit2d_viewer.py:405: UserWarning: No artists with labels found to put in legend.  Note that artists whose label start with an underscore are ignored when legend() is called with no argument.
  ax.legend()
saved HIT diagnostic field plot: results/hit2d/conservative_hv_audit_Mt0p25_ReL120_N256/mn0p002_CFL0p10/postprocess/hit2d_physics_fields.png
saved HIT history plot: results/hit2d/conservative_hv_audit_Mt0p25_ReL120_N256/mn0p002_CFL0p10/postprocess/hit2d_history.png
/home/fatienza/github/HIT_Solver/OOP/postprocess/spectra.py:150: RuntimeWarning: Kinetic-energy spectrum may be piling up near the complete-shell cutoff
  warnings.warn("Kinetic-energy spectrum may be piling up near the complete-shell cutoff", RuntimeWarning)
/home/fatienza/github/HIT_Solver/OOP/postprocess/spectra.py:152: RuntimeWarning: Enstrophy spectrum may be piling up near the complete-shell cutoff
  warnings.warn("Enstrophy spectrum may be piling up near the complete-shell cutoff", RuntimeWarning)
saved isotropy diagnostics: results/hit2d/conservative_hv_audit_Mt0p25_ReL120_N256/mn0p002_CFL0p10/isotropy_diagnostics.npz
selected interval: t=[26.196, 60.713], Neddy=[4.16814, 9.67515], snapshots=9
turnover reference length: L_ref=1.570796e+00
isotropy mismatch: E_LL=1.126226e-01 (normalized=2.758967e-01), E_NN=1.258791e-01 (normalized=3.363769e-01)
selected means: K=3.088812e-02, Mt=2.504090e-01, A_K=1.261736e-01, C_uv=-1.138347e-01
saved isotropy plot: results/hit2d/conservative_hv_audit_Mt0p25_ReL120_N256/mn0p002_CFL0p10/postprocess/stationarity_K_Mt.png
saved isotropy plot: results/hit2d/conservative_hv_audit_Mt0p25_ReL120_N256/mn0p002_CFL0p10/postprocess/directional_isotropy_correlations.png
saved isotropy plot: results/hit2d/conservative_hv_audit_Mt0p25_ReL120_N256/mn0p002_CFL0p10/postprocess/component_energy_anisotropy.png
saved spectra diagnostics: results/hit2d/conservative_hv_audit_Mt0p25_ReL120_N256/mn0p002_CFL0p10/spectra_diagnostics.npz
saved spectra plot: results/hit2d/conservative_hv_audit_Mt0p25_ReL120_N256/mn0p002_CFL0p10/postprocess/energy_enstrophy_spectra.png
cutoff ratios: energy=2.354e+00, enstrophy=3.326e+00
spectral checks: Parseval=0.000e+00, Helmholtz closure=1.772e-16, <chi_d>=1.226e-02
saved PDF diagnostics: results/hit2d/conservative_hv_audit_Mt0p25_ReL120_N256/mn0p002_CFL0p10/pdf_diagnostics.npz
saved PDF plot: results/hit2d/conservative_hv_audit_Mt0p25_ReL120_N256/mn0p002_CFL0p10/postprocess/one_point_pdfs.png
PDF moments: S_theta=-2.461e+00, F_theta=6.587e+01, S_omega=3.139e-02, F_omega=3.327e+00

------------------------------------------------------------
Starting mn0p005_CFL0p10 at Sun Aug  9 08:17:20 PM CEST 2026
mn=0.005 CFL=0.10 mode=conservative_flux interval=5
------------------------------------------------------------
Using array backend: cupy
saved run configuration: results/hit2d/conservative_hv_audit_Mt0p25_ReL120_N256/mn0p005_CFL0p10/config.json
resolved initial Re_lambda_2d=120.000000 with dynamic viscosity=7.560701e-04
step=     0, t=0.000000, dt=0.000e+00, KE=3.125000e-02, Mt=0.2500, A_K=0.000, Cuv=0.000, P_in=0.000e+00, P_tgt=0.000e+00, A_F=0.000, K_low=0.000, P_drag=0.000e+00, P_cool=0.000e+00, WENO=0.018, ReL2D=120.00, eps_nu=7.186e-04, P_hv=0.000e+00, rho_mean=1.000000, p_mean=0.714286, div_rms=6.115e-15, vort_rms=9.749e-01, mass_err=0.000e+00
step=   500, t=0.442878, dt=8.892e-04, KE=3.043603e-02, Mt=0.2474, A_K=0.003, Cuv=-0.012, P_in=1.013e-03, P_tgt=1.013e-03, A_F=0.175, K_low=0.004, P_drag=-2.295e-05, P_cool=-2.461e-04, WENO=0.017, ReL2D=118.58, eps_nu=7.097e-04, P_hv=6.289e-06, rho_mean=1.000000, p_mean=0.714778, div_rms=1.170e-01, vort_rms=9.594e-01, mass_err=-1.215e-12
step=  1000, t=0.892075, dt=9.065e-04, KE=3.007940e-02, Mt=0.2480, A_K=0.005, Cuv=-0.043, P_in=1.045e-03, P_tgt=1.077e-03, A_F=0.034, K_low=0.007, P_drag=-3.894e-05, P_cool=-3.770e-04, WENO=0.039, ReL2D=121.34, eps_nu=7.231e-04, P_hv=6.560e-06, rho_mean=1.000000, p_mean=0.715040, div_rms=1.351e-01, vort_rms=9.655e-01, mass_err=-2.430e-12
step=  1500, t=1.345097, dt=8.978e-04, KE=3.060503e-02, Mt=0.2494, A_K=0.015, Cuv=-0.025, P_in=1.112e-03, P_tgt=1.093e-03, A_F=0.020, K_low=0.006, P_drag=-3.402e-05, P_cool=-3.676e-04, WENO=0.058, ReL2D=122.09, eps_nu=7.294e-04, P_hv=6.665e-06, rho_mean=1.000000, p_mean=0.715021, div_rms=1.204e-01, vort_rms=9.723e-01, mass_err=-3.631e-12
step=  2000, t=1.794459, dt=8.910e-04, KE=3.080124e-02, Mt=0.2500, A_K=0.034, Cuv=0.006, P_in=1.115e-03, P_tgt=1.101e-03, A_F=0.109, K_low=0.008, P_drag=-4.598e-05, P_cool=-3.910e-04, WENO=0.050, ReL2D=124.08, eps_nu=7.456e-04, P_hv=7.141e-06, rho_mean=1.000000, p_mean=0.715068, div_rms=1.295e-01, vort_rms=9.817e-01, mass_err=-4.853e-12
step=  2500, t=2.237341, dt=8.879e-04, KE=3.100586e-02, Mt=0.2506, A_K=0.038, Cuv=-0.012, P_in=1.088e-03, P_tgt=1.095e-03, A_F=0.098, K_low=0.010, P_drag=-6.126e-05, P_cool=-4.070e-04, WENO=0.055, ReL2D=124.41, eps_nu=7.548e-04, P_hv=7.905e-06, rho_mean=1.000000, p_mean=0.715100, div_rms=1.273e-01, vort_rms=9.883e-01, mass_err=-6.068e-12
step=  3000, t=2.683470, dt=8.962e-04, KE=3.123833e-02, Mt=0.2510, A_K=0.092, Cuv=-0.015, P_in=1.090e-03, P_tgt=1.076e-03, A_F=0.002, K_low=0.008, P_drag=-5.280e-05, P_cool=-4.160e-04, WENO=0.069, ReL2D=121.86, eps_nu=7.567e-04, P_hv=8.578e-06, rho_mean=1.000000, p_mean=0.715118, div_rms=1.276e-01, vort_rms=9.895e-01, mass_err=-7.269e-12
step=  3500, t=3.132254, dt=8.930e-04, KE=3.130351e-02, Mt=0.2512, A_K=0.135, Cuv=0.011, P_in=1.061e-03, P_tgt=1.055e-03, A_F=0.078, K_low=0.009, P_drag=-5.822e-05, P_cool=-4.547e-04, WENO=0.060, ReL2D=124.86, eps_nu=7.536e-04, P_hv=8.970e-06, rho_mean=1.000000, p_mean=0.715195, div_rms=1.292e-01, vort_rms=9.871e-01, mass_err=-8.477e-12
step=  4000, t=3.580371, dt=8.992e-04, KE=3.137570e-02, Mt=0.2519, A_K=0.166, Cuv=0.032, P_in=1.020e-03, P_tgt=1.021e-03, A_F=0.122, K_low=0.015, P_drag=-9.397e-05, P_cool=-4.848e-04, WENO=0.045, ReL2D=128.29, eps_nu=7.410e-04, P_hv=9.609e-06, rho_mean=1.000000, p_mean=0.715255, div_rms=1.261e-01, vort_rms=9.792e-01, mass_err=-9.692e-12
step=  4500, t=4.029932, dt=8.927e-04, KE=3.132569e-02, Mt=0.2520, A_K=0.193, Cuv=0.041, P_in=9.886e-04, P_tgt=9.816e-04, A_F=0.117, K_low=0.019, P_drag=-1.149e-04, P_cool=-5.299e-04, WENO=0.053, ReL2D=128.56, eps_nu=7.341e-04, P_hv=1.021e-05, rho_mean=1.000000, p_mean=0.715346, div_rms=1.250e-01, vort_rms=9.747e-01, mass_err=-1.089e-11
warning: flow component anisotropy has increased over the last three diagnostic samples
step=  5000, t=4.476491, dt=8.992e-04, KE=3.130336e-02, Mt=0.2523, A_K=0.205, Cuv=0.056, P_in=9.311e-04, P_tgt=9.409e-04, A_F=0.206, K_low=0.021, P_drag=-1.263e-04, P_cool=-5.606e-04, WENO=0.064, ReL2D=128.53, eps_nu=7.320e-04, P_hv=1.088e-05, rho_mean=1.000000, p_mean=0.715407, div_rms=1.227e-01, vort_rms=9.737e-01, mass_err=-1.211e-11
saved snapshot: results/hit2d/conservative_hv_audit_Mt0p25_ReL120_N256/mn0p005_CFL0p10/hit2d_step0005000.npz
step=  5500, t=4.931932, dt=9.235e-04, KE=3.148001e-02, Mt=0.2526, A_K=0.193, Cuv=0.084, P_in=8.987e-04, P_tgt=8.965e-04, A_F=0.100, K_low=0.026, P_drag=-1.608e-04, P_cool=-5.459e-04, WENO=0.062, ReL2D=130.73, eps_nu=7.290e-04, P_hv=1.091e-05, rho_mean=1.000000, p_mean=0.715377, div_rms=1.266e-01, vort_rms=9.710e-01, mass_err=-1.332e-11
step=  6000, t=5.393601, dt=9.144e-04, KE=3.148298e-02, Mt=0.2522, A_K=0.155, Cuv=0.065, P_in=8.578e-04, P_tgt=8.549e-04, A_F=0.211, K_low=0.030, P_drag=-1.900e-04, P_cool=-5.588e-04, WENO=0.065, ReL2D=132.33, eps_nu=7.206e-04, P_hv=1.130e-05, rho_mean=1.000000, p_mean=0.715403, div_rms=1.177e-01, vort_rms=9.668e-01, mass_err=-1.453e-11
step=  6500, t=5.842796, dt=8.856e-04, KE=3.147523e-02, Mt=0.2520, A_K=0.137, Cuv=0.039, P_in=8.179e-04, P_tgt=8.192e-04, A_F=0.162, K_low=0.031, P_drag=-1.970e-04, P_cool=-5.682e-04, WENO=0.067, ReL2D=129.89, eps_nu=7.147e-04, P_hv=1.209e-05, rho_mean=1.000000, p_mean=0.715422, div_rms=1.308e-01, vort_rms=9.605e-01, mass_err=-1.575e-11
step=  7000, t=6.289731, dt=9.100e-04, KE=3.143325e-02, Mt=0.2520, A_K=0.116, Cuv=0.071, P_in=7.959e-04, P_tgt=7.894e-04, A_F=0.061, K_low=0.035, P_drag=-2.240e-04, P_cool=-5.781e-04, WENO=0.056, ReL2D=130.38, eps_nu=7.069e-04, P_hv=1.225e-05, rho_mean=1.000000, p_mean=0.715442, div_rms=1.296e-01, vort_rms=9.553e-01, mass_err=-1.695e-11
step=  7500, t=6.748510, dt=9.115e-04, KE=3.143826e-02, Mt=0.2520, A_K=0.075, Cuv=0.081, P_in=7.579e-04, P_tgt=7.589e-04, A_F=0.057, K_low=0.044, P_drag=-2.721e-04, P_cool=-5.729e-04, WENO=0.071, ReL2D=129.47, eps_nu=6.941e-04, P_hv=1.190e-05, rho_mean=1.000000, p_mean=0.715432, div_rms=1.262e-01, vort_rms=9.470e-01, mass_err=-1.817e-11
step=  8000, t=7.197238, dt=8.911e-04, KE=3.120738e-02, Mt=0.2521, A_K=0.046, Cuv=0.041, P_in=7.291e-04, P_tgt=7.280e-04, A_F=0.230, K_low=0.051, P_drag=-3.089e-04, P_cool=-6.070e-04, WENO=0.060, ReL2D=127.98, eps_nu=6.873e-04, P_hv=1.193e-05, rho_mean=1.000000, p_mean=0.715500, div_rms=1.302e-01, vort_rms=9.415e-01, mass_err=-1.938e-11
step=  8500, t=7.640455, dt=8.846e-04, KE=3.084676e-02, Mt=0.2504, A_K=0.024, Cuv=0.022, P_in=7.104e-04, P_tgt=7.086e-04, A_F=0.041, K_low=0.055, P_drag=-3.387e-04, P_cool=-6.577e-04, WENO=0.050, ReL2D=124.73, eps_nu=6.733e-04, P_hv=1.219e-05, rho_mean=1.000000, p_mean=0.715601, div_rms=1.210e-01, vort_rms=9.333e-01, mass_err=-2.060e-11
step=  9000, t=8.088513, dt=8.951e-04, KE=3.085886e-02, Mt=0.2499, A_K=0.001, Cuv=0.041, P_in=6.802e-04, P_tgt=7.089e-04, A_F=0.169, K_low=0.062, P_drag=-3.821e-04, P_cool=-6.285e-04, WENO=0.055, ReL2D=124.33, eps_nu=6.652e-04, P_hv=1.227e-05, rho_mean=1.000000, p_mean=0.715543, div_rms=1.159e-01, vort_rms=9.284e-01, mass_err=-2.181e-11
step=  9500, t=8.530544, dt=8.811e-04, KE=3.094753e-02, Mt=0.2499, A_K=0.029, Cuv=0.060, P_in=7.189e-04, P_tgt=7.096e-04, A_F=0.030, K_low=0.067, P_drag=-4.153e-04, P_cool=-5.860e-04, WENO=0.077, ReL2D=122.46, eps_nu=6.591e-04, P_hv=1.220e-05, rho_mean=1.000000, p_mean=0.715458, div_rms=1.212e-01, vort_rms=9.231e-01, mass_err=-2.301e-11
step= 10000, t=8.969580, dt=8.734e-04, KE=3.085065e-02, Mt=0.2495, A_K=0.006, Cuv=0.054, P_in=7.182e-04, P_tgt=7.128e-04, A_F=0.006, K_low=0.072, P_drag=-4.404e-04, P_cool=-5.795e-04, WENO=0.084, ReL2D=121.03, eps_nu=6.528e-04, P_hv=1.198e-05, rho_mean=1.000000, p_mean=0.715445, div_rms=1.269e-01, vort_rms=9.176e-01, mass_err=-2.422e-11
saved snapshot: results/hit2d/conservative_hv_audit_Mt0p25_ReL120_N256/mn0p005_CFL0p10/hit2d_step0010000.npz
step= 10500, t=9.407643, dt=8.806e-04, KE=3.059773e-02, Mt=0.2483, A_K=0.008, Cuv=0.048, P_in=7.263e-04, P_tgt=7.302e-04, A_F=0.064, K_low=0.078, P_drag=-4.758e-04, P_cool=-6.022e-04, WENO=0.074, ReL2D=119.08, eps_nu=6.459e-04, P_hv=1.180e-05, rho_mean=1.000000, p_mean=0.715490, div_rms=1.164e-01, vort_rms=9.144e-01, mass_err=-2.542e-11
step= 11000, t=9.847982, dt=8.734e-04, KE=3.042167e-02, Mt=0.2481, A_K=0.022, Cuv=0.043, P_in=7.528e-04, P_tgt=7.567e-04, A_F=0.200, K_low=0.085, P_drag=-5.155e-04, P_cool=-6.082e-04, WENO=0.058, ReL2D=116.69, eps_nu=6.385e-04, P_hv=1.256e-05, rho_mean=1.000000, p_mean=0.715502, div_rms=1.175e-01, vort_rms=9.089e-01, mass_err=-2.664e-11
step= 11500, t=10.280156, dt=8.595e-04, KE=3.023498e-02, Mt=0.2474, A_K=0.022, Cuv=0.024, P_in=7.965e-04, P_tgt=7.936e-04, A_F=0.104, K_low=0.090, P_drag=-5.386e-04, P_cool=-6.138e-04, WENO=0.059, ReL2D=116.03, eps_nu=6.313e-04, P_hv=1.279e-05, rho_mean=1.000000, p_mean=0.715513, div_rms=1.229e-01, vort_rms=9.027e-01, mass_err=-2.785e-11
step= 12000, t=10.707999, dt=8.513e-04, KE=2.993414e-02, Mt=0.2466, A_K=0.016, Cuv=0.043, P_in=8.612e-04, P_tgt=8.438e-04, A_F=0.106, K_low=0.092, P_drag=-5.434e-04, P_cool=-6.441e-04, WENO=0.060, ReL2D=117.31, eps_nu=6.233e-04, P_hv=1.286e-05, rho_mean=1.000000, p_mean=0.715574, div_rms=1.188e-01, vort_rms=8.976e-01, mass_err=-2.906e-11
step= 12500, t=11.136565, dt=8.565e-04, KE=2.973744e-02, Mt=0.2460, A_K=0.070, Cuv=0.076, P_in=9.241e-04, P_tgt=9.107e-04, A_F=0.148, K_low=0.093, P_drag=-5.439e-04, P_cool=-6.590e-04, WENO=0.073, ReL2D=120.21, eps_nu=6.181e-04, P_hv=1.283e-05, rho_mean=1.000000, p_mean=0.715604, div_rms=1.169e-01, vort_rms=8.941e-01, mass_err=-3.027e-11
step= 13000, t=11.566546, dt=8.638e-04, KE=2.978854e-02, Mt=0.2459, A_K=0.117, Cuv=0.114, P_in=9.913e-04, P_tgt=9.888e-04, A_F=0.020, K_low=0.092, P_drag=-5.404e-04, P_cool=-6.284e-04, WENO=0.072, ReL2D=121.82, eps_nu=6.136e-04, P_hv=1.251e-05, rho_mean=1.000000, p_mean=0.715543, div_rms=1.203e-01, vort_rms=8.901e-01, mass_err=-3.148e-11
step= 13500, t=11.997121, dt=8.542e-04, KE=2.978014e-02, Mt=0.2454, A_K=0.128, Cuv=0.110, P_in=1.097e-03, P_tgt=1.081e-03, A_F=0.185, K_low=0.089, P_drag=-5.227e-04, P_cool=-6.199e-04, WENO=0.077, ReL2D=120.28, eps_nu=6.137e-04, P_hv=1.212e-05, rho_mean=1.000000, p_mean=0.715526, div_rms=1.190e-01, vort_rms=8.904e-01, mass_err=-3.270e-11
step= 14000, t=12.419818, dt=8.379e-04, KE=2.967881e-02, Mt=0.2450, A_K=0.103, Cuv=0.132, P_in=1.194e-03, P_tgt=1.196e-03, A_F=0.161, K_low=0.088, P_drag=-5.146e-04, P_cool=-6.394e-04, WENO=0.056, ReL2D=120.30, eps_nu=6.077e-04, P_hv=1.252e-05, rho_mean=1.000000, p_mean=0.715564, div_rms=1.143e-01, vort_rms=8.867e-01, mass_err=-3.391e-11
step= 14500, t=12.838911, dt=8.339e-04, KE=2.967137e-02, Mt=0.2458, A_K=0.080, Cuv=0.176, P_in=1.309e-03, P_tgt=1.315e-03, A_F=0.039, K_low=0.089, P_drag=-5.196e-04, P_cool=-6.489e-04, WENO=0.041, ReL2D=120.70, eps_nu=6.024e-04, P_hv=1.270e-05, rho_mean=1.000000, p_mean=0.715583, div_rms=1.209e-01, vort_rms=8.817e-01, mass_err=-3.512e-11
step= 15000, t=13.258058, dt=8.480e-04, KE=2.956434e-02, Mt=0.2459, A_K=0.104, Cuv=0.201, P_in=1.420e-03, P_tgt=1.431e-03, A_F=0.238, K_low=0.089, P_drag=-5.107e-04, P_cool=-6.866e-04, WENO=0.049, ReL2D=120.22, eps_nu=6.016e-04, P_hv=1.228e-05, rho_mean=1.000000, p_mean=0.715659, div_rms=1.189e-01, vort_rms=8.814e-01, mass_err=-3.634e-11
saved snapshot: results/hit2d/conservative_hv_audit_Mt0p25_ReL120_N256/mn0p005_CFL0p10/hit2d_step0015000.npz
step= 15500, t=13.688215, dt=8.752e-04, KE=2.967198e-02, Mt=0.2465, A_K=0.140, Cuv=0.222, P_in=1.544e-03, P_tgt=1.548e-03, A_F=0.053, K_low=0.084, P_drag=-4.867e-04, P_cool=-6.905e-04, WENO=0.044, ReL2D=121.72, eps_nu=6.030e-04, P_hv=1.183e-05, rho_mean=1.000000, p_mean=0.715667, div_rms=1.218e-01, vort_rms=8.819e-01, mass_err=-3.756e-11
step= 16000, t=14.125561, dt=8.774e-04, KE=3.004837e-02, Mt=0.2474, A_K=0.147, Cuv=0.229, P_in=1.649e-03, P_tgt=1.648e-03, A_F=0.225, K_low=0.081, P_drag=-4.793e-04, P_cool=-6.539e-04, WENO=0.072, ReL2D=122.73, eps_nu=6.023e-04, P_hv=1.134e-05, rho_mean=1.000000, p_mean=0.715593, div_rms=1.183e-01, vort_rms=8.820e-01, mass_err=-3.876e-11
step= 16500, t=14.551100, dt=8.269e-04, KE=3.051397e-02, Mt=0.2488, A_K=0.139, Cuv=0.254, P_in=1.704e-03, P_tgt=1.712e-03, A_F=0.082, K_low=0.081, P_drag=-4.860e-04, P_cool=-6.097e-04, WENO=0.062, ReL2D=122.08, eps_nu=6.068e-04, P_hv=1.110e-05, rho_mean=1.000000, p_mean=0.715505, div_rms=1.237e-01, vort_rms=8.844e-01, mass_err=-3.998e-11
step= 17000, t=14.960924, dt=8.193e-04, KE=3.064962e-02, Mt=0.2494, A_K=0.128, Cuv=0.288, P_in=1.729e-03, P_tgt=1.743e-03, A_F=0.137, K_low=0.080, P_drag=-4.807e-04, P_cool=-6.342e-04, WENO=0.055, ReL2D=122.69, eps_nu=6.055e-04, P_hv=1.151e-05, rho_mean=1.000000, p_mean=0.715554, div_rms=1.184e-01, vort_rms=8.844e-01, mass_err=-4.120e-11
step= 17500, t=15.376706, dt=8.387e-04, KE=3.092803e-02, Mt=0.2507, A_K=0.127, Cuv=0.313, P_in=1.722e-03, P_tgt=1.741e-03, A_F=0.099, K_low=0.080, P_drag=-4.813e-04, P_cool=-6.310e-04, WENO=0.070, ReL2D=123.34, eps_nu=6.097e-04, P_hv=1.163e-05, rho_mean=1.000000, p_mean=0.715548, div_rms=1.205e-01, vort_rms=8.871e-01, mass_err=-4.241e-11
step= 18000, t=15.793786, dt=8.328e-04, KE=3.125357e-02, Mt=0.2512, A_K=0.120, Cuv=0.323, P_in=1.709e-03, P_tgt=1.708e-03, A_F=0.009, K_low=0.081, P_drag=-4.947e-04, P_cool=-6.173e-04, WENO=0.072, ReL2D=123.24, eps_nu=6.099e-04, P_hv=1.164e-05, rho_mean=1.000000, p_mean=0.715520, div_rms=1.140e-01, vort_rms=8.884e-01, mass_err=-4.363e-11
step= 18500, t=16.216698, dt=8.562e-04, KE=3.159667e-02, Mt=0.2528, A_K=0.129, Cuv=0.296, P_in=1.618e-03, P_tgt=1.642e-03, A_F=0.257, K_low=0.081, P_drag=-5.034e-04, P_cool=-5.979e-04, WENO=0.072, ReL2D=125.64, eps_nu=6.160e-04, P_hv=1.167e-05, rho_mean=1.000000, p_mean=0.715481, div_rms=1.227e-01, vort_rms=8.915e-01, mass_err=-4.484e-11
step= 19000, t=16.648632, dt=8.752e-04, KE=3.176034e-02, Mt=0.2536, A_K=0.148, Cuv=0.260, P_in=1.530e-03, P_tgt=1.541e-03, A_F=0.101, K_low=0.081, P_drag=-5.063e-04, P_cool=-6.072e-04, WENO=0.080, ReL2D=130.33, eps_nu=6.143e-04, P_hv=1.134e-05, rho_mean=1.000000, p_mean=0.715500, div_rms=1.123e-01, vort_rms=8.920e-01, mass_err=-4.604e-11
step= 19500, t=17.086459, dt=8.661e-04, KE=3.199198e-02, Mt=0.2541, A_K=0.160, Cuv=0.240, P_in=1.414e-03, P_tgt=1.428e-03, A_F=0.073, K_low=0.084, P_drag=-5.281e-04, P_cool=-5.933e-04, WENO=0.068, ReL2D=131.86, eps_nu=6.185e-04, P_hv=1.103e-05, rho_mean=1.000000, p_mean=0.715472, div_rms=1.162e-01, vort_rms=8.945e-01, mass_err=-4.727e-11
step= 20000, t=17.516340, dt=8.652e-04, KE=3.206397e-02, Mt=0.2546, A_K=0.168, Cuv=0.230, P_in=1.317e-03, P_tgt=1.312e-03, A_F=0.151, K_low=0.088, P_drag=-5.638e-04, P_cool=-5.991e-04, WENO=0.061, ReL2D=130.21, eps_nu=6.188e-04, P_hv=1.138e-05, rho_mean=1.000000, p_mean=0.715484, div_rms=1.220e-01, vort_rms=8.937e-01, mass_err=-4.848e-11
saved snapshot: results/hit2d/conservative_hv_audit_Mt0p25_ReL120_N256/mn0p005_CFL0p10/hit2d_step0020000.npz
step= 20500, t=17.950672, dt=8.616e-04, KE=3.187354e-02, Mt=0.2542, A_K=0.164, Cuv=0.214, P_in=1.214e-03, P_tgt=1.204e-03, A_F=0.003, K_low=0.094, P_drag=-5.965e-04, P_cool=-6.419e-04, WENO=0.061, ReL2D=129.32, eps_nu=6.131e-04, P_hv=1.099e-05, rho_mean=1.000000, p_mean=0.715569, div_rms=1.124e-01, vort_rms=8.911e-01, mass_err=-4.968e-11
step= 21000, t=18.379734, dt=8.577e-04, KE=3.180749e-02, Mt=0.2536, A_K=0.140, Cuv=0.211, P_in=1.108e-03, P_tgt=1.115e-03, A_F=0.121, K_low=0.100, P_drag=-6.261e-04, P_cool=-6.469e-04, WENO=0.058, ReL2D=127.24, eps_nu=6.159e-04, P_hv=1.098e-05, rho_mean=1.000000, p_mean=0.715579, div_rms=1.199e-01, vort_rms=8.919e-01, mass_err=-5.089e-11
step= 21500, t=18.815386, dt=8.779e-04, KE=3.166968e-02, Mt=0.2529, A_K=0.116, Cuv=0.195, P_in=1.046e-03, P_tgt=1.047e-03, A_F=0.137, K_low=0.107, P_drag=-6.704e-04, P_cool=-6.555e-04, WENO=0.059, ReL2D=126.16, eps_nu=6.157e-04, P_hv=1.096e-05, rho_mean=1.000000, p_mean=0.715597, div_rms=1.117e-01, vort_rms=8.932e-01, mass_err=-5.210e-11
step= 22000, t=19.251319, dt=8.727e-04, KE=3.169121e-02, Mt=0.2529, A_K=0.138, Cuv=0.146, P_in=9.949e-04, P_tgt=9.893e-04, A_F=0.094, K_low=0.115, P_drag=-7.267e-04, P_cool=-6.230e-04, WENO=0.060, ReL2D=125.23, eps_nu=6.144e-04, P_hv=1.135e-05, rho_mean=1.000000, p_mean=0.715532, div_rms=1.144e-01, vort_rms=8.918e-01, mass_err=-5.332e-11
step= 22500, t=19.689068, dt=8.775e-04, KE=3.162562e-02, Mt=0.2526, A_K=0.171, Cuv=0.101, P_in=9.333e-04, P_tgt=9.369e-04, A_F=0.140, K_low=0.123, P_drag=-7.760e-04, P_cool=-6.012e-04, WENO=0.055, ReL2D=125.20, eps_nu=6.122e-04, P_hv=1.122e-05, rho_mean=1.000000, p_mean=0.715488, div_rms=1.098e-01, vort_rms=8.909e-01, mass_err=-5.452e-11
step= 23000, t=20.130634, dt=8.855e-04, KE=3.151003e-02, Mt=0.2522, A_K=0.168, Cuv=0.089, P_in=8.950e-04, P_tgt=8.950e-04, A_F=0.071, K_low=0.132, P_drag=-8.263e-04, P_cool=-5.831e-04, WENO=0.054, ReL2D=123.64, eps_nu=6.115e-04, P_hv=1.121e-05, rho_mean=1.000000, p_mean=0.715452, div_rms=1.152e-01, vort_rms=8.895e-01, mass_err=-5.573e-11
step= 23500, t=20.570098, dt=8.749e-04, KE=3.113198e-02, Mt=0.2510, A_K=0.152, Cuv=0.074, P_in=8.655e-04, P_tgt=8.661e-04, A_F=0.086, K_low=0.142, P_drag=-8.682e-04, P_cool=-6.093e-04, WENO=0.050, ReL2D=126.83, eps_nu=6.044e-04, P_hv=1.139e-05, rho_mean=1.000000, p_mean=0.715504, div_rms=1.059e-01, vort_rms=8.857e-01, mass_err=-5.694e-11
step= 24000, t=21.003333, dt=8.583e-04, KE=3.064816e-02, Mt=0.2492, A_K=0.078, Cuv=0.023, P_in=8.731e-04, P_tgt=8.640e-04, A_F=0.053, K_low=0.146, P_drag=-8.760e-04, P_cool=-6.517e-04, WENO=0.046, ReL2D=126.47, eps_nu=5.975e-04, P_hv=1.127e-05, rho_mean=1.000000, p_mean=0.715589, div_rms=1.105e-01, vort_rms=8.798e-01, mass_err=-5.816e-11
step= 24500, t=21.432638, dt=8.556e-04, KE=3.025147e-02, Mt=0.2476, A_K=0.012, Cuv=-0.008, P_in=9.100e-04, P_tgt=8.937e-04, A_F=0.020, K_low=0.145, P_drag=-8.674e-04, P_cool=-6.744e-04, WENO=0.067, ReL2D=126.25, eps_nu=5.978e-04, P_hv=1.100e-05, rho_mean=1.000000, p_mean=0.715635, div_rms=1.125e-01, vort_rms=8.796e-01, mass_err=-5.937e-11
step= 25000, t=21.857464, dt=8.454e-04, KE=3.007610e-02, Mt=0.2471, A_K=0.018, Cuv=0.017, P_in=9.433e-04, P_tgt=9.454e-04, A_F=0.046, K_low=0.148, P_drag=-8.751e-04, P_cool=-6.574e-04, WENO=0.072, ReL2D=126.52, eps_nu=5.968e-04, P_hv=1.100e-05, rho_mean=1.000000, p_mean=0.715601, div_rms=1.175e-01, vort_rms=8.780e-01, mass_err=-6.058e-11
saved snapshot: results/hit2d/conservative_hv_audit_Mt0p25_ReL120_N256/mn0p005_CFL0p10/hit2d_step0025000.npz
step= 25500, t=22.281946, dt=8.566e-04, KE=3.007214e-02, Mt=0.2473, A_K=0.019, Cuv=0.002, P_in=1.005e-03, P_tgt=9.958e-04, A_F=0.091, K_low=0.147, P_drag=-8.663e-04, P_cool=-6.299e-04, WENO=0.058, ReL2D=129.27, eps_nu=5.925e-04, P_hv=1.093e-05, rho_mean=1.000000, p_mean=0.715545, div_rms=1.184e-01, vort_rms=8.746e-01, mass_err=-6.180e-11
step= 26000, t=22.711400, dt=8.572e-04, KE=2.991380e-02, Mt=0.2460, A_K=0.004, Cuv=-0.032, P_in=1.069e-03, P_tgt=1.064e-03, A_F=0.022, K_low=0.141, P_drag=-8.302e-04, P_cool=-6.236e-04, WENO=0.075, ReL2D=129.74, eps_nu=5.892e-04, P_hv=1.089e-05, rho_mean=1.000000, p_mean=0.715533, div_rms=1.185e-01, vort_rms=8.721e-01, mass_err=-6.301e-11
step= 26500, t=23.143428, dt=8.758e-04, KE=2.963902e-02, Mt=0.2448, A_K=0.046, Cuv=-0.068, P_in=1.166e-03, P_tgt=1.172e-03, A_F=0.093, K_low=0.138, P_drag=-8.085e-04, P_cool=-6.495e-04, WENO=0.052, ReL2D=128.14, eps_nu=5.846e-04, P_hv=1.087e-05, rho_mean=1.000000, p_mean=0.715585, div_rms=1.162e-01, vort_rms=8.690e-01, mass_err=-6.422e-11
step= 27000, t=23.586130, dt=8.899e-04, KE=2.958757e-02, Mt=0.2451, A_K=0.087, Cuv=-0.081, P_in=1.304e-03, P_tgt=1.304e-03, A_F=0.286, K_low=0.141, P_drag=-8.190e-04, P_cool=-6.404e-04, WENO=0.051, ReL2D=126.42, eps_nu=5.839e-04, P_hv=1.068e-05, rho_mean=1.000000, p_mean=0.715566, div_rms=1.141e-01, vort_rms=8.688e-01, mass_err=-6.543e-11
step= 27500, t=24.025355, dt=8.728e-04, KE=2.963017e-02, Mt=0.2451, A_K=0.097, Cuv=-0.039, P_in=1.428e-03, P_tgt=1.437e-03, A_F=0.013, K_low=0.145, P_drag=-8.366e-04, P_cool=-6.246e-04, WENO=0.049, ReL2D=125.69, eps_nu=5.887e-04, P_hv=1.091e-05, rho_mean=1.000000, p_mean=0.715535, div_rms=1.170e-01, vort_rms=8.720e-01, mass_err=-6.663e-11
step= 28000, t=24.460876, dt=8.669e-04, KE=2.958344e-02, Mt=0.2451, A_K=0.053, Cuv=-0.037, P_in=1.590e-03, P_tgt=1.593e-03, A_F=0.192, K_low=0.144, P_drag=-8.272e-04, P_cool=-6.384e-04, WENO=0.050, ReL2D=122.67, eps_nu=5.981e-04, P_hv=1.116e-05, rho_mean=1.000000, p_mean=0.715563, div_rms=1.172e-01, vort_rms=8.791e-01, mass_err=-6.785e-11
step= 28500, t=24.890370, dt=8.490e-04, KE=2.964727e-02, Mt=0.2455, A_K=0.007, Cuv=-0.046, P_in=1.753e-03, P_tgt=1.754e-03, A_F=0.046, K_low=0.140, P_drag=-8.100e-04, P_cool=-6.438e-04, WENO=0.079, ReL2D=122.14, eps_nu=5.988e-04, P_hv=1.175e-05, rho_mean=1.000000, p_mean=0.715573, div_rms=1.160e-01, vort_rms=8.798e-01, mass_err=-6.906e-11
step= 29000, t=25.315583, dt=8.569e-04, KE=2.996697e-02, Mt=0.2464, A_K=0.004, Cuv=-0.029, P_in=1.876e-03, P_tgt=1.904e-03, A_F=0.117, K_low=0.132, P_drag=-7.803e-04, P_cool=-6.145e-04, WENO=0.084, ReL2D=124.60, eps_nu=6.087e-04, P_hv=1.209e-05, rho_mean=1.000000, p_mean=0.715515, div_rms=1.170e-01, vort_rms=8.871e-01, mass_err=-7.028e-11
step= 29500, t=25.748631, dt=8.784e-04, KE=3.024601e-02, Mt=0.2471, A_K=0.005, Cuv=-0.042, P_in=2.059e-03, P_tgt=2.033e-03, A_F=0.172, K_low=0.122, P_drag=-7.334e-04, P_cool=-6.118e-04, WENO=0.082, ReL2D=127.13, eps_nu=6.149e-04, P_hv=1.236e-05, rho_mean=1.000000, p_mean=0.715509, div_rms=1.123e-01, vort_rms=8.924e-01, mass_err=-7.149e-11
step= 30000, t=26.193038, dt=8.910e-04, KE=3.064169e-02, Mt=0.2490, A_K=0.017, Cuv=-0.088, P_in=2.125e-03, P_tgt=2.125e-03, A_F=0.141, K_low=0.113, P_drag=-6.854e-04, P_cool=-6.007e-04, WENO=0.048, ReL2D=127.07, eps_nu=6.174e-04, P_hv=1.244e-05, rho_mean=1.000000, p_mean=0.715487, div_rms=1.195e-01, vort_rms=8.931e-01, mass_err=-7.270e-11
saved snapshot: results/hit2d/conservative_hv_audit_Mt0p25_ReL120_N256/mn0p005_CFL0p10/hit2d_step0030000.npz
step= 30500, t=26.635994, dt=8.834e-04, KE=3.103341e-02, Mt=0.2507, A_K=0.034, Cuv=-0.102, P_in=2.121e-03, P_tgt=2.127e-03, A_F=0.078, K_low=0.104, P_drag=-6.339e-04, P_cool=-6.001e-04, WENO=0.055, ReL2D=129.78, eps_nu=6.216e-04, P_hv=1.337e-05, rho_mean=1.000000, p_mean=0.715486, div_rms=1.234e-01, vort_rms=8.954e-01, mass_err=-7.392e-11
step= 31000, t=27.071384, dt=8.638e-04, KE=3.129501e-02, Mt=0.2515, A_K=0.007, Cuv=-0.108, P_in=2.079e-03, P_tgt=2.083e-03, A_F=0.184, K_low=0.092, P_drag=-5.671e-04, P_cool=-6.258e-04, WENO=0.056, ReL2D=129.77, eps_nu=6.287e-04, P_hv=1.376e-05, rho_mean=1.000000, p_mean=0.715537, div_rms=1.216e-01, vort_rms=9.010e-01, mass_err=-7.513e-11
step= 31500, t=27.499656, dt=8.529e-04, KE=3.159333e-02, Mt=0.2530, A_K=0.079, Cuv=-0.162, P_in=1.999e-03, P_tgt=1.993e-03, A_F=0.106, K_low=0.082, P_drag=-5.111e-04, P_cool=-6.408e-04, WENO=0.065, ReL2D=130.92, eps_nu=6.353e-04, P_hv=1.415e-05, rho_mean=1.000000, p_mean=0.715567, div_rms=1.202e-01, vort_rms=9.061e-01, mass_err=-7.633e-11
step= 32000, t=27.929444, dt=8.690e-04, KE=3.196425e-02, Mt=0.2544, A_K=0.147, Cuv=-0.218, P_in=1.877e-03, P_tgt=1.850e-03, A_F=0.215, K_low=0.075, P_drag=-4.727e-04, P_cool=-6.355e-04, WENO=0.067, ReL2D=132.96, eps_nu=6.444e-04, P_hv=1.406e-05, rho_mean=1.000000, p_mean=0.715557, div_rms=1.238e-01, vort_rms=9.121e-01, mass_err=-7.754e-11
step= 32500, t=28.363747, dt=8.597e-04, KE=3.234801e-02, Mt=0.2555, A_K=0.184, Cuv=-0.267, P_in=1.680e-03, P_tgt=1.682e-03, A_F=0.085, K_low=0.071, P_drag=-4.552e-04, P_cool=-6.182e-04, WENO=0.074, ReL2D=132.22, eps_nu=6.426e-04, P_hv=1.356e-05, rho_mean=1.000000, p_mean=0.715522, div_rms=1.299e-01, vort_rms=9.096e-01, mass_err=-7.874e-11
warning: flow component anisotropy has increased over the last three diagnostic samples
step= 33000, t=28.786197, dt=8.349e-04, KE=3.262725e-02, Mt=0.2566, A_K=0.219, Cuv=-0.293, P_in=1.494e-03, P_tgt=1.495e-03, A_F=0.122, K_low=0.068, P_drag=-4.400e-04, P_cool=-6.076e-04, WENO=0.064, ReL2D=131.65, eps_nu=6.473e-04, P_hv=1.375e-05, rho_mean=1.000000, p_mean=0.715501, div_rms=1.293e-01, vort_rms=9.131e-01, mass_err=-7.996e-11
step= 33500, t=29.202519, dt=8.344e-04, KE=3.257834e-02, Mt=0.2565, A_K=0.215, Cuv=-0.313, P_in=1.314e-03, P_tgt=1.317e-03, A_F=0.110, K_low=0.065, P_drag=-4.253e-04, P_cool=-6.467e-04, WENO=0.074, ReL2D=127.99, eps_nu=6.504e-04, P_hv=1.369e-05, rho_mean=1.000000, p_mean=0.715579, div_rms=1.245e-01, vort_rms=9.163e-01, mass_err=-8.116e-11
step= 34000, t=29.626115, dt=8.590e-04, KE=3.260533e-02, Mt=0.2571, A_K=0.213, Cuv=-0.301, P_in=1.161e-03, P_tgt=1.156e-03, A_F=0.011, K_low=0.066, P_drag=-4.213e-04, P_cool=-6.549e-04, WENO=0.052, ReL2D=126.45, eps_nu=6.491e-04, P_hv=1.409e-05, rho_mean=1.000000, p_mean=0.715596, div_rms=1.301e-01, vort_rms=9.143e-01, mass_err=-8.237e-11
step= 34500, t=30.060558, dt=8.709e-04, KE=3.256926e-02, Mt=0.2571, A_K=0.283, Cuv=-0.298, P_in=1.007e-03, P_tgt=1.008e-03, A_F=0.236, K_low=0.067, P_drag=-4.210e-04, P_cool=-6.623e-04, WENO=0.072, ReL2D=126.63, eps_nu=6.468e-04, P_hv=1.352e-05, rho_mean=1.000000, p_mean=0.715610, div_rms=1.254e-01, vort_rms=9.135e-01, mass_err=-8.359e-11
warning: flow component anisotropy has increased over the last three diagnostic samples
step= 35000, t=30.493573, dt=8.642e-04, KE=3.256530e-02, Mt=0.2568, A_K=0.361, Cuv=-0.305, P_in=8.789e-04, P_tgt=8.807e-04, A_F=0.048, K_low=0.066, P_drag=-4.185e-04, P_cool=-6.513e-04, WENO=0.072, ReL2D=127.23, eps_nu=6.430e-04, P_hv=1.378e-05, rho_mean=1.000000, p_mean=0.715588, div_rms=1.252e-01, vort_rms=9.108e-01, mass_err=-8.480e-11
saved snapshot: results/hit2d/conservative_hv_audit_Mt0p25_ReL120_N256/mn0p005_CFL0p10/hit2d_step0035000.npz
warning: flow component anisotropy has increased over the last three diagnostic samples
step= 35500, t=30.928166, dt=8.745e-04, KE=3.269128e-02, Mt=0.2565, A_K=0.384, Cuv=-0.327, P_in=7.769e-04, P_tgt=7.759e-04, A_F=0.053, K_low=0.065, P_drag=-4.188e-04, P_cool=-6.067e-04, WENO=0.074, ReL2D=128.46, eps_nu=6.412e-04, P_hv=1.375e-05, rho_mean=1.000000, p_mean=0.715499, div_rms=1.272e-01, vort_rms=9.091e-01, mass_err=-8.601e-11
warning: flow component anisotropy has increased over the last three diagnostic samples
step= 36000, t=31.367083, dt=8.781e-04, KE=3.258924e-02, Mt=0.2562, A_K=0.386, Cuv=-0.299, P_in=6.834e-04, P_tgt=6.850e-04, A_F=0.008, K_low=0.066, P_drag=-4.219e-04, P_cool=-6.020e-04, WENO=0.077, ReL2D=129.94, eps_nu=6.354e-04, P_hv=1.375e-05, rho_mean=1.000000, p_mean=0.715490, div_rms=1.237e-01, vort_rms=9.055e-01, mass_err=-8.722e-11
step= 36500, t=31.810691, dt=8.967e-04, KE=3.231119e-02, Mt=0.2551, A_K=0.368, Cuv=-0.251, P_in=6.068e-04, P_tgt=6.140e-04, A_F=0.145, K_low=0.069, P_drag=-4.355e-04, P_cool=-6.226e-04, WENO=0.080, ReL2D=127.72, eps_nu=6.239e-04, P_hv=1.361e-05, rho_mean=1.000000, p_mean=0.715531, div_rms=1.228e-01, vort_rms=8.973e-01, mass_err=-8.842e-11
step= 37000, t=32.256696, dt=8.851e-04, KE=3.208854e-02, Mt=0.2544, A_K=0.326, Cuv=-0.221, P_in=5.471e-04, P_tgt=5.597e-04, A_F=0.040, K_low=0.073, P_drag=-4.521e-04, P_cool=-6.243e-04, WENO=0.079, ReL2D=128.35, eps_nu=6.098e-04, P_hv=1.333e-05, rho_mean=1.000000, p_mean=0.715534, div_rms=1.268e-01, vort_rms=8.861e-01, mass_err=-8.963e-11
step= 37500, t=32.698483, dt=8.832e-04, KE=3.175965e-02, Mt=0.2533, A_K=0.341, Cuv=-0.191, P_in=5.187e-04, P_tgt=5.187e-04, A_F=0.049, K_low=0.075, P_drag=-4.612e-04, P_cool=-6.413e-04, WENO=0.080, ReL2D=129.70, eps_nu=5.940e-04, P_hv=1.340e-05, rho_mean=1.000000, p_mean=0.715568, div_rms=1.226e-01, vort_rms=8.750e-01, mass_err=-9.084e-11
warning: flow component anisotropy has increased over the last three diagnostic samples
step= 38000, t=33.137637, dt=8.777e-04, KE=3.151873e-02, Mt=0.2519, A_K=0.395, Cuv=-0.179, P_in=4.843e-04, P_tgt=4.925e-04, A_F=0.048, K_low=0.076, P_drag=-4.654e-04, P_cool=-6.369e-04, WENO=0.083, ReL2D=128.78, eps_nu=5.812e-04, P_hv=1.355e-05, rho_mean=1.000000, p_mean=0.715560, div_rms=1.239e-01, vort_rms=8.650e-01, mass_err=-9.204e-11
warning: flow component anisotropy is high (A_K=0.429)
warning: flow component anisotropy has increased over the last three diagnostic samples
step= 38500, t=33.578575, dt=8.853e-04, KE=3.127042e-02, Mt=0.2509, A_K=0.429, Cuv=-0.158, P_in=4.695e-04, P_tgt=4.791e-04, A_F=0.042, K_low=0.077, P_drag=-4.712e-04, P_cool=-6.324e-04, WENO=0.056, ReL2D=130.27, eps_nu=5.684e-04, P_hv=1.388e-05, rho_mean=1.000000, p_mean=0.715551, div_rms=1.244e-01, vort_rms=8.551e-01, mass_err=-9.325e-11
warning: flow component anisotropy is high (A_K=0.424)
step= 39000, t=34.023532, dt=8.907e-04, KE=3.104598e-02, Mt=0.2503, A_K=0.424, Cuv=-0.117, P_in=4.706e-04, P_tgt=4.744e-04, A_F=0.331, K_low=0.079, P_drag=-4.854e-04, P_cool=-6.211e-04, WENO=0.057, ReL2D=133.59, eps_nu=5.512e-04, P_hv=1.320e-05, rho_mean=1.000000, p_mean=0.715528, div_rms=1.231e-01, vort_rms=8.419e-01, mass_err=-9.447e-11
step= 39500, t=34.470279, dt=8.984e-04, KE=3.082192e-02, Mt=0.2500, A_K=0.378, Cuv=-0.109, P_in=4.731e-04, P_tgt=4.724e-04, A_F=0.327, K_low=0.081, P_drag=-4.923e-04, P_cool=-6.095e-04, WENO=0.063, ReL2D=133.66, eps_nu=5.353e-04, P_hv=1.226e-05, rho_mean=1.000000, p_mean=0.715505, div_rms=1.159e-01, vort_rms=8.307e-01, mass_err=-9.566e-11
step= 40000, t=34.921261, dt=9.007e-04, KE=3.055980e-02, Mt=0.2488, A_K=0.312, Cuv=-0.112, P_in=4.776e-04, P_tgt=4.768e-04, A_F=0.185, K_low=0.080, P_drag=-4.829e-04, P_cool=-6.063e-04, WENO=0.055, ReL2D=132.57, eps_nu=5.230e-04, P_hv=1.150e-05, rho_mean=1.000000, p_mean=0.715498, div_rms=1.213e-01, vort_rms=8.198e-01, mass_err=-9.688e-11
saved snapshot: results/hit2d/conservative_hv_audit_Mt0p25_ReL120_N256/mn0p005_CFL0p10/hit2d_step0040000.npz
step= 40500, t=35.371870, dt=9.024e-04, KE=3.010493e-02, Mt=0.2465, A_K=0.302, Cuv=-0.075, P_in=5.002e-04, P_tgt=5.002e-04, A_F=0.063, K_low=0.079, P_drag=-4.705e-04, P_cool=-6.417e-04, WENO=0.077, ReL2D=129.73, eps_nu=5.099e-04, P_hv=1.080e-05, rho_mean=1.000000, p_mean=0.715569, div_rms=1.165e-01, vort_rms=8.102e-01, mass_err=-9.808e-11
step= 41000, t=35.821546, dt=8.871e-04, KE=3.007287e-02, Mt=0.2466, A_K=0.331, Cuv=-0.071, P_in=5.449e-04, P_tgt=5.396e-04, A_F=0.205, K_low=0.080, P_drag=-4.752e-04, P_cool=-5.960e-04, WENO=0.067, ReL2D=131.82, eps_nu=5.049e-04, P_hv=1.085e-05, rho_mean=1.000000, p_mean=0.715478, div_rms=1.237e-01, vort_rms=8.046e-01, mass_err=-9.929e-11
warning: flow component anisotropy has increased over the last three diagnostic samples
step= 41500, t=36.262245, dt=8.827e-04, KE=3.008054e-02, Mt=0.2467, A_K=0.362, Cuv=-0.099, P_in=5.856e-04, P_tgt=5.762e-04, A_F=0.407, K_low=0.083, P_drag=-4.960e-04, P_cool=-5.526e-04, WENO=0.082, ReL2D=133.34, eps_nu=4.976e-04, P_hv=1.066e-05, rho_mean=1.000000, p_mean=0.715391, div_rms=1.221e-01, vort_rms=7.989e-01, mass_err=-1.005e-10
warning: flow component anisotropy has increased over the last three diagnostic samples
step= 42000, t=36.704380, dt=8.903e-04, KE=2.995120e-02, Mt=0.2457, A_K=0.368, Cuv=-0.136, P_in=6.293e-04, P_tgt=6.233e-04, A_F=0.217, K_low=0.085, P_drag=-5.121e-04, P_cool=-5.383e-04, WENO=0.070, ReL2D=135.14, eps_nu=4.872e-04, P_hv=9.963e-06, rho_mean=1.000000, p_mean=0.715362, div_rms=1.201e-01, vort_rms=7.907e-01, mass_err=-1.017e-10
step= 42500, t=37.148885, dt=8.780e-04, KE=2.973384e-02, Mt=0.2450, A_K=0.320, Cuv=-0.165, P_in=6.717e-04, P_tgt=6.838e-04, A_F=0.071, K_low=0.087, P_drag=-5.187e-04, P_cool=-5.465e-04, WENO=0.067, ReL2D=134.03, eps_nu=4.779e-04, P_hv=1.021e-05, rho_mean=1.000000, p_mean=0.715379, div_rms=1.230e-01, vort_rms=7.822e-01, mass_err=-1.029e-10
step= 43000, t=37.585314, dt=8.740e-04, KE=2.943434e-02, Mt=0.2440, A_K=0.226, Cuv=-0.162, P_in=7.658e-04, P_tgt=7.684e-04, A_F=0.247, K_low=0.089, P_drag=-5.201e-04, P_cool=-5.747e-04, WENO=0.064, ReL2D=131.39, eps_nu=4.694e-04, P_hv=1.016e-05, rho_mean=1.000000, p_mean=0.715435, div_rms=1.183e-01, vort_rms=7.760e-01, mass_err=-1.041e-10
step= 43500, t=38.019574, dt=8.632e-04, KE=2.931268e-02, Mt=0.2432, A_K=0.181, Cuv=-0.164, P_in=8.763e-04, P_tgt=8.774e-04, A_F=0.097, K_low=0.093, P_drag=-5.373e-04, P_cool=-5.750e-04, WENO=0.073, ReL2D=130.42, eps_nu=4.608e-04, P_hv=1.014e-05, rho_mean=1.000000, p_mean=0.715436, div_rms=1.133e-01, vort_rms=7.697e-01, mass_err=-1.053e-10
step= 44000, t=38.454309, dt=8.796e-04, KE=2.936795e-02, Mt=0.2433, A_K=0.208, Cuv=-0.159, P_in=1.005e-03, P_tgt=1.011e-03, A_F=0.106, K_low=0.096, P_drag=-5.634e-04, P_cool=-5.492e-04, WENO=0.077, ReL2D=131.65, eps_nu=4.599e-04, P_hv=9.980e-06, rho_mean=1.000000, p_mean=0.715384, div_rms=1.165e-01, vort_rms=7.683e-01, mass_err=-1.065e-10
warning: flow component anisotropy has increased over the last three diagnostic samples
step= 44500, t=38.894189, dt=8.721e-04, KE=2.946747e-02, Mt=0.2439, A_K=0.248, Cuv=-0.180, P_in=1.148e-03, P_tgt=1.156e-03, A_F=0.053, K_low=0.099, P_drag=-5.857e-04, P_cool=-5.269e-04, WENO=0.063, ReL2D=133.45, eps_nu=4.610e-04, P_hv=9.361e-06, rho_mean=1.000000, p_mean=0.715339, div_rms=1.110e-01, vort_rms=7.702e-01, mass_err=-1.077e-10
step= 45000, t=39.334648, dt=9.020e-04, KE=2.956117e-02, Mt=0.2442, A_K=0.231, Cuv=-0.183, P_in=1.302e-03, P_tgt=1.303e-03, A_F=0.138, K_low=0.102, P_drag=-6.022e-04, P_cool=-5.190e-04, WENO=0.073, ReL2D=135.75, eps_nu=4.637e-04, P_hv=9.172e-06, rho_mean=1.000000, p_mean=0.715324, div_rms=1.141e-01, vort_rms=7.720e-01, mass_err=-1.089e-10
saved snapshot: results/hit2d/conservative_hv_audit_Mt0p25_ReL120_N256/mn0p005_CFL0p10/hit2d_step0045000.npz
step= 45500, t=39.787764, dt=9.073e-04, KE=2.962115e-02, Mt=0.2449, A_K=0.150, Cuv=-0.173, P_in=1.460e-03, P_tgt=1.461e-03, A_F=0.203, K_low=0.105, P_drag=-6.163e-04, P_cool=-5.297e-04, WENO=0.085, ReL2D=135.99, eps_nu=4.759e-04, P_hv=8.510e-06, rho_mean=1.000000, p_mean=0.715345, div_rms=1.137e-01, vort_rms=7.824e-01, mass_err=-1.102e-10
step= 46000, t=40.237989, dt=8.917e-04, KE=2.983633e-02, Mt=0.2454, A_K=0.058, Cuv=-0.161, P_in=1.635e-03, P_tgt=1.614e-03, A_F=0.098, K_low=0.106, P_drag=-6.312e-04, P_cool=-5.217e-04, WENO=0.071, ReL2D=134.61, eps_nu=4.844e-04, P_hv=8.617e-06, rho_mean=1.000000, p_mean=0.715329, div_rms=1.153e-01, vort_rms=7.892e-01, mass_err=-1.114e-10
step= 46500, t=40.684873, dt=8.925e-04, KE=3.001121e-02, Mt=0.2464, A_K=0.006, Cuv=-0.124, P_in=1.744e-03, P_tgt=1.757e-03, A_F=0.013, K_low=0.112, P_drag=-6.650e-04, P_cool=-5.332e-04, WENO=0.071, ReL2D=134.85, eps_nu=4.934e-04, P_hv=9.108e-06, rho_mean=1.000000, p_mean=0.715352, div_rms=1.177e-01, vort_rms=7.963e-01, mass_err=-1.126e-10
step= 47000, t=41.133216, dt=8.969e-04, KE=3.012638e-02, Mt=0.2471, A_K=0.015, Cuv=-0.073, P_in=1.873e-03, P_tgt=1.876e-03, A_F=0.107, K_low=0.120, P_drag=-7.115e-04, P_cool=-5.624e-04, WENO=0.070, ReL2D=132.06, eps_nu=5.016e-04, P_hv=9.035e-06, rho_mean=1.000000, p_mean=0.715411, div_rms=1.105e-01, vort_rms=8.045e-01, mass_err=-1.138e-10
step= 47500, t=41.579610, dt=8.919e-04, KE=3.060369e-02, Mt=0.2485, A_K=0.073, Cuv=-0.058, P_in=1.970e-03, P_tgt=1.962e-03, A_F=0.137, K_low=0.124, P_drag=-7.501e-04, P_cool=-5.245e-04, WENO=0.061, ReL2D=131.14, eps_nu=5.099e-04, P_hv=8.961e-06, rho_mean=1.000000, p_mean=0.715335, div_rms=1.159e-01, vort_rms=8.102e-01, mass_err=-1.150e-10
step= 48000, t=42.025756, dt=8.939e-04, KE=3.096962e-02, Mt=0.2496, A_K=0.087, Cuv=-0.035, P_in=2.035e-03, P_tgt=1.998e-03, A_F=0.065, K_low=0.126, P_drag=-7.782e-04, P_cool=-5.145e-04, WENO=0.047, ReL2D=133.79, eps_nu=5.182e-04, P_hv=9.011e-06, rho_mean=1.000000, p_mean=0.715315, div_rms=1.156e-01, vort_rms=8.170e-01, mass_err=-1.162e-10
step= 48500, t=42.473368, dt=8.930e-04, KE=3.120902e-02, Mt=0.2506, A_K=0.059, Cuv=-0.003, P_in=1.983e-03, P_tgt=2.001e-03, A_F=0.041, K_low=0.131, P_drag=-8.176e-04, P_cool=-5.277e-04, WENO=0.073, ReL2D=136.46, eps_nu=5.249e-04, P_hv=9.015e-06, rho_mean=1.000000, p_mean=0.715341, div_rms=1.142e-01, vort_rms=8.227e-01, mass_err=-1.174e-10
step= 49000, t=42.920983, dt=9.034e-04, KE=3.144399e-02, Mt=0.2522, A_K=0.009, Cuv=0.023, P_in=1.926e-03, P_tgt=1.942e-03, A_F=0.248, K_low=0.138, P_drag=-8.584e-04, P_cool=-5.357e-04, WENO=0.066, ReL2D=135.39, eps_nu=5.353e-04, P_hv=9.058e-06, rho_mean=1.000000, p_mean=0.715357, div_rms=1.173e-01, vort_rms=8.305e-01, mass_err=-1.186e-10
step= 49500, t=43.373761, dt=9.018e-04, KE=3.156688e-02, Mt=0.2530, A_K=0.003, Cuv=0.041, P_in=1.856e-03, P_tgt=1.844e-03, A_F=0.050, K_low=0.142, P_drag=-8.849e-04, P_cool=-5.542e-04, WENO=0.062, ReL2D=135.28, eps_nu=5.440e-04, P_hv=9.201e-06, rho_mean=1.000000, p_mean=0.715394, div_rms=1.197e-01, vort_rms=8.369e-01, mass_err=-1.198e-10
step= 50000, t=43.824636, dt=9.040e-04, KE=3.175410e-02, Mt=0.2536, A_K=0.025, Cuv=0.064, P_in=1.728e-03, P_tgt=1.729e-03, A_F=0.112, K_low=0.143, P_drag=-9.055e-04, P_cool=-5.473e-04, WENO=0.059, ReL2D=137.22, eps_nu=5.462e-04, P_hv=9.223e-06, rho_mean=1.000000, p_mean=0.715380, div_rms=1.155e-01, vort_rms=8.394e-01, mass_err=-1.210e-10
saved snapshot: results/hit2d/conservative_hv_audit_Mt0p25_ReL120_N256/mn0p005_CFL0p10/hit2d_step0050000.npz
step= 50500, t=44.275161, dt=8.984e-04, KE=3.185466e-02, Mt=0.2538, A_K=0.067, Cuv=0.054, P_in=1.605e-03, P_tgt=1.605e-03, A_F=0.107, K_low=0.146, P_drag=-9.262e-04, P_cool=-5.459e-04, WENO=0.054, ReL2D=138.08, eps_nu=5.473e-04, P_hv=8.879e-06, rho_mean=1.000000, p_mean=0.715378, div_rms=1.112e-01, vort_rms=8.411e-01, mass_err=-1.222e-10
step= 51000, t=44.721307, dt=8.915e-04, KE=3.183543e-02, Mt=0.2538, A_K=0.053, Cuv=0.027, P_in=1.479e-03, P_tgt=1.492e-03, A_F=0.033, K_low=0.147, P_drag=-9.332e-04, P_cool=-5.558e-04, WENO=0.061, ReL2D=134.88, eps_nu=5.491e-04, P_hv=9.595e-06, rho_mean=1.000000, p_mean=0.715397, div_rms=1.134e-01, vort_rms=8.421e-01, mass_err=-1.235e-10
step= 51500, t=45.165757, dt=8.813e-04, KE=3.185600e-02, Mt=0.2539, A_K=0.011, Cuv=0.048, P_in=1.377e-03, P_tgt=1.381e-03, A_F=0.181, K_low=0.144, P_drag=-9.163e-04, P_cool=-5.508e-04, WENO=0.060, ReL2D=132.11, eps_nu=5.665e-04, P_hv=9.764e-06, rho_mean=1.000000, p_mean=0.715387, div_rms=1.210e-01, vort_rms=8.543e-01, mass_err=-1.247e-10
step= 52000, t=45.603323, dt=8.773e-04, KE=3.178626e-02, Mt=0.2535, A_K=0.044, Cuv=0.060, P_in=1.278e-03, P_tgt=1.288e-03, A_F=0.279, K_low=0.141, P_drag=-8.907e-04, P_cool=-5.535e-04, WENO=0.052, ReL2D=134.52, eps_nu=5.655e-04, P_hv=9.755e-06, rho_mean=1.000000, p_mean=0.715393, div_rms=1.207e-01, vort_rms=8.535e-01, mass_err=-1.259e-10
step= 52500, t=46.033701, dt=8.480e-04, KE=3.170269e-02, Mt=0.2533, A_K=0.064, Cuv=0.043, P_in=1.191e-03, P_tgt=1.204e-03, A_F=0.121, K_low=0.136, P_drag=-8.564e-04, P_cool=-5.553e-04, WENO=0.053, ReL2D=136.30, eps_nu=5.632e-04, P_hv=1.023e-05, rho_mean=1.000000, p_mean=0.715396, div_rms=1.193e-01, vort_rms=8.520e-01, mass_err=-1.271e-10
step= 53000, t=46.456111, dt=8.450e-04, KE=3.132745e-02, Mt=0.2523, A_K=0.036, Cuv=0.033, P_in=1.145e-03, P_tgt=1.139e-03, A_F=0.058, K_low=0.131, P_drag=-8.136e-04, P_cool=-6.099e-04, WENO=0.052, ReL2D=134.47, eps_nu=5.581e-04, P_hv=1.055e-05, rho_mean=1.000000, p_mean=0.715505, div_rms=1.169e-01, vort_rms=8.485e-01, mass_err=-1.283e-10
step= 53500, t=46.881835, dt=8.586e-04, KE=3.130188e-02, Mt=0.2520, A_K=0.009, Cuv=0.011, P_in=1.094e-03, P_tgt=1.094e-03, A_F=0.108, K_low=0.124, P_drag=-7.762e-04, P_cool=-5.905e-04, WENO=0.059, ReL2D=134.19, eps_nu=5.584e-04, P_hv=1.033e-05, rho_mean=1.000000, p_mean=0.715467, div_rms=1.224e-01, vort_rms=8.477e-01, mass_err=-1.295e-10
step= 54000, t=47.318063, dt=8.773e-04, KE=3.145440e-02, Mt=0.2523, A_K=0.035, Cuv=-0.045, P_in=1.047e-03, P_tgt=1.049e-03, A_F=0.020, K_low=0.121, P_drag=-7.619e-04, P_cool=-5.373e-04, WENO=0.070, ReL2D=135.41, eps_nu=5.554e-04, P_hv=1.016e-05, rho_mean=1.000000, p_mean=0.715360, div_rms=1.178e-01, vort_rms=8.462e-01, mass_err=-1.307e-10
step= 54500, t=47.756044, dt=8.806e-04, KE=3.131894e-02, Mt=0.2514, A_K=0.053, Cuv=-0.103, P_in=1.029e-03, P_tgt=1.008e-03, A_F=0.058, K_low=0.121, P_drag=-7.569e-04, P_cool=-5.413e-04, WENO=0.054, ReL2D=133.77, eps_nu=5.482e-04, P_hv=1.035e-05, rho_mean=1.000000, p_mean=0.715368, div_rms=1.153e-01, vort_rms=8.410e-01, mass_err=-1.319e-10
step= 55000, t=48.203046, dt=9.058e-04, KE=3.108047e-02, Mt=0.2508, A_K=0.031, Cuv=-0.127, P_in=9.634e-04, P_tgt=9.873e-04, A_F=0.025, K_low=0.119, P_drag=-7.419e-04, P_cool=-5.619e-04, WENO=0.057, ReL2D=132.98, eps_nu=5.503e-04, P_hv=1.021e-05, rho_mean=1.000000, p_mean=0.715410, div_rms=1.203e-01, vort_rms=8.417e-01, mass_err=-1.331e-10
saved snapshot: results/hit2d/conservative_hv_audit_Mt0p25_ReL120_N256/mn0p005_CFL0p10/hit2d_step0055000.npz
step= 55500, t=48.652609, dt=8.937e-04, KE=3.092998e-02, Mt=0.2506, A_K=0.008, Cuv=-0.162, P_in=9.835e-04, P_tgt=9.733e-04, A_F=0.100, K_low=0.118, P_drag=-7.253e-04, P_cool=-5.637e-04, WENO=0.055, ReL2D=134.20, eps_nu=5.541e-04, P_hv=1.038e-05, rho_mean=1.000000, p_mean=0.715413, div_rms=1.190e-01, vort_rms=8.450e-01, mass_err=-1.344e-10
step= 56000, t=49.103335, dt=9.022e-04, KE=3.081070e-02, Mt=0.2496, A_K=0.022, Cuv=-0.177, P_in=9.815e-04, P_tgt=9.696e-04, A_F=0.208, K_low=0.117, P_drag=-7.150e-04, P_cool=-5.603e-04, WENO=0.053, ReL2D=132.52, eps_nu=5.598e-04, P_hv=1.065e-05, rho_mean=1.000000, p_mean=0.715406, div_rms=1.200e-01, vort_rms=8.492e-01, mass_err=-1.356e-10
step= 56500, t=49.552341, dt=8.916e-04, KE=3.065377e-02, Mt=0.2491, A_K=0.009, Cuv=-0.241, P_in=9.824e-04, P_tgt=9.850e-04, A_F=0.004, K_low=0.118, P_drag=-7.161e-04, P_cool=-5.644e-04, WENO=0.042, ReL2D=129.95, eps_nu=5.581e-04, P_hv=1.053e-05, rho_mean=1.000000, p_mean=0.715414, div_rms=1.177e-01, vort_rms=8.484e-01, mass_err=-1.368e-10
step= 57000, t=49.992617, dt=8.691e-04, KE=3.054832e-02, Mt=0.2487, A_K=0.010, Cuv=-0.300, P_in=1.008e-03, P_tgt=1.006e-03, A_F=0.339, K_low=0.118, P_drag=-7.169e-04, P_cool=-5.604e-04, WENO=0.070, ReL2D=129.28, eps_nu=5.561e-04, P_hv=1.094e-05, rho_mean=1.000000, p_mean=0.715406, div_rms=1.205e-01, vort_rms=8.463e-01, mass_err=-1.380e-10
step= 57500, t=50.427092, dt=8.732e-04, KE=3.057623e-02, Mt=0.2482, A_K=0.023, Cuv=-0.317, P_in=1.039e-03, P_tgt=1.039e-03, A_F=0.242, K_low=0.117, P_drag=-7.183e-04, P_cool=-5.337e-04, WENO=0.060, ReL2D=131.99, eps_nu=5.523e-04, P_hv=1.103e-05, rho_mean=1.000000, p_mean=0.715353, div_rms=1.223e-01, vort_rms=8.430e-01, mass_err=-1.392e-10
step= 58000, t=50.859995, dt=8.562e-04, KE=3.061483e-02, Mt=0.2485, A_K=0.035, Cuv=-0.308, P_in=1.072e-03, P_tgt=1.075e-03, A_F=0.073, K_low=0.119, P_drag=-7.290e-04, P_cool=-5.154e-04, WENO=0.061, ReL2D=129.53, eps_nu=5.649e-04, P_hv=1.101e-05, rho_mean=1.000000, p_mean=0.715317, div_rms=1.232e-01, vort_rms=8.526e-01, mass_err=-1.404e-10
step= 58500, t=51.286418, dt=8.516e-04, KE=3.036046e-02, Mt=0.2479, A_K=0.027, Cuv=-0.304, P_in=1.106e-03, P_tgt=1.113e-03, A_F=0.087, K_low=0.121, P_drag=-7.337e-04, P_cool=-5.521e-04, WENO=0.048, ReL2D=128.30, eps_nu=5.642e-04, P_hv=1.135e-05, rho_mean=1.000000, p_mean=0.715390, div_rms=1.251e-01, vort_rms=8.517e-01, mass_err=-1.416e-10
step= 59000, t=51.716371, dt=8.627e-04, KE=2.996263e-02, Mt=0.2472, A_K=0.004, Cuv=-0.285, P_in=1.177e-03, P_tgt=1.171e-03, A_F=0.228, K_low=0.121, P_drag=-7.251e-04, P_cool=-6.166e-04, WENO=0.052, ReL2D=128.77, eps_nu=5.605e-04, P_hv=1.149e-05, rho_mean=1.000000, p_mean=0.715519, div_rms=1.280e-01, vort_rms=8.482e-01, mass_err=-1.428e-10
step= 59500, t=52.149726, dt=8.713e-04, KE=2.981167e-02, Mt=0.2465, A_K=0.027, Cuv=-0.303, P_in=1.248e-03, P_tgt=1.251e-03, A_F=0.082, K_low=0.120, P_drag=-7.162e-04, P_cool=-6.348e-04, WENO=0.063, ReL2D=128.16, eps_nu=5.648e-04, P_hv=1.130e-05, rho_mean=1.000000, p_mean=0.715555, div_rms=1.145e-01, vort_rms=8.541e-01, mass_err=-1.441e-10
step= 60000, t=52.585855, dt=8.701e-04, KE=3.010946e-02, Mt=0.2472, A_K=0.034, Cuv=-0.308, P_in=1.342e-03, P_tgt=1.335e-03, A_F=0.238, K_low=0.118, P_drag=-7.122e-04, P_cool=-5.735e-04, WENO=0.071, ReL2D=128.12, eps_nu=5.709e-04, P_hv=1.110e-05, rho_mean=1.000000, p_mean=0.715433, div_rms=1.202e-01, vort_rms=8.578e-01, mass_err=-1.453e-10
saved snapshot: results/hit2d/conservative_hv_audit_Mt0p25_ReL120_N256/mn0p005_CFL0p10/hit2d_step0060000.npz
step= 60500, t=53.019836, dt=8.651e-04, KE=3.018154e-02, Mt=0.2473, A_K=0.043, Cuv=-0.313, P_in=1.388e-03, P_tgt=1.412e-03, A_F=0.100, K_low=0.118, P_drag=-7.099e-04, P_cool=-5.679e-04, WENO=0.076, ReL2D=126.10, eps_nu=5.768e-04, P_hv=1.089e-05, rho_mean=1.000000, p_mean=0.715421, div_rms=1.132e-01, vort_rms=8.636e-01, mass_err=-1.465e-10
step= 61000, t=53.450721, dt=8.638e-04, KE=3.017989e-02, Mt=0.2478, A_K=0.045, Cuv=-0.306, P_in=1.506e-03, P_tgt=1.483e-03, A_F=0.154, K_low=0.116, P_drag=-6.944e-04, P_cool=-5.835e-04, WENO=0.048, ReL2D=124.36, eps_nu=5.856e-04, P_hv=1.077e-05, rho_mean=1.000000, p_mean=0.715453, div_rms=1.181e-01, vort_rms=8.694e-01, mass_err=-1.477e-10
step= 61500, t=53.886024, dt=8.767e-04, KE=3.016552e-02, Mt=0.2480, A_K=0.052, Cuv=-0.286, P_in=1.541e-03, P_tgt=1.551e-03, A_F=0.060, K_low=0.111, P_drag=-6.627e-04, P_cool=-6.071e-04, WENO=0.058, ReL2D=124.23, eps_nu=5.848e-04, P_hv=1.100e-05, rho_mean=1.000000, p_mean=0.715500, div_rms=1.167e-01, vort_rms=8.690e-01, mass_err=-1.489e-10
step= 62000, t=54.327704, dt=8.893e-04, KE=3.046545e-02, Mt=0.2489, A_K=0.099, Cuv=-0.253, P_in=1.571e-03, P_tgt=1.600e-03, A_F=0.076, K_low=0.105, P_drag=-6.316e-04, P_cool=-5.772e-04, WENO=0.062, ReL2D=124.58, eps_nu=5.894e-04, P_hv=1.066e-05, rho_mean=1.000000, p_mean=0.715440, div_rms=1.243e-01, vort_rms=8.712e-01, mass_err=-1.501e-10
step= 62500, t=54.774233, dt=9.006e-04, KE=3.068102e-02, Mt=0.2496, A_K=0.134, Cuv=-0.186, P_in=1.640e-03, P_tgt=1.624e-03, A_F=0.004, K_low=0.099, P_drag=-5.951e-04, P_cool=-5.729e-04, WENO=0.042, ReL2D=127.26, eps_nu=5.915e-04, P_hv=1.059e-05, rho_mean=1.000000, p_mean=0.715432, div_rms=1.228e-01, vort_rms=8.731e-01, mass_err=-1.513e-10
step= 63000, t=55.229963, dt=9.105e-04, KE=3.056960e-02, Mt=0.2492, A_K=0.155, Cuv=-0.193, P_in=1.647e-03, P_tgt=1.643e-03, A_F=0.004, K_low=0.094, P_drag=-5.644e-04, P_cool=-6.382e-04, WENO=0.041, ReL2D=127.75, eps_nu=5.907e-04, P_hv=1.040e-05, rho_mean=1.000000, p_mean=0.715562, div_rms=1.271e-01, vort_rms=8.716e-01, mass_err=-1.525e-10
step= 63500, t=55.680998, dt=8.973e-04, KE=3.080343e-02, Mt=0.2505, A_K=0.123, Cuv=-0.197, P_in=1.696e-03, P_tgt=1.656e-03, A_F=0.046, K_low=0.092, P_drag=-5.551e-04, P_cool=-6.319e-04, WENO=0.064, ReL2D=130.98, eps_nu=5.967e-04, P_hv=1.045e-05, rho_mean=1.000000, p_mean=0.715549, div_rms=1.335e-01, vort_rms=8.749e-01, mass_err=-1.537e-10
step= 64000, t=56.116589, dt=8.560e-04, KE=3.121674e-02, Mt=0.2515, A_K=0.084, Cuv=-0.141, P_in=1.619e-03, P_tgt=1.618e-03, A_F=0.148, K_low=0.088, P_drag=-5.398e-04, P_cool=-5.924e-04, WENO=0.075, ReL2D=131.58, eps_nu=6.072e-04, P_hv=1.087e-05, rho_mean=1.000000, p_mean=0.715471, div_rms=1.281e-01, vort_rms=8.839e-01, mass_err=-1.549e-10
step= 64500, t=56.542791, dt=8.442e-04, KE=3.134251e-02, Mt=0.2523, A_K=0.060, Cuv=-0.109, P_in=1.559e-03, P_tgt=1.558e-03, A_F=0.136, K_low=0.083, P_drag=-5.198e-04, P_cool=-6.067e-04, WENO=0.053, ReL2D=129.22, eps_nu=6.106e-04, P_hv=1.172e-05, rho_mean=1.000000, p_mean=0.715499, div_rms=1.336e-01, vort_rms=8.853e-01, mass_err=-1.562e-10
step= 65000, t=56.952306, dt=8.061e-04, KE=3.147171e-02, Mt=0.2531, A_K=0.043, Cuv=-0.075, P_in=1.463e-03, P_tgt=1.479e-03, A_F=0.077, K_low=0.082, P_drag=-5.171e-04, P_cool=-6.130e-04, WENO=0.049, ReL2D=126.88, eps_nu=6.115e-04, P_hv=1.228e-05, rho_mean=1.000000, p_mean=0.715512, div_rms=1.411e-01, vort_rms=8.845e-01, mass_err=-1.574e-10
saved snapshot: results/hit2d/conservative_hv_audit_Mt0p25_ReL120_N256/mn0p005_CFL0p10/hit2d_step0065000.npz
step= 65500, t=57.358971, dt=8.237e-04, KE=3.150782e-02, Mt=0.2540, A_K=0.021, Cuv=-0.067, P_in=1.390e-03, P_tgt=1.379e-03, A_F=0.043, K_low=0.087, P_drag=-5.395e-04, P_cool=-6.299e-04, WENO=0.054, ReL2D=126.82, eps_nu=6.182e-04, P_hv=1.263e-05, rho_mean=1.000000, p_mean=0.715546, div_rms=1.401e-01, vort_rms=8.896e-01, mass_err=-1.586e-10
step= 66000, t=57.776594, dt=8.328e-04, KE=3.134882e-02, Mt=0.2539, A_K=0.028, Cuv=-0.051, P_in=1.276e-03, P_tgt=1.275e-03, A_F=0.297, K_low=0.092, P_drag=-5.607e-04, P_cool=-6.725e-04, WENO=0.046, ReL2D=126.37, eps_nu=6.168e-04, P_hv=1.216e-05, rho_mean=1.000000, p_mean=0.715631, div_rms=1.436e-01, vort_rms=8.879e-01, mass_err=-1.598e-10
step= 66500, t=58.189549, dt=8.260e-04, KE=3.113110e-02, Mt=0.2533, A_K=0.038, Cuv=-0.003, P_in=1.194e-03, P_tgt=1.191e-03, A_F=0.008, K_low=0.094, P_drag=-5.751e-04, P_cool=-7.133e-04, WENO=0.045, ReL2D=124.83, eps_nu=6.134e-04, P_hv=1.218e-05, rho_mean=1.000000, p_mean=0.715712, div_rms=1.359e-01, vort_rms=8.869e-01, mass_err=-1.610e-10
step= 67000, t=58.606421, dt=8.369e-04, KE=3.127981e-02, Mt=0.2540, A_K=0.023, Cuv=0.058, P_in=1.096e-03, P_tgt=1.106e-03, A_F=0.184, K_low=0.097, P_drag=-6.020e-04, P_cool=-6.727e-04, WENO=0.051, ReL2D=122.43, eps_nu=6.183e-04, P_hv=1.209e-05, rho_mean=1.000000, p_mean=0.715631, div_rms=1.415e-01, vort_rms=8.894e-01, mass_err=-1.622e-10
step= 67500, t=59.029488, dt=8.512e-04, KE=3.111271e-02, Mt=0.2526, A_K=0.018, Cuv=0.076, P_in=1.038e-03, P_tgt=1.035e-03, A_F=0.046, K_low=0.103, P_drag=-6.363e-04, P_cool=-6.866e-04, WENO=0.066, ReL2D=120.72, eps_nu=6.161e-04, P_hv=1.139e-05, rho_mean=1.000000, p_mean=0.715659, div_rms=1.311e-01, vort_rms=8.899e-01, mass_err=-1.635e-10
step= 68000, t=59.456035, dt=8.536e-04, KE=3.097312e-02, Mt=0.2521, A_K=0.061, Cuv=0.074, P_in=9.915e-04, P_tgt=9.904e-04, A_F=0.225, K_low=0.111, P_drag=-6.777e-04, P_cool=-6.862e-04, WENO=0.053, ReL2D=121.14, eps_nu=6.169e-04, P_hv=1.112e-05, rho_mean=1.000000, p_mean=0.715658, div_rms=1.355e-01, vort_rms=8.896e-01, mass_err=-1.647e-10
step= 68500, t=59.883171, dt=8.528e-04, KE=3.080479e-02, Mt=0.2520, A_K=0.046, Cuv=0.082, P_in=9.631e-04, P_tgt=9.512e-04, A_F=0.005, K_low=0.122, P_drag=-7.401e-04, P_cool=-6.841e-04, WENO=0.043, ReL2D=120.78, eps_nu=6.130e-04, P_hv=1.115e-05, rho_mean=1.000000, p_mean=0.715654, div_rms=1.380e-01, vort_rms=8.862e-01, mass_err=-1.659e-10
step= 69000, t=60.307424, dt=8.455e-04, KE=3.060969e-02, Mt=0.2515, A_K=0.003, Cuv=0.137, P_in=9.176e-04, P_tgt=9.187e-04, A_F=0.070, K_low=0.137, P_drag=-8.194e-04, P_cool=-6.785e-04, WENO=0.051, ReL2D=121.09, eps_nu=6.117e-04, P_hv=1.093e-05, rho_mean=1.000000, p_mean=0.715643, div_rms=1.290e-01, vort_rms=8.870e-01, mass_err=-1.671e-10
step= 69500, t=60.732753, dt=8.509e-04, KE=3.061698e-02, Mt=0.2509, A_K=0.007, Cuv=0.166, P_in=8.909e-04, P_tgt=8.970e-04, A_F=0.161, K_low=0.149, P_drag=-8.926e-04, P_cool=-6.254e-04, WENO=0.049, ReL2D=119.04, eps_nu=6.112e-04, P_hv=1.066e-05, rho_mean=1.000000, p_mean=0.715537, div_rms=1.299e-01, vort_rms=8.865e-01, mass_err=-1.683e-10
step= 70000, t=61.156526, dt=8.437e-04, KE=3.042970e-02, Mt=0.2495, A_K=0.036, Cuv=0.159, P_in=8.881e-04, P_tgt=8.925e-04, A_F=0.166, K_low=0.160, P_drag=-9.539e-04, P_cool=-6.082e-04, WENO=0.054, ReL2D=119.10, eps_nu=6.059e-04, P_hv=1.065e-05, rho_mean=1.000000, p_mean=0.715502, div_rms=1.202e-01, vort_rms=8.844e-01, mass_err=-1.695e-10
saved snapshot: results/hit2d/conservative_hv_audit_Mt0p25_ReL120_N256/mn0p005_CFL0p10/hit2d_step0070000.npz
step= 70500, t=61.575659, dt=8.343e-04, KE=3.017863e-02, Mt=0.2483, A_K=0.052, Cuv=0.148, P_in=9.190e-04, P_tgt=9.142e-04, A_F=0.083, K_low=0.170, P_drag=-1.008e-03, P_cool=-6.011e-04, WENO=0.061, ReL2D=120.30, eps_nu=5.981e-04, P_hv=1.089e-05, rho_mean=1.000000, p_mean=0.715488, div_rms=1.177e-01, vort_rms=8.789e-01, mass_err=-1.708e-10
step= 71000, t=61.990741, dt=8.228e-04, KE=2.985772e-02, Mt=0.2472, A_K=0.070, Cuv=0.150, P_in=1.068e-03, P_tgt=9.555e-04, A_F=0.151, K_low=0.181, P_drag=-1.065e-03, P_cool=-6.069e-04, WENO=0.065, ReL2D=120.99, eps_nu=5.926e-04, P_hv=1.107e-05, rho_mean=1.000000, p_mean=0.715500, div_rms=1.168e-01, vort_rms=8.750e-01, mass_err=-1.720e-10
step= 71500, t=62.399046, dt=8.146e-04, KE=2.960690e-02, Mt=0.2459, A_K=0.085, Cuv=0.135, P_in=1.024e-03, P_tgt=1.026e-03, A_F=0.207, K_low=0.193, P_drag=-1.124e-03, P_cool=-5.991e-04, WENO=0.055, ReL2D=119.43, eps_nu=5.906e-04, P_hv=1.113e-05, rho_mean=1.000000, p_mean=0.715484, div_rms=1.201e-01, vort_rms=8.729e-01, mass_err=-1.732e-10
step= 72000, t=62.812095, dt=8.432e-04, KE=2.930331e-02, Mt=0.2451, A_K=0.102, Cuv=0.098, P_in=1.124e-03, P_tgt=1.125e-03, A_F=0.031, K_low=0.204, P_drag=-1.170e-03, P_cool=-6.045e-04, WENO=0.042, ReL2D=119.55, eps_nu=5.934e-04, P_hv=1.115e-05, rho_mean=1.000000, p_mean=0.715495, div_rms=1.236e-01, vort_rms=8.744e-01, mass_err=-1.744e-10
step= 72500, t=63.240951, dt=8.649e-04, KE=2.867382e-02, Mt=0.2431, A_K=0.098, Cuv=0.078, P_in=1.286e-03, P_tgt=1.269e-03, A_F=0.131, K_low=0.215, P_drag=-1.194e-03, P_cool=-6.761e-04, WENO=0.051, ReL2D=119.15, eps_nu=5.857e-04, P_hv=1.134e-05, rho_mean=1.000000, p_mean=0.715638, div_rms=1.126e-01, vort_rms=8.705e-01, mass_err=-1.756e-10
step= 73000, t=63.677194, dt=8.776e-04, KE=2.851504e-02, Mt=0.2420, A_K=0.088, Cuv=0.057, P_in=1.507e-03, P_tgt=1.489e-03, A_F=0.041, K_low=0.216, P_drag=-1.205e-03, P_cool=-6.639e-04, WENO=0.062, ReL2D=117.55, eps_nu=5.817e-04, P_hv=1.108e-05, rho_mean=1.000000, p_mean=0.715614, div_rms=1.147e-01, vort_rms=8.671e-01, mass_err=-1.768e-10
step= 73500, t=64.118572, dt=8.820e-04, KE=2.872861e-02, Mt=0.2426, A_K=0.109, Cuv=0.030, P_in=1.758e-03, P_tgt=1.750e-03, A_F=0.146, K_low=0.215, P_drag=-1.209e-03, P_cool=-6.020e-04, WENO=0.066, ReL2D=119.31, eps_nu=5.870e-04, P_hv=1.100e-05, rho_mean=1.000000, p_mean=0.715490, div_rms=1.158e-01, vort_rms=8.709e-01, mass_err=-1.781e-10
step= 74000, t=64.558606, dt=8.756e-04, KE=2.899147e-02, Mt=0.2435, A_K=0.160, Cuv=0.011, P_in=2.018e-03, P_tgt=2.021e-03, A_F=0.171, K_low=0.207, P_drag=-1.179e-03, P_cool=-5.590e-04, WENO=0.070, ReL2D=121.96, eps_nu=5.958e-04, P_hv=1.136e-05, rho_mean=1.000000, p_mean=0.715404, div_rms=1.179e-01, vort_rms=8.772e-01, mass_err=-1.793e-10
step= 74500, t=64.995547, dt=8.780e-04, KE=2.909312e-02, Mt=0.2436, A_K=0.187, Cuv=0.019, P_in=2.297e-03, P_tgt=2.311e-03, A_F=0.267, K_low=0.194, P_drag=-1.120e-03, P_cool=-5.783e-04, WENO=0.051, ReL2D=123.58, eps_nu=5.983e-04, P_hv=1.167e-05, rho_mean=1.000000, p_mean=0.715442, div_rms=1.135e-01, vort_rms=8.799e-01, mass_err=-1.805e-10
warning: flow component anisotropy has increased over the last three diagnostic samples
step= 75000, t=65.432942, dt=8.718e-04, KE=2.929219e-02, Mt=0.2449, A_K=0.200, Cuv=0.029, P_in=2.623e-03, P_tgt=2.609e-03, A_F=0.271, K_low=0.187, P_drag=-1.076e-03, P_cool=-6.062e-04, WENO=0.043, ReL2D=123.80, eps_nu=6.074e-04, P_hv=1.202e-05, rho_mean=1.000000, p_mean=0.715498, div_rms=1.161e-01, vort_rms=8.862e-01, mass_err=-1.817e-10
saved snapshot: results/hit2d/conservative_hv_audit_Mt0p25_ReL120_N256/mn0p005_CFL0p10/hit2d_step0075000.npz
step= 75500, t=65.875225, dt=8.979e-04, KE=2.967931e-02, Mt=0.2465, A_K=0.183, Cuv=0.034, P_in=2.856e-03, P_tgt=2.847e-03, A_F=0.064, K_low=0.175, P_drag=-1.018e-03, P_cool=-6.238e-04, WENO=0.057, ReL2D=126.77, eps_nu=6.261e-04, P_hv=1.209e-05, rho_mean=1.000000, p_mean=0.715533, div_rms=1.169e-01, vort_rms=8.999e-01, mass_err=-1.829e-10
step= 76000, t=66.320448, dt=8.781e-04, KE=3.020101e-02, Mt=0.2484, A_K=0.148, Cuv=0.057, P_in=3.010e-03, P_tgt=3.007e-03, A_F=0.098, K_low=0.160, P_drag=-9.533e-04, P_cool=-6.368e-04, WENO=0.080, ReL2D=127.41, eps_nu=6.394e-04, P_hv=1.221e-05, rho_mean=1.000000, p_mean=0.715559, div_rms=1.087e-01, vort_rms=9.110e-01, mass_err=-1.841e-10
step= 76500, t=66.755108, dt=8.683e-04, KE=3.100521e-02, Mt=0.2519, A_K=0.165, Cuv=0.080, P_in=2.977e-03, P_tgt=2.997e-03, A_F=0.079, K_low=0.146, P_drag=-8.919e-04, P_cool=-6.047e-04, WENO=0.045, ReL2D=127.60, eps_nu=6.542e-04, P_hv=1.275e-05, rho_mean=1.000000, p_mean=0.715495, div_rms=1.233e-01, vort_rms=9.193e-01, mass_err=-1.853e-10
warning: flow component anisotropy has increased over the last three diagnostic samples
step= 77000, t=67.190992, dt=8.704e-04, KE=3.146596e-02, Mt=0.2534, A_K=0.206, Cuv=0.065, P_in=2.812e-03, P_tgt=2.835e-03, A_F=0.139, K_low=0.127, P_drag=-7.969e-04, P_cool=-6.395e-04, WENO=0.052, ReL2D=128.51, eps_nu=6.635e-04, P_hv=1.266e-05, rho_mean=1.000000, p_mean=0.715565, div_rms=1.211e-01, vort_rms=9.263e-01, mass_err=-1.865e-10
warning: flow component anisotropy has increased over the last three diagnostic samples
step= 77500, t=67.627736, dt=8.794e-04, KE=3.202852e-02, Mt=0.2547, A_K=0.237, Cuv=0.061, P_in=2.644e-03, P_tgt=2.630e-03, A_F=0.130, K_low=0.111, P_drag=-7.108e-04, P_cool=-6.439e-04, WENO=0.066, ReL2D=127.48, eps_nu=6.772e-04, P_hv=1.246e-05, rho_mean=1.000000, p_mean=0.715573, div_rms=1.161e-01, vort_rms=9.368e-01, mass_err=-1.878e-10
step= 78000, t=68.060284, dt=8.507e-04, KE=3.274286e-02, Mt=0.2575, A_K=0.237, Cuv=0.014, P_in=2.252e-03, P_tgt=2.333e-03, A_F=0.064, K_low=0.103, P_drag=-6.764e-04, P_cool=-6.037e-04, WENO=0.062, ReL2D=126.05, eps_nu=6.996e-04, P_hv=1.279e-05, rho_mean=1.000000, p_mean=0.715493, div_rms=1.219e-01, vort_rms=9.516e-01, mass_err=-1.890e-10
step= 78500, t=68.483912, dt=8.455e-04, KE=3.312692e-02, Mt=0.2589, A_K=0.248, Cuv=-0.027, P_in=1.978e-03, P_tgt=1.994e-03, A_F=0.004, K_low=0.099, P_drag=-6.527e-04, P_cool=-6.029e-04, WENO=0.069, ReL2D=126.34, eps_nu=7.029e-04, P_hv=1.333e-05, rho_mean=1.000000, p_mean=0.715492, div_rms=1.183e-01, vort_rms=9.545e-01, mass_err=-1.902e-10
warning: flow component anisotropy has increased over the last three diagnostic samples
step= 79000, t=68.904584, dt=8.406e-04, KE=3.336525e-02, Mt=0.2600, A_K=0.263, Cuv=-0.009, P_in=1.656e-03, P_tgt=1.665e-03, A_F=0.224, K_low=0.092, P_drag=-6.150e-04, P_cool=-6.051e-04, WENO=0.058, ReL2D=128.92, eps_nu=7.026e-04, P_hv=1.331e-05, rho_mean=1.000000, p_mean=0.715496, div_rms=1.249e-01, vort_rms=9.531e-01, mass_err=-1.914e-10
warning: flow component anisotropy has increased over the last three diagnostic samples
step= 79500, t=69.326427, dt=8.490e-04, KE=3.331120e-02, Mt=0.2596, A_K=0.272, Cuv=0.002, P_in=1.400e-03, P_tgt=1.382e-03, A_F=0.047, K_low=0.088, P_drag=-5.909e-04, P_cool=-6.408e-04, WENO=0.060, ReL2D=131.26, eps_nu=6.971e-04, P_hv=1.292e-05, rho_mean=1.000000, p_mean=0.715567, div_rms=1.200e-01, vort_rms=9.501e-01, mass_err=-1.926e-10
warning: flow component anisotropy has increased over the last three diagnostic samples
step= 80000, t=69.750778, dt=8.417e-04, KE=3.344492e-02, Mt=0.2600, A_K=0.272, Cuv=-0.003, P_in=1.152e-03, P_tgt=1.151e-03, A_F=0.025, K_low=0.090, P_drag=-5.993e-04, P_cool=-6.175e-04, WENO=0.056, ReL2D=132.85, eps_nu=6.940e-04, P_hv=1.314e-05, rho_mean=1.000000, p_mean=0.715521, div_rms=1.264e-01, vort_rms=9.469e-01, mass_err=-1.938e-10
saved snapshot: results/hit2d/conservative_hv_audit_Mt0p25_ReL120_N256/mn0p005_CFL0p10/hit2d_step0080000.npz
warning: flow component anisotropy has increased over the last three diagnostic samples
step= 80299, t=70.000000, dt=2.133e-04, KE=3.344996e-02, Mt=0.2602, A_K=0.276, Cuv=-0.018, P_in=1.015e-03, P_tgt=1.026e-03, A_F=0.084, K_low=0.092, P_drag=-6.075e-04, P_cool=-6.101e-04, WENO=0.051, ReL2D=133.83, eps_nu=6.884e-04, P_hv=1.327e-05, rho_mean=1.000000, p_mean=0.715506, div_rms=1.242e-01, vort_rms=9.434e-01, mass_err=-1.945e-10
saved snapshot: results/hit2d/conservative_hv_audit_Mt0p25_ReL120_N256/mn0p005_CFL0p10/hit2d_step0080299.npz
completed 2D HIT run at t=70.000000 in 80299 steps
Post-processing mn0p005_CFL0p10
/home/fatienza/github/HIT_Solver/2D/hit2d_viewer.py:405: UserWarning: No artists with labels found to put in legend.  Note that artists whose label start with an underscore are ignored when legend() is called with no argument.
  ax.legend()
saved HIT diagnostic field plot: results/hit2d/conservative_hv_audit_Mt0p25_ReL120_N256/mn0p005_CFL0p10/postprocess/hit2d_physics_fields.png
saved HIT history plot: results/hit2d/conservative_hv_audit_Mt0p25_ReL120_N256/mn0p005_CFL0p10/postprocess/hit2d_history.png
saved isotropy diagnostics: results/hit2d/conservative_hv_audit_Mt0p25_ReL120_N256/mn0p005_CFL0p10/isotropy_diagnostics.npz
selected interval: t=[26.193, 61.1565], Neddy=[4.16751, 9.74462], snapshots=9
turnover reference length: L_ref=1.570796e+00
isotropy mismatch: E_LL=1.113859e-01 (normalized=2.700159e-01), E_NN=1.389917e-01 (normalized=3.603747e-01)
selected means: K=3.090816e-02, Mt=2.503312e-01, A_K=1.210636e-01, C_uv=-1.083897e-01
saved isotropy plot: results/hit2d/conservative_hv_audit_Mt0p25_ReL120_N256/mn0p005_CFL0p10/postprocess/stationarity_K_Mt.png
saved isotropy plot: results/hit2d/conservative_hv_audit_Mt0p25_ReL120_N256/mn0p005_CFL0p10/postprocess/directional_isotropy_correlations.png
saved isotropy plot: results/hit2d/conservative_hv_audit_Mt0p25_ReL120_N256/mn0p005_CFL0p10/postprocess/component_energy_anisotropy.png
saved spectra diagnostics: results/hit2d/conservative_hv_audit_Mt0p25_ReL120_N256/mn0p005_CFL0p10/spectra_diagnostics.npz
saved spectra plot: results/hit2d/conservative_hv_audit_Mt0p25_ReL120_N256/mn0p005_CFL0p10/postprocess/energy_enstrophy_spectra.png
cutoff ratios: energy=0.000e+00, enstrophy=1.056e+00
spectral checks: Parseval=0.000e+00, Helmholtz closure=7.013e-17, <chi_d>=1.245e-02
saved PDF diagnostics: results/hit2d/conservative_hv_audit_Mt0p25_ReL120_N256/mn0p005_CFL0p10/pdf_diagnostics.npz
saved PDF plot: results/hit2d/conservative_hv_audit_Mt0p25_ReL120_N256/mn0p005_CFL0p10/postprocess/one_point_pdfs.png
PDF moments: S_theta=-8.073e-01, F_theta=1.161e+01, S_omega=-4.488e-02, F_omega=3.115e+00

------------------------------------------------------------
Starting mn0p010_CFL0p10 at Sun Aug  9 08:58:30 PM CEST 2026
mn=0.010 CFL=0.10 mode=conservative_flux interval=5
------------------------------------------------------------
Using array backend: cupy
saved run configuration: results/hit2d/conservative_hv_audit_Mt0p25_ReL120_N256/mn0p010_CFL0p10/config.json
resolved initial Re_lambda_2d=120.000000 with dynamic viscosity=7.560701e-04
step=     0, t=0.000000, dt=0.000e+00, KE=3.125000e-02, Mt=0.2500, A_K=0.000, Cuv=0.000, P_in=0.000e+00, P_tgt=0.000e+00, A_F=0.000, K_low=0.000, P_drag=0.000e+00, P_cool=0.000e+00, WENO=0.018, ReL2D=120.00, eps_nu=7.186e-04, P_hv=0.000e+00, rho_mean=1.000000, p_mean=0.714286, div_rms=6.115e-15, vort_rms=9.749e-01, mass_err=0.000e+00
step=   500, t=0.442881, dt=8.892e-04, KE=3.043339e-02, Mt=0.2473, A_K=0.003, Cuv=-0.012, P_in=1.013e-03, P_tgt=1.013e-03, A_F=0.175, K_low=0.004, P_drag=-2.295e-05, P_cool=-2.466e-04, WENO=0.017, ReL2D=118.58, eps_nu=7.096e-04, P_hv=1.258e-05, rho_mean=1.000000, p_mean=0.714779, div_rms=1.170e-01, vort_rms=9.593e-01, mass_err=-1.215e-12
step=  1000, t=0.892094, dt=9.065e-04, KE=3.007412e-02, Mt=0.2480, A_K=0.005, Cuv=-0.043, P_in=1.045e-03, P_tgt=1.078e-03, A_F=0.034, K_low=0.007, P_drag=-3.893e-05, P_cool=-3.780e-04, WENO=0.039, ReL2D=121.33, eps_nu=7.230e-04, P_hv=1.311e-05, rho_mean=1.000000, p_mean=0.715042, div_rms=1.351e-01, vort_rms=9.653e-01, mass_err=-2.430e-12
step=  1500, t=1.345131, dt=8.978e-04, KE=3.059731e-02, Mt=0.2493, A_K=0.015, Cuv=-0.025, P_in=1.113e-03, P_tgt=1.094e-03, A_F=0.020, K_low=0.006, P_drag=-3.401e-05, P_cool=-3.690e-04, WENO=0.058, ReL2D=122.08, eps_nu=7.291e-04, P_hv=1.332e-05, rho_mean=1.000000, p_mean=0.715024, div_rms=1.204e-01, vort_rms=9.721e-01, mass_err=-3.638e-12
step=  2000, t=1.794520, dt=8.911e-04, KE=3.079117e-02, Mt=0.2500, A_K=0.034, Cuv=0.006, P_in=1.117e-03, P_tgt=1.103e-03, A_F=0.109, K_low=0.008, P_drag=-4.597e-05, P_cool=-3.929e-04, WENO=0.047, ReL2D=124.08, eps_nu=7.452e-04, P_hv=1.427e-05, rho_mean=1.000000, p_mean=0.715071, div_rms=1.294e-01, vort_rms=9.815e-01, mass_err=-4.853e-12
step=  2500, t=2.237454, dt=8.880e-04, KE=3.099368e-02, Mt=0.2505, A_K=0.039, Cuv=-0.012, P_in=1.091e-03, P_tgt=1.098e-03, A_F=0.098, K_low=0.010, P_drag=-6.124e-05, P_cool=-4.094e-04, WENO=0.055, ReL2D=124.41, eps_nu=7.543e-04, P_hv=1.577e-05, rho_mean=1.000000, p_mean=0.715104, div_rms=1.272e-01, vort_rms=9.880e-01, mass_err=-6.061e-12
step=  3000, t=2.683679, dt=8.964e-04, KE=3.122413e-02, Mt=0.2510, A_K=0.092, Cuv=-0.015, P_in=1.094e-03, P_tgt=1.080e-03, A_F=0.002, K_low=0.008, P_drag=-5.277e-05, P_cool=-4.189e-04, WENO=0.067, ReL2D=121.87, eps_nu=7.560e-04, P_hv=1.706e-05, rho_mean=1.000000, p_mean=0.715123, div_rms=1.274e-01, vort_rms=9.891e-01, mass_err=-7.276e-12
step=  3500, t=3.132622, dt=8.934e-04, KE=3.128815e-02, Mt=0.2512, A_K=0.135, Cuv=0.011, P_in=1.066e-03, P_tgt=1.061e-03, A_F=0.078, K_low=0.009, P_drag=-5.821e-05, P_cool=-4.579e-04, WENO=0.060, ReL2D=124.90, eps_nu=7.526e-04, P_hv=1.775e-05, rho_mean=1.000000, p_mean=0.715202, div_rms=1.290e-01, vort_rms=9.865e-01, mass_err=-8.477e-12
step=  4000, t=3.580930, dt=8.997e-04, KE=3.135908e-02, Mt=0.2519, A_K=0.167, Cuv=0.032, P_in=1.027e-03, P_tgt=1.027e-03, A_F=0.122, K_low=0.016, P_drag=-9.397e-05, P_cool=-4.885e-04, WENO=0.045, ReL2D=128.35, eps_nu=7.397e-04, P_hv=1.891e-05, rho_mean=1.000000, p_mean=0.715263, div_rms=1.259e-01, vort_rms=9.784e-01, mass_err=-9.692e-12
step=  4500, t=4.030667, dt=8.930e-04, KE=3.130820e-02, Mt=0.2519, A_K=0.193, Cuv=0.041, P_in=9.961e-04, P_tgt=9.890e-04, A_F=0.117, K_low=0.019, P_drag=-1.148e-04, P_cool=-5.341e-04, WENO=0.053, ReL2D=128.65, eps_nu=7.325e-04, P_hv=1.999e-05, rho_mean=1.000000, p_mean=0.715354, div_rms=1.247e-01, vort_rms=9.737e-01, mass_err=-1.090e-11
warning: flow component anisotropy has increased over the last three diagnostic samples
step=  5000, t=4.477405, dt=8.996e-04, KE=3.128594e-02, Mt=0.2522, A_K=0.206, Cuv=0.056, P_in=9.394e-04, P_tgt=9.493e-04, A_F=0.206, K_low=0.021, P_drag=-1.263e-04, P_cool=-5.651e-04, WENO=0.064, ReL2D=128.66, eps_nu=7.301e-04, P_hv=2.119e-05, rho_mean=1.000000, p_mean=0.715416, div_rms=1.224e-01, vort_rms=9.725e-01, mass_err=-1.211e-11
saved snapshot: results/hit2d/conservative_hv_audit_Mt0p25_ReL120_N256/mn0p010_CFL0p10/hit2d_step0005000.npz
step=  5500, t=4.933024, dt=9.239e-04, KE=3.146288e-02, Mt=0.2525, A_K=0.193, Cuv=0.084, P_in=9.080e-04, P_tgt=9.058e-04, A_F=0.100, K_low=0.026, P_drag=-1.607e-04, P_cool=-5.507e-04, WENO=0.060, ReL2D=130.89, eps_nu=7.269e-04, P_hv=2.115e-05, rho_mean=1.000000, p_mean=0.715387, div_rms=1.263e-01, vort_rms=9.696e-01, mass_err=-1.332e-11
step=  6000, t=5.394751, dt=9.146e-04, KE=3.146622e-02, Mt=0.2521, A_K=0.155, Cuv=0.065, P_in=8.679e-04, P_tgt=8.650e-04, A_F=0.211, K_low=0.030, P_drag=-1.898e-04, P_cool=-5.640e-04, WENO=0.063, ReL2D=132.52, eps_nu=7.183e-04, P_hv=2.183e-05, rho_mean=1.000000, p_mean=0.715414, div_rms=1.173e-01, vort_rms=9.652e-01, mass_err=-1.453e-11
step=  6500, t=5.843984, dt=8.857e-04, KE=3.145817e-02, Mt=0.2519, A_K=0.137, Cuv=0.040, P_in=8.286e-04, P_tgt=8.299e-04, A_F=0.162, K_low=0.031, P_drag=-1.968e-04, P_cool=-5.739e-04, WENO=0.067, ReL2D=130.09, eps_nu=7.121e-04, P_hv=2.326e-05, rho_mean=1.000000, p_mean=0.715434, div_rms=1.304e-01, vort_rms=9.587e-01, mass_err=-1.574e-11
step=  7000, t=6.290951, dt=9.098e-04, KE=3.141796e-02, Mt=0.2519, A_K=0.116, Cuv=0.071, P_in=8.072e-04, P_tgt=8.007e-04, A_F=0.061, K_low=0.035, P_drag=-2.238e-04, P_cool=-5.839e-04, WENO=0.054, ReL2D=130.59, eps_nu=7.041e-04, P_hv=2.344e-05, rho_mean=1.000000, p_mean=0.715454, div_rms=1.291e-01, vort_rms=9.534e-01, mass_err=-1.695e-11
step=  7500, t=6.749599, dt=9.112e-04, KE=3.142399e-02, Mt=0.2519, A_K=0.076, Cuv=0.081, P_in=7.696e-04, P_tgt=7.706e-04, A_F=0.057, K_low=0.044, P_drag=-2.718e-04, P_cool=-5.791e-04, WENO=0.070, ReL2D=129.70, eps_nu=6.912e-04, P_hv=2.273e-05, rho_mean=1.000000, p_mean=0.715444, div_rms=1.257e-01, vort_rms=9.450e-01, mass_err=-1.817e-11
step=  8000, t=7.198259, dt=8.911e-04, KE=3.119446e-02, Mt=0.2520, A_K=0.046, Cuv=0.041, P_in=7.410e-04, P_tgt=7.399e-04, A_F=0.230, K_low=0.051, P_drag=-3.084e-04, P_cool=-6.135e-04, WENO=0.058, ReL2D=128.22, eps_nu=6.843e-04, P_hv=2.271e-05, rho_mean=1.000000, p_mean=0.715513, div_rms=1.298e-01, vort_rms=9.395e-01, mass_err=-1.938e-11
step=  8500, t=7.641237, dt=8.842e-04, KE=3.083556e-02, Mt=0.2504, A_K=0.025, Cuv=0.023, P_in=7.227e-04, P_tgt=7.209e-04, A_F=0.041, K_low=0.055, P_drag=-3.381e-04, P_cool=-6.644e-04, WENO=0.049, ReL2D=124.98, eps_nu=6.703e-04, P_hv=2.319e-05, rho_mean=1.000000, p_mean=0.715614, div_rms=1.205e-01, vort_rms=9.312e-01, mass_err=-2.060e-11
step=  9000, t=8.089130, dt=8.949e-04, KE=3.084977e-02, Mt=0.2498, A_K=0.001, Cuv=0.041, P_in=6.929e-04, P_tgt=7.218e-04, A_F=0.169, K_low=0.062, P_drag=-3.814e-04, P_cool=-6.353e-04, WENO=0.052, ReL2D=124.61, eps_nu=6.622e-04, P_hv=2.332e-05, rho_mean=1.000000, p_mean=0.715556, div_rms=1.154e-01, vort_rms=9.263e-01, mass_err=-2.181e-11
step=  9500, t=8.531038, dt=8.809e-04, KE=3.094176e-02, Mt=0.2499, A_K=0.029, Cuv=0.060, P_in=7.323e-04, P_tgt=7.228e-04, A_F=0.030, K_low=0.067, P_drag=-4.147e-04, P_cool=-5.928e-04, WENO=0.077, ReL2D=122.75, eps_nu=6.560e-04, P_hv=2.315e-05, rho_mean=1.000000, p_mean=0.715471, div_rms=1.207e-01, vort_rms=9.210e-01, mass_err=-2.301e-11
step= 10000, t=8.969986, dt=8.733e-04, KE=3.084723e-02, Mt=0.2495, A_K=0.005, Cuv=0.054, P_in=7.318e-04, P_tgt=7.263e-04, A_F=0.006, K_low=0.072, P_drag=-4.398e-04, P_cool=-5.864e-04, WENO=0.083, ReL2D=121.33, eps_nu=6.497e-04, P_hv=2.274e-05, rho_mean=1.000000, p_mean=0.715458, div_rms=1.263e-01, vort_rms=9.154e-01, mass_err=-2.422e-11
saved snapshot: results/hit2d/conservative_hv_audit_Mt0p25_ReL120_N256/mn0p010_CFL0p10/hit2d_step0010000.npz
step= 10500, t=9.408061, dt=8.805e-04, KE=3.060189e-02, Mt=0.2483, A_K=0.008, Cuv=0.048, P_in=7.396e-04, P_tgt=7.440e-04, A_F=0.064, K_low=0.078, P_drag=-4.753e-04, P_cool=-6.091e-04, WENO=0.073, ReL2D=119.37, eps_nu=6.430e-04, P_hv=2.243e-05, rho_mean=1.000000, p_mean=0.715504, div_rms=1.159e-01, vort_rms=9.125e-01, mass_err=-2.543e-11
step= 11000, t=9.846725, dt=8.725e-04, KE=3.041004e-02, Mt=0.2481, A_K=0.023, Cuv=0.038, P_in=7.677e-04, P_tgt=7.710e-04, A_F=0.200, K_low=0.085, P_drag=-5.131e-04, P_cool=-6.176e-04, WENO=0.057, ReL2D=116.46, eps_nu=6.383e-04, P_hv=2.403e-05, rho_mean=1.000000, p_mean=0.715521, div_rms=1.174e-01, vort_rms=9.088e-01, mass_err=-2.665e-11
step= 11500, t=10.277525, dt=8.562e-04, KE=3.021737e-02, Mt=0.2474, A_K=0.021, Cuv=0.018, P_in=8.120e-04, P_tgt=8.088e-04, A_F=0.104, K_low=0.089, P_drag=-5.351e-04, P_cool=-6.251e-04, WENO=0.058, ReL2D=115.91, eps_nu=6.311e-04, P_hv=2.432e-05, rho_mean=1.000000, p_mean=0.715536, div_rms=1.230e-01, vort_rms=9.025e-01, mass_err=-2.785e-11
step= 12000, t=10.703563, dt=8.477e-04, KE=2.991984e-02, Mt=0.2466, A_K=0.019, Cuv=0.037, P_in=8.756e-04, P_tgt=8.598e-04, A_F=0.106, K_low=0.091, P_drag=-5.392e-04, P_cool=-6.554e-04, WENO=0.060, ReL2D=117.13, eps_nu=6.232e-04, P_hv=2.445e-05, rho_mean=1.000000, p_mean=0.715597, div_rms=1.189e-01, vort_rms=8.974e-01, mass_err=-2.906e-11
step= 12500, t=11.130529, dt=8.532e-04, KE=2.973990e-02, Mt=0.2461, A_K=0.075, Cuv=0.069, P_in=9.418e-04, P_tgt=9.279e-04, A_F=0.148, K_low=0.092, P_drag=-5.400e-04, P_cool=-6.674e-04, WENO=0.070, ReL2D=120.02, eps_nu=6.181e-04, P_hv=2.436e-05, rho_mean=1.000000, p_mean=0.715621, div_rms=1.177e-01, vort_rms=8.939e-01, mass_err=-3.027e-11
step= 13000, t=11.558512, dt=8.593e-04, KE=2.979223e-02, Mt=0.2459, A_K=0.121, Cuv=0.108, P_in=1.009e-03, P_tgt=1.006e-03, A_F=0.019, K_low=0.091, P_drag=-5.368e-04, P_cool=-6.378e-04, WENO=0.071, ReL2D=121.81, eps_nu=6.132e-04, P_hv=2.381e-05, rho_mean=1.000000, p_mean=0.715561, div_rms=1.206e-01, vort_rms=8.897e-01, mass_err=-3.148e-11
step= 13500, t=11.987419, dt=8.517e-04, KE=2.979804e-02, Mt=0.2454, A_K=0.134, Cuv=0.105, P_in=1.116e-03, P_tgt=1.099e-03, A_F=0.185, K_low=0.088, P_drag=-5.190e-04, P_cool=-6.276e-04, WENO=0.076, ReL2D=120.33, eps_nu=6.137e-04, P_hv=2.299e-05, rho_mean=1.000000, p_mean=0.715541, div_rms=1.194e-01, vort_rms=8.903e-01, mass_err=-3.269e-11
step= 14000, t=12.408452, dt=8.331e-04, KE=2.970349e-02, Mt=0.2451, A_K=0.110, Cuv=0.127, P_in=1.213e-03, P_tgt=1.215e-03, A_F=0.161, K_low=0.087, P_drag=-5.109e-04, P_cool=-6.469e-04, WENO=0.056, ReL2D=120.46, eps_nu=6.077e-04, P_hv=2.380e-05, rho_mean=1.000000, p_mean=0.715580, div_rms=1.146e-01, vort_rms=8.867e-01, mass_err=-3.390e-11
step= 14500, t=12.825621, dt=8.304e-04, KE=2.969291e-02, Mt=0.2458, A_K=0.088, Cuv=0.171, P_in=1.329e-03, P_tgt=1.335e-03, A_F=0.040, K_low=0.089, P_drag=-5.168e-04, P_cool=-6.582e-04, WENO=0.041, ReL2D=121.07, eps_nu=6.018e-04, P_hv=2.415e-05, rho_mean=1.000000, p_mean=0.715602, div_rms=1.208e-01, vort_rms=8.812e-01, mass_err=-3.512e-11
step= 15000, t=13.242786, dt=8.437e-04, KE=2.959638e-02, Mt=0.2461, A_K=0.111, Cuv=0.199, P_in=1.438e-03, P_tgt=1.449e-03, A_F=0.238, K_low=0.088, P_drag=-5.083e-04, P_cool=-6.949e-04, WENO=0.048, ReL2D=120.49, eps_nu=6.008e-04, P_hv=2.328e-05, rho_mean=1.000000, p_mean=0.715676, div_rms=1.194e-01, vort_rms=8.807e-01, mass_err=-3.634e-11
saved snapshot: results/hit2d/conservative_hv_audit_Mt0p25_ReL120_N256/mn0p010_CFL0p10/hit2d_step0015000.npz
step= 15500, t=13.670804, dt=8.708e-04, KE=2.969700e-02, Mt=0.2466, A_K=0.146, Cuv=0.221, P_in=1.559e-03, P_tgt=1.563e-03, A_F=0.054, K_low=0.084, P_drag=-4.833e-04, P_cool=-7.011e-04, WENO=0.047, ReL2D=121.91, eps_nu=6.023e-04, P_hv=2.249e-05, rho_mean=1.000000, p_mean=0.715688, div_rms=1.216e-01, vort_rms=8.815e-01, mass_err=-3.755e-11
step= 16000, t=14.107074, dt=8.747e-04, KE=3.006657e-02, Mt=0.2475, A_K=0.154, Cuv=0.228, P_in=1.661e-03, P_tgt=1.661e-03, A_F=0.225, K_low=0.081, P_drag=-4.751e-04, P_cool=-6.662e-04, WENO=0.070, ReL2D=123.17, eps_nu=6.014e-04, P_hv=2.173e-05, rho_mean=1.000000, p_mean=0.715618, div_rms=1.180e-01, vort_rms=8.814e-01, mass_err=-3.877e-11
step= 16500, t=14.535044, dt=8.308e-04, KE=3.053589e-02, Mt=0.2488, A_K=0.147, Cuv=0.255, P_in=1.713e-03, P_tgt=1.721e-03, A_F=0.082, K_low=0.080, P_drag=-4.825e-04, P_cool=-6.219e-04, WENO=0.060, ReL2D=122.48, eps_nu=6.055e-04, P_hv=2.112e-05, rho_mean=1.000000, p_mean=0.715530, div_rms=1.231e-01, vort_rms=8.835e-01, mass_err=-3.998e-11
step= 17000, t=14.946479, dt=8.223e-04, KE=3.067964e-02, Mt=0.2495, A_K=0.137, Cuv=0.291, P_in=1.735e-03, P_tgt=1.749e-03, A_F=0.138, K_low=0.079, P_drag=-4.760e-04, P_cool=-6.450e-04, WENO=0.058, ReL2D=122.79, eps_nu=6.046e-04, P_hv=2.183e-05, rho_mean=1.000000, p_mean=0.715576, div_rms=1.195e-01, vort_rms=8.835e-01, mass_err=-4.119e-11
step= 17500, t=15.363560, dt=8.408e-04, KE=3.095789e-02, Mt=0.2509, A_K=0.138, Cuv=0.320, P_in=1.725e-03, P_tgt=1.743e-03, A_F=0.098, K_low=0.078, P_drag=-4.743e-04, P_cool=-6.419e-04, WENO=0.066, ReL2D=123.75, eps_nu=6.085e-04, P_hv=2.220e-05, rho_mean=1.000000, p_mean=0.715569, div_rms=1.212e-01, vort_rms=8.861e-01, mass_err=-4.241e-11
step= 18000, t=15.781762, dt=8.349e-04, KE=3.127826e-02, Mt=0.2513, A_K=0.132, Cuv=0.331, P_in=1.705e-03, P_tgt=1.705e-03, A_F=0.008, K_low=0.079, P_drag=-4.862e-04, P_cool=-6.290e-04, WENO=0.070, ReL2D=123.64, eps_nu=6.082e-04, P_hv=2.215e-05, rho_mean=1.000000, p_mean=0.715544, div_rms=1.143e-01, vort_rms=8.871e-01, mass_err=-4.362e-11
step= 18500, t=16.205772, dt=8.577e-04, KE=3.163528e-02, Mt=0.2529, A_K=0.143, Cuv=0.309, P_in=1.611e-03, P_tgt=1.636e-03, A_F=0.256, K_low=0.079, P_drag=-4.949e-04, P_cool=-6.062e-04, WENO=0.073, ReL2D=125.94, eps_nu=6.144e-04, P_hv=2.214e-05, rho_mean=1.000000, p_mean=0.715498, div_rms=1.238e-01, vort_rms=8.900e-01, mass_err=-4.484e-11
step= 19000, t=16.638700, dt=8.771e-04, KE=3.180554e-02, Mt=0.2538, A_K=0.165, Cuv=0.275, P_in=1.518e-03, P_tgt=1.530e-03, A_F=0.102, K_low=0.080, P_drag=-4.984e-04, P_cool=-6.137e-04, WENO=0.078, ReL2D=130.88, eps_nu=6.124e-04, P_hv=2.156e-05, rho_mean=1.000000, p_mean=0.715513, div_rms=1.119e-01, vort_rms=8.907e-01, mass_err=-4.604e-11
step= 19500, t=17.076691, dt=8.673e-04, KE=3.204034e-02, Mt=0.2542, A_K=0.178, Cuv=0.255, P_in=1.398e-03, P_tgt=1.412e-03, A_F=0.073, K_low=0.082, P_drag=-5.203e-04, P_cool=-5.981e-04, WENO=0.068, ReL2D=132.41, eps_nu=6.163e-04, P_hv=2.098e-05, rho_mean=1.000000, p_mean=0.715482, div_rms=1.170e-01, vort_rms=8.927e-01, mass_err=-4.727e-11
step= 20000, t=17.506103, dt=8.630e-04, KE=3.209704e-02, Mt=0.2547, A_K=0.185, Cuv=0.246, P_in=1.299e-03, P_tgt=1.295e-03, A_F=0.152, K_low=0.087, P_drag=-5.570e-04, P_cool=-6.056e-04, WENO=0.062, ReL2D=130.78, eps_nu=6.162e-04, P_hv=2.148e-05, rho_mean=1.000000, p_mean=0.715497, div_rms=1.222e-01, vort_rms=8.917e-01, mass_err=-4.847e-11
saved snapshot: results/hit2d/conservative_hv_audit_Mt0p25_ReL120_N256/mn0p010_CFL0p10/hit2d_step0020000.npz
step= 20500, t=17.940110, dt=8.627e-04, KE=3.189075e-02, Mt=0.2543, A_K=0.182, Cuv=0.230, P_in=1.196e-03, P_tgt=1.186e-03, A_F=0.003, K_low=0.094, P_drag=-5.926e-04, P_cool=-6.499e-04, WENO=0.068, ReL2D=129.79, eps_nu=6.101e-04, P_hv=2.080e-05, rho_mean=1.000000, p_mean=0.715585, div_rms=1.115e-01, vort_rms=8.890e-01, mass_err=-4.968e-11
step= 21000, t=18.369781, dt=8.582e-04, KE=3.183075e-02, Mt=0.2537, A_K=0.158, Cuv=0.225, P_in=1.089e-03, P_tgt=1.096e-03, A_F=0.121, K_low=0.100, P_drag=-6.251e-04, P_cool=-6.517e-04, WENO=0.061, ReL2D=127.60, eps_nu=6.130e-04, P_hv=2.082e-05, rho_mean=1.000000, p_mean=0.715589, div_rms=1.210e-01, vort_rms=8.896e-01, mass_err=-5.088e-11
step= 21500, t=18.805470, dt=8.836e-04, KE=3.166867e-02, Mt=0.2529, A_K=0.133, Cuv=0.211, P_in=1.028e-03, P_tgt=1.029e-03, A_F=0.137, K_low=0.107, P_drag=-6.728e-04, P_cool=-6.629e-04, WENO=0.059, ReL2D=126.48, eps_nu=6.121e-04, P_hv=2.079e-05, rho_mean=1.000000, p_mean=0.715611, div_rms=1.114e-01, vort_rms=8.905e-01, mass_err=-5.210e-11
step= 22000, t=19.244334, dt=8.786e-04, KE=3.167857e-02, Mt=0.2528, A_K=0.155, Cuv=0.159, P_in=9.789e-04, P_tgt=9.735e-04, A_F=0.095, K_low=0.117, P_drag=-7.345e-04, P_cool=-6.301e-04, WENO=0.058, ReL2D=125.73, eps_nu=6.102e-04, P_hv=2.143e-05, rho_mean=1.000000, p_mean=0.715546, div_rms=1.137e-01, vort_rms=8.887e-01, mass_err=-5.332e-11
step= 22500, t=19.685595, dt=8.855e-04, KE=3.161751e-02, Mt=0.2524, A_K=0.185, Cuv=0.110, P_in=9.208e-04, P_tgt=9.239e-04, A_F=0.140, K_low=0.125, P_drag=-7.871e-04, P_cool=-6.044e-04, WENO=0.060, ReL2D=125.59, eps_nu=6.075e-04, P_hv=2.113e-05, rho_mean=1.000000, p_mean=0.715495, div_rms=1.106e-01, vort_rms=8.872e-01, mass_err=-5.452e-11
step= 23000, t=20.129201, dt=8.872e-04, KE=3.148855e-02, Mt=0.2520, A_K=0.177, Cuv=0.100, P_in=8.862e-04, P_tgt=8.852e-04, A_F=0.072, K_low=0.134, P_drag=-8.399e-04, P_cool=-5.863e-04, WENO=0.058, ReL2D=123.76, eps_nu=6.054e-04, P_hv=2.112e-05, rho_mean=1.000000, p_mean=0.715458, div_rms=1.147e-01, vort_rms=8.850e-01, mass_err=-5.573e-11
step= 23500, t=20.568753, dt=8.751e-04, KE=3.109084e-02, Mt=0.2507, A_K=0.156, Cuv=0.081, P_in=8.596e-04, P_tgt=8.608e-04, A_F=0.086, K_low=0.145, P_drag=-8.834e-04, P_cool=-6.142e-04, WENO=0.047, ReL2D=126.65, eps_nu=5.979e-04, P_hv=2.161e-05, rho_mean=1.000000, p_mean=0.715514, div_rms=1.051e-01, vort_rms=8.810e-01, mass_err=-5.694e-11
step= 24000, t=21.002146, dt=8.589e-04, KE=3.058549e-02, Mt=0.2489, A_K=0.080, Cuv=0.029, P_in=8.746e-04, P_tgt=8.635e-04, A_F=0.053, K_low=0.149, P_drag=-8.921e-04, P_cool=-6.588e-04, WENO=0.044, ReL2D=126.49, eps_nu=5.906e-04, P_hv=2.134e-05, rho_mean=1.000000, p_mean=0.715603, div_rms=1.104e-01, vort_rms=8.745e-01, mass_err=-5.816e-11
step= 24500, t=21.431289, dt=8.541e-04, KE=3.015646e-02, Mt=0.2471, A_K=0.015, Cuv=0.004, P_in=9.161e-04, P_tgt=8.999e-04, A_F=0.020, K_low=0.148, P_drag=-8.842e-04, P_cool=-6.860e-04, WENO=0.065, ReL2D=126.11, eps_nu=5.904e-04, P_hv=2.078e-05, rho_mean=1.000000, p_mean=0.715658, div_rms=1.123e-01, vort_rms=8.741e-01, mass_err=-5.937e-11
step= 25000, t=21.855482, dt=8.447e-04, KE=2.998760e-02, Mt=0.2468, A_K=0.018, Cuv=0.029, P_in=9.565e-04, P_tgt=9.600e-04, A_F=0.046, K_low=0.151, P_drag=-8.924e-04, P_cool=-6.661e-04, WENO=0.068, ReL2D=126.76, eps_nu=5.892e-04, P_hv=2.079e-05, rho_mean=1.000000, p_mean=0.715618, div_rms=1.169e-01, vort_rms=8.724e-01, mass_err=-6.057e-11
saved snapshot: results/hit2d/conservative_hv_audit_Mt0p25_ReL120_N256/mn0p010_CFL0p10/hit2d_step0025000.npz
step= 25500, t=22.279432, dt=8.565e-04, KE=2.993084e-02, Mt=0.2468, A_K=0.027, Cuv=0.005, P_in=1.033e-03, P_tgt=1.023e-03, A_F=0.092, K_low=0.151, P_drag=-8.836e-04, P_cool=-6.333e-04, WENO=0.064, ReL2D=129.26, eps_nu=5.830e-04, P_hv=2.102e-05, rho_mean=1.000000, p_mean=0.715552, div_rms=1.163e-01, vort_rms=8.678e-01, mass_err=-6.178e-11
step= 26000, t=22.708515, dt=8.541e-04, KE=2.978560e-02, Mt=0.2454, A_K=0.007, Cuv=-0.032, P_in=1.108e-03, P_tgt=1.106e-03, A_F=0.022, K_low=0.144, P_drag=-8.473e-04, P_cool=-6.259e-04, WENO=0.077, ReL2D=129.91, eps_nu=5.800e-04, P_hv=2.059e-05, rho_mean=1.000000, p_mean=0.715537, div_rms=1.177e-01, vort_rms=8.653e-01, mass_err=-6.300e-11
step= 26500, t=23.139006, dt=8.725e-04, KE=2.949388e-02, Mt=0.2442, A_K=0.036, Cuv=-0.067, P_in=1.231e-03, P_tgt=1.234e-03, A_F=0.093, K_low=0.141, P_drag=-8.244e-04, P_cool=-6.577e-04, WENO=0.056, ReL2D=127.87, eps_nu=5.751e-04, P_hv=2.052e-05, rho_mean=1.000000, p_mean=0.715601, div_rms=1.145e-01, vort_rms=8.621e-01, mass_err=-6.421e-11
step= 27000, t=23.579226, dt=8.848e-04, KE=2.947743e-02, Mt=0.2448, A_K=0.074, Cuv=-0.083, P_in=1.389e-03, P_tgt=1.386e-03, A_F=0.286, K_low=0.143, P_drag=-8.304e-04, P_cool=-6.462e-04, WENO=0.053, ReL2D=126.00, eps_nu=5.759e-04, P_hv=2.032e-05, rho_mean=1.000000, p_mean=0.715578, div_rms=1.136e-01, vort_rms=8.629e-01, mass_err=-6.542e-11
step= 27500, t=24.020429, dt=8.778e-04, KE=2.952847e-02, Mt=0.2448, A_K=0.083, Cuv=-0.047, P_in=1.528e-03, P_tgt=1.538e-03, A_F=0.014, K_low=0.147, P_drag=-8.445e-04, P_cool=-6.354e-04, WENO=0.046, ReL2D=124.54, eps_nu=5.836e-04, P_hv=2.082e-05, rho_mean=1.000000, p_mean=0.715556, div_rms=1.167e-01, vort_rms=8.682e-01, mass_err=-6.664e-11
step= 28000, t=24.459289, dt=8.739e-04, KE=2.950908e-02, Mt=0.2449, A_K=0.032, Cuv=-0.047, P_in=1.713e-03, P_tgt=1.716e-03, A_F=0.193, K_low=0.146, P_drag=-8.371e-04, P_cool=-6.516e-04, WENO=0.056, ReL2D=121.83, eps_nu=5.946e-04, P_hv=2.125e-05, rho_mean=1.000000, p_mean=0.715589, div_rms=1.169e-01, vort_rms=8.765e-01, mass_err=-6.784e-11
step= 28500, t=24.891757, dt=8.544e-04, KE=2.968029e-02, Mt=0.2456, A_K=0.016, Cuv=-0.055, P_in=1.892e-03, P_tgt=1.891e-03, A_F=0.046, K_low=0.142, P_drag=-8.253e-04, P_cool=-6.453e-04, WENO=0.080, ReL2D=121.27, eps_nu=5.977e-04, P_hv=2.249e-05, rho_mean=1.000000, p_mean=0.715576, div_rms=1.166e-01, vort_rms=8.789e-01, mass_err=-6.906e-11
step= 29000, t=25.319709, dt=8.610e-04, KE=3.008314e-02, Mt=0.2469, A_K=0.023, Cuv=-0.037, P_in=2.007e-03, P_tgt=2.040e-03, A_F=0.117, K_low=0.135, P_drag=-7.988e-04, P_cool=-6.103e-04, WENO=0.082, ReL2D=123.76, eps_nu=6.104e-04, P_hv=2.309e-05, rho_mean=1.000000, p_mean=0.715506, div_rms=1.183e-01, vort_rms=8.881e-01, mass_err=-7.028e-11
step= 29500, t=25.752563, dt=8.732e-04, KE=3.037948e-02, Mt=0.2476, A_K=0.025, Cuv=-0.051, P_in=2.181e-03, P_tgt=2.154e-03, A_F=0.172, K_low=0.125, P_drag=-7.533e-04, P_cool=-6.138e-04, WENO=0.082, ReL2D=125.90, eps_nu=6.191e-04, P_hv=2.392e-05, rho_mean=1.000000, p_mean=0.715513, div_rms=1.140e-01, vort_rms=8.953e-01, mass_err=-7.149e-11
step= 30000, t=26.193506, dt=8.827e-04, KE=3.075809e-02, Mt=0.2496, A_K=0.005, Cuv=-0.094, P_in=2.228e-03, P_tgt=2.227e-03, A_F=0.141, K_low=0.116, P_drag=-7.092e-04, P_cool=-6.130e-04, WENO=0.036, ReL2D=126.20, eps_nu=6.212e-04, P_hv=2.494e-05, rho_mean=1.000000, p_mean=0.715512, div_rms=1.206e-01, vort_rms=8.956e-01, mass_err=-7.270e-11
saved snapshot: results/hit2d/conservative_hv_audit_Mt0p25_ReL120_N256/mn0p010_CFL0p10/hit2d_step0030000.npz
step= 30500, t=26.635038, dt=8.744e-04, KE=3.115195e-02, Mt=0.2513, A_K=0.016, Cuv=-0.104, P_in=2.188e-03, P_tgt=2.199e-03, A_F=0.078, K_low=0.108, P_drag=-6.606e-04, P_cool=-6.161e-04, WENO=0.056, ReL2D=129.27, eps_nu=6.262e-04, P_hv=2.581e-05, rho_mean=1.000000, p_mean=0.715518, div_rms=1.251e-01, vort_rms=8.985e-01, mass_err=-7.392e-11
step= 31000, t=27.067113, dt=8.552e-04, KE=3.139992e-02, Mt=0.2521, A_K=0.039, Cuv=-0.107, P_in=2.121e-03, P_tgt=2.127e-03, A_F=0.185, K_low=0.098, P_drag=-6.004e-04, P_cool=-6.449e-04, WENO=0.055, ReL2D=129.66, eps_nu=6.335e-04, P_hv=2.645e-05, rho_mean=1.000000, p_mean=0.715576, div_rms=1.247e-01, vort_rms=9.040e-01, mass_err=-7.513e-11
step= 31500, t=27.491653, dt=8.448e-04, KE=3.167399e-02, Mt=0.2535, A_K=0.116, Cuv=-0.158, P_in=2.019e-03, P_tgt=2.016e-03, A_F=0.107, K_low=0.089, P_drag=-5.542e-04, P_cool=-6.618e-04, WENO=0.059, ReL2D=130.60, eps_nu=6.404e-04, P_hv=2.756e-05, rho_mean=1.000000, p_mean=0.715609, div_rms=1.254e-01, vort_rms=9.089e-01, mass_err=-7.633e-11
step= 32000, t=27.918537, dt=8.661e-04, KE=3.204696e-02, Mt=0.2548, A_K=0.187, Cuv=-0.207, P_in=1.885e-03, P_tgt=1.858e-03, A_F=0.214, K_low=0.083, P_drag=-5.247e-04, P_cool=-6.510e-04, WENO=0.061, ReL2D=132.19, eps_nu=6.472e-04, P_hv=2.717e-05, rho_mean=1.000000, p_mean=0.715588, div_rms=1.248e-01, vort_rms=9.139e-01, mass_err=-7.753e-11
warning: flow component anisotropy has increased over the last three diagnostic samples
step= 32500, t=28.353601, dt=8.710e-04, KE=3.248281e-02, Mt=0.2561, A_K=0.220, Cuv=-0.251, P_in=1.674e-03, P_tgt=1.673e-03, A_F=0.085, K_low=0.080, P_drag=-5.133e-04, P_cool=-6.180e-04, WENO=0.075, ReL2D=131.91, eps_nu=6.444e-04, P_hv=2.588e-05, rho_mean=1.000000, p_mean=0.715522, div_rms=1.287e-01, vort_rms=9.112e-01, mass_err=-7.876e-11
warning: flow component anisotropy has increased over the last three diagnostic samples
step= 33000, t=28.778324, dt=8.312e-04, KE=3.267372e-02, Mt=0.2568, A_K=0.245, Cuv=-0.265, P_in=1.466e-03, P_tgt=1.474e-03, A_F=0.123, K_low=0.077, P_drag=-4.989e-04, P_cool=-6.189e-04, WENO=0.062, ReL2D=132.13, eps_nu=6.497e-04, P_hv=2.607e-05, rho_mean=1.000000, p_mean=0.715524, div_rms=1.284e-01, vort_rms=9.151e-01, mass_err=-7.996e-11
step= 33500, t=29.194939, dt=8.336e-04, KE=3.253315e-02, Mt=0.2566, A_K=0.232, Cuv=-0.277, P_in=1.296e-03, P_tgt=1.298e-03, A_F=0.110, K_low=0.075, P_drag=-4.853e-04, P_cool=-6.681e-04, WENO=0.072, ReL2D=129.07, eps_nu=6.517e-04, P_hv=2.628e-05, rho_mean=1.000000, p_mean=0.715622, div_rms=1.294e-01, vort_rms=9.163e-01, mass_err=-8.115e-11
step= 34000, t=29.615957, dt=8.537e-04, KE=3.249982e-02, Mt=0.2570, A_K=0.235, Cuv=-0.262, P_in=1.140e-03, P_tgt=1.139e-03, A_F=0.012, K_low=0.076, P_drag=-4.829e-04, P_cool=-6.797e-04, WENO=0.054, ReL2D=128.81, eps_nu=6.497e-04, P_hv=2.746e-05, rho_mean=1.000000, p_mean=0.715645, div_rms=1.362e-01, vort_rms=9.135e-01, mass_err=-8.238e-11
warning: flow component anisotropy has increased over the last three diagnostic samples
step= 34500, t=30.046437, dt=8.622e-04, KE=3.240980e-02, Mt=0.2567, A_K=0.305, Cuv=-0.246, P_in=9.991e-04, P_tgt=9.970e-04, A_F=0.236, K_low=0.077, P_drag=-4.818e-04, P_cool=-6.890e-04, WENO=0.066, ReL2D=129.87, eps_nu=6.458e-04, P_hv=2.619e-05, rho_mean=1.000000, p_mean=0.715664, div_rms=1.266e-01, vort_rms=9.125e-01, mass_err=-8.360e-11
warning: flow component anisotropy has increased over the last three diagnostic samples
step= 35000, t=30.474000, dt=8.537e-04, KE=3.244338e-02, Mt=0.2566, A_K=0.384, Cuv=-0.244, P_in=8.758e-04, P_tgt=8.771e-04, A_F=0.047, K_low=0.075, P_drag=-4.768e-04, P_cool=-6.634e-04, WENO=0.069, ReL2D=129.49, eps_nu=6.438e-04, P_hv=2.669e-05, rho_mean=1.000000, p_mean=0.715612, div_rms=1.307e-01, vort_rms=9.104e-01, mass_err=-8.481e-11
saved snapshot: results/hit2d/conservative_hv_audit_Mt0p25_ReL120_N256/mn0p010_CFL0p10/hit2d_step0035000.npz
warning: flow component anisotropy is high (A_K=0.401)
warning: flow component anisotropy has increased over the last three diagnostic samples
step= 35500, t=30.903503, dt=8.618e-04, KE=3.245780e-02, Mt=0.2559, A_K=0.401, Cuv=-0.265, P_in=7.793e-04, P_tgt=7.776e-04, A_F=0.054, K_low=0.074, P_drag=-4.711e-04, P_cool=-6.349e-04, WENO=0.069, ReL2D=131.53, eps_nu=6.416e-04, P_hv=2.663e-05, rho_mean=1.000000, p_mean=0.715556, div_rms=1.285e-01, vort_rms=9.091e-01, mass_err=-8.602e-11
step= 36000, t=31.335812, dt=8.638e-04, KE=3.233470e-02, Mt=0.2554, A_K=0.391, Cuv=-0.234, P_in=6.968e-04, P_tgt=6.967e-04, A_F=0.008, K_low=0.073, P_drag=-4.640e-04, P_cool=-6.288e-04, WENO=0.077, ReL2D=131.86, eps_nu=6.357e-04, P_hv=2.686e-05, rho_mean=1.000000, p_mean=0.715543, div_rms=1.237e-01, vort_rms=9.057e-01, mass_err=-8.723e-11
step= 36500, t=31.770502, dt=8.764e-04, KE=3.204095e-02, Mt=0.2543, A_K=0.365, Cuv=-0.176, P_in=6.251e-04, P_tgt=6.334e-04, A_F=0.145, K_low=0.075, P_drag=-4.664e-04, P_cool=-6.494e-04, WENO=0.062, ReL2D=129.21, eps_nu=6.239e-04, P_hv=2.698e-05, rho_mean=1.000000, p_mean=0.715585, div_rms=1.237e-01, vort_rms=8.971e-01, mass_err=-8.843e-11
step= 37000, t=32.212963, dt=8.951e-04, KE=3.184971e-02, Mt=0.2539, A_K=0.321, Cuv=-0.138, P_in=5.731e-04, P_tgt=5.859e-04, A_F=0.039, K_low=0.077, P_drag=-4.711e-04, P_cool=-6.426e-04, WENO=0.059, ReL2D=129.28, eps_nu=6.075e-04, P_hv=2.704e-05, rho_mean=1.000000, p_mean=0.715571, div_rms=1.261e-01, vort_rms=8.845e-01, mass_err=-8.964e-11
step= 37500, t=32.659412, dt=8.952e-04, KE=3.162783e-02, Mt=0.2531, A_K=0.336, Cuv=-0.093, P_in=5.462e-04, P_tgt=5.465e-04, A_F=0.050, K_low=0.075, P_drag=-4.635e-04, P_cool=-6.387e-04, WENO=0.061, ReL2D=130.99, eps_nu=5.908e-04, P_hv=2.636e-05, rho_mean=1.000000, p_mean=0.715563, div_rms=1.218e-01, vort_rms=8.727e-01, mass_err=-9.086e-11
warning: flow component anisotropy has increased over the last three diagnostic samples
step= 38000, t=33.103129, dt=8.838e-04, KE=3.137907e-02, Mt=0.2516, A_K=0.390, Cuv=-0.063, P_in=5.156e-04, P_tgt=5.216e-04, A_F=0.048, K_low=0.074, P_drag=-4.488e-04, P_cool=-6.385e-04, WENO=0.078, ReL2D=131.43, eps_nu=5.773e-04, P_hv=2.609e-05, rho_mean=1.000000, p_mean=0.715563, div_rms=1.215e-01, vort_rms=8.625e-01, mass_err=-9.207e-11
warning: flow component anisotropy is high (A_K=0.420)
warning: flow component anisotropy has increased over the last three diagnostic samples
step= 38500, t=33.549843, dt=9.005e-04, KE=3.111274e-02, Mt=0.2504, A_K=0.420, Cuv=-0.028, P_in=5.008e-04, P_tgt=5.109e-04, A_F=0.042, K_low=0.071, P_drag=-4.366e-04, P_cool=-6.415e-04, WENO=0.073, ReL2D=132.11, eps_nu=5.628e-04, P_hv=2.573e-05, rho_mean=1.000000, p_mean=0.715569, div_rms=1.213e-01, vort_rms=8.513e-01, mass_err=-9.327e-11
warning: flow component anisotropy is high (A_K=0.402)
step= 39000, t=33.993780, dt=8.792e-04, KE=3.090778e-02, Mt=0.2501, A_K=0.402, Cuv=0.014, P_in=5.066e-04, P_tgt=5.099e-04, A_F=0.331, K_low=0.072, P_drag=-4.390e-04, P_cool=-6.321e-04, WENO=0.053, ReL2D=135.14, eps_nu=5.472e-04, P_hv=2.443e-05, rho_mean=1.000000, p_mean=0.715550, div_rms=1.229e-01, vort_rms=8.388e-01, mass_err=-9.447e-11
step= 39500, t=34.437462, dt=9.006e-04, KE=3.066295e-02, Mt=0.2497, A_K=0.351, Cuv=0.027, P_in=5.107e-04, P_tgt=5.097e-04, A_F=0.327, K_low=0.073, P_drag=-4.385e-04, P_cool=-6.312e-04, WENO=0.055, ReL2D=134.97, eps_nu=5.327e-04, P_hv=2.205e-05, rho_mean=1.000000, p_mean=0.715548, div_rms=1.162e-01, vort_rms=8.286e-01, mass_err=-9.570e-11
step= 40000, t=34.888209, dt=9.008e-04, KE=3.046116e-02, Mt=0.2487, A_K=0.280, Cuv=0.037, P_in=5.198e-04, P_tgt=5.171e-04, A_F=0.185, K_low=0.071, P_drag=-4.222e-04, P_cool=-6.229e-04, WENO=0.043, ReL2D=133.11, eps_nu=5.215e-04, P_hv=2.058e-05, rho_mean=1.000000, p_mean=0.715531, div_rms=1.228e-01, vort_rms=8.183e-01, mass_err=-9.690e-11
saved snapshot: results/hit2d/conservative_hv_audit_Mt0p25_ReL120_N256/mn0p010_CFL0p10/hit2d_step0040000.npz
step= 40500, t=35.339563, dt=9.045e-04, KE=3.008619e-02, Mt=0.2469, A_K=0.262, Cuv=0.076, P_in=5.403e-04, P_tgt=5.408e-04, A_F=0.063, K_low=0.068, P_drag=-4.078e-04, P_cool=-6.505e-04, WENO=0.060, ReL2D=129.48, eps_nu=5.088e-04, P_hv=1.974e-05, rho_mean=1.000000, p_mean=0.715587, div_rms=1.156e-01, vort_rms=8.094e-01, mass_err=-9.810e-11
step= 41000, t=35.789878, dt=8.872e-04, KE=3.004718e-02, Mt=0.2466, A_K=0.287, Cuv=0.102, P_in=5.908e-04, P_tgt=5.809e-04, A_F=0.205, K_low=0.069, P_drag=-4.142e-04, P_cool=-6.142e-04, WENO=0.062, ReL2D=131.04, eps_nu=5.039e-04, P_hv=1.973e-05, rho_mean=1.000000, p_mean=0.715514, div_rms=1.207e-01, vort_rms=8.044e-01, mass_err=-9.932e-11
warning: flow component anisotropy has increased over the last three diagnostic samples
step= 41500, t=36.227057, dt=8.672e-04, KE=3.010609e-02, Mt=0.2471, A_K=0.308, Cuv=0.070, P_in=5.898e-04, P_tgt=6.193e-04, A_F=0.407, K_low=0.073, P_drag=-4.374e-04, P_cool=-5.679e-04, WENO=0.066, ReL2D=132.37, eps_nu=5.046e-04, P_hv=1.964e-05, rho_mean=1.000000, p_mean=0.715422, div_rms=1.227e-01, vort_rms=8.046e-01, mass_err=-1.005e-10
step= 42000, t=36.660932, dt=8.702e-04, KE=2.997188e-02, Mt=0.2463, A_K=0.289, Cuv=0.055, P_in=6.605e-04, P_tgt=6.622e-04, A_F=0.217, K_low=0.077, P_drag=-4.594e-04, P_cool=-5.628e-04, WENO=0.063, ReL2D=136.02, eps_nu=5.025e-04, P_hv=1.954e-05, rho_mean=1.000000, p_mean=0.715411, div_rms=1.158e-01, vort_rms=8.042e-01, mass_err=-1.017e-10
step= 42500, t=37.092577, dt=8.627e-04, KE=2.981878e-02, Mt=0.2458, A_K=0.235, Cuv=0.069, P_in=7.369e-04, P_tgt=7.170e-04, A_F=0.071, K_low=0.079, P_drag=-4.694e-04, P_cool=-5.647e-04, WENO=0.061, ReL2D=135.58, eps_nu=5.001e-04, P_hv=1.987e-05, rho_mean=1.000000, p_mean=0.715415, div_rms=1.256e-01, vort_rms=8.002e-01, mass_err=-1.030e-10
step= 43000, t=37.531055, dt=8.916e-04, KE=2.949294e-02, Mt=0.2448, A_K=0.137, Cuv=0.084, P_in=7.931e-04, P_tgt=7.912e-04, A_F=0.248, K_low=0.082, P_drag=-4.764e-04, P_cool=-6.076e-04, WENO=0.052, ReL2D=131.51, eps_nu=5.015e-04, P_hv=1.939e-05, rho_mean=1.000000, p_mean=0.715501, div_rms=1.178e-01, vort_rms=8.030e-01, mass_err=-1.042e-10
step= 43500, t=37.973593, dt=8.846e-04, KE=2.928982e-02, Mt=0.2441, A_K=0.082, Cuv=0.114, P_in=8.835e-04, P_tgt=8.872e-04, A_F=0.097, K_low=0.085, P_drag=-4.843e-04, P_cool=-6.255e-04, WENO=0.059, ReL2D=129.62, eps_nu=4.954e-04, P_hv=1.900e-05, rho_mean=1.000000, p_mean=0.715537, div_rms=1.182e-01, vort_rms=7.979e-01, mass_err=-1.054e-10
step= 44000, t=38.417362, dt=8.953e-04, KE=2.932460e-02, Mt=0.2443, A_K=0.141, Cuv=0.124, P_in=1.007e-03, P_tgt=1.002e-03, A_F=0.106, K_low=0.086, P_drag=-4.963e-04, P_cool=-6.040e-04, WENO=0.074, ReL2D=130.78, eps_nu=4.903e-04, P_hv=1.805e-05, rho_mean=1.000000, p_mean=0.715494, div_rms=1.169e-01, vort_rms=7.939e-01, mass_err=-1.066e-10
warning: flow component anisotropy has increased over the last three diagnostic samples
step= 44500, t=38.866006, dt=8.899e-04, KE=2.951452e-02, Mt=0.2447, A_K=0.204, Cuv=0.123, P_in=1.131e-03, P_tgt=1.125e-03, A_F=0.053, K_low=0.086, P_drag=-5.030e-04, P_cool=-5.641e-04, WENO=0.073, ReL2D=133.48, eps_nu=4.869e-04, P_hv=1.725e-05, rho_mean=1.000000, p_mean=0.715414, div_rms=1.140e-01, vort_rms=7.916e-01, mass_err=-1.078e-10
step= 45000, t=39.315983, dt=9.056e-04, KE=2.951464e-02, Mt=0.2448, A_K=0.201, Cuv=0.162, P_in=1.236e-03, P_tgt=1.252e-03, A_F=0.137, K_low=0.086, P_drag=-5.023e-04, P_cool=-5.751e-04, WENO=0.063, ReL2D=134.51, eps_nu=4.829e-04, P_hv=1.709e-05, rho_mean=1.000000, p_mean=0.715436, div_rms=1.051e-01, vort_rms=7.899e-01, mass_err=-1.090e-10
saved snapshot: results/hit2d/conservative_hv_audit_Mt0p25_ReL120_N256/mn0p010_CFL0p10/hit2d_step0045000.npz
step= 45500, t=39.767070, dt=9.031e-04, KE=2.966277e-02, Mt=0.2454, A_K=0.147, Cuv=0.195, P_in=1.381e-03, P_tgt=1.385e-03, A_F=0.203, K_low=0.085, P_drag=-4.971e-04, P_cool=-5.676e-04, WENO=0.074, ReL2D=131.07, eps_nu=4.880e-04, P_hv=1.697e-05, rho_mean=1.000000, p_mean=0.715421, div_rms=1.085e-01, vort_rms=7.935e-01, mass_err=-1.102e-10
step= 46000, t=40.219217, dt=8.967e-04, KE=2.988352e-02, Mt=0.2461, A_K=0.095, Cuv=0.220, P_in=1.517e-03, P_tgt=1.514e-03, A_F=0.098, K_low=0.084, P_drag=-4.907e-04, P_cool=-5.588e-04, WENO=0.055, ReL2D=129.33, eps_nu=4.934e-04, P_hv=1.702e-05, rho_mean=1.000000, p_mean=0.715403, div_rms=1.018e-01, vort_rms=7.993e-01, mass_err=-1.114e-10
step= 46500, t=40.663121, dt=8.855e-04, KE=3.021654e-02, Mt=0.2475, A_K=0.092, Cuv=0.233, P_in=1.588e-03, P_tgt=1.615e-03, A_F=0.014, K_low=0.082, P_drag=-4.883e-04, P_cool=-5.397e-04, WENO=0.059, ReL2D=129.30, eps_nu=5.003e-04, P_hv=1.717e-05, rho_mean=1.000000, p_mean=0.715365, div_rms=1.081e-01, vort_rms=8.038e-01, mass_err=-1.126e-10
step= 47000, t=41.109477, dt=8.987e-04, KE=3.044159e-02, Mt=0.2485, A_K=0.123, Cuv=0.248, P_in=1.703e-03, P_tgt=1.683e-03, A_F=0.107, K_low=0.082, P_drag=-4.927e-04, P_cool=-5.496e-04, WENO=0.060, ReL2D=128.65, eps_nu=5.071e-04, P_hv=1.695e-05, rho_mean=1.000000, p_mean=0.715385, div_rms=1.035e-01, vort_rms=8.102e-01, mass_err=-1.139e-10
step= 47500, t=41.555867, dt=8.877e-04, KE=3.064326e-02, Mt=0.2498, A_K=0.172, Cuv=0.247, P_in=1.712e-03, P_tgt=1.710e-03, A_F=0.137, K_low=0.082, P_drag=-4.950e-04, P_cool=-5.675e-04, WENO=0.059, ReL2D=129.79, eps_nu=5.147e-04, P_hv=1.731e-05, rho_mean=1.000000, p_mean=0.715421, div_rms=1.034e-01, vort_rms=8.164e-01, mass_err=-1.151e-10
warning: flow component anisotropy has increased over the last three diagnostic samples
step= 48000, t=42.001056, dt=8.872e-04, KE=3.085728e-02, Mt=0.2505, A_K=0.225, Cuv=0.231, P_in=1.722e-03, P_tgt=1.705e-03, A_F=0.065, K_low=0.081, P_drag=-4.942e-04, P_cool=-5.819e-04, WENO=0.071, ReL2D=129.28, eps_nu=5.261e-04, P_hv=1.827e-05, rho_mean=1.000000, p_mean=0.715450, div_rms=1.018e-01, vort_rms=8.258e-01, mass_err=-1.163e-10
step= 48500, t=42.442873, dt=8.879e-04, KE=3.130530e-02, Mt=0.2523, A_K=0.222, Cuv=0.215, P_in=1.661e-03, P_tgt=1.661e-03, A_F=0.041, K_low=0.081, P_drag=-5.071e-04, P_cool=-5.472e-04, WENO=0.074, ReL2D=132.65, eps_nu=5.363e-04, P_hv=1.848e-05, rho_mean=1.000000, p_mean=0.715380, div_rms=1.042e-01, vort_rms=8.336e-01, mass_err=-1.175e-10
step= 49000, t=42.883019, dt=8.777e-04, KE=3.155861e-02, Mt=0.2533, A_K=0.191, Cuv=0.210, P_in=1.561e-03, P_tgt=1.568e-03, A_F=0.243, K_low=0.084, P_drag=-5.247e-04, P_cool=-5.459e-04, WENO=0.068, ReL2D=136.22, eps_nu=5.441e-04, P_hv=1.944e-05, rho_mean=1.000000, p_mean=0.715378, div_rms=1.070e-01, vort_rms=8.393e-01, mass_err=-1.187e-10
step= 49500, t=43.319995, dt=8.760e-04, KE=3.163654e-02, Mt=0.2538, A_K=0.173, Cuv=0.212, P_in=1.476e-03, P_tgt=1.464e-03, A_F=0.045, K_low=0.087, P_drag=-5.437e-04, P_cool=-5.676e-04, WENO=0.058, ReL2D=138.26, eps_nu=5.493e-04, P_hv=2.040e-05, rho_mean=1.000000, p_mean=0.715421, div_rms=1.030e-01, vort_rms=8.440e-01, mass_err=-1.199e-10
step= 50000, t=43.758544, dt=8.776e-04, KE=3.183082e-02, Mt=0.2548, A_K=0.179, Cuv=0.189, P_in=1.338e-03, P_tgt=1.346e-03, A_F=0.111, K_low=0.091, P_drag=-5.693e-04, P_cool=-5.541e-04, WENO=0.062, ReL2D=137.56, eps_nu=5.537e-04, P_hv=2.101e-05, rho_mean=1.000000, p_mean=0.715394, div_rms=1.078e-01, vort_rms=8.466e-01, mass_err=-1.212e-10
saved snapshot: results/hit2d/conservative_hv_audit_Mt0p25_ReL120_N256/mn0p010_CFL0p10/hit2d_step0050000.npz
warning: flow component anisotropy has increased over the last three diagnostic samples
step= 50500, t=44.198337, dt=8.756e-04, KE=3.178283e-02, Mt=0.2541, A_K=0.206, Cuv=0.118, P_in=1.226e-03, P_tgt=1.228e-03, A_F=0.103, K_low=0.094, P_drag=-5.890e-04, P_cool=-5.772e-04, WENO=0.068, ReL2D=136.86, eps_nu=5.578e-04, P_hv=2.146e-05, rho_mean=1.000000, p_mean=0.715440, div_rms=1.117e-01, vort_rms=8.492e-01, mass_err=-1.224e-10
warning: flow component anisotropy has increased over the last three diagnostic samples
step= 51000, t=44.635813, dt=8.759e-04, KE=3.162697e-02, Mt=0.2534, A_K=0.253, Cuv=0.047, P_in=1.129e-03, P_tgt=1.147e-03, A_F=0.033, K_low=0.098, P_drag=-6.091e-04, P_cool=-6.095e-04, WENO=0.057, ReL2D=138.49, eps_nu=5.625e-04, P_hv=2.217e-05, rho_mean=1.000000, p_mean=0.715505, div_rms=1.093e-01, vort_rms=8.533e-01, mass_err=-1.236e-10
warning: flow component anisotropy has increased over the last three diagnostic samples
step= 51500, t=45.074368, dt=8.693e-04, KE=3.178262e-02, Mt=0.2544, A_K=0.270, Cuv=0.012, P_in=1.076e-03, P_tgt=1.064e-03, A_F=0.181, K_low=0.102, P_drag=-6.408e-04, P_cool=-5.689e-04, WENO=0.046, ReL2D=141.08, eps_nu=5.636e-04, P_hv=2.214e-05, rho_mean=1.000000, p_mean=0.715423, div_rms=1.155e-01, vort_rms=8.530e-01, mass_err=-1.248e-10
step= 52000, t=45.503889, dt=8.531e-04, KE=3.168010e-02, Mt=0.2545, A_K=0.221, Cuv=-0.014, P_in=9.712e-04, P_tgt=9.745e-04, A_F=0.278, K_low=0.110, P_drag=-6.809e-04, P_cool=-5.719e-04, WENO=0.054, ReL2D=143.88, eps_nu=5.583e-04, P_hv=2.223e-05, rho_mean=1.000000, p_mean=0.715429, div_rms=1.081e-01, vort_rms=8.502e-01, mass_err=-1.260e-10
step= 52500, t=45.931697, dt=8.612e-04, KE=3.152779e-02, Mt=0.2539, A_K=0.143, Cuv=-0.058, P_in=9.049e-04, P_tgt=8.959e-04, A_F=0.121, K_low=0.116, P_drag=-7.198e-04, P_cool=-5.734e-04, WENO=0.054, ReL2D=146.42, eps_nu=5.467e-04, P_hv=2.141e-05, rho_mean=1.000000, p_mean=0.715433, div_rms=1.094e-01, vort_rms=8.409e-01, mass_err=-1.273e-10
step= 53000, t=46.364382, dt=8.634e-04, KE=3.124834e-02, Mt=0.2521, A_K=0.116, Cuv=-0.109, P_in=8.445e-04, P_tgt=8.439e-04, A_F=0.057, K_low=0.122, P_drag=-7.572e-04, P_cool=-5.905e-04, WENO=0.069, ReL2D=145.03, eps_nu=5.359e-04, P_hv=1.998e-05, rho_mean=1.000000, p_mean=0.715467, div_rms=1.011e-01, vort_rms=8.338e-01, mass_err=-1.285e-10
step= 53500, t=46.797191, dt=8.676e-04, KE=3.096705e-02, Mt=0.2514, A_K=0.139, Cuv=-0.146, P_in=8.193e-04, P_tgt=8.162e-04, A_F=0.107, K_low=0.131, P_drag=-8.011e-04, P_cool=-5.995e-04, WENO=0.048, ReL2D=146.44, eps_nu=5.319e-04, P_hv=1.933e-05, rho_mean=1.000000, p_mean=0.715485, div_rms=9.915e-02, vort_rms=8.309e-01, mass_err=-1.297e-10
step= 54000, t=47.231721, dt=8.709e-04, KE=3.080905e-02, Mt=0.2511, A_K=0.165, Cuv=-0.189, P_in=7.970e-04, P_tgt=7.966e-04, A_F=0.019, K_low=0.140, P_drag=-8.503e-04, P_cool=-5.780e-04, WENO=0.055, ReL2D=146.22, eps_nu=5.275e-04, P_hv=1.915e-05, rho_mean=1.000000, p_mean=0.715442, div_rms=1.012e-01, vort_rms=8.271e-01, mass_err=-1.309e-10
step= 54500, t=47.666140, dt=8.668e-04, KE=3.052499e-02, Mt=0.2501, A_K=0.161, Cuv=-0.247, P_in=7.949e-04, P_tgt=7.856e-04, A_F=0.057, K_low=0.149, P_drag=-8.957e-04, P_cool=-5.777e-04, WENO=0.056, ReL2D=144.09, eps_nu=5.184e-04, P_hv=1.887e-05, rho_mean=1.000000, p_mean=0.715441, div_rms=1.042e-01, vort_rms=8.193e-01, mass_err=-1.321e-10
step= 55000, t=48.100893, dt=8.744e-04, KE=3.014137e-02, Mt=0.2487, A_K=0.099, Cuv=-0.283, P_in=7.981e-04, P_tgt=7.960e-04, A_F=0.029, K_low=0.157, P_drag=-9.347e-04, P_cool=-5.923e-04, WENO=0.056, ReL2D=139.98, eps_nu=5.115e-04, P_hv=1.831e-05, rho_mean=1.000000, p_mean=0.715470, div_rms=9.797e-02, vort_rms=8.147e-01, mass_err=-1.333e-10
saved snapshot: results/hit2d/conservative_hv_audit_Mt0p25_ReL120_N256/mn0p010_CFL0p10/hit2d_step0055000.npz
step= 55500, t=48.536907, dt=8.730e-04, KE=3.000997e-02, Mt=0.2478, A_K=0.049, Cuv=-0.273, P_in=8.283e-04, P_tgt=8.261e-04, A_F=0.103, K_low=0.165, P_drag=-9.743e-04, P_cool=-5.557e-04, WENO=0.050, ReL2D=140.10, eps_nu=5.125e-04, P_hv=1.807e-05, rho_mean=1.000000, p_mean=0.715397, div_rms=9.489e-02, vort_rms=8.160e-01, mass_err=-1.345e-10
step= 56000, t=48.971835, dt=8.645e-04, KE=2.986582e-02, Mt=0.2468, A_K=0.031, Cuv=-0.252, P_in=8.777e-04, P_tgt=8.695e-04, A_F=0.200, K_low=0.171, P_drag=-1.009e-03, P_cool=-5.255e-04, WENO=0.081, ReL2D=139.32, eps_nu=5.143e-04, P_hv=1.806e-05, rho_mean=1.000000, p_mean=0.715337, div_rms=9.759e-02, vort_rms=8.170e-01, mass_err=-1.358e-10
step= 56500, t=49.403358, dt=8.587e-04, KE=2.949319e-02, Mt=0.2453, A_K=0.037, Cuv=-0.268, P_in=9.411e-04, P_tgt=9.432e-04, A_F=0.002, K_low=0.178, P_drag=-1.040e-03, P_cool=-5.436e-04, WENO=0.057, ReL2D=136.11, eps_nu=5.103e-04, P_hv=1.813e-05, rho_mean=1.000000, p_mean=0.715373, div_rms=1.025e-01, vort_rms=8.130e-01, mass_err=-1.370e-10
step= 57000, t=49.828820, dt=8.448e-04, KE=2.911988e-02, Mt=0.2442, A_K=0.036, Cuv=-0.278, P_in=1.060e-03, P_tgt=1.052e-03, A_F=0.334, K_low=0.186, P_drag=-1.068e-03, P_cool=-5.659e-04, WENO=0.062, ReL2D=131.50, eps_nu=5.121e-04, P_hv=1.824e-05, rho_mean=1.000000, p_mean=0.715417, div_rms=9.907e-02, vort_rms=8.150e-01, mass_err=-1.382e-10
step= 57500, t=50.251143, dt=8.477e-04, KE=2.896495e-02, Mt=0.2432, A_K=0.021, Cuv=-0.272, P_in=1.159e-03, P_tgt=1.199e-03, A_F=0.241, K_low=0.190, P_drag=-1.088e-03, P_cool=-5.531e-04, WENO=0.063, ReL2D=128.90, eps_nu=5.134e-04, P_hv=1.806e-05, rho_mean=1.000000, p_mean=0.715392, div_rms=9.738e-02, vort_rms=8.163e-01, mass_err=-1.394e-10
step= 58000, t=50.678953, dt=8.513e-04, KE=2.891456e-02, Mt=0.2423, A_K=0.042, Cuv=-0.236, P_in=1.383e-03, P_tgt=1.401e-03, A_F=0.075, K_low=0.190, P_drag=-1.096e-03, P_cool=-5.423e-04, WENO=0.054, ReL2D=130.24, eps_nu=5.135e-04, P_hv=1.828e-05, rho_mean=1.000000, p_mean=0.715370, div_rms=1.013e-01, vort_rms=8.157e-01, mass_err=-1.406e-10
step= 58500, t=51.104906, dt=8.550e-04, KE=2.888014e-02, Mt=0.2425, A_K=0.079, Cuv=-0.184, P_in=1.653e-03, P_tgt=1.646e-03, A_F=0.087, K_low=0.195, P_drag=-1.121e-03, P_cool=-5.386e-04, WENO=0.058, ReL2D=130.54, eps_nu=5.077e-04, P_hv=1.759e-05, rho_mean=1.000000, p_mean=0.715363, div_rms=9.859e-02, vort_rms=8.115e-01, mass_err=-1.418e-10
step= 59000, t=51.532598, dt=8.522e-04, KE=2.897955e-02, Mt=0.2433, A_K=0.093, Cuv=-0.171, P_in=1.897e-03, P_tgt=1.907e-03, A_F=0.228, K_low=0.202, P_drag=-1.158e-03, P_cool=-5.280e-04, WENO=0.065, ReL2D=129.40, eps_nu=5.130e-04, P_hv=1.700e-05, rho_mean=1.000000, p_mean=0.715342, div_rms=1.040e-01, vort_rms=8.149e-01, mass_err=-1.430e-10
step= 59500, t=51.959764, dt=8.647e-04, KE=2.912279e-02, Mt=0.2441, A_K=0.105, Cuv=-0.173, P_in=2.194e-03, P_tgt=2.179e-03, A_F=0.081, K_low=0.208, P_drag=-1.193e-03, P_cool=-5.283e-04, WENO=0.058, ReL2D=127.74, eps_nu=5.201e-04, P_hv=1.696e-05, rho_mean=1.000000, p_mean=0.715342, div_rms=1.066e-01, vort_rms=8.202e-01, mass_err=-1.443e-10
step= 60000, t=52.393703, dt=8.738e-04, KE=2.934992e-02, Mt=0.2451, A_K=0.076, Cuv=-0.165, P_in=2.422e-03, P_tgt=2.432e-03, A_F=0.239, K_low=0.209, P_drag=-1.211e-03, P_cool=-5.333e-04, WENO=0.065, ReL2D=129.36, eps_nu=5.283e-04, P_hv=1.654e-05, rho_mean=1.000000, p_mean=0.715352, div_rms=1.021e-01, vort_rms=8.276e-01, mass_err=-1.455e-10
saved snapshot: results/hit2d/conservative_hv_audit_Mt0p25_ReL120_N256/mn0p010_CFL0p10/hit2d_step0060000.npz
step= 60500, t=52.834926, dt=8.828e-04, KE=2.965913e-02, Mt=0.2457, A_K=0.004, Cuv=-0.108, P_in=2.676e-03, P_tgt=2.679e-03, A_F=0.102, K_low=0.206, P_drag=-1.215e-03, P_cool=-5.431e-04, WENO=0.051, ReL2D=124.60, eps_nu=5.488e-04, P_hv=1.742e-05, rho_mean=1.000000, p_mean=0.715372, div_rms=1.049e-01, vort_rms=8.433e-01, mass_err=-1.467e-10
step= 61000, t=53.273371, dt=8.730e-04, KE=3.012223e-02, Mt=0.2473, A_K=0.019, Cuv=-0.060, P_in=2.886e-03, P_tgt=2.884e-03, A_F=0.153, K_low=0.203, P_drag=-1.218e-03, P_cool=-5.412e-04, WENO=0.062, ReL2D=120.96, eps_nu=5.739e-04, P_hv=1.761e-05, rho_mean=1.000000, p_mean=0.715368, div_rms=1.096e-01, vort_rms=8.620e-01, mass_err=-1.479e-10
step= 61500, t=53.709019, dt=8.735e-04, KE=3.053307e-02, Mt=0.2492, A_K=0.036, Cuv=-0.028, P_in=2.949e-03, P_tgt=2.991e-03, A_F=0.059, K_low=0.201, P_drag=-1.226e-03, P_cool=-5.618e-04, WENO=0.049, ReL2D=120.91, eps_nu=5.891e-04, P_hv=1.866e-05, rho_mean=1.000000, p_mean=0.715409, div_rms=1.098e-01, vort_rms=8.735e-01, mass_err=-1.491e-10
step= 62000, t=54.144864, dt=8.655e-04, KE=3.100663e-02, Mt=0.2510, A_K=0.079, Cuv=-0.006, P_in=2.926e-03, P_tgt=2.985e-03, A_F=0.076, K_low=0.201, P_drag=-1.232e-03, P_cool=-5.738e-04, WENO=0.053, ReL2D=117.08, eps_nu=6.216e-04, P_hv=1.867e-05, rho_mean=1.000000, p_mean=0.715433, div_rms=1.146e-01, vort_rms=8.970e-01, mass_err=-1.503e-10
step= 62500, t=54.572286, dt=8.503e-04, KE=3.145948e-02, Mt=0.2533, A_K=0.094, Cuv=0.029, P_in=2.855e-03, P_tgt=2.860e-03, A_F=0.001, K_low=0.199, P_drag=-1.234e-03, P_cool=-5.796e-04, WENO=0.057, ReL2D=117.96, eps_nu=6.482e-04, P_hv=2.044e-05, rho_mean=1.000000, p_mean=0.715445, div_rms=1.192e-01, vort_rms=9.156e-01, mass_err=-1.515e-10
step= 63000, t=54.998360, dt=8.469e-04, KE=3.195235e-02, Mt=0.2550, A_K=0.098, Cuv=0.049, P_in=2.623e-03, P_tgt=2.630e-03, A_F=0.004, K_low=0.196, P_drag=-1.229e-03, P_cool=-5.624e-04, WENO=0.062, ReL2D=118.74, eps_nu=6.669e-04, P_hv=2.249e-05, rho_mean=1.000000, p_mean=0.715410, div_rms=1.260e-01, vort_rms=9.279e-01, mass_err=-1.528e-10
step= 63500, t=55.418042, dt=8.378e-04, KE=3.206275e-02, Mt=0.2548, A_K=0.091, Cuv=0.065, P_in=2.386e-03, P_tgt=2.388e-03, A_F=0.056, K_low=0.190, P_drag=-1.208e-03, P_cool=-6.003e-04, WENO=0.065, ReL2D=119.66, eps_nu=6.804e-04, P_hv=2.348e-05, rho_mean=1.000000, p_mean=0.715486, div_rms=1.201e-01, vort_rms=9.384e-01, mass_err=-1.540e-10
step= 64000, t=55.834322, dt=8.163e-04, KE=3.215621e-02, Mt=0.2550, A_K=0.119, Cuv=0.108, P_in=2.175e-03, P_tgt=2.173e-03, A_F=0.148, K_low=0.187, P_drag=-1.192e-03, P_cool=-6.212e-04, WENO=0.051, ReL2D=121.15, eps_nu=6.891e-04, P_hv=2.450e-05, rho_mean=1.000000, p_mean=0.715528, div_rms=1.269e-01, vort_rms=9.434e-01, mass_err=-1.552e-10
step= 64500, t=56.236800, dt=7.947e-04, KE=3.206410e-02, Mt=0.2552, A_K=0.162, Cuv=0.118, P_in=1.981e-03, P_tgt=1.968e-03, A_F=0.138, K_low=0.189, P_drag=-1.192e-03, P_cool=-6.588e-04, WENO=0.049, ReL2D=122.32, eps_nu=6.859e-04, P_hv=2.771e-05, rho_mean=1.000000, p_mean=0.715603, div_rms=1.215e-01, vort_rms=9.421e-01, mass_err=-1.564e-10
step= 65000, t=56.629272, dt=7.777e-04, KE=3.212606e-02, Mt=0.2558, A_K=0.197, Cuv=0.090, P_in=1.775e-03, P_tgt=1.767e-03, A_F=0.080, K_low=0.189, P_drag=-1.192e-03, P_cool=-6.480e-04, WENO=0.059, ReL2D=122.80, eps_nu=6.852e-04, P_hv=2.939e-05, rho_mean=1.000000, p_mean=0.715582, div_rms=1.301e-01, vort_rms=9.401e-01, mass_err=-1.576e-10
saved snapshot: results/hit2d/conservative_hv_audit_Mt0p25_ReL120_N256/mn0p010_CFL0p10/hit2d_step0065000.npz
warning: flow component anisotropy has increased over the last three diagnostic samples
step= 65500, t=57.014671, dt=7.696e-04, KE=3.222679e-02, Mt=0.2559, A_K=0.224, Cuv=0.061, P_in=1.584e-03, P_tgt=1.579e-03, A_F=0.044, K_low=0.185, P_drag=-1.173e-03, P_cool=-6.166e-04, WENO=0.042, ReL2D=123.65, eps_nu=6.833e-04, P_hv=3.038e-05, rho_mean=1.000000, p_mean=0.715519, div_rms=1.345e-01, vort_rms=9.379e-01, mass_err=-1.588e-10
warning: flow component anisotropy has increased over the last three diagnostic samples
step= 66000, t=57.402324, dt=7.764e-04, KE=3.210879e-02, Mt=0.2550, A_K=0.249, Cuv=0.044, P_in=1.405e-03, P_tgt=1.418e-03, A_F=0.289, K_low=0.179, P_drag=-1.136e-03, P_cool=-6.190e-04, WENO=0.054, ReL2D=123.46, eps_nu=6.803e-04, P_hv=3.089e-05, rho_mean=1.000000, p_mean=0.715524, div_rms=1.299e-01, vort_rms=9.366e-01, mass_err=-1.600e-10
warning: flow component anisotropy has increased over the last three diagnostic samples
step= 66500, t=57.787572, dt=7.717e-04, KE=3.190080e-02, Mt=0.2543, A_K=0.262, Cuv=0.035, P_in=1.295e-03, P_tgt=1.297e-03, A_F=0.003, K_low=0.172, P_drag=-1.094e-03, P_cool=-6.309e-04, WENO=0.054, ReL2D=123.01, eps_nu=6.726e-04, P_hv=3.007e-05, rho_mean=1.000000, p_mean=0.715547, div_rms=1.305e-01, vort_rms=9.310e-01, mass_err=-1.612e-10
step= 67000, t=58.177128, dt=7.895e-04, KE=3.163092e-02, Mt=0.2533, A_K=0.238, Cuv=0.031, P_in=1.195e-03, P_tgt=1.203e-03, A_F=0.181, K_low=0.166, P_drag=-1.047e-03, P_cool=-6.489e-04, WENO=0.078, ReL2D=122.25, eps_nu=6.657e-04, P_hv=2.927e-05, rho_mean=1.000000, p_mean=0.715584, div_rms=1.241e-01, vort_rms=9.273e-01, mass_err=-1.624e-10
step= 67500, t=58.575935, dt=7.995e-04, KE=3.136014e-02, Mt=0.2525, A_K=0.227, Cuv=0.005, P_in=1.137e-03, P_tgt=1.138e-03, A_F=0.049, K_low=0.159, P_drag=-9.877e-04, P_cool=-6.628e-04, WENO=0.053, ReL2D=123.21, eps_nu=6.611e-04, P_hv=2.903e-05, rho_mean=1.000000, p_mean=0.715611, div_rms=1.190e-01, vort_rms=9.249e-01, mass_err=-1.637e-10
step= 68000, t=58.975638, dt=8.004e-04, KE=3.121572e-02, Mt=0.2517, A_K=0.219, Cuv=-0.039, P_in=1.138e-03, P_tgt=1.091e-03, A_F=0.230, K_low=0.150, P_drag=-9.244e-04, P_cool=-6.519e-04, WENO=0.063, ReL2D=124.08, eps_nu=6.571e-04, P_hv=2.921e-05, rho_mean=1.000000, p_mean=0.715590, div_rms=1.198e-01, vort_rms=9.219e-01, mass_err=-1.649e-10
step= 68500, t=59.376453, dt=8.027e-04, KE=3.112173e-02, Mt=0.2507, A_K=0.221, Cuv=-0.054, P_in=1.088e-03, P_tgt=1.066e-03, A_F=0.004, K_low=0.141, P_drag=-8.688e-04, P_cool=-6.335e-04, WENO=0.053, ReL2D=123.07, eps_nu=6.480e-04, P_hv=2.897e-05, rho_mean=1.000000, p_mean=0.715553, div_rms=1.169e-01, vort_rms=9.159e-01, mass_err=-1.661e-10
warning: flow component anisotropy has increased over the last three diagnostic samples
step= 69000, t=59.780057, dt=8.111e-04, KE=3.102874e-02, Mt=0.2501, A_K=0.229, Cuv=-0.046, P_in=1.039e-03, P_tgt=1.056e-03, A_F=0.076, K_low=0.133, P_drag=-8.220e-04, P_cool=-6.194e-04, WENO=0.050, ReL2D=124.69, eps_nu=6.401e-04, P_hv=2.905e-05, rho_mean=1.000000, p_mean=0.715524, div_rms=1.202e-01, vort_rms=9.096e-01, mass_err=-1.673e-10
step= 69500, t=60.191740, dt=8.334e-04, KE=3.074220e-02, Mt=0.2498, A_K=0.202, Cuv=-0.075, P_in=1.039e-03, P_tgt=1.059e-03, A_F=0.164, K_low=0.130, P_drag=-7.894e-04, P_cool=-6.469e-04, WENO=0.048, ReL2D=127.83, eps_nu=6.294e-04, P_hv=2.847e-05, rho_mean=1.000000, p_mean=0.715580, div_rms=1.180e-01, vort_rms=9.022e-01, mass_err=-1.685e-10
step= 70000, t=60.605087, dt=8.185e-04, KE=3.053799e-02, Mt=0.2495, A_K=0.161, Cuv=-0.150, P_in=1.083e-03, P_tgt=1.066e-03, A_F=0.166, K_low=0.127, P_drag=-7.612e-04, P_cool=-6.590e-04, WENO=0.053, ReL2D=122.64, eps_nu=6.278e-04, P_hv=2.761e-05, rho_mean=1.000000, p_mean=0.715604, div_rms=1.200e-01, vort_rms=9.006e-01, mass_err=-1.697e-10
saved snapshot: results/hit2d/conservative_hv_audit_Mt0p25_ReL120_N256/mn0p010_CFL0p10/hit2d_step0070000.npz
step= 70500, t=61.015237, dt=8.277e-04, KE=3.049173e-02, Mt=0.2485, A_K=0.086, Cuv=-0.167, P_in=1.072e-03, P_tgt=1.086e-03, A_F=0.082, K_low=0.122, P_drag=-7.330e-04, P_cool=-6.420e-04, WENO=0.068, ReL2D=118.61, eps_nu=6.275e-04, P_hv=2.662e-05, rho_mean=1.000000, p_mean=0.715570, div_rms=1.277e-01, vort_rms=8.990e-01, mass_err=-1.709e-10
step= 71000, t=61.432125, dt=8.396e-04, KE=3.031240e-02, Mt=0.2468, A_K=0.065, Cuv=-0.162, P_in=1.145e-03, P_tgt=1.141e-03, A_F=0.150, K_low=0.118, P_drag=-7.144e-04, P_cool=-6.563e-04, WENO=0.071, ReL2D=118.80, eps_nu=6.175e-04, P_hv=2.644e-05, rho_mean=1.000000, p_mean=0.715598, div_rms=1.132e-01, vort_rms=8.942e-01, mass_err=-1.721e-10
step= 71500, t=61.850022, dt=8.385e-04, KE=3.033976e-02, Mt=0.2474, A_K=0.049, Cuv=-0.176, P_in=1.215e-03, P_tgt=1.215e-03, A_F=0.206, K_low=0.119, P_drag=-7.180e-04, P_cool=-6.361e-04, WENO=0.048, ReL2D=119.78, eps_nu=6.082e-04, P_hv=2.656e-05, rho_mean=1.000000, p_mean=0.715558, div_rms=1.234e-01, vort_rms=8.855e-01, mass_err=-1.733e-10
step= 72000, t=62.279161, dt=8.808e-04, KE=3.021835e-02, Mt=0.2476, A_K=0.026, Cuv=-0.175, P_in=1.287e-03, P_tgt=1.275e-03, A_F=0.030, K_low=0.123, P_drag=-7.342e-04, P_cool=-6.504e-04, WENO=0.053, ReL2D=118.87, eps_nu=6.044e-04, P_hv=2.646e-05, rho_mean=1.000000, p_mean=0.715586, div_rms=1.236e-01, vort_rms=8.826e-01, mass_err=-1.746e-10
step= 72500, t=62.715801, dt=8.618e-04, KE=3.018801e-02, Mt=0.2472, A_K=0.040, Cuv=-0.196, P_in=1.343e-03, P_tgt=1.345e-03, A_F=0.127, K_low=0.126, P_drag=-7.509e-04, P_cool=-6.519e-04, WENO=0.053, ReL2D=117.30, eps_nu=6.165e-04, P_hv=2.589e-05, rho_mean=1.000000, p_mean=0.715590, div_rms=1.212e-01, vort_rms=8.921e-01, mass_err=-1.758e-10
step= 73000, t=63.143655, dt=8.473e-04, KE=3.019272e-02, Mt=0.2473, A_K=0.039, Cuv=-0.198, P_in=1.389e-03, P_tgt=1.419e-03, A_F=0.038, K_low=0.127, P_drag=-7.487e-04, P_cool=-6.511e-04, WENO=0.050, ReL2D=115.87, eps_nu=6.304e-04, P_hv=2.677e-05, rho_mean=1.000000, p_mean=0.715588, div_rms=1.340e-01, vort_rms=8.999e-01, mass_err=-1.770e-10
step= 73500, t=63.561240, dt=8.312e-04, KE=2.994444e-02, Mt=0.2459, A_K=0.032, Cuv=-0.172, P_in=1.545e-03, P_tgt=1.519e-03, A_F=0.150, K_low=0.124, P_drag=-7.263e-04, P_cool=-7.051e-04, WENO=0.066, ReL2D=114.58, eps_nu=6.360e-04, P_hv=2.840e-05, rho_mean=1.000000, p_mean=0.715696, div_rms=1.258e-01, vort_rms=9.056e-01, mass_err=-1.782e-10
step= 74000, t=63.975304, dt=8.229e-04, KE=3.013902e-02, Mt=0.2464, A_K=0.054, Cuv=-0.152, P_in=1.579e-03, P_tgt=1.649e-03, A_F=0.176, K_low=0.120, P_drag=-7.144e-04, P_cool=-6.801e-04, WENO=0.061, ReL2D=113.50, eps_nu=6.431e-04, P_hv=3.031e-05, rho_mean=1.000000, p_mean=0.715646, div_rms=1.269e-01, vort_rms=9.106e-01, mass_err=-1.794e-10
step= 74500, t=64.387514, dt=8.285e-04, KE=3.056010e-02, Mt=0.2480, A_K=0.048, Cuv=-0.138, P_in=1.745e-03, P_tgt=1.744e-03, A_F=0.265, K_low=0.121, P_drag=-7.308e-04, P_cool=-6.243e-04, WENO=0.061, ReL2D=115.85, eps_nu=6.496e-04, P_hv=3.003e-05, rho_mean=1.000000, p_mean=0.715534, div_rms=1.324e-01, vort_rms=9.142e-01, mass_err=-1.806e-10
step= 75000, t=64.802241, dt=8.274e-04, KE=3.067735e-02, Mt=0.2494, A_K=0.046, Cuv=-0.141, P_in=1.777e-03, P_tgt=1.790e-03, A_F=0.264, K_low=0.124, P_drag=-7.465e-04, P_cool=-6.346e-04, WENO=0.058, ReL2D=117.31, eps_nu=6.469e-04, P_hv=2.928e-05, rho_mean=1.000000, p_mean=0.715555, div_rms=1.336e-01, vort_rms=9.121e-01, mass_err=-1.818e-10
saved snapshot: results/hit2d/conservative_hv_audit_Mt0p25_ReL120_N256/mn0p010_CFL0p10/hit2d_step0075000.npz
step= 75500, t=65.224657, dt=8.713e-04, KE=3.055981e-02, Mt=0.2494, A_K=0.048, Cuv=-0.104, P_in=1.828e-03, P_tgt=1.805e-03, A_F=0.068, K_low=0.124, P_drag=-7.408e-04, P_cool=-6.916e-04, WENO=0.070, ReL2D=117.53, eps_nu=6.463e-04, P_hv=2.686e-05, rho_mean=1.000000, p_mean=0.715669, div_rms=1.310e-01, vort_rms=9.121e-01, mass_err=-1.830e-10
step= 76000, t=65.662993, dt=8.869e-04, KE=3.078619e-02, Mt=0.2497, A_K=0.034, Cuv=-0.078, P_in=1.846e-03, P_tgt=1.826e-03, A_F=0.097, K_low=0.117, P_drag=-7.085e-04, P_cool=-6.813e-04, WENO=0.077, ReL2D=115.98, eps_nu=6.569e-04, P_hv=2.549e-05, rho_mean=1.000000, p_mean=0.715648, div_rms=1.399e-01, vort_rms=9.180e-01, mass_err=-1.842e-10
step= 76500, t=66.105054, dt=8.800e-04, KE=3.113640e-02, Mt=0.2508, A_K=0.024, Cuv=-0.072, P_in=1.803e-03, P_tgt=1.816e-03, A_F=0.082, K_low=0.111, P_drag=-6.742e-04, P_cool=-6.528e-04, WENO=0.059, ReL2D=117.50, eps_nu=6.650e-04, P_hv=2.629e-05, rho_mean=1.000000, p_mean=0.715591, div_rms=1.400e-01, vort_rms=9.238e-01, mass_err=-1.854e-10
step= 77000, t=66.551273, dt=8.926e-04, KE=3.116246e-02, Mt=0.2513, A_K=0.012, Cuv=-0.082, P_in=1.773e-03, P_tgt=1.778e-03, A_F=0.142, K_low=0.108, P_drag=-6.542e-04, P_cool=-6.895e-04, WENO=0.072, ReL2D=119.74, eps_nu=6.629e-04, P_hv=2.677e-05, rho_mean=1.000000, p_mean=0.715665, div_rms=1.301e-01, vort_rms=9.242e-01, mass_err=-1.866e-10
step= 77500, t=66.996349, dt=8.911e-04, KE=3.135304e-02, Mt=0.2521, A_K=0.007, Cuv=-0.099, P_in=1.737e-03, P_tgt=1.717e-03, A_F=0.130, K_low=0.106, P_drag=-6.483e-04, P_cool=-6.881e-04, WENO=0.063, ReL2D=118.38, eps_nu=6.621e-04, P_hv=2.684e-05, rho_mean=1.000000, p_mean=0.715662, div_rms=1.426e-01, vort_rms=9.212e-01, mass_err=-1.878e-10
step= 78000, t=67.443174, dt=8.978e-04, KE=3.141874e-02, Mt=0.2524, A_K=0.017, Cuv=-0.082, P_in=1.608e-03, P_tgt=1.642e-03, A_F=0.067, K_low=0.102, P_drag=-6.338e-04, P_cool=-7.058e-04, WENO=0.067, ReL2D=117.86, eps_nu=6.585e-04, P_hv=2.678e-05, rho_mean=1.000000, p_mean=0.715697, div_rms=1.331e-01, vort_rms=9.205e-01, mass_err=-1.891e-10
step= 78500, t=67.892811, dt=8.946e-04, KE=3.165388e-02, Mt=0.2532, A_K=0.008, Cuv=-0.031, P_in=1.542e-03, P_tgt=1.555e-03, A_F=0.010, K_low=0.096, P_drag=-6.057e-04, P_cool=-6.845e-04, WENO=0.083, ReL2D=117.99, eps_nu=6.558e-04, P_hv=2.631e-05, rho_mean=1.000000, p_mean=0.715655, div_rms=1.391e-01, vort_rms=9.174e-01, mass_err=-1.903e-10
step= 79000, t=68.330786, dt=8.701e-04, KE=3.185605e-02, Mt=0.2535, A_K=0.015, Cuv=-0.024, P_in=1.449e-03, P_tgt=1.455e-03, A_F=0.226, K_low=0.093, P_drag=-5.863e-04, P_cool=-6.651e-04, WENO=0.076, ReL2D=119.52, eps_nu=6.532e-04, P_hv=2.679e-05, rho_mean=1.000000, p_mean=0.715616, div_rms=1.410e-01, vort_rms=9.151e-01, mass_err=-1.915e-10
step= 79500, t=68.773190, dt=9.050e-04, KE=3.190594e-02, Mt=0.2537, A_K=0.046, Cuv=-0.050, P_in=1.369e-03, P_tgt=1.359e-03, A_F=0.045, K_low=0.094, P_drag=-5.906e-04, P_cool=-6.688e-04, WENO=0.063, ReL2D=120.91, eps_nu=6.471e-04, P_hv=2.614e-05, rho_mean=1.000000, p_mean=0.715623, div_rms=1.409e-01, vort_rms=9.107e-01, mass_err=-1.927e-10
step= 80000, t=69.224260, dt=8.901e-04, KE=3.169649e-02, Mt=0.2536, A_K=0.068, Cuv=-0.050, P_in=1.294e-03, P_tgt=1.261e-03, A_F=0.023, K_low=0.099, P_drag=-6.118e-04, P_cool=-7.133e-04, WENO=0.072, ReL2D=121.46, eps_nu=6.435e-04, P_hv=2.532e-05, rho_mean=1.000000, p_mean=0.715712, div_rms=1.345e-01, vort_rms=9.094e-01, mass_err=-1.939e-10
saved snapshot: results/hit2d/conservative_hv_audit_Mt0p25_ReL120_N256/mn0p010_CFL0p10/hit2d_step0080000.npz
step= 80500, t=69.664335, dt=8.777e-04, KE=3.157348e-02, Mt=0.2537, A_K=0.090, Cuv=-0.067, P_in=1.178e-03, P_tgt=1.177e-03, A_F=0.166, K_low=0.104, P_drag=-6.396e-04, P_cool=-7.259e-04, WENO=0.072, ReL2D=123.22, eps_nu=6.339e-04, P_hv=2.633e-05, rho_mean=1.000000, p_mean=0.715738, div_rms=1.386e-01, vort_rms=9.015e-01, mass_err=-1.951e-10
step= 80881, t=70.000000, dt=7.047e-04, KE=3.168804e-02, Mt=0.2542, A_K=0.082, Cuv=-0.078, P_in=1.116e-03, P_tgt=1.110e-03, A_F=0.145, K_low=0.107, P_drag=-6.633e-04, P_cool=-6.887e-04, WENO=0.065, ReL2D=123.36, eps_nu=6.300e-04, P_hv=2.511e-05, rho_mean=1.000000, p_mean=0.715663, div_rms=1.467e-01, vort_rms=8.970e-01, mass_err=-1.960e-10
saved snapshot: results/hit2d/conservative_hv_audit_Mt0p25_ReL120_N256/mn0p010_CFL0p10/hit2d_step0080881.npz
completed 2D HIT run at t=70.000000 in 80881 steps
Post-processing mn0p010_CFL0p10
/home/fatienza/github/HIT_Solver/2D/hit2d_viewer.py:405: UserWarning: No artists with labels found to put in legend.  Note that artists whose label start with an underscore are ignored when legend() is called with no argument.
  ax.legend()
saved HIT diagnostic field plot: results/hit2d/conservative_hv_audit_Mt0p25_ReL120_N256/mn0p010_CFL0p10/postprocess/hit2d_physics_fields.png
saved HIT history plot: results/hit2d/conservative_hv_audit_Mt0p25_ReL120_N256/mn0p010_CFL0p10/postprocess/hit2d_history.png
saved isotropy diagnostics: results/hit2d/conservative_hv_audit_Mt0p25_ReL120_N256/mn0p010_CFL0p10/isotropy_diagnostics.npz
selected interval: t=[26.1935, 60.6051], Neddy=[4.16784, 9.657], snapshots=9
turnover reference length: L_ref=1.570796e+00
isotropy mismatch: E_LL=1.429391e-01 (normalized=3.414968e-01), E_NN=1.325801e-01 (normalized=3.557942e-01)
selected means: K=3.079594e-02, Mt=2.503807e-01, A_K=1.756505e-01, C_uv=-5.100520e-02
saved isotropy plot: results/hit2d/conservative_hv_audit_Mt0p25_ReL120_N256/mn0p010_CFL0p10/postprocess/stationarity_K_Mt.png
saved isotropy plot: results/hit2d/conservative_hv_audit_Mt0p25_ReL120_N256/mn0p010_CFL0p10/postprocess/directional_isotropy_correlations.png
saved isotropy plot: results/hit2d/conservative_hv_audit_Mt0p25_ReL120_N256/mn0p010_CFL0p10/postprocess/component_energy_anisotropy.png
saved spectra diagnostics: results/hit2d/conservative_hv_audit_Mt0p25_ReL120_N256/mn0p010_CFL0p10/spectra_diagnostics.npz
saved spectra plot: results/hit2d/conservative_hv_audit_Mt0p25_ReL120_N256/mn0p010_CFL0p10/postprocess/energy_enstrophy_spectra.png
cutoff ratios: energy=0.000e+00, enstrophy=1.013e+00
spectral checks: Parseval=0.000e+00, Helmholtz closure=2.064e-16, <chi_d>=1.179e-02
saved PDF diagnostics: results/hit2d/conservative_hv_audit_Mt0p25_ReL120_N256/mn0p010_CFL0p10/pdf_diagnostics.npz
saved PDF plot: results/hit2d/conservative_hv_audit_Mt0p25_ReL120_N256/mn0p010_CFL0p10/postprocess/one_point_pdfs.png
PDF moments: S_theta=-6.874e-01, F_theta=8.377e+00, S_omega=2.639e-02, F_omega=3.244e+00

------------------------------------------------------------
Starting mn0p002_CFL0p05 at Sun Aug  9 09:39:55 PM CEST 2026
mn=0.002 CFL=0.05 mode=conservative_flux interval=5
------------------------------------------------------------
Using array backend: cupy
saved run configuration: results/hit2d/conservative_hv_audit_Mt0p25_ReL120_N256/mn0p002_CFL0p05/config.json
resolved initial Re_lambda_2d=120.000000 with dynamic viscosity=7.560701e-04
step=     0, t=0.000000, dt=0.000e+00, KE=3.125000e-02, Mt=0.2500, A_K=0.000, Cuv=0.000, P_in=0.000e+00, P_tgt=0.000e+00, A_F=0.000, K_low=0.000, P_drag=0.000e+00, P_cool=0.000e+00, WENO=0.018, ReL2D=120.00, eps_nu=7.186e-04, P_hv=0.000e+00, rho_mean=1.000000, p_mean=0.714286, div_rms=6.115e-15, vort_rms=9.749e-01, mass_err=0.000e+00
step=   500, t=0.221030, dt=4.420e-04, KE=3.118181e-02, Mt=0.2498, A_K=0.000, Cuv=-0.003, P_in=1.000e-03, P_tgt=9.993e-04, A_F=0.173, K_low=0.001, P_drag=-7.114e-06, P_cool=-5.800e-05, WENO=0.029, ReL2D=117.87, eps_nu=7.261e-04, P_hv=5.033e-06, rho_mean=1.000000, p_mean=0.714402, div_rms=1.280e-01, vort_rms=9.688e-01, mass_err=-1.215e-12
step=  1000, t=0.442486, dt=4.449e-04, KE=3.043376e-02, Mt=0.2473, A_K=0.000, Cuv=-0.014, P_in=1.001e-03, P_tgt=1.027e-03, A_F=0.037, K_low=0.004, P_drag=-2.251e-05, P_cool=-2.453e-04, WENO=0.016, ReL2D=119.12, eps_nu=7.095e-04, P_hv=5.059e-06, rho_mean=1.000000, p_mean=0.714776, div_rms=1.168e-01, vort_rms=9.593e-01, mass_err=-2.430e-12
step=  1500, t=0.666611, dt=4.512e-04, KE=2.998908e-02, Mt=0.2467, A_K=0.004, Cuv=-0.043, P_in=1.128e-03, P_tgt=1.098e-03, A_F=0.028, K_low=0.006, P_drag=-3.368e-05, P_cool=-3.709e-04, WENO=0.023, ReL2D=120.51, eps_nu=7.136e-04, P_hv=5.215e-06, rho_mean=1.000000, p_mean=0.715028, div_rms=1.273e-01, vort_rms=9.604e-01, mass_err=-3.645e-12
step=  2000, t=0.892559, dt=4.523e-04, KE=3.015483e-02, Mt=0.2484, A_K=0.005, Cuv=-0.053, P_in=1.175e-03, P_tgt=1.155e-03, A_F=0.078, K_low=0.006, P_drag=-3.712e-05, P_cool=-3.745e-04, WENO=0.038, ReL2D=121.63, eps_nu=7.300e-04, P_hv=5.312e-06, rho_mean=1.000000, p_mean=0.715035, div_rms=1.352e-01, vort_rms=9.702e-01, mass_err=-4.853e-12
step=  2500, t=1.119257, dt=4.549e-04, KE=3.040658e-02, Mt=0.2491, A_K=0.009, Cuv=-0.057, P_in=1.176e-03, P_tgt=1.182e-03, A_F=0.036, K_low=0.006, P_drag=-3.464e-05, P_cool=-3.592e-04, WENO=0.051, ReL2D=121.92, eps_nu=7.369e-04, P_hv=5.420e-06, rho_mean=1.000000, p_mean=0.715004, div_rms=1.314e-01, vort_rms=9.755e-01, mass_err=-6.054e-12
step=  3000, t=1.345536, dt=4.503e-04, KE=3.053738e-02, Mt=0.2490, A_K=0.024, Cuv=-0.049, P_in=1.211e-03, P_tgt=1.205e-03, A_F=0.049, K_low=0.006, P_drag=-3.221e-05, P_cool=-3.691e-04, WENO=0.058, ReL2D=122.64, eps_nu=7.359e-04, P_hv=5.434e-06, rho_mean=1.000000, p_mean=0.715024, div_rms=1.231e-01, vort_rms=9.763e-01, mass_err=-7.269e-12
step=  3500, t=1.571007, dt=4.506e-04, KE=3.067177e-02, Mt=0.2494, A_K=0.044, Cuv=-0.030, P_in=1.235e-03, P_tgt=1.226e-03, A_F=0.130, K_low=0.006, P_drag=-3.473e-05, P_cool=-3.786e-04, WENO=0.053, ReL2D=124.01, eps_nu=7.388e-04, P_hv=5.579e-06, rho_mean=1.000000, p_mean=0.715043, div_rms=1.318e-01, vort_rms=9.767e-01, mass_err=-8.491e-12
step=  4000, t=1.795089, dt=4.456e-04, KE=3.077170e-02, Mt=0.2499, A_K=0.073, Cuv=-0.010, P_in=1.239e-03, P_tgt=1.234e-03, A_F=0.143, K_low=0.007, P_drag=-4.296e-05, P_cool=-3.948e-04, WENO=0.059, ReL2D=126.30, eps_nu=7.365e-04, P_hv=5.825e-06, rho_mean=1.000000, p_mean=0.715075, div_rms=1.337e-01, vort_rms=9.748e-01, mass_err=-9.692e-12
step=  4500, t=2.016944, dt=4.427e-04, KE=3.087739e-02, Mt=0.2502, A_K=0.085, Cuv=-0.011, P_in=1.235e-03, P_tgt=1.233e-03, A_F=0.197, K_low=0.009, P_drag=-5.342e-05, P_cool=-4.085e-04, WENO=0.055, ReL2D=127.76, eps_nu=7.371e-04, P_hv=6.010e-06, rho_mean=1.000000, p_mean=0.715103, div_rms=1.307e-01, vort_rms=9.758e-01, mass_err=-1.091e-11
step=  5000, t=2.238184, dt=4.426e-04, KE=3.105822e-02, Mt=0.2508, A_K=0.091, Cuv=-0.020, P_in=1.214e-03, P_tgt=1.221e-03, A_F=0.268, K_low=0.010, P_drag=-6.057e-05, P_cool=-4.061e-04, WENO=0.057, ReL2D=127.82, eps_nu=7.415e-04, P_hv=6.267e-06, rho_mean=1.000000, p_mean=0.715098, div_rms=1.309e-01, vort_rms=9.787e-01, mass_err=-1.211e-11
saved snapshot: results/hit2d/conservative_hv_audit_Mt0p25_ReL120_N256/mn0p002_CFL0p05/hit2d_step0005000.npz
step=  5500, t=2.459986, dt=4.450e-04, KE=3.125767e-02, Mt=0.2514, A_K=0.104, Cuv=-0.020, P_in=1.189e-03, P_tgt=1.195e-03, A_F=0.131, K_low=0.010, P_drag=-6.100e-05, P_cool=-3.992e-04, WENO=0.052, ReL2D=126.53, eps_nu=7.465e-04, P_hv=6.616e-06, rho_mean=1.000000, p_mean=0.715084, div_rms=1.359e-01, vort_rms=9.812e-01, mass_err=-1.332e-11
step=  6000, t=2.683544, dt=4.497e-04, KE=3.130619e-02, Mt=0.2515, A_K=0.126, Cuv=-0.006, P_in=1.163e-03, P_tgt=1.160e-03, A_F=0.118, K_low=0.009, P_drag=-5.699e-05, P_cool=-4.214e-04, WENO=0.071, ReL2D=126.06, eps_nu=7.451e-04, P_hv=6.779e-06, rho_mean=1.000000, p_mean=0.715128, div_rms=1.323e-01, vort_rms=9.809e-01, mass_err=-1.452e-11
step=  6500, t=2.909276, dt=4.513e-04, KE=3.124744e-02, Mt=0.2512, A_K=0.145, Cuv=0.016, P_in=1.133e-03, P_tgt=1.129e-03, A_F=0.153, K_low=0.009, P_drag=-5.557e-05, P_cool=-4.625e-04, WENO=0.061, ReL2D=126.83, eps_nu=7.418e-04, P_hv=6.843e-06, rho_mean=1.000000, p_mean=0.715211, div_rms=1.254e-01, vort_rms=9.799e-01, mass_err=-1.573e-11
step=  7000, t=3.134873, dt=4.507e-04, KE=3.130296e-02, Mt=0.2515, A_K=0.147, Cuv=0.042, P_in=1.127e-03, P_tgt=1.100e-03, A_F=0.102, K_low=0.010, P_drag=-6.275e-05, P_cool=-4.778e-04, WENO=0.055, ReL2D=128.39, eps_nu=7.448e-04, P_hv=7.094e-06, rho_mean=1.000000, p_mean=0.715241, div_rms=1.362e-01, vort_rms=9.799e-01, mass_err=-1.694e-11
step=  7500, t=3.359610, dt=4.494e-04, KE=3.138557e-02, Mt=0.2520, A_K=0.140, Cuv=0.051, P_in=1.060e-03, P_tgt=1.063e-03, A_F=0.031, K_low=0.013, P_drag=-7.767e-05, P_cool=-4.852e-04, WENO=0.065, ReL2D=130.32, eps_nu=7.462e-04, P_hv=7.410e-06, rho_mean=1.000000, p_mean=0.715256, div_rms=1.408e-01, vort_rms=9.800e-01, mass_err=-1.815e-11
step=  8000, t=3.584909, dt=4.501e-04, KE=3.141762e-02, Mt=0.2523, A_K=0.129, Cuv=0.044, P_in=1.024e-03, P_tgt=1.019e-03, A_F=0.229, K_low=0.016, P_drag=-9.499e-05, P_cool=-4.995e-04, WENO=0.060, ReL2D=132.27, eps_nu=7.455e-04, P_hv=7.627e-06, rho_mean=1.000000, p_mean=0.715285, div_rms=1.347e-01, vort_rms=9.807e-01, mass_err=-1.936e-11
step=  8500, t=3.809501, dt=4.492e-04, KE=3.143324e-02, Mt=0.2523, A_K=0.124, Cuv=0.036, P_in=9.754e-04, P_tgt=9.726e-04, A_F=0.009, K_low=0.018, P_drag=-1.088e-04, P_cool=-5.138e-04, WENO=0.069, ReL2D=132.60, eps_nu=7.444e-04, P_hv=7.919e-06, rho_mean=1.000000, p_mean=0.715313, div_rms=1.357e-01, vort_rms=9.798e-01, mass_err=-2.058e-11
step=  9000, t=4.034687, dt=4.501e-04, KE=3.141410e-02, Mt=0.2523, A_K=0.129, Cuv=0.033, P_in=9.279e-04, P_tgt=9.295e-04, A_F=0.091, K_low=0.020, P_drag=-1.176e-04, P_cool=-5.318e-04, WENO=0.058, ReL2D=131.51, eps_nu=7.410e-04, P_hv=8.161e-06, rho_mean=1.000000, p_mean=0.715349, div_rms=1.340e-01, vort_rms=9.778e-01, mass_err=-2.178e-11
step=  9500, t=4.259771, dt=4.512e-04, KE=3.139459e-02, Mt=0.2524, A_K=0.136, Cuv=0.035, P_in=8.980e-04, P_tgt=8.871e-04, A_F=0.036, K_low=0.021, P_drag=-1.246e-04, P_cool=-5.468e-04, WENO=0.048, ReL2D=129.52, eps_nu=7.390e-04, P_hv=8.530e-06, rho_mean=1.000000, p_mean=0.715379, div_rms=1.366e-01, vort_rms=9.760e-01, mass_err=-2.299e-11
step= 10000, t=4.486257, dt=4.525e-04, KE=3.135759e-02, Mt=0.2524, A_K=0.149, Cuv=0.042, P_in=8.457e-04, P_tgt=8.462e-04, A_F=0.065, K_low=0.022, P_drag=-1.340e-04, P_cool=-5.625e-04, WENO=0.059, ReL2D=130.08, eps_nu=7.335e-04, P_hv=8.484e-06, rho_mean=1.000000, p_mean=0.715411, div_rms=1.280e-01, vort_rms=9.738e-01, mass_err=-2.419e-11
saved snapshot: results/hit2d/conservative_hv_audit_Mt0p25_ReL120_N256/mn0p002_CFL0p05/hit2d_step0010000.npz
step= 10500, t=4.712086, dt=4.511e-04, KE=3.142540e-02, Mt=0.2527, A_K=0.156, Cuv=0.055, P_in=7.803e-04, P_tgt=8.050e-04, A_F=0.061, K_low=0.024, P_drag=-1.472e-04, P_cool=-5.546e-04, WENO=0.053, ReL2D=131.39, eps_nu=7.310e-04, P_hv=8.690e-06, rho_mean=1.000000, p_mean=0.715395, div_rms=1.348e-01, vort_rms=9.709e-01, mass_err=-2.539e-11
step= 11000, t=4.938131, dt=4.538e-04, KE=3.145221e-02, Mt=0.2527, A_K=0.156, Cuv=0.063, P_in=7.828e-04, P_tgt=7.630e-04, A_F=0.192, K_low=0.026, P_drag=-1.617e-04, P_cool=-5.529e-04, WENO=0.067, ReL2D=131.64, eps_nu=7.291e-04, P_hv=8.700e-06, rho_mean=1.000000, p_mean=0.715392, div_rms=1.331e-01, vort_rms=9.699e-01, mass_err=-2.662e-11
step= 11500, t=5.165014, dt=4.534e-04, KE=3.142224e-02, Mt=0.2524, A_K=0.144, Cuv=0.058, P_in=7.220e-04, P_tgt=7.259e-04, A_F=0.059, K_low=0.028, P_drag=-1.747e-04, P_cool=-5.600e-04, WENO=0.064, ReL2D=131.12, eps_nu=7.279e-04, P_hv=8.830e-06, rho_mean=1.000000, p_mean=0.715406, div_rms=1.268e-01, vort_rms=9.702e-01, mass_err=-2.784e-11
step= 12000, t=5.390615, dt=4.482e-04, KE=3.141927e-02, Mt=0.2522, A_K=0.134, Cuv=0.032, P_in=6.956e-04, P_tgt=6.940e-04, A_F=0.136, K_low=0.029, P_drag=-1.839e-04, P_cool=-5.592e-04, WENO=0.064, ReL2D=131.21, eps_nu=7.255e-04, P_hv=9.087e-06, rho_mean=1.000000, p_mean=0.715404, div_rms=1.225e-01, vort_rms=9.693e-01, mass_err=-2.905e-11
step= 12500, t=5.614173, dt=4.467e-04, KE=3.145092e-02, Mt=0.2521, A_K=0.134, Cuv=0.006, P_in=6.686e-04, P_tgt=6.650e-04, A_F=0.142, K_low=0.030, P_drag=-1.888e-04, P_cool=-5.501e-04, WENO=0.060, ReL2D=130.10, eps_nu=7.260e-04, P_hv=9.308e-06, rho_mean=1.000000, p_mean=0.715386, div_rms=1.344e-01, vort_rms=9.675e-01, mass_err=-3.027e-11
step= 13000, t=5.836775, dt=4.453e-04, KE=3.135812e-02, Mt=0.2517, A_K=0.143, Cuv=-0.008, P_in=6.483e-04, P_tgt=6.403e-04, A_F=0.024, K_low=0.031, P_drag=-1.921e-04, P_cool=-5.645e-04, WENO=0.070, ReL2D=129.53, eps_nu=7.224e-04, P_hv=9.330e-06, rho_mean=1.000000, p_mean=0.715415, div_rms=1.328e-01, vort_rms=9.654e-01, mass_err=-3.148e-11
step= 13500, t=6.060302, dt=4.497e-04, KE=3.124346e-02, Mt=0.2512, A_K=0.149, Cuv=-0.000, P_in=6.417e-04, P_tgt=6.223e-04, A_F=0.157, K_low=0.031, P_drag=-1.982e-04, P_cool=-5.813e-04, WENO=0.067, ReL2D=129.78, eps_nu=7.185e-04, P_hv=9.360e-06, rho_mean=1.000000, p_mean=0.715448, div_rms=1.334e-01, vort_rms=9.626e-01, mass_err=-3.268e-11
step= 14000, t=6.284473, dt=4.475e-04, KE=3.119710e-02, Mt=0.2509, A_K=0.149, Cuv=0.022, P_in=6.266e-04, P_tgt=6.090e-04, A_F=0.213, K_low=0.033, P_drag=-2.113e-04, P_cool=-5.839e-04, WENO=0.075, ReL2D=130.44, eps_nu=7.135e-04, P_hv=9.216e-06, rho_mean=1.000000, p_mean=0.715453, div_rms=1.282e-01, vort_rms=9.601e-01, mass_err=-3.389e-11
step= 14500, t=6.509017, dt=4.513e-04, KE=3.120812e-02, Mt=0.2507, A_K=0.138, Cuv=0.051, P_in=5.954e-04, P_tgt=5.992e-04, A_F=0.171, K_low=0.037, P_drag=-2.303e-04, P_cool=-5.730e-04, WENO=0.072, ReL2D=129.67, eps_nu=7.076e-04, P_hv=9.167e-06, rho_mean=1.000000, p_mean=0.715432, div_rms=1.280e-01, vort_rms=9.560e-01, mass_err=-3.511e-11
step= 15000, t=6.734334, dt=4.493e-04, KE=3.123292e-02, Mt=0.2510, A_K=0.115, Cuv=0.071, P_in=5.792e-04, P_tgt=5.898e-04, A_F=0.235, K_low=0.040, P_drag=-2.493e-04, P_cool=-5.669e-04, WENO=0.070, ReL2D=127.70, eps_nu=7.043e-04, P_hv=9.053e-06, rho_mean=1.000000, p_mean=0.715420, div_rms=1.295e-01, vort_rms=9.535e-01, mass_err=-3.633e-11
saved snapshot: results/hit2d/conservative_hv_audit_Mt0p25_ReL120_N256/mn0p002_CFL0p05/hit2d_step0015000.npz
step= 15500, t=6.959895, dt=4.528e-04, KE=3.111067e-02, Mt=0.2512, A_K=0.107, Cuv=0.059, P_in=5.725e-04, P_tgt=5.769e-04, A_F=0.222, K_low=0.043, P_drag=-2.625e-04, P_cool=-5.807e-04, WENO=0.062, ReL2D=127.76, eps_nu=7.006e-04, P_hv=8.969e-06, rho_mean=1.000000, p_mean=0.715447, div_rms=1.305e-01, vort_rms=9.507e-01, mass_err=-3.754e-11
step= 16000, t=7.185851, dt=4.511e-04, KE=3.089778e-02, Mt=0.2508, A_K=0.106, Cuv=0.035, P_in=5.732e-04, P_tgt=5.649e-04, A_F=0.107, K_low=0.044, P_drag=-2.692e-04, P_cool=-6.103e-04, WENO=0.054, ReL2D=128.90, eps_nu=6.921e-04, P_hv=8.899e-06, rho_mean=1.000000, p_mean=0.715506, div_rms=1.324e-01, vort_rms=9.445e-01, mass_err=-3.875e-11
step= 16500, t=7.408902, dt=4.421e-04, KE=3.068122e-02, Mt=0.2499, A_K=0.100, Cuv=0.024, P_in=5.526e-04, P_tgt=5.606e-04, A_F=0.097, K_low=0.045, P_drag=-2.729e-04, P_cool=-6.387e-04, WENO=0.049, ReL2D=128.97, eps_nu=6.815e-04, P_hv=9.299e-06, rho_mean=1.000000, p_mean=0.715563, div_rms=1.295e-01, vort_rms=9.375e-01, mass_err=-3.996e-11
step= 17000, t=7.630123, dt=4.445e-04, KE=3.055820e-02, Mt=0.2490, A_K=0.090, Cuv=0.035, P_in=5.688e-04, P_tgt=5.671e-04, A_F=0.126, K_low=0.046, P_drag=-2.780e-04, P_cool=-6.475e-04, WENO=0.062, ReL2D=129.10, eps_nu=6.716e-04, P_hv=9.194e-06, rho_mean=1.000000, p_mean=0.715581, div_rms=1.252e-01, vort_rms=9.313e-01, mass_err=-4.118e-11
step= 17500, t=7.854452, dt=4.528e-04, KE=3.054773e-02, Mt=0.2487, A_K=0.076, Cuv=0.053, P_in=5.823e-04, P_tgt=5.804e-04, A_F=0.104, K_low=0.047, P_drag=-2.855e-04, P_cool=-6.338e-04, WENO=0.062, ReL2D=128.63, eps_nu=6.685e-04, P_hv=9.142e-06, rho_mean=1.000000, p_mean=0.715553, div_rms=1.248e-01, vort_rms=9.292e-01, mass_err=-4.239e-11
step= 18000, t=8.079833, dt=4.491e-04, KE=3.058009e-02, Mt=0.2487, A_K=0.055, Cuv=0.076, P_in=6.070e-04, P_tgt=5.961e-04, A_F=0.081, K_low=0.048, P_drag=-2.932e-04, P_cool=-6.127e-04, WENO=0.060, ReL2D=127.93, eps_nu=6.652e-04, P_hv=9.289e-06, rho_mean=1.000000, p_mean=0.715511, div_rms=1.220e-01, vort_rms=9.274e-01, mass_err=-4.360e-11
step= 18500, t=8.303732, dt=4.471e-04, KE=3.060636e-02, Mt=0.2486, A_K=0.034, Cuv=0.096, P_in=6.041e-04, P_tgt=6.125e-04, A_F=0.267, K_low=0.049, P_drag=-2.982e-04, P_cool=-5.943e-04, WENO=0.064, ReL2D=127.18, eps_nu=6.623e-04, P_hv=9.312e-06, rho_mean=1.000000, p_mean=0.715474, div_rms=1.273e-01, vort_rms=9.243e-01, mass_err=-4.481e-11
step= 19000, t=8.527998, dt=4.510e-04, KE=3.054086e-02, Mt=0.2484, A_K=0.024, Cuv=0.110, P_in=6.315e-04, P_tgt=6.310e-04, A_F=0.000, K_low=0.049, P_drag=-2.991e-04, P_cool=-5.953e-04, WENO=0.073, ReL2D=127.25, eps_nu=6.555e-04, P_hv=9.106e-06, rho_mean=1.000000, p_mean=0.715476, div_rms=1.233e-01, vort_rms=9.202e-01, mass_err=-4.602e-11
step= 19500, t=8.753844, dt=4.511e-04, KE=3.047024e-02, Mt=0.2482, A_K=0.034, Cuv=0.117, P_in=6.550e-04, P_tgt=6.531e-04, A_F=0.075, K_low=0.049, P_drag=-2.976e-04, P_cool=-5.979e-04, WENO=0.086, ReL2D=126.53, eps_nu=6.514e-04, P_hv=8.842e-06, rho_mean=1.000000, p_mean=0.715482, div_rms=1.281e-01, vort_rms=9.163e-01, mass_err=-4.723e-11
step= 20000, t=8.978519, dt=4.475e-04, KE=3.038751e-02, Mt=0.2477, A_K=0.051, Cuv=0.128, P_in=6.845e-04, P_tgt=6.805e-04, A_F=0.172, K_low=0.049, P_drag=-2.964e-04, P_cool=-6.041e-04, WENO=0.086, ReL2D=124.98, eps_nu=6.468e-04, P_hv=8.900e-06, rho_mean=1.000000, p_mean=0.715494, div_rms=1.300e-01, vort_rms=9.127e-01, mass_err=-4.844e-11
saved snapshot: results/hit2d/conservative_hv_audit_Mt0p25_ReL120_N256/mn0p002_CFL0p05/hit2d_step0020000.npz
step= 20500, t=9.201802, dt=4.462e-04, KE=3.030173e-02, Mt=0.2472, A_K=0.064, Cuv=0.140, P_in=7.260e-04, P_tgt=7.167e-04, A_F=0.024, K_low=0.049, P_drag=-2.975e-04, P_cool=-6.121e-04, WENO=0.083, ReL2D=124.47, eps_nu=6.417e-04, P_hv=8.756e-06, rho_mean=1.000000, p_mean=0.715510, div_rms=1.239e-01, vort_rms=9.101e-01, mass_err=-4.965e-11
step= 21000, t=9.425820, dt=4.506e-04, KE=3.028475e-02, Mt=0.2473, A_K=0.064, Cuv=0.148, P_in=7.598e-04, P_tgt=7.580e-04, A_F=0.107, K_low=0.050, P_drag=-3.015e-04, P_cool=-6.078e-04, WENO=0.058, ReL2D=123.90, eps_nu=6.395e-04, P_hv=8.714e-06, rho_mean=1.000000, p_mean=0.715501, div_rms=1.274e-01, vort_rms=9.078e-01, mass_err=-5.086e-11
step= 21500, t=9.652694, dt=4.573e-04, KE=3.023631e-02, Mt=0.2475, A_K=0.051, Cuv=0.151, P_in=7.999e-04, P_tgt=7.983e-04, A_F=0.144, K_low=0.051, P_drag=-3.053e-04, P_cool=-6.114e-04, WENO=0.053, ReL2D=123.34, eps_nu=6.360e-04, P_hv=8.824e-06, rho_mean=1.000000, p_mean=0.715509, div_rms=1.240e-01, vort_rms=9.059e-01, mass_err=-5.208e-11
step= 22000, t=9.882597, dt=4.597e-04, KE=3.015035e-02, Mt=0.2472, A_K=0.036, Cuv=0.148, P_in=8.399e-04, P_tgt=8.421e-04, A_F=0.000, K_low=0.052, P_drag=-3.059e-04, P_cool=-6.238e-04, WENO=0.064, ReL2D=123.72, eps_nu=6.314e-04, P_hv=8.756e-06, rho_mean=1.000000, p_mean=0.715533, div_rms=1.161e-01, vort_rms=9.039e-01, mass_err=-5.329e-11
step= 22500, t=10.111967, dt=4.590e-04, KE=3.015977e-02, Mt=0.2470, A_K=0.032, Cuv=0.140, P_in=8.890e-04, P_tgt=8.934e-04, A_F=0.068, K_low=0.051, P_drag=-3.019e-04, P_cool=-6.192e-04, WENO=0.064, ReL2D=123.57, eps_nu=6.303e-04, P_hv=8.845e-06, rho_mean=1.000000, p_mean=0.715524, div_rms=1.225e-01, vort_rms=9.020e-01, mass_err=-5.450e-11
step= 23000, t=10.341327, dt=4.572e-04, KE=3.018631e-02, Mt=0.2468, A_K=0.042, Cuv=0.134, P_in=9.620e-04, P_tgt=9.513e-04, A_F=0.048, K_low=0.050, P_drag=-2.947e-04, P_cool=-6.142e-04, WENO=0.063, ReL2D=122.15, eps_nu=6.297e-04, P_hv=8.759e-06, rho_mean=1.000000, p_mean=0.715514, div_rms=1.201e-01, vort_rms=9.020e-01, mass_err=-5.571e-11
step= 23500, t=10.569050, dt=4.536e-04, KE=3.023124e-02, Mt=0.2470, A_K=0.054, Cuv=0.141, P_in=1.027e-03, P_tgt=1.013e-03, A_F=0.046, K_low=0.049, P_drag=-2.883e-04, P_cool=-6.091e-04, WENO=0.061, ReL2D=120.98, eps_nu=6.339e-04, P_hv=8.893e-06, rho_mean=1.000000, p_mean=0.715504, div_rms=1.206e-01, vort_rms=9.050e-01, mass_err=-5.692e-11
step= 24000, t=10.796895, dt=4.568e-04, KE=3.029340e-02, Mt=0.2474, A_K=0.052, Cuv=0.161, P_in=1.089e-03, P_tgt=1.073e-03, A_F=0.078, K_low=0.048, P_drag=-2.867e-04, P_cool=-6.037e-04, WENO=0.061, ReL2D=120.86, eps_nu=6.357e-04, P_hv=8.954e-06, rho_mean=1.000000, p_mean=0.715493, div_rms=1.255e-01, vort_rms=9.054e-01, mass_err=-5.813e-11
step= 24500, t=11.024827, dt=4.556e-04, KE=3.029526e-02, Mt=0.2476, A_K=0.052, Cuv=0.191, P_in=1.136e-03, P_tgt=1.127e-03, A_F=0.030, K_low=0.049, P_drag=-2.881e-04, P_cool=-6.128e-04, WENO=0.063, ReL2D=121.27, eps_nu=6.348e-04, P_hv=8.884e-06, rho_mean=1.000000, p_mean=0.715511, div_rms=1.291e-01, vort_rms=9.041e-01, mass_err=-5.934e-11
step= 25000, t=11.252546, dt=4.557e-04, KE=3.022231e-02, Mt=0.2474, A_K=0.056, Cuv=0.216, P_in=1.182e-03, P_tgt=1.186e-03, A_F=0.025, K_low=0.049, P_drag=-2.889e-04, P_cool=-6.384e-04, WENO=0.065, ReL2D=122.28, eps_nu=6.305e-04, P_hv=9.006e-06, rho_mean=1.000000, p_mean=0.715563, div_rms=1.234e-01, vort_rms=9.020e-01, mass_err=-6.055e-11
saved snapshot: results/hit2d/conservative_hv_audit_Mt0p25_ReL120_N256/mn0p002_CFL0p05/hit2d_step0025000.npz
step= 25500, t=11.479005, dt=4.500e-04, KE=3.020046e-02, Mt=0.2474, A_K=0.064, Cuv=0.223, P_in=1.236e-03, P_tgt=1.250e-03, A_F=0.223, K_low=0.049, P_drag=-2.871e-04, P_cool=-6.556e-04, WENO=0.059, ReL2D=122.52, eps_nu=6.306e-04, P_hv=8.992e-06, rho_mean=1.000000, p_mean=0.715597, div_rms=1.231e-01, vort_rms=9.021e-01, mass_err=-6.177e-11
step= 26000, t=11.703134, dt=4.480e-04, KE=3.023404e-02, Mt=0.2477, A_K=0.066, Cuv=0.216, P_in=1.310e-03, P_tgt=1.314e-03, A_F=0.128, K_low=0.048, P_drag=-2.828e-04, P_cool=-6.640e-04, WENO=0.059, ReL2D=121.56, eps_nu=6.307e-04, P_hv=8.915e-06, rho_mean=1.000000, p_mean=0.715614, div_rms=1.206e-01, vort_rms=9.027e-01, mass_err=-6.298e-11
step= 26500, t=11.928649, dt=4.515e-04, KE=3.033699e-02, Mt=0.2482, A_K=0.070, Cuv=0.202, P_in=1.328e-03, P_tgt=1.370e-03, A_F=0.103, K_low=0.047, P_drag=-2.786e-04, P_cool=-6.614e-04, WENO=0.065, ReL2D=119.96, eps_nu=6.325e-04, P_hv=8.982e-06, rho_mean=1.000000, p_mean=0.715609, div_rms=1.276e-01, vort_rms=9.027e-01, mass_err=-6.420e-11
step= 27000, t=12.153319, dt=4.474e-04, KE=3.045987e-02, Mt=0.2486, A_K=0.072, Cuv=0.195, P_in=1.392e-03, P_tgt=1.416e-03, A_F=0.291, K_low=0.047, P_drag=-2.755e-04, P_cool=-6.576e-04, WENO=0.051, ReL2D=118.90, eps_nu=6.356e-04, P_hv=8.987e-06, rho_mean=1.000000, p_mean=0.715601, div_rms=1.340e-01, vort_rms=9.037e-01, mass_err=-6.541e-11
step= 27500, t=12.377089, dt=4.470e-04, KE=3.053667e-02, Mt=0.2488, A_K=0.073, Cuv=0.196, P_in=1.443e-03, P_tgt=1.454e-03, A_F=0.069, K_low=0.046, P_drag=-2.729e-04, P_cool=-6.648e-04, WENO=0.071, ReL2D=119.89, eps_nu=6.358e-04, P_hv=8.940e-06, rho_mean=1.000000, p_mean=0.715615, div_rms=1.280e-01, vort_rms=9.050e-01, mass_err=-6.662e-11
step= 28000, t=12.600398, dt=4.469e-04, KE=3.069605e-02, Mt=0.2495, A_K=0.062, Cuv=0.208, P_in=1.477e-03, P_tgt=1.480e-03, A_F=0.155, K_low=0.046, P_drag=-2.700e-04, P_cool=-6.568e-04, WENO=0.063, ReL2D=120.82, eps_nu=6.362e-04, P_hv=9.188e-06, rho_mean=1.000000, p_mean=0.715599, div_rms=1.257e-01, vort_rms=9.058e-01, mass_err=-6.784e-11
step= 28500, t=12.824491, dt=4.489e-04, KE=3.095281e-02, Mt=0.2505, A_K=0.056, Cuv=0.218, P_in=1.486e-03, P_tgt=1.480e-03, A_F=0.037, K_low=0.045, P_drag=-2.676e-04, P_cool=-6.310e-04, WENO=0.049, ReL2D=120.89, eps_nu=6.378e-04, P_hv=9.205e-06, rho_mean=1.000000, p_mean=0.715548, div_rms=1.328e-01, vort_rms=9.056e-01, mass_err=-6.905e-11
step= 29000, t=13.049943, dt=4.527e-04, KE=3.111944e-02, Mt=0.2509, A_K=0.060, Cuv=0.229, P_in=1.460e-03, P_tgt=1.459e-03, A_F=0.091, K_low=0.044, P_drag=-2.660e-04, P_cool=-6.237e-04, WENO=0.051, ReL2D=121.30, eps_nu=6.336e-04, P_hv=9.118e-06, rho_mean=1.000000, p_mean=0.715533, div_rms=1.271e-01, vort_rms=9.036e-01, mass_err=-7.026e-11
step= 29500, t=13.276276, dt=4.506e-04, KE=3.122875e-02, Mt=0.2513, A_K=0.065, Cuv=0.234, P_in=1.403e-03, P_tgt=1.428e-03, A_F=0.059, K_low=0.043, P_drag=-2.661e-04, P_cool=-6.270e-04, WENO=0.053, ReL2D=122.11, eps_nu=6.321e-04, P_hv=8.997e-06, rho_mean=1.000000, p_mean=0.715540, div_rms=1.291e-01, vort_rms=9.021e-01, mass_err=-7.147e-11
step= 30000, t=13.500720, dt=4.488e-04, KE=3.126675e-02, Mt=0.2516, A_K=0.066, Cuv=0.228, P_in=1.363e-03, P_tgt=1.388e-03, A_F=0.083, K_low=0.043, P_drag=-2.667e-04, P_cool=-6.426e-04, WENO=0.048, ReL2D=122.71, eps_nu=6.387e-04, P_hv=9.169e-06, rho_mean=1.000000, p_mean=0.715571, div_rms=1.237e-01, vort_rms=9.080e-01, mass_err=-7.268e-11
saved snapshot: results/hit2d/conservative_hv_audit_Mt0p25_ReL120_N256/mn0p002_CFL0p05/hit2d_step0030000.npz
step= 30500, t=13.725299, dt=4.500e-04, KE=3.132724e-02, Mt=0.2521, A_K=0.049, Cuv=0.231, P_in=1.318e-03, P_tgt=1.339e-03, A_F=0.048, K_low=0.043, P_drag=-2.660e-04, P_cool=-6.510e-04, WENO=0.057, ReL2D=122.62, eps_nu=6.469e-04, P_hv=9.510e-06, rho_mean=1.000000, p_mean=0.715588, div_rms=1.267e-01, vort_rms=9.134e-01, mass_err=-7.390e-11
step= 31000, t=13.951181, dt=4.505e-04, KE=3.139101e-02, Mt=0.2525, A_K=0.028, Cuv=0.231, P_in=1.281e-03, P_tgt=1.278e-03, A_F=0.177, K_low=0.043, P_drag=-2.642e-04, P_cool=-6.559e-04, WENO=0.058, ReL2D=121.60, eps_nu=6.538e-04, P_hv=9.438e-06, rho_mean=1.000000, p_mean=0.715598, div_rms=1.302e-01, vort_rms=9.177e-01, mass_err=-7.510e-11
step= 31500, t=14.172499, dt=4.366e-04, KE=3.141782e-02, Mt=0.2524, A_K=0.009, Cuv=0.225, P_in=1.225e-03, P_tgt=1.218e-03, A_F=0.183, K_low=0.042, P_drag=-2.622e-04, P_cool=-6.650e-04, WENO=0.077, ReL2D=121.24, eps_nu=6.575e-04, P_hv=9.523e-06, rho_mean=1.000000, p_mean=0.715616, div_rms=1.282e-01, vort_rms=9.207e-01, mass_err=-7.631e-11
step= 32000, t=14.389187, dt=4.313e-04, KE=3.148339e-02, Mt=0.2525, A_K=0.003, Cuv=0.216, P_in=1.176e-03, P_tgt=1.160e-03, A_F=0.044, K_low=0.042, P_drag=-2.618e-04, P_cool=-6.632e-04, WENO=0.071, ReL2D=121.51, eps_nu=6.585e-04, P_hv=9.609e-06, rho_mean=1.000000, p_mean=0.715612, div_rms=1.270e-01, vort_rms=9.216e-01, mass_err=-7.752e-11
step= 32500, t=14.604854, dt=4.329e-04, KE=3.160741e-02, Mt=0.2530, A_K=0.005, Cuv=0.198, P_in=1.113e-03, P_tgt=1.099e-03, A_F=0.136, K_low=0.043, P_drag=-2.630e-04, P_cool=-6.476e-04, WENO=0.068, ReL2D=121.78, eps_nu=6.595e-04, P_hv=9.785e-06, rho_mean=1.000000, p_mean=0.715581, div_rms=1.307e-01, vort_rms=9.217e-01, mass_err=-7.874e-11
step= 33000, t=14.822283, dt=4.366e-04, KE=3.169507e-02, Mt=0.2535, A_K=0.006, Cuv=0.183, P_in=1.026e-03, P_tgt=1.031e-03, A_F=0.140, K_low=0.043, P_drag=-2.650e-04, P_cool=-6.371e-04, WENO=0.069, ReL2D=123.44, eps_nu=6.569e-04, P_hv=9.609e-06, rho_mean=1.000000, p_mean=0.715560, div_rms=1.316e-01, vort_rms=9.197e-01, mass_err=-7.995e-11
step= 33500, t=15.041146, dt=4.354e-04, KE=3.170300e-02, Mt=0.2537, A_K=0.007, Cuv=0.169, P_in=9.534e-04, P_tgt=9.611e-04, A_F=0.166, K_low=0.043, P_drag=-2.674e-04, P_cool=-6.399e-04, WENO=0.062, ReL2D=126.34, eps_nu=6.568e-04, P_hv=9.586e-06, rho_mean=1.000000, p_mean=0.715565, div_rms=1.224e-01, vort_rms=9.213e-01, mass_err=-8.117e-11
step= 34000, t=15.258640, dt=4.342e-04, KE=3.170099e-02, Mt=0.2536, A_K=0.019, Cuv=0.169, P_in=9.035e-04, P_tgt=8.940e-04, A_F=0.103, K_low=0.043, P_drag=-2.708e-04, P_cool=-6.411e-04, WENO=0.059, ReL2D=127.24, eps_nu=6.563e-04, P_hv=9.891e-06, rho_mean=1.000000, p_mean=0.715568, div_rms=1.262e-01, vort_rms=9.202e-01, mass_err=-8.238e-11
step= 34500, t=15.474466, dt=4.284e-04, KE=3.163116e-02, Mt=0.2530, A_K=0.032, Cuv=0.166, P_in=8.379e-04, P_tgt=8.374e-04, A_F=0.135, K_low=0.044, P_drag=-2.762e-04, P_cool=-6.527e-04, WENO=0.067, ReL2D=127.60, eps_nu=6.510e-04, P_hv=9.700e-06, rho_mean=1.000000, p_mean=0.715591, div_rms=1.213e-01, vort_rms=9.173e-01, mass_err=-8.360e-11
step= 35000, t=15.686866, dt=4.217e-04, KE=3.158863e-02, Mt=0.2527, A_K=0.039, Cuv=0.151, P_in=7.852e-04, P_tgt=7.923e-04, A_F=0.046, K_low=0.045, P_drag=-2.848e-04, P_cool=-6.561e-04, WENO=0.058, ReL2D=127.55, eps_nu=6.478e-04, P_hv=9.685e-06, rho_mean=1.000000, p_mean=0.715598, div_rms=1.192e-01, vort_rms=9.153e-01, mass_err=-8.480e-11
saved snapshot: results/hit2d/conservative_hv_audit_Mt0p25_ReL120_N256/mn0p002_CFL0p05/hit2d_step0035000.npz
step= 35500, t=15.896641, dt=4.174e-04, KE=3.161807e-02, Mt=0.2531, A_K=0.049, Cuv=0.125, P_in=7.547e-04, P_tgt=7.486e-04, A_F=0.085, K_low=0.047, P_drag=-2.966e-04, P_cool=-6.431e-04, WENO=0.052, ReL2D=127.26, eps_nu=6.485e-04, P_hv=1.008e-05, rho_mean=1.000000, p_mean=0.715572, div_rms=1.257e-01, vort_rms=9.147e-01, mass_err=-8.601e-11
step= 36000, t=16.104628, dt=4.169e-04, KE=3.161350e-02, Mt=0.2533, A_K=0.059, Cuv=0.094, P_in=6.554e-04, P_tgt=7.031e-04, A_F=0.032, K_low=0.050, P_drag=-3.114e-04, P_cool=-6.356e-04, WENO=0.054, ReL2D=126.51, eps_nu=6.476e-04, P_hv=1.012e-05, rho_mean=1.000000, p_mean=0.715557, div_rms=1.281e-01, vort_rms=9.136e-01, mass_err=-8.723e-11
step= 36500, t=16.314217, dt=4.202e-04, KE=3.152684e-02, Mt=0.2531, A_K=0.059, Cuv=0.068, P_in=6.587e-04, P_tgt=6.596e-04, A_F=0.102, K_low=0.053, P_drag=-3.276e-04, P_cool=-6.424e-04, WENO=0.068, ReL2D=126.36, eps_nu=6.443e-04, P_hv=9.843e-06, rho_mean=1.000000, p_mean=0.715571, div_rms=1.258e-01, vort_rms=9.116e-01, mass_err=-8.844e-11
step= 37000, t=16.524413, dt=4.195e-04, KE=3.138139e-02, Mt=0.2522, A_K=0.070, Cuv=0.062, P_in=6.232e-04, P_tgt=6.257e-04, A_F=0.039, K_low=0.056, P_drag=-3.445e-04, P_cool=-6.574e-04, WENO=0.048, ReL2D=126.84, eps_nu=6.413e-04, P_hv=9.633e-06, rho_mean=1.000000, p_mean=0.715600, div_rms=1.217e-01, vort_rms=9.102e-01, mass_err=-8.966e-11
step= 37500, t=16.732878, dt=4.139e-04, KE=3.124691e-02, Mt=0.2514, A_K=0.072, Cuv=0.066, P_in=5.958e-04, P_tgt=6.035e-04, A_F=0.043, K_low=0.059, P_drag=-3.629e-04, P_cool=-6.678e-04, WENO=0.050, ReL2D=126.35, eps_nu=6.390e-04, P_hv=9.616e-06, rho_mean=1.000000, p_mean=0.715621, div_rms=1.213e-01, vort_rms=9.086e-01, mass_err=-9.088e-11
step= 38000, t=16.938945, dt=4.086e-04, KE=3.116189e-02, Mt=0.2511, A_K=0.073, Cuv=0.069, P_in=5.930e-04, P_tgt=5.889e-04, A_F=0.033, K_low=0.062, P_drag=-3.831e-04, P_cool=-6.665e-04, WENO=0.057, ReL2D=126.40, eps_nu=6.360e-04, P_hv=9.979e-06, rho_mean=1.000000, p_mean=0.715619, div_rms=1.266e-01, vort_rms=9.054e-01, mass_err=-9.208e-11
step= 38500, t=17.141422, dt=4.021e-04, KE=3.109638e-02, Mt=0.2510, A_K=0.073, Cuv=0.067, P_in=5.789e-04, P_tgt=5.764e-04, A_F=0.046, K_low=0.066, P_drag=-4.043e-04, P_cool=-6.604e-04, WENO=0.055, ReL2D=126.32, eps_nu=6.322e-04, P_hv=1.009e-05, rho_mean=1.000000, p_mean=0.715606, div_rms=1.276e-01, vort_rms=9.024e-01, mass_err=-9.329e-11
step= 39000, t=17.341656, dt=3.992e-04, KE=3.105081e-02, Mt=0.2509, A_K=0.069, Cuv=0.061, P_in=5.721e-04, P_tgt=5.653e-04, A_F=0.237, K_low=0.069, P_drag=-4.269e-04, P_cool=-6.509e-04, WENO=0.058, ReL2D=125.61, eps_nu=6.277e-04, P_hv=1.005e-05, rho_mean=1.000000, p_mean=0.715588, div_rms=1.250e-01, vort_rms=8.997e-01, mass_err=-9.450e-11
step= 39500, t=17.541179, dt=3.998e-04, KE=3.101106e-02, Mt=0.2507, A_K=0.061, Cuv=0.041, P_in=5.520e-04, P_tgt=5.561e-04, A_F=0.255, K_low=0.073, P_drag=-4.492e-04, P_cool=-6.382e-04, WENO=0.075, ReL2D=124.32, eps_nu=6.257e-04, P_hv=9.976e-06, rho_mean=1.000000, p_mean=0.715562, div_rms=1.289e-01, vort_rms=8.974e-01, mass_err=-9.571e-11
step= 40000, t=17.742259, dt=4.041e-04, KE=3.092365e-02, Mt=0.2502, A_K=0.061, Cuv=0.016, P_in=5.501e-04, P_tgt=5.510e-04, A_F=0.094, K_low=0.076, P_drag=-4.705e-04, P_cool=-6.339e-04, WENO=0.059, ReL2D=124.10, eps_nu=6.210e-04, P_hv=9.763e-06, rho_mean=1.000000, p_mean=0.715553, div_rms=1.233e-01, vort_rms=8.950e-01, mass_err=-9.692e-11
saved snapshot: results/hit2d/conservative_hv_audit_Mt0p25_ReL120_N256/mn0p002_CFL0p05/hit2d_step0040000.npz
step= 40500, t=17.944337, dt=4.041e-04, KE=3.081518e-02, Mt=0.2497, A_K=0.069, Cuv=-0.011, P_in=5.444e-04, P_tgt=5.517e-04, A_F=0.027, K_low=0.080, P_drag=-4.906e-04, P_cool=-6.328e-04, WENO=0.062, ReL2D=124.64, eps_nu=6.169e-04, P_hv=9.608e-06, rho_mean=1.000000, p_mean=0.715551, div_rms=1.241e-01, vort_rms=8.918e-01, mass_err=-9.813e-11
step= 41000, t=18.146611, dt=4.056e-04, KE=3.065255e-02, Mt=0.2491, A_K=0.087, Cuv=-0.032, P_in=5.586e-04, P_tgt=5.587e-04, A_F=0.139, K_low=0.084, P_drag=-5.094e-04, P_cool=-6.418e-04, WENO=0.072, ReL2D=125.24, eps_nu=6.120e-04, P_hv=9.526e-06, rho_mean=1.000000, p_mean=0.715569, div_rms=1.229e-01, vort_rms=8.884e-01, mass_err=-9.933e-11
step= 41500, t=18.350325, dt=4.087e-04, KE=3.049091e-02, Mt=0.2487, A_K=0.110, Cuv=-0.046, P_in=5.785e-04, P_tgt=5.717e-04, A_F=0.401, K_low=0.088, P_drag=-5.262e-04, P_cool=-6.512e-04, WENO=0.061, ReL2D=125.71, eps_nu=6.089e-04, P_hv=9.692e-06, rho_mean=1.000000, p_mean=0.715588, div_rms=1.243e-01, vort_rms=8.859e-01, mass_err=-1.005e-10
step= 42000, t=18.553757, dt=4.052e-04, KE=3.032572e-02, Mt=0.2484, A_K=0.129, Cuv=-0.053, P_in=5.750e-04, P_tgt=5.884e-04, A_F=0.250, K_low=0.091, P_drag=-5.388e-04, P_cool=-6.597e-04, WENO=0.051, ReL2D=125.67, eps_nu=6.057e-04, P_hv=9.937e-06, rho_mean=1.000000, p_mean=0.715605, div_rms=1.346e-01, vort_rms=8.815e-01, mass_err=-1.018e-10
step= 42500, t=18.756215, dt=4.056e-04, KE=3.009605e-02, Mt=0.2477, A_K=0.140, Cuv=-0.056, P_in=6.088e-04, P_tgt=6.117e-04, A_F=0.061, K_low=0.093, P_drag=-5.489e-04, P_cool=-6.807e-04, WENO=0.064, ReL2D=126.08, eps_nu=5.978e-04, P_hv=9.628e-06, rho_mean=1.000000, p_mean=0.715647, div_rms=1.223e-01, vort_rms=8.779e-01, mass_err=-1.030e-10
step= 43000, t=18.959921, dt=4.090e-04, KE=3.000054e-02, Mt=0.2473, A_K=0.148, Cuv=-0.060, P_in=6.483e-04, P_tgt=6.436e-04, A_F=0.222, K_low=0.094, P_drag=-5.573e-04, P_cool=-6.751e-04, WENO=0.057, ReL2D=126.26, eps_nu=5.943e-04, P_hv=9.529e-06, rho_mean=1.000000, p_mean=0.715636, div_rms=1.230e-01, vort_rms=8.751e-01, mass_err=-1.042e-10
step= 43500, t=19.164377, dt=4.091e-04, KE=2.999968e-02, Mt=0.2470, A_K=0.155, Cuv=-0.069, P_in=6.859e-04, P_tgt=6.815e-04, A_F=0.032, K_low=0.095, P_drag=-5.645e-04, P_cool=-6.524e-04, WENO=0.070, ReL2D=125.97, eps_nu=5.926e-04, P_hv=9.253e-06, rho_mean=1.000000, p_mean=0.715590, div_rms=1.269e-01, vort_rms=8.731e-01, mass_err=-1.054e-10
step= 44000, t=19.369333, dt=4.108e-04, KE=2.996376e-02, Mt=0.2465, A_K=0.161, Cuv=-0.076, P_in=7.239e-04, P_tgt=7.278e-04, A_F=0.043, K_low=0.096, P_drag=-5.707e-04, P_cool=-6.387e-04, WENO=0.056, ReL2D=126.15, eps_nu=5.889e-04, P_hv=9.190e-06, rho_mean=1.000000, p_mean=0.715563, div_rms=1.220e-01, vort_rms=8.712e-01, mass_err=-1.066e-10
step= 44500, t=19.574780, dt=4.100e-04, KE=2.989609e-02, Mt=0.2460, A_K=0.165, Cuv=-0.074, P_in=7.415e-04, P_tgt=7.852e-04, A_F=0.082, K_low=0.097, P_drag=-5.763e-04, P_cool=-6.343e-04, WENO=0.064, ReL2D=126.62, eps_nu=5.883e-04, P_hv=9.219e-06, rho_mean=1.000000, p_mean=0.715554, div_rms=1.246e-01, vort_rms=8.703e-01, mass_err=-1.078e-10
step= 45000, t=19.780919, dt=4.156e-04, KE=2.979239e-02, Mt=0.2457, A_K=0.171, Cuv=-0.079, P_in=8.477e-04, P_tgt=8.558e-04, A_F=0.163, K_low=0.099, P_drag=-5.809e-04, P_cool=-6.388e-04, WENO=0.065, ReL2D=128.14, eps_nu=5.854e-04, P_hv=9.184e-06, rho_mean=1.000000, p_mean=0.715563, div_rms=1.166e-01, vort_rms=8.696e-01, mass_err=-1.090e-10
saved snapshot: results/hit2d/conservative_hv_audit_Mt0p25_ReL120_N256/mn0p002_CFL0p05/hit2d_step0045000.npz
step= 45500, t=19.989664, dt=4.184e-04, KE=2.979422e-02, Mt=0.2458, A_K=0.178, Cuv=-0.085, P_in=9.349e-04, P_tgt=9.351e-04, A_F=0.236, K_low=0.099, P_drag=-5.819e-04, P_cool=-6.252e-04, WENO=0.049, ReL2D=129.73, eps_nu=5.847e-04, P_hv=9.191e-06, rho_mean=1.000000, p_mean=0.715536, div_rms=1.267e-01, vort_rms=8.672e-01, mass_err=-1.103e-10
step= 46000, t=20.199355, dt=4.204e-04, KE=2.977558e-02, Mt=0.2457, A_K=0.183, Cuv=-0.094, P_in=1.019e-03, P_tgt=1.020e-03, A_F=0.077, K_low=0.098, P_drag=-5.795e-04, P_cool=-6.195e-04, WENO=0.060, ReL2D=131.10, eps_nu=5.823e-04, P_hv=9.069e-06, rho_mean=1.000000, p_mean=0.715525, div_rms=1.292e-01, vort_rms=8.648e-01, mass_err=-1.115e-10
step= 46500, t=20.410450, dt=4.235e-04, KE=2.966713e-02, Mt=0.2453, A_K=0.179, Cuv=-0.113, P_in=1.115e-03, P_tgt=1.119e-03, A_F=0.087, K_low=0.097, P_drag=-5.757e-04, P_cool=-6.355e-04, WENO=0.064, ReL2D=131.76, eps_nu=5.782e-04, P_hv=8.741e-06, rho_mean=1.000000, p_mean=0.715557, div_rms=1.205e-01, vort_rms=8.634e-01, mass_err=-1.127e-10
step= 47000, t=20.622320, dt=4.242e-04, KE=2.960676e-02, Mt=0.2450, A_K=0.166, Cuv=-0.133, P_in=1.240e-03, P_tgt=1.237e-03, A_F=0.085, K_low=0.096, P_drag=-5.731e-04, P_cool=-6.459e-04, WENO=0.075, ReL2D=131.13, eps_nu=5.788e-04, P_hv=8.787e-06, rho_mean=1.000000, p_mean=0.715577, div_rms=1.194e-01, vort_rms=8.640e-01, mass_err=-1.139e-10
step= 47500, t=20.834028, dt=4.233e-04, KE=2.963338e-02, Mt=0.2451, A_K=0.149, Cuv=-0.137, P_in=1.358e-03, P_tgt=1.370e-03, A_F=0.180, K_low=0.096, P_drag=-5.730e-04, P_cool=-6.442e-04, WENO=0.067, ReL2D=130.52, eps_nu=5.805e-04, P_hv=8.851e-06, rho_mean=1.000000, p_mean=0.715574, div_rms=1.222e-01, vort_rms=8.648e-01, mass_err=-1.151e-10
step= 48000, t=21.045634, dt=4.233e-04, KE=2.971170e-02, Mt=0.2457, A_K=0.141, Cuv=-0.127, P_in=1.504e-03, P_tgt=1.508e-03, A_F=0.140, K_low=0.097, P_drag=-5.751e-04, P_cool=-6.380e-04, WENO=0.074, ReL2D=130.36, eps_nu=5.821e-04, P_hv=8.800e-06, rho_mean=1.000000, p_mean=0.715562, div_rms=1.212e-01, vort_rms=8.662e-01, mass_err=-1.163e-10
step= 48500, t=21.257134, dt=4.227e-04, KE=2.985241e-02, Mt=0.2466, A_K=0.144, Cuv=-0.109, P_in=1.620e-03, P_tgt=1.633e-03, A_F=0.123, K_low=0.098, P_drag=-5.780e-04, P_cool=-6.253e-04, WENO=0.061, ReL2D=129.88, eps_nu=5.866e-04, P_hv=8.855e-06, rho_mean=1.000000, p_mean=0.715536, div_rms=1.272e-01, vort_rms=8.685e-01, mass_err=-1.175e-10
step= 49000, t=21.467940, dt=4.204e-04, KE=2.995588e-02, Mt=0.2474, A_K=0.159, Cuv=-0.096, P_in=1.738e-03, P_tgt=1.735e-03, A_F=0.121, K_low=0.098, P_drag=-5.805e-04, P_cool=-6.250e-04, WENO=0.052, ReL2D=130.31, eps_nu=5.900e-04, P_hv=9.267e-06, rho_mean=1.000000, p_mean=0.715536, div_rms=1.223e-01, vort_rms=8.720e-01, mass_err=-1.187e-10
step= 49500, t=21.678749, dt=4.240e-04, KE=3.005700e-02, Mt=0.2477, A_K=0.179, Cuv=-0.096, P_in=1.835e-03, P_tgt=1.823e-03, A_F=0.040, K_low=0.098, P_drag=-5.813e-04, P_cool=-6.290e-04, WENO=0.061, ReL2D=129.54, eps_nu=5.943e-04, P_hv=9.239e-06, rho_mean=1.000000, p_mean=0.715544, div_rms=1.279e-01, vort_rms=8.742e-01, mass_err=-1.199e-10
step= 50000, t=21.892257, dt=4.270e-04, KE=3.014562e-02, Mt=0.2478, A_K=0.188, Cuv=-0.116, P_in=1.909e-03, P_tgt=1.906e-03, A_F=0.009, K_low=0.096, P_drag=-5.784e-04, P_cool=-6.392e-04, WENO=0.075, ReL2D=128.85, eps_nu=5.977e-04, P_hv=8.930e-06, rho_mean=1.000000, p_mean=0.715564, div_rms=1.291e-01, vort_rms=8.765e-01, mass_err=-1.212e-10
saved snapshot: results/hit2d/conservative_hv_audit_Mt0p25_ReL120_N256/mn0p002_CFL0p05/hit2d_step0050000.npz
step= 50500, t=22.105531, dt=4.265e-04, KE=3.026665e-02, Mt=0.2480, A_K=0.185, Cuv=-0.137, P_in=2.001e-03, P_tgt=1.991e-03, A_F=0.034, K_low=0.094, P_drag=-5.726e-04, P_cool=-6.461e-04, WENO=0.074, ReL2D=128.17, eps_nu=6.009e-04, P_hv=8.934e-06, rho_mean=1.000000, p_mean=0.715578, div_rms=1.262e-01, vort_rms=8.795e-01, mass_err=-1.224e-10
step= 51000, t=22.319271, dt=4.287e-04, KE=3.048867e-02, Mt=0.2488, A_K=0.161, Cuv=-0.148, P_in=2.059e-03, P_tgt=2.057e-03, A_F=0.061, K_low=0.092, P_drag=-5.679e-04, P_cool=-6.364e-04, WENO=0.063, ReL2D=126.97, eps_nu=6.082e-04, P_hv=9.095e-06, rho_mean=1.000000, p_mean=0.715558, div_rms=1.275e-01, vort_rms=8.847e-01, mass_err=-1.236e-10
step= 51500, t=22.534279, dt=4.318e-04, KE=3.073114e-02, Mt=0.2497, A_K=0.119, Cuv=-0.146, P_in=2.087e-03, P_tgt=2.088e-03, A_F=0.157, K_low=0.092, P_drag=-5.684e-04, P_cool=-6.256e-04, WENO=0.061, ReL2D=126.51, eps_nu=6.182e-04, P_hv=9.224e-06, rho_mean=1.000000, p_mean=0.715537, div_rms=1.288e-01, vort_rms=8.919e-01, mass_err=-1.248e-10
step= 52000, t=22.751832, dt=4.398e-04, KE=3.092333e-02, Mt=0.2505, A_K=0.066, Cuv=-0.126, P_in=2.106e-03, P_tgt=2.083e-03, A_F=0.222, K_low=0.093, P_drag=-5.745e-04, P_cool=-6.263e-04, WENO=0.071, ReL2D=125.01, eps_nu=6.342e-04, P_hv=9.298e-06, rho_mean=1.000000, p_mean=0.715538, div_rms=1.242e-01, vort_rms=9.046e-01, mass_err=-1.260e-10
step= 52500, t=22.976905, dt=4.543e-04, KE=3.109441e-02, Mt=0.2514, A_K=0.012, Cuv=-0.098, P_in=2.118e-03, P_tgt=2.045e-03, A_F=0.116, K_low=0.095, P_drag=-5.810e-04, P_cool=-6.327e-04, WENO=0.072, ReL2D=120.14, eps_nu=6.602e-04, P_hv=9.187e-06, rho_mean=1.000000, p_mean=0.715551, div_rms=1.369e-01, vort_rms=9.210e-01, mass_err=-1.273e-10
step= 53000, t=23.203816, dt=4.545e-04, KE=3.111999e-02, Mt=0.2518, A_K=0.008, Cuv=-0.081, P_in=1.971e-03, P_tgt=1.979e-03, A_F=0.061, K_low=0.096, P_drag=-5.886e-04, P_cool=-6.632e-04, WENO=0.057, ReL2D=120.11, eps_nu=6.649e-04, P_hv=9.325e-06, rho_mean=1.000000, p_mean=0.715612, div_rms=1.375e-01, vort_rms=9.243e-01, mass_err=-1.285e-10
step= 53500, t=23.431115, dt=4.525e-04, KE=3.119059e-02, Mt=0.2524, A_K=0.010, Cuv=-0.069, P_in=1.893e-03, P_tgt=1.900e-03, A_F=0.126, K_low=0.097, P_drag=-5.963e-04, P_cool=-6.797e-04, WENO=0.055, ReL2D=119.02, eps_nu=6.727e-04, P_hv=9.557e-06, rho_mean=1.000000, p_mean=0.715645, div_rms=1.375e-01, vort_rms=9.298e-01, mass_err=-1.297e-10
step= 54000, t=23.656390, dt=4.494e-04, KE=3.139059e-02, Mt=0.2532, A_K=0.014, Cuv=-0.069, P_in=1.808e-03, P_tgt=1.796e-03, A_F=0.095, K_low=0.097, P_drag=-6.034e-04, P_cool=-6.660e-04, WENO=0.063, ReL2D=116.92, eps_nu=6.844e-04, P_hv=9.768e-06, rho_mean=1.000000, p_mean=0.715618, div_rms=1.417e-01, vort_rms=9.372e-01, mass_err=-1.309e-10
step= 54500, t=23.879417, dt=4.426e-04, KE=3.156177e-02, Mt=0.2534, A_K=0.014, Cuv=-0.083, P_in=1.661e-03, P_tgt=1.683e-03, A_F=0.020, K_low=0.098, P_drag=-6.113e-04, P_cool=-6.532e-04, WENO=0.052, ReL2D=116.33, eps_nu=6.902e-04, P_hv=9.914e-06, rho_mean=1.000000, p_mean=0.715592, div_rms=1.376e-01, vort_rms=9.421e-01, mass_err=-1.321e-10
step= 55000, t=24.099619, dt=4.386e-04, KE=3.169838e-02, Mt=0.2535, A_K=0.007, Cuv=-0.085, P_in=1.552e-03, P_tgt=1.574e-03, A_F=0.052, K_low=0.098, P_drag=-6.185e-04, P_cool=-6.421e-04, WENO=0.059, ReL2D=117.56, eps_nu=6.920e-04, P_hv=1.022e-05, rho_mean=1.000000, p_mean=0.715570, div_rms=1.341e-01, vort_rms=9.441e-01, mass_err=-1.333e-10
saved snapshot: results/hit2d/conservative_hv_audit_Mt0p25_ReL120_N256/mn0p002_CFL0p05/hit2d_step0055000.npz
step= 55500, t=24.318782, dt=4.399e-04, KE=3.179385e-02, Mt=0.2540, A_K=0.007, Cuv=-0.080, P_in=1.466e-03, P_tgt=1.464e-03, A_F=0.185, K_low=0.099, P_drag=-6.239e-04, P_cool=-6.346e-04, WENO=0.058, ReL2D=118.94, eps_nu=6.939e-04, P_hv=1.022e-05, rho_mean=1.000000, p_mean=0.715555, div_rms=1.396e-01, vort_rms=9.444e-01, mass_err=-1.345e-10
step= 56000, t=24.540415, dt=4.456e-04, KE=3.176282e-02, Mt=0.2542, A_K=0.017, Cuv=-0.067, P_in=1.349e-03, P_tgt=1.351e-03, A_F=0.045, K_low=0.100, P_drag=-6.289e-04, P_cool=-6.469e-04, WENO=0.062, ReL2D=120.21, eps_nu=6.941e-04, P_hv=9.922e-06, rho_mean=1.000000, p_mean=0.715580, div_rms=1.357e-01, vort_rms=9.452e-01, mass_err=-1.358e-10
step= 56500, t=24.763700, dt=4.463e-04, KE=3.168432e-02, Mt=0.2540, A_K=0.032, Cuv=-0.046, P_in=1.250e-03, P_tgt=1.247e-03, A_F=0.015, K_low=0.102, P_drag=-6.348e-04, P_cool=-6.629e-04, WENO=0.077, ReL2D=120.95, eps_nu=6.912e-04, P_hv=9.662e-06, rho_mean=1.000000, p_mean=0.715612, div_rms=1.273e-01, vort_rms=9.448e-01, mass_err=-1.370e-10
step= 57000, t=24.986878, dt=4.469e-04, KE=3.168183e-02, Mt=0.2540, A_K=0.047, Cuv=-0.017, P_in=1.158e-03, P_tgt=1.154e-03, A_F=0.241, K_low=0.103, P_drag=-6.394e-04, P_cool=-6.589e-04, WENO=0.065, ReL2D=121.05, eps_nu=6.893e-04, P_hv=9.772e-06, rho_mean=1.000000, p_mean=0.715604, div_rms=1.305e-01, vort_rms=9.428e-01, mass_err=-1.382e-10
step= 57500, t=25.211270, dt=4.485e-04, KE=3.167305e-02, Mt=0.2537, A_K=0.062, Cuv=0.010, P_in=1.069e-03, P_tgt=1.070e-03, A_F=0.213, K_low=0.103, P_drag=-6.420e-04, P_cool=-6.524e-04, WENO=0.069, ReL2D=121.65, eps_nu=6.873e-04, P_hv=9.761e-06, rho_mean=1.000000, p_mean=0.715591, div_rms=1.284e-01, vort_rms=9.418e-01, mass_err=-1.394e-10
step= 58000, t=25.434947, dt=4.470e-04, KE=3.169296e-02, Mt=0.2534, A_K=0.077, Cuv=0.042, P_in=9.880e-04, P_tgt=9.974e-04, A_F=0.126, K_low=0.102, P_drag=-6.442e-04, P_cool=-6.377e-04, WENO=0.077, ReL2D=122.03, eps_nu=6.862e-04, P_hv=9.720e-06, rho_mean=1.000000, p_mean=0.715561, div_rms=1.314e-01, vort_rms=9.406e-01, mass_err=-1.406e-10
step= 58500, t=25.658174, dt=4.465e-04, KE=3.170405e-02, Mt=0.2531, A_K=0.077, Cuv=0.064, P_in=9.329e-04, P_tgt=9.351e-04, A_F=0.088, K_low=0.102, P_drag=-6.474e-04, P_cool=-6.218e-04, WENO=0.080, ReL2D=122.37, eps_nu=6.872e-04, P_hv=9.748e-06, rho_mean=1.000000, p_mean=0.715529, div_rms=1.349e-01, vort_rms=9.406e-01, mass_err=-1.418e-10
step= 59000, t=25.881333, dt=4.450e-04, KE=3.160667e-02, Mt=0.2525, A_K=0.061, Cuv=0.079, P_in=8.855e-04, P_tgt=8.845e-04, A_F=0.242, K_low=0.103, P_drag=-6.511e-04, P_cool=-6.251e-04, WENO=0.069, ReL2D=122.49, eps_nu=6.846e-04, P_hv=9.755e-06, rho_mean=1.000000, p_mean=0.715536, div_rms=1.278e-01, vort_rms=9.400e-01, mass_err=-1.430e-10
step= 59500, t=26.103527, dt=4.442e-04, KE=3.147082e-02, Mt=0.2520, A_K=0.036, Cuv=0.094, P_in=8.511e-04, P_tgt=8.464e-04, A_F=0.004, K_low=0.105, P_drag=-6.550e-04, P_cool=-6.339e-04, WENO=0.062, ReL2D=121.47, eps_nu=6.834e-04, P_hv=1.011e-05, rho_mean=1.000000, p_mean=0.715554, div_rms=1.254e-01, vort_rms=9.397e-01, mass_err=-1.443e-10
step= 60000, t=26.325870, dt=4.444e-04, KE=3.132375e-02, Mt=0.2516, A_K=0.017, Cuv=0.114, P_in=8.061e-04, P_tgt=8.176e-04, A_F=0.286, K_low=0.106, P_drag=-6.613e-04, P_cool=-6.429e-04, WENO=0.067, ReL2D=120.86, eps_nu=6.760e-04, P_hv=1.035e-05, rho_mean=1.000000, p_mean=0.715571, div_rms=1.229e-01, vort_rms=9.348e-01, mass_err=-1.455e-10
saved snapshot: results/hit2d/conservative_hv_audit_Mt0p25_ReL120_N256/mn0p002_CFL0p05/hit2d_step0060000.npz
step= 60500, t=26.548109, dt=4.442e-04, KE=3.117595e-02, Mt=0.2513, A_K=0.016, Cuv=0.130, P_in=7.760e-04, P_tgt=7.942e-04, A_F=0.002, K_low=0.109, P_drag=-6.706e-04, P_cool=-6.501e-04, WENO=0.067, ReL2D=120.92, eps_nu=6.707e-04, P_hv=1.025e-05, rho_mean=1.000000, p_mean=0.715586, div_rms=1.277e-01, vort_rms=9.302e-01, mass_err=-1.467e-10
step= 61000, t=26.768819, dt=4.388e-04, KE=3.096422e-02, Mt=0.2508, A_K=0.036, Cuv=0.138, P_in=7.871e-04, P_tgt=7.773e-04, A_F=0.116, K_low=0.112, P_drag=-6.808e-04, P_cool=-6.681e-04, WENO=0.055, ReL2D=121.77, eps_nu=6.652e-04, P_hv=1.018e-05, rho_mean=1.000000, p_mean=0.715622, div_rms=1.224e-01, vort_rms=9.272e-01, mass_err=-1.479e-10
step= 61500, t=26.986764, dt=4.327e-04, KE=3.080441e-02, Mt=0.2504, A_K=0.052, Cuv=0.155, P_in=7.543e-04, P_tgt=7.689e-04, A_F=0.038, K_low=0.114, P_drag=-6.903e-04, P_cool=-6.749e-04, WENO=0.062, ReL2D=120.35, eps_nu=6.692e-04, P_hv=1.048e-05, rho_mean=1.000000, p_mean=0.715636, div_rms=1.196e-01, vort_rms=9.306e-01, mass_err=-1.491e-10
step= 62000, t=27.202277, dt=4.321e-04, KE=3.075325e-02, Mt=0.2502, A_K=0.069, Cuv=0.168, P_in=7.772e-04, P_tgt=7.645e-04, A_F=0.016, K_low=0.115, P_drag=-6.990e-04, P_cool=-6.602e-04, WENO=0.055, ReL2D=118.25, eps_nu=6.701e-04, P_hv=1.064e-05, rho_mean=1.000000, p_mean=0.715606, div_rms=1.244e-01, vort_rms=9.304e-01, mass_err=-1.503e-10
step= 62500, t=27.420838, dt=4.418e-04, KE=3.068679e-02, Mt=0.2499, A_K=0.086, Cuv=0.153, P_in=7.332e-04, P_tgt=7.634e-04, A_F=0.040, K_low=0.116, P_drag=-7.038e-04, P_cool=-6.478e-04, WENO=0.067, ReL2D=118.56, eps_nu=6.617e-04, P_hv=1.033e-05, rho_mean=1.000000, p_mean=0.715581, div_rms=1.288e-01, vort_rms=9.236e-01, mass_err=-1.515e-10
step= 63000, t=27.642227, dt=4.422e-04, KE=3.051794e-02, Mt=0.2491, A_K=0.099, Cuv=0.149, P_in=7.743e-04, P_tgt=7.704e-04, A_F=0.003, K_low=0.116, P_drag=-7.074e-04, P_cool=-6.555e-04, WENO=0.076, ReL2D=119.19, eps_nu=6.527e-04, P_hv=9.968e-06, rho_mean=1.000000, p_mean=0.715597, div_rms=1.220e-01, vort_rms=9.184e-01, mass_err=-1.527e-10
step= 63500, t=27.863673, dt=4.442e-04, KE=3.030610e-02, Mt=0.2481, A_K=0.108, Cuv=0.147, P_in=7.922e-04, P_tgt=7.924e-04, A_F=0.124, K_low=0.118, P_drag=-7.128e-04, P_cool=-6.717e-04, WENO=0.081, ReL2D=119.32, eps_nu=6.456e-04, P_hv=9.862e-06, rho_mean=1.000000, p_mean=0.715629, div_rms=1.203e-01, vort_rms=9.135e-01, mass_err=-1.539e-10
step= 64000, t=28.084445, dt=4.408e-04, KE=3.009795e-02, Mt=0.2472, A_K=0.119, Cuv=0.147, P_in=8.331e-04, P_tgt=8.319e-04, A_F=0.161, K_low=0.121, P_drag=-7.225e-04, P_cool=-6.875e-04, WENO=0.070, ReL2D=118.80, eps_nu=6.395e-04, P_hv=1.012e-05, rho_mean=1.000000, p_mean=0.715661, div_rms=1.218e-01, vort_rms=9.089e-01, mass_err=-1.552e-10
step= 64500, t=28.305133, dt=4.417e-04, KE=2.991799e-02, Mt=0.2468, A_K=0.134, Cuv=0.146, P_in=8.864e-04, P_tgt=8.847e-04, A_F=0.152, K_low=0.124, P_drag=-7.366e-04, P_cool=-6.985e-04, WENO=0.054, ReL2D=118.71, eps_nu=6.341e-04, P_hv=1.028e-05, rho_mean=1.000000, p_mean=0.715683, div_rms=1.199e-01, vort_rms=9.053e-01, mass_err=-1.564e-10
step= 65000, t=28.525785, dt=4.404e-04, KE=2.980171e-02, Mt=0.2465, A_K=0.154, Cuv=0.150, P_in=9.434e-04, P_tgt=9.479e-04, A_F=0.112, K_low=0.128, P_drag=-7.524e-04, P_cool=-6.984e-04, WENO=0.052, ReL2D=119.28, eps_nu=6.291e-04, P_hv=1.051e-05, rho_mean=1.000000, p_mean=0.715683, div_rms=1.214e-01, vort_rms=9.013e-01, mass_err=-1.576e-10
saved snapshot: results/hit2d/conservative_hv_audit_Mt0p25_ReL120_N256/mn0p002_CFL0p05/hit2d_step0065000.npz
step= 65500, t=28.745479, dt=4.381e-04, KE=2.977879e-02, Mt=0.2464, A_K=0.176, Cuv=0.163, P_in=1.030e-03, P_tgt=1.020e-03, A_F=0.049, K_low=0.130, P_drag=-7.675e-04, P_cool=-6.824e-04, WENO=0.068, ReL2D=119.95, eps_nu=6.255e-04, P_hv=1.065e-05, rho_mean=1.000000, p_mean=0.715650, div_rms=1.207e-01, vort_rms=8.988e-01, mass_err=-1.588e-10
step= 66000, t=28.964632, dt=4.391e-04, KE=2.984875e-02, Mt=0.2464, A_K=0.192, Cuv=0.178, P_in=1.100e-03, P_tgt=1.098e-03, A_F=0.207, K_low=0.132, P_drag=-7.796e-04, P_cool=-6.516e-04, WENO=0.068, ReL2D=119.22, eps_nu=6.248e-04, P_hv=1.057e-05, rho_mean=1.000000, p_mean=0.715589, div_rms=1.246e-01, vort_rms=8.976e-01, mass_err=-1.600e-10
step= 66500, t=29.184554, dt=4.395e-04, KE=2.990565e-02, Mt=0.2463, A_K=0.199, Cuv=0.181, P_in=1.188e-03, P_tgt=1.181e-03, A_F=0.057, K_low=0.133, P_drag=-7.875e-04, P_cool=-6.278e-04, WENO=0.072, ReL2D=118.58, eps_nu=6.246e-04, P_hv=1.022e-05, rho_mean=1.000000, p_mean=0.715541, div_rms=1.238e-01, vort_rms=8.976e-01, mass_err=-1.612e-10
warning: flow component anisotropy has increased over the last three diagnostic samples
step= 67000, t=29.404438, dt=4.406e-04, KE=2.990374e-02, Mt=0.2460, A_K=0.200, Cuv=0.174, P_in=1.280e-03, P_tgt=1.278e-03, A_F=0.160, K_low=0.134, P_drag=-7.932e-04, P_cool=-6.201e-04, WENO=0.066, ReL2D=118.03, eps_nu=6.223e-04, P_hv=1.046e-05, rho_mean=1.000000, p_mean=0.715526, div_rms=1.193e-01, vort_rms=8.967e-01, mass_err=-1.624e-10
warning: flow component anisotropy has increased over the last three diagnostic samples
step= 67500, t=29.624897, dt=4.419e-04, KE=2.989856e-02, Mt=0.2460, A_K=0.201, Cuv=0.162, P_in=1.395e-03, P_tgt=1.389e-03, A_F=0.100, K_low=0.135, P_drag=-8.003e-04, P_cool=-6.175e-04, WENO=0.064, ReL2D=116.39, eps_nu=6.230e-04, P_hv=1.052e-05, rho_mean=1.000000, p_mean=0.715521, div_rms=1.233e-01, vort_rms=8.965e-01, mass_err=-1.636e-10
warning: flow component anisotropy has increased over the last three diagnostic samples
step= 68000, t=29.845041, dt=4.382e-04, KE=2.984372e-02, Mt=0.2460, A_K=0.207, Cuv=0.141, P_in=1.512e-03, P_tgt=1.508e-03, A_F=0.259, K_low=0.137, P_drag=-8.092e-04, P_cool=-6.294e-04, WENO=0.070, ReL2D=115.66, eps_nu=6.217e-04, P_hv=1.118e-05, rho_mean=1.000000, p_mean=0.715545, div_rms=1.217e-01, vort_rms=8.958e-01, mass_err=-1.648e-10
warning: flow component anisotropy has increased over the last three diagnostic samples
step= 68500, t=30.063963, dt=4.382e-04, KE=2.978630e-02, Mt=0.2460, A_K=0.210, Cuv=0.117, P_in=1.636e-03, P_tgt=1.638e-03, A_F=0.110, K_low=0.138, P_drag=-8.150e-04, P_cool=-6.462e-04, WENO=0.055, ReL2D=116.08, eps_nu=6.198e-04, P_hv=1.151e-05, rho_mean=1.000000, p_mean=0.715578, div_rms=1.171e-01, vort_rms=8.953e-01, mass_err=-1.661e-10
warning: flow component anisotropy has increased over the last three diagnostic samples
step= 69000, t=30.283308, dt=4.384e-04, KE=2.982566e-02, Mt=0.2464, A_K=0.211, Cuv=0.093, P_in=1.775e-03, P_tgt=1.771e-03, A_F=0.152, K_low=0.137, P_drag=-8.145e-04, P_cool=-6.490e-04, WENO=0.052, ReL2D=116.54, eps_nu=6.247e-04, P_hv=1.154e-05, rho_mean=1.000000, p_mean=0.715584, div_rms=1.231e-01, vort_rms=8.978e-01, mass_err=-1.673e-10
warning: flow component anisotropy has increased over the last three diagnostic samples
step= 69500, t=30.501913, dt=4.370e-04, KE=2.986509e-02, Mt=0.2467, A_K=0.220, Cuv=0.070, P_in=1.893e-03, P_tgt=1.900e-03, A_F=0.192, K_low=0.135, P_drag=-8.081e-04, P_cool=-6.575e-04, WENO=0.063, ReL2D=117.40, eps_nu=6.273e-04, P_hv=1.137e-05, rho_mean=1.000000, p_mean=0.715601, div_rms=1.252e-01, vort_rms=8.993e-01, mass_err=-1.685e-10
warning: flow component anisotropy has increased over the last three diagnostic samples
step= 70000, t=30.720672, dt=4.377e-04, KE=2.988470e-02, Mt=0.2469, A_K=0.240, Cuv=0.053, P_in=2.041e-03, P_tgt=2.027e-03, A_F=0.137, K_low=0.133, P_drag=-8.009e-04, P_cool=-6.752e-04, WENO=0.067, ReL2D=117.56, eps_nu=6.305e-04, P_hv=1.093e-05, rho_mean=1.000000, p_mean=0.715636, div_rms=1.223e-01, vort_rms=9.022e-01, mass_err=-1.697e-10
saved snapshot: results/hit2d/conservative_hv_audit_Mt0p25_ReL120_N256/mn0p002_CFL0p05/hit2d_step0070000.npz
warning: flow component anisotropy has increased over the last three diagnostic samples
step= 70500, t=30.939786, dt=4.375e-04, KE=2.999983e-02, Mt=0.2474, A_K=0.266, Cuv=0.036, P_in=2.160e-03, P_tgt=2.149e-03, A_F=0.060, K_low=0.132, P_drag=-7.977e-04, P_cool=-6.790e-04, WENO=0.055, ReL2D=119.00, eps_nu=6.344e-04, P_hv=1.094e-05, rho_mean=1.000000, p_mean=0.715644, div_rms=1.190e-01, vort_rms=9.056e-01, mass_err=-1.709e-10
warning: flow component anisotropy has increased over the last three diagnostic samples
step= 71000, t=31.157909, dt=4.349e-04, KE=3.025496e-02, Mt=0.2484, A_K=0.280, Cuv=0.029, P_in=2.275e-03, P_tgt=2.243e-03, A_F=0.176, K_low=0.132, P_drag=-8.004e-04, P_cool=-6.599e-04, WENO=0.067, ReL2D=122.37, eps_nu=6.387e-04, P_hv=1.130e-05, rho_mean=1.000000, p_mean=0.715605, div_rms=1.287e-01, vort_rms=9.070e-01, mass_err=-1.721e-10
warning: flow component anisotropy has increased over the last three diagnostic samples
step= 71500, t=31.375007, dt=4.326e-04, KE=3.045528e-02, Mt=0.2493, A_K=0.282, Cuv=0.012, P_in=2.302e-03, P_tgt=2.295e-03, A_F=0.229, K_low=0.133, P_drag=-8.045e-04, P_cool=-6.553e-04, WENO=0.073, ReL2D=127.44, eps_nu=6.422e-04, P_hv=1.103e-05, rho_mean=1.000000, p_mean=0.715596, div_rms=1.221e-01, vort_rms=9.108e-01, mass_err=-1.733e-10
step= 72000, t=31.589975, dt=4.274e-04, KE=3.064852e-02, Mt=0.2501, A_K=0.279, Cuv=0.007, P_in=2.340e-03, P_tgt=2.311e-03, A_F=0.093, K_low=0.133, P_drag=-8.053e-04, P_cool=-6.531e-04, WENO=0.061, ReL2D=129.25, eps_nu=6.529e-04, P_hv=1.105e-05, rho_mean=1.000000, p_mean=0.715592, div_rms=1.189e-01, vort_rms=9.191e-01, mass_err=-1.746e-10
step= 72500, t=31.802740, dt=4.243e-04, KE=3.086141e-02, Mt=0.2510, A_K=0.283, Cuv=0.006, P_in=2.312e-03, P_tgt=2.285e-03, A_F=0.199, K_low=0.132, P_drag=-8.023e-04, P_cool=-6.467e-04, WENO=0.059, ReL2D=130.57, eps_nu=6.623e-04, P_hv=1.151e-05, rho_mean=1.000000, p_mean=0.715579, div_rms=1.227e-01, vort_rms=9.251e-01, mass_err=-1.758e-10
warning: flow component anisotropy has increased over the last three diagnostic samples
step= 73000, t=32.014189, dt=4.220e-04, KE=3.101852e-02, Mt=0.2515, A_K=0.292, Cuv=0.002, P_in=2.275e-03, P_tgt=2.228e-03, A_F=0.027, K_low=0.131, P_drag=-7.975e-04, P_cool=-6.496e-04, WENO=0.052, ReL2D=131.05, eps_nu=6.647e-04, P_hv=1.166e-05, rho_mean=1.000000, p_mean=0.715585, div_rms=1.254e-01, vort_rms=9.264e-01, mass_err=-1.770e-10
warning: flow component anisotropy has increased over the last three diagnostic samples
step= 73500, t=32.225565, dt=4.230e-04, KE=3.108176e-02, Mt=0.2516, A_K=0.298, Cuv=-0.016, P_in=2.143e-03, P_tgt=2.162e-03, A_F=0.166, K_low=0.130, P_drag=-7.947e-04, P_cool=-6.685e-04, WENO=0.058, ReL2D=130.50, eps_nu=6.648e-04, P_hv=1.181e-05, rho_mean=1.000000, p_mean=0.715623, div_rms=1.251e-01, vort_rms=9.265e-01, mass_err=-1.782e-10
warning: flow component anisotropy has increased over the last three diagnostic samples
step= 74000, t=32.436355, dt=4.183e-04, KE=3.110747e-02, Mt=0.2519, A_K=0.309, Cuv=-0.036, P_in=2.043e-03, P_tgt=2.092e-03, A_F=0.162, K_low=0.130, P_drag=-7.949e-04, P_cool=-6.909e-04, WENO=0.054, ReL2D=130.79, eps_nu=6.672e-04, P_hv=1.183e-05, rho_mean=1.000000, p_mean=0.715668, div_rms=1.245e-01, vort_rms=9.283e-01, mass_err=-1.794e-10
warning: flow component anisotropy has increased over the last three diagnostic samples
step= 74500, t=32.643741, dt=4.121e-04, KE=3.117326e-02, Mt=0.2527, A_K=0.319, Cuv=-0.061, P_in=1.994e-03, P_tgt=2.000e-03, A_F=0.205, K_low=0.131, P_drag=-7.994e-04, P_cool=-7.009e-04, WENO=0.047, ReL2D=131.77, eps_nu=6.701e-04, P_hv=1.201e-05, rho_mean=1.000000, p_mean=0.715688, div_rms=1.265e-01, vort_rms=9.300e-01, mass_err=-1.806e-10
warning: flow component anisotropy has increased over the last three diagnostic samples
step= 75000, t=32.848804, dt=4.084e-04, KE=3.125314e-02, Mt=0.2533, A_K=0.321, Cuv=-0.089, P_in=1.878e-03, P_tgt=1.884e-03, A_F=0.126, K_low=0.132, P_drag=-8.081e-04, P_cool=-7.031e-04, WENO=0.048, ReL2D=131.73, eps_nu=6.727e-04, P_hv=1.224e-05, rho_mean=1.000000, p_mean=0.715692, div_rms=1.286e-01, vort_rms=9.315e-01, mass_err=-1.818e-10
saved snapshot: results/hit2d/conservative_hv_audit_Mt0p25_ReL120_N256/mn0p002_CFL0p05/hit2d_step0075000.npz
step= 75500, t=33.052724, dt=4.081e-04, KE=3.132597e-02, Mt=0.2535, A_K=0.315, Cuv=-0.119, P_in=1.768e-03, P_tgt=1.761e-03, A_F=0.122, K_low=0.134, P_drag=-8.216e-04, P_cool=-7.011e-04, WENO=0.055, ReL2D=130.87, eps_nu=6.744e-04, P_hv=1.231e-05, rho_mean=1.000000, p_mean=0.715688, div_rms=1.239e-01, vort_rms=9.335e-01, mass_err=-1.830e-10
step= 76000, t=33.256857, dt=4.078e-04, KE=3.142256e-02, Mt=0.2537, A_K=0.301, Cuv=-0.151, P_in=1.644e-03, P_tgt=1.641e-03, A_F=0.013, K_low=0.136, P_drag=-8.391e-04, P_cool=-6.889e-04, WENO=0.050, ReL2D=130.61, eps_nu=6.756e-04, P_hv=1.213e-05, rho_mean=1.000000, p_mean=0.715663, div_rms=1.301e-01, vort_rms=9.333e-01, mass_err=-1.843e-10
step= 76500, t=33.460377, dt=4.048e-04, KE=3.146962e-02, Mt=0.2537, A_K=0.284, Cuv=-0.185, P_in=1.530e-03, P_tgt=1.526e-03, A_F=0.009, K_low=0.139, P_drag=-8.596e-04, P_cool=-6.814e-04, WENO=0.053, ReL2D=131.58, eps_nu=6.736e-04, P_hv=1.213e-05, rho_mean=1.000000, p_mean=0.715648, div_rms=1.258e-01, vort_rms=9.326e-01, mass_err=-1.855e-10
step= 77000, t=33.661489, dt=3.981e-04, KE=3.151621e-02, Mt=0.2537, A_K=0.270, Cuv=-0.206, P_in=1.416e-03, P_tgt=1.418e-03, A_F=0.111, K_low=0.142, P_drag=-8.806e-04, P_cool=-6.690e-04, WENO=0.067, ReL2D=131.80, eps_nu=6.750e-04, P_hv=1.202e-05, rho_mean=1.000000, p_mean=0.715624, div_rms=1.257e-01, vort_rms=9.337e-01, mass_err=-1.867e-10
step= 77500, t=33.860162, dt=3.976e-04, KE=3.154202e-02, Mt=0.2536, A_K=0.261, Cuv=-0.216, P_in=1.322e-03, P_tgt=1.319e-03, A_F=0.167, K_low=0.145, P_drag=-8.996e-04, P_cool=-6.565e-04, WENO=0.066, ReL2D=132.40, eps_nu=6.750e-04, P_hv=1.213e-05, rho_mean=1.000000, p_mean=0.715599, div_rms=1.250e-01, vort_rms=9.338e-01, mass_err=-1.879e-10
step= 78000, t=34.059769, dt=4.011e-04, KE=3.150594e-02, Mt=0.2532, A_K=0.260, Cuv=-0.225, P_in=1.234e-03, P_tgt=1.234e-03, A_F=0.006, K_low=0.148, P_drag=-9.168e-04, P_cool=-6.523e-04, WENO=0.060, ReL2D=132.86, eps_nu=6.720e-04, P_hv=1.219e-05, rho_mean=1.000000, p_mean=0.715590, div_rms=1.241e-01, vort_rms=9.318e-01, mass_err=-1.891e-10
step= 78500, t=34.260955, dt=4.033e-04, KE=3.140258e-02, Mt=0.2528, A_K=0.271, Cuv=-0.236, P_in=1.157e-03, P_tgt=1.163e-03, A_F=0.037, K_low=0.151, P_drag=-9.347e-04, P_cool=-6.576e-04, WENO=0.056, ReL2D=133.24, eps_nu=6.672e-04, P_hv=1.213e-05, rho_mean=1.000000, p_mean=0.715601, div_rms=1.200e-01, vort_rms=9.291e-01, mass_err=-1.903e-10
warning: flow component anisotropy has increased over the last three diagnostic samples
step= 79000, t=34.462383, dt=4.018e-04, KE=3.130436e-02, Mt=0.2524, A_K=0.284, Cuv=-0.247, P_in=1.101e-03, P_tgt=1.105e-03, A_F=0.181, K_low=0.155, P_drag=-9.537e-04, P_cool=-6.583e-04, WENO=0.056, ReL2D=132.73, eps_nu=6.635e-04, P_hv=1.213e-05, rho_mean=1.000000, p_mean=0.715602, div_rms=1.210e-01, vort_rms=9.263e-01, mass_err=-1.915e-10
warning: flow component anisotropy has increased over the last three diagnostic samples
step= 79500, t=34.663076, dt=4.002e-04, KE=3.123293e-02, Mt=0.2520, A_K=0.294, Cuv=-0.250, P_in=1.057e-03, P_tgt=1.059e-03, A_F=0.104, K_low=0.158, P_drag=-9.737e-04, P_cool=-6.510e-04, WENO=0.060, ReL2D=131.15, eps_nu=6.584e-04, P_hv=1.151e-05, rho_mean=1.000000, p_mean=0.715588, div_rms=1.187e-01, vort_rms=9.231e-01, mass_err=-1.927e-10
warning: flow component anisotropy has increased over the last three diagnostic samples
step= 80000, t=34.862369, dt=3.981e-04, KE=3.117697e-02, Mt=0.2515, A_K=0.304, Cuv=-0.246, P_in=1.039e-03, P_tgt=1.023e-03, A_F=0.088, K_low=0.161, P_drag=-9.935e-04, P_cool=-6.388e-04, WENO=0.074, ReL2D=129.51, eps_nu=6.532e-04, P_hv=1.253e-05, rho_mean=1.000000, p_mean=0.715563, div_rms=1.195e-01, vort_rms=9.192e-01, mass_err=-1.940e-10
saved snapshot: results/hit2d/conservative_hv_audit_Mt0p25_ReL120_N256/mn0p002_CFL0p05/hit2d_step0080000.npz
warning: flow component anisotropy has increased over the last three diagnostic samples
step= 80500, t=35.061452, dt=3.985e-04, KE=3.108755e-02, Mt=0.2510, A_K=0.315, Cuv=-0.249, P_in=1.004e-03, P_tgt=9.978e-04, A_F=0.192, K_low=0.164, P_drag=-1.013e-03, P_cool=-6.317e-04, WENO=0.065, ReL2D=128.83, eps_nu=6.481e-04, P_hv=1.249e-05, rho_mean=1.000000, p_mean=0.715549, div_rms=1.182e-01, vort_rms=9.157e-01, mass_err=-1.952e-10
warning: flow component anisotropy has increased over the last three diagnostic samples
step= 81000, t=35.261050, dt=3.998e-04, KE=3.093444e-02, Mt=0.2505, A_K=0.321, Cuv=-0.264, P_in=9.884e-04, P_tgt=9.821e-04, A_F=0.198, K_low=0.168, P_drag=-1.033e-03, P_cool=-6.357e-04, WENO=0.064, ReL2D=127.69, eps_nu=6.433e-04, P_hv=1.270e-05, rho_mean=1.000000, p_mean=0.715557, div_rms=1.189e-01, vort_rms=9.121e-01, mass_err=-1.964e-10
step= 81500, t=35.461193, dt=4.003e-04, KE=3.070813e-02, Mt=0.2498, A_K=0.314, Cuv=-0.283, P_in=9.752e-04, P_tgt=9.794e-04, A_F=0.058, K_low=0.173, P_drag=-1.052e-03, P_cool=-6.527e-04, WENO=0.062, ReL2D=126.06, eps_nu=6.363e-04, P_hv=1.264e-05, rho_mean=1.000000, p_mean=0.715591, div_rms=1.130e-01, vort_rms=9.081e-01, mass_err=-1.976e-10
step= 82000, t=35.660576, dt=3.963e-04, KE=3.050854e-02, Mt=0.2492, A_K=0.301, Cuv=-0.303, P_in=9.826e-04, P_tgt=9.905e-04, A_F=0.040, K_low=0.178, P_drag=-1.074e-03, P_cool=-6.632e-04, WENO=0.070, ReL2D=123.74, eps_nu=6.304e-04, P_hv=1.265e-05, rho_mean=1.000000, p_mean=0.715612, div_rms=1.146e-01, vort_rms=9.035e-01, mass_err=-1.988e-10
step= 82500, t=35.857811, dt=3.929e-04, KE=3.036863e-02, Mt=0.2488, A_K=0.288, Cuv=-0.322, P_in=1.004e-03, P_tgt=1.012e-03, A_F=0.046, K_low=0.184, P_drag=-1.099e-03, P_cool=-6.617e-04, WENO=0.063, ReL2D=121.69, eps_nu=6.259e-04, P_hv=1.290e-05, rho_mean=1.000000, p_mean=0.715609, div_rms=1.137e-01, vort_rms=9.003e-01, mass_err=-2.000e-10
step= 83000, t=36.054104, dt=3.928e-04, KE=3.028635e-02, Mt=0.2485, A_K=0.279, Cuv=-0.335, P_in=1.055e-03, P_tgt=1.040e-03, A_F=0.049, K_low=0.190, P_drag=-1.129e-03, P_cool=-6.490e-04, WENO=0.065, ReL2D=119.88, eps_nu=6.237e-04, P_hv=1.266e-05, rho_mean=1.000000, p_mean=0.715584, div_rms=1.187e-01, vort_rms=8.978e-01, mass_err=-2.012e-10
step= 83500, t=36.250490, dt=3.926e-04, KE=3.018745e-02, Mt=0.2479, A_K=0.276, Cuv=-0.347, P_in=1.080e-03, P_tgt=1.079e-03, A_F=0.107, K_low=0.195, P_drag=-1.158e-03, P_cool=-6.402e-04, WENO=0.070, ReL2D=118.37, eps_nu=6.214e-04, P_hv=1.224e-05, rho_mean=1.000000, p_mean=0.715566, div_rms=1.202e-01, vort_rms=8.959e-01, mass_err=-2.024e-10
step= 84000, t=36.446854, dt=3.932e-04, KE=3.006045e-02, Mt=0.2471, A_K=0.270, Cuv=-0.352, P_in=1.137e-03, P_tgt=1.134e-03, A_F=0.075, K_low=0.200, P_drag=-1.183e-03, P_cool=-6.379e-04, WENO=0.064, ReL2D=117.90, eps_nu=6.160e-04, P_hv=1.176e-05, rho_mean=1.000000, p_mean=0.715562, div_rms=1.141e-01, vort_rms=8.930e-01, mass_err=-2.036e-10
step= 84500, t=36.644617, dt=3.977e-04, KE=2.997069e-02, Mt=0.2466, A_K=0.260, Cuv=-0.351, P_in=1.211e-03, P_tgt=1.210e-03, A_F=0.044, K_low=0.204, P_drag=-1.204e-03, P_cool=-6.298e-04, WENO=0.057, ReL2D=117.48, eps_nu=6.129e-04, P_hv=1.183e-05, rho_mean=1.000000, p_mean=0.715545, div_rms=1.150e-01, vort_rms=8.905e-01, mass_err=-2.048e-10
step= 85000, t=36.843279, dt=3.974e-04, KE=2.986674e-02, Mt=0.2463, A_K=0.252, Cuv=-0.343, P_in=1.301e-03, P_tgt=1.301e-03, A_F=0.170, K_low=0.207, P_drag=-1.220e-03, P_cool=-6.274e-04, WENO=0.060, ReL2D=117.18, eps_nu=6.112e-04, P_hv=1.175e-05, rho_mean=1.000000, p_mean=0.715541, div_rms=1.154e-01, vort_rms=8.892e-01, mass_err=-2.060e-10
saved snapshot: results/hit2d/conservative_hv_audit_Mt0p25_ReL120_N256/mn0p002_CFL0p05/hit2d_step0085000.npz
step= 85500, t=37.041552, dt=3.957e-04, KE=2.972307e-02, Mt=0.2458, A_K=0.251, Cuv=-0.325, P_in=1.431e-03, P_tgt=1.412e-03, A_F=0.160, K_low=0.209, P_drag=-1.229e-03, P_cool=-6.364e-04, WENO=0.055, ReL2D=117.45, eps_nu=6.091e-04, P_hv=1.156e-05, rho_mean=1.000000, p_mean=0.715559, div_rms=1.108e-01, vort_rms=8.884e-01, mass_err=-2.073e-10
step= 86000, t=37.239982, dt=3.979e-04, KE=2.959695e-02, Mt=0.2453, A_K=0.253, Cuv=-0.303, P_in=1.548e-03, P_tgt=1.549e-03, A_F=0.083, K_low=0.211, P_drag=-1.234e-03, P_cool=-6.460e-04, WENO=0.059, ReL2D=117.80, eps_nu=6.076e-04, P_hv=1.112e-05, rho_mean=1.000000, p_mean=0.715578, div_rms=1.120e-01, vort_rms=8.870e-01, mass_err=-2.085e-10
warning: flow component anisotropy has increased over the last three diagnostic samples
step= 86500, t=37.439730, dt=4.012e-04, KE=2.949286e-02, Mt=0.2448, A_K=0.256, Cuv=-0.280, P_in=1.738e-03, P_tgt=1.717e-03, A_F=0.063, K_low=0.212, P_drag=-1.238e-03, P_cool=-6.567e-04, WENO=0.056, ReL2D=117.69, eps_nu=6.068e-04, P_hv=1.088e-05, rho_mean=1.000000, p_mean=0.715599, div_rms=1.097e-01, vort_rms=8.868e-01, mass_err=-2.097e-10
warning: flow component anisotropy has increased over the last three diagnostic samples
step= 87000, t=37.641246, dt=4.039e-04, KE=2.946191e-02, Mt=0.2446, A_K=0.267, Cuv=-0.269, P_in=1.912e-03, P_tgt=1.917e-03, A_F=0.002, K_low=0.213, P_drag=-1.243e-03, P_cool=-6.595e-04, WENO=0.048, ReL2D=118.15, eps_nu=6.084e-04, P_hv=1.099e-05, rho_mean=1.000000, p_mean=0.715605, div_rms=1.102e-01, vort_rms=8.880e-01, mass_err=-2.109e-10
warning: flow component anisotropy has increased over the last three diagnostic samples
step= 87500, t=37.843545, dt=4.055e-04, KE=2.951010e-02, Mt=0.2449, A_K=0.271, Cuv=-0.266, P_in=2.139e-03, P_tgt=2.137e-03, A_F=0.136, K_low=0.213, P_drag=-1.252e-03, P_cool=-6.547e-04, WENO=0.052, ReL2D=119.48, eps_nu=6.097e-04, P_hv=1.142e-05, rho_mean=1.000000, p_mean=0.715595, div_rms=1.040e-01, vort_rms=8.899e-01, mass_err=-2.121e-10
step= 88000, t=38.046975, dt=4.083e-04, KE=2.966536e-02, Mt=0.2455, A_K=0.267, Cuv=-0.259, P_in=2.364e-03, P_tgt=2.361e-03, A_F=0.010, K_low=0.214, P_drag=-1.262e-03, P_cool=-6.378e-04, WENO=0.055, ReL2D=121.37, eps_nu=6.129e-04, P_hv=1.191e-05, rho_mean=1.000000, p_mean=0.715561, div_rms=1.031e-01, vort_rms=8.925e-01, mass_err=-2.133e-10
step= 88500, t=38.251262, dt=4.085e-04, KE=2.988105e-02, Mt=0.2460, A_K=0.269, Cuv=-0.251, P_in=2.574e-03, P_tgt=2.575e-03, A_F=0.110, K_low=0.214, P_drag=-1.273e-03, P_cool=-6.182e-04, WENO=0.053, ReL2D=122.76, eps_nu=6.187e-04, P_hv=1.142e-05, rho_mean=1.000000, p_mean=0.715522, div_rms=1.073e-01, vort_rms=8.961e-01, mass_err=-2.145e-10
warning: flow component anisotropy has increased over the last three diagnostic samples
step= 89000, t=38.455316, dt=4.090e-04, KE=3.007452e-02, Mt=0.2465, A_K=0.274, Cuv=-0.245, P_in=2.772e-03, P_tgt=2.778e-03, A_F=0.011, K_low=0.215, P_drag=-1.283e-03, P_cool=-6.119e-04, WENO=0.061, ReL2D=124.31, eps_nu=6.230e-04, P_hv=1.099e-05, rho_mean=1.000000, p_mean=0.715509, div_rms=1.086e-01, vort_rms=8.990e-01, mass_err=-2.157e-10
step= 89500, t=38.661359, dt=4.182e-04, KE=3.022641e-02, Mt=0.2470, A_K=0.262, Cuv=-0.232, P_in=2.820e-03, P_tgt=2.971e-03, A_F=0.009, K_low=0.215, P_drag=-1.287e-03, P_cool=-6.223e-04, WENO=0.066, ReL2D=125.15, eps_nu=6.256e-04, P_hv=1.100e-05, rho_mean=1.000000, p_mean=0.715530, div_rms=1.089e-01, vort_rms=9.009e-01, mass_err=-2.169e-10
step= 90000, t=38.873345, dt=4.251e-04, KE=3.038256e-02, Mt=0.2480, A_K=0.251, Cuv=-0.209, P_in=3.113e-03, P_tgt=3.126e-03, A_F=0.121, K_low=0.214, P_drag=-1.286e-03, P_cool=-6.406e-04, WENO=0.043, ReL2D=123.86, eps_nu=6.335e-04, P_hv=1.061e-05, rho_mean=1.000000, p_mean=0.715567, div_rms=1.217e-01, vort_rms=9.045e-01, mass_err=-2.181e-10
saved snapshot: results/hit2d/conservative_hv_audit_Mt0p25_ReL120_N256/mn0p002_CFL0p05/hit2d_step0090000.npz
step= 90500, t=39.085751, dt=4.249e-04, KE=3.049732e-02, Mt=0.2488, A_K=0.242, Cuv=-0.210, P_in=3.219e-03, P_tgt=3.230e-03, A_F=0.060, K_low=0.214, P_drag=-1.284e-03, P_cool=-6.705e-04, WENO=0.047, ReL2D=123.93, eps_nu=6.410e-04, P_hv=1.019e-05, rho_mean=1.000000, p_mean=0.715627, div_rms=1.221e-01, vort_rms=9.099e-01, mass_err=-2.194e-10
step= 91000, t=39.297696, dt=4.220e-04, KE=3.065791e-02, Mt=0.2498, A_K=0.236, Cuv=-0.220, P_in=3.276e-03, P_tgt=3.280e-03, A_F=0.005, K_low=0.212, P_drag=-1.278e-03, P_cool=-6.933e-04, WENO=0.073, ReL2D=125.05, eps_nu=6.478e-04, P_hv=1.044e-05, rho_mean=1.000000, p_mean=0.715672, div_rms=1.185e-01, vort_rms=9.154e-01, mass_err=-2.206e-10
step= 91500, t=39.507834, dt=4.190e-04, KE=3.093481e-02, Mt=0.2512, A_K=0.236, Cuv=-0.224, P_in=3.240e-03, P_tgt=3.250e-03, A_F=0.004, K_low=0.209, P_drag=-1.268e-03, P_cool=-6.928e-04, WENO=0.071, ReL2D=124.49, eps_nu=6.591e-04, P_hv=1.055e-05, rho_mean=1.000000, p_mean=0.715671, div_rms=1.210e-01, vort_rms=9.232e-01, mass_err=-2.218e-10
step= 92000, t=39.717351, dt=4.198e-04, KE=3.123511e-02, Mt=0.2525, A_K=0.240, Cuv=-0.215, P_in=3.136e-03, P_tgt=3.131e-03, A_F=0.138, K_low=0.204, P_drag=-1.256e-03, P_cool=-6.850e-04, WENO=0.077, ReL2D=122.22, eps_nu=6.723e-04, P_hv=1.065e-05, rho_mean=1.000000, p_mean=0.715656, div_rms=1.224e-01, vort_rms=9.323e-01, mass_err=-2.230e-10
warning: flow component anisotropy has increased over the last three diagnostic samples
step= 92500, t=39.927839, dt=4.225e-04, KE=3.149176e-02, Mt=0.2533, A_K=0.244, Cuv=-0.201, P_in=2.950e-03, P_tgt=2.955e-03, A_F=0.064, K_low=0.200, P_drag=-1.243e-03, P_cool=-6.807e-04, WENO=0.070, ReL2D=119.76, eps_nu=6.835e-04, P_hv=1.070e-05, rho_mean=1.000000, p_mean=0.715647, div_rms=1.241e-01, vort_rms=9.399e-01, mass_err=-2.242e-10
step= 93000, t=40.140806, dt=4.297e-04, KE=3.167076e-02, Mt=0.2537, A_K=0.236, Cuv=-0.193, P_in=2.760e-03, P_tgt=2.758e-03, A_F=0.303, K_low=0.196, P_drag=-1.231e-03, P_cool=-6.850e-04, WENO=0.085, ReL2D=117.29, eps_nu=6.915e-04, P_hv=1.056e-05, rho_mean=1.000000, p_mean=0.715656, div_rms=1.233e-01, vort_rms=9.457e-01, mass_err=-2.254e-10
step= 93500, t=40.357153, dt=4.348e-04, KE=3.181844e-02, Mt=0.2541, A_K=0.218, Cuv=-0.185, P_in=2.567e-03, P_tgt=2.557e-03, A_F=0.088, K_low=0.193, P_drag=-1.222e-03, P_cool=-6.878e-04, WENO=0.070, ReL2D=115.40, eps_nu=7.018e-04, P_hv=1.025e-05, rho_mean=1.000000, p_mean=0.715661, div_rms=1.238e-01, vort_rms=9.527e-01, mass_err=-2.266e-10
step= 94000, t=40.576111, dt=4.413e-04, KE=3.194080e-02, Mt=0.2546, A_K=0.210, Cuv=-0.182, P_in=2.351e-03, P_tgt=2.348e-03, A_F=0.181, K_low=0.192, P_drag=-1.217e-03, P_cool=-6.873e-04, WENO=0.067, ReL2D=114.88, eps_nu=7.105e-04, P_hv=1.061e-05, rho_mean=1.000000, p_mean=0.715660, div_rms=1.271e-01, vort_rms=9.582e-01, mass_err=-2.279e-10
step= 94500, t=40.795181, dt=4.354e-04, KE=3.200766e-02, Mt=0.2551, A_K=0.202, Cuv=-0.189, P_in=2.128e-03, P_tgt=2.135e-03, A_F=0.139, K_low=0.191, P_drag=-1.214e-03, P_cool=-6.888e-04, WENO=0.053, ReL2D=114.20, eps_nu=7.174e-04, P_hv=1.096e-05, rho_mean=1.000000, p_mean=0.715663, div_rms=1.266e-01, vort_rms=9.631e-01, mass_err=-2.291e-10
step= 95000, t=41.012201, dt=4.322e-04, KE=3.204723e-02, Mt=0.2551, A_K=0.193, Cuv=-0.173, P_in=1.925e-03, P_tgt=1.930e-03, A_F=0.106, K_low=0.191, P_drag=-1.204e-03, P_cool=-6.879e-04, WENO=0.073, ReL2D=112.47, eps_nu=7.196e-04, P_hv=1.131e-05, rho_mean=1.000000, p_mean=0.715662, div_rms=1.329e-01, vort_rms=9.634e-01, mass_err=-2.303e-10
saved snapshot: results/hit2d/conservative_hv_audit_Mt0p25_ReL120_N256/mn0p002_CFL0p05/hit2d_step0095000.npz
step= 95500, t=41.226396, dt=4.244e-04, KE=3.201195e-02, Mt=0.2549, A_K=0.195, Cuv=-0.157, P_in=1.725e-03, P_tgt=1.751e-03, A_F=0.121, K_low=0.189, P_drag=-1.190e-03, P_cool=-6.930e-04, WENO=0.068, ReL2D=112.04, eps_nu=7.201e-04, P_hv=1.113e-05, rho_mean=1.000000, p_mean=0.715672, div_rms=1.282e-01, vort_rms=9.646e-01, mass_err=-2.315e-10
warning: flow component anisotropy has increased over the last three diagnostic samples
step= 96000, t=41.438014, dt=4.209e-04, KE=3.203208e-02, Mt=0.2549, A_K=0.200, Cuv=-0.139, P_in=1.590e-03, P_tgt=1.592e-03, A_F=0.150, K_low=0.187, P_drag=-1.177e-03, P_cool=-6.805e-04, WENO=0.078, ReL2D=112.21, eps_nu=7.242e-04, P_hv=1.170e-05, rho_mean=1.000000, p_mean=0.715647, div_rms=1.313e-01, vort_rms=9.669e-01, mass_err=-2.327e-10
step= 96500, t=41.646344, dt=4.123e-04, KE=3.207482e-02, Mt=0.2546, A_K=0.200, Cuv=-0.134, P_in=1.446e-03, P_tgt=1.451e-03, A_F=0.204, K_low=0.183, P_drag=-1.163e-03, P_cool=-6.595e-04, WENO=0.074, ReL2D=111.83, eps_nu=7.260e-04, P_hv=1.175e-05, rho_mean=1.000000, p_mean=0.715605, div_rms=1.354e-01, vort_rms=9.674e-01, mass_err=-2.339e-10
step= 97000, t=41.853038, dt=4.175e-04, KE=3.203173e-02, Mt=0.2540, A_K=0.191, Cuv=-0.134, P_in=1.329e-03, P_tgt=1.333e-03, A_F=0.286, K_low=0.181, P_drag=-1.152e-03, P_cool=-6.507e-04, WENO=0.077, ReL2D=110.99, eps_nu=7.211e-04, P_hv=1.164e-05, rho_mean=1.000000, p_mean=0.715587, div_rms=1.297e-01, vort_rms=9.650e-01, mass_err=-2.351e-10
step= 97500, t=42.064485, dt=4.249e-04, KE=3.192144e-02, Mt=0.2534, A_K=0.174, Cuv=-0.139, P_in=1.238e-03, P_tgt=1.240e-03, A_F=0.101, K_low=0.179, P_drag=-1.141e-03, P_cool=-6.511e-04, WENO=0.073, ReL2D=110.45, eps_nu=7.156e-04, P_hv=1.155e-05, rho_mean=1.000000, p_mean=0.715588, div_rms=1.266e-01, vort_rms=9.618e-01, mass_err=-2.363e-10
step= 98000, t=42.277056, dt=4.258e-04, KE=3.175708e-02, Mt=0.2530, A_K=0.154, Cuv=-0.146, P_in=1.164e-03, P_tgt=1.164e-03, A_F=0.125, K_low=0.179, P_drag=-1.131e-03, P_cool=-6.589e-04, WENO=0.071, ReL2D=110.51, eps_nu=7.115e-04, P_hv=1.152e-05, rho_mean=1.000000, p_mean=0.715604, div_rms=1.316e-01, vort_rms=9.581e-01, mass_err=-2.375e-10
step= 98500, t=42.490961, dt=4.308e-04, KE=3.149776e-02, Mt=0.2524, A_K=0.145, Cuv=-0.140, P_in=1.091e-03, P_tgt=1.103e-03, A_F=0.033, K_low=0.180, P_drag=-1.120e-03, P_cool=-6.827e-04, WENO=0.066, ReL2D=111.65, eps_nu=7.038e-04, P_hv=1.152e-05, rho_mean=1.000000, p_mean=0.715651, div_rms=1.308e-01, vort_rms=9.529e-01, mass_err=-2.387e-10
step= 99000, t=42.708292, dt=4.386e-04, KE=3.123076e-02, Mt=0.2517, A_K=0.151, Cuv=-0.137, P_in=1.055e-03, P_tgt=1.059e-03, A_F=0.041, K_low=0.180, P_drag=-1.105e-03, P_cool=-7.045e-04, WENO=0.063, ReL2D=113.19, eps_nu=6.986e-04, P_hv=1.114e-05, rho_mean=1.000000, p_mean=0.715695, div_rms=1.289e-01, vort_rms=9.497e-01, mass_err=-2.400e-10
step= 99500, t=42.929279, dt=4.453e-04, KE=3.107428e-02, Mt=0.2511, A_K=0.160, Cuv=-0.134, P_in=1.032e-03, P_tgt=1.030e-03, A_F=0.070, K_low=0.178, P_drag=-1.087e-03, P_cool=-7.023e-04, WENO=0.070, ReL2D=114.02, eps_nu=6.955e-04, P_hv=1.089e-05, rho_mean=1.000000, p_mean=0.715690, div_rms=1.339e-01, vort_rms=9.466e-01, mass_err=-2.412e-10
step=100000, t=43.152803, dt=4.487e-04, KE=3.094378e-02, Mt=0.2502, A_K=0.161, Cuv=-0.129, P_in=1.027e-03, P_tgt=1.017e-03, A_F=0.115, K_low=0.174, P_drag=-1.064e-03, P_cool=-6.948e-04, WENO=0.081, ReL2D=113.67, eps_nu=6.930e-04, P_hv=1.050e-05, rho_mean=1.000000, p_mean=0.715675, div_rms=1.332e-01, vort_rms=9.450e-01, mass_err=-2.424e-10
saved snapshot: results/hit2d/conservative_hv_audit_Mt0p25_ReL120_N256/mn0p002_CFL0p05/hit2d_step0100000.npz
step=100500, t=43.376983, dt=4.462e-04, KE=3.080298e-02, Mt=0.2491, A_K=0.157, Cuv=-0.118, P_in=1.032e-03, P_tgt=1.025e-03, A_F=0.149, K_low=0.171, P_drag=-1.043e-03, P_cool=-6.904e-04, WENO=0.076, ReL2D=113.33, eps_nu=6.872e-04, P_hv=1.032e-05, rho_mean=1.000000, p_mean=0.715667, div_rms=1.271e-01, vort_rms=9.420e-01, mass_err=-2.436e-10
step=101000, t=43.600388, dt=4.487e-04, KE=3.074352e-02, Mt=0.2487, A_K=0.157, Cuv=-0.104, P_in=1.045e-03, P_tgt=1.050e-03, A_F=0.121, K_low=0.168, P_drag=-1.024e-03, P_cool=-6.723e-04, WENO=0.068, ReL2D=113.74, eps_nu=6.842e-04, P_hv=1.038e-05, rho_mean=1.000000, p_mean=0.715630, div_rms=1.344e-01, vort_rms=9.385e-01, mass_err=-2.448e-10
step=101500, t=43.823728, dt=4.448e-04, KE=3.066067e-02, Mt=0.2487, A_K=0.148, Cuv=-0.108, P_in=1.072e-03, P_tgt=1.078e-03, A_F=0.116, K_low=0.166, P_drag=-1.009e-03, P_cool=-6.614e-04, WENO=0.065, ReL2D=114.21, eps_nu=6.825e-04, P_hv=1.063e-05, rho_mean=1.000000, p_mean=0.715609, div_rms=1.386e-01, vort_rms=9.365e-01, mass_err=-2.460e-10
step=102000, t=44.045449, dt=4.431e-04, KE=3.048657e-02, Mt=0.2482, A_K=0.126, Cuv=-0.122, P_in=1.124e-03, P_tgt=1.111e-03, A_F=0.134, K_low=0.165, P_drag=-9.945e-04, P_cool=-6.708e-04, WENO=0.063, ReL2D=114.62, eps_nu=6.776e-04, P_hv=1.131e-05, rho_mean=1.000000, p_mean=0.715627, div_rms=1.326e-01, vort_rms=9.342e-01, mass_err=-2.472e-10
step=102500, t=44.266307, dt=4.403e-04, KE=3.033446e-02, Mt=0.2474, A_K=0.102, Cuv=-0.131, P_in=1.156e-03, P_tgt=1.162e-03, A_F=0.002, K_low=0.163, P_drag=-9.795e-04, P_cool=-6.780e-04, WENO=0.073, ReL2D=114.26, eps_nu=6.731e-04, P_hv=1.136e-05, rho_mean=1.000000, p_mean=0.715642, div_rms=1.337e-01, vort_rms=9.309e-01, mass_err=-2.484e-10
step=103000, t=44.486367, dt=4.403e-04, KE=3.024318e-02, Mt=0.2470, A_K=0.069, Cuv=-0.135, P_in=1.236e-03, P_tgt=1.232e-03, A_F=0.087, K_low=0.161, P_drag=-9.650e-04, P_cool=-6.763e-04, WENO=0.057, ReL2D=112.06, eps_nu=6.702e-04, P_hv=1.143e-05, rho_mean=1.000000, p_mean=0.715638, div_rms=1.391e-01, vort_rms=9.277e-01, mass_err=-2.496e-10
step=103500, t=44.706921, dt=4.416e-04, KE=3.016554e-02, Mt=0.2468, A_K=0.025, Cuv=-0.128, P_in=1.315e-03, P_tgt=1.313e-03, A_F=0.001, K_low=0.159, P_drag=-9.490e-04, P_cool=-6.761e-04, WENO=0.066, ReL2D=110.27, eps_nu=6.670e-04, P_hv=1.151e-05, rho_mean=1.000000, p_mean=0.715638, div_rms=1.414e-01, vort_rms=9.249e-01, mass_err=-2.509e-10
step=104000, t=44.927448, dt=4.400e-04, KE=3.007556e-02, Mt=0.2465, A_K=0.016, Cuv=-0.121, P_in=1.392e-03, P_tgt=1.405e-03, A_F=0.004, K_low=0.156, P_drag=-9.289e-04, P_cool=-6.826e-04, WENO=0.082, ReL2D=109.84, eps_nu=6.649e-04, P_hv=1.147e-05, rho_mean=1.000000, p_mean=0.715651, div_rms=1.367e-01, vort_rms=9.244e-01, mass_err=-2.521e-10
step=104500, t=45.147145, dt=4.391e-04, KE=3.000760e-02, Mt=0.2463, A_K=0.049, Cuv=-0.123, P_in=1.519e-03, P_tgt=1.512e-03, A_F=0.199, K_low=0.152, P_drag=-9.072e-04, P_cool=-6.898e-04, WENO=0.078, ReL2D=109.31, eps_nu=6.646e-04, P_hv=1.151e-05, rho_mean=1.000000, p_mean=0.715665, div_rms=1.392e-01, vort_rms=9.237e-01, mass_err=-2.533e-10
step=105000, t=45.367641, dt=4.426e-04, KE=2.992681e-02, Mt=0.2461, A_K=0.066, Cuv=-0.129, P_in=1.629e-03, P_tgt=1.634e-03, A_F=0.328, K_low=0.150, P_drag=-8.892e-04, P_cool=-7.050e-04, WENO=0.083, ReL2D=109.03, eps_nu=6.639e-04, P_hv=1.136e-05, rho_mean=1.000000, p_mean=0.715696, div_rms=1.340e-01, vort_rms=9.242e-01, mass_err=-2.545e-10
saved snapshot: results/hit2d/conservative_hv_audit_Mt0p25_ReL120_N256/mn0p002_CFL0p05/hit2d_step0105000.npz
step=105500, t=45.589169, dt=4.430e-04, KE=2.990256e-02, Mt=0.2460, A_K=0.074, Cuv=-0.133, P_in=1.768e-03, P_tgt=1.770e-03, A_F=0.233, K_low=0.148, P_drag=-8.743e-04, P_cool=-7.146e-04, WENO=0.088, ReL2D=109.74, eps_nu=6.642e-04, P_hv=1.160e-05, rho_mean=1.000000, p_mean=0.715715, div_rms=1.276e-01, vort_rms=9.256e-01, mass_err=-2.557e-10
step=106000, t=45.809436, dt=4.369e-04, KE=3.001952e-02, Mt=0.2463, A_K=0.086, Cuv=-0.139, P_in=1.913e-03, P_tgt=1.916e-03, A_F=0.207, K_low=0.144, P_drag=-8.575e-04, P_cool=-7.030e-04, WENO=0.086, ReL2D=110.34, eps_nu=6.673e-04, P_hv=1.198e-05, rho_mean=1.000000, p_mean=0.715692, div_rms=1.298e-01, vort_rms=9.274e-01, mass_err=-2.569e-10
step=106500, t=46.026862, dt=4.347e-04, KE=3.023833e-02, Mt=0.2469, A_K=0.102, Cuv=-0.147, P_in=2.028e-03, P_tgt=2.055e-03, A_F=0.275, K_low=0.140, P_drag=-8.409e-04, P_cool=-6.787e-04, WENO=0.082, ReL2D=111.41, eps_nu=6.734e-04, P_hv=1.235e-05, rho_mean=1.000000, p_mean=0.715643, div_rms=1.329e-01, vort_rms=9.312e-01, mass_err=-2.581e-10
step=107000, t=46.244671, dt=4.356e-04, KE=3.044735e-02, Mt=0.2478, A_K=0.130, Cuv=-0.138, P_in=2.163e-03, P_tgt=2.169e-03, A_F=0.196, K_low=0.136, P_drag=-8.294e-04, P_cool=-6.637e-04, WENO=0.063, ReL2D=110.95, eps_nu=6.910e-04, P_hv=1.274e-05, rho_mean=1.000000, p_mean=0.715613, div_rms=1.330e-01, vort_rms=9.436e-01, mass_err=-2.593e-10
step=107500, t=46.462135, dt=4.329e-04, KE=3.059187e-02, Mt=0.2486, A_K=0.175, Cuv=-0.131, P_in=2.311e-03, P_tgt=2.249e-03, A_F=0.069, K_low=0.135, P_drag=-8.232e-04, P_cool=-6.664e-04, WENO=0.076, ReL2D=110.95, eps_nu=7.045e-04, P_hv=1.273e-05, rho_mean=1.000000, p_mean=0.715619, div_rms=1.308e-01, vort_rms=9.534e-01, mass_err=-2.606e-10
step=108000, t=46.677560, dt=4.302e-04, KE=3.068551e-02, Mt=0.2490, A_K=0.200, Cuv=-0.118, P_in=2.345e-03, P_tgt=2.303e-03, A_F=0.083, K_low=0.133, P_drag=-8.165e-04, P_cool=-6.816e-04, WENO=0.085, ReL2D=110.28, eps_nu=7.161e-04, P_hv=1.303e-05, rho_mean=1.000000, p_mean=0.715649, div_rms=1.288e-01, vort_rms=9.618e-01, mass_err=-2.617e-10
warning: flow component anisotropy has increased over the last three diagnostic samples
step=108500, t=46.893237, dt=4.291e-04, KE=3.081734e-02, Mt=0.2494, A_K=0.210, Cuv=-0.105, P_in=2.341e-03, P_tgt=2.342e-03, A_F=0.016, K_low=0.131, P_drag=-8.073e-04, P_cool=-6.909e-04, WENO=0.075, ReL2D=110.32, eps_nu=7.198e-04, P_hv=1.290e-05, rho_mean=1.000000, p_mean=0.715668, div_rms=1.276e-01, vort_rms=9.645e-01, mass_err=-2.630e-10
warning: flow component anisotropy has increased over the last three diagnostic samples
step=109000, t=47.105511, dt=4.210e-04, KE=3.099882e-02, Mt=0.2503, A_K=0.218, Cuv=-0.102, P_in=2.352e-03, P_tgt=2.348e-03, A_F=0.018, K_low=0.128, P_drag=-7.939e-04, P_cool=-6.911e-04, WENO=0.066, ReL2D=111.41, eps_nu=7.195e-04, P_hv=1.328e-05, rho_mean=1.000000, p_mean=0.715668, div_rms=1.293e-01, vort_rms=9.640e-01, mass_err=-2.642e-10
warning: flow component anisotropy has increased over the last three diagnostic samples
step=109500, t=47.316211, dt=4.233e-04, KE=3.114826e-02, Mt=0.2510, A_K=0.227, Cuv=-0.108, P_in=2.312e-03, P_tgt=2.318e-03, A_F=0.013, K_low=0.125, P_drag=-7.775e-04, P_cool=-6.973e-04, WENO=0.064, ReL2D=113.28, eps_nu=7.174e-04, P_hv=1.313e-05, rho_mean=1.000000, p_mean=0.715680, div_rms=1.260e-01, vort_rms=9.632e-01, mass_err=-2.654e-10
warning: flow component anisotropy has increased over the last three diagnostic samples
step=110000, t=47.529598, dt=4.284e-04, KE=3.127500e-02, Mt=0.2516, A_K=0.233, Cuv=-0.115, P_in=2.260e-03, P_tgt=2.258e-03, A_F=0.041, K_low=0.121, P_drag=-7.613e-04, P_cool=-7.070e-04, WENO=0.061, ReL2D=115.02, eps_nu=7.172e-04, P_hv=1.251e-05, rho_mean=1.000000, p_mean=0.715700, div_rms=1.289e-01, vort_rms=9.625e-01, mass_err=-2.666e-10
saved snapshot: results/hit2d/conservative_hv_audit_Mt0p25_ReL120_N256/mn0p002_CFL0p05/hit2d_step0110000.npz
warning: flow component anisotropy has increased over the last three diagnostic samples
step=110500, t=47.743617, dt=4.275e-04, KE=3.134257e-02, Mt=0.2519, A_K=0.238, Cuv=-0.132, P_in=2.187e-03, P_tgt=2.180e-03, A_F=0.133, K_low=0.119, P_drag=-7.509e-04, P_cool=-7.255e-04, WENO=0.077, ReL2D=116.35, eps_nu=7.192e-04, P_hv=1.253e-05, rho_mean=1.000000, p_mean=0.715737, div_rms=1.272e-01, vort_rms=9.642e-01, mass_err=-2.678e-10
warning: flow component anisotropy has increased over the last three diagnostic samples
step=111000, t=47.957527, dt=4.286e-04, KE=3.141386e-02, Mt=0.2524, A_K=0.240, Cuv=-0.145, P_in=2.095e-03, P_tgt=2.091e-03, A_F=0.084, K_low=0.119, P_drag=-7.478e-04, P_cool=-7.393e-04, WENO=0.071, ReL2D=116.88, eps_nu=7.217e-04, P_hv=1.195e-05, rho_mean=1.000000, p_mean=0.715764, div_rms=1.242e-01, vort_rms=9.664e-01, mass_err=-2.690e-10
step=111500, t=48.173382, dt=4.347e-04, KE=3.154439e-02, Mt=0.2529, A_K=0.237, Cuv=-0.161, P_in=2.009e-03, P_tgt=1.985e-03, A_F=0.124, K_low=0.119, P_drag=-7.503e-04, P_cool=-7.380e-04, WENO=0.063, ReL2D=116.84, eps_nu=7.241e-04, P_hv=1.179e-05, rho_mean=1.000000, p_mean=0.715762, div_rms=1.277e-01, vort_rms=9.675e-01, mass_err=-2.702e-10
step=112000, t=48.390706, dt=4.342e-04, KE=3.169230e-02, Mt=0.2533, A_K=0.227, Cuv=-0.167, P_in=1.873e-03, P_tgt=1.868e-03, A_F=0.127, K_low=0.119, P_drag=-7.570e-04, P_cool=-7.279e-04, WENO=0.063, ReL2D=117.31, eps_nu=7.260e-04, P_hv=1.164e-05, rho_mean=1.000000, p_mean=0.715741, div_rms=1.385e-01, vort_rms=9.668e-01, mass_err=-2.714e-10
step=112500, t=48.608312, dt=4.379e-04, KE=3.181498e-02, Mt=0.2535, A_K=0.238, Cuv=-0.141, P_in=1.740e-03, P_tgt=1.748e-03, A_F=0.105, K_low=0.121, P_drag=-7.655e-04, P_cool=-7.174e-04, WENO=0.061, ReL2D=119.56, eps_nu=7.257e-04, P_hv=1.189e-05, rho_mean=1.000000, p_mean=0.715721, div_rms=1.370e-01, vort_rms=9.669e-01, mass_err=-2.726e-10
warning: flow component anisotropy has increased over the last three diagnostic samples
step=113000, t=48.829457, dt=4.443e-04, KE=3.198019e-02, Mt=0.2541, A_K=0.249, Cuv=-0.113, P_in=1.635e-03, P_tgt=1.622e-03, A_F=0.112, K_low=0.121, P_drag=-7.710e-04, P_cool=-6.937e-04, WENO=0.049, ReL2D=121.32, eps_nu=7.262e-04, P_hv=1.182e-05, rho_mean=1.000000, p_mean=0.715673, div_rms=1.385e-01, vort_rms=9.669e-01, mass_err=-2.739e-10
warning: flow component anisotropy has increased over the last three diagnostic samples
step=113500, t=49.051089, dt=4.414e-04, KE=3.208640e-02, Mt=0.2544, A_K=0.260, Cuv=-0.093, P_in=1.474e-03, P_tgt=1.491e-03, A_F=0.157, K_low=0.121, P_drag=-7.719e-04, P_cool=-6.769e-04, WENO=0.060, ReL2D=121.62, eps_nu=7.235e-04, P_hv=1.173e-05, rho_mean=1.000000, p_mean=0.715640, div_rms=1.355e-01, vort_rms=9.656e-01, mass_err=-2.751e-10
step=114000, t=49.270513, dt=4.375e-04, KE=3.205501e-02, Mt=0.2541, A_K=0.259, Cuv=-0.097, P_in=1.372e-03, P_tgt=1.370e-03, A_F=0.161, K_low=0.120, P_drag=-7.695e-04, P_cool=-6.824e-04, WENO=0.053, ReL2D=119.84, eps_nu=7.187e-04, P_hv=1.185e-05, rho_mean=1.000000, p_mean=0.715651, div_rms=1.393e-01, vort_rms=9.616e-01, mass_err=-2.763e-10
step=114500, t=49.490208, dt=4.419e-04, KE=3.185348e-02, Mt=0.2532, A_K=0.250, Cuv=-0.111, P_in=1.274e-03, P_tgt=1.275e-03, A_F=0.153, K_low=0.120, P_drag=-7.671e-04, P_cool=-7.165e-04, WENO=0.055, ReL2D=118.57, eps_nu=7.120e-04, P_hv=1.178e-05, rho_mean=1.000000, p_mean=0.715719, div_rms=1.361e-01, vort_rms=9.576e-01, mass_err=-2.775e-10
step=115000, t=49.711027, dt=4.424e-04, KE=3.161319e-02, Mt=0.2525, A_K=0.229, Cuv=-0.114, P_in=1.217e-03, P_tgt=1.206e-03, A_F=0.172, K_low=0.121, P_drag=-7.679e-04, P_cool=-7.535e-04, WENO=0.069, ReL2D=118.95, eps_nu=7.081e-04, P_hv=1.153e-05, rho_mean=1.000000, p_mean=0.715793, div_rms=1.342e-01, vort_rms=9.553e-01, mass_err=-2.787e-10
saved snapshot: results/hit2d/conservative_hv_audit_Mt0p25_ReL120_N256/mn0p002_CFL0p05/hit2d_step0115000.npz
step=115500, t=49.932108, dt=4.414e-04, KE=3.148696e-02, Mt=0.2521, A_K=0.225, Cuv=-0.112, P_in=1.153e-03, P_tgt=1.153e-03, A_F=0.194, K_low=0.123, P_drag=-7.725e-04, P_cool=-7.632e-04, WENO=0.075, ReL2D=119.66, eps_nu=7.020e-04, P_hv=1.133e-05, rho_mean=1.000000, p_mean=0.715812, div_rms=1.276e-01, vort_rms=9.522e-01, mass_err=-2.799e-10
step=116000, t=50.153108, dt=4.403e-04, KE=3.157801e-02, Mt=0.2524, A_K=0.232, Cuv=-0.112, P_in=1.097e-03, P_tgt=1.103e-03, A_F=0.130, K_low=0.124, P_drag=-7.782e-04, P_cool=-7.275e-04, WENO=0.067, ReL2D=119.95, eps_nu=7.012e-04, P_hv=1.131e-05, rho_mean=1.000000, p_mean=0.715741, div_rms=1.362e-01, vort_rms=9.501e-01, mass_err=-2.811e-10
warning: flow component anisotropy has increased over the last three diagnostic samples
step=116500, t=50.372356, dt=4.368e-04, KE=3.163715e-02, Mt=0.2528, A_K=0.238, Cuv=-0.115, P_in=1.048e-03, P_tgt=1.047e-03, A_F=0.280, K_low=0.125, P_drag=-7.831e-04, P_cool=-6.976e-04, WENO=0.074, ReL2D=120.30, eps_nu=7.009e-04, P_hv=1.157e-05, rho_mean=1.000000, p_mean=0.715681, div_rms=1.377e-01, vort_rms=9.496e-01, mass_err=-2.823e-10
step=117000, t=50.590218, dt=4.328e-04, KE=3.154840e-02, Mt=0.2524, A_K=0.237, Cuv=-0.118, P_in=9.056e-04, P_tgt=9.943e-04, A_F=0.037, K_low=0.126, P_drag=-7.853e-04, P_cool=-6.954e-04, WENO=0.089, ReL2D=119.82, eps_nu=6.954e-04, P_hv=1.157e-05, rho_mean=1.000000, p_mean=0.715676, div_rms=1.296e-01, vort_rms=9.473e-01, mass_err=-2.835e-10
step=117500, t=50.806335, dt=4.360e-04, KE=3.147070e-02, Mt=0.2518, A_K=0.222, Cuv=-0.114, P_in=9.616e-04, P_tgt=9.533e-04, A_F=0.005, K_low=0.126, P_drag=-7.825e-04, P_cool=-6.927e-04, WENO=0.086, ReL2D=118.20, eps_nu=6.883e-04, P_hv=1.136e-05, rho_mean=1.000000, p_mean=0.715671, div_rms=1.353e-01, vort_rms=9.413e-01, mass_err=-2.847e-10
step=118000, t=51.024986, dt=4.377e-04, KE=3.136153e-02, Mt=0.2510, A_K=0.214, Cuv=-0.113, P_in=9.308e-04, P_tgt=9.271e-04, A_F=0.151, K_low=0.125, P_drag=-7.772e-04, P_cool=-6.914e-04, WENO=0.091, ReL2D=118.14, eps_nu=6.809e-04, P_hv=1.103e-05, rho_mean=1.000000, p_mean=0.715668, div_rms=1.350e-01, vort_rms=9.361e-01, mass_err=-2.860e-10
step=118500, t=51.243949, dt=4.377e-04, KE=3.127126e-02, Mt=0.2506, A_K=0.209, Cuv=-0.106, P_in=9.122e-04, P_tgt=9.130e-04, A_F=0.028, K_low=0.125, P_drag=-7.761e-04, P_cool=-6.856e-04, WENO=0.088, ReL2D=118.89, eps_nu=6.760e-04, P_hv=1.089e-05, rho_mean=1.000000, p_mean=0.715657, div_rms=1.352e-01, vort_rms=9.326e-01, mass_err=-2.872e-10
step=119000, t=51.463214, dt=4.399e-04, KE=3.119158e-02, Mt=0.2505, A_K=0.214, Cuv=-0.100, P_in=9.133e-04, P_tgt=9.035e-04, A_F=0.208, K_low=0.125, P_drag=-7.787e-04, P_cool=-6.774e-04, WENO=0.077, ReL2D=120.73, eps_nu=6.690e-04, P_hv=1.081e-05, rho_mean=1.000000, p_mean=0.715641, div_rms=1.332e-01, vort_rms=9.280e-01, mass_err=-2.884e-10
warning: flow component anisotropy has increased over the last three diagnostic samples
step=119500, t=51.682200, dt=4.356e-04, KE=3.109227e-02, Mt=0.2504, A_K=0.217, Cuv=-0.100, P_in=8.937e-04, P_tgt=8.959e-04, A_F=0.247, K_low=0.127, P_drag=-7.829e-04, P_cool=-6.729e-04, WENO=0.066, ReL2D=122.14, eps_nu=6.620e-04, P_hv=1.115e-05, rho_mean=1.000000, p_mean=0.715632, div_rms=1.307e-01, vort_rms=9.234e-01, mass_err=-2.896e-10
step=120000, t=51.898971, dt=4.326e-04, KE=3.096097e-02, Mt=0.2500, A_K=0.204, Cuv=-0.112, P_in=8.832e-04, P_tgt=8.921e-04, A_F=0.042, K_low=0.128, P_drag=-7.857e-04, P_cool=-6.747e-04, WENO=0.085, ReL2D=122.01, eps_nu=6.558e-04, P_hv=1.110e-05, rho_mean=1.000000, p_mean=0.715635, div_rms=1.298e-01, vort_rms=9.192e-01, mass_err=-2.908e-10
saved snapshot: results/hit2d/conservative_hv_audit_Mt0p25_ReL120_N256/mn0p002_CFL0p05/hit2d_step0120000.npz
step=120500, t=52.115516, dt=4.336e-04, KE=3.077479e-02, Mt=0.2494, A_K=0.180, Cuv=-0.112, P_in=8.926e-04, P_tgt=8.966e-04, A_F=0.055, K_low=0.129, P_drag=-7.855e-04, P_cool=-6.872e-04, WENO=0.083, ReL2D=121.13, eps_nu=6.514e-04, P_hv=1.095e-05, rho_mean=1.000000, p_mean=0.715660, div_rms=1.314e-01, vort_rms=9.157e-01, mass_err=-2.920e-10
step=121000, t=52.332088, dt=4.323e-04, KE=3.052838e-02, Mt=0.2485, A_K=0.154, Cuv=-0.093, P_in=9.386e-04, P_tgt=9.158e-04, A_F=0.008, K_low=0.129, P_drag=-7.817e-04, P_cool=-7.115e-04, WENO=0.071, ReL2D=120.54, eps_nu=6.455e-04, P_hv=1.102e-05, rho_mean=1.000000, p_mean=0.715709, div_rms=1.258e-01, vort_rms=9.125e-01, mass_err=-2.932e-10
step=121500, t=52.548328, dt=4.338e-04, KE=3.033199e-02, Mt=0.2478, A_K=0.143, Cuv=-0.066, P_in=9.510e-04, P_tgt=9.521e-04, A_F=0.019, K_low=0.129, P_drag=-7.769e-04, P_cool=-7.263e-04, WENO=0.074, ReL2D=120.31, eps_nu=6.410e-04, P_hv=1.084e-05, rho_mean=1.000000, p_mean=0.715738, div_rms=1.276e-01, vort_rms=9.089e-01, mass_err=-2.944e-10
step=122000, t=52.766564, dt=4.393e-04, KE=3.019678e-02, Mt=0.2472, A_K=0.136, Cuv=-0.050, P_in=1.002e-03, P_tgt=1.002e-03, A_F=0.008, K_low=0.130, P_drag=-7.762e-04, P_cool=-7.302e-04, WENO=0.082, ReL2D=120.74, eps_nu=6.367e-04, P_hv=1.053e-05, rho_mean=1.000000, p_mean=0.715746, div_rms=1.262e-01, vort_rms=9.060e-01, mass_err=-2.956e-10
step=122500, t=52.987168, dt=4.422e-04, KE=3.017494e-02, Mt=0.2471, A_K=0.130, Cuv=-0.045, P_in=1.052e-03, P_tgt=1.062e-03, A_F=0.230, K_low=0.131, P_drag=-7.814e-04, P_cool=-7.139e-04, WENO=0.070, ReL2D=120.90, eps_nu=6.337e-04, P_hv=1.036e-05, rho_mean=1.000000, p_mean=0.715713, div_rms=1.274e-01, vort_rms=9.036e-01, mass_err=-2.969e-10
step=123000, t=53.206899, dt=4.379e-04, KE=3.023588e-02, Mt=0.2473, A_K=0.127, Cuv=-0.045, P_in=1.123e-03, P_tgt=1.124e-03, A_F=0.046, K_low=0.132, P_drag=-7.894e-04, P_cool=-6.845e-04, WENO=0.062, ReL2D=121.78, eps_nu=6.334e-04, P_hv=1.037e-05, rho_mean=1.000000, p_mean=0.715655, div_rms=1.344e-01, vort_rms=9.020e-01, mass_err=-2.981e-10
step=123500, t=53.426038, dt=4.392e-04, KE=3.021800e-02, Mt=0.2471, A_K=0.123, Cuv=-0.044, P_in=1.187e-03, P_tgt=1.190e-03, A_F=0.198, K_low=0.133, P_drag=-7.953e-04, P_cool=-6.744e-04, WENO=0.082, ReL2D=123.39, eps_nu=6.303e-04, P_hv=1.019e-05, rho_mean=1.000000, p_mean=0.715634, div_rms=1.280e-01, vort_rms=9.010e-01, mass_err=-2.993e-10
step=124000, t=53.645947, dt=4.401e-04, KE=3.018611e-02, Mt=0.2467, A_K=0.117, Cuv=-0.044, P_in=1.268e-03, P_tgt=1.268e-03, A_F=0.297, K_low=0.132, P_drag=-7.969e-04, P_cool=-6.702e-04, WENO=0.077, ReL2D=123.97, eps_nu=6.297e-04, P_hv=9.597e-06, rho_mean=1.000000, p_mean=0.715626, div_rms=1.244e-01, vort_rms=9.012e-01, mass_err=-3.005e-10
step=124500, t=53.865175, dt=4.360e-04, KE=3.015719e-02, Mt=0.2463, A_K=0.091, Cuv=-0.053, P_in=1.353e-03, P_tgt=1.361e-03, A_F=0.209, K_low=0.131, P_drag=-7.960e-04, P_cool=-6.698e-04, WENO=0.067, ReL2D=124.96, eps_nu=6.340e-04, P_hv=9.445e-06, rho_mean=1.000000, p_mean=0.715625, div_rms=1.281e-01, vort_rms=9.037e-01, mass_err=-3.017e-10
step=125000, t=54.082485, dt=4.334e-04, KE=3.006034e-02, Mt=0.2457, A_K=0.071, Cuv=-0.064, P_in=1.480e-03, P_tgt=1.477e-03, A_F=0.090, K_low=0.131, P_drag=-7.965e-04, P_cool=-6.868e-04, WENO=0.063, ReL2D=124.43, eps_nu=6.359e-04, P_hv=9.605e-06, rho_mean=1.000000, p_mean=0.715659, div_rms=1.259e-01, vort_rms=9.055e-01, mass_err=-3.029e-10
saved snapshot: results/hit2d/conservative_hv_audit_Mt0p25_ReL120_N256/mn0p002_CFL0p05/hit2d_step0125000.npz
step=125500, t=54.297309, dt=4.268e-04, KE=2.999453e-02, Mt=0.2458, A_K=0.057, Cuv=-0.061, P_in=1.616e-03, P_tgt=1.614e-03, A_F=0.120, K_low=0.133, P_drag=-8.037e-04, P_cool=-7.022e-04, WENO=0.061, ReL2D=123.70, eps_nu=6.399e-04, P_hv=9.814e-06, rho_mean=1.000000, p_mean=0.715690, div_rms=1.277e-01, vort_rms=9.081e-01, mass_err=-3.041e-10
step=126000, t=54.510706, dt=4.283e-04, KE=3.001377e-02, Mt=0.2465, A_K=0.041, Cuv=-0.057, P_in=1.746e-03, P_tgt=1.748e-03, A_F=0.004, K_low=0.137, P_drag=-8.168e-04, P_cool=-7.056e-04, WENO=0.056, ReL2D=123.14, eps_nu=6.505e-04, P_hv=9.942e-06, rho_mean=1.000000, p_mean=0.715697, div_rms=1.322e-01, vort_rms=9.149e-01, mass_err=-3.053e-10
step=126500, t=54.726372, dt=4.334e-04, KE=3.005199e-02, Mt=0.2473, A_K=0.039, Cuv=-0.057, P_in=1.874e-03, P_tgt=1.861e-03, A_F=0.037, K_low=0.140, P_drag=-8.295e-04, P_cool=-7.102e-04, WENO=0.070, ReL2D=122.87, eps_nu=6.631e-04, P_hv=9.903e-06, rho_mean=1.000000, p_mean=0.715706, div_rms=1.334e-01, vort_rms=9.237e-01, mass_err=-3.065e-10
step=127000, t=54.943847, dt=4.364e-04, KE=3.007428e-02, Mt=0.2478, A_K=0.039, Cuv=-0.050, P_in=1.961e-03, P_tgt=1.955e-03, A_F=0.021, K_low=0.141, P_drag=-8.353e-04, P_cool=-7.216e-04, WENO=0.062, ReL2D=122.77, eps_nu=6.697e-04, P_hv=1.004e-05, rho_mean=1.000000, p_mean=0.715729, div_rms=1.374e-01, vort_rms=9.277e-01, mass_err=-3.078e-10
step=127500, t=55.161667, dt=4.351e-04, KE=3.009183e-02, Mt=0.2480, A_K=0.037, Cuv=-0.044, P_in=2.022e-03, P_tgt=2.040e-03, A_F=0.028, K_low=0.141, P_drag=-8.333e-04, P_cool=-7.370e-04, WENO=0.074, ReL2D=122.44, eps_nu=6.734e-04, P_hv=1.011e-05, rho_mean=1.000000, p_mean=0.715760, div_rms=1.331e-01, vort_rms=9.312e-01, mass_err=-3.090e-10
step=128000, t=55.379058, dt=4.336e-04, KE=3.024179e-02, Mt=0.2483, A_K=0.026, Cuv=-0.043, P_in=2.131e-03, P_tgt=2.119e-03, A_F=0.030, K_low=0.138, P_drag=-8.258e-04, P_cool=-7.294e-04, WENO=0.072, ReL2D=121.79, eps_nu=6.776e-04, P_hv=1.025e-05, rho_mean=1.000000, p_mean=0.715745, div_rms=1.370e-01, vort_rms=9.334e-01, mass_err=-3.102e-10
step=128500, t=55.595564, dt=4.333e-04, KE=3.048639e-02, Mt=0.2488, A_K=0.016, Cuv=-0.049, P_in=2.181e-03, P_tgt=2.182e-03, A_F=0.089, K_low=0.135, P_drag=-8.147e-04, P_cool=-7.071e-04, WENO=0.083, ReL2D=122.02, eps_nu=6.808e-04, P_hv=1.020e-05, rho_mean=1.000000, p_mean=0.715700, div_rms=1.377e-01, vort_rms=9.355e-01, mass_err=-3.114e-10
step=129000, t=55.813560, dt=4.380e-04, KE=3.074300e-02, Mt=0.2493, A_K=0.001, Cuv=-0.051, P_in=2.224e-03, P_tgt=2.225e-03, A_F=0.183, K_low=0.132, P_drag=-8.035e-04, P_cool=-6.862e-04, WENO=0.096, ReL2D=123.33, eps_nu=6.813e-04, P_hv=9.860e-06, rho_mean=1.000000, p_mean=0.715658, div_rms=1.332e-01, vort_rms=9.367e-01, mass_err=-3.126e-10
step=129500, t=56.032359, dt=4.368e-04, KE=3.098173e-02, Mt=0.2501, A_K=0.009, Cuv=-0.053, P_in=2.255e-03, P_tgt=2.238e-03, A_F=0.212, K_low=0.128, P_drag=-7.927e-04, P_cool=-6.717e-04, WENO=0.082, ReL2D=125.29, eps_nu=6.831e-04, P_hv=9.789e-06, rho_mean=1.000000, p_mean=0.715629, div_rms=1.359e-01, vort_rms=9.375e-01, mass_err=-3.138e-10
step=130000, t=56.249657, dt=4.293e-04, KE=3.108749e-02, Mt=0.2505, A_K=0.002, Cuv=-0.083, P_in=2.238e-03, P_tgt=2.222e-03, A_F=0.111, K_low=0.126, P_drag=-7.809e-04, P_cool=-6.848e-04, WENO=0.069, ReL2D=126.48, eps_nu=6.818e-04, P_hv=1.003e-05, rho_mean=1.000000, p_mean=0.715655, div_rms=1.405e-01, vort_rms=9.356e-01, mass_err=-3.150e-10
saved snapshot: results/hit2d/conservative_hv_audit_Mt0p25_ReL120_N256/mn0p002_CFL0p05/hit2d_step0130000.npz
step=130500, t=56.464393, dt=4.313e-04, KE=3.104428e-02, Mt=0.2505, A_K=0.022, Cuv=-0.095, P_in=2.199e-03, P_tgt=2.197e-03, A_F=0.011, K_low=0.123, P_drag=-7.665e-04, P_cool=-7.251e-04, WENO=0.071, ReL2D=125.74, eps_nu=6.818e-04, P_hv=1.038e-05, rho_mean=1.000000, p_mean=0.715736, div_rms=1.399e-01, vort_rms=9.357e-01, mass_err=-3.162e-10
step=131000, t=56.679868, dt=4.282e-04, KE=3.103607e-02, Mt=0.2506, A_K=0.054, Cuv=-0.096, P_in=2.163e-03, P_tgt=2.174e-03, A_F=0.164, K_low=0.121, P_drag=-7.539e-04, P_cool=-7.562e-04, WENO=0.064, ReL2D=125.88, eps_nu=6.811e-04, P_hv=1.028e-05, rho_mean=1.000000, p_mean=0.715798, div_rms=1.342e-01, vort_rms=9.364e-01, mass_err=-3.174e-10
step=131500, t=56.892283, dt=4.228e-04, KE=3.120557e-02, Mt=0.2516, A_K=0.077, Cuv=-0.086, P_in=2.128e-03, P_tgt=2.129e-03, A_F=0.295, K_low=0.120, P_drag=-7.450e-04, P_cool=-7.500e-04, WENO=0.074, ReL2D=126.31, eps_nu=6.873e-04, P_hv=1.087e-05, rho_mean=1.000000, p_mean=0.715786, div_rms=1.391e-01, vort_rms=9.398e-01, mass_err=-3.187e-10
step=132000, t=57.104429, dt=4.270e-04, KE=3.143154e-02, Mt=0.2526, A_K=0.075, Cuv=-0.076, P_in=2.022e-03, P_tgt=2.043e-03, A_F=0.133, K_low=0.119, P_drag=-7.408e-04, P_cool=-7.305e-04, WENO=0.071, ReL2D=126.86, eps_nu=6.939e-04, P_hv=1.090e-05, rho_mean=1.000000, p_mean=0.715747, div_rms=1.403e-01, vort_rms=9.442e-01, mass_err=-3.199e-10
step=132500, t=57.317858, dt=4.250e-04, KE=3.164359e-02, Mt=0.2532, A_K=0.055, Cuv=-0.064, P_in=1.916e-03, P_tgt=1.929e-03, A_F=0.302, K_low=0.118, P_drag=-7.397e-04, P_cool=-7.105e-04, WENO=0.084, ReL2D=126.60, eps_nu=7.086e-04, P_hv=1.108e-05, rho_mean=1.000000, p_mean=0.715707, div_rms=1.435e-01, vort_rms=9.538e-01, mass_err=-3.211e-10
step=133000, t=57.529859, dt=4.230e-04, KE=3.178011e-02, Mt=0.2533, A_K=0.037, Cuv=-0.052, P_in=1.795e-03, P_tgt=1.808e-03, A_F=0.036, K_low=0.117, P_drag=-7.391e-04, P_cool=-7.011e-04, WENO=0.087, ReL2D=127.23, eps_nu=7.172e-04, P_hv=1.137e-05, rho_mean=1.000000, p_mean=0.715688, div_rms=1.409e-01, vort_rms=9.602e-01, mass_err=-3.223e-10
step=133500, t=57.741801, dt=4.248e-04, KE=3.185389e-02, Mt=0.2533, A_K=0.024, Cuv=-0.039, P_in=1.708e-03, P_tgt=1.695e-03, A_F=0.113, K_low=0.116, P_drag=-7.391e-04, P_cool=-6.997e-04, WENO=0.085, ReL2D=126.74, eps_nu=7.250e-04, P_hv=1.127e-05, rho_mean=1.000000, p_mean=0.715685, div_rms=1.349e-01, vort_rms=9.668e-01, mass_err=-3.235e-10
step=134000, t=57.952622, dt=4.191e-04, KE=3.195879e-02, Mt=0.2537, A_K=0.016, Cuv=-0.014, P_in=1.592e-03, P_tgt=1.583e-03, A_F=0.073, K_low=0.116, P_drag=-7.410e-04, P_cool=-6.874e-04, WENO=0.079, ReL2D=126.62, eps_nu=7.282e-04, P_hv=1.122e-05, rho_mean=1.000000, p_mean=0.715660, div_rms=1.339e-01, vort_rms=9.692e-01, mass_err=-3.247e-10
step=134500, t=58.161591, dt=4.172e-04, KE=3.203986e-02, Mt=0.2542, A_K=0.006, Cuv=0.004, P_in=1.474e-03, P_tgt=1.463e-03, A_F=0.002, K_low=0.116, P_drag=-7.439e-04, P_cool=-6.754e-04, WENO=0.071, ReL2D=126.25, eps_nu=7.338e-04, P_hv=1.163e-05, rho_mean=1.000000, p_mean=0.715636, div_rms=1.434e-01, vort_rms=9.711e-01, mass_err=-3.259e-10
step=135000, t=58.370037, dt=4.164e-04, KE=3.192764e-02, Mt=0.2538, A_K=0.002, Cuv=0.017, P_in=1.359e-03, P_tgt=1.353e-03, A_F=0.247, K_low=0.117, P_drag=-7.457e-04, P_cool=-6.969e-04, WENO=0.074, ReL2D=125.57, eps_nu=7.326e-04, P_hv=1.165e-05, rho_mean=1.000000, p_mean=0.715680, div_rms=1.368e-01, vort_rms=9.716e-01, mass_err=-3.271e-10
saved snapshot: results/hit2d/conservative_hv_audit_Mt0p25_ReL120_N256/mn0p002_CFL0p05/hit2d_step0135000.npz
step=135500, t=58.578828, dt=4.199e-04, KE=3.177369e-02, Mt=0.2534, A_K=0.005, Cuv=0.028, P_in=1.263e-03, P_tgt=1.262e-03, A_F=0.136, K_low=0.119, P_drag=-7.482e-04, P_cool=-7.215e-04, WENO=0.068, ReL2D=124.93, eps_nu=7.286e-04, P_hv=1.179e-05, rho_mean=1.000000, p_mean=0.715729, div_rms=1.329e-01, vort_rms=9.696e-01, mass_err=-3.283e-10
step=136000, t=58.790546, dt=4.254e-04, KE=3.171651e-02, Mt=0.2535, A_K=0.008, Cuv=0.037, P_in=1.183e-03, P_tgt=1.182e-03, A_F=0.274, K_low=0.120, P_drag=-7.538e-04, P_cool=-7.223e-04, WENO=0.058, ReL2D=124.78, eps_nu=7.260e-04, P_hv=1.189e-05, rho_mean=1.000000, p_mean=0.715730, div_rms=1.335e-01, vort_rms=9.677e-01, mass_err=-3.295e-10
step=136500, t=59.003333, dt=4.266e-04, KE=3.168946e-02, Mt=0.2535, A_K=0.004, Cuv=0.038, P_in=1.109e-03, P_tgt=1.103e-03, A_F=0.138, K_low=0.121, P_drag=-7.623e-04, P_cool=-7.134e-04, WENO=0.065, ReL2D=125.75, eps_nu=7.233e-04, P_hv=1.174e-05, rho_mean=1.000000, p_mean=0.715713, div_rms=1.323e-01, vort_rms=9.661e-01, mass_err=-3.308e-10
step=137000, t=59.217463, dt=4.286e-04, KE=3.160968e-02, Mt=0.2532, A_K=0.001, Cuv=0.039, P_in=1.029e-03, P_tgt=1.032e-03, A_F=0.081, K_low=0.122, P_drag=-7.719e-04, P_cool=-7.118e-04, WENO=0.069, ReL2D=128.31, eps_nu=7.152e-04, P_hv=1.126e-05, rho_mean=1.000000, p_mean=0.715709, div_rms=1.341e-01, vort_rms=9.602e-01, mass_err=-3.320e-10
step=137500, t=59.431377, dt=4.278e-04, KE=3.141595e-02, Mt=0.2524, A_K=0.016, Cuv=0.045, P_in=9.782e-04, P_tgt=9.768e-04, A_F=0.046, K_low=0.124, P_drag=-7.813e-04, P_cool=-7.294e-04, WENO=0.072, ReL2D=128.93, eps_nu=7.081e-04, P_hv=1.101e-05, rho_mean=1.000000, p_mean=0.715745, div_rms=1.327e-01, vort_rms=9.556e-01, mass_err=-3.332e-10
step=138000, t=59.645322, dt=4.282e-04, KE=3.117311e-02, Mt=0.2517, A_K=0.044, Cuv=0.059, P_in=9.388e-04, P_tgt=9.389e-04, A_F=0.136, K_low=0.127, P_drag=-7.903e-04, P_cool=-7.537e-04, WENO=0.066, ReL2D=127.20, eps_nu=7.062e-04, P_hv=1.108e-05, rho_mean=1.000000, p_mean=0.715793, div_rms=1.305e-01, vort_rms=9.546e-01, mass_err=-3.344e-10
step=138500, t=59.860231, dt=4.321e-04, KE=3.100833e-02, Mt=0.2513, A_K=0.078, Cuv=0.066, P_in=9.118e-04, P_tgt=9.125e-04, A_F=0.054, K_low=0.129, P_drag=-7.989e-04, P_cool=-7.596e-04, WENO=0.073, ReL2D=124.93, eps_nu=7.057e-04, P_hv=1.122e-05, rho_mean=1.000000, p_mean=0.715805, div_rms=1.336e-01, vort_rms=9.538e-01, mass_err=-3.356e-10
step=139000, t=60.076888, dt=4.349e-04, KE=3.092624e-02, Mt=0.2510, A_K=0.101, Cuv=0.073, P_in=8.197e-04, P_tgt=8.917e-04, A_F=0.188, K_low=0.131, P_drag=-8.078e-04, P_cool=-7.478e-04, WENO=0.084, ReL2D=122.61, eps_nu=7.102e-04, P_hv=1.092e-05, rho_mean=1.000000, p_mean=0.715781, div_rms=1.319e-01, vort_rms=9.572e-01, mass_err=-3.368e-10
step=139500, t=60.295944, dt=4.411e-04, KE=3.091388e-02, Mt=0.2507, A_K=0.093, Cuv=0.079, P_in=8.869e-04, P_tgt=8.768e-04, A_F=0.215, K_low=0.133, P_drag=-8.175e-04, P_cool=-7.218e-04, WENO=0.066, ReL2D=120.66, eps_nu=7.182e-04, P_hv=1.084e-05, rho_mean=1.000000, p_mean=0.715729, div_rms=1.369e-01, vort_rms=9.617e-01, mass_err=-3.380e-10
step=140000, t=60.517827, dt=4.452e-04, KE=3.086308e-02, Mt=0.2501, A_K=0.070, Cuv=0.079, P_in=8.845e-04, P_tgt=8.697e-04, A_F=0.255, K_low=0.135, P_drag=-8.283e-04, P_cool=-7.036e-04, WENO=0.075, ReL2D=119.36, eps_nu=7.219e-04, P_hv=1.089e-05, rho_mean=1.000000, p_mean=0.715693, div_rms=1.359e-01, vort_rms=9.644e-01, mass_err=-3.392e-10
saved snapshot: results/hit2d/conservative_hv_audit_Mt0p25_ReL120_N256/mn0p002_CFL0p05/hit2d_step0140000.npz
step=140500, t=60.741009, dt=4.461e-04, KE=3.075613e-02, Mt=0.2494, A_K=0.051, Cuv=0.078, P_in=8.787e-04, P_tgt=8.745e-04, A_F=0.113, K_low=0.138, P_drag=-8.425e-04, P_cool=-6.954e-04, WENO=0.079, ReL2D=118.46, eps_nu=7.164e-04, P_hv=1.089e-05, rho_mean=1.000000, p_mean=0.715676, div_rms=1.288e-01, vort_rms=9.620e-01, mass_err=-3.405e-10
step=141000, t=60.962709, dt=4.412e-04, KE=3.067090e-02, Mt=0.2488, A_K=0.037, Cuv=0.074, P_in=9.021e-04, P_tgt=8.907e-04, A_F=0.050, K_low=0.141, P_drag=-8.581e-04, P_cool=-6.832e-04, WENO=0.069, ReL2D=117.54, eps_nu=7.133e-04, P_hv=1.079e-05, rho_mean=1.000000, p_mean=0.715652, div_rms=1.279e-01, vort_rms=9.600e-01, mass_err=-3.417e-10
step=141500, t=61.183356, dt=4.411e-04, KE=3.058685e-02, Mt=0.2484, A_K=0.041, Cuv=0.061, P_in=9.160e-04, P_tgt=9.158e-04, A_F=0.133, K_low=0.143, P_drag=-8.731e-04, P_cool=-6.718e-04, WENO=0.053, ReL2D=116.85, eps_nu=7.096e-04, P_hv=1.132e-05, rho_mean=1.000000, p_mean=0.715629, div_rms=1.294e-01, vort_rms=9.572e-01, mass_err=-3.429e-10
step=142000, t=61.404106, dt=4.422e-04, KE=3.043453e-02, Mt=0.2478, A_K=0.057, Cuv=0.043, P_in=9.454e-04, P_tgt=9.506e-04, A_F=0.355, K_low=0.146, P_drag=-8.889e-04, P_cool=-6.749e-04, WENO=0.061, ReL2D=117.25, eps_nu=7.029e-04, P_hv=1.111e-05, rho_mean=1.000000, p_mean=0.715636, div_rms=1.289e-01, vort_rms=9.527e-01, mass_err=-3.441e-10
step=142500, t=61.625206, dt=4.409e-04, KE=3.017837e-02, Mt=0.2470, A_K=0.076, Cuv=0.028, P_in=9.816e-04, P_tgt=1.001e-03, A_F=0.017, K_low=0.151, P_drag=-9.081e-04, P_cool=-6.992e-04, WENO=0.057, ReL2D=117.36, eps_nu=6.960e-04, P_hv=1.093e-05, rho_mean=1.000000, p_mean=0.715684, div_rms=1.311e-01, vort_rms=9.475e-01, mass_err=-3.453e-10
step=143000, t=61.844442, dt=4.364e-04, KE=2.986321e-02, Mt=0.2459, A_K=0.086, Cuv=0.020, P_in=1.071e-03, P_tgt=1.078e-03, A_F=0.069, K_low=0.156, P_drag=-9.294e-04, P_cool=-7.360e-04, WENO=0.062, ReL2D=116.72, eps_nu=6.882e-04, P_hv=1.111e-05, rho_mean=1.000000, p_mean=0.715758, div_rms=1.239e-01, vort_rms=9.432e-01, mass_err=-3.465e-10
step=143500, t=62.062631, dt=4.372e-04, KE=2.969398e-02, Mt=0.2454, A_K=0.100, Cuv=0.003, P_in=1.178e-03, P_tgt=1.181e-03, A_F=0.014, K_low=0.160, P_drag=-9.509e-04, P_cool=-7.456e-04, WENO=0.059, ReL2D=115.02, eps_nu=6.839e-04, P_hv=1.124e-05, rho_mean=1.000000, p_mean=0.715777, div_rms=1.276e-01, vort_rms=9.396e-01, mass_err=-3.477e-10
step=144000, t=62.281705, dt=4.390e-04, KE=2.971388e-02, Mt=0.2456, A_K=0.111, Cuv=-0.023, P_in=1.299e-03, P_tgt=1.296e-03, A_F=0.178, K_low=0.165, P_drag=-9.743e-04, P_cool=-7.216e-04, WENO=0.057, ReL2D=113.72, eps_nu=6.827e-04, P_hv=1.119e-05, rho_mean=1.000000, p_mean=0.715729, div_rms=1.301e-01, vort_rms=9.383e-01, mass_err=-3.489e-10
step=144500, t=62.501629, dt=4.407e-04, KE=2.981216e-02, Mt=0.2460, A_K=0.120, Cuv=-0.053, P_in=1.404e-03, P_tgt=1.410e-03, A_F=0.277, K_low=0.169, P_drag=-9.984e-04, P_cool=-6.872e-04, WENO=0.050, ReL2D=113.26, eps_nu=6.851e-04, P_hv=1.131e-05, rho_mean=1.000000, p_mean=0.715660, div_rms=1.315e-01, vort_rms=9.398e-01, mass_err=-3.501e-10
step=145000, t=62.722779, dt=4.438e-04, KE=2.983475e-02, Mt=0.2458, A_K=0.123, Cuv=-0.075, P_in=1.537e-03, P_tgt=1.532e-03, A_F=0.110, K_low=0.172, P_drag=-1.019e-03, P_cool=-6.730e-04, WENO=0.058, ReL2D=114.00, eps_nu=6.836e-04, P_hv=1.152e-05, rho_mean=1.000000, p_mean=0.715632, div_rms=1.235e-01, vort_rms=9.401e-01, mass_err=-3.513e-10
saved snapshot: results/hit2d/conservative_hv_audit_Mt0p25_ReL120_N256/mn0p002_CFL0p05/hit2d_step0145000.npz
step=145500, t=62.945752, dt=4.459e-04, KE=2.982670e-02, Mt=0.2452, A_K=0.114, Cuv=-0.080, P_in=1.673e-03, P_tgt=1.681e-03, A_F=0.022, K_low=0.174, P_drag=-1.033e-03, P_cool=-6.703e-04, WENO=0.066, ReL2D=115.29, eps_nu=6.809e-04, P_hv=1.127e-05, rho_mean=1.000000, p_mean=0.715626, div_rms=1.192e-01, vort_rms=9.390e-01, mass_err=-3.525e-10
step=146000, t=63.167199, dt=4.408e-04, KE=2.987162e-02, Mt=0.2453, A_K=0.096, Cuv=-0.078, P_in=1.864e-03, P_tgt=1.854e-03, A_F=0.010, K_low=0.176, P_drag=-1.043e-03, P_cool=-6.640e-04, WENO=0.066, ReL2D=116.44, eps_nu=6.801e-04, P_hv=1.145e-05, rho_mean=1.000000, p_mean=0.715614, div_rms=1.290e-01, vort_rms=9.367e-01, mass_err=-3.537e-10
step=146500, t=63.387739, dt=4.430e-04, KE=2.985941e-02, Mt=0.2457, A_K=0.073, Cuv=-0.072, P_in=2.034e-03, P_tgt=2.033e-03, A_F=0.055, K_low=0.177, P_drag=-1.051e-03, P_cool=-6.768e-04, WENO=0.071, ReL2D=119.71, eps_nu=6.687e-04, P_hv=1.128e-05, rho_mean=1.000000, p_mean=0.715639, div_rms=1.290e-01, vort_rms=9.286e-01, mass_err=-3.549e-10
step=147000, t=63.610211, dt=4.461e-04, KE=2.981364e-02, Mt=0.2458, A_K=0.054, Cuv=-0.066, P_in=2.173e-03, P_tgt=2.220e-03, A_F=0.111, K_low=0.178, P_drag=-1.056e-03, P_cool=-7.030e-04, WENO=0.059, ReL2D=122.07, eps_nu=6.613e-04, P_hv=1.106e-05, rho_mean=1.000000, p_mean=0.715692, div_rms=1.241e-01, vort_rms=9.242e-01, mass_err=-3.562e-10
step=147500, t=63.832621, dt=4.470e-04, KE=2.988568e-02, Mt=0.2460, A_K=0.053, Cuv=-0.049, P_in=2.523e-03, P_tgt=2.416e-03, A_F=0.057, K_low=0.178, P_drag=-1.063e-03, P_cool=-7.136e-04, WENO=0.053, ReL2D=123.68, eps_nu=6.581e-04, P_hv=1.119e-05, rho_mean=1.000000, p_mean=0.715713, div_rms=1.272e-01, vort_rms=9.213e-01, mass_err=-3.574e-10
step=148000, t=64.055472, dt=4.431e-04, KE=3.007944e-02, Mt=0.2465, A_K=0.055, Cuv=-0.070, P_in=2.612e-03, P_tgt=2.612e-03, A_F=0.025, K_low=0.179, P_drag=-1.077e-03, P_cool=-7.080e-04, WENO=0.057, ReL2D=122.31, eps_nu=6.667e-04, P_hv=1.127e-05, rho_mean=1.000000, p_mean=0.715702, div_rms=1.293e-01, vort_rms=9.271e-01, mass_err=-3.586e-10
step=148500, t=64.275446, dt=4.364e-04, KE=3.034059e-02, Mt=0.2474, A_K=0.056, Cuv=-0.099, P_in=2.791e-03, P_tgt=2.783e-03, A_F=0.080, K_low=0.180, P_drag=-1.093e-03, P_cool=-6.963e-04, WENO=0.064, ReL2D=121.29, eps_nu=6.824e-04, P_hv=1.148e-05, rho_mean=1.000000, p_mean=0.715678, div_rms=1.339e-01, vort_rms=9.373e-01, mass_err=-3.598e-10
step=149000, t=64.491444, dt=4.281e-04, KE=3.061548e-02, Mt=0.2487, A_K=0.057, Cuv=-0.115, P_in=2.891e-03, P_tgt=2.896e-03, A_F=0.107, K_low=0.181, P_drag=-1.109e-03, P_cool=-6.869e-04, WENO=0.068, ReL2D=122.49, eps_nu=6.919e-04, P_hv=1.196e-05, rho_mean=1.000000, p_mean=0.715660, div_rms=1.328e-01, vort_rms=9.442e-01, mass_err=-3.610e-10
step=149500, t=64.704878, dt=4.261e-04, KE=3.085931e-02, Mt=0.2499, A_K=0.066, Cuv=-0.129, P_in=2.923e-03, P_tgt=2.937e-03, A_F=0.035, K_low=0.182, P_drag=-1.122e-03, P_cool=-6.860e-04, WENO=0.065, ReL2D=123.47, eps_nu=7.011e-04, P_hv=1.216e-05, rho_mean=1.000000, p_mean=0.715658, div_rms=1.342e-01, vort_rms=9.504e-01, mass_err=-3.622e-10
step=150000, t=64.917379, dt=4.238e-04, KE=3.101163e-02, Mt=0.2506, A_K=0.079, Cuv=-0.134, P_in=2.921e-03, P_tgt=2.923e-03, A_F=0.163, K_low=0.183, P_drag=-1.134e-03, P_cool=-7.028e-04, WENO=0.073, ReL2D=123.39, eps_nu=7.063e-04, P_hv=1.252e-05, rho_mean=1.000000, p_mean=0.715691, div_rms=1.306e-01, vort_rms=9.547e-01, mass_err=-3.634e-10
saved snapshot: results/hit2d/conservative_hv_audit_Mt0p25_ReL120_N256/mn0p002_CFL0p05/hit2d_step0150000.npz
step=150500, t=65.129729, dt=4.272e-04, KE=3.118202e-02, Mt=0.2514, A_K=0.075, Cuv=-0.127, P_in=2.882e-03, P_tgt=2.869e-03, A_F=0.008, K_low=0.185, P_drag=-1.145e-03, P_cool=-7.134e-04, WENO=0.074, ReL2D=123.01, eps_nu=7.114e-04, P_hv=1.273e-05, rho_mean=1.000000, p_mean=0.715712, div_rms=1.329e-01, vort_rms=9.578e-01, mass_err=-3.646e-10
step=151000, t=65.345421, dt=4.346e-04, KE=3.135252e-02, Mt=0.2522, A_K=0.061, Cuv=-0.114, P_in=2.770e-03, P_tgt=2.766e-03, A_F=0.226, K_low=0.186, P_drag=-1.159e-03, P_cool=-7.204e-04, WENO=0.079, ReL2D=122.12, eps_nu=7.158e-04, P_hv=1.293e-05, rho_mean=1.000000, p_mean=0.715727, div_rms=1.401e-01, vort_rms=9.595e-01, mass_err=-3.658e-10
step=151500, t=65.561990, dt=4.317e-04, KE=3.144305e-02, Mt=0.2526, A_K=0.044, Cuv=-0.111, P_in=2.637e-03, P_tgt=2.637e-03, A_F=0.046, K_low=0.188, P_drag=-1.176e-03, P_cool=-7.372e-04, WENO=0.073, ReL2D=121.75, eps_nu=7.161e-04, P_hv=1.292e-05, rho_mean=1.000000, p_mean=0.715760, div_rms=1.316e-01, vort_rms=9.613e-01, mass_err=-3.670e-10
step=152000, t=65.777228, dt=4.295e-04, KE=3.161977e-02, Mt=0.2532, A_K=0.028, Cuv=-0.126, P_in=2.489e-03, P_tgt=2.494e-03, A_F=0.154, K_low=0.190, P_drag=-1.192e-03, P_cool=-7.298e-04, WENO=0.057, ReL2D=121.62, eps_nu=7.222e-04, P_hv=1.283e-05, rho_mean=1.000000, p_mean=0.715745, div_rms=1.351e-01, vort_rms=9.648e-01, mass_err=-3.683e-10
step=152500, t=65.991452, dt=4.273e-04, KE=3.181195e-02, Mt=0.2540, A_K=0.014, Cuv=-0.146, P_in=2.321e-03, P_tgt=2.325e-03, A_F=0.245, K_low=0.191, P_drag=-1.205e-03, P_cool=-7.124e-04, WENO=0.055, ReL2D=121.94, eps_nu=7.285e-04, P_hv=1.292e-05, rho_mean=1.000000, p_mean=0.715711, div_rms=1.357e-01, vort_rms=9.690e-01, mass_err=-3.695e-10
step=153000, t=66.204640, dt=4.268e-04, KE=3.189962e-02, Mt=0.2543, A_K=0.016, Cuv=-0.149, P_in=2.123e-03, P_tgt=2.142e-03, A_F=0.024, K_low=0.191, P_drag=-1.213e-03, P_cool=-7.084e-04, WENO=0.064, ReL2D=122.70, eps_nu=7.295e-04, P_hv=1.318e-05, rho_mean=1.000000, p_mean=0.715702, div_rms=1.359e-01, vort_rms=9.696e-01, mass_err=-3.707e-10
step=153500, t=66.419262, dt=4.303e-04, KE=3.188898e-02, Mt=0.2544, A_K=0.025, Cuv=-0.142, P_in=1.981e-03, P_tgt=1.967e-03, A_F=0.070, K_low=0.192, P_drag=-1.215e-03, P_cool=-7.161e-04, WENO=0.056, ReL2D=122.77, eps_nu=7.289e-04, P_hv=1.351e-05, rho_mean=1.000000, p_mean=0.715718, div_rms=1.336e-01, vort_rms=9.697e-01, mass_err=-3.719e-10
step=154000, t=66.634242, dt=4.290e-04, KE=3.186349e-02, Mt=0.2544, A_K=0.039, Cuv=-0.129, P_in=1.793e-03, P_tgt=1.806e-03, A_F=0.110, K_low=0.193, P_drag=-1.214e-03, P_cool=-7.192e-04, WENO=0.054, ReL2D=122.95, eps_nu=7.308e-04, P_hv=1.327e-05, rho_mean=1.000000, p_mean=0.715724, div_rms=1.337e-01, vort_rms=9.709e-01, mass_err=-3.731e-10
step=154500, t=66.847265, dt=4.237e-04, KE=3.180788e-02, Mt=0.2541, A_K=0.054, Cuv=-0.119, P_in=1.651e-03, P_tgt=1.662e-03, A_F=0.034, K_low=0.193, P_drag=-1.214e-03, P_cool=-7.217e-04, WENO=0.060, ReL2D=122.35, eps_nu=7.312e-04, P_hv=1.345e-05, rho_mean=1.000000, p_mean=0.715729, div_rms=1.333e-01, vort_rms=9.713e-01, mass_err=-3.743e-10
step=155000, t=67.058462, dt=4.222e-04, KE=3.168951e-02, Mt=0.2533, A_K=0.063, Cuv=-0.120, P_in=1.542e-03, P_tgt=1.545e-03, A_F=0.076, K_low=0.193, P_drag=-1.218e-03, P_cool=-7.310e-04, WENO=0.073, ReL2D=121.24, eps_nu=7.284e-04, P_hv=1.350e-05, rho_mean=1.000000, p_mean=0.715748, div_rms=1.321e-01, vort_rms=9.696e-01, mass_err=-3.755e-10
saved snapshot: results/hit2d/conservative_hv_audit_Mt0p25_ReL120_N256/mn0p002_CFL0p05/hit2d_step0155000.npz
step=155500, t=67.269760, dt=4.230e-04, KE=3.156493e-02, Mt=0.2527, A_K=0.060, Cuv=-0.140, P_in=1.448e-03, P_tgt=1.458e-03, A_F=0.160, K_low=0.194, P_drag=-1.224e-03, P_cool=-7.367e-04, WENO=0.072, ReL2D=120.03, eps_nu=7.265e-04, P_hv=1.332e-05, rho_mean=1.000000, p_mean=0.715759, div_rms=1.293e-01, vort_rms=9.688e-01, mass_err=-3.767e-10
step=156000, t=67.482075, dt=4.266e-04, KE=3.151433e-02, Mt=0.2526, A_K=0.049, Cuv=-0.160, P_in=1.385e-03, P_tgt=1.385e-03, A_F=0.040, K_low=0.196, P_drag=-1.231e-03, P_cool=-7.240e-04, WENO=0.067, ReL2D=118.70, eps_nu=7.259e-04, P_hv=1.308e-05, rho_mean=1.000000, p_mean=0.715734, div_rms=1.341e-01, vort_rms=9.675e-01, mass_err=-3.779e-10
step=156500, t=67.696251, dt=4.285e-04, KE=3.145442e-02, Mt=0.2525, A_K=0.037, Cuv=-0.171, P_in=1.321e-03, P_tgt=1.317e-03, A_F=0.085, K_low=0.197, P_drag=-1.237e-03, P_cool=-7.104e-04, WENO=0.053, ReL2D=117.90, eps_nu=7.273e-04, P_hv=1.282e-05, rho_mean=1.000000, p_mean=0.715706, div_rms=1.381e-01, vort_rms=9.678e-01, mass_err=-3.791e-10
step=157000, t=67.910611, dt=4.274e-04, KE=3.127991e-02, Mt=0.2519, A_K=0.029, Cuv=-0.176, P_in=1.263e-03, P_tgt=1.261e-03, A_F=0.040, K_low=0.199, P_drag=-1.239e-03, P_cool=-7.169e-04, WENO=0.056, ReL2D=117.67, eps_nu=7.260e-04, P_hv=1.276e-05, rho_mean=1.000000, p_mean=0.715720, div_rms=1.292e-01, vort_rms=9.685e-01, mass_err=-3.803e-10
step=157500, t=68.124295, dt=4.289e-04, KE=3.107932e-02, Mt=0.2509, A_K=0.027, Cuv=-0.175, P_in=1.223e-03, P_tgt=1.226e-03, A_F=0.048, K_low=0.200, P_drag=-1.237e-03, P_cool=-7.263e-04, WENO=0.077, ReL2D=117.90, eps_nu=7.222e-04, P_hv=1.276e-05, rho_mean=1.000000, p_mean=0.715738, div_rms=1.232e-01, vort_rms=9.669e-01, mass_err=-3.815e-10
step=158000, t=68.339842, dt=4.316e-04, KE=3.092913e-02, Mt=0.2502, A_K=0.029, Cuv=-0.173, P_in=1.210e-03, P_tgt=1.214e-03, A_F=0.032, K_low=0.201, P_drag=-1.236e-03, P_cool=-7.242e-04, WENO=0.071, ReL2D=117.88, eps_nu=7.175e-04, P_hv=1.207e-05, rho_mean=1.000000, p_mean=0.715734, div_rms=1.254e-01, vort_rms=9.633e-01, mass_err=-3.827e-10
step=158500, t=68.555460, dt=4.312e-04, KE=3.082500e-02, Mt=0.2499, A_K=0.028, Cuv=-0.174, P_in=1.213e-03, P_tgt=1.214e-03, A_F=0.160, K_low=0.202, P_drag=-1.237e-03, P_cool=-7.131e-04, WENO=0.066, ReL2D=117.59, eps_nu=7.157e-04, P_hv=1.208e-05, rho_mean=1.000000, p_mean=0.715712, div_rms=1.324e-01, vort_rms=9.609e-01, mass_err=-3.840e-10
step=159000, t=68.771681, dt=4.344e-04, KE=3.066456e-02, Mt=0.2496, A_K=0.017, Cuv=-0.181, P_in=1.230e-03, P_tgt=1.218e-03, A_F=0.054, K_low=0.204, P_drag=-1.240e-03, P_cool=-7.134e-04, WENO=0.061, ReL2D=117.34, eps_nu=7.141e-04, P_hv=1.191e-05, rho_mean=1.000000, p_mean=0.715713, div_rms=1.303e-01, vort_rms=9.601e-01, mass_err=-3.852e-10
step=159500, t=68.989620, dt=4.374e-04, KE=3.046568e-02, Mt=0.2489, A_K=0.001, Cuv=-0.182, P_in=1.247e-03, P_tgt=1.236e-03, A_F=0.078, K_low=0.206, P_drag=-1.244e-03, P_cool=-7.212e-04, WENO=0.068, ReL2D=117.09, eps_nu=7.120e-04, P_hv=1.212e-05, rho_mean=1.000000, p_mean=0.715728, div_rms=1.248e-01, vort_rms=9.596e-01, mass_err=-3.864e-10
step=160000, t=69.209403, dt=4.415e-04, KE=3.030802e-02, Mt=0.2480, A_K=0.009, Cuv=-0.171, P_in=1.245e-03, P_tgt=1.275e-03, A_F=0.208, K_low=0.207, P_drag=-1.248e-03, P_cool=-7.214e-04, WENO=0.066, ReL2D=115.95, eps_nu=7.129e-04, P_hv=1.207e-05, rho_mean=1.000000, p_mean=0.715729, div_rms=1.232e-01, vort_rms=9.605e-01, mass_err=-3.876e-10
saved snapshot: results/hit2d/conservative_hv_audit_Mt0p25_ReL120_N256/mn0p002_CFL0p05/hit2d_step0160000.npz
step=160500, t=69.430048, dt=4.412e-04, KE=3.019604e-02, Mt=0.2473, A_K=0.010, Cuv=-0.154, P_in=1.339e-03, P_tgt=1.337e-03, A_F=0.185, K_low=0.208, P_drag=-1.251e-03, P_cool=-7.147e-04, WENO=0.066, ReL2D=114.76, eps_nu=7.123e-04, P_hv=1.200e-05, rho_mean=1.000000, p_mean=0.715715, div_rms=1.251e-01, vort_rms=9.598e-01, mass_err=-3.888e-10
step=161000, t=69.650574, dt=4.403e-04, KE=3.012654e-02, Mt=0.2468, A_K=0.011, Cuv=-0.127, P_in=1.407e-03, P_tgt=1.419e-03, A_F=0.037, K_low=0.209, P_drag=-1.254e-03, P_cool=-7.027e-04, WENO=0.074, ReL2D=114.65, eps_nu=7.116e-04, P_hv=1.185e-05, rho_mean=1.000000, p_mean=0.715691, div_rms=1.223e-01, vort_rms=9.598e-01, mass_err=-3.900e-10
step=161500, t=69.870097, dt=4.381e-04, KE=3.010013e-02, Mt=0.2466, A_K=0.015, Cuv=-0.104, P_in=1.534e-03, P_tgt=1.517e-03, A_F=0.069, K_low=0.210, P_drag=-1.258e-03, P_cool=-6.868e-04, WENO=0.065, ReL2D=113.79, eps_nu=7.126e-04, P_hv=1.181e-05, rho_mean=1.000000, p_mean=0.715659, div_rms=1.261e-01, vort_rms=9.598e-01, mass_err=-3.912e-10
step=161797, t=70.000000, dt=3.821e-04, KE=3.005358e-02, Mt=0.2465, A_K=0.018, Cuv=-0.102, P_in=1.595e-03, P_tgt=1.582e-03, A_F=0.032, K_low=0.210, P_drag=-1.261e-03, P_cool=-6.859e-04, WENO=0.063, ReL2D=113.64, eps_nu=7.116e-04, P_hv=1.185e-05, rho_mean=1.000000, p_mean=0.715657, div_rms=1.263e-01, vort_rms=9.591e-01, mass_err=-3.919e-10
saved snapshot: results/hit2d/conservative_hv_audit_Mt0p25_ReL120_N256/mn0p002_CFL0p05/hit2d_step0161797.npz
completed 2D HIT run at t=70.000000 in 161797 steps
Post-processing mn0p002_CFL0p05
/home/fatienza/github/HIT_Solver/2D/hit2d_viewer.py:405: UserWarning: No artists with labels found to put in legend.  Note that artists whose label start with an underscore are ignored when legend() is called with no argument.
  ax.legend()
saved HIT diagnostic field plot: results/hit2d/conservative_hv_audit_Mt0p25_ReL120_N256/mn0p002_CFL0p05/postprocess/hit2d_physics_fields.png
saved HIT history plot: results/hit2d/conservative_hv_audit_Mt0p25_ReL120_N256/mn0p002_CFL0p05/postprocess/hit2d_history.png
saved isotropy diagnostics: results/hit2d/conservative_hv_audit_Mt0p25_ReL120_N256/mn0p002_CFL0p05/isotropy_diagnostics.npz
selected interval: t=[26.3259, 62.7228], Neddy=[4.19397, 9.98538], snapshots=18
turnover reference length: L_ref=1.570796e+00
isotropy mismatch: E_LL=6.251450e-02 (normalized=1.606717e-01), E_NN=7.770720e-02 (normalized=2.241324e-01)
selected means: K=3.079055e-02, Mt=2.497493e-01, A_K=1.607307e-01, C_uv=-8.156920e-02
saved isotropy plot: results/hit2d/conservative_hv_audit_Mt0p25_ReL120_N256/mn0p002_CFL0p05/postprocess/stationarity_K_Mt.png
saved isotropy plot: results/hit2d/conservative_hv_audit_Mt0p25_ReL120_N256/mn0p002_CFL0p05/postprocess/directional_isotropy_correlations.png
saved isotropy plot: results/hit2d/conservative_hv_audit_Mt0p25_ReL120_N256/mn0p002_CFL0p05/postprocess/component_energy_anisotropy.png
saved spectra diagnostics: results/hit2d/conservative_hv_audit_Mt0p25_ReL120_N256/mn0p002_CFL0p05/spectra_diagnostics.npz
saved spectra plot: results/hit2d/conservative_hv_audit_Mt0p25_ReL120_N256/mn0p002_CFL0p05/postprocess/energy_enstrophy_spectra.png
cutoff ratios: energy=0.000e+00, enstrophy=1.372e+00
spectral checks: Parseval=1.111e-16, Helmholtz closure=1.939e-16, <chi_d>=1.242e-02
saved PDF diagnostics: results/hit2d/conservative_hv_audit_Mt0p25_ReL120_N256/mn0p002_CFL0p05/pdf_diagnostics.npz
saved PDF plot: results/hit2d/conservative_hv_audit_Mt0p25_ReL120_N256/mn0p002_CFL0p05/postprocess/one_point_pdfs.png
PDF moments: S_theta=-5.420e-01, F_theta=5.720e+00, S_omega=-1.177e-01, F_omega=2.960e+00

------------------------------------------------------------
Starting mn0p002_CFL0p20 at Sun Aug  9 11:01:39 PM CEST 2026
mn=0.002 CFL=0.20 mode=conservative_flux interval=5
------------------------------------------------------------
Using array backend: cupy
saved run configuration: results/hit2d/conservative_hv_audit_Mt0p25_ReL120_N256/mn0p002_CFL0p20/config.json
resolved initial Re_lambda_2d=120.000000 with dynamic viscosity=7.560701e-04
step=     0, t=0.000000, dt=0.000e+00, KE=3.125000e-02, Mt=0.2500, A_K=0.000, Cuv=0.000, P_in=0.000e+00, P_tgt=0.000e+00, A_F=0.000, K_low=0.000, P_drag=0.000e+00, P_cool=0.000e+00, WENO=0.018, ReL2D=120.00, eps_nu=7.186e-04, P_hv=0.000e+00, rho_mean=1.000000, p_mean=0.714286, div_rms=6.115e-15, vort_rms=9.749e-01, mass_err=0.000e+00
step=   500, t=0.892723, dt=1.804e-03, KE=3.008332e-02, Mt=0.2481, A_K=0.011, Cuv=-0.041, P_in=1.034e-03, P_tgt=1.036e-03, A_F=0.145, K_low=0.007, P_drag=-4.080e-05, P_cool=-3.779e-04, WENO=0.038, ReL2D=120.51, eps_nu=7.251e-04, P_hv=1.282e-06, rho_mean=1.000000, p_mean=0.715041, div_rms=1.344e-01, vort_rms=9.669e-01, mass_err=-1.215e-12
step=  1000, t=1.789218, dt=1.780e-03, KE=3.111759e-02, Mt=0.2508, A_K=0.017, Cuv=-0.021, P_in=1.045e-03, P_tgt=1.063e-03, A_F=0.065, K_low=0.008, P_drag=-4.967e-05, P_cool=-3.847e-04, WENO=0.055, ReL2D=127.52, eps_nu=7.522e-04, P_hv=1.388e-06, rho_mean=1.000000, p_mean=0.715055, div_rms=1.265e-01, vort_rms=9.867e-01, mass_err=-2.423e-12
step=  1500, t=2.682868, dt=1.760e-03, KE=3.158804e-02, Mt=0.2528, A_K=0.026, Cuv=-0.083, P_in=1.044e-03, P_tgt=1.012e-03, A_F=0.049, K_low=0.011, P_drag=-6.975e-05, P_cool=-4.697e-04, WENO=0.042, ReL2D=125.52, eps_nu=7.712e-04, P_hv=1.682e-06, rho_mean=1.000000, p_mean=0.715225, div_rms=1.395e-01, vort_rms=9.970e-01, mass_err=-3.631e-12
step=  2000, t=3.562937, dt=1.745e-03, KE=3.177641e-02, Mt=0.2537, A_K=0.029, Cuv=-0.064, P_in=9.934e-04, P_tgt=9.537e-04, A_F=0.123, K_low=0.017, P_drag=-1.071e-04, P_cool=-5.125e-04, WENO=0.055, ReL2D=125.75, eps_nu=7.762e-04, P_hv=1.918e-06, rho_mean=1.000000, p_mean=0.715311, div_rms=1.406e-01, vort_rms=1.000e+00, mass_err=-4.839e-12
step=  2500, t=4.420923, dt=1.708e-03, KE=3.160035e-02, Mt=0.2536, A_K=0.053, Cuv=-0.108, P_in=8.825e-04, P_tgt=8.889e-04, A_F=0.192, K_low=0.027, P_drag=-1.620e-04, P_cool=-5.933e-04, WENO=0.065, ReL2D=120.36, eps_nu=7.778e-04, P_hv=2.326e-06, rho_mean=1.000000, p_mean=0.715472, div_rms=1.443e-01, vort_rms=1.001e+00, mass_err=-6.047e-12
step=  3000, t=5.276589, dt=1.713e-03, KE=3.172369e-02, Mt=0.2537, A_K=0.089, Cuv=-0.071, P_in=8.502e-04, P_tgt=8.259e-04, A_F=0.061, K_low=0.035, P_drag=-2.212e-04, P_cool=-5.830e-04, WENO=0.053, ReL2D=124.59, eps_nu=7.571e-04, P_hv=2.499e-06, rho_mean=1.000000, p_mean=0.715452, div_rms=1.352e-01, vort_rms=9.884e-01, mass_err=-7.262e-12
step=  3500, t=6.121000, dt=1.671e-03, KE=3.158971e-02, Mt=0.2529, A_K=0.124, Cuv=-0.125, P_in=7.707e-04, P_tgt=7.730e-04, A_F=0.035, K_low=0.033, P_drag=-2.154e-04, P_cool=-6.100e-04, WENO=0.058, ReL2D=124.07, eps_nu=7.428e-04, P_hv=2.705e-06, rho_mean=1.000000, p_mean=0.715506, div_rms=1.505e-01, vort_rms=9.758e-01, mass_err=-8.470e-12
step=  4000, t=6.959121, dt=1.700e-03, KE=3.148674e-02, Mt=0.2529, A_K=0.146, Cuv=-0.045, P_in=7.161e-04, P_tgt=7.322e-04, A_F=0.115, K_low=0.046, P_drag=-2.794e-04, P_cool=-6.129e-04, WENO=0.058, ReL2D=129.12, eps_nu=7.186e-04, P_hv=2.728e-06, rho_mean=1.000000, p_mean=0.715511, div_rms=1.467e-01, vort_rms=9.601e-01, mass_err=-9.678e-12
step=  4500, t=7.808229, dt=1.728e-03, KE=3.081731e-02, Mt=0.2503, A_K=0.109, Cuv=-0.022, P_in=7.391e-04, P_tgt=7.026e-04, A_F=0.063, K_low=0.049, P_drag=-3.020e-04, P_cool=-7.066e-04, WENO=0.068, ReL2D=126.07, eps_nu=6.919e-04, P_hv=2.755e-06, rho_mean=1.000000, p_mean=0.715699, div_rms=1.329e-01, vort_rms=9.442e-01, mass_err=-1.089e-11
step=  5000, t=8.696301, dt=1.790e-03, KE=3.104463e-02, Mt=0.2508, A_K=0.063, Cuv=0.064, P_in=6.915e-04, P_tgt=6.957e-04, A_F=0.149, K_low=0.057, P_drag=-3.477e-04, P_cool=-6.119e-04, WENO=0.058, ReL2D=124.58, eps_nu=6.875e-04, P_hv=2.586e-06, rho_mean=1.000000, p_mean=0.715509, div_rms=1.329e-01, vort_rms=9.412e-01, mass_err=-1.210e-11
saved snapshot: results/hit2d/conservative_hv_audit_Mt0p25_ReL120_N256/mn0p002_CFL0p20/hit2d_step0005000.npz
step=  5500, t=9.594566, dt=1.810e-03, KE=3.068226e-02, Mt=0.2492, A_K=0.035, Cuv=0.071, P_in=7.084e-04, P_tgt=6.968e-04, A_F=0.101, K_low=0.063, P_drag=-3.790e-04, P_cool=-6.336e-04, WENO=0.061, ReL2D=121.17, eps_nu=6.661e-04, P_hv=2.545e-06, rho_mean=1.000000, p_mean=0.715553, div_rms=1.299e-01, vort_rms=9.265e-01, mass_err=-1.331e-11
step=  6000, t=10.502132, dt=1.809e-03, KE=3.038508e-02, Mt=0.2487, A_K=0.066, Cuv=0.002, P_in=7.052e-04, P_tgt=7.070e-04, A_F=0.300, K_low=0.072, P_drag=-4.368e-04, P_cool=-6.611e-04, WENO=0.058, ReL2D=122.73, eps_nu=6.692e-04, P_hv=2.619e-06, rho_mean=1.000000, p_mean=0.715608, div_rms=1.372e-01, vort_rms=9.274e-01, mass_err=-1.452e-11
step=  6500, t=11.406050, dt=1.814e-03, KE=3.011774e-02, Mt=0.2472, A_K=0.037, Cuv=0.045, P_in=7.393e-04, P_tgt=7.432e-04, A_F=0.173, K_low=0.083, P_drag=-4.952e-04, P_cool=-6.446e-04, WENO=0.061, ReL2D=122.61, eps_nu=6.452e-04, P_hv=2.509e-06, rho_mean=1.000000, p_mean=0.715575, div_rms=1.289e-01, vort_rms=9.117e-01, mass_err=-1.574e-11
step=  7000, t=12.305939, dt=1.799e-03, KE=2.971031e-02, Mt=0.2451, A_K=0.063, Cuv=-0.027, P_in=8.090e-04, P_tgt=8.009e-04, A_F=0.020, K_low=0.084, P_drag=-5.009e-04, P_cool=-6.612e-04, WENO=0.067, ReL2D=122.54, eps_nu=6.262e-04, P_hv=2.370e-06, rho_mean=1.000000, p_mean=0.715608, div_rms=1.365e-01, vort_rms=8.963e-01, mass_err=-1.694e-11
step=  7500, t=13.205835, dt=1.801e-03, KE=2.958335e-02, Mt=0.2449, A_K=0.074, Cuv=-0.101, P_in=9.070e-04, P_tgt=8.807e-04, A_F=0.147, K_low=0.095, P_drag=-5.626e-04, P_cool=-6.271e-04, WENO=0.066, ReL2D=118.90, eps_nu=6.088e-04, P_hv=2.205e-06, rho_mean=1.000000, p_mean=0.715540, div_rms=1.359e-01, vort_rms=8.835e-01, mass_err=-1.815e-11
step=  8000, t=14.113353, dt=1.834e-03, KE=2.920323e-02, Mt=0.2439, A_K=0.047, Cuv=-0.130, P_in=9.963e-04, P_tgt=9.933e-04, A_F=0.224, K_low=0.106, P_drag=-6.199e-04, P_cool=-6.492e-04, WENO=0.057, ReL2D=119.95, eps_nu=5.914e-04, P_hv=2.180e-06, rho_mean=1.000000, p_mean=0.715584, div_rms=1.248e-01, vort_rms=8.726e-01, mass_err=-1.936e-11
step=  8500, t=15.008692, dt=1.770e-03, KE=2.935054e-02, Mt=0.2437, A_K=0.074, Cuv=-0.134, P_in=1.107e-03, P_tgt=1.135e-03, A_F=0.037, K_low=0.115, P_drag=-6.737e-04, P_cool=-5.831e-04, WENO=0.064, ReL2D=120.97, eps_nu=5.893e-04, P_hv=2.139e-06, rho_mean=1.000000, p_mean=0.715452, div_rms=1.306e-01, vort_rms=8.699e-01, mass_err=-2.058e-11
step=  9000, t=15.899053, dt=1.805e-03, KE=2.913540e-02, Mt=0.2428, A_K=0.065, Cuv=-0.205, P_in=1.330e-03, P_tgt=1.313e-03, A_F=0.141, K_low=0.126, P_drag=-7.314e-04, P_cool=-6.154e-04, WENO=0.058, ReL2D=118.14, eps_nu=5.804e-04, P_hv=2.063e-06, rho_mean=1.000000, p_mean=0.715517, div_rms=1.180e-01, vort_rms=8.655e-01, mass_err=-2.178e-11
step=  9500, t=16.799847, dt=1.843e-03, KE=2.914377e-02, Mt=0.2429, A_K=0.009, Cuv=-0.133, P_in=1.503e-03, P_tgt=1.507e-03, A_F=0.081, K_low=0.139, P_drag=-8.058e-04, P_cool=-6.214e-04, WENO=0.065, ReL2D=115.04, eps_nu=5.968e-04, P_hv=2.035e-06, rho_mean=1.000000, p_mean=0.715529, div_rms=1.299e-01, vort_rms=8.757e-01, mass_err=-2.299e-11
step= 10000, t=17.708109, dt=1.798e-03, KE=2.946891e-02, Mt=0.2441, A_K=0.065, Cuv=-0.017, P_in=1.772e-03, P_tgt=1.724e-03, A_F=0.093, K_low=0.146, P_drag=-8.567e-04, P_cool=-5.903e-04, WENO=0.076, ReL2D=113.16, eps_nu=6.167e-04, P_hv=2.027e-06, rho_mean=1.000000, p_mean=0.715466, div_rms=1.309e-01, vort_rms=8.904e-01, mass_err=-2.420e-11
saved snapshot: results/hit2d/conservative_hv_audit_Mt0p25_ReL120_N256/mn0p002_CFL0p20/hit2d_step0010000.npz
step= 10500, t=18.598788, dt=1.751e-03, KE=2.977356e-02, Mt=0.2454, A_K=0.020, Cuv=-0.058, P_in=1.938e-03, P_tgt=1.928e-03, A_F=0.050, K_low=0.141, P_drag=-8.343e-04, P_cool=-6.005e-04, WENO=0.065, ReL2D=117.75, eps_nu=6.288e-04, P_hv=2.120e-06, rho_mean=1.000000, p_mean=0.715487, div_rms=1.332e-01, vort_rms=8.989e-01, mass_err=-2.541e-11
step= 11000, t=19.476422, dt=1.751e-03, KE=3.026470e-02, Mt=0.2472, A_K=0.024, Cuv=-0.002, P_in=2.087e-03, P_tgt=2.075e-03, A_F=0.169, K_low=0.140, P_drag=-8.430e-04, P_cool=-6.011e-04, WENO=0.061, ReL2D=118.59, eps_nu=6.455e-04, P_hv=2.270e-06, rho_mean=1.000000, p_mean=0.715488, div_rms=1.351e-01, vort_rms=9.107e-01, mass_err=-2.662e-11
step= 11500, t=20.354979, dt=1.765e-03, KE=3.076053e-02, Mt=0.2496, A_K=0.000, Cuv=0.047, P_in=2.152e-03, P_tgt=2.154e-03, A_F=0.057, K_low=0.133, P_drag=-8.167e-04, P_cool=-6.222e-04, WENO=0.078, ReL2D=122.52, eps_nu=6.662e-04, P_hv=2.396e-06, rho_mean=1.000000, p_mean=0.715530, div_rms=1.311e-01, vort_rms=9.264e-01, mass_err=-2.782e-11
step= 12000, t=21.224263, dt=1.718e-03, KE=3.120017e-02, Mt=0.2518, A_K=0.020, Cuv=0.028, P_in=2.135e-03, P_tgt=2.133e-03, A_F=0.022, K_low=0.137, P_drag=-8.455e-04, P_cool=-6.557e-04, WENO=0.067, ReL2D=123.92, eps_nu=6.984e-04, P_hv=2.597e-06, rho_mean=1.000000, p_mean=0.715597, div_rms=1.425e-01, vort_rms=9.469e-01, mass_err=-2.904e-11
step= 12500, t=22.077725, dt=1.711e-03, KE=3.174795e-02, Mt=0.2532, A_K=0.031, Cuv=0.044, P_in=2.027e-03, P_tgt=2.025e-03, A_F=0.164, K_low=0.145, P_drag=-9.132e-04, P_cool=-6.397e-04, WENO=0.074, ReL2D=128.80, eps_nu=7.082e-04, P_hv=2.842e-06, rho_mean=1.000000, p_mean=0.715565, div_rms=1.260e-01, vort_rms=9.569e-01, mass_err=-3.024e-11
step= 13000, t=22.928875, dt=1.718e-03, KE=3.192785e-02, Mt=0.2538, A_K=0.049, Cuv=0.090, P_in=1.884e-03, P_tgt=1.876e-03, A_F=0.104, K_low=0.150, P_drag=-9.571e-04, P_cool=-6.695e-04, WENO=0.061, ReL2D=127.14, eps_nu=7.097e-04, P_hv=2.959e-06, rho_mean=1.000000, p_mean=0.715625, div_rms=1.275e-01, vort_rms=9.576e-01, mass_err=-3.146e-11
step= 13500, t=23.786600, dt=1.720e-03, KE=3.218976e-02, Mt=0.2549, A_K=0.107, Cuv=0.087, P_in=1.758e-03, P_tgt=1.721e-03, A_F=0.090, K_low=0.156, P_drag=-9.985e-04, P_cool=-6.447e-04, WENO=0.075, ReL2D=124.85, eps_nu=7.241e-04, P_hv=3.136e-06, rho_mean=1.000000, p_mean=0.715575, div_rms=1.317e-01, vort_rms=9.667e-01, mass_err=-3.266e-11
step= 14000, t=24.642370, dt=1.690e-03, KE=3.187566e-02, Mt=0.2540, A_K=0.161, Cuv=0.093, P_in=1.589e-03, P_tgt=1.581e-03, A_F=0.097, K_low=0.158, P_drag=-9.975e-04, P_cool=-7.076e-04, WENO=0.059, ReL2D=122.04, eps_nu=7.153e-04, P_hv=3.398e-06, rho_mean=1.000000, p_mean=0.715701, div_rms=1.310e-01, vort_rms=9.608e-01, mass_err=-3.387e-11
step= 14500, t=25.482300, dt=1.636e-03, KE=3.157411e-02, Mt=0.2538, A_K=0.140, Cuv=0.035, P_in=1.480e-03, P_tgt=1.461e-03, A_F=0.005, K_low=0.160, P_drag=-9.902e-04, P_cool=-7.363e-04, WENO=0.076, ReL2D=123.94, eps_nu=7.118e-04, P_hv=3.652e-06, rho_mean=1.000000, p_mean=0.715758, div_rms=1.366e-01, vort_rms=9.574e-01, mass_err=-3.508e-11
step= 15000, t=26.300145, dt=1.635e-03, KE=3.133128e-02, Mt=0.2525, A_K=0.091, Cuv=-0.057, P_in=1.406e-03, P_tgt=1.389e-03, A_F=0.238, K_low=0.159, P_drag=-9.777e-04, P_cool=-7.325e-04, WENO=0.076, ReL2D=121.87, eps_nu=7.116e-04, P_hv=3.572e-06, rho_mean=1.000000, p_mean=0.715751, div_rms=1.310e-01, vort_rms=9.583e-01, mass_err=-3.629e-11
saved snapshot: results/hit2d/conservative_hv_audit_Mt0p25_ReL120_N256/mn0p002_CFL0p20/hit2d_step0015000.npz
step= 15500, t=27.137301, dt=1.682e-03, KE=3.108628e-02, Mt=0.2517, A_K=0.141, Cuv=-0.026, P_in=1.300e-03, P_tgt=1.322e-03, A_F=0.091, K_low=0.156, P_drag=-9.554e-04, P_cool=-7.268e-04, WENO=0.055, ReL2D=125.97, eps_nu=6.940e-04, P_hv=3.534e-06, rho_mean=1.000000, p_mean=0.715739, div_rms=1.363e-01, vort_rms=9.451e-01, mass_err=-3.751e-11
step= 16000, t=27.981931, dt=1.692e-03, KE=3.082208e-02, Mt=0.2512, A_K=0.157, Cuv=0.000, P_in=1.284e-03, P_tgt=1.285e-03, A_F=0.212, K_low=0.148, P_drag=-8.939e-04, P_cool=-7.246e-04, WENO=0.052, ReL2D=133.27, eps_nu=6.736e-04, P_hv=3.307e-06, rho_mean=1.000000, p_mean=0.715735, div_rms=1.443e-01, vort_rms=9.290e-01, mass_err=-3.872e-11
step= 16500, t=28.846284, dt=1.746e-03, KE=3.042409e-02, Mt=0.2491, A_K=0.121, Cuv=-0.025, P_in=1.280e-03, P_tgt=1.283e-03, A_F=0.043, K_low=0.147, P_drag=-8.860e-04, P_cool=-7.511e-04, WENO=0.078, ReL2D=125.09, eps_nu=6.554e-04, P_hv=3.111e-06, rho_mean=1.000000, p_mean=0.715788, div_rms=1.453e-01, vort_rms=9.158e-01, mass_err=-3.993e-11
step= 17000, t=29.724933, dt=1.753e-03, KE=3.067518e-02, Mt=0.2491, A_K=0.085, Cuv=-0.008, P_in=1.290e-03, P_tgt=1.308e-03, A_F=0.170, K_low=0.152, P_drag=-9.330e-04, P_cool=-6.453e-04, WENO=0.074, ReL2D=123.47, eps_nu=6.496e-04, P_hv=2.873e-06, rho_mean=1.000000, p_mean=0.715576, div_rms=1.417e-01, vort_rms=9.124e-01, mass_err=-4.114e-11
step= 17500, t=30.602803, dt=1.782e-03, KE=3.027158e-02, Mt=0.2478, A_K=0.062, Cuv=0.069, P_in=1.336e-03, P_tgt=1.359e-03, A_F=0.011, K_low=0.153, P_drag=-9.175e-04, P_cool=-6.813e-04, WENO=0.085, ReL2D=118.10, eps_nu=6.609e-04, P_hv=2.933e-06, rho_mean=1.000000, p_mean=0.715648, div_rms=1.426e-01, vort_rms=9.203e-01, mass_err=-4.235e-11
step= 18000, t=31.475694, dt=1.721e-03, KE=3.003545e-02, Mt=0.2472, A_K=0.097, Cuv=0.015, P_in=1.446e-03, P_tgt=1.429e-03, A_F=0.043, K_low=0.143, P_drag=-8.512e-04, P_cool=-6.968e-04, WENO=0.070, ReL2D=118.49, eps_nu=6.571e-04, P_hv=2.957e-06, rho_mean=1.000000, p_mean=0.715679, div_rms=1.484e-01, vort_rms=9.164e-01, mass_err=-4.357e-11
step= 18500, t=32.337908, dt=1.698e-03, KE=3.008489e-02, Mt=0.2471, A_K=0.093, Cuv=-0.054, P_in=1.474e-03, P_tgt=1.516e-03, A_F=0.213, K_low=0.131, P_drag=-7.781e-04, P_cool=-6.804e-04, WENO=0.064, ReL2D=122.07, eps_nu=6.574e-04, P_hv=3.011e-06, rho_mean=1.000000, p_mean=0.715646, div_rms=1.427e-01, vort_rms=9.178e-01, mass_err=-4.478e-11
step= 19000, t=33.182824, dt=1.668e-03, KE=2.991788e-02, Mt=0.2469, A_K=0.082, Cuv=0.041, P_in=1.591e-03, P_tgt=1.597e-03, A_F=0.184, K_low=0.115, P_drag=-6.806e-04, P_cool=-7.406e-04, WENO=0.051, ReL2D=125.93, eps_nu=6.479e-04, P_hv=3.055e-06, rho_mean=1.000000, p_mean=0.715767, div_rms=1.359e-01, vort_rms=9.123e-01, mass_err=-4.599e-11
step= 19500, t=34.032263, dt=1.740e-03, KE=3.005807e-02, Mt=0.2486, A_K=0.134, Cuv=0.008, P_in=1.653e-03, P_tgt=1.678e-03, A_F=0.071, K_low=0.109, P_drag=-6.449e-04, P_cool=-7.514e-04, WENO=0.077, ReL2D=129.59, eps_nu=6.469e-04, P_hv=2.776e-06, rho_mean=1.000000, p_mean=0.715789, div_rms=1.451e-01, vort_rms=9.097e-01, mass_err=-4.720e-11
step= 20000, t=34.899348, dt=1.709e-03, KE=3.083413e-02, Mt=0.2505, A_K=0.110, Cuv=0.072, P_in=1.696e-03, P_tgt=1.697e-03, A_F=0.057, K_low=0.105, P_drag=-6.400e-04, P_cool=-6.563e-04, WENO=0.087, ReL2D=127.46, eps_nu=6.590e-04, P_hv=2.483e-06, rho_mean=1.000000, p_mean=0.715598, div_rms=1.444e-01, vort_rms=9.186e-01, mass_err=-4.842e-11
saved snapshot: results/hit2d/conservative_hv_audit_Mt0p25_ReL120_N256/mn0p002_CFL0p20/hit2d_step0020000.npz
step= 20500, t=35.767987, dt=1.788e-03, KE=3.128603e-02, Mt=0.2518, A_K=0.104, Cuv=-0.034, P_in=1.630e-03, P_tgt=1.655e-03, A_F=0.000, K_low=0.111, P_drag=-6.863e-04, P_cool=-6.347e-04, WENO=0.074, ReL2D=124.05, eps_nu=6.829e-04, P_hv=2.426e-06, rho_mean=1.000000, p_mean=0.715555, div_rms=1.365e-01, vort_rms=9.372e-01, mass_err=-4.962e-11
step= 21000, t=36.659435, dt=1.768e-03, KE=3.133997e-02, Mt=0.2522, A_K=0.000, Cuv=-0.003, P_in=1.579e-03, P_tgt=1.598e-03, A_F=0.191, K_low=0.121, P_drag=-7.511e-04, P_cool=-6.666e-04, WENO=0.082, ReL2D=120.55, eps_nu=7.071e-04, P_hv=2.384e-06, rho_mean=1.000000, p_mean=0.715619, div_rms=1.403e-01, vort_rms=9.534e-01, mass_err=-5.083e-11
step= 21500, t=37.537409, dt=1.740e-03, KE=3.156777e-02, Mt=0.2521, A_K=0.076, Cuv=-0.076, P_in=1.534e-03, P_tgt=1.528e-03, A_F=0.100, K_low=0.125, P_drag=-7.947e-04, P_cool=-6.468e-04, WENO=0.071, ReL2D=118.32, eps_nu=7.204e-04, P_hv=2.475e-06, rho_mean=1.000000, p_mean=0.715579, div_rms=1.340e-01, vort_rms=9.638e-01, mass_err=-5.205e-11
step= 22000, t=38.390165, dt=1.670e-03, KE=3.132478e-02, Mt=0.2520, A_K=0.149, Cuv=-0.055, P_in=1.474e-03, P_tgt=1.455e-03, A_F=0.232, K_low=0.138, P_drag=-8.569e-04, P_cool=-6.959e-04, WENO=0.068, ReL2D=116.75, eps_nu=7.223e-04, P_hv=2.678e-06, rho_mean=1.000000, p_mean=0.715677, div_rms=1.345e-01, vort_rms=9.650e-01, mass_err=-5.326e-11
warning: flow component anisotropy has increased over the last three diagnostic samples
step= 22500, t=39.227321, dt=1.676e-03, KE=3.133897e-02, Mt=0.2518, A_K=0.234, Cuv=-0.024, P_in=1.382e-03, P_tgt=1.408e-03, A_F=0.146, K_low=0.137, P_drag=-8.592e-04, P_cool=-6.733e-04, WENO=0.053, ReL2D=116.82, eps_nu=7.264e-04, P_hv=2.999e-06, rho_mean=1.000000, p_mean=0.715632, div_rms=1.344e-01, vort_rms=9.678e-01, mass_err=-5.446e-11
warning: flow component anisotropy has increased over the last three diagnostic samples
step= 23000, t=40.065025, dt=1.694e-03, KE=3.113466e-02, Mt=0.2514, A_K=0.293, Cuv=-0.005, P_in=1.358e-03, P_tgt=1.363e-03, A_F=0.171, K_low=0.134, P_drag=-8.316e-04, P_cool=-6.895e-04, WENO=0.072, ReL2D=117.37, eps_nu=7.120e-04, P_hv=3.165e-06, rho_mean=1.000000, p_mean=0.715665, div_rms=1.355e-01, vort_rms=9.577e-01, mass_err=-5.569e-11
step= 23500, t=40.918987, dt=1.723e-03, KE=3.113762e-02, Mt=0.2510, A_K=0.275, Cuv=0.042, P_in=1.373e-03, P_tgt=1.329e-03, A_F=0.079, K_low=0.120, P_drag=-7.406e-04, P_cool=-6.684e-04, WENO=0.080, ReL2D=116.68, eps_nu=7.105e-04, P_hv=3.163e-06, rho_mean=1.000000, p_mean=0.715623, div_rms=1.262e-01, vort_rms=9.584e-01, mass_err=-5.689e-11
step= 24000, t=41.780299, dt=1.721e-03, KE=3.077443e-02, Mt=0.2495, A_K=0.201, Cuv=0.027, P_in=1.359e-03, P_tgt=1.333e-03, A_F=0.080, K_low=0.105, P_drag=-6.516e-04, P_cool=-7.315e-04, WENO=0.084, ReL2D=113.91, eps_nu=7.000e-04, P_hv=3.320e-06, rho_mean=1.000000, p_mean=0.715749, div_rms=1.254e-01, vort_rms=9.513e-01, mass_err=-5.810e-11
step= 24500, t=42.638037, dt=1.716e-03, KE=3.120096e-02, Mt=0.2509, A_K=0.159, Cuv=0.010, P_in=1.344e-03, P_tgt=1.321e-03, A_F=0.125, K_low=0.100, P_drag=-6.185e-04, P_cool=-6.515e-04, WENO=0.070, ReL2D=117.69, eps_nu=7.021e-04, P_hv=3.345e-06, rho_mean=1.000000, p_mean=0.715589, div_rms=1.258e-01, vort_rms=9.526e-01, mass_err=-5.931e-11
step= 25000, t=43.494090, dt=1.723e-03, KE=3.116753e-02, Mt=0.2508, A_K=0.081, Cuv=0.032, P_in=1.300e-03, P_tgt=1.295e-03, A_F=0.045, K_low=0.094, P_drag=-5.840e-04, P_cool=-6.738e-04, WENO=0.061, ReL2D=120.90, eps_nu=6.867e-04, P_hv=3.380e-06, rho_mean=1.000000, p_mean=0.715633, div_rms=1.336e-01, vort_rms=9.404e-01, mass_err=-6.052e-11
saved snapshot: results/hit2d/conservative_hv_audit_Mt0p25_ReL120_N256/mn0p002_CFL0p20/hit2d_step0025000.npz
step= 25500, t=44.359898, dt=1.734e-03, KE=3.059388e-02, Mt=0.2499, A_K=0.018, Cuv=-0.062, P_in=1.360e-03, P_tgt=1.292e-03, A_F=0.001, K_low=0.102, P_drag=-6.048e-04, P_cool=-7.851e-04, WENO=0.060, ReL2D=121.99, eps_nu=6.928e-04, P_hv=3.211e-06, rho_mean=1.000000, p_mean=0.715856, div_rms=1.354e-01, vort_rms=9.444e-01, mass_err=-6.174e-11
step= 26000, t=45.233661, dt=1.732e-03, KE=3.103222e-02, Mt=0.2504, A_K=0.011, Cuv=-0.047, P_in=1.270e-03, P_tgt=1.281e-03, A_F=0.001, K_low=0.100, P_drag=-6.161e-04, P_cool=-6.890e-04, WENO=0.076, ReL2D=124.88, eps_nu=6.904e-04, P_hv=3.166e-06, rho_mean=1.000000, p_mean=0.715664, div_rms=1.395e-01, vort_rms=9.419e-01, mass_err=-6.295e-11
step= 26500, t=46.098045, dt=1.731e-03, KE=3.084256e-02, Mt=0.2499, A_K=0.040, Cuv=-0.017, P_in=1.281e-03, P_tgt=1.278e-03, A_F=0.052, K_low=0.109, P_drag=-6.640e-04, P_cool=-7.196e-04, WENO=0.074, ReL2D=121.10, eps_nu=6.769e-04, P_hv=3.318e-06, rho_mean=1.000000, p_mean=0.715725, div_rms=1.356e-01, vort_rms=9.331e-01, mass_err=-6.416e-11
step= 27000, t=46.953071, dt=1.706e-03, KE=3.078206e-02, Mt=0.2502, A_K=0.079, Cuv=-0.101, P_in=1.288e-03, P_tgt=1.266e-03, A_F=0.249, K_low=0.115, P_drag=-7.050e-04, P_cool=-7.132e-04, WENO=0.073, ReL2D=117.81, eps_nu=6.694e-04, P_hv=3.334e-06, rho_mean=1.000000, p_mean=0.715712, div_rms=1.384e-01, vort_rms=9.273e-01, mass_err=-6.537e-11
step= 27500, t=47.810869, dt=1.714e-03, KE=3.055749e-02, Mt=0.2490, A_K=0.033, Cuv=-0.100, P_in=1.231e-03, P_tgt=1.271e-03, A_F=0.060, K_low=0.111, P_drag=-6.709e-04, P_cool=-7.331e-04, WENO=0.078, ReL2D=113.66, eps_nu=6.629e-04, P_hv=3.238e-06, rho_mean=1.000000, p_mean=0.715752, div_rms=1.363e-01, vort_rms=9.231e-01, mass_err=-6.658e-11
step= 28000, t=48.648632, dt=1.662e-03, KE=3.059353e-02, Mt=0.2490, A_K=0.083, Cuv=-0.070, P_in=1.315e-03, P_tgt=1.293e-03, A_F=0.259, K_low=0.104, P_drag=-6.228e-04, P_cool=-7.144e-04, WENO=0.086, ReL2D=112.60, eps_nu=6.512e-04, P_hv=3.333e-06, rho_mean=1.000000, p_mean=0.715715, div_rms=1.361e-01, vort_rms=9.147e-01, mass_err=-6.779e-11
step= 28500, t=49.469973, dt=1.649e-03, KE=3.101322e-02, Mt=0.2500, A_K=0.055, Cuv=-0.018, P_in=1.317e-03, P_tgt=1.310e-03, A_F=0.042, K_low=0.093, P_drag=-5.691e-04, P_cool=-6.373e-04, WENO=0.063, ReL2D=116.78, eps_nu=6.541e-04, P_hv=3.281e-06, rho_mean=1.000000, p_mean=0.715560, div_rms=1.456e-01, vort_rms=9.148e-01, mass_err=-6.900e-11
step= 29000, t=50.278730, dt=1.602e-03, KE=3.075815e-02, Mt=0.2506, A_K=0.020, Cuv=-0.033, P_in=1.328e-03, P_tgt=1.306e-03, A_F=0.114, K_low=0.088, P_drag=-5.230e-04, P_cool=-7.039e-04, WENO=0.060, ReL2D=118.32, eps_nu=6.550e-04, P_hv=3.253e-06, rho_mean=1.000000, p_mean=0.715694, div_rms=1.501e-01, vort_rms=9.145e-01, mass_err=-7.021e-11
step= 29500, t=51.092785, dt=1.638e-03, KE=3.065941e-02, Mt=0.2494, A_K=0.085, Cuv=-0.069, P_in=1.295e-03, P_tgt=1.303e-03, A_F=0.258, K_low=0.077, P_drag=-4.644e-04, P_cool=-7.380e-04, WENO=0.069, ReL2D=119.06, eps_nu=6.389e-04, P_hv=3.167e-06, rho_mean=1.000000, p_mean=0.715762, div_rms=1.390e-01, vort_rms=9.051e-01, mass_err=-7.142e-11
step= 30000, t=51.907819, dt=1.639e-03, KE=3.125625e-02, Mt=0.2518, A_K=0.037, Cuv=-0.032, P_in=1.272e-03, P_tgt=1.289e-03, A_F=0.145, K_low=0.072, P_drag=-4.382e-04, P_cool=-6.459e-04, WENO=0.079, ReL2D=123.03, eps_nu=6.353e-04, P_hv=3.097e-06, rho_mean=1.000000, p_mean=0.715577, div_rms=1.458e-01, vort_rms=9.010e-01, mass_err=-7.262e-11
saved snapshot: results/hit2d/conservative_hv_audit_Mt0p25_ReL120_N256/mn0p002_CFL0p20/hit2d_step0030000.npz
step= 30500, t=52.750558, dt=1.702e-03, KE=3.131152e-02, Mt=0.2520, A_K=0.025, Cuv=-0.083, P_in=1.281e-03, P_tgt=1.246e-03, A_F=0.122, K_low=0.070, P_drag=-4.368e-04, P_cool=-6.652e-04, WENO=0.061, ReL2D=124.03, eps_nu=6.166e-04, P_hv=2.821e-06, rho_mean=1.000000, p_mean=0.715616, div_rms=1.396e-01, vort_rms=8.886e-01, mass_err=-7.384e-11
step= 31000, t=53.626871, dt=1.801e-03, KE=3.124493e-02, Mt=0.2517, A_K=0.093, Cuv=0.011, P_in=1.194e-03, P_tgt=1.206e-03, A_F=0.142, K_low=0.073, P_drag=-4.510e-04, P_cool=-6.960e-04, WENO=0.066, ReL2D=124.87, eps_nu=6.065e-04, P_hv=2.634e-06, rho_mean=1.000000, p_mean=0.715678, div_rms=1.332e-01, vort_rms=8.823e-01, mass_err=-7.505e-11
step= 31500, t=54.534148, dt=1.797e-03, KE=3.151811e-02, Mt=0.2527, A_K=0.068, Cuv=-0.010, P_in=1.153e-03, P_tgt=1.152e-03, A_F=0.020, K_low=0.072, P_drag=-4.494e-04, P_cool=-6.517e-04, WENO=0.068, ReL2D=124.26, eps_nu=6.028e-04, P_hv=2.544e-06, rho_mean=1.000000, p_mean=0.715589, div_rms=1.387e-01, vort_rms=8.784e-01, mass_err=-7.627e-11
step= 32000, t=55.431588, dt=1.796e-03, KE=3.166636e-02, Mt=0.2532, A_K=0.041, Cuv=0.001, P_in=1.103e-03, P_tgt=1.091e-03, A_F=0.286, K_low=0.076, P_drag=-4.811e-04, P_cool=-6.246e-04, WENO=0.060, ReL2D=128.42, eps_nu=6.023e-04, P_hv=2.535e-06, rho_mean=1.000000, p_mean=0.715535, div_rms=1.362e-01, vort_rms=8.786e-01, mass_err=-7.748e-11
step= 32500, t=56.319679, dt=1.752e-03, KE=3.151780e-02, Mt=0.2525, A_K=0.087, Cuv=0.007, P_in=1.023e-03, P_tgt=1.027e-03, A_F=0.001, K_low=0.082, P_drag=-5.116e-04, P_cool=-6.431e-04, WENO=0.079, ReL2D=130.06, eps_nu=5.961e-04, P_hv=2.522e-06, rho_mean=1.000000, p_mean=0.715572, div_rms=1.374e-01, vort_rms=8.736e-01, mass_err=-7.869e-11
step= 33000, t=57.195916, dt=1.757e-03, KE=3.128041e-02, Mt=0.2514, A_K=0.103, Cuv=-0.023, P_in=9.844e-04, P_tgt=9.977e-04, A_F=0.065, K_low=0.084, P_drag=-5.192e-04, P_cool=-6.605e-04, WENO=0.064, ReL2D=130.61, eps_nu=5.860e-04, P_hv=2.475e-06, rho_mean=1.000000, p_mean=0.715607, div_rms=1.323e-01, vort_rms=8.671e-01, mass_err=-7.989e-11
step= 33500, t=58.076328, dt=1.784e-03, KE=3.142274e-02, Mt=0.2522, A_K=0.043, Cuv=-0.033, P_in=9.559e-04, P_tgt=9.601e-04, A_F=0.127, K_low=0.090, P_drag=-5.728e-04, P_cool=-5.996e-04, WENO=0.059, ReL2D=128.11, eps_nu=5.735e-04, P_hv=2.560e-06, rho_mean=1.000000, p_mean=0.715485, div_rms=1.342e-01, vort_rms=8.570e-01, mass_err=-8.112e-11
step= 34000, t=58.950723, dt=1.770e-03, KE=3.105810e-02, Mt=0.2515, A_K=0.011, Cuv=-0.031, P_in=9.451e-04, P_tgt=9.273e-04, A_F=0.020, K_low=0.094, P_drag=-5.779e-04, P_cool=-6.290e-04, WENO=0.064, ReL2D=129.89, eps_nu=5.642e-04, P_hv=2.501e-06, rho_mean=1.000000, p_mean=0.715544, div_rms=1.372e-01, vort_rms=8.492e-01, mass_err=-8.232e-11
step= 34500, t=59.836258, dt=1.773e-03, KE=3.078597e-02, Mt=0.2501, A_K=0.134, Cuv=-0.101, P_in=9.149e-04, P_tgt=9.180e-04, A_F=0.194, K_low=0.094, P_drag=-5.827e-04, P_cool=-6.304e-04, WENO=0.067, ReL2D=131.81, eps_nu=5.468e-04, P_hv=2.462e-06, rho_mean=1.000000, p_mean=0.715546, div_rms=1.280e-01, vort_rms=8.375e-01, mass_err=-8.354e-11
step= 35000, t=60.724967, dt=1.761e-03, KE=3.078847e-02, Mt=0.2496, A_K=0.078, Cuv=-0.149, P_in=9.188e-04, P_tgt=9.134e-04, A_F=0.070, K_low=0.095, P_drag=-5.891e-04, P_cool=-5.826e-04, WENO=0.060, ReL2D=135.50, eps_nu=5.355e-04, P_hv=2.391e-06, rho_mean=1.000000, p_mean=0.715451, div_rms=1.205e-01, vort_rms=8.300e-01, mass_err=-8.476e-11
saved snapshot: results/hit2d/conservative_hv_audit_Mt0p25_ReL120_N256/mn0p002_CFL0p20/hit2d_step0035000.npz
step= 35500, t=61.607617, dt=1.785e-03, KE=3.050055e-02, Mt=0.2491, A_K=0.026, Cuv=-0.190, P_in=9.289e-04, P_tgt=9.254e-04, A_F=0.032, K_low=0.096, P_drag=-5.822e-04, P_cool=-5.965e-04, WENO=0.068, ReL2D=137.55, eps_nu=5.262e-04, P_hv=2.366e-06, rho_mean=1.000000, p_mean=0.715479, div_rms=1.189e-01, vort_rms=8.228e-01, mass_err=-8.597e-11
step= 36000, t=62.500895, dt=1.778e-03, KE=3.052974e-02, Mt=0.2493, A_K=0.131, Cuv=-0.265, P_in=9.293e-04, P_tgt=9.397e-04, A_F=0.024, K_low=0.095, P_drag=-5.812e-04, P_cool=-5.649e-04, WENO=0.068, ReL2D=136.75, eps_nu=5.236e-04, P_hv=2.224e-06, rho_mean=1.000000, p_mean=0.715416, div_rms=1.208e-01, vort_rms=8.204e-01, mass_err=-8.718e-11
step= 36500, t=63.390743, dt=1.761e-03, KE=3.018311e-02, Mt=0.2475, A_K=0.174, Cuv=-0.306, P_in=9.807e-04, P_tgt=9.697e-04, A_F=0.105, K_low=0.098, P_drag=-5.874e-04, P_cool=-5.976e-04, WENO=0.060, ReL2D=131.81, eps_nu=5.263e-04, P_hv=2.237e-06, rho_mean=1.000000, p_mean=0.715481, div_rms=1.267e-01, vort_rms=8.214e-01, mass_err=-8.839e-11
step= 37000, t=64.277010, dt=1.801e-03, KE=3.050583e-02, Mt=0.2486, A_K=0.186, Cuv=-0.366, P_in=9.904e-04, P_tgt=1.006e-03, A_F=0.017, K_low=0.102, P_drag=-6.195e-04, P_cool=-5.060e-04, WENO=0.074, ReL2D=129.77, eps_nu=5.278e-04, P_hv=2.173e-06, rho_mean=1.000000, p_mean=0.715298, div_rms=1.298e-01, vort_rms=8.220e-01, mass_err=-8.960e-11
warning: flow component anisotropy has increased over the last three diagnostic samples
step= 37500, t=65.165502, dt=1.780e-03, KE=3.010064e-02, Mt=0.2473, A_K=0.279, Cuv=-0.324, P_in=1.048e-03, P_tgt=1.049e-03, A_F=0.101, K_low=0.111, P_drag=-6.566e-04, P_cool=-5.608e-04, WENO=0.065, ReL2D=127.93, eps_nu=5.238e-04, P_hv=2.095e-06, rho_mean=1.000000, p_mean=0.715407, div_rms=1.207e-01, vort_rms=8.206e-01, mass_err=-9.081e-11
warning: flow component anisotropy has increased over the last three diagnostic samples
step= 38000, t=66.053873, dt=1.782e-03, KE=3.031187e-02, Mt=0.2473, A_K=0.312, Cuv=-0.302, P_in=1.098e-03, P_tgt=1.107e-03, A_F=0.041, K_low=0.116, P_drag=-6.987e-04, P_cool=-4.947e-04, WENO=0.074, ReL2D=130.90, eps_nu=5.250e-04, P_hv=2.078e-06, rho_mean=1.000000, p_mean=0.715275, div_rms=1.236e-01, vort_rms=8.210e-01, mass_err=-9.202e-11
step= 38500, t=66.952349, dt=1.799e-03, KE=3.008049e-02, Mt=0.2465, A_K=0.280, Cuv=-0.219, P_in=1.175e-03, P_tgt=1.177e-03, A_F=0.037, K_low=0.123, P_drag=-7.344e-04, P_cool=-5.273e-04, WENO=0.069, ReL2D=132.01, eps_nu=5.216e-04, P_hv=2.035e-06, rho_mean=1.000000, p_mean=0.715340, div_rms=1.216e-01, vort_rms=8.186e-01, mass_err=-9.322e-11
step= 39000, t=67.826986, dt=1.739e-03, KE=2.978140e-02, Mt=0.2460, A_K=0.263, Cuv=-0.185, P_in=1.264e-03, P_tgt=1.269e-03, A_F=0.353, K_low=0.130, P_drag=-7.579e-04, P_cool=-5.756e-04, WENO=0.062, ReL2D=130.26, eps_nu=5.214e-04, P_hv=2.200e-06, rho_mean=1.000000, p_mean=0.715437, div_rms=1.171e-01, vort_rms=8.194e-01, mass_err=-9.444e-11
step= 39500, t=68.707953, dt=1.780e-03, KE=3.013661e-02, Mt=0.2468, A_K=0.343, Cuv=-0.112, P_in=1.342e-03, P_tgt=1.366e-03, A_F=0.324, K_low=0.131, P_drag=-7.735e-04, P_cool=-5.054e-04, WENO=0.061, ReL2D=131.87, eps_nu=5.274e-04, P_hv=2.174e-06, rho_mean=1.000000, p_mean=0.715297, div_rms=1.261e-01, vort_rms=8.224e-01, mass_err=-9.565e-11
step= 40000, t=69.596224, dt=1.760e-03, KE=3.028267e-02, Mt=0.2474, A_K=0.182, Cuv=-0.078, P_in=1.457e-03, P_tgt=1.450e-03, A_F=0.201, K_low=0.117, P_drag=-7.136e-04, P_cool=-5.058e-04, WENO=0.078, ReL2D=129.74, eps_nu=5.359e-04, P_hv=2.064e-06, rho_mean=1.000000, p_mean=0.715297, div_rms=1.260e-01, vort_rms=8.292e-01, mass_err=-9.686e-11
saved snapshot: results/hit2d/conservative_hv_audit_Mt0p25_ReL120_N256/mn0p002_CFL0p20/hit2d_step0040000.npz
step= 40230, t=70.000000, dt=1.026e-03, KE=3.020438e-02, Mt=0.2471, A_K=0.150, Cuv=-0.095, P_in=1.493e-03, P_tgt=1.487e-03, A_F=0.083, K_low=0.116, P_drag=-7.036e-04, P_cool=-5.413e-04, WENO=0.088, ReL2D=128.42, eps_nu=5.416e-04, P_hv=2.113e-06, rho_mean=1.000000, p_mean=0.715368, div_rms=1.264e-01, vort_rms=8.337e-01, mass_err=-9.742e-11
saved snapshot: results/hit2d/conservative_hv_audit_Mt0p25_ReL120_N256/mn0p002_CFL0p20/hit2d_step0040230.npz
completed 2D HIT run at t=70.000000 in 40230 steps
Post-processing mn0p002_CFL0p20
/home/fatienza/github/HIT_Solver/2D/hit2d_viewer.py:405: UserWarning: No artists with labels found to put in legend.  Note that artists whose label start with an underscore are ignored when legend() is called with no argument.
  ax.legend()
saved HIT diagnostic field plot: results/hit2d/conservative_hv_audit_Mt0p25_ReL120_N256/mn0p002_CFL0p20/postprocess/hit2d_physics_fields.png
saved HIT history plot: results/hit2d/conservative_hv_audit_Mt0p25_ReL120_N256/mn0p002_CFL0p20/postprocess/hit2d_history.png
saved isotropy diagnostics: results/hit2d/conservative_hv_audit_Mt0p25_ReL120_N256/mn0p002_CFL0p20/isotropy_diagnostics.npz
selected interval: t=[26.3001, 60.725], Neddy=[4.16583, 9.66995], snapshots=5
turnover reference length: L_ref=1.570796e+00
isotropy mismatch: E_LL=6.408368e-02 (normalized=1.557867e-01), E_NN=1.479415e-01 (normalized=4.099240e-01)
selected means: K=3.107553e-02, Mt=2.510352e-01, A_K=7.948511e-02, C_uv=-2.680400e-02
saved isotropy plot: results/hit2d/conservative_hv_audit_Mt0p25_ReL120_N256/mn0p002_CFL0p20/postprocess/stationarity_K_Mt.png
saved isotropy plot: results/hit2d/conservative_hv_audit_Mt0p25_ReL120_N256/mn0p002_CFL0p20/postprocess/directional_isotropy_correlations.png
saved isotropy plot: results/hit2d/conservative_hv_audit_Mt0p25_ReL120_N256/mn0p002_CFL0p20/postprocess/component_energy_anisotropy.png
saved spectra diagnostics: results/hit2d/conservative_hv_audit_Mt0p25_ReL120_N256/mn0p002_CFL0p20/spectra_diagnostics.npz
saved spectra plot: results/hit2d/conservative_hv_audit_Mt0p25_ReL120_N256/mn0p002_CFL0p20/postprocess/energy_enstrophy_spectra.png
cutoff ratios: energy=0.000e+00, enstrophy=1.427e+00
spectral checks: Parseval=2.200e-16, Helmholtz closure=1.444e-16, <chi_d>=1.469e-02
saved PDF diagnostics: results/hit2d/conservative_hv_audit_Mt0p25_ReL120_N256/mn0p002_CFL0p20/pdf_diagnostics.npz
saved PDF plot: results/hit2d/conservative_hv_audit_Mt0p25_ReL120_N256/mn0p002_CFL0p20/postprocess/one_point_pdfs.png
PDF moments: S_theta=-6.366e-01, F_theta=6.453e+00, S_omega=1.282e-01, F_omega=3.109e+00

Creating cross-case summary...
saved: /home/fatienza/github/HIT_Solver/results/hit2d/conservative_hv_audit_Mt0p25_ReL120_N256/dissipation_audit_summary.csv
saved: /home/fatienza/github/HIT_Solver/results/hit2d/conservative_hv_audit_Mt0p25_ReL120_N256/dissipation_audit_summary.md
saved: /home/fatienza/github/HIT_Solver/results/hit2d/conservative_hv_audit_Mt0p25_ReL120_N256/dissipation_audit_spectra.png
============================================================
Campaign finished: Sun Aug  9 11:22:00 PM CEST 2026
Summary: results/hit2d/conservative_hv_audit_Mt0p25_ReL120_N256/dissipation_audit_summary.md
Spectra: results/hit2d/conservative_hv_audit_Mt0p25_ReL120_N256/dissipation_audit_spectra.png
============================================================
