============================================================
STATIONARY Re_lambda CALIBRATION CAMPAIGN
Started: Sun Aug 16 08:46:21 PM CEST 2026
Target stationary Re_lambda,2D = 130.0
Grid = 256x256; CFL=0.10
Frozen method: legacy sensor + local LF
HV: conservative_flux, mn=0.005, interval=5
Statistics window: 4 <= N_eddy <= 16
============================================================

============================================================
STARTING calib_Mt040_N256_mu0p001140 at Sun Aug 16 08:46:21 PM CEST 2026
Mt=0.40; viscosity=0.0011400; target stationary Re=130.0
N=256x256; tfinal=72.45298058; CFL=0.10; seed=1234
============================================================
Using array backend: cupy
saved run configuration: results/hit2d/reynolds_calibration_ReL130_N256/calib_Mt040_N256_mu0p001140/config.json
step=     0, t=0.000000, dt=0.000e+00, KE=8.000000e-02, Mt=0.4000, A_K=0.000, Cuv=0.000, P_in=0.000e+00, P_tgt=0.000e+00, A_F=0.000, K_low=0.000, P_drag=0.000e+00, P_cool=0.000e+00, WENO=0.018 (x=0.018, y=0.018), ReL2D=127.34, eps_nu=2.774e-03, P_hv=0.000e+00, rho_mean=1.000000, p_mean=0.714286, div_rms=9.852e-15, vort_rms=1.560e+00, mass_err=0.000e+00
step=   300, t=0.227264, dt=7.592e-04, KE=7.865861e-02, Mt=0.3969, A_K=0.001, Cuv=-0.001, P_in=1.011e-03, P_tgt=1.007e-03, A_F=0.001, K_low=0.003, P_drag=-4.868e-05, P_cool=-3.115e-04, WENO=0.032 (x=0.032, y=0.032), ReL2D=120.83, eps_nu=2.805e-03, P_hv=1.873e-05, rho_mean=1.000000, p_mean=0.714909, div_rms=3.229e-01, vort_rms=1.524e+00, mass_err=-7.248e-13
step=   600, t=0.456488, dt=7.712e-04, KE=7.339219e-02, Mt=0.3858, A_K=0.005, Cuv=-0.013, P_in=1.077e-03, P_tgt=1.077e-03, A_F=0.086, K_low=0.010, P_drag=-1.481e-04, P_cool=-1.370e-03, WENO=0.043 (x=0.043, y=0.043), ReL2D=119.78, eps_nu=2.654e-03, P_hv=1.875e-05, rho_mean=1.000000, p_mean=0.717026, div_rms=3.073e-01, vort_rms=1.484e+00, mass_err=-1.457e-12
step=   900, t=0.691546, dt=7.959e-04, KE=7.069253e-02, Mt=0.3842, A_K=0.006, Cuv=-0.030, P_in=1.212e-03, P_tgt=1.225e-03, A_F=0.059, K_low=0.015, P_drag=-2.124e-04, P_cool=-1.876e-03, WENO=0.069 (x=0.069, y=0.069), ReL2D=116.15, eps_nu=2.761e-03, P_hv=1.937e-05, rho_mean=1.000000, p_mean=0.718037, div_rms=4.049e-01, vort_rms=1.484e+00, mass_err=-2.174e-12
step=  1200, t=0.932297, dt=8.053e-04, KE=7.093523e-02, Mt=0.3884, A_K=0.007, Cuv=-0.040, P_in=1.384e-03, P_tgt=1.363e-03, A_F=0.039, K_low=0.017, P_drag=-2.168e-04, P_cool=-1.791e-03, WENO=0.091 (x=0.091, y=0.091), ReL2D=114.69, eps_nu=2.892e-03, P_hv=2.053e-05, rho_mean=1.000000, p_mean=0.717868, div_rms=4.773e-01, vort_rms=1.494e+00, mass_err=-2.885e-12
step=  1500, t=1.173784, dt=7.970e-04, KE=7.123028e-02, Mt=0.3874, A_K=0.005, Cuv=-0.036, P_in=1.524e-03, P_tgt=1.494e-03, A_F=0.020, K_low=0.017, P_drag=-2.017e-04, P_cool=-1.708e-03, WENO=0.106 (x=0.106, y=0.106), ReL2D=114.46, eps_nu=2.882e-03, P_hv=2.086e-05, rho_mean=1.000000, p_mean=0.717701, div_rms=4.775e-01, vort_rms=1.491e+00, mass_err=-3.602e-12
step=  1800, t=1.409065, dt=7.736e-04, KE=7.142468e-02, Mt=0.3850, A_K=0.039, Cuv=-0.011, P_in=1.665e-03, P_tgt=1.668e-03, A_F=0.072, K_low=0.017, P_drag=-2.060e-04, P_cool=-1.679e-03, WENO=0.087 (x=0.087, y=0.087), ReL2D=115.49, eps_nu=2.853e-03, P_hv=2.194e-05, rho_mean=1.000000, p_mean=0.717644, div_rms=4.476e-01, vort_rms=1.495e+00, mass_err=-4.327e-12
step=  2100, t=1.642933, dt=7.908e-04, KE=7.135801e-02, Mt=0.3839, A_K=0.055, Cuv=0.023, P_in=1.896e-03, P_tgt=1.889e-03, A_F=0.020, K_low=0.019, P_drag=-2.418e-04, P_cool=-1.686e-03, WENO=0.098 (x=0.098, y=0.098), ReL2D=116.95, eps_nu=2.823e-03, P_hv=2.402e-05, rho_mean=1.000000, p_mean=0.717658, div_rms=4.281e-01, vort_rms=1.494e+00, mass_err=-5.052e-12
step=  2400, t=1.880150, dt=7.832e-04, KE=7.108592e-02, Mt=0.3829, A_K=0.066, Cuv=0.031, P_in=2.159e-03, P_tgt=2.157e-03, A_F=0.064, K_low=0.023, P_drag=-3.013e-04, P_cool=-1.743e-03, WENO=0.121 (x=0.121, y=0.121), ReL2D=118.44, eps_nu=2.806e-03, P_hv=2.503e-05, rho_mean=1.000000, p_mean=0.717772, div_rms=4.117e-01, vort_rms=1.495e+00, mass_err=-5.770e-12
step=  2700, t=2.114189, dt=7.792e-04, KE=7.120456e-02, Mt=0.3824, A_K=0.072, Cuv=0.019, P_in=2.484e-03, P_tgt=2.479e-03, A_F=0.246, K_low=0.026, P_drag=-3.410e-04, P_cool=-1.731e-03, WENO=0.154 (x=0.154, y=0.154), ReL2D=117.86, eps_nu=2.812e-03, P_hv=2.694e-05, rho_mean=1.000000, p_mean=0.717749, div_rms=4.173e-01, vort_rms=1.495e+00, mass_err=-6.487e-12
step=  3000, t=2.349371, dt=7.907e-04, KE=7.164698e-02, Mt=0.3829, A_K=0.095, Cuv=0.014, P_in=2.898e-03, P_tgt=2.850e-03, A_F=0.017, K_low=0.023, P_drag=-3.254e-04, P_cool=-1.671e-03, WENO=0.144 (x=0.144, y=0.144), ReL2D=115.65, eps_nu=2.844e-03, P_hv=2.979e-05, rho_mean=1.000000, p_mean=0.717629, div_rms=4.392e-01, vort_rms=1.496e+00, mass_err=-7.212e-12
saved snapshot: results/hit2d/reynolds_calibration_ReL130_N256/calib_Mt040_N256_mu0p001140/hit2d_step0003100.npz
step=  3300, t=2.588709, dt=8.021e-04, KE=7.145910e-02, Mt=0.3818, A_K=0.129, Cuv=0.018, P_in=3.275e-03, P_tgt=3.275e-03, A_F=0.135, K_low=0.019, P_drag=-2.765e-04, P_cool=-1.760e-03, WENO=0.147 (x=0.147, y=0.147), ReL2D=113.11, eps_nu=2.839e-03, P_hv=3.102e-05, rho_mean=1.000000, p_mean=0.717805, div_rms=4.414e-01, vort_rms=1.494e+00, mass_err=-7.937e-12
step=  3600, t=2.827632, dt=7.874e-04, KE=7.100500e-02, Mt=0.3800, A_K=0.169, Cuv=0.036, P_in=3.823e-03, P_tgt=3.828e-03, A_F=0.062, K_low=0.018, P_drag=-2.613e-04, P_cool=-1.920e-03, WENO=0.142 (x=0.142, y=0.142), ReL2D=114.23, eps_nu=2.797e-03, P_hv=3.131e-05, rho_mean=1.000000, p_mean=0.718125, div_rms=4.248e-01, vort_rms=1.488e+00, mass_err=-8.662e-12
step=  3900, t=3.063826, dt=7.874e-04, KE=7.156098e-02, Mt=0.3819, A_K=0.191, Cuv=0.056, P_in=4.486e-03, P_tgt=4.471e-03, A_F=0.130, K_low=0.023, P_drag=-3.186e-04, P_cool=-1.901e-03, WENO=0.129 (x=0.129, y=0.129), ReL2D=115.86, eps_nu=2.807e-03, P_hv=3.288e-05, rho_mean=1.000000, p_mean=0.718087, div_rms=4.494e-01, vort_rms=1.481e+00, mass_err=-9.379e-12
step=  4200, t=3.299943, dt=7.896e-04, KE=7.206789e-02, Mt=0.3839, A_K=0.193, Cuv=0.060, P_in=5.128e-03, P_tgt=5.123e-03, A_F=0.198, K_low=0.032, P_drag=-4.355e-04, P_cool=-1.918e-03, WENO=0.127 (x=0.127, y=0.127), ReL2D=118.03, eps_nu=2.790e-03, P_hv=3.256e-05, rho_mean=1.000000, p_mean=0.718122, div_rms=4.476e-01, vort_rms=1.476e+00, mass_err=-1.010e-11
step=  4500, t=3.537754, dt=7.950e-04, KE=7.257559e-02, Mt=0.3855, A_K=0.172, Cuv=0.031, P_in=5.827e-03, P_tgt=5.785e-03, A_F=0.132, K_low=0.042, P_drag=-5.651e-04, P_cool=-1.960e-03, WENO=0.120 (x=0.120, y=0.120), ReL2D=120.80, eps_nu=2.773e-03, P_hv=3.376e-05, rho_mean=1.000000, p_mean=0.718205, div_rms=4.372e-01, vort_rms=1.476e+00, mass_err=-1.083e-11
step=  4800, t=3.777079, dt=7.862e-04, KE=7.303515e-02, Mt=0.3872, A_K=0.143, Cuv=0.002, P_in=6.498e-03, P_tgt=6.443e-03, A_F=0.084, K_low=0.049, P_drag=-6.627e-04, P_cool=-2.036e-03, WENO=0.121 (x=0.121, y=0.121), ReL2D=122.11, eps_nu=2.765e-03, P_hv=3.512e-05, rho_mean=1.000000, p_mean=0.718357, div_rms=4.295e-01, vort_rms=1.476e+00, mass_err=-1.155e-11
step=  5100, t=4.010065, dt=7.691e-04, KE=7.340364e-02, Mt=0.3890, A_K=0.133, Cuv=-0.001, P_in=7.052e-03, P_tgt=7.074e-03, A_F=0.030, K_low=0.053, P_drag=-7.214e-04, P_cool=-2.147e-03, WENO=0.114 (x=0.114, y=0.114), ReL2D=121.73, eps_nu=2.766e-03, P_hv=3.687e-05, rho_mean=1.000000, p_mean=0.718580, div_rms=4.280e-01, vort_rms=1.477e+00, mass_err=-1.226e-11
step=  5400, t=4.243333, dt=7.880e-04, KE=7.382783e-02, Mt=0.3907, A_K=0.111, Cuv=0.006, P_in=7.627e-03, P_tgt=7.661e-03, A_F=0.156, K_low=0.056, P_drag=-7.693e-04, P_cool=-2.269e-03, WENO=0.129 (x=0.129, y=0.129), ReL2D=121.22, eps_nu=2.762e-03, P_hv=3.608e-05, rho_mean=1.000000, p_mean=0.718823, div_rms=4.134e-01, vort_rms=1.482e+00, mass_err=-1.299e-11
step=  5700, t=4.479224, dt=7.821e-04, KE=7.492998e-02, Mt=0.3934, A_K=0.076, Cuv=0.029, P_in=8.229e-03, P_tgt=8.157e-03, A_F=0.144, K_low=0.059, P_drag=-8.316e-04, P_cool=-2.277e-03, WENO=0.147 (x=0.147, y=0.147), ReL2D=122.25, eps_nu=2.768e-03, P_hv=3.547e-05, rho_mean=1.000000, p_mean=0.718840, div_rms=4.124e-01, vort_rms=1.484e+00, mass_err=-1.371e-11
step=  6000, t=4.714992, dt=7.887e-04, KE=7.638407e-02, Mt=0.3970, A_K=0.028, Cuv=0.055, P_in=8.496e-03, P_tgt=8.463e-03, A_F=0.185, K_low=0.062, P_drag=-9.197e-04, P_cool=-2.231e-03, WENO=0.136 (x=0.136, y=0.136), ReL2D=123.76, eps_nu=2.797e-03, P_hv=3.776e-05, rho_mean=1.000000, p_mean=0.718748, div_rms=4.127e-01, vort_rms=1.492e+00, mass_err=-1.443e-11
saved snapshot: results/hit2d/reynolds_calibration_ReL130_N256/calib_Mt040_N256_mu0p001140/hit2d_step0006200.npz
step=  6300, t=4.952780, dt=7.927e-04, KE=7.763950e-02, Mt=0.4001, A_K=0.020, Cuv=0.065, P_in=8.532e-03, P_tgt=8.551e-03, A_F=0.038, K_low=0.065, P_drag=-1.017e-03, P_cool=-2.234e-03, WENO=0.137 (x=0.137, y=0.137), ReL2D=123.74, eps_nu=2.838e-03, P_hv=3.890e-05, rho_mean=1.000000, p_mean=0.718754, div_rms=4.143e-01, vort_rms=1.503e+00, mass_err=-1.516e-11
step=  6600, t=5.190106, dt=7.882e-04, KE=7.838213e-02, Mt=0.4018, A_K=0.051, Cuv=0.049, P_in=8.582e-03, P_tgt=8.482e-03, A_F=0.050, K_low=0.070, P_drag=-1.096e-03, P_cool=-2.333e-03, WENO=0.128 (x=0.128, y=0.128), ReL2D=122.85, eps_nu=2.856e-03, P_hv=4.142e-05, rho_mean=1.000000, p_mean=0.718951, div_rms=4.131e-01, vort_rms=1.509e+00, mass_err=-1.588e-11
step=  6900, t=5.422276, dt=7.650e-04, KE=7.871705e-02, Mt=0.4031, A_K=0.067, Cuv=0.032, P_in=8.370e-03, P_tgt=8.332e-03, A_F=0.137, K_low=0.075, P_drag=-1.145e-03, P_cool=-2.494e-03, WENO=0.123 (x=0.123, y=0.123), ReL2D=120.60, eps_nu=2.868e-03, P_hv=4.205e-05, rho_mean=1.000000, p_mean=0.719273, div_rms=4.095e-01, vort_rms=1.514e+00, mass_err=-1.660e-11
step=  7200, t=5.650306, dt=7.569e-04, KE=7.935497e-02, Mt=0.4057, A_K=0.085, Cuv=0.029, P_in=8.072e-03, P_tgt=8.073e-03, A_F=0.007, K_low=0.077, P_drag=-1.163e-03, P_cool=-2.572e-03, WENO=0.131 (x=0.131, y=0.131), ReL2D=118.81, eps_nu=2.914e-03, P_hv=4.311e-05, rho_mean=1.000000, p_mean=0.719429, div_rms=4.331e-01, vort_rms=1.519e+00, mass_err=-1.732e-11
step=  7500, t=5.877285, dt=7.594e-04, KE=8.036852e-02, Mt=0.4082, A_K=0.086, Cuv=0.035, P_in=7.701e-03, P_tgt=7.669e-03, A_F=0.028, K_low=0.076, P_drag=-1.177e-03, P_cool=-2.556e-03, WENO=0.129 (x=0.129, y=0.129), ReL2D=116.71, eps_nu=2.944e-03, P_hv=4.447e-05, rho_mean=1.000000, p_mean=0.719398, div_rms=4.507e-01, vort_rms=1.521e+00, mass_err=-1.803e-11
step=  7800, t=6.103945, dt=7.481e-04, KE=8.145870e-02, Mt=0.4096, A_K=0.097, Cuv=0.044, P_in=7.188e-03, P_tgt=7.185e-03, A_F=0.255, K_low=0.076, P_drag=-1.233e-03, P_cool=-2.506e-03, WENO=0.136 (x=0.136, y=0.136), ReL2D=115.76, eps_nu=2.969e-03, P_hv=4.547e-05, rho_mean=1.000000, p_mean=0.719298, div_rms=4.624e-01, vort_rms=1.523e+00, mass_err=-1.876e-11
step=  8100, t=6.327244, dt=7.444e-04, KE=8.233257e-02, Mt=0.4112, A_K=0.101, Cuv=0.064, P_in=6.591e-03, P_tgt=6.669e-03, A_F=0.209, K_low=0.083, P_drag=-1.363e-03, P_cool=-2.472e-03, WENO=0.117 (x=0.117, y=0.117), ReL2D=115.33, eps_nu=2.982e-03, P_hv=4.600e-05, rho_mean=1.000000, p_mean=0.719230, div_rms=4.551e-01, vort_rms=1.529e+00, mass_err=-1.948e-11
step=  8400, t=6.552129, dt=7.575e-04, KE=8.312797e-02, Mt=0.4138, A_K=0.090, Cuv=0.073, P_in=6.085e-03, P_tgt=6.095e-03, A_F=0.099, K_low=0.095, P_drag=-1.552e-03, P_cool=-2.425e-03, WENO=0.137 (x=0.137, y=0.137), ReL2D=114.38, eps_nu=3.014e-03, P_hv=4.518e-05, rho_mean=1.000000, p_mean=0.719136, div_rms=4.635e-01, vort_rms=1.535e+00, mass_err=-2.019e-11
step=  8700, t=6.781669, dt=7.652e-04, KE=8.340697e-02, Mt=0.4150, A_K=0.072, Cuv=0.073, P_in=5.593e-03, P_tgt=5.501e-03, A_F=0.008, K_low=0.108, P_drag=-1.749e-03, P_cool=-2.447e-03, WENO=0.131 (x=0.131, y=0.131), ReL2D=116.33, eps_nu=2.991e-03, P_hv=4.391e-05, rho_mean=1.000000, p_mean=0.719180, div_rms=4.532e-01, vort_rms=1.533e+00, mass_err=-2.092e-11
step=  9000, t=7.009384, dt=7.528e-04, KE=8.338301e-02, Mt=0.4153, A_K=0.048, Cuv=0.066, P_in=4.868e-03, P_tgt=4.935e-03, A_F=0.160, K_low=0.119, P_drag=-1.904e-03, P_cool=-2.495e-03, WENO=0.122 (x=0.122, y=0.122), ReL2D=117.87, eps_nu=2.955e-03, P_hv=4.404e-05, rho_mean=1.000000, p_mean=0.719276, div_rms=4.443e-01, vort_rms=1.526e+00, mass_err=-2.164e-11
step=  9300, t=7.234053, dt=7.478e-04, KE=8.303762e-02, Mt=0.4147, A_K=0.022, Cuv=0.055, P_in=4.504e-03, P_tgt=4.438e-03, A_F=0.036, K_low=0.127, P_drag=-2.016e-03, P_cool=-2.575e-03, WENO=0.124 (x=0.124, y=0.124), ReL2D=118.65, eps_nu=2.924e-03, P_hv=4.666e-05, rho_mean=1.000000, p_mean=0.719435, div_rms=4.312e-01, vort_rms=1.522e+00, mass_err=-2.235e-11
saved snapshot: results/hit2d/reynolds_calibration_ReL130_N256/calib_Mt040_N256_mu0p001140/hit2d_step0009300.npz
step=  9600, t=7.458517, dt=7.425e-04, KE=8.282019e-02, Mt=0.4144, A_K=0.002, Cuv=0.057, P_in=3.970e-03, P_tgt=4.002e-03, A_F=0.107, K_low=0.133, P_drag=-2.108e-03, P_cool=-2.599e-03, WENO=0.131 (x=0.131, y=0.131), ReL2D=117.42, eps_nu=2.925e-03, P_hv=4.803e-05, rho_mean=1.000000, p_mean=0.719484, div_rms=4.371e-01, vort_rms=1.520e+00, mass_err=-2.308e-11
step=  9900, t=7.677588, dt=7.259e-04, KE=8.266177e-02, Mt=0.4136, A_K=0.016, Cuv=0.061, P_in=3.621e-03, P_tgt=3.620e-03, A_F=0.012, K_low=0.138, P_drag=-2.203e-03, P_cool=-2.588e-03, WENO=0.132 (x=0.132, y=0.132), ReL2D=116.47, eps_nu=2.923e-03, P_hv=4.929e-05, rho_mean=1.000000, p_mean=0.719463, div_rms=4.410e-01, vort_rms=1.518e+00, mass_err=-2.380e-11
step= 10200, t=7.892835, dt=7.051e-04, KE=8.245221e-02, Mt=0.4113, A_K=0.034, Cuv=0.073, P_in=3.264e-03, P_tgt=3.306e-03, A_F=0.042, K_low=0.143, P_drag=-2.281e-03, P_cool=-2.571e-03, WENO=0.120 (x=0.120, y=0.120), ReL2D=115.84, eps_nu=2.909e-03, P_hv=5.234e-05, rho_mean=1.000000, p_mean=0.719427, div_rms=4.447e-01, vort_rms=1.513e+00, mass_err=-2.452e-11
step= 10500, t=8.102205, dt=6.935e-04, KE=8.201410e-02, Mt=0.4081, A_K=0.048, Cuv=0.096, P_in=3.076e-03, P_tgt=3.082e-03, A_F=0.064, K_low=0.144, P_drag=-2.314e-03, P_cool=-2.587e-03, WENO=0.116 (x=0.116, y=0.116), ReL2D=115.43, eps_nu=2.885e-03, P_hv=5.507e-05, rho_mean=1.000000, p_mean=0.719460, div_rms=4.401e-01, vort_rms=1.507e+00, mass_err=-2.525e-11
step= 10800, t=8.310529, dt=6.972e-04, KE=8.146275e-02, Mt=0.4060, A_K=0.070, Cuv=0.129, P_in=2.912e-03, P_tgt=2.930e-03, A_F=0.082, K_low=0.144, P_drag=-2.297e-03, P_cool=-2.618e-03, WENO=0.126 (x=0.126, y=0.126), ReL2D=115.05, eps_nu=2.849e-03, P_hv=5.582e-05, rho_mean=1.000000, p_mean=0.719522, div_rms=4.304e-01, vort_rms=1.501e+00, mass_err=-2.597e-11
step= 11100, t=8.520522, dt=7.028e-04, KE=8.110829e-02, Mt=0.4055, A_K=0.102, Cuv=0.161, P_in=2.813e-03, P_tgt=2.811e-03, A_F=0.153, K_low=0.143, P_drag=-2.253e-03, P_cool=-2.605e-03, WENO=0.120 (x=0.120, y=0.120), ReL2D=115.80, eps_nu=2.803e-03, P_hv=5.675e-05, rho_mean=1.000000, p_mean=0.719495, div_rms=4.137e-01, vort_rms=1.494e+00, mass_err=-2.669e-11
step= 11400, t=8.731943, dt=7.071e-04, KE=8.101419e-02, Mt=0.4054, A_K=0.140, Cuv=0.190, P_in=2.692e-03, P_tgt=2.700e-03, A_F=0.139, K_low=0.140, P_drag=-2.200e-03, P_cool=-2.537e-03, WENO=0.122 (x=0.122, y=0.122), ReL2D=116.87, eps_nu=2.777e-03, P_hv=5.917e-05, rho_mean=1.000000, p_mean=0.719360, div_rms=4.208e-01, vort_rms=1.483e+00, mass_err=-2.741e-11
step= 11700, t=8.945139, dt=7.094e-04, KE=8.031682e-02, Mt=0.4040, A_K=0.176, Cuv=0.211, P_in=2.623e-03, P_tgt=2.606e-03, A_F=0.135, K_low=0.139, P_drag=-2.154e-03, P_cool=-2.588e-03, WENO=0.127 (x=0.127, y=0.127), ReL2D=118.51, eps_nu=2.708e-03, P_hv=5.358e-05, rho_mean=1.000000, p_mean=0.719461, div_rms=4.099e-01, vort_rms=1.467e+00, mass_err=-2.812e-11
warning: flow component anisotropy has increased over the last three diagnostic samples
step= 12000, t=9.156012, dt=7.005e-04, KE=7.922593e-02, Mt=0.4024, A_K=0.207, Cuv=0.227, P_in=2.576e-03, P_tgt=2.544e-03, A_F=0.127, K_low=0.141, P_drag=-2.133e-03, P_cool=-2.713e-03, WENO=0.137 (x=0.137, y=0.137), ReL2D=119.69, eps_nu=2.641e-03, P_hv=4.862e-05, rho_mean=1.000000, p_mean=0.719711, div_rms=4.038e-01, vort_rms=1.449e+00, mass_err=-2.885e-11
warning: flow component anisotropy has increased over the last three diagnostic samples
step= 12300, t=9.366455, dt=7.059e-04, KE=7.804942e-02, Mt=0.4010, A_K=0.230, Cuv=0.230, P_in=2.546e-03, P_tgt=2.514e-03, A_F=0.055, K_low=0.144, P_drag=-2.129e-03, P_cool=-2.848e-03, WENO=0.120 (x=0.120, y=0.120), ReL2D=121.40, eps_nu=2.570e-03, P_hv=4.877e-05, rho_mean=1.000000, p_mean=0.719983, div_rms=3.847e-01, vort_rms=1.434e+00, mass_err=-2.957e-11
saved snapshot: results/hit2d/reynolds_calibration_ReL130_N256/calib_Mt040_N256_mu0p001140/hit2d_step0012400.npz
warning: flow component anisotropy has increased over the last three diagnostic samples
step= 12600, t=9.580481, dt=7.226e-04, KE=7.725093e-02, Mt=0.4001, A_K=0.241, Cuv=0.225, P_in=2.533e-03, P_tgt=2.504e-03, A_F=0.041, K_low=0.147, P_drag=-2.131e-03, P_cool=-2.902e-03, WENO=0.134 (x=0.134, y=0.134), ReL2D=122.04, eps_nu=2.522e-03, P_hv=4.773e-05, rho_mean=1.000000, p_mean=0.720089, div_rms=3.764e-01, vort_rms=1.423e+00, mass_err=-3.028e-11
warning: flow component anisotropy has increased over the last three diagnostic samples
step= 12900, t=9.799534, dt=7.312e-04, KE=7.680472e-02, Mt=0.3992, A_K=0.242, Cuv=0.219, P_in=2.507e-03, P_tgt=2.511e-03, A_F=0.110, K_low=0.146, P_drag=-2.128e-03, P_cool=-2.881e-03, WENO=0.131 (x=0.131, y=0.131), ReL2D=122.35, eps_nu=2.489e-03, P_hv=4.542e-05, rho_mean=1.000000, p_mean=0.720048, div_rms=3.783e-01, vort_rms=1.412e+00, mass_err=-3.100e-11
step= 13200, t=10.018373, dt=7.263e-04, KE=7.649163e-02, Mt=0.3981, A_K=0.234, Cuv=0.216, P_in=2.542e-03, P_tgt=2.537e-03, A_F=0.008, K_low=0.146, P_drag=-2.120e-03, P_cool=-2.835e-03, WENO=0.128 (x=0.128, y=0.128), ReL2D=123.30, eps_nu=2.447e-03, P_hv=4.415e-05, rho_mean=1.000000, p_mean=0.719956, div_rms=3.664e-01, vort_rms=1.403e+00, mass_err=-3.172e-11
step= 13500, t=10.235479, dt=7.252e-04, KE=7.648986e-02, Mt=0.3983, A_K=0.231, Cuv=0.208, P_in=2.572e-03, P_tgt=2.574e-03, A_F=0.185, K_low=0.146, P_drag=-2.118e-03, P_cool=-2.733e-03, WENO=0.124 (x=0.124, y=0.124), ReL2D=124.58, eps_nu=2.426e-03, P_hv=4.216e-05, rho_mean=1.000000, p_mean=0.719752, div_rms=3.626e-01, vort_rms=1.397e+00, mass_err=-3.244e-11
step= 13800, t=10.453708, dt=7.263e-04, KE=7.641652e-02, Mt=0.3991, A_K=0.219, Cuv=0.197, P_in=2.630e-03, P_tgt=2.600e-03, A_F=0.226, K_low=0.148, P_drag=-2.114e-03, P_cool=-2.674e-03, WENO=0.118 (x=0.118, y=0.118), ReL2D=124.74, eps_nu=2.424e-03, P_hv=4.075e-05, rho_mean=1.000000, p_mean=0.719634, div_rms=3.578e-01, vort_rms=1.399e+00, mass_err=-3.316e-11
step= 14100, t=10.672544, dt=7.340e-04, KE=7.566272e-02, Mt=0.3979, A_K=0.222, Cuv=0.180, P_in=2.705e-03, P_tgt=2.627e-03, A_F=0.146, K_low=0.149, P_drag=-2.093e-03, P_cool=-2.730e-03, WENO=0.097 (x=0.097, y=0.097), ReL2D=126.50, eps_nu=2.382e-03, P_hv=4.084e-05, rho_mean=1.000000, p_mean=0.719746, div_rms=3.567e-01, vort_rms=1.386e+00, mass_err=-3.387e-11
warning: flow component anisotropy has increased over the last three diagnostic samples
step= 14400, t=10.892639, dt=7.330e-04, KE=7.457597e-02, Mt=0.3954, A_K=0.243, Cuv=0.175, P_in=2.733e-03, P_tgt=2.694e-03, A_F=0.051, K_low=0.149, P_drag=-2.051e-03, P_cool=-2.851e-03, WENO=0.104 (x=0.104, y=0.104), ReL2D=126.54, eps_nu=2.338e-03, P_hv=3.968e-05, rho_mean=1.000000, p_mean=0.719988, div_rms=3.522e-01, vort_rms=1.373e+00, mass_err=-3.460e-11
warning: flow component anisotropy has increased over the last three diagnostic samples
step= 14700, t=11.112199, dt=7.241e-04, KE=7.389383e-02, Mt=0.3935, A_K=0.278, Cuv=0.177, P_in=2.832e-03, P_tgt=2.815e-03, A_F=0.220, K_low=0.146, P_drag=-2.007e-03, P_cool=-2.892e-03, WENO=0.110 (x=0.110, y=0.110), ReL2D=125.92, eps_nu=2.330e-03, P_hv=3.913e-05, rho_mean=1.000000, p_mean=0.720070, div_rms=3.552e-01, vort_rms=1.370e+00, mass_err=-3.531e-11
warning: flow component anisotropy has increased over the last three diagnostic samples
step= 15000, t=11.330779, dt=7.421e-04, KE=7.378681e-02, Mt=0.3930, A_K=0.305, Cuv=0.175, P_in=2.973e-03, P_tgt=2.967e-03, A_F=0.233, K_low=0.144, P_drag=-1.972e-03, P_cool=-2.827e-03, WENO=0.108 (x=0.108, y=0.108), ReL2D=124.93, eps_nu=2.338e-03, P_hv=3.949e-05, rho_mean=1.000000, p_mean=0.719940, div_rms=3.640e-01, vort_rms=1.369e+00, mass_err=-3.604e-11
step= 15300, t=11.556736, dt=7.611e-04, KE=7.376098e-02, Mt=0.3928, A_K=0.302, Cuv=0.161, P_in=3.114e-03, P_tgt=3.133e-03, A_F=0.201, K_low=0.142, P_drag=-1.950e-03, P_cool=-2.755e-03, WENO=0.118 (x=0.118, y=0.118), ReL2D=123.43, eps_nu=2.338e-03, P_hv=3.695e-05, rho_mean=1.000000, p_mean=0.719796, div_rms=3.774e-01, vort_rms=1.364e+00, mass_err=-3.676e-11
saved snapshot: results/hit2d/reynolds_calibration_ReL130_N256/calib_Mt040_N256_mu0p001140/hit2d_step0015500.npz
step= 15600, t=11.785329, dt=7.650e-04, KE=7.340962e-02, Mt=0.3922, A_K=0.280, Cuv=0.135, P_in=3.353e-03, P_tgt=3.320e-03, A_F=0.237, K_low=0.142, P_drag=-1.935e-03, P_cool=-2.757e-03, WENO=0.102 (x=0.102, y=0.102), ReL2D=122.39, eps_nu=2.329e-03, P_hv=3.568e-05, rho_mean=1.000000, p_mean=0.719801, div_rms=3.830e-01, vort_rms=1.359e+00, mass_err=-3.747e-11
step= 15900, t=12.015954, dt=7.732e-04, KE=7.313980e-02, Mt=0.3918, A_K=0.247, Cuv=0.101, P_in=3.514e-03, P_tgt=3.532e-03, A_F=0.251, K_low=0.140, P_drag=-1.921e-03, P_cool=-2.753e-03, WENO=0.099 (x=0.099, y=0.099), ReL2D=121.48, eps_nu=2.344e-03, P_hv=3.596e-05, rho_mean=1.000000, p_mean=0.719791, div_rms=4.067e-01, vort_rms=1.355e+00, mass_err=-3.819e-11
step= 16200, t=12.247942, dt=7.739e-04, KE=7.303989e-02, Mt=0.3914, A_K=0.207, Cuv=0.076, P_in=3.725e-03, P_tgt=3.768e-03, A_F=0.007, K_low=0.138, P_drag=-1.908e-03, P_cool=-2.727e-03, WENO=0.084 (x=0.084, y=0.084), ReL2D=121.14, eps_nu=2.359e-03, P_hv=3.607e-05, rho_mean=1.000000, p_mean=0.719739, div_rms=4.265e-01, vort_rms=1.351e+00, mass_err=-3.890e-11
step= 16500, t=12.479526, dt=7.674e-04, KE=7.310457e-02, Mt=0.3912, A_K=0.165, Cuv=0.059, P_in=4.098e-03, P_tgt=4.032e-03, A_F=0.089, K_low=0.137, P_drag=-1.902e-03, P_cool=-2.682e-03, WENO=0.077 (x=0.077, y=0.077), ReL2D=120.54, eps_nu=2.356e-03, P_hv=3.663e-05, rho_mean=1.000000, p_mean=0.719651, div_rms=4.258e-01, vort_rms=1.351e+00, mass_err=-3.962e-11
step= 16800, t=12.708924, dt=7.649e-04, KE=7.334065e-02, Mt=0.3914, A_K=0.138, Cuv=0.028, P_in=4.331e-03, P_tgt=4.312e-03, A_F=0.125, K_low=0.135, P_drag=-1.895e-03, P_cool=-2.620e-03, WENO=0.100 (x=0.100, y=0.100), ReL2D=119.51, eps_nu=2.346e-03, P_hv=3.665e-05, rho_mean=1.000000, p_mean=0.719526, div_rms=4.194e-01, vort_rms=1.350e+00, mass_err=-4.035e-11
step= 17100, t=12.938766, dt=7.646e-04, KE=7.341696e-02, Mt=0.3907, A_K=0.149, Cuv=0.002, P_in=4.591e-03, P_tgt=4.621e-03, A_F=0.079, K_low=0.132, P_drag=-1.865e-03, P_cool=-2.604e-03, WENO=0.101 (x=0.101, y=0.101), ReL2D=119.20, eps_nu=2.323e-03, P_hv=3.652e-05, rho_mean=1.000000, p_mean=0.719493, div_rms=3.984e-01, vort_rms=1.351e+00, mass_err=-4.107e-11
step= 17400, t=13.168572, dt=7.730e-04, KE=7.355188e-02, Mt=0.3897, A_K=0.180, Cuv=-0.020, P_in=4.980e-03, P_tgt=4.988e-03, A_F=0.042, K_low=0.128, P_drag=-1.820e-03, P_cool=-2.592e-03, WENO=0.099 (x=0.099, y=0.099), ReL2D=118.29, eps_nu=2.316e-03, P_hv=3.644e-05, rho_mean=1.000000, p_mean=0.719470, div_rms=3.958e-01, vort_rms=1.350e+00, mass_err=-4.179e-11
warning: flow component anisotropy has increased over the last three diagnostic samples
step= 17700, t=13.401764, dt=7.794e-04, KE=7.377509e-02, Mt=0.3897, A_K=0.202, Cuv=-0.050, P_in=5.423e-03, P_tgt=5.413e-03, A_F=0.024, K_low=0.124, P_drag=-1.775e-03, P_cool=-2.585e-03, WENO=0.098 (x=0.098, y=0.098), ReL2D=118.66, eps_nu=2.310e-03, P_hv=3.582e-05, rho_mean=1.000000, p_mean=0.719455, div_rms=3.896e-01, vort_rms=1.351e+00, mass_err=-4.251e-11
warning: flow component anisotropy has increased over the last three diagnostic samples
step= 18000, t=13.635728, dt=7.701e-04, KE=7.436238e-02, Mt=0.3912, A_K=0.207, Cuv=-0.089, P_in=5.840e-03, P_tgt=5.836e-03, A_F=0.018, K_low=0.121, P_drag=-1.733e-03, P_cool=-2.529e-03, WENO=0.114 (x=0.114, y=0.114), ReL2D=120.53, eps_nu=2.321e-03, P_hv=3.587e-05, rho_mean=1.000000, p_mean=0.719344, div_rms=3.891e-01, vort_rms=1.354e+00, mass_err=-4.324e-11
warning: flow component anisotropy has increased over the last three diagnostic samples
step= 18300, t=13.863770, dt=7.488e-04, KE=7.504984e-02, Mt=0.3932, A_K=0.208, Cuv=-0.122, P_in=6.233e-03, P_tgt=6.201e-03, A_F=0.202, K_low=0.117, P_drag=-1.687e-03, P_cool=-2.474e-03, WENO=0.117 (x=0.117, y=0.117), ReL2D=121.90, eps_nu=2.338e-03, P_hv=3.714e-05, rho_mean=1.000000, p_mean=0.719234, div_rms=3.811e-01, vort_rms=1.363e+00, mass_err=-4.396e-11
step= 18600, t=14.085573, dt=7.332e-04, KE=7.582764e-02, Mt=0.3955, A_K=0.206, Cuv=-0.132, P_in=6.496e-03, P_tgt=6.475e-03, A_F=0.125, K_low=0.113, P_drag=-1.644e-03, P_cool=-2.418e-03, WENO=0.123 (x=0.123, y=0.123), ReL2D=125.32, eps_nu=2.346e-03, P_hv=4.094e-05, rho_mean=1.000000, p_mean=0.719122, div_rms=3.861e-01, vort_rms=1.364e+00, mass_err=-4.469e-11
saved snapshot: results/hit2d/reynolds_calibration_ReL130_N256/calib_Mt040_N256_mu0p001140/hit2d_step0018600.npz
step= 18900, t=14.304193, dt=7.278e-04, KE=7.640944e-02, Mt=0.3970, A_K=0.202, Cuv=-0.129, P_in=6.662e-03, P_tgt=6.658e-03, A_F=0.132, K_low=0.111, P_drag=-1.608e-03, P_cool=-2.413e-03, WENO=0.123 (x=0.123, y=0.123), ReL2D=128.52, eps_nu=2.351e-03, P_hv=4.221e-05, rho_mean=1.000000, p_mean=0.719112, div_rms=3.917e-01, vort_rms=1.363e+00, mass_err=-4.541e-11
step= 19200, t=14.524986, dt=7.459e-04, KE=7.682688e-02, Mt=0.3981, A_K=0.198, Cuv=-0.126, P_in=6.839e-03, P_tgt=6.782e-03, A_F=0.097, K_low=0.110, P_drag=-1.581e-03, P_cool=-2.449e-03, WENO=0.119 (x=0.119, y=0.119), ReL2D=131.00, eps_nu=2.345e-03, P_hv=4.101e-05, rho_mean=1.000000, p_mean=0.719183, div_rms=3.904e-01, vort_rms=1.362e+00, mass_err=-4.613e-11
step= 19500, t=14.751863, dt=7.673e-04, KE=7.716632e-02, Mt=0.3993, A_K=0.200, Cuv=-0.130, P_in=6.834e-03, P_tgt=6.848e-03, A_F=0.074, K_low=0.107, P_drag=-1.558e-03, P_cool=-2.507e-03, WENO=0.121 (x=0.121, y=0.121), ReL2D=131.77, eps_nu=2.363e-03, P_hv=3.950e-05, rho_mean=1.000000, p_mean=0.719300, div_rms=3.998e-01, vort_rms=1.364e+00, mass_err=-4.685e-11
step= 19800, t=14.982277, dt=7.620e-04, KE=7.738210e-02, Mt=0.4004, A_K=0.187, Cuv=-0.152, P_in=6.882e-03, P_tgt=6.854e-03, A_F=0.128, K_low=0.104, P_drag=-1.539e-03, P_cool=-2.592e-03, WENO=0.125 (x=0.125, y=0.125), ReL2D=130.74, eps_nu=2.371e-03, P_hv=3.876e-05, rho_mean=1.000000, p_mean=0.719469, div_rms=4.096e-01, vort_rms=1.362e+00, mass_err=-4.758e-11
step= 20100, t=15.209929, dt=7.597e-04, KE=7.768153e-02, Mt=0.4013, A_K=0.170, Cuv=-0.190, P_in=6.763e-03, P_tgt=6.809e-03, A_F=0.005, K_low=0.102, P_drag=-1.531e-03, P_cool=-2.655e-03, WENO=0.117 (x=0.117, y=0.117), ReL2D=130.50, eps_nu=2.362e-03, P_hv=3.829e-05, rho_mean=1.000000, p_mean=0.719595, div_rms=4.047e-01, vort_rms=1.361e+00, mass_err=-4.830e-11
step= 20400, t=15.438463, dt=7.614e-04, KE=7.831928e-02, Mt=0.4026, A_K=0.158, Cuv=-0.223, P_in=6.722e-03, P_tgt=6.712e-03, A_F=0.011, K_low=0.103, P_drag=-1.552e-03, P_cool=-2.645e-03, WENO=0.117 (x=0.117, y=0.117), ReL2D=131.46, eps_nu=2.360e-03, P_hv=3.926e-05, rho_mean=1.000000, p_mean=0.719576, div_rms=3.980e-01, vort_rms=1.363e+00, mass_err=-4.903e-11
step= 20700, t=15.670037, dt=7.837e-04, KE=7.906720e-02, Mt=0.4044, A_K=0.159, Cuv=-0.241, P_in=6.511e-03, P_tgt=6.540e-03, A_F=0.010, K_low=0.106, P_drag=-1.602e-03, P_cool=-2.608e-03, WENO=0.111 (x=0.111, y=0.111), ReL2D=132.51, eps_nu=2.358e-03, P_hv=3.890e-05, rho_mean=1.000000, p_mean=0.719502, div_rms=3.869e-01, vort_rms=1.367e+00, mass_err=-4.974e-11
step= 21000, t=15.904558, dt=7.643e-04, KE=7.980538e-02, Mt=0.4064, A_K=0.169, Cuv=-0.236, P_in=6.316e-03, P_tgt=6.289e-03, A_F=0.117, K_low=0.109, P_drag=-1.662e-03, P_cool=-2.564e-03, WENO=0.112 (x=0.112, y=0.112), ReL2D=134.59, eps_nu=2.344e-03, P_hv=3.796e-05, rho_mean=1.000000, p_mean=0.719413, div_rms=3.763e-01, vort_rms=1.366e+00, mass_err=-5.046e-11
step= 21300, t=16.131010, dt=7.548e-04, KE=8.037431e-02, Mt=0.4083, A_K=0.185, Cuv=-0.214, P_in=5.952e-03, P_tgt=5.958e-03, A_F=0.004, K_low=0.111, P_drag=-1.717e-03, P_cool=-2.535e-03, WENO=0.113 (x=0.113, y=0.113), ReL2D=136.05, eps_nu=2.331e-03, P_hv=3.898e-05, rho_mean=1.000000, p_mean=0.719357, div_rms=3.700e-01, vort_rms=1.365e+00, mass_err=-5.119e-11
warning: flow component anisotropy has increased over the last three diagnostic samples
step= 21600, t=16.359344, dt=7.679e-04, KE=8.060267e-02, Mt=0.4094, A_K=0.209, Cuv=-0.189, P_in=5.554e-03, P_tgt=5.583e-03, A_F=0.039, K_low=0.115, P_drag=-1.777e-03, P_cool=-2.557e-03, WENO=0.132 (x=0.132, y=0.132), ReL2D=136.34, eps_nu=2.325e-03, P_hv=3.666e-05, rho_mean=1.000000, p_mean=0.719401, div_rms=3.564e-01, vort_rms=1.368e+00, mass_err=-5.191e-11
saved snapshot: results/hit2d/reynolds_calibration_ReL130_N256/calib_Mt040_N256_mu0p001140/hit2d_step0021700.npz
warning: flow component anisotropy has increased over the last three diagnostic samples
step= 21900, t=16.589396, dt=7.670e-04, KE=8.079203e-02, Mt=0.4097, A_K=0.237, Cuv=-0.176, P_in=5.168e-03, P_tgt=5.208e-03, A_F=0.067, K_low=0.119, P_drag=-1.846e-03, P_cool=-2.567e-03, WENO=0.124 (x=0.124, y=0.124), ReL2D=135.97, eps_nu=2.333e-03, P_hv=3.473e-05, rho_mean=1.000000, p_mean=0.719419, div_rms=3.535e-01, vort_rms=1.371e+00, mass_err=-5.263e-11
warning: flow component anisotropy has increased over the last three diagnostic samples
step= 22200, t=16.818967, dt=7.581e-04, KE=8.114034e-02, Mt=0.4098, A_K=0.272, Cuv=-0.174, P_in=4.858e-03, P_tgt=4.856e-03, A_F=0.075, K_low=0.123, P_drag=-1.919e-03, P_cool=-2.525e-03, WENO=0.124 (x=0.124, y=0.124), ReL2D=135.21, eps_nu=2.336e-03, P_hv=3.411e-05, rho_mean=1.000000, p_mean=0.719335, div_rms=3.495e-01, vort_rms=1.373e+00, mass_err=-5.335e-11
warning: flow component anisotropy has increased over the last three diagnostic samples
step= 22500, t=17.047433, dt=7.664e-04, KE=8.143807e-02, Mt=0.4107, A_K=0.298, Cuv=-0.178, P_in=4.466e-03, P_tgt=4.510e-03, A_F=0.131, K_low=0.128, P_drag=-1.999e-03, P_cool=-2.475e-03, WENO=0.122 (x=0.122, y=0.122), ReL2D=135.34, eps_nu=2.337e-03, P_hv=3.277e-05, rho_mean=1.000000, p_mean=0.719236, div_rms=3.474e-01, vort_rms=1.374e+00, mass_err=-5.409e-11
warning: flow component anisotropy has increased over the last three diagnostic samples
step= 22800, t=17.276641, dt=7.592e-04, KE=8.142452e-02, Mt=0.4114, A_K=0.302, Cuv=-0.184, P_in=4.188e-03, P_tgt=4.161e-03, A_F=0.090, K_low=0.134, P_drag=-2.086e-03, P_cool=-2.470e-03, WENO=0.113 (x=0.113, y=0.113), ReL2D=136.02, eps_nu=2.342e-03, P_hv=3.188e-05, rho_mean=1.000000, p_mean=0.719226, div_rms=3.444e-01, vort_rms=1.377e+00, mass_err=-5.480e-11
warning: flow component anisotropy has increased over the last three diagnostic samples
step= 23100, t=17.502057, dt=7.469e-04, KE=8.102038e-02, Mt=0.4101, A_K=0.304, Cuv=-0.195, P_in=3.928e-03, P_tgt=3.846e-03, A_F=0.033, K_low=0.140, P_drag=-2.179e-03, P_cool=-2.523e-03, WENO=0.113 (x=0.113, y=0.113), ReL2D=137.83, eps_nu=2.314e-03, P_hv=3.167e-05, rho_mean=1.000000, p_mean=0.719331, div_rms=3.368e-01, vort_rms=1.371e+00, mass_err=-5.552e-11
warning: flow component anisotropy has increased over the last three diagnostic samples
step= 23400, t=17.724424, dt=7.311e-04, KE=8.064476e-02, Mt=0.4085, A_K=0.304, Cuv=-0.199, P_in=3.664e-03, P_tgt=3.597e-03, A_F=0.092, K_low=0.145, P_drag=-2.273e-03, P_cool=-2.552e-03, WENO=0.101 (x=0.101, y=0.101), ReL2D=140.04, eps_nu=2.291e-03, P_hv=3.172e-05, rho_mean=1.000000, p_mean=0.719389, div_rms=3.423e-01, vort_rms=1.361e+00, mass_err=-5.625e-11
step= 23700, t=17.940761, dt=7.161e-04, KE=8.048986e-02, Mt=0.4082, A_K=0.295, Cuv=-0.188, P_in=3.386e-03, P_tgt=3.386e-03, A_F=0.045, K_low=0.151, P_drag=-2.367e-03, P_cool=-2.524e-03, WENO=0.090 (x=0.090, y=0.090), ReL2D=142.45, eps_nu=2.283e-03, P_hv=3.232e-05, rho_mean=1.000000, p_mean=0.719333, div_rms=3.509e-01, vort_rms=1.356e+00, mass_err=-5.696e-11
step= 24000, t=18.156469, dt=7.240e-04, KE=8.042630e-02, Mt=0.4077, A_K=0.265, Cuv=-0.167, P_in=3.227e-03, P_tgt=3.196e-03, A_F=0.058, K_low=0.157, P_drag=-2.474e-03, P_cool=-2.467e-03, WENO=0.088 (x=0.088, y=0.088), ReL2D=144.95, eps_nu=2.271e-03, P_hv=3.167e-05, rho_mean=1.000000, p_mean=0.719220, div_rms=3.609e-01, vort_rms=1.348e+00, mass_err=-5.769e-11
step= 24300, t=18.377013, dt=7.496e-04, KE=8.006327e-02, Mt=0.4068, A_K=0.235, Cuv=-0.136, P_in=3.097e-03, P_tgt=3.030e-03, A_F=0.137, K_low=0.167, P_drag=-2.609e-03, P_cool=-2.458e-03, WENO=0.087 (x=0.087, y=0.087), ReL2D=145.20, eps_nu=2.266e-03, P_hv=3.146e-05, rho_mean=1.000000, p_mean=0.719202, div_rms=3.645e-01, vort_rms=1.346e+00, mass_err=-5.841e-11
step= 24600, t=18.602588, dt=7.502e-04, KE=7.918596e-02, Mt=0.4049, A_K=0.214, Cuv=-0.106, P_in=2.866e-03, P_tgt=2.902e-03, A_F=0.113, K_low=0.179, P_drag=-2.768e-03, P_cool=-2.535e-03, WENO=0.110 (x=0.110, y=0.110), ReL2D=145.08, eps_nu=2.242e-03, P_hv=3.113e-05, rho_mean=1.000000, p_mean=0.719355, div_rms=3.524e-01, vort_rms=1.342e+00, mass_err=-5.912e-11
saved snapshot: results/hit2d/reynolds_calibration_ReL130_N256/calib_Mt040_N256_mu0p001140/hit2d_step0024800.npz
step= 24900, t=18.828031, dt=7.551e-04, KE=7.855536e-02, Mt=0.4031, A_K=0.195, Cuv=-0.082, P_in=2.843e-03, P_tgt=2.820e-03, A_F=0.058, K_low=0.191, P_drag=-2.931e-03, P_cool=-2.546e-03, WENO=0.097 (x=0.097, y=0.097), ReL2D=144.69, eps_nu=2.217e-03, P_hv=3.159e-05, rho_mean=1.000000, p_mean=0.719378, div_rms=3.475e-01, vort_rms=1.336e+00, mass_err=-5.985e-11
step= 25200, t=19.058865, dt=7.872e-04, KE=7.836092e-02, Mt=0.4020, A_K=0.188, Cuv=-0.071, P_in=2.756e-03, P_tgt=2.769e-03, A_F=0.308, K_low=0.201, P_drag=-3.085e-03, P_cool=-2.459e-03, WENO=0.101 (x=0.101, y=0.101), ReL2D=145.04, eps_nu=2.205e-03, P_hv=3.166e-05, rho_mean=1.000000, p_mean=0.719203, div_rms=3.473e-01, vort_rms=1.332e+00, mass_err=-6.057e-11
step= 25500, t=19.294517, dt=7.856e-04, KE=7.817974e-02, Mt=0.4011, A_K=0.187, Cuv=-0.068, P_in=2.790e-03, P_tgt=2.737e-03, A_F=0.112, K_low=0.210, P_drag=-3.215e-03, P_cool=-2.362e-03, WENO=0.093 (x=0.093, y=0.093), ReL2D=146.30, eps_nu=2.189e-03, P_hv=3.005e-05, rho_mean=1.000000, p_mean=0.719010, div_rms=3.363e-01, vort_rms=1.330e+00, mass_err=-6.128e-11
step= 25800, t=19.531288, dt=7.903e-04, KE=7.761018e-02, Mt=0.3994, A_K=0.184, Cuv=-0.067, P_in=2.675e-03, P_tgt=2.729e-03, A_F=0.128, K_low=0.217, P_drag=-3.311e-03, P_cool=-2.340e-03, WENO=0.095 (x=0.095, y=0.095), ReL2D=147.68, eps_nu=2.162e-03, P_hv=3.026e-05, rho_mean=1.000000, p_mean=0.718966, div_rms=3.265e-01, vort_rms=1.324e+00, mass_err=-6.201e-11
step= 26100, t=19.769187, dt=7.938e-04, KE=7.637074e-02, Mt=0.3961, A_K=0.180, Cuv=-0.050, P_in=2.769e-03, P_tgt=2.772e-03, A_F=0.111, K_low=0.226, P_drag=-3.381e-03, P_cool=-2.446e-03, WENO=0.101 (x=0.101, y=0.101), ReL2D=147.02, eps_nu=2.124e-03, P_hv=2.886e-05, rho_mean=1.000000, p_mean=0.719178, div_rms=3.177e-01, vort_rms=1.315e+00, mass_err=-6.272e-11
step= 26400, t=20.006602, dt=7.893e-04, KE=7.492714e-02, Mt=0.3924, A_K=0.181, Cuv=-0.004, P_in=2.864e-03, P_tgt=2.899e-03, A_F=0.112, K_low=0.236, P_drag=-3.444e-03, P_cool=-2.588e-03, WENO=0.099 (x=0.099, y=0.099), ReL2D=145.20, eps_nu=2.086e-03, P_hv=2.997e-05, rho_mean=1.000000, p_mean=0.719461, div_rms=3.075e-01, vort_rms=1.305e+00, mass_err=-6.344e-11
step= 26700, t=20.246991, dt=8.095e-04, KE=7.387336e-02, Mt=0.3897, A_K=0.183, Cuv=0.048, P_in=3.122e-03, P_tgt=3.110e-03, A_F=0.169, K_low=0.244, P_drag=-3.502e-03, P_cool=-2.649e-03, WENO=0.102 (x=0.102, y=0.102), ReL2D=144.50, eps_nu=2.061e-03, P_hv=2.987e-05, rho_mean=1.000000, p_mean=0.719584, div_rms=3.048e-01, vort_rms=1.298e+00, mass_err=-6.416e-11
step= 27000, t=20.488277, dt=8.001e-04, KE=7.324653e-02, Mt=0.3882, A_K=0.177, Cuv=0.085, P_in=3.436e-03, P_tgt=3.395e-03, A_F=0.289, K_low=0.249, P_drag=-3.564e-03, P_cool=-2.632e-03, WENO=0.106 (x=0.106, y=0.106), ReL2D=144.56, eps_nu=2.050e-03, P_hv=2.920e-05, rho_mean=1.000000, p_mean=0.719550, div_rms=3.029e-01, vort_rms=1.294e+00, mass_err=-6.487e-11
step= 27300, t=20.727474, dt=7.990e-04, KE=7.311320e-02, Mt=0.3885, A_K=0.160, Cuv=0.101, P_in=3.677e-03, P_tgt=3.724e-03, A_F=0.138, K_low=0.254, P_drag=-3.649e-03, P_cool=-2.533e-03, WENO=0.108 (x=0.108, y=0.108), ReL2D=144.22, eps_nu=2.039e-03, P_hv=2.887e-05, rho_mean=1.000000, p_mean=0.719351, div_rms=3.085e-01, vort_rms=1.289e+00, mass_err=-6.560e-11
step= 27600, t=20.966923, dt=7.905e-04, KE=7.312774e-02, Mt=0.3890, A_K=0.149, Cuv=0.112, P_in=4.032e-03, P_tgt=4.063e-03, A_F=0.016, K_low=0.262, P_drag=-3.775e-03, P_cool=-2.421e-03, WENO=0.101 (x=0.101, y=0.101), ReL2D=142.03, eps_nu=2.047e-03, P_hv=2.847e-05, rho_mean=1.000000, p_mean=0.719128, div_rms=3.126e-01, vort_rms=1.290e+00, mass_err=-6.631e-11
step= 27900, t=21.202364, dt=7.807e-04, KE=7.311692e-02, Mt=0.3886, A_K=0.140, Cuv=0.130, P_in=4.380e-03, P_tgt=4.433e-03, A_F=0.018, K_low=0.272, P_drag=-3.910e-03, P_cool=-2.331e-03, WENO=0.105 (x=0.105, y=0.105), ReL2D=139.16, eps_nu=2.047e-03, P_hv=2.931e-05, rho_mean=1.000000, p_mean=0.718947, div_rms=3.181e-01, vort_rms=1.289e+00, mass_err=-6.704e-11
saved snapshot: results/hit2d/reynolds_calibration_ReL130_N256/calib_Mt040_N256_mu0p001140/hit2d_step0027900.npz
step= 28200, t=21.436824, dt=7.839e-04, KE=7.294385e-02, Mt=0.3877, A_K=0.132, Cuv=0.164, P_in=4.842e-03, P_tgt=4.868e-03, A_F=0.053, K_low=0.280, P_drag=-4.015e-03, P_cool=-2.289e-03, WENO=0.095 (x=0.095, y=0.095), ReL2D=137.99, eps_nu=2.042e-03, P_hv=2.937e-05, rho_mean=1.000000, p_mean=0.718864, div_rms=3.123e-01, vort_rms=1.289e+00, mass_err=-6.776e-11
step= 28500, t=21.672128, dt=7.825e-04, KE=7.292232e-02, Mt=0.3877, A_K=0.111, Cuv=0.196, P_in=5.391e-03, P_tgt=5.365e-03, A_F=0.047, K_low=0.285, P_drag=-4.081e-03, P_cool=-2.237e-03, WENO=0.092 (x=0.092, y=0.092), ReL2D=136.90, eps_nu=2.058e-03, P_hv=2.825e-05, rho_mean=1.000000, p_mean=0.718761, div_rms=3.198e-01, vort_rms=1.292e+00, mass_err=-6.848e-11
step= 28800, t=21.904388, dt=7.654e-04, KE=7.305769e-02, Mt=0.3881, A_K=0.077, Cuv=0.219, P_in=5.936e-03, P_tgt=5.901e-03, A_F=0.111, K_low=0.287, P_drag=-4.114e-03, P_cool=-2.180e-03, WENO=0.088 (x=0.088, y=0.088), ReL2D=134.61, eps_nu=2.097e-03, P_hv=2.869e-05, rho_mean=1.000000, p_mean=0.718645, div_rms=3.364e-01, vort_rms=1.299e+00, mass_err=-6.921e-11
step= 29100, t=22.132291, dt=7.564e-04, KE=7.316807e-02, Mt=0.3879, A_K=0.053, Cuv=0.226, P_in=6.510e-03, P_tgt=6.479e-03, A_F=0.021, K_low=0.286, P_drag=-4.114e-03, P_cool=-2.154e-03, WENO=0.076 (x=0.076, y=0.076), ReL2D=129.09, eps_nu=2.174e-03, P_hv=3.058e-05, rho_mean=1.000000, p_mean=0.718594, div_rms=3.655e-01, vort_rms=1.315e+00, mass_err=-6.992e-11
step= 29400, t=22.357728, dt=7.492e-04, KE=7.325447e-02, Mt=0.3874, A_K=0.046, Cuv=0.236, P_in=7.105e-03, P_tgt=7.141e-03, A_F=0.014, K_low=0.281, P_drag=-4.078e-03, P_cool=-2.163e-03, WENO=0.082 (x=0.082, y=0.082), ReL2D=126.02, eps_nu=2.219e-03, P_hv=3.186e-05, rho_mean=1.000000, p_mean=0.718611, div_rms=3.725e-01, vort_rms=1.327e+00, mass_err=-7.065e-11
step= 29700, t=22.582045, dt=7.530e-04, KE=7.344000e-02, Mt=0.3871, A_K=0.033, Cuv=0.242, P_in=7.980e-03, P_tgt=7.903e-03, A_F=0.132, K_low=0.276, P_drag=-4.021e-03, P_cool=-2.184e-03, WENO=0.085 (x=0.085, y=0.085), ReL2D=125.78, eps_nu=2.229e-03, P_hv=3.278e-05, rho_mean=1.000000, p_mean=0.718655, div_rms=3.518e-01, vort_rms=1.338e+00, mass_err=-7.137e-11
step= 30000, t=22.808586, dt=7.502e-04, KE=7.384001e-02, Mt=0.3885, A_K=0.014, Cuv=0.236, P_in=8.748e-03, P_tgt=8.702e-03, A_F=0.130, K_low=0.269, P_drag=-3.930e-03, P_cool=-2.203e-03, WENO=0.099 (x=0.099, y=0.099), ReL2D=127.93, eps_nu=2.247e-03, P_hv=3.280e-05, rho_mean=1.000000, p_mean=0.718692, div_rms=3.438e-01, vort_rms=1.346e+00, mass_err=-7.210e-11
step= 30300, t=23.032796, dt=7.423e-04, KE=7.422657e-02, Mt=0.3902, A_K=0.001, Cuv=0.244, P_in=9.477e-03, P_tgt=9.459e-03, A_F=0.060, K_low=0.260, P_drag=-3.805e-03, P_cool=-2.259e-03, WENO=0.107 (x=0.107, y=0.107), ReL2D=129.41, eps_nu=2.281e-03, P_hv=3.338e-05, rho_mean=1.000000, p_mean=0.718803, div_rms=3.431e-01, vort_rms=1.358e+00, mass_err=-7.283e-11
step= 30600, t=23.257333, dt=7.532e-04, KE=7.490162e-02, Mt=0.3919, A_K=0.005, Cuv=0.248, P_in=1.011e-02, P_tgt=1.014e-02, A_F=0.061, K_low=0.247, P_drag=-3.659e-03, P_cool=-2.295e-03, WENO=0.127 (x=0.127, y=0.127), ReL2D=130.09, eps_nu=2.331e-03, P_hv=3.400e-05, rho_mean=1.000000, p_mean=0.718876, div_rms=3.499e-01, vort_rms=1.372e+00, mass_err=-7.354e-11
step= 30900, t=23.482050, dt=7.447e-04, KE=7.596684e-02, Mt=0.3942, A_K=0.002, Cuv=0.248, P_in=1.068e-02, P_tgt=1.070e-02, A_F=0.074, K_low=0.233, P_drag=-3.515e-03, P_cool=-2.290e-03, WENO=0.126 (x=0.126, y=0.126), ReL2D=129.47, eps_nu=2.390e-03, P_hv=3.409e-05, rho_mean=1.000000, p_mean=0.718865, div_rms=3.553e-01, vort_rms=1.389e+00, mass_err=-7.427e-11
saved snapshot: results/hit2d/reynolds_calibration_ReL130_N256/calib_Mt040_N256_mu0p001140/hit2d_step0031000.npz
step= 31200, t=23.704119, dt=7.383e-04, KE=7.728884e-02, Mt=0.3978, A_K=0.019, Cuv=0.240, P_in=1.104e-02, P_tgt=1.104e-02, A_F=0.045, K_low=0.220, P_drag=-3.395e-03, P_cool=-2.255e-03, WENO=0.107 (x=0.107, y=0.107), ReL2D=128.22, eps_nu=2.464e-03, P_hv=3.532e-05, rho_mean=1.000000, p_mean=0.718795, div_rms=3.739e-01, vort_rms=1.405e+00, mass_err=-7.499e-11
step= 31500, t=23.926579, dt=7.467e-04, KE=7.832707e-02, Mt=0.4011, A_K=0.063, Cuv=0.228, P_in=1.104e-02, P_tgt=1.108e-02, A_F=0.126, K_low=0.211, P_drag=-3.289e-03, P_cool=-2.288e-03, WENO=0.111 (x=0.111, y=0.111), ReL2D=127.62, eps_nu=2.521e-03, P_hv=3.569e-05, rho_mean=1.000000, p_mean=0.718862, div_rms=3.739e-01, vort_rms=1.423e+00, mass_err=-7.572e-11
step= 31800, t=24.150648, dt=7.464e-04, KE=7.879892e-02, Mt=0.4031, A_K=0.134, Cuv=0.222, P_in=1.093e-02, P_tgt=1.090e-02, A_F=0.047, K_low=0.205, P_drag=-3.171e-03, P_cool=-2.439e-03, WENO=0.113 (x=0.113, y=0.113), ReL2D=124.61, eps_nu=2.592e-03, P_hv=3.570e-05, rho_mean=1.000000, p_mean=0.719165, div_rms=3.742e-01, vort_rms=1.445e+00, mass_err=-7.644e-11
step= 32100, t=24.373379, dt=7.348e-04, KE=7.875529e-02, Mt=0.4045, A_K=0.183, Cuv=0.236, P_in=1.067e-02, P_tgt=1.060e-02, A_F=0.120, K_low=0.199, P_drag=-3.058e-03, P_cool=-2.678e-03, WENO=0.118 (x=0.118, y=0.118), ReL2D=124.14, eps_nu=2.623e-03, P_hv=3.725e-05, rho_mean=1.000000, p_mean=0.719642, div_rms=3.614e-01, vort_rms=1.458e+00, mass_err=-7.715e-11
warning: flow component anisotropy has increased over the last three diagnostic samples
step= 32400, t=24.593269, dt=7.303e-04, KE=7.899141e-02, Mt=0.4074, A_K=0.219, Cuv=0.242, P_in=1.029e-02, P_tgt=1.016e-02, A_F=0.160, K_low=0.193, P_drag=-2.956e-03, P_cool=-2.838e-03, WENO=0.114 (x=0.114, y=0.114), ReL2D=125.03, eps_nu=2.661e-03, P_hv=3.823e-05, rho_mean=1.000000, p_mean=0.719962, div_rms=3.625e-01, vort_rms=1.469e+00, mass_err=-7.788e-11
warning: flow component anisotropy has increased over the last three diagnostic samples
step= 32700, t=24.813359, dt=7.391e-04, KE=7.992733e-02, Mt=0.4113, A_K=0.241, Cuv=0.233, P_in=9.354e-03, P_tgt=9.497e-03, A_F=0.245, K_low=0.187, P_drag=-2.876e-03, P_cool=-2.832e-03, WENO=0.117 (x=0.117, y=0.117), ReL2D=125.92, eps_nu=2.713e-03, P_hv=3.997e-05, rho_mean=1.000000, p_mean=0.719950, div_rms=3.776e-01, vort_rms=1.480e+00, mass_err=-7.860e-11
warning: flow component anisotropy has increased over the last three diagnostic samples
step= 33000, t=25.035655, dt=7.422e-04, KE=8.117439e-02, Mt=0.4140, A_K=0.248, Cuv=0.222, P_in=8.728e-03, P_tgt=8.667e-03, A_F=0.130, K_low=0.181, P_drag=-2.816e-03, P_cool=-2.736e-03, WENO=0.117 (x=0.117, y=0.117), ReL2D=127.52, eps_nu=2.751e-03, P_hv=4.332e-05, rho_mean=1.000000, p_mean=0.719758, div_rms=3.910e-01, vort_rms=1.486e+00, mass_err=-7.932e-11
warning: flow component anisotropy has increased over the last three diagnostic samples
step= 33300, t=25.259528, dt=7.452e-04, KE=8.192232e-02, Mt=0.4144, A_K=0.249, Cuv=0.221, P_in=7.767e-03, P_tgt=7.824e-03, A_F=0.123, K_low=0.177, P_drag=-2.774e-03, P_cool=-2.707e-03, WENO=0.116 (x=0.116, y=0.116), ReL2D=128.17, eps_nu=2.785e-03, P_hv=4.221e-05, rho_mean=1.000000, p_mean=0.719700, div_rms=4.026e-01, vort_rms=1.492e+00, mass_err=-8.003e-11
step= 33600, t=25.482821, dt=7.479e-04, KE=8.231216e-02, Mt=0.4147, A_K=0.245, Cuv=0.225, P_in=7.051e-03, P_tgt=7.062e-03, A_F=0.017, K_low=0.173, P_drag=-2.737e-03, P_cool=-2.717e-03, WENO=0.100 (x=0.100, y=0.100), ReL2D=128.28, eps_nu=2.828e-03, P_hv=4.349e-05, rho_mean=1.000000, p_mean=0.719719, div_rms=4.181e-01, vort_rms=1.499e+00, mass_err=-8.076e-11
step= 33900, t=25.707474, dt=7.442e-04, KE=8.284000e-02, Mt=0.4163, A_K=0.237, Cuv=0.219, P_in=6.387e-03, P_tgt=6.327e-03, A_F=0.030, K_low=0.168, P_drag=-2.695e-03, P_cool=-2.669e-03, WENO=0.093 (x=0.093, y=0.093), ReL2D=127.91, eps_nu=2.903e-03, P_hv=4.652e-05, rho_mean=1.000000, p_mean=0.719624, div_rms=4.469e-01, vort_rms=1.510e+00, mass_err=-8.149e-11
saved snapshot: results/hit2d/reynolds_calibration_ReL130_N256/calib_Mt040_N256_mu0p001140/hit2d_step0034100.npz
step= 34200, t=25.929387, dt=7.384e-04, KE=8.301189e-02, Mt=0.4164, A_K=0.240, Cuv=0.205, P_in=5.643e-03, P_tgt=5.629e-03, A_F=0.168, K_low=0.163, P_drag=-2.649e-03, P_cool=-2.663e-03, WENO=0.094 (x=0.094, y=0.094), ReL2D=127.75, eps_nu=2.938e-03, P_hv=4.802e-05, rho_mean=1.000000, p_mean=0.719611, div_rms=4.590e-01, vort_rms=1.515e+00, mass_err=-8.220e-11
warning: flow component anisotropy has increased over the last three diagnostic samples
step= 34500, t=26.153160, dt=7.488e-04, KE=8.250785e-02, Mt=0.4137, A_K=0.251, Cuv=0.193, P_in=5.102e-03, P_tgt=5.055e-03, A_F=0.228, K_low=0.161, P_drag=-2.608e-03, P_cool=-2.762e-03, WENO=0.110 (x=0.110, y=0.110), ReL2D=127.04, eps_nu=2.902e-03, P_hv=4.667e-05, rho_mean=1.000000, p_mean=0.719809, div_rms=4.404e-01, vort_rms=1.512e+00, mass_err=-8.292e-11
step= 34800, t=26.376270, dt=7.446e-04, KE=8.216878e-02, Mt=0.4117, A_K=0.248, Cuv=0.182, P_in=4.767e-03, P_tgt=4.620e-03, A_F=0.147, K_low=0.160, P_drag=-2.590e-03, P_cool=-2.804e-03, WENO=0.115 (x=0.115, y=0.115), ReL2D=127.36, eps_nu=2.876e-03, P_hv=4.701e-05, rho_mean=1.000000, p_mean=0.719894, div_rms=4.213e-01, vort_rms=1.512e+00, mass_err=-8.364e-11
step= 35100, t=26.600837, dt=7.455e-04, KE=8.222985e-02, Mt=0.4110, A_K=0.231, Cuv=0.182, P_in=4.255e-03, P_tgt=4.258e-03, A_F=0.060, K_low=0.160, P_drag=-2.585e-03, P_cool=-2.750e-03, WENO=0.133 (x=0.133, y=0.133), ReL2D=128.76, eps_nu=2.868e-03, P_hv=4.659e-05, rho_mean=1.000000, p_mean=0.719787, div_rms=4.217e-01, vort_rms=1.510e+00, mass_err=-8.436e-11
step= 35400, t=26.820247, dt=7.195e-04, KE=8.205533e-02, Mt=0.4108, A_K=0.215, Cuv=0.197, P_in=3.928e-03, P_tgt=3.937e-03, A_F=0.011, K_low=0.160, P_drag=-2.581e-03, P_cool=-2.732e-03, WENO=0.139 (x=0.139, y=0.139), ReL2D=129.23, eps_nu=2.871e-03, P_hv=4.759e-05, rho_mean=1.000000, p_mean=0.719750, div_rms=4.239e-01, vort_rms=1.509e+00, mass_err=-8.508e-11
step= 35700, t=27.033064, dt=7.001e-04, KE=8.154500e-02, Mt=0.4098, A_K=0.187, Cuv=0.202, P_in=3.617e-03, P_tgt=3.651e-03, A_F=0.096, K_low=0.160, P_drag=-2.582e-03, P_cool=-2.770e-03, WENO=0.142 (x=0.142, y=0.142), ReL2D=126.01, eps_nu=2.886e-03, P_hv=5.001e-05, rho_mean=1.000000, p_mean=0.719827, div_rms=4.406e-01, vort_rms=1.508e+00, mass_err=-8.581e-11
step= 36000, t=27.242824, dt=7.001e-04, KE=8.075843e-02, Mt=0.4079, A_K=0.153, Cuv=0.211, P_in=3.384e-03, P_tgt=3.426e-03, A_F=0.007, K_low=0.163, P_drag=-2.596e-03, P_cool=-2.851e-03, WENO=0.110 (x=0.110, y=0.110), ReL2D=122.43, eps_nu=2.896e-03, P_hv=5.097e-05, rho_mean=1.000000, p_mean=0.719987, div_rms=4.544e-01, vort_rms=1.505e+00, mass_err=-8.652e-11
step= 36300, t=27.454060, dt=7.078e-04, KE=8.002585e-02, Mt=0.4068, A_K=0.136, Cuv=0.212, P_in=3.227e-03, P_tgt=3.249e-03, A_F=0.104, K_low=0.169, P_drag=-2.642e-03, P_cool=-2.905e-03, WENO=0.101 (x=0.101, y=0.101), ReL2D=119.49, eps_nu=2.909e-03, P_hv=5.171e-05, rho_mean=1.000000, p_mean=0.720097, div_rms=4.674e-01, vort_rms=1.503e+00, mass_err=-8.724e-11
step= 36600, t=27.665861, dt=7.045e-04, KE=7.948753e-02, Mt=0.4060, A_K=0.132, Cuv=0.196, P_in=3.168e-03, P_tgt=3.099e-03, A_F=0.041, K_low=0.176, P_drag=-2.708e-03, P_cool=-2.909e-03, WENO=0.112 (x=0.112, y=0.112), ReL2D=117.74, eps_nu=2.909e-03, P_hv=5.001e-05, rho_mean=1.000000, p_mean=0.720105, div_rms=4.855e-01, vort_rms=1.496e+00, mass_err=-8.797e-11
step= 36900, t=27.877904, dt=7.164e-04, KE=7.907694e-02, Mt=0.4046, A_K=0.105, Cuv=0.155, P_in=3.055e-03, P_tgt=2.982e-03, A_F=0.030, K_low=0.181, P_drag=-2.755e-03, P_cool=-2.883e-03, WENO=0.102 (x=0.102, y=0.102), ReL2D=117.13, eps_nu=2.873e-03, P_hv=4.903e-05, rho_mean=1.000000, p_mean=0.720053, div_rms=4.778e-01, vort_rms=1.489e+00, mass_err=-8.867e-11
step= 37200, t=28.098455, dt=7.532e-04, KE=7.908404e-02, Mt=0.4042, A_K=0.086, Cuv=0.131, P_in=2.874e-03, P_tgt=2.889e-03, A_F=0.016, K_low=0.182, P_drag=-2.789e-03, P_cool=-2.765e-03, WENO=0.109 (x=0.109, y=0.109), ReL2D=117.08, eps_nu=2.829e-03, P_hv=4.726e-05, rho_mean=1.000000, p_mean=0.719816, div_rms=4.799e-01, vort_rms=1.475e+00, mass_err=-8.939e-11
saved snapshot: results/hit2d/reynolds_calibration_ReL130_N256/calib_Mt040_N256_mu0p001140/hit2d_step0037200.npz
step= 37500, t=28.325368, dt=7.538e-04, KE=7.892835e-02, Mt=0.4039, A_K=0.078, Cuv=0.116, P_in=2.804e-03, P_tgt=2.802e-03, A_F=0.047, K_low=0.182, P_drag=-2.801e-03, P_cool=-2.676e-03, WENO=0.110 (x=0.110, y=0.110), ReL2D=117.91, eps_nu=2.791e-03, P_hv=4.487e-05, rho_mean=1.000000, p_mean=0.719638, div_rms=4.719e-01, vort_rms=1.467e+00, mass_err=-9.012e-11
step= 37800, t=28.550412, dt=7.458e-04, KE=7.849828e-02, Mt=0.4022, A_K=0.072, Cuv=0.112, P_in=2.752e-03, P_tgt=2.737e-03, A_F=0.052, K_low=0.181, P_drag=-2.802e-03, P_cool=-2.641e-03, WENO=0.115 (x=0.115, y=0.115), ReL2D=116.58, eps_nu=2.760e-03, P_hv=4.431e-05, rho_mean=1.000000, p_mean=0.719568, div_rms=4.705e-01, vort_rms=1.458e+00, mass_err=-9.084e-11
step= 38100, t=28.771954, dt=7.309e-04, KE=7.796731e-02, Mt=0.3995, A_K=0.055, Cuv=0.119, P_in=2.709e-03, P_tgt=2.720e-03, A_F=0.093, K_low=0.181, P_drag=-2.802e-03, P_cool=-2.627e-03, WENO=0.117 (x=0.117, y=0.117), ReL2D=113.81, eps_nu=2.722e-03, P_hv=4.285e-05, rho_mean=1.000000, p_mean=0.719539, div_rms=4.673e-01, vort_rms=1.448e+00, mass_err=-9.156e-11
step= 38400, t=28.990859, dt=7.320e-04, KE=7.758781e-02, Mt=0.3981, A_K=0.040, Cuv=0.133, P_in=2.757e-03, P_tgt=2.748e-03, A_F=0.101, K_low=0.181, P_drag=-2.800e-03, P_cool=-2.585e-03, WENO=0.117 (x=0.117, y=0.117), ReL2D=114.88, eps_nu=2.668e-03, P_hv=4.279e-05, rho_mean=1.000000, p_mean=0.719456, div_rms=4.537e-01, vort_rms=1.437e+00, mass_err=-9.228e-11
step= 38700, t=29.212504, dt=7.463e-04, KE=7.683667e-02, Mt=0.3969, A_K=0.033, Cuv=0.162, P_in=2.785e-03, P_tgt=2.798e-03, A_F=0.041, K_low=0.182, P_drag=-2.791e-03, P_cool=-2.620e-03, WENO=0.112 (x=0.112, y=0.112), ReL2D=117.38, eps_nu=2.613e-03, P_hv=4.212e-05, rho_mean=1.000000, p_mean=0.719525, div_rms=4.369e-01, vort_rms=1.428e+00, mass_err=-9.300e-11
step= 39000, t=29.436249, dt=7.380e-04, KE=7.542682e-02, Mt=0.3941, A_K=0.029, Cuv=0.198, P_in=2.929e-03, P_tgt=2.893e-03, A_F=0.313, K_low=0.185, P_drag=-2.769e-03, P_cool=-2.784e-03, WENO=0.127 (x=0.127, y=0.127), ReL2D=118.13, eps_nu=2.556e-03, P_hv=4.210e-05, rho_mean=1.000000, p_mean=0.719854, div_rms=4.226e-01, vort_rms=1.416e+00, mass_err=-9.373e-11
step= 39300, t=29.655755, dt=7.273e-04, KE=7.413567e-02, Mt=0.3913, A_K=0.016, Cuv=0.243, P_in=3.029e-03, P_tgt=3.064e-03, A_F=0.255, K_low=0.189, P_drag=-2.740e-03, P_cool=-2.927e-03, WENO=0.128 (x=0.128, y=0.128), ReL2D=118.84, eps_nu=2.500e-03, P_hv=4.287e-05, rho_mean=1.000000, p_mean=0.720139, div_rms=4.076e-01, vort_rms=1.404e+00, mass_err=-9.445e-11
step= 39600, t=29.874427, dt=7.329e-04, KE=7.346931e-02, Mt=0.3901, A_K=0.010, Cuv=0.279, P_in=3.295e-03, P_tgt=3.295e-03, A_F=0.212, K_low=0.191, P_drag=-2.708e-03, P_cool=-2.950e-03, WENO=0.132 (x=0.132, y=0.132), ReL2D=119.05, eps_nu=2.471e-03, P_hv=4.258e-05, rho_mean=1.000000, p_mean=0.720187, div_rms=4.032e-01, vort_rms=1.397e+00, mass_err=-9.516e-11
step= 39900, t=30.095777, dt=7.414e-04, KE=7.317243e-02, Mt=0.3893, A_K=0.042, Cuv=0.307, P_in=3.563e-03, P_tgt=3.570e-03, A_F=0.097, K_low=0.190, P_drag=-2.664e-03, P_cool=-2.913e-03, WENO=0.125 (x=0.125, y=0.125), ReL2D=118.66, eps_nu=2.461e-03, P_hv=4.168e-05, rho_mean=1.000000, p_mean=0.720111, div_rms=4.080e-01, vort_rms=1.392e+00, mass_err=-9.589e-11
step= 40200, t=30.319262, dt=7.499e-04, KE=7.293454e-02, Mt=0.3884, A_K=0.062, Cuv=0.314, P_in=3.955e-03, P_tgt=3.897e-03, A_F=0.050, K_low=0.187, P_drag=-2.614e-03, P_cool=-2.880e-03, WENO=0.143 (x=0.143, y=0.143), ReL2D=120.35, eps_nu=2.430e-03, P_hv=4.136e-05, rho_mean=1.000000, p_mean=0.720045, div_rms=4.018e-01, vort_rms=1.384e+00, mass_err=-9.661e-11
saved snapshot: results/hit2d/reynolds_calibration_ReL130_N256/calib_Mt040_N256_mu0p001140/hit2d_step0040300.npz
step= 40500, t=30.544907, dt=7.564e-04, KE=7.309136e-02, Mt=0.3888, A_K=0.069, Cuv=0.298, P_in=4.245e-03, P_tgt=4.266e-03, A_F=0.051, K_low=0.185, P_drag=-2.580e-03, P_cool=-2.789e-03, WENO=0.139 (x=0.139, y=0.139), ReL2D=122.30, eps_nu=2.402e-03, P_hv=4.312e-05, rho_mean=1.000000, p_mean=0.719864, div_rms=4.062e-01, vort_rms=1.374e+00, mass_err=-9.734e-11
step= 40800, t=30.773139, dt=7.655e-04, KE=7.335979e-02, Mt=0.3899, A_K=0.056, Cuv=0.278, P_in=4.646e-03, P_tgt=4.637e-03, A_F=0.106, K_low=0.184, P_drag=-2.566e-03, P_cool=-2.697e-03, WENO=0.127 (x=0.127, y=0.127), ReL2D=124.05, eps_nu=2.377e-03, P_hv=4.157e-05, rho_mean=1.000000, p_mean=0.719680, div_rms=4.016e-01, vort_rms=1.367e+00, mass_err=-9.805e-11
step= 41100, t=31.000718, dt=7.538e-04, KE=7.352687e-02, Mt=0.3905, A_K=0.044, Cuv=0.263, P_in=4.974e-03, P_tgt=5.001e-03, A_F=0.055, K_low=0.183, P_drag=-2.559e-03, P_cool=-2.647e-03, WENO=0.118 (x=0.118, y=0.118), ReL2D=126.25, eps_nu=2.347e-03, P_hv=4.184e-05, rho_mean=1.000000, p_mean=0.719580, div_rms=3.980e-01, vort_rms=1.359e+00, mass_err=-9.878e-11
step= 41400, t=31.228167, dt=7.637e-04, KE=7.352920e-02, Mt=0.3900, A_K=0.030, Cuv=0.259, P_in=5.456e-03, P_tgt=5.393e-03, A_F=0.257, K_low=0.181, P_drag=-2.543e-03, P_cool=-2.649e-03, WENO=0.112 (x=0.112, y=0.112), ReL2D=125.58, eps_nu=2.334e-03, P_hv=4.052e-05, rho_mean=1.000000, p_mean=0.719584, div_rms=3.914e-01, vort_rms=1.357e+00, mass_err=-9.951e-11
step= 41700, t=31.458712, dt=7.735e-04, KE=7.371761e-02, Mt=0.3897, A_K=0.003, Cuv=0.255, P_in=5.818e-03, P_tgt=5.838e-03, A_F=0.185, K_low=0.177, P_drag=-2.517e-03, P_cool=-2.632e-03, WENO=0.119 (x=0.119, y=0.119), ReL2D=123.51, eps_nu=2.368e-03, P_hv=3.997e-05, rho_mean=1.000000, p_mean=0.719550, div_rms=3.994e-01, vort_rms=1.365e+00, mass_err=-1.002e-10
step= 42000, t=31.692352, dt=7.801e-04, KE=7.404500e-02, Mt=0.3898, A_K=0.022, Cuv=0.237, P_in=6.363e-03, P_tgt=6.330e-03, A_F=0.219, K_low=0.172, P_drag=-2.481e-03, P_cool=-2.609e-03, WENO=0.135 (x=0.135, y=0.135), ReL2D=124.41, eps_nu=2.368e-03, P_hv=3.948e-05, rho_mean=1.000000, p_mean=0.719504, div_rms=3.881e-01, vort_rms=1.370e+00, mass_err=-1.009e-10
step= 42300, t=31.923798, dt=7.545e-04, KE=7.464914e-02, Mt=0.3917, A_K=0.062, Cuv=0.214, P_in=6.873e-03, P_tgt=6.803e-03, A_F=0.139, K_low=0.167, P_drag=-2.449e-03, P_cool=-2.558e-03, WENO=0.133 (x=0.133, y=0.133), ReL2D=127.02, eps_nu=2.397e-03, P_hv=4.039e-05, rho_mean=1.000000, p_mean=0.719401, div_rms=4.005e-01, vort_rms=1.374e+00, mass_err=-1.017e-10
step= 42600, t=32.144509, dt=7.229e-04, KE=7.493551e-02, Mt=0.3928, A_K=0.078, Cuv=0.181, P_in=7.171e-03, P_tgt=7.222e-03, A_F=0.129, K_low=0.163, P_drag=-2.417e-03, P_cool=-2.590e-03, WENO=0.132 (x=0.132, y=0.132), ReL2D=127.76, eps_nu=2.407e-03, P_hv=4.196e-05, rho_mean=1.000000, p_mean=0.719465, div_rms=3.981e-01, vort_rms=1.378e+00, mass_err=-1.024e-10
step= 42900, t=32.360077, dt=7.137e-04, KE=7.548195e-02, Mt=0.3943, A_K=0.100, Cuv=0.161, P_in=7.588e-03, P_tgt=7.593e-03, A_F=0.105, K_low=0.159, P_drag=-2.380e-03, P_cool=-2.586e-03, WENO=0.132 (x=0.132, y=0.132), ReL2D=126.62, eps_nu=2.442e-03, P_hv=4.280e-05, rho_mean=1.000000, p_mean=0.719458, div_rms=4.172e-01, vort_rms=1.382e+00, mass_err=-1.031e-10
step= 43200, t=32.576783, dt=7.347e-04, KE=7.581816e-02, Mt=0.3954, A_K=0.095, Cuv=0.160, P_in=7.909e-03, P_tgt=7.890e-03, A_F=0.123, K_low=0.156, P_drag=-2.343e-03, P_cool=-2.640e-03, WENO=0.136 (x=0.136, y=0.136), ReL2D=125.74, eps_nu=2.477e-03, P_hv=4.092e-05, rho_mean=1.000000, p_mean=0.719566, div_rms=4.149e-01, vort_rms=1.394e+00, mass_err=-1.038e-10
saved snapshot: results/hit2d/reynolds_calibration_ReL130_N256/calib_Mt040_N256_mu0p001140/hit2d_step0043400.npz
step= 43500, t=32.795206, dt=7.216e-04, KE=7.599578e-02, Mt=0.3953, A_K=0.082, Cuv=0.168, P_in=8.107e-03, P_tgt=8.171e-03, A_F=0.089, K_low=0.153, P_drag=-2.300e-03, P_cool=-2.737e-03, WENO=0.139 (x=0.139, y=0.139), ReL2D=122.06, eps_nu=2.543e-03, P_hv=4.162e-05, rho_mean=1.000000, p_mean=0.719759, div_rms=4.184e-01, vort_rms=1.413e+00, mass_err=-1.046e-10
step= 43800, t=33.011217, dt=7.172e-04, KE=7.642158e-02, Mt=0.3952, A_K=0.055, Cuv=0.156, P_in=8.471e-03, P_tgt=8.477e-03, A_F=0.082, K_low=0.149, P_drag=-2.264e-03, P_cool=-2.793e-03, WENO=0.145 (x=0.145, y=0.145), ReL2D=118.74, eps_nu=2.598e-03, P_hv=4.287e-05, rho_mean=1.000000, p_mean=0.719873, div_rms=4.250e-01, vort_rms=1.428e+00, mass_err=-1.053e-10
step= 44100, t=33.226512, dt=7.193e-04, KE=7.728855e-02, Mt=0.3962, A_K=0.036, Cuv=0.131, P_in=8.841e-03, P_tgt=8.766e-03, A_F=0.018, K_low=0.144, P_drag=-2.231e-03, P_cool=-2.776e-03, WENO=0.136 (x=0.136, y=0.136), ReL2D=115.84, eps_nu=2.660e-03, P_hv=4.270e-05, rho_mean=1.000000, p_mean=0.719837, div_rms=4.353e-01, vort_rms=1.442e+00, mass_err=-1.060e-10
step= 44400, t=33.441982, dt=7.169e-04, KE=7.841951e-02, Mt=0.3984, A_K=0.051, Cuv=0.114, P_in=9.013e-03, P_tgt=8.951e-03, A_F=0.026, K_low=0.137, P_drag=-2.198e-03, P_cool=-2.720e-03, WENO=0.123 (x=0.123, y=0.123), ReL2D=114.30, eps_nu=2.733e-03, P_hv=4.554e-05, rho_mean=1.000000, p_mean=0.719726, div_rms=4.451e-01, vort_rms=1.461e+00, mass_err=-1.067e-10
step= 44700, t=33.655847, dt=7.106e-04, KE=7.956482e-02, Mt=0.4012, A_K=0.079, Cuv=0.090, P_in=8.929e-03, P_tgt=8.968e-03, A_F=0.006, K_low=0.134, P_drag=-2.192e-03, P_cool=-2.666e-03, WENO=0.119 (x=0.119, y=0.119), ReL2D=115.95, eps_nu=2.770e-03, P_hv=4.755e-05, rho_mean=1.000000, p_mean=0.719617, div_rms=4.502e-01, vort_rms=1.470e+00, mass_err=-1.075e-10
step= 45000, t=33.869471, dt=7.163e-04, KE=8.060568e-02, Mt=0.4041, A_K=0.113, Cuv=0.083, P_in=8.820e-03, P_tgt=8.794e-03, A_F=0.151, K_low=0.134, P_drag=-2.211e-03, P_cool=-2.630e-03, WENO=0.120 (x=0.120, y=0.120), ReL2D=119.71, eps_nu=2.768e-03, P_hv=4.803e-05, rho_mean=1.000000, p_mean=0.719545, div_rms=4.437e-01, vort_rms=1.472e+00, mass_err=-1.082e-10
step= 45300, t=34.085821, dt=7.308e-04, KE=8.160174e-02, Mt=0.4076, A_K=0.146, Cuv=0.088, P_in=8.430e-03, P_tgt=8.430e-03, A_F=0.237, K_low=0.137, P_drag=-2.262e-03, P_cool=-2.594e-03, WENO=0.123 (x=0.123, y=0.123), ReL2D=123.96, eps_nu=2.775e-03, P_hv=4.717e-05, rho_mean=1.000000, p_mean=0.719474, div_rms=4.262e-01, vort_rms=1.480e+00, mass_err=-1.089e-10
step= 45600, t=34.307777, dt=7.397e-04, KE=8.237927e-02, Mt=0.4100, A_K=0.154, Cuv=0.107, P_in=7.873e-03, P_tgt=7.893e-03, A_F=0.076, K_low=0.143, P_drag=-2.350e-03, P_cool=-2.585e-03, WENO=0.133 (x=0.133, y=0.133), ReL2D=125.37, eps_nu=2.811e-03, P_hv=4.539e-05, rho_mean=1.000000, p_mean=0.719456, div_rms=4.253e-01, vort_rms=1.491e+00, mass_err=-1.096e-10
step= 45900, t=34.526416, dt=7.192e-04, KE=8.250529e-02, Mt=0.4096, A_K=0.137, Cuv=0.121, P_in=7.352e-03, P_tgt=7.349e-03, A_F=0.125, K_low=0.150, P_drag=-2.453e-03, P_cool=-2.673e-03, WENO=0.141 (x=0.141, y=0.141), ReL2D=125.56, eps_nu=2.795e-03, P_hv=4.780e-05, rho_mean=1.000000, p_mean=0.719632, div_rms=4.085e-01, vort_rms=1.493e+00, mass_err=-1.103e-10
step= 46200, t=34.738732, dt=6.985e-04, KE=8.267745e-02, Mt=0.4095, A_K=0.103, Cuv=0.123, P_in=6.844e-03, P_tgt=6.863e-03, A_F=0.018, K_low=0.156, P_drag=-2.545e-03, P_cool=-2.720e-03, WENO=0.138 (x=0.138, y=0.138), ReL2D=124.11, eps_nu=2.803e-03, P_hv=4.903e-05, rho_mean=1.000000, p_mean=0.719725, div_rms=4.127e-01, vort_rms=1.494e+00, mass_err=-1.111e-10
step= 46500, t=34.947339, dt=6.964e-04, KE=8.279047e-02, Mt=0.4105, A_K=0.075, Cuv=0.125, P_in=6.414e-03, P_tgt=6.387e-03, A_F=0.048, K_low=0.159, P_drag=-2.601e-03, P_cool=-2.752e-03, WENO=0.138 (x=0.138, y=0.138), ReL2D=122.50, eps_nu=2.834e-03, P_hv=5.134e-05, rho_mean=1.000000, p_mean=0.719789, div_rms=4.247e-01, vort_rms=1.499e+00, mass_err=-1.118e-10
saved snapshot: results/hit2d/reynolds_calibration_ReL130_N256/calib_Mt040_N256_mu0p001140/hit2d_step0046500.npz
step= 46800, t=35.157281, dt=7.009e-04, KE=8.262129e-02, Mt=0.4110, A_K=0.055, Cuv=0.132, P_in=5.965e-03, P_tgt=5.906e-03, A_F=0.062, K_low=0.159, P_drag=-2.606e-03, P_cool=-2.818e-03, WENO=0.121 (x=0.121, y=0.121), ReL2D=120.96, eps_nu=2.853e-03, P_hv=5.305e-05, rho_mean=1.000000, p_mean=0.719921, div_rms=4.281e-01, vort_rms=1.503e+00, mass_err=-1.125e-10
step= 47100, t=35.368913, dt=7.102e-04, KE=8.230474e-02, Mt=0.4099, A_K=0.045, Cuv=0.140, P_in=5.431e-03, P_tgt=5.473e-03, A_F=0.043, K_low=0.157, P_drag=-2.584e-03, P_cool=-2.892e-03, WENO=0.127 (x=0.127, y=0.127), ReL2D=121.07, eps_nu=2.832e-03, P_hv=5.323e-05, rho_mean=1.000000, p_mean=0.720070, div_rms=4.263e-01, vort_rms=1.497e+00, mass_err=-1.132e-10
step= 47400, t=35.583001, dt=7.218e-04, KE=8.181239e-02, Mt=0.4086, A_K=0.042, Cuv=0.140, P_in=5.140e-03, P_tgt=5.118e-03, A_F=0.133, K_low=0.156, P_drag=-2.564e-03, P_cool=-2.982e-03, WENO=0.121 (x=0.121, y=0.121), ReL2D=122.37, eps_nu=2.796e-03, P_hv=5.079e-05, rho_mean=1.000000, p_mean=0.720250, div_rms=4.186e-01, vort_rms=1.490e+00, mass_err=-1.140e-10
step= 47700, t=35.801456, dt=7.356e-04, KE=8.119509e-02, Mt=0.4083, A_K=0.049, Cuv=0.135, P_in=4.830e-03, P_tgt=4.818e-03, A_F=0.086, K_low=0.156, P_drag=-2.569e-03, P_cool=-3.077e-03, WENO=0.124 (x=0.124, y=0.124), ReL2D=124.54, eps_nu=2.767e-03, P_hv=4.827e-05, rho_mean=1.000000, p_mean=0.720440, div_rms=4.165e-01, vort_rms=1.482e+00, mass_err=-1.147e-10
step= 48000, t=36.024286, dt=7.478e-04, KE=8.052731e-02, Mt=0.4083, A_K=0.071, Cuv=0.121, P_in=4.591e-03, P_tgt=4.535e-03, A_F=0.091, K_low=0.161, P_drag=-2.619e-03, P_cool=-3.164e-03, WENO=0.115 (x=0.115, y=0.115), ReL2D=125.01, eps_nu=2.753e-03, P_hv=4.758e-05, rho_mean=1.000000, p_mean=0.720614, div_rms=4.254e-01, vort_rms=1.474e+00, mass_err=-1.154e-10
step= 48300, t=36.248797, dt=7.435e-04, KE=7.988601e-02, Mt=0.4081, A_K=0.103, Cuv=0.102, P_in=4.276e-03, P_tgt=4.274e-03, A_F=0.106, K_low=0.171, P_drag=-2.721e-03, P_cool=-3.227e-03, WENO=0.111 (x=0.111, y=0.111), ReL2D=126.26, eps_nu=2.749e-03, P_hv=4.919e-05, rho_mean=1.000000, p_mean=0.720740, div_rms=4.334e-01, vort_rms=1.470e+00, mass_err=-1.161e-10
step= 48600, t=36.468847, dt=7.230e-04, KE=7.964965e-02, Mt=0.4079, A_K=0.125, Cuv=0.082, P_in=4.007e-03, P_tgt=4.031e-03, A_F=0.119, K_low=0.182, P_drag=-2.840e-03, P_cool=-3.195e-03, WENO=0.110 (x=0.110, y=0.110), ReL2D=126.48, eps_nu=2.742e-03, P_hv=5.147e-05, rho_mean=1.000000, p_mean=0.720676, div_rms=4.452e-01, vort_rms=1.463e+00, mass_err=-1.168e-10
step= 48900, t=36.683420, dt=7.083e-04, KE=7.958038e-02, Mt=0.4079, A_K=0.127, Cuv=0.064, P_in=3.810e-03, P_tgt=3.805e-03, A_F=0.038, K_low=0.189, P_drag=-2.941e-03, P_cool=-3.120e-03, WENO=0.130 (x=0.130, y=0.130), ReL2D=127.01, eps_nu=2.705e-03, P_hv=5.125e-05, rho_mean=1.000000, p_mean=0.720525, div_rms=4.319e-01, vort_rms=1.457e+00, mass_err=-1.175e-10
step= 49200, t=36.895186, dt=7.085e-04, KE=7.972261e-02, Mt=0.4084, A_K=0.109, Cuv=0.038, P_in=3.585e-03, P_tgt=3.586e-03, A_F=0.078, K_low=0.193, P_drag=-3.020e-03, P_cool=-2.992e-03, WENO=0.141 (x=0.141, y=0.141), ReL2D=127.42, eps_nu=2.688e-03, P_hv=5.043e-05, rho_mean=1.000000, p_mean=0.720270, div_rms=4.323e-01, vort_rms=1.452e+00, mass_err=-1.183e-10
step= 49500, t=37.109461, dt=7.191e-04, KE=7.957349e-02, Mt=0.4078, A_K=0.079, Cuv=0.002, P_in=3.383e-03, P_tgt=3.378e-03, A_F=0.019, K_low=0.196, P_drag=-3.084e-03, P_cool=-2.912e-03, WENO=0.127 (x=0.127, y=0.127), ReL2D=128.47, eps_nu=2.662e-03, P_hv=4.870e-05, rho_mean=1.000000, p_mean=0.720110, div_rms=4.363e-01, vort_rms=1.443e+00, mass_err=-1.190e-10
saved snapshot: results/hit2d/reynolds_calibration_ReL130_N256/calib_Mt040_N256_mu0p001140/hit2d_step0049600.npz
step= 49800, t=37.326510, dt=7.262e-04, KE=7.890629e-02, Mt=0.4063, A_K=0.046, Cuv=-0.029, P_in=3.164e-03, P_tgt=3.208e-03, A_F=0.071, K_low=0.199, P_drag=-3.131e-03, P_cool=-2.925e-03, WENO=0.120 (x=0.120, y=0.120), ReL2D=129.37, eps_nu=2.607e-03, P_hv=4.740e-05, rho_mean=1.000000, p_mean=0.720135, div_rms=4.304e-01, vort_rms=1.428e+00, mass_err=-1.197e-10
step= 50100, t=37.543588, dt=7.212e-04, KE=7.816450e-02, Mt=0.4041, A_K=0.031, Cuv=-0.051, P_in=3.151e-03, P_tgt=3.086e-03, A_F=0.066, K_low=0.201, P_drag=-3.154e-03, P_cool=-2.945e-03, WENO=0.118 (x=0.118, y=0.118), ReL2D=130.92, eps_nu=2.545e-03, P_hv=4.593e-05, rho_mean=1.000000, p_mean=0.720176, div_rms=4.290e-01, vort_rms=1.410e+00, mass_err=-1.204e-10
step= 50400, t=37.759380, dt=7.154e-04, KE=7.765971e-02, Mt=0.4018, A_K=0.055, Cuv=-0.069, P_in=3.084e-03, P_tgt=3.019e-03, A_F=0.059, K_low=0.201, P_drag=-3.155e-03, P_cool=-2.916e-03, WENO=0.118 (x=0.118, y=0.118), ReL2D=131.50, eps_nu=2.517e-03, P_hv=4.580e-05, rho_mean=1.000000, p_mean=0.720118, div_rms=4.424e-01, vort_rms=1.395e+00, mass_err=-1.211e-10
step= 50700, t=37.975822, dt=7.295e-04, KE=7.697445e-02, Mt=0.3993, A_K=0.082, Cuv=-0.064, P_in=2.999e-03, P_tgt=3.006e-03, A_F=0.030, K_low=0.201, P_drag=-3.143e-03, P_cool=-2.922e-03, WENO=0.129 (x=0.129, y=0.129), ReL2D=129.05, eps_nu=2.495e-03, P_hv=4.545e-05, rho_mean=1.000000, p_mean=0.720129, div_rms=4.395e-01, vort_rms=1.390e+00, mass_err=-1.219e-10
step= 51000, t=38.193000, dt=7.226e-04, KE=7.622671e-02, Mt=0.3969, A_K=0.104, Cuv=-0.034, P_in=3.048e-03, P_tgt=3.050e-03, A_F=0.044, K_low=0.203, P_drag=-3.138e-03, P_cool=-2.940e-03, WENO=0.128 (x=0.128, y=0.128), ReL2D=126.12, eps_nu=2.485e-03, P_hv=4.613e-05, rho_mean=1.000000, p_mean=0.720165, div_rms=4.431e-01, vort_rms=1.385e+00, mass_err=-1.226e-10
step= 51300, t=38.410492, dt=7.298e-04, KE=7.568525e-02, Mt=0.3955, A_K=0.111, Cuv=-0.012, P_in=3.094e-03, P_tgt=3.143e-03, A_F=0.156, K_low=0.206, P_drag=-3.140e-03, P_cool=-2.920e-03, WENO=0.131 (x=0.131, y=0.131), ReL2D=126.02, eps_nu=2.486e-03, P_hv=4.758e-05, rho_mean=1.000000, p_mean=0.720126, div_rms=4.496e-01, vort_rms=1.382e+00, mass_err=-1.233e-10
step= 51600, t=38.628902, dt=7.250e-04, KE=7.542185e-02, Mt=0.3946, A_K=0.106, Cuv=0.006, P_in=3.259e-03, P_tgt=3.263e-03, A_F=0.120, K_low=0.207, P_drag=-3.157e-03, P_cool=-2.850e-03, WENO=0.129 (x=0.129, y=0.129), ReL2D=126.25, eps_nu=2.470e-03, P_hv=4.862e-05, rho_mean=1.000000, p_mean=0.719987, div_rms=4.596e-01, vort_rms=1.373e+00, mass_err=-1.240e-10
step= 51900, t=38.845903, dt=7.235e-04, KE=7.501597e-02, Mt=0.3936, A_K=0.100, Cuv=0.012, P_in=3.378e-03, P_tgt=3.414e-03, A_F=0.113, K_low=0.210, P_drag=-3.193e-03, P_cool=-2.816e-03, WENO=0.127 (x=0.127, y=0.127), ReL2D=124.44, eps_nu=2.440e-03, P_hv=4.705e-05, rho_mean=1.000000, p_mean=0.719919, div_rms=4.689e-01, vort_rms=1.359e+00, mass_err=-1.247e-10
step= 52200, t=39.063510, dt=7.262e-04, KE=7.443177e-02, Mt=0.3926, A_K=0.087, Cuv=0.011, P_in=3.602e-03, P_tgt=3.602e-03, A_F=0.194, K_low=0.218, P_drag=-3.273e-03, P_cool=-2.822e-03, WENO=0.145 (x=0.145, y=0.145), ReL2D=121.56, eps_nu=2.430e-03, P_hv=4.453e-05, rho_mean=1.000000, p_mean=0.719929, div_rms=4.861e-01, vort_rms=1.348e+00, mass_err=-1.255e-10
step= 52500, t=39.281470, dt=7.271e-04, KE=7.390052e-02, Mt=0.3910, A_K=0.072, Cuv=0.003, P_in=3.813e-03, P_tgt=3.833e-03, A_F=0.114, K_low=0.229, P_drag=-3.380e-03, P_cool=-2.820e-03, WENO=0.152 (x=0.152, y=0.152), ReL2D=118.65, eps_nu=2.423e-03, P_hv=4.030e-05, rho_mean=1.000000, p_mean=0.719926, div_rms=5.008e-01, vort_rms=1.338e+00, mass_err=-1.262e-10
saved snapshot: results/hit2d/reynolds_calibration_ReL130_N256/calib_Mt040_N256_mu0p001140/hit2d_step0052700.npz
step= 52800, t=39.499473, dt=7.308e-04, KE=7.345651e-02, Mt=0.3890, A_K=0.073, Cuv=-0.002, P_in=4.147e-03, P_tgt=4.149e-03, A_F=0.133, K_low=0.240, P_drag=-3.482e-03, P_cool=-2.810e-03, WENO=0.140 (x=0.140, y=0.140), ReL2D=117.85, eps_nu=2.379e-03, P_hv=4.000e-05, rho_mean=1.000000, p_mean=0.719905, div_rms=4.879e-01, vort_rms=1.330e+00, mass_err=-1.269e-10
step= 53100, t=39.718600, dt=7.310e-04, KE=7.325729e-02, Mt=0.3891, A_K=0.068, Cuv=-0.004, P_in=4.551e-03, P_tgt=4.522e-03, A_F=0.077, K_low=0.246, P_drag=-3.544e-03, P_cool=-2.764e-03, WENO=0.141 (x=0.141, y=0.141), ReL2D=118.23, eps_nu=2.368e-03, P_hv=4.185e-05, rho_mean=1.000000, p_mean=0.719813, div_rms=4.926e-01, vort_rms=1.324e+00, mass_err=-1.276e-10
step= 53400, t=39.937698, dt=7.292e-04, KE=7.287006e-02, Mt=0.3893, A_K=0.053, Cuv=-0.003, P_in=4.898e-03, P_tgt=4.920e-03, A_F=0.024, K_low=0.250, P_drag=-3.561e-03, P_cool=-2.773e-03, WENO=0.139 (x=0.139, y=0.139), ReL2D=119.50, eps_nu=2.327e-03, P_hv=3.997e-05, rho_mean=1.000000, p_mean=0.719831, div_rms=4.827e-01, vort_rms=1.315e+00, mass_err=-1.283e-10
step= 53700, t=40.157089, dt=7.351e-04, KE=7.277621e-02, Mt=0.3898, A_K=0.032, Cuv=0.001, P_in=5.346e-03, P_tgt=5.339e-03, A_F=0.167, K_low=0.249, P_drag=-3.558e-03, P_cool=-2.740e-03, WENO=0.139 (x=0.139, y=0.139), ReL2D=121.74, eps_nu=2.291e-03, P_hv=3.716e-05, rho_mean=1.000000, p_mean=0.719766, div_rms=4.695e-01, vort_rms=1.310e+00, mass_err=-1.291e-10
step= 54000, t=40.378961, dt=7.462e-04, KE=7.290742e-02, Mt=0.3898, A_K=0.023, Cuv=0.004, P_in=5.816e-03, P_tgt=5.773e-03, A_F=0.039, K_low=0.249, P_drag=-3.563e-03, P_cool=-2.682e-03, WENO=0.148 (x=0.148, y=0.148), ReL2D=122.43, eps_nu=2.279e-03, P_hv=3.679e-05, rho_mean=1.000000, p_mean=0.719650, div_rms=4.650e-01, vort_rms=1.308e+00, mass_err=-1.298e-10
step= 54300, t=40.605204, dt=7.576e-04, KE=7.262224e-02, Mt=0.3882, A_K=0.024, Cuv=0.012, P_in=6.335e-03, P_tgt=6.292e-03, A_F=0.015, K_low=0.254, P_drag=-3.593e-03, P_cool=-2.728e-03, WENO=0.139 (x=0.139, y=0.139), ReL2D=122.86, eps_nu=2.265e-03, P_hv=3.438e-05, rho_mean=1.000000, p_mean=0.719741, div_rms=4.454e-01, vort_rms=1.312e+00, mass_err=-1.305e-10
step= 54600, t=40.830583, dt=7.500e-04, KE=7.231658e-02, Mt=0.3869, A_K=0.036, Cuv=0.034, P_in=6.923e-03, P_tgt=6.943e-03, A_F=0.173, K_low=0.259, P_drag=-3.631e-03, P_cool=-2.801e-03, WENO=0.136 (x=0.136, y=0.136), ReL2D=122.49, eps_nu=2.274e-03, P_hv=3.513e-05, rho_mean=1.000000, p_mean=0.719887, div_rms=4.299e-01, vort_rms=1.322e+00, mass_err=-1.312e-10
step= 54900, t=41.055380, dt=7.492e-04, KE=7.263798e-02, Mt=0.3873, A_K=0.043, Cuv=0.064, P_in=7.670e-03, P_tgt=7.695e-03, A_F=0.014, K_low=0.258, P_drag=-3.643e-03, P_cool=-2.777e-03, WENO=0.131 (x=0.131, y=0.131), ReL2D=122.91, eps_nu=2.293e-03, P_hv=3.387e-05, rho_mean=1.000000, p_mean=0.719839, div_rms=4.160e-01, vort_rms=1.334e+00, mass_err=-1.319e-10
step= 55200, t=41.282028, dt=7.608e-04, KE=7.386746e-02, Mt=0.3891, A_K=0.041, Cuv=0.091, P_in=8.449e-03, P_tgt=8.441e-03, A_F=0.206, K_low=0.249, P_drag=-3.627e-03, P_cool=-2.609e-03, WENO=0.145 (x=0.145, y=0.145), ReL2D=122.88, eps_nu=2.337e-03, P_hv=3.318e-05, rho_mean=1.000000, p_mean=0.719504, div_rms=4.217e-01, vort_rms=1.346e+00, mass_err=-1.327e-10
step= 55500, t=41.511987, dt=7.703e-04, KE=7.514232e-02, Mt=0.3905, A_K=0.053, Cuv=0.114, P_in=9.129e-03, P_tgt=9.145e-03, A_F=0.120, K_low=0.239, P_drag=-3.601e-03, P_cool=-2.477e-03, WENO=0.135 (x=0.135, y=0.135), ReL2D=122.09, eps_nu=2.388e-03, P_hv=3.246e-05, rho_mean=1.000000, p_mean=0.719239, div_rms=4.194e-01, vort_rms=1.364e+00, mass_err=-1.334e-10
step= 55800, t=41.739890, dt=7.555e-04, KE=7.644362e-02, Mt=0.3936, A_K=0.042, Cuv=0.154, P_in=9.747e-03, P_tgt=9.738e-03, A_F=0.210, K_low=0.232, P_drag=-3.596e-03, P_cool=-2.373e-03, WENO=0.139 (x=0.139, y=0.139), ReL2D=122.22, eps_nu=2.462e-03, P_hv=3.316e-05, rho_mean=1.000000, p_mean=0.719032, div_rms=4.263e-01, vort_rms=1.385e+00, mass_err=-1.341e-10
saved snapshot: results/hit2d/reynolds_calibration_ReL130_N256/calib_Mt040_N256_mu0p001140/hit2d_step0055800.npz
step= 56100, t=41.965926, dt=7.469e-04, KE=7.715041e-02, Mt=0.3972, A_K=0.016, Cuv=0.170, P_in=1.017e-02, P_tgt=1.007e-02, A_F=0.239, K_low=0.232, P_drag=-3.603e-03, P_cool=-2.410e-03, WENO=0.134 (x=0.134, y=0.134), ReL2D=123.17, eps_nu=2.518e-03, P_hv=3.374e-05, rho_mean=1.000000, p_mean=0.719106, div_rms=4.255e-01, vort_rms=1.403e+00, mass_err=-1.348e-10
step= 56400, t=42.188594, dt=7.383e-04, KE=7.721111e-02, Mt=0.3990, A_K=0.023, Cuv=0.159, P_in=1.019e-02, P_tgt=1.021e-02, A_F=0.009, K_low=0.234, P_drag=-3.600e-03, P_cool=-2.578e-03, WENO=0.149 (x=0.149, y=0.149), ReL2D=123.76, eps_nu=2.544e-03, P_hv=3.588e-05, rho_mean=1.000000, p_mean=0.719442, div_rms=4.079e-01, vort_rms=1.418e+00, mass_err=-1.356e-10
step= 56700, t=42.409166, dt=7.349e-04, KE=7.772417e-02, Mt=0.4004, A_K=0.055, Cuv=0.125, P_in=1.026e-02, P_tgt=1.024e-02, A_F=0.024, K_low=0.229, P_drag=-3.566e-03, P_cool=-2.653e-03, WENO=0.139 (x=0.139, y=0.139), ReL2D=122.09, eps_nu=2.602e-03, P_hv=3.709e-05, rho_mean=1.000000, p_mean=0.719592, div_rms=4.178e-01, vort_rms=1.432e+00, mass_err=-1.363e-10
step= 57000, t=42.631203, dt=7.454e-04, KE=7.826209e-02, Mt=0.4018, A_K=0.076, Cuv=0.085, P_in=1.018e-02, P_tgt=1.014e-02, A_F=0.311, K_low=0.223, P_drag=-3.514e-03, P_cool=-2.724e-03, WENO=0.130 (x=0.130, y=0.130), ReL2D=119.47, eps_nu=2.679e-03, P_hv=3.975e-05, rho_mean=1.000000, p_mean=0.719733, div_rms=4.370e-01, vort_rms=1.448e+00, mass_err=-1.370e-10
step= 57300, t=42.855745, dt=7.498e-04, KE=7.818804e-02, Mt=0.4018, A_K=0.093, Cuv=0.057, P_in=1.004e-02, P_tgt=1.001e-02, A_F=0.105, K_low=0.221, P_drag=-3.462e-03, P_cool=-2.908e-03, WENO=0.140 (x=0.140, y=0.140), ReL2D=117.42, eps_nu=2.735e-03, P_hv=3.938e-05, rho_mean=1.000000, p_mean=0.720102, div_rms=4.408e-01, vort_rms=1.463e+00, mass_err=-1.377e-10
step= 57600, t=43.079736, dt=7.402e-04, KE=7.806806e-02, Mt=0.4016, A_K=0.086, Cuv=0.060, P_in=1.001e-02, P_tgt=9.881e-03, A_F=0.180, K_low=0.219, P_drag=-3.420e-03, P_cool=-3.088e-03, WENO=0.134 (x=0.134, y=0.134), ReL2D=117.00, eps_nu=2.785e-03, P_hv=4.058e-05, rho_mean=1.000000, p_mean=0.720462, div_rms=4.377e-01, vort_rms=1.479e+00, mass_err=-1.384e-10
step= 57900, t=43.297455, dt=7.134e-04, KE=7.875589e-02, Mt=0.4030, A_K=0.038, Cuv=0.087, P_in=9.702e-03, P_tgt=9.735e-03, A_F=0.055, K_low=0.218, P_drag=-3.418e-03, P_cool=-3.100e-03, WENO=0.130 (x=0.130, y=0.130), ReL2D=118.13, eps_nu=2.908e-03, P_hv=4.547e-05, rho_mean=1.000000, p_mean=0.720487, div_rms=4.545e-01, vort_rms=1.509e+00, mass_err=-1.392e-10
step= 58200, t=43.511817, dt=7.184e-04, KE=7.970426e-02, Mt=0.4059, A_K=0.022, Cuv=0.112, P_in=9.332e-03, P_tgt=9.424e-03, A_F=0.089, K_low=0.220, P_drag=-3.460e-03, P_cool=-3.044e-03, WENO=0.126 (x=0.126, y=0.126), ReL2D=117.64, eps_nu=2.958e-03, P_hv=4.878e-05, rho_mean=1.000000, p_mean=0.720374, div_rms=4.676e-01, vort_rms=1.518e+00, mass_err=-1.399e-10
step= 58500, t=43.727459, dt=7.173e-04, KE=8.044182e-02, Mt=0.4081, A_K=0.020, Cuv=0.137, P_in=8.897e-03, P_tgt=8.947e-03, A_F=0.096, K_low=0.223, P_drag=-3.517e-03, P_cool=-3.013e-03, WENO=0.115 (x=0.115, y=0.115), ReL2D=119.22, eps_nu=2.973e-03, P_hv=4.976e-05, rho_mean=1.000000, p_mean=0.720311, div_rms=4.675e-01, vort_rms=1.522e+00, mass_err=-1.406e-10
step= 58800, t=43.941526, dt=7.107e-04, KE=8.117682e-02, Mt=0.4097, A_K=0.004, Cuv=0.160, P_in=8.395e-03, P_tgt=8.389e-03, A_F=0.071, K_low=0.225, P_drag=-3.569e-03, P_cool=-2.958e-03, WENO=0.125 (x=0.125, y=0.125), ReL2D=120.22, eps_nu=2.979e-03, P_hv=4.993e-05, rho_mean=1.000000, p_mean=0.720201, div_rms=4.669e-01, vort_rms=1.524e+00, mass_err=-1.413e-10
saved snapshot: results/hit2d/reynolds_calibration_ReL130_N256/calib_Mt040_N256_mu0p001140/hit2d_step0058900.npz
step= 59100, t=44.154490, dt=7.087e-04, KE=8.199281e-02, Mt=0.4114, A_K=0.002, Cuv=0.170, P_in=7.810e-03, P_tgt=7.776e-03, A_F=0.065, K_low=0.223, P_drag=-3.591e-03, P_cool=-2.862e-03, WENO=0.139 (x=0.139, y=0.139), ReL2D=121.42, eps_nu=2.989e-03, P_hv=4.981e-05, rho_mean=1.000000, p_mean=0.720011, div_rms=4.670e-01, vort_rms=1.527e+00, mass_err=-1.421e-10
step= 59400, t=44.368237, dt=7.139e-04, KE=8.241103e-02, Mt=0.4123, A_K=0.010, Cuv=0.171, P_in=7.166e-03, P_tgt=7.132e-03, A_F=0.078, K_low=0.222, P_drag=-3.580e-03, P_cool=-2.822e-03, WENO=0.149 (x=0.149, y=0.149), ReL2D=122.37, eps_nu=2.994e-03, P_hv=4.778e-05, rho_mean=1.000000, p_mean=0.719930, div_rms=4.671e-01, vort_rms=1.528e+00, mass_err=-1.428e-10
step= 59700, t=44.579089, dt=6.937e-04, KE=8.237311e-02, Mt=0.4117, A_K=0.021, Cuv=0.162, P_in=6.489e-03, P_tgt=6.539e-03, A_F=0.127, K_low=0.220, P_drag=-3.537e-03, P_cool=-2.848e-03, WENO=0.148 (x=0.148, y=0.148), ReL2D=123.54, eps_nu=2.983e-03, P_hv=4.891e-05, rho_mean=1.000000, p_mean=0.719981, div_rms=4.624e-01, vort_rms=1.527e+00, mass_err=-1.435e-10
step= 60000, t=44.786226, dt=6.917e-04, KE=8.216347e-02, Mt=0.4107, A_K=0.039, Cuv=0.157, P_in=6.032e-03, P_tgt=6.032e-03, A_F=0.257, K_low=0.216, P_drag=-3.455e-03, P_cool=-2.888e-03, WENO=0.137 (x=0.137, y=0.137), ReL2D=125.08, eps_nu=2.987e-03, P_hv=5.226e-05, rho_mean=1.000000, p_mean=0.720061, div_rms=4.568e-01, vort_rms=1.530e+00, mass_err=-1.442e-10
step= 60300, t=44.994212, dt=6.967e-04, KE=8.178200e-02, Mt=0.4104, A_K=0.062, Cuv=0.165, P_in=5.516e-03, P_tgt=5.594e-03, A_F=0.021, K_low=0.212, P_drag=-3.356e-03, P_cool=-2.944e-03, WENO=0.130 (x=0.130, y=0.130), ReL2D=124.78, eps_nu=2.993e-03, P_hv=5.458e-05, rho_mean=1.000000, p_mean=0.720174, div_rms=4.576e-01, vort_rms=1.532e+00, mass_err=-1.449e-10
step= 60600, t=45.205087, dt=7.126e-04, KE=8.132662e-02, Mt=0.4103, A_K=0.057, Cuv=0.170, P_in=5.207e-03, P_tgt=5.190e-03, A_F=0.115, K_low=0.209, P_drag=-3.258e-03, P_cool=-2.999e-03, WENO=0.127 (x=0.127, y=0.127), ReL2D=124.21, eps_nu=3.008e-03, P_hv=5.847e-05, rho_mean=1.000000, p_mean=0.720284, div_rms=4.616e-01, vort_rms=1.535e+00, mass_err=-1.457e-10
step= 60900, t=45.422688, dt=7.381e-04, KE=8.116337e-02, Mt=0.4098, A_K=0.057, Cuv=0.163, P_in=4.786e-03, P_tgt=4.827e-03, A_F=0.124, K_low=0.204, P_drag=-3.153e-03, P_cool=-2.981e-03, WENO=0.138 (x=0.138, y=0.138), ReL2D=123.10, eps_nu=3.014e-03, P_hv=5.969e-05, rho_mean=1.000000, p_mean=0.720248, div_rms=4.649e-01, vort_rms=1.535e+00, mass_err=-1.464e-10
step= 61200, t=45.646788, dt=7.471e-04, KE=8.120056e-02, Mt=0.4094, A_K=0.065, Cuv=0.160, P_in=4.493e-03, P_tgt=4.504e-03, A_F=0.009, K_low=0.197, P_drag=-3.046e-03, P_cool=-2.912e-03, WENO=0.129 (x=0.129, y=0.129), ReL2D=122.89, eps_nu=3.015e-03, P_hv=5.828e-05, rho_mean=1.000000, p_mean=0.720109, div_rms=4.777e-01, vort_rms=1.530e+00, mass_err=-1.471e-10
step= 61500, t=45.870623, dt=7.442e-04, KE=8.106621e-02, Mt=0.4090, A_K=0.065, Cuv=0.174, P_in=4.244e-03, P_tgt=4.215e-03, A_F=0.052, K_low=0.192, P_drag=-2.959e-03, P_cool=-2.868e-03, WENO=0.128 (x=0.128, y=0.128), ReL2D=123.47, eps_nu=2.983e-03, P_hv=6.040e-05, rho_mean=1.000000, p_mean=0.720022, div_rms=4.735e-01, vort_rms=1.522e+00, mass_err=-1.478e-10
step= 61800, t=46.094154, dt=7.497e-04, KE=8.097761e-02, Mt=0.4089, A_K=0.051, Cuv=0.198, P_in=3.972e-03, P_tgt=3.950e-03, A_F=0.070, K_low=0.187, P_drag=-2.882e-03, P_cool=-2.809e-03, WENO=0.124 (x=0.124, y=0.124), ReL2D=122.14, eps_nu=2.952e-03, P_hv=6.107e-05, rho_mean=1.000000, p_mean=0.719904, div_rms=4.785e-01, vort_rms=1.511e+00, mass_err=-1.485e-10
saved snapshot: results/hit2d/reynolds_calibration_ReL130_N256/calib_Mt040_N256_mu0p001140/hit2d_step0062000.npz
step= 62100, t=46.318425, dt=7.448e-04, KE=8.046541e-02, Mt=0.4078, A_K=0.033, Cuv=0.215, P_in=3.670e-03, P_tgt=3.715e-03, A_F=0.199, K_low=0.182, P_drag=-2.795e-03, P_cool=-2.830e-03, WENO=0.114 (x=0.114, y=0.114), ReL2D=121.52, eps_nu=2.902e-03, P_hv=6.166e-05, rho_mean=1.000000, p_mean=0.719945, div_rms=4.750e-01, vort_rms=1.498e+00, mass_err=-1.493e-10
step= 62400, t=46.542154, dt=7.497e-04, KE=7.947447e-02, Mt=0.4052, A_K=0.009, Cuv=0.222, P_in=3.549e-03, P_tgt=3.541e-03, A_F=0.101, K_low=0.175, P_drag=-2.689e-03, P_cool=-2.939e-03, WENO=0.107 (x=0.107, y=0.107), ReL2D=121.18, eps_nu=2.830e-03, P_hv=6.393e-05, rho_mean=1.000000, p_mean=0.720164, div_rms=4.685e-01, vort_rms=1.480e+00, mass_err=-1.500e-10
step= 62700, t=46.764974, dt=7.390e-04, KE=7.847201e-02, Mt=0.4026, A_K=0.020, Cuv=0.229, P_in=3.278e-03, P_tgt=3.443e-03, A_F=0.134, K_low=0.168, P_drag=-2.575e-03, P_cool=-3.045e-03, WENO=0.114 (x=0.114, y=0.114), ReL2D=121.29, eps_nu=2.746e-03, P_hv=6.295e-05, rho_mean=1.000000, p_mean=0.720375, div_rms=4.584e-01, vort_rms=1.459e+00, mass_err=-1.507e-10
step= 63000, t=46.988662, dt=7.554e-04, KE=7.748750e-02, Mt=0.4009, A_K=0.043, Cuv=0.229, P_in=3.412e-03, P_tgt=3.396e-03, A_F=0.004, K_low=0.163, P_drag=-2.473e-03, P_cool=-3.143e-03, WENO=0.121 (x=0.121, y=0.121), ReL2D=121.10, eps_nu=2.658e-03, P_hv=6.139e-05, rho_mean=1.000000, p_mean=0.720572, div_rms=4.351e-01, vort_rms=1.442e+00, mass_err=-1.514e-10
step= 63300, t=47.215884, dt=7.578e-04, KE=7.685095e-02, Mt=0.3994, A_K=0.055, Cuv=0.225, P_in=3.360e-03, P_tgt=3.394e-03, A_F=0.453, K_low=0.160, P_drag=-2.415e-03, P_cool=-3.170e-03, WENO=0.142 (x=0.142, y=0.142), ReL2D=122.64, eps_nu=2.598e-03, P_hv=5.638e-05, rho_mean=1.000000, p_mean=0.720626, div_rms=4.317e-01, vort_rms=1.425e+00, mass_err=-1.521e-10
step= 63600, t=47.443445, dt=7.593e-04, KE=7.647193e-02, Mt=0.3982, A_K=0.044, Cuv=0.213, P_in=3.413e-03, P_tgt=3.424e-03, A_F=0.256, K_low=0.160, P_drag=-2.398e-03, P_cool=-3.149e-03, WENO=0.144 (x=0.144, y=0.144), ReL2D=124.45, eps_nu=2.559e-03, P_hv=5.107e-05, rho_mean=1.000000, p_mean=0.720583, div_rms=4.268e-01, vort_rms=1.415e+00, mass_err=-1.529e-10
step= 63900, t=47.670580, dt=7.509e-04, KE=7.673814e-02, Mt=0.3982, A_K=0.006, Cuv=0.189, P_in=3.471e-03, P_tgt=3.479e-03, A_F=0.075, K_low=0.159, P_drag=-2.396e-03, P_cool=-3.008e-03, WENO=0.142 (x=0.142, y=0.142), ReL2D=123.72, eps_nu=2.559e-03, P_hv=5.030e-05, rho_mean=1.000000, p_mean=0.720301, div_rms=4.405e-01, vort_rms=1.409e+00, mass_err=-1.536e-10
step= 64200, t=47.892072, dt=7.283e-04, KE=7.715767e-02, Mt=0.3983, A_K=0.049, Cuv=0.185, P_in=3.549e-03, P_tgt=3.522e-03, A_F=0.084, K_low=0.157, P_drag=-2.389e-03, P_cool=-2.843e-03, WENO=0.137 (x=0.137, y=0.137), ReL2D=122.71, eps_nu=2.544e-03, P_hv=5.050e-05, rho_mean=1.000000, p_mean=0.719972, div_rms=4.433e-01, vort_rms=1.403e+00, mass_err=-1.543e-10
step= 64500, t=48.108408, dt=7.137e-04, KE=7.747542e-02, Mt=0.3976, A_K=0.087, Cuv=0.185, P_in=3.590e-03, P_tgt=3.575e-03, A_F=0.140, K_low=0.154, P_drag=-2.365e-03, P_cool=-2.710e-03, WENO=0.139 (x=0.139, y=0.139), ReL2D=123.30, eps_nu=2.519e-03, P_hv=4.948e-05, rho_mean=1.000000, p_mean=0.719706, div_rms=4.404e-01, vort_rms=1.397e+00, mass_err=-1.550e-10
step= 64800, t=48.321190, dt=7.054e-04, KE=7.759421e-02, Mt=0.3965, A_K=0.109, Cuv=0.186, P_in=3.670e-03, P_tgt=3.657e-03, A_F=0.046, K_low=0.151, P_drag=-2.337e-03, P_cool=-2.627e-03, WENO=0.141 (x=0.141, y=0.141), ReL2D=125.99, eps_nu=2.477e-03, P_hv=4.793e-05, rho_mean=1.000000, p_mean=0.719540, div_rms=4.237e-01, vort_rms=1.390e+00, mass_err=-1.557e-10
step= 65100, t=48.532375, dt=7.078e-04, KE=7.755396e-02, Mt=0.3959, A_K=0.114, Cuv=0.195, P_in=3.746e-03, P_tgt=3.766e-03, A_F=0.154, K_low=0.150, P_drag=-2.330e-03, P_cool=-2.583e-03, WENO=0.137 (x=0.137, y=0.137), ReL2D=126.92, eps_nu=2.453e-03, P_hv=4.584e-05, rho_mean=1.000000, p_mean=0.719452, div_rms=4.169e-01, vort_rms=1.386e+00, mass_err=-1.565e-10
saved snapshot: results/hit2d/reynolds_calibration_ReL130_N256/calib_Mt040_N256_mu0p001140/hit2d_step0065100.npz
step= 65400, t=48.745393, dt=7.101e-04, KE=7.726123e-02, Mt=0.3954, A_K=0.109, Cuv=0.212, P_in=3.841e-03, P_tgt=3.891e-03, A_F=0.043, K_low=0.152, P_drag=-2.340e-03, P_cool=-2.596e-03, WENO=0.128 (x=0.128, y=0.128), ReL2D=126.11, eps_nu=2.450e-03, P_hv=4.363e-05, rho_mean=1.000000, p_mean=0.719477, div_rms=4.194e-01, vort_rms=1.384e+00, mass_err=-1.572e-10
step= 65700, t=48.959280, dt=7.149e-04, KE=7.670471e-02, Mt=0.3951, A_K=0.102, Cuv=0.227, P_in=4.027e-03, P_tgt=4.039e-03, A_F=0.018, K_low=0.156, P_drag=-2.357e-03, P_cool=-2.664e-03, WENO=0.129 (x=0.129, y=0.129), ReL2D=126.12, eps_nu=2.443e-03, P_hv=4.261e-05, rho_mean=1.000000, p_mean=0.719613, div_rms=4.261e-01, vort_rms=1.379e+00, mass_err=-1.579e-10
step= 66000, t=49.174161, dt=7.168e-04, KE=7.618400e-02, Mt=0.3951, A_K=0.086, Cuv=0.236, P_in=4.258e-03, P_tgt=4.193e-03, A_F=0.278, K_low=0.158, P_drag=-2.361e-03, P_cool=-2.728e-03, WENO=0.121 (x=0.121, y=0.121), ReL2D=125.26, eps_nu=2.433e-03, P_hv=4.080e-05, rho_mean=1.000000, p_mean=0.719741, div_rms=4.341e-01, vort_rms=1.372e+00, mass_err=-1.586e-10
step= 66300, t=49.391001, dt=7.340e-04, KE=7.565231e-02, Mt=0.3946, A_K=0.065, Cuv=0.236, P_in=4.377e-03, P_tgt=4.361e-03, A_F=0.159, K_low=0.158, P_drag=-2.343e-03, P_cool=-2.798e-03, WENO=0.115 (x=0.115, y=0.115), ReL2D=123.52, eps_nu=2.424e-03, P_hv=4.051e-05, rho_mean=1.000000, p_mean=0.719881, div_rms=4.309e-01, vort_rms=1.371e+00, mass_err=-1.594e-10
step= 66600, t=49.613783, dt=7.423e-04, KE=7.532278e-02, Mt=0.3945, A_K=0.048, Cuv=0.235, P_in=4.511e-03, P_tgt=4.549e-03, A_F=0.019, K_low=0.156, P_drag=-2.312e-03, P_cool=-2.833e-03, WENO=0.113 (x=0.113, y=0.113), ReL2D=121.36, eps_nu=2.435e-03, P_hv=3.930e-05, rho_mean=1.000000, p_mean=0.719952, div_rms=4.350e-01, vort_rms=1.372e+00, mass_err=-1.601e-10
step= 66900, t=49.836348, dt=7.446e-04, KE=7.520587e-02, Mt=0.3951, A_K=0.050, Cuv=0.227, P_in=4.753e-03, P_tgt=4.736e-03, A_F=0.045, K_low=0.153, P_drag=-2.289e-03, P_cool=-2.835e-03, WENO=0.124 (x=0.124, y=0.124), ReL2D=120.37, eps_nu=2.447e-03, P_hv=3.866e-05, rho_mean=1.000000, p_mean=0.719955, div_rms=4.341e-01, vort_rms=1.377e+00, mass_err=-1.608e-10
step= 67200, t=50.060957, dt=7.519e-04, KE=7.519138e-02, Mt=0.3955, A_K=0.060, Cuv=0.206, P_in=4.888e-03, P_tgt=4.907e-03, A_F=0.269, K_low=0.153, P_drag=-2.279e-03, P_cool=-2.824e-03, WENO=0.124 (x=0.124, y=0.124), ReL2D=121.43, eps_nu=2.465e-03, P_hv=3.727e-05, rho_mean=1.000000, p_mean=0.719934, div_rms=4.342e-01, vort_rms=1.382e+00, mass_err=-1.615e-10
step= 67500, t=50.283158, dt=7.345e-04, KE=7.515682e-02, Mt=0.3959, A_K=0.067, Cuv=0.184, P_in=4.972e-03, P_tgt=5.071e-03, A_F=0.053, K_low=0.154, P_drag=-2.279e-03, P_cool=-2.826e-03, WENO=0.113 (x=0.113, y=0.113), ReL2D=122.79, eps_nu=2.496e-03, P_hv=3.803e-05, rho_mean=1.000000, p_mean=0.719938, div_rms=4.350e-01, vort_rms=1.392e+00, mass_err=-1.622e-10
step= 67800, t=50.503343, dt=7.327e-04, KE=7.502396e-02, Mt=0.3956, A_K=0.048, Cuv=0.174, P_in=5.301e-03, P_tgt=5.231e-03, A_F=0.249, K_low=0.153, P_drag=-2.264e-03, P_cool=-2.856e-03, WENO=0.097 (x=0.097, y=0.097), ReL2D=124.45, eps_nu=2.550e-03, P_hv=3.986e-05, rho_mean=1.000000, p_mean=0.719998, div_rms=4.450e-01, vort_rms=1.405e+00, mass_err=-1.630e-10
step= 68100, t=50.724162, dt=7.465e-04, KE=7.451325e-02, Mt=0.3940, A_K=0.001, Cuv=0.160, P_in=5.439e-03, P_tgt=5.440e-03, A_F=0.163, K_low=0.150, P_drag=-2.213e-03, P_cool=-2.967e-03, WENO=0.113 (x=0.113, y=0.113), ReL2D=125.70, eps_nu=2.542e-03, P_hv=3.938e-05, rho_mean=1.000000, p_mean=0.720220, div_rms=4.420e-01, vort_rms=1.403e+00, mass_err=-1.637e-10
saved snapshot: results/hit2d/reynolds_calibration_ReL130_N256/calib_Mt040_N256_mu0p001140/hit2d_step0068200.npz
step= 68400, t=50.952039, dt=7.658e-04, KE=7.431301e-02, Mt=0.3934, A_K=0.072, Cuv=0.150, P_in=5.740e-03, P_tgt=5.718e-03, A_F=0.049, K_low=0.145, P_drag=-2.138e-03, P_cool=-3.026e-03, WENO=0.119 (x=0.119, y=0.119), ReL2D=123.89, eps_nu=2.563e-03, P_hv=3.837e-05, rho_mean=1.000000, p_mean=0.720337, div_rms=4.389e-01, vort_rms=1.411e+00, mass_err=-1.644e-10
step= 68700, t=51.182619, dt=7.711e-04, KE=7.465734e-02, Mt=0.3940, A_K=0.129, Cuv=0.151, P_in=6.014e-03, P_tgt=6.002e-03, A_F=0.051, K_low=0.140, P_drag=-2.067e-03, P_cool=-2.991e-03, WENO=0.128 (x=0.128, y=0.128), ReL2D=122.16, eps_nu=2.596e-03, P_hv=3.708e-05, rho_mean=1.000000, p_mean=0.720267, div_rms=4.470e-01, vort_rms=1.418e+00, mass_err=-1.651e-10
step= 69000, t=51.413223, dt=7.670e-04, KE=7.538833e-02, Mt=0.3949, A_K=0.154, Cuv=0.146, P_in=6.281e-03, P_tgt=6.261e-03, A_F=0.082, K_low=0.135, P_drag=-2.011e-03, P_cool=-2.897e-03, WENO=0.117 (x=0.117, y=0.117), ReL2D=121.00, eps_nu=2.637e-03, P_hv=3.636e-05, rho_mean=1.000000, p_mean=0.720080, div_rms=4.588e-01, vort_rms=1.426e+00, mass_err=-1.658e-10
step= 69300, t=51.642689, dt=7.603e-04, KE=7.613319e-02, Mt=0.3962, A_K=0.156, Cuv=0.130, P_in=6.548e-03, P_tgt=6.480e-03, A_F=0.073, K_low=0.132, P_drag=-1.991e-03, P_cool=-2.818e-03, WENO=0.102 (x=0.102, y=0.102), ReL2D=119.88, eps_nu=2.695e-03, P_hv=3.712e-05, rho_mean=1.000000, p_mean=0.719922, div_rms=4.659e-01, vort_rms=1.440e+00, mass_err=-1.666e-10
step= 69600, t=51.869447, dt=7.568e-04, KE=7.689521e-02, Mt=0.3985, A_K=0.157, Cuv=0.113, P_in=6.724e-03, P_tgt=6.616e-03, A_F=0.091, K_low=0.133, P_drag=-2.024e-03, P_cool=-2.746e-03, WENO=0.115 (x=0.115, y=0.115), ReL2D=120.06, eps_nu=2.728e-03, P_hv=3.799e-05, rho_mean=1.000000, p_mean=0.719779, div_rms=4.632e-01, vort_rms=1.451e+00, mass_err=-1.673e-10
step= 69900, t=52.099679, dt=7.751e-04, KE=7.729665e-02, Mt=0.4008, A_K=0.171, Cuv=0.120, P_in=6.662e-03, P_tgt=6.631e-03, A_F=0.035, K_low=0.138, P_drag=-2.088e-03, P_cool=-2.751e-03, WENO=0.112 (x=0.112, y=0.112), ReL2D=121.45, eps_nu=2.725e-03, P_hv=3.837e-05, rho_mean=1.000000, p_mean=0.719788, div_rms=4.484e-01, vort_rms=1.457e+00, mass_err=-1.680e-10
step= 70200, t=52.331896, dt=7.629e-04, KE=7.749594e-02, Mt=0.4026, A_K=0.177, Cuv=0.120, P_in=6.503e-03, P_tgt=6.539e-03, A_F=0.046, K_low=0.144, P_drag=-2.159e-03, P_cool=-2.793e-03, WENO=0.115 (x=0.115, y=0.115), ReL2D=121.72, eps_nu=2.755e-03, P_hv=3.768e-05, rho_mean=1.000000, p_mean=0.719873, div_rms=4.615e-01, vort_rms=1.461e+00, mass_err=-1.687e-10
step= 70500, t=52.558523, dt=7.509e-04, KE=7.735117e-02, Mt=0.4020, A_K=0.173, Cuv=0.136, P_in=6.460e-03, P_tgt=6.419e-03, A_F=0.084, K_low=0.149, P_drag=-2.224e-03, P_cool=-2.888e-03, WENO=0.120 (x=0.120, y=0.120), ReL2D=121.99, eps_nu=2.763e-03, P_hv=3.889e-05, rho_mean=1.000000, p_mean=0.720062, div_rms=4.716e-01, vort_rms=1.459e+00, mass_err=-1.694e-10
step= 70800, t=52.783658, dt=7.467e-04, KE=7.712707e-02, Mt=0.4012, A_K=0.168, Cuv=0.167, P_in=6.322e-03, P_tgt=6.348e-03, A_F=0.173, K_low=0.154, P_drag=-2.271e-03, P_cool=-2.987e-03, WENO=0.135 (x=0.135, y=0.135), ReL2D=123.34, eps_nu=2.759e-03, P_hv=4.052e-05, rho_mean=1.000000, p_mean=0.720259, div_rms=4.651e-01, vort_rms=1.460e+00, mass_err=-1.702e-10
step= 71100, t=53.006307, dt=7.348e-04, KE=7.734613e-02, Mt=0.4017, A_K=0.153, Cuv=0.196, P_in=6.303e-03, P_tgt=6.283e-03, A_F=0.064, K_low=0.155, P_drag=-2.300e-03, P_cool=-2.990e-03, WENO=0.136 (x=0.136, y=0.136), ReL2D=123.52, eps_nu=2.769e-03, P_hv=4.282e-05, rho_mean=1.000000, p_mean=0.720267, div_rms=4.611e-01, vort_rms=1.465e+00, mass_err=-1.709e-10
saved snapshot: results/hit2d/reynolds_calibration_ReL130_N256/calib_Mt040_N256_mu0p001140/hit2d_step0071300.npz
step= 71400, t=53.227071, dt=7.425e-04, KE=7.780203e-02, Mt=0.4018, A_K=0.115, Cuv=0.202, P_in=6.252e-03, P_tgt=6.199e-03, A_F=0.255, K_low=0.155, P_drag=-2.338e-03, P_cool=-2.942e-03, WENO=0.129 (x=0.129, y=0.129), ReL2D=123.63, eps_nu=2.762e-03, P_hv=4.484e-05, rho_mean=1.000000, p_mean=0.720169, div_rms=4.617e-01, vort_rms=1.463e+00, mass_err=-1.716e-10
step= 71700, t=53.452048, dt=7.534e-04, KE=7.846572e-02, Mt=0.4017, A_K=0.074, Cuv=0.191, P_in=6.135e-03, P_tgt=6.121e-03, A_F=0.073, K_low=0.157, P_drag=-2.393e-03, P_cool=-2.849e-03, WENO=0.121 (x=0.121, y=0.121), ReL2D=124.09, eps_nu=2.762e-03, P_hv=4.524e-05, rho_mean=1.000000, p_mean=0.719983, div_rms=4.653e-01, vort_rms=1.461e+00, mass_err=-1.723e-10
step= 72000, t=53.680375, dt=7.617e-04, KE=7.947928e-02, Mt=0.4028, A_K=0.044, Cuv=0.170, P_in=6.096e-03, P_tgt=6.025e-03, A_F=0.038, K_low=0.157, P_drag=-2.455e-03, P_cool=-2.686e-03, WENO=0.133 (x=0.133, y=0.133), ReL2D=124.82, eps_nu=2.758e-03, P_hv=4.420e-05, rho_mean=1.000000, p_mean=0.719658, div_rms=4.579e-01, vort_rms=1.463e+00, mass_err=-1.730e-10
step= 72300, t=53.903101, dt=7.272e-04, KE=8.012511e-02, Mt=0.4035, A_K=0.025, Cuv=0.143, P_in=5.953e-03, P_tgt=5.880e-03, A_F=0.135, K_low=0.159, P_drag=-2.527e-03, P_cool=-2.595e-03, WENO=0.147 (x=0.147, y=0.147), ReL2D=124.62, eps_nu=2.742e-03, P_hv=4.274e-05, rho_mean=1.000000, p_mean=0.719476, div_rms=4.460e-01, vort_rms=1.463e+00, mass_err=-1.737e-10
step= 72600, t=54.119003, dt=7.155e-04, KE=7.985351e-02, Mt=0.4029, A_K=0.020, Cuv=0.131, P_in=5.758e-03, P_tgt=5.740e-03, A_F=0.145, K_low=0.165, P_drag=-2.613e-03, P_cool=-2.677e-03, WENO=0.139 (x=0.139, y=0.139), ReL2D=125.07, eps_nu=2.709e-03, P_hv=4.430e-05, rho_mean=1.000000, p_mean=0.719640, div_rms=4.297e-01, vort_rms=1.460e+00, mass_err=-1.745e-10
step= 72900, t=54.333104, dt=7.133e-04, KE=7.916677e-02, Mt=0.4025, A_K=0.022, Cuv=0.122, P_in=5.603e-03, P_tgt=5.626e-03, A_F=0.014, K_low=0.173, P_drag=-2.698e-03, P_cool=-2.827e-03, WENO=0.142 (x=0.142, y=0.142), ReL2D=123.97, eps_nu=2.684e-03, P_hv=4.575e-05, rho_mean=1.000000, p_mean=0.719939, div_rms=4.237e-01, vort_rms=1.454e+00, mass_err=-1.752e-10
step= 73200, t=54.548111, dt=7.183e-04, KE=7.851292e-02, Mt=0.4022, A_K=0.028, Cuv=0.128, P_in=5.631e-03, P_tgt=5.533e-03, A_F=0.148, K_low=0.178, P_drag=-2.758e-03, P_cool=-2.956e-03, WENO=0.137 (x=0.137, y=0.137), ReL2D=121.65, eps_nu=2.666e-03, P_hv=4.700e-05, rho_mean=1.000000, p_mean=0.720197, div_rms=4.288e-01, vort_rms=1.447e+00, mass_err=-1.759e-10
step= 73500, t=54.764682, dt=7.322e-04, KE=7.821910e-02, Mt=0.4022, A_K=0.041, Cuv=0.155, P_in=5.456e-03, P_tgt=5.443e-03, A_F=0.159, K_low=0.178, P_drag=-2.752e-03, P_cool=-3.004e-03, WENO=0.140 (x=0.140, y=0.140), ReL2D=121.02, eps_nu=2.673e-03, P_hv=4.819e-05, rho_mean=1.000000, p_mean=0.720294, div_rms=4.385e-01, vort_rms=1.445e+00, mass_err=-1.766e-10
step= 73800, t=54.988149, dt=7.580e-04, KE=7.825017e-02, Mt=0.4023, A_K=0.067, Cuv=0.181, P_in=5.367e-03, P_tgt=5.350e-03, A_F=0.014, K_low=0.174, P_drag=-2.712e-03, P_cool=-2.983e-03, WENO=0.148 (x=0.148, y=0.148), ReL2D=122.18, eps_nu=2.678e-03, P_hv=4.553e-05, rho_mean=1.000000, p_mean=0.720251, div_rms=4.471e-01, vort_rms=1.443e+00, mass_err=-1.774e-10
step= 74100, t=55.218428, dt=7.740e-04, KE=7.856912e-02, Mt=0.4025, A_K=0.078, Cuv=0.192, P_in=5.136e-03, P_tgt=5.260e-03, A_F=0.026, K_low=0.170, P_drag=-2.669e-03, P_cool=-2.903e-03, WENO=0.140 (x=0.140, y=0.140), ReL2D=122.47, eps_nu=2.700e-03, P_hv=4.287e-05, rho_mean=1.000000, p_mean=0.720092, div_rms=4.589e-01, vort_rms=1.445e+00, mass_err=-1.781e-10
step= 74400, t=55.449113, dt=7.666e-04, KE=7.859833e-02, Mt=0.4018, A_K=0.070, Cuv=0.198, P_in=5.157e-03, P_tgt=5.169e-03, A_F=0.148, K_low=0.169, P_drag=-2.626e-03, P_cool=-2.883e-03, WENO=0.145 (x=0.145, y=0.145), ReL2D=121.69, eps_nu=2.705e-03, P_hv=4.227e-05, rho_mean=1.000000, p_mean=0.720051, div_rms=4.530e-01, vort_rms=1.449e+00, mass_err=-1.788e-10
saved snapshot: results/hit2d/reynolds_calibration_ReL130_N256/calib_Mt040_N256_mu0p001140/hit2d_step0074400.npz
step= 74700, t=55.679128, dt=7.674e-04, KE=7.848035e-02, Mt=0.4003, A_K=0.054, Cuv=0.206, P_in=5.122e-03, P_tgt=5.130e-03, A_F=0.251, K_low=0.166, P_drag=-2.569e-03, P_cool=-2.891e-03, WENO=0.128 (x=0.128, y=0.128), ReL2D=120.67, eps_nu=2.694e-03, P_hv=4.314e-05, rho_mean=1.000000, p_mean=0.720067, div_rms=4.410e-01, vort_rms=1.450e+00, mass_err=-1.795e-10
step= 75000, t=55.907087, dt=7.457e-04, KE=7.853625e-02, Mt=0.4002, A_K=0.038, Cuv=0.204, P_in=5.123e-03, P_tgt=5.127e-03, A_F=0.251, K_low=0.161, P_drag=-2.496e-03, P_cool=-2.867e-03, WENO=0.124 (x=0.124, y=0.124), ReL2D=120.03, eps_nu=2.663e-03, P_hv=4.719e-05, rho_mean=1.000000, p_mean=0.720020, div_rms=4.365e-01, vort_rms=1.443e+00, mass_err=-1.802e-10
step= 75300, t=56.129454, dt=7.450e-04, KE=7.866992e-02, Mt=0.4017, A_K=0.036, Cuv=0.209, P_in=5.115e-03, P_tgt=5.093e-03, A_F=0.210, K_low=0.157, P_drag=-2.424e-03, P_cool=-2.832e-03, WENO=0.127 (x=0.127, y=0.127), ReL2D=119.64, eps_nu=2.631e-03, P_hv=4.797e-05, rho_mean=1.000000, p_mean=0.719949, div_rms=4.404e-01, vort_rms=1.432e+00, mass_err=-1.809e-10
step= 75600, t=56.356385, dt=7.613e-04, KE=7.884773e-02, Mt=0.4032, A_K=0.031, Cuv=0.207, P_in=4.967e-03, P_tgt=5.000e-03, A_F=0.134, K_low=0.155, P_drag=-2.375e-03, P_cool=-2.789e-03, WENO=0.136 (x=0.136, y=0.136), ReL2D=119.75, eps_nu=2.608e-03, P_hv=4.613e-05, rho_mean=1.000000, p_mean=0.719864, div_rms=4.408e-01, vort_rms=1.424e+00, mass_err=-1.817e-10
step= 75900, t=56.582321, dt=7.466e-04, KE=7.912538e-02, Mt=0.4040, A_K=0.022, Cuv=0.190, P_in=4.777e-03, P_tgt=4.863e-03, A_F=0.044, K_low=0.154, P_drag=-2.348e-03, P_cool=-2.726e-03, WENO=0.136 (x=0.136, y=0.136), ReL2D=119.62, eps_nu=2.601e-03, P_hv=4.462e-05, rho_mean=1.000000, p_mean=0.719737, div_rms=4.516e-01, vort_rms=1.418e+00, mass_err=-1.824e-10
step= 76200, t=56.804947, dt=7.406e-04, KE=7.910145e-02, Mt=0.4029, A_K=0.003, Cuv=0.163, P_in=4.696e-03, P_tgt=4.738e-03, A_F=0.312, K_low=0.152, P_drag=-2.321e-03, P_cool=-2.719e-03, WENO=0.143 (x=0.143, y=0.143), ReL2D=119.31, eps_nu=2.560e-03, P_hv=4.169e-05, rho_mean=1.000000, p_mean=0.719724, div_rms=4.428e-01, vort_rms=1.409e+00, mass_err=-1.831e-10
step= 76500, t=57.026007, dt=7.290e-04, KE=7.870464e-02, Mt=0.4011, A_K=0.033, Cuv=0.140, P_in=4.671e-03, P_tgt=4.667e-03, A_F=0.063, K_low=0.150, P_drag=-2.300e-03, P_cool=-2.783e-03, WENO=0.136 (x=0.136, y=0.136), ReL2D=119.95, eps_nu=2.505e-03, P_hv=4.047e-05, rho_mean=1.000000, p_mean=0.719852, div_rms=4.292e-01, vort_rms=1.397e+00, mass_err=-1.838e-10
step= 76800, t=57.242313, dt=7.133e-04, KE=7.816350e-02, Mt=0.3997, A_K=0.061, Cuv=0.114, P_in=4.590e-03, P_tgt=4.657e-03, A_F=0.119, K_low=0.152, P_drag=-2.310e-03, P_cool=-2.871e-03, WENO=0.124 (x=0.124, y=0.124), ReL2D=121.51, eps_nu=2.458e-03, P_hv=4.155e-05, rho_mean=1.000000, p_mean=0.720028, div_rms=4.076e-01, vort_rms=1.391e+00, mass_err=-1.846e-10
step= 77100, t=57.455824, dt=7.123e-04, KE=7.806832e-02, Mt=0.3995, A_K=0.076, Cuv=0.096, P_in=4.660e-03, P_tgt=4.672e-03, A_F=0.200, K_low=0.157, P_drag=-2.369e-03, P_cool=-2.867e-03, WENO=0.128 (x=0.128, y=0.128), ReL2D=122.11, eps_nu=2.436e-03, P_hv=4.347e-05, rho_mean=1.000000, p_mean=0.720020, div_rms=4.046e-01, vort_rms=1.385e+00, mass_err=-1.853e-10
step= 77400, t=57.669411, dt=7.112e-04, KE=7.806716e-02, Mt=0.3995, A_K=0.094, Cuv=0.088, P_in=4.700e-03, P_tgt=4.690e-03, A_F=0.183, K_low=0.165, P_drag=-2.469e-03, P_cool=-2.843e-03, WENO=0.138 (x=0.138, y=0.138), ReL2D=123.57, eps_nu=2.406e-03, P_hv=4.213e-05, rho_mean=1.000000, p_mean=0.719971, div_rms=3.924e-01, vort_rms=1.380e+00, mass_err=-1.860e-10
saved snapshot: results/hit2d/reynolds_calibration_ReL130_N256/calib_Mt040_N256_mu0p001140/hit2d_step0077500.npz
step= 77700, t=57.883895, dt=7.160e-04, KE=7.813591e-02, Mt=0.4003, A_K=0.111, Cuv=0.086, P_in=4.735e-03, P_tgt=4.695e-03, A_F=0.101, K_low=0.175, P_drag=-2.604e-03, P_cool=-2.801e-03, WENO=0.147 (x=0.147, y=0.147), ReL2D=123.52, eps_nu=2.396e-03, P_hv=4.081e-05, rho_mean=1.000000, p_mean=0.719888, div_rms=3.946e-01, vort_rms=1.376e+00, mass_err=-1.867e-10
step= 78000, t=58.097746, dt=7.100e-04, KE=7.795070e-02, Mt=0.4008, A_K=0.121, Cuv=0.092, P_in=4.663e-03, P_tgt=4.672e-03, A_F=0.050, K_low=0.184, P_drag=-2.745e-03, P_cool=-2.804e-03, WENO=0.142 (x=0.142, y=0.142), ReL2D=124.12, eps_nu=2.374e-03, P_hv=4.115e-05, rho_mean=1.000000, p_mean=0.719894, div_rms=3.933e-01, vort_rms=1.370e+00, mass_err=-1.874e-10
step= 78300, t=58.309881, dt=7.040e-04, KE=7.801565e-02, Mt=0.4007, A_K=0.125, Cuv=0.090, P_in=4.666e-03, P_tgt=4.648e-03, A_F=0.138, K_low=0.190, P_drag=-2.868e-03, P_cool=-2.751e-03, WENO=0.143 (x=0.143, y=0.143), ReL2D=124.59, eps_nu=2.354e-03, P_hv=4.172e-05, rho_mean=1.000000, p_mean=0.719788, div_rms=3.981e-01, vort_rms=1.361e+00, mass_err=-1.882e-10
step= 78600, t=58.520754, dt=7.045e-04, KE=7.844641e-02, Mt=0.4010, A_K=0.130, Cuv=0.087, P_in=4.623e-03, P_tgt=4.619e-03, A_F=0.099, K_low=0.194, P_drag=-2.963e-03, P_cool=-2.624e-03, WENO=0.136 (x=0.136, y=0.136), ReL2D=124.74, eps_nu=2.346e-03, P_hv=4.102e-05, rho_mean=1.000000, p_mean=0.719534, div_rms=4.074e-01, vort_rms=1.355e+00, mass_err=-1.889e-10
step= 78900, t=58.734325, dt=7.191e-04, KE=7.851138e-02, Mt=0.4009, A_K=0.126, Cuv=0.072, P_in=4.540e-03, P_tgt=4.582e-03, A_F=0.144, K_low=0.197, P_drag=-3.036e-03, P_cool=-2.570e-03, WENO=0.132 (x=0.132, y=0.132), ReL2D=125.94, eps_nu=2.324e-03, P_hv=4.006e-05, rho_mean=1.000000, p_mean=0.719425, div_rms=4.068e-01, vort_rms=1.348e+00, mass_err=-1.896e-10
step= 79200, t=58.951791, dt=7.307e-04, KE=7.815171e-02, Mt=0.3996, A_K=0.113, Cuv=0.041, P_in=4.581e-03, P_tgt=4.569e-03, A_F=0.011, K_low=0.200, P_drag=-3.081e-03, P_cool=-2.596e-03, WENO=0.139 (x=0.139, y=0.139), ReL2D=126.31, eps_nu=2.300e-03, P_hv=3.801e-05, rho_mean=1.000000, p_mean=0.719478, div_rms=4.021e-01, vort_rms=1.342e+00, mass_err=-1.903e-10
step= 79500, t=59.172001, dt=7.329e-04, KE=7.777083e-02, Mt=0.3980, A_K=0.093, Cuv=0.002, P_in=4.670e-03, P_tgt=4.611e-03, A_F=0.058, K_low=0.202, P_drag=-3.100e-03, P_cool=-2.623e-03, WENO=0.149 (x=0.149, y=0.149), ReL2D=124.60, eps_nu=2.307e-03, P_hv=3.653e-05, rho_mean=1.000000, p_mean=0.719532, div_rms=4.094e-01, vort_rms=1.342e+00, mass_err=-1.910e-10
step= 79800, t=59.393302, dt=7.423e-04, KE=7.717128e-02, Mt=0.3966, A_K=0.069, Cuv=-0.030, P_in=4.697e-03, P_tgt=4.707e-03, A_F=0.117, K_low=0.204, P_drag=-3.111e-03, P_cool=-2.694e-03, WENO=0.137 (x=0.137, y=0.137), ReL2D=122.53, eps_nu=2.317e-03, P_hv=3.786e-05, rho_mean=1.000000, p_mean=0.719675, div_rms=4.127e-01, vort_rms=1.344e+00, mass_err=-1.918e-10
step= 80100, t=59.616575, dt=7.478e-04, KE=7.640743e-02, Mt=0.3958, A_K=0.057, Cuv=-0.057, P_in=4.816e-03, P_tgt=4.850e-03, A_F=0.116, K_low=0.209, P_drag=-3.133e-03, P_cool=-2.798e-03, WENO=0.139 (x=0.139, y=0.139), ReL2D=121.76, eps_nu=2.308e-03, P_hv=3.818e-05, rho_mean=1.000000, p_mean=0.719882, div_rms=4.092e-01, vort_rms=1.342e+00, mass_err=-1.925e-10
step= 80400, t=59.843623, dt=7.644e-04, KE=7.596266e-02, Mt=0.3957, A_K=0.052, Cuv=-0.084, P_in=5.015e-03, P_tgt=5.010e-03, A_F=0.191, K_low=0.212, P_drag=-3.163e-03, P_cool=-2.841e-03, WENO=0.140 (x=0.140, y=0.140), ReL2D=121.24, eps_nu=2.320e-03, P_hv=3.765e-05, rho_mean=1.000000, p_mean=0.719968, div_rms=4.183e-01, vort_rms=1.342e+00, mass_err=-1.932e-10
saved snapshot: results/hit2d/reynolds_calibration_ReL130_N256/calib_Mt040_N256_mu0p001140/hit2d_step0080600.npz
step= 80700, t=60.073427, dt=7.667e-04, KE=7.585237e-02, Mt=0.3957, A_K=0.029, Cuv=-0.098, P_in=5.195e-03, P_tgt=5.174e-03, A_F=0.239, K_low=0.215, P_drag=-3.213e-03, P_cool=-2.822e-03, WENO=0.137 (x=0.137, y=0.137), ReL2D=121.08, eps_nu=2.343e-03, P_hv=3.733e-05, rho_mean=1.000000, p_mean=0.719930, div_rms=4.257e-01, vort_rms=1.347e+00, mass_err=-1.939e-10
step= 81000, t=60.304607, dt=7.729e-04, KE=7.623829e-02, Mt=0.3956, A_K=0.017, Cuv=-0.107, P_in=5.394e-03, P_tgt=5.353e-03, A_F=0.191, K_low=0.219, P_drag=-3.285e-03, P_cool=-2.712e-03, WENO=0.143 (x=0.143, y=0.143), ReL2D=120.95, eps_nu=2.355e-03, P_hv=3.779e-05, rho_mean=1.000000, p_mean=0.719709, div_rms=4.278e-01, vort_rms=1.350e+00, mass_err=-1.946e-10
step= 81300, t=60.535580, dt=7.686e-04, KE=7.693263e-02, Mt=0.3967, A_K=0.042, Cuv=-0.112, P_in=5.500e-03, P_tgt=5.516e-03, A_F=0.102, K_low=0.223, P_drag=-3.367e-03, P_cool=-2.550e-03, WENO=0.139 (x=0.139, y=0.139), ReL2D=121.18, eps_nu=2.368e-03, P_hv=3.613e-05, rho_mean=1.000000, p_mean=0.719385, div_rms=4.322e-01, vort_rms=1.352e+00, mass_err=-1.954e-10
step= 81600, t=60.766299, dt=7.683e-04, KE=7.735444e-02, Mt=0.3981, A_K=0.041, Cuv=-0.137, P_in=5.684e-03, P_tgt=5.624e-03, A_F=0.081, K_low=0.228, P_drag=-3.456e-03, P_cool=-2.449e-03, WENO=0.143 (x=0.143, y=0.143), ReL2D=123.65, eps_nu=2.380e-03, P_hv=3.515e-05, rho_mean=1.000000, p_mean=0.719183, div_rms=4.238e-01, vort_rms=1.360e+00, mass_err=-1.961e-10
step= 81900, t=60.995087, dt=7.595e-04, KE=7.760452e-02, Mt=0.3992, A_K=0.026, Cuv=-0.166, P_in=5.652e-03, P_tgt=5.676e-03, A_F=0.124, K_low=0.233, P_drag=-3.555e-03, P_cool=-2.385e-03, WENO=0.137 (x=0.137, y=0.137), ReL2D=124.15, eps_nu=2.383e-03, P_hv=3.727e-05, rho_mean=1.000000, p_mean=0.719056, div_rms=4.194e-01, vort_rms=1.362e+00, mass_err=-1.968e-10
step= 82200, t=61.221287, dt=7.500e-04, KE=7.771132e-02, Mt=0.3991, A_K=0.012, Cuv=-0.185, P_in=5.647e-03, P_tgt=5.709e-03, A_F=0.110, K_low=0.239, P_drag=-3.671e-03, P_cool=-2.350e-03, WENO=0.136 (x=0.136, y=0.136), ReL2D=124.00, eps_nu=2.383e-03, P_hv=3.806e-05, rho_mean=1.000000, p_mean=0.718986, div_rms=4.187e-01, vort_rms=1.363e+00, mass_err=-1.975e-10
step= 82500, t=61.446147, dt=7.486e-04, KE=7.748318e-02, Mt=0.3977, A_K=0.000, Cuv=-0.193, P_in=5.796e-03, P_tgt=5.772e-03, A_F=0.023, K_low=0.248, P_drag=-3.803e-03, P_cool=-2.380e-03, WENO=0.129 (x=0.129, y=0.129), ReL2D=124.06, eps_nu=2.375e-03, P_hv=3.822e-05, rho_mean=1.000000, p_mean=0.719045, div_rms=4.109e-01, vort_rms=1.363e+00, mass_err=-1.983e-10
step= 82800, t=61.669435, dt=7.465e-04, KE=7.703429e-02, Mt=0.3963, A_K=0.001, Cuv=-0.186, P_in=5.882e-03, P_tgt=5.906e-03, A_F=0.062, K_low=0.258, P_drag=-3.929e-03, P_cool=-2.450e-03, WENO=0.129 (x=0.129, y=0.129), ReL2D=123.30, eps_nu=2.362e-03, P_hv=4.128e-05, rho_mean=1.000000, p_mean=0.719186, div_rms=4.040e-01, vort_rms=1.362e+00, mass_err=-1.990e-10
step= 83100, t=61.892735, dt=7.392e-04, KE=7.639245e-02, Mt=0.3955, A_K=0.018, Cuv=-0.171, P_in=6.038e-03, P_tgt=6.093e-03, A_F=0.188, K_low=0.269, P_drag=-4.026e-03, P_cool=-2.559e-03, WENO=0.139 (x=0.139, y=0.139), ReL2D=121.59, eps_nu=2.361e-03, P_hv=4.073e-05, rho_mean=1.000000, p_mean=0.719404, div_rms=3.945e-01, vort_rms=1.365e+00, mass_err=-1.997e-10
step= 83400, t=62.114094, dt=7.336e-04, KE=7.556213e-02, Mt=0.3950, A_K=0.028, Cuv=-0.172, P_in=6.309e-03, P_tgt=6.319e-03, A_F=0.067, K_low=0.276, P_drag=-4.063e-03, P_cool=-2.706e-03, WENO=0.132 (x=0.132, y=0.132), ReL2D=121.40, eps_nu=2.375e-03, P_hv=4.183e-05, rho_mean=1.000000, p_mean=0.719698, div_rms=3.929e-01, vort_rms=1.370e+00, mass_err=-2.004e-10
step= 83700, t=62.331392, dt=7.203e-04, KE=7.460498e-02, Mt=0.3944, A_K=0.054, Cuv=-0.164, P_in=6.559e-03, P_tgt=6.579e-03, A_F=0.073, K_low=0.282, P_drag=-4.072e-03, P_cool=-2.881e-03, WENO=0.121 (x=0.121, y=0.121), ReL2D=121.38, eps_nu=2.383e-03, P_hv=4.316e-05, rho_mean=1.000000, p_mean=0.720047, div_rms=3.992e-01, vort_rms=1.370e+00, mass_err=-2.012e-10
saved snapshot: results/hit2d/reynolds_calibration_ReL130_N256/calib_Mt040_N256_mu0p001140/hit2d_step0083700.npz
step= 84000, t=62.546911, dt=7.147e-04, KE=7.403096e-02, Mt=0.3945, A_K=0.088, Cuv=-0.159, P_in=6.882e-03, P_tgt=6.874e-03, A_F=0.077, K_low=0.287, P_drag=-4.084e-03, P_cool=-2.983e-03, WENO=0.119 (x=0.119, y=0.119), ReL2D=121.51, eps_nu=2.405e-03, P_hv=4.386e-05, rho_mean=1.000000, p_mean=0.720252, div_rms=4.219e-01, vort_rms=1.368e+00, mass_err=-2.019e-10
step= 84300, t=62.761640, dt=7.170e-04, KE=7.402822e-02, Mt=0.3953, A_K=0.110, Cuv=-0.153, P_in=7.131e-03, P_tgt=7.146e-03, A_F=0.002, K_low=0.290, P_drag=-4.107e-03, P_cool=-2.981e-03, WENO=0.107 (x=0.107, y=0.107), ReL2D=121.70, eps_nu=2.444e-03, P_hv=4.337e-05, rho_mean=1.000000, p_mean=0.720248, div_rms=4.482e-01, vort_rms=1.370e+00, mass_err=-2.026e-10
step= 84600, t=62.977113, dt=7.211e-04, KE=7.444987e-02, Mt=0.3963, A_K=0.117, Cuv=-0.156, P_in=7.320e-03, P_tgt=7.387e-03, A_F=0.163, K_low=0.288, P_drag=-4.133e-03, P_cool=-2.905e-03, WENO=0.112 (x=0.112, y=0.112), ReL2D=121.57, eps_nu=2.504e-03, P_hv=4.371e-05, rho_mean=1.000000, p_mean=0.720096, div_rms=4.738e-01, vort_rms=1.377e+00, mass_err=-2.033e-10
step= 84900, t=63.194964, dt=7.280e-04, KE=7.509318e-02, Mt=0.3969, A_K=0.127, Cuv=-0.156, P_in=7.514e-03, P_tgt=7.572e-03, A_F=0.135, K_low=0.285, P_drag=-4.156e-03, P_cool=-2.797e-03, WENO=0.093 (x=0.093, y=0.093), ReL2D=120.19, eps_nu=2.611e-03, P_hv=4.680e-05, rho_mean=1.000000, p_mean=0.719879, div_rms=5.314e-01, vort_rms=1.384e+00, mass_err=-2.040e-10
step= 85200, t=63.412001, dt=7.205e-04, KE=7.548354e-02, Mt=0.3959, A_K=0.146, Cuv=-0.143, P_in=7.779e-03, P_tgt=7.773e-03, A_F=0.191, K_low=0.281, P_drag=-4.161e-03, P_cool=-2.749e-03, WENO=0.090 (x=0.090, y=0.090), ReL2D=121.25, eps_nu=2.621e-03, P_hv=4.735e-05, rho_mean=1.000000, p_mean=0.719783, div_rms=5.294e-01, vort_rms=1.388e+00, mass_err=-2.047e-10
step= 85500, t=63.627309, dt=7.073e-04, KE=7.562054e-02, Mt=0.3946, A_K=0.170, Cuv=-0.122, P_in=8.103e-03, P_tgt=8.064e-03, A_F=0.054, K_low=0.278, P_drag=-4.141e-03, P_cool=-2.764e-03, WENO=0.097 (x=0.097, y=0.097), ReL2D=123.54, eps_nu=2.587e-03, P_hv=4.680e-05, rho_mean=1.000000, p_mean=0.719813, div_rms=4.922e-01, vort_rms=1.395e+00, mass_err=-2.055e-10
step= 85800, t=63.839331, dt=7.128e-04, KE=7.600613e-02, Mt=0.3946, A_K=0.186, Cuv=-0.083, P_in=8.429e-03, P_tgt=8.412e-03, A_F=0.066, K_low=0.273, P_drag=-4.097e-03, P_cool=-2.745e-03, WENO=0.098 (x=0.098, y=0.098), ReL2D=125.81, eps_nu=2.564e-03, P_hv=4.658e-05, rho_mean=1.000000, p_mean=0.719776, div_rms=4.575e-01, vort_rms=1.404e+00, mass_err=-2.062e-10
step= 86100, t=64.056823, dt=7.409e-04, KE=7.681999e-02, Mt=0.3959, A_K=0.187, Cuv=-0.053, P_in=8.721e-03, P_tgt=8.727e-03, A_F=0.089, K_low=0.267, P_drag=-4.061e-03, P_cool=-2.662e-03, WENO=0.102 (x=0.102, y=0.102), ReL2D=126.01, eps_nu=2.586e-03, P_hv=4.702e-05, rho_mean=1.000000, p_mean=0.719609, div_rms=4.346e-01, vort_rms=1.420e+00, mass_err=-2.069e-10
step= 86400, t=64.282401, dt=7.493e-04, KE=7.750942e-02, Mt=0.3970, A_K=0.168, Cuv=-0.049, P_in=9.008e-03, P_tgt=8.964e-03, A_F=0.140, K_low=0.266, P_drag=-4.083e-03, P_cool=-2.621e-03, WENO=0.123 (x=0.123, y=0.123), ReL2D=127.28, eps_nu=2.580e-03, P_hv=4.526e-05, rho_mean=1.000000, p_mean=0.719528, div_rms=4.050e-01, vort_rms=1.430e+00, mass_err=-2.076e-10
step= 86700, t=64.506453, dt=7.509e-04, KE=7.813053e-02, Mt=0.3988, A_K=0.145, Cuv=-0.072, P_in=9.150e-03, P_tgt=9.115e-03, A_F=0.022, K_low=0.268, P_drag=-4.156e-03, P_cool=-2.600e-03, WENO=0.136 (x=0.136, y=0.136), ReL2D=127.80, eps_nu=2.599e-03, P_hv=4.604e-05, rho_mean=1.000000, p_mean=0.719486, div_rms=3.895e-01, vort_rms=1.441e+00, mass_err=-2.083e-10
saved snapshot: results/hit2d/reynolds_calibration_ReL130_N256/calib_Mt040_N256_mu0p001140/hit2d_step0086800.npz
step= 87000, t=64.732277, dt=7.491e-04, KE=7.868469e-02, Mt=0.4007, A_K=0.115, Cuv=-0.105, P_in=9.156e-03, P_tgt=9.128e-03, A_F=0.015, K_low=0.271, P_drag=-4.229e-03, P_cool=-2.595e-03, WENO=0.148 (x=0.148, y=0.148), ReL2D=129.00, eps_nu=2.615e-03, P_hv=4.475e-05, rho_mean=1.000000, p_mean=0.719475, div_rms=3.729e-01, vort_rms=1.452e+00, mass_err=-2.090e-10
step= 87300, t=64.956864, dt=7.478e-04, KE=7.928874e-02, Mt=0.4021, A_K=0.074, Cuv=-0.132, P_in=9.002e-03, P_tgt=9.028e-03, A_F=0.060, K_low=0.270, P_drag=-4.259e-03, P_cool=-2.575e-03, WENO=0.152 (x=0.152, y=0.152), ReL2D=129.12, eps_nu=2.630e-03, P_hv=4.468e-05, rho_mean=1.000000, p_mean=0.719437, div_rms=3.715e-01, vort_rms=1.457e+00, mass_err=-2.098e-10
step= 87600, t=65.181613, dt=7.531e-04, KE=7.977641e-02, Mt=0.4031, A_K=0.045, Cuv=-0.154, P_in=8.756e-03, P_tgt=8.855e-03, A_F=0.181, K_low=0.269, P_drag=-4.258e-03, P_cool=-2.574e-03, WENO=0.134 (x=0.134, y=0.134), ReL2D=127.30, eps_nu=2.656e-03, P_hv=4.539e-05, rho_mean=1.000000, p_mean=0.719434, div_rms=3.734e-01, vort_rms=1.464e+00, mass_err=-2.105e-10
step= 87900, t=65.410642, dt=7.683e-04, KE=8.005875e-02, Mt=0.4044, A_K=0.027, Cuv=-0.156, P_in=8.657e-03, P_tgt=8.615e-03, A_F=0.002, K_low=0.268, P_drag=-4.249e-03, P_cool=-2.604e-03, WENO=0.130 (x=0.130, y=0.130), ReL2D=127.45, eps_nu=2.668e-03, P_hv=4.469e-05, rho_mean=1.000000, p_mean=0.719495, div_rms=3.711e-01, vort_rms=1.469e+00, mass_err=-2.112e-10
step= 88200, t=65.641626, dt=7.715e-04, KE=8.049118e-02, Mt=0.4056, A_K=0.021, Cuv=-0.146, P_in=8.333e-03, P_tgt=8.303e-03, A_F=0.186, K_low=0.265, P_drag=-4.206e-03, P_cool=-2.593e-03, WENO=0.117 (x=0.117, y=0.117), ReL2D=129.09, eps_nu=2.668e-03, P_hv=4.506e-05, rho_mean=1.000000, p_mean=0.719472, div_rms=3.731e-01, vort_rms=1.468e+00, mass_err=-2.119e-10
step= 88500, t=65.872679, dt=7.704e-04, KE=8.085447e-02, Mt=0.4060, A_K=0.012, Cuv=-0.146, P_in=7.994e-03, P_tgt=7.954e-03, A_F=0.070, K_low=0.259, P_drag=-4.131e-03, P_cool=-2.584e-03, WENO=0.115 (x=0.115, y=0.115), ReL2D=127.72, eps_nu=2.664e-03, P_hv=4.362e-05, rho_mean=1.000000, p_mean=0.719454, div_rms=3.814e-01, vort_rms=1.464e+00, mass_err=-2.127e-10
step= 88800, t=66.104231, dt=7.716e-04, KE=8.060397e-02, Mt=0.4052, A_K=0.007, Cuv=-0.143, P_in=7.632e-03, P_tgt=7.626e-03, A_F=0.084, K_low=0.255, P_drag=-4.052e-03, P_cool=-2.684e-03, WENO=0.130 (x=0.130, y=0.130), ReL2D=126.45, eps_nu=2.663e-03, P_hv=4.252e-05, rho_mean=1.000000, p_mean=0.719653, div_rms=3.772e-01, vort_rms=1.465e+00, mass_err=-2.134e-10
step= 89100, t=66.333966, dt=7.591e-04, KE=8.004012e-02, Mt=0.4045, A_K=0.038, Cuv=-0.143, P_in=7.496e-03, P_tgt=7.364e-03, A_F=0.019, K_low=0.253, P_drag=-3.997e-03, P_cool=-2.830e-03, WENO=0.142 (x=0.142, y=0.142), ReL2D=126.00, eps_nu=2.650e-03, P_hv=4.266e-05, rho_mean=1.000000, p_mean=0.719945, div_rms=3.674e-01, vort_rms=1.464e+00, mass_err=-2.141e-10
step= 89400, t=66.561145, dt=7.625e-04, KE=8.007454e-02, Mt=0.4052, A_K=0.077, Cuv=-0.137, P_in=7.006e-03, P_tgt=7.111e-03, A_F=0.009, K_low=0.254, P_drag=-3.999e-03, P_cool=-2.843e-03, WENO=0.127 (x=0.127, y=0.127), ReL2D=122.88, eps_nu=2.701e-03, P_hv=4.269e-05, rho_mean=1.000000, p_mean=0.719973, div_rms=3.861e-01, vort_rms=1.473e+00, mass_err=-2.148e-10
step= 89700, t=66.788504, dt=7.558e-04, KE=8.027298e-02, Mt=0.4063, A_K=0.117, Cuv=-0.060, P_in=7.144e-03, P_tgt=6.807e-03, A_F=0.181, K_low=0.259, P_drag=-4.035e-03, P_cool=-2.838e-03, WENO=0.109 (x=0.109, y=0.109), ReL2D=115.46, eps_nu=2.875e-03, P_hv=4.497e-05, rho_mean=1.000000, p_mean=0.719962, div_rms=4.040e-01, vort_rms=1.518e+00, mass_err=-2.156e-10
saved snapshot: results/hit2d/reynolds_calibration_ReL130_N256/calib_Mt040_N256_mu0p001140/hit2d_step0089900.npz
step= 90000, t=67.013261, dt=7.388e-04, KE=7.998756e-02, Mt=0.4060, A_K=0.129, Cuv=-0.017, P_in=6.549e-03, P_tgt=6.498e-03, A_F=0.129, K_low=0.266, P_drag=-4.100e-03, P_cool=-2.886e-03, WENO=0.114 (x=0.114, y=0.114), ReL2D=114.08, eps_nu=2.938e-03, P_hv=4.769e-05, rho_mean=1.000000, p_mean=0.720057, div_rms=4.370e-01, vort_rms=1.524e+00, mass_err=-2.163e-10
step= 90300, t=67.235118, dt=7.441e-04, KE=7.962654e-02, Mt=0.4049, A_K=0.117, Cuv=-0.012, P_in=6.250e-03, P_tgt=6.244e-03, A_F=0.151, K_low=0.271, P_drag=-4.153e-03, P_cool=-2.928e-03, WENO=0.122 (x=0.122, y=0.122), ReL2D=114.49, eps_nu=2.964e-03, P_hv=4.807e-05, rho_mean=1.000000, p_mean=0.720142, div_rms=4.550e-01, vort_rms=1.524e+00, mass_err=-2.170e-10
step= 90600, t=67.457460, dt=7.442e-04, KE=7.970286e-02, Mt=0.4050, A_K=0.089, Cuv=-0.036, P_in=5.964e-03, P_tgt=6.023e-03, A_F=0.070, K_low=0.273, P_drag=-4.174e-03, P_cool=-2.871e-03, WENO=0.127 (x=0.127, y=0.127), ReL2D=114.67, eps_nu=2.981e-03, P_hv=4.858e-05, rho_mean=1.000000, p_mean=0.720028, div_rms=4.722e-01, vort_rms=1.522e+00, mass_err=-2.177e-10
step= 90900, t=67.680949, dt=7.442e-04, KE=7.966787e-02, Mt=0.4050, A_K=0.063, Cuv=-0.064, P_in=5.805e-03, P_tgt=5.799e-03, A_F=0.140, K_low=0.270, P_drag=-4.141e-03, P_cool=-2.830e-03, WENO=0.108 (x=0.108, y=0.108), ReL2D=114.93, eps_nu=2.988e-03, P_hv=5.122e-05, rho_mean=1.000000, p_mean=0.719945, div_rms=4.856e-01, vort_rms=1.519e+00, mass_err=-2.184e-10
step= 91200, t=67.904093, dt=7.466e-04, KE=7.923947e-02, Mt=0.4037, A_K=0.024, Cuv=-0.106, P_in=5.631e-03, P_tgt=5.613e-03, A_F=0.025, K_low=0.263, P_drag=-4.050e-03, P_cool=-2.860e-03, WENO=0.118 (x=0.118, y=0.118), ReL2D=113.67, eps_nu=2.975e-03, P_hv=5.000e-05, rho_mean=1.000000, p_mean=0.720005, div_rms=4.815e-01, vort_rms=1.517e+00, mass_err=-2.192e-10
step= 91500, t=68.128922, dt=7.516e-04, KE=7.884066e-02, Mt=0.4024, A_K=0.022, Cuv=-0.164, P_in=5.522e-03, P_tgt=5.489e-03, A_F=0.026, K_low=0.255, P_drag=-3.931e-03, P_cool=-2.880e-03, WENO=0.120 (x=0.120, y=0.120), ReL2D=113.51, eps_nu=2.944e-03, P_hv=5.150e-05, rho_mean=1.000000, p_mean=0.720046, div_rms=4.679e-01, vort_rms=1.513e+00, mass_err=-2.199e-10
step= 91800, t=68.356361, dt=7.586e-04, KE=7.841197e-02, Mt=0.4021, A_K=0.064, Cuv=-0.251, P_in=5.412e-03, P_tgt=5.401e-03, A_F=0.134, K_low=0.249, P_drag=-3.817e-03, P_cool=-2.907e-03, WENO=0.126 (x=0.126, y=0.126), ReL2D=112.53, eps_nu=2.909e-03, P_hv=5.265e-05, rho_mean=1.000000, p_mean=0.720099, div_rms=4.600e-01, vort_rms=1.506e+00, mass_err=-2.206e-10
step= 92100, t=68.583852, dt=7.587e-04, KE=7.760223e-02, Mt=0.4011, A_K=0.074, Cuv=-0.339, P_in=5.350e-03, P_tgt=5.335e-03, A_F=0.099, K_low=0.247, P_drag=-3.728e-03, P_cool=-3.007e-03, WENO=0.143 (x=0.143, y=0.143), ReL2D=111.66, eps_nu=2.869e-03, P_hv=5.049e-05, rho_mean=1.000000, p_mean=0.720301, div_rms=4.446e-01, vort_rms=1.501e+00, mass_err=-2.213e-10
step= 92400, t=68.812114, dt=7.598e-04, KE=7.692123e-02, Mt=0.3998, A_K=0.055, Cuv=-0.372, P_in=5.339e-03, P_tgt=5.317e-03, A_F=0.066, K_low=0.243, P_drag=-3.628e-03, P_cool=-3.080e-03, WENO=0.138 (x=0.138, y=0.138), ReL2D=112.48, eps_nu=2.843e-03, P_hv=5.067e-05, rho_mean=1.000000, p_mean=0.720445, div_rms=4.299e-01, vort_rms=1.499e+00, mass_err=-2.220e-10
step= 92700, t=69.042529, dt=7.739e-04, KE=7.683694e-02, Mt=0.3989, A_K=0.034, Cuv=-0.356, P_in=5.390e-03, P_tgt=5.342e-03, A_F=0.136, K_low=0.232, P_drag=-3.485e-03, P_cool=-3.037e-03, WENO=0.125 (x=0.125, y=0.125), ReL2D=111.70, eps_nu=2.838e-03, P_hv=5.464e-05, rho_mean=1.000000, p_mean=0.720361, div_rms=4.436e-01, vort_rms=1.492e+00, mass_err=-2.228e-10
step= 93000, t=69.270786, dt=7.462e-04, KE=7.635804e-02, Mt=0.3974, A_K=0.011, Cuv=-0.333, P_in=5.487e-03, P_tgt=5.415e-03, A_F=0.380, K_low=0.223, P_drag=-3.331e-03, P_cool=-3.085e-03, WENO=0.127 (x=0.127, y=0.127), ReL2D=111.30, eps_nu=2.805e-03, P_hv=5.628e-05, rho_mean=1.000000, p_mean=0.720456, div_rms=4.388e-01, vort_rms=1.484e+00, mass_err=-2.235e-10
saved snapshot: results/hit2d/reynolds_calibration_ReL130_N256/calib_Mt040_N256_mu0p001140/hit2d_step0093000.npz
step= 93300, t=69.492882, dt=7.354e-04, KE=7.589593e-02, Mt=0.3958, A_K=0.016, Cuv=-0.320, P_in=5.614e-03, P_tgt=5.562e-03, A_F=0.189, K_low=0.215, P_drag=-3.200e-03, P_cool=-3.139e-03, WENO=0.138 (x=0.138, y=0.138), ReL2D=110.58, eps_nu=2.786e-03, P_hv=5.751e-05, rho_mean=1.000000, p_mean=0.720563, div_rms=4.410e-01, vort_rms=1.478e+00, mass_err=-2.242e-10
step= 93600, t=69.711019, dt=7.186e-04, KE=7.617448e-02, Mt=0.3963, A_K=0.039, Cuv=-0.318, P_in=5.708e-03, P_tgt=5.740e-03, A_F=0.111, K_low=0.207, P_drag=-3.108e-03, P_cool=-3.056e-03, WENO=0.139 (x=0.139, y=0.139), ReL2D=110.59, eps_nu=2.800e-03, P_hv=5.537e-05, rho_mean=1.000000, p_mean=0.720398, div_rms=4.597e-01, vort_rms=1.475e+00, mass_err=-2.249e-10
step= 93900, t=69.925543, dt=7.138e-04, KE=7.665952e-02, Mt=0.3976, A_K=0.048, Cuv=-0.308, P_in=5.902e-03, P_tgt=5.872e-03, A_F=0.143, K_low=0.201, P_drag=-3.030e-03, P_cool=-2.948e-03, WENO=0.127 (x=0.127, y=0.127), ReL2D=110.25, eps_nu=2.827e-03, P_hv=5.590e-05, rho_mean=1.000000, p_mean=0.720182, div_rms=4.808e-01, vort_rms=1.474e+00, mass_err=-2.256e-10
step= 94200, t=70.139657, dt=7.143e-04, KE=7.684076e-02, Mt=0.3984, A_K=0.054, Cuv=-0.287, P_in=5.964e-03, P_tgt=5.961e-03, A_F=0.238, K_low=0.195, P_drag=-2.949e-03, P_cool=-2.913e-03, WENO=0.131 (x=0.131, y=0.131), ReL2D=111.33, eps_nu=2.807e-03, P_hv=5.586e-05, rho_mean=1.000000, p_mean=0.720111, div_rms=4.745e-01, vort_rms=1.470e+00, mass_err=-2.264e-10
step= 94500, t=70.355741, dt=7.250e-04, KE=7.686345e-02, Mt=0.3988, A_K=0.068, Cuv=-0.255, P_in=5.971e-03, P_tgt=6.024e-03, A_F=0.098, K_low=0.190, P_drag=-2.861e-03, P_cool=-2.916e-03, WENO=0.141 (x=0.141, y=0.141), ReL2D=112.48, eps_nu=2.767e-03, P_hv=5.473e-05, rho_mean=1.000000, p_mean=0.720117, div_rms=4.635e-01, vort_rms=1.463e+00, mass_err=-2.271e-10
step= 94800, t=70.571793, dt=7.201e-04, KE=7.675393e-02, Mt=0.3987, A_K=0.084, Cuv=-0.215, P_in=6.090e-03, P_tgt=6.083e-03, A_F=0.016, K_low=0.184, P_drag=-2.753e-03, P_cool=-2.950e-03, WENO=0.139 (x=0.139, y=0.139), ReL2D=113.80, eps_nu=2.729e-03, P_hv=5.317e-05, rho_mean=1.000000, p_mean=0.720187, div_rms=4.542e-01, vort_rms=1.456e+00, mass_err=-2.278e-10
step= 95100, t=70.789893, dt=7.345e-04, KE=7.669356e-02, Mt=0.3990, A_K=0.099, Cuv=-0.173, P_in=6.053e-03, P_tgt=6.138e-03, A_F=0.001, K_low=0.176, P_drag=-2.626e-03, P_cool=-2.982e-03, WENO=0.150 (x=0.150, y=0.150), ReL2D=114.58, eps_nu=2.708e-03, P_hv=5.215e-05, rho_mean=1.000000, p_mean=0.720250, div_rms=4.522e-01, vort_rms=1.450e+00, mass_err=-2.285e-10
step= 95400, t=71.011050, dt=7.322e-04, KE=7.656822e-02, Mt=0.3997, A_K=0.107, Cuv=-0.131, P_in=6.248e-03, P_tgt=6.168e-03, A_F=0.096, K_low=0.168, P_drag=-2.501e-03, P_cool=-3.034e-03, WENO=0.144 (x=0.144, y=0.144), ReL2D=115.57, eps_nu=2.697e-03, P_hv=5.037e-05, rho_mean=1.000000, p_mean=0.720354, div_rms=4.531e-01, vort_rms=1.446e+00, mass_err=-2.292e-10
step= 95700, t=71.228908, dt=7.228e-04, KE=7.652284e-02, Mt=0.4005, A_K=0.123, Cuv=-0.127, P_in=6.196e-03, P_tgt=6.167e-03, A_F=0.463, K_low=0.163, P_drag=-2.411e-03, P_cool=-3.073e-03, WENO=0.129 (x=0.129, y=0.129), ReL2D=114.59, eps_nu=2.692e-03, P_hv=4.979e-05, rho_mean=1.000000, p_mean=0.720431, div_rms=4.598e-01, vort_rms=1.442e+00, mass_err=-2.300e-10
step= 96000, t=71.444992, dt=7.162e-04, KE=7.669800e-02, Mt=0.4021, A_K=0.153, Cuv=-0.132, P_in=6.171e-03, P_tgt=6.110e-03, A_F=0.056, K_low=0.160, P_drag=-2.363e-03, P_cool=-3.069e-03, WENO=0.127 (x=0.127, y=0.127), ReL2D=114.34, eps_nu=2.703e-03, P_hv=4.942e-05, rho_mean=1.000000, p_mean=0.720424, div_rms=4.745e-01, vort_rms=1.439e+00, mass_err=-2.307e-10
saved snapshot: results/hit2d/reynolds_calibration_ReL130_N256/calib_Mt040_N256_mu0p001140/hit2d_step0096100.npz
step= 96300, t=71.660329, dt=7.219e-04, KE=7.686783e-02, Mt=0.4033, A_K=0.182, Cuv=-0.135, P_in=5.994e-03, P_tgt=5.987e-03, A_F=0.059, K_low=0.159, P_drag=-2.340e-03, P_cool=-3.063e-03, WENO=0.133 (x=0.133, y=0.133), ReL2D=115.87, eps_nu=2.715e-03, P_hv=4.708e-05, rho_mean=1.000000, p_mean=0.720412, div_rms=4.903e-01, vort_rms=1.436e+00, mass_err=-2.314e-10
step= 96600, t=71.878762, dt=7.271e-04, KE=7.688770e-02, Mt=0.4031, A_K=0.175, Cuv=-0.135, P_in=5.851e-03, P_tgt=5.840e-03, A_F=0.299, K_low=0.157, P_drag=-2.323e-03, P_cool=-3.080e-03, WENO=0.126 (x=0.126, y=0.126), ReL2D=118.47, eps_nu=2.721e-03, P_hv=4.292e-05, rho_mean=1.000000, p_mean=0.720446, div_rms=4.953e-01, vort_rms=1.435e+00, mass_err=-2.321e-10
step= 96900, t=72.093286, dt=7.063e-04, KE=7.666675e-02, Mt=0.4011, A_K=0.129, Cuv=-0.121, P_in=5.805e-03, P_tgt=5.747e-03, A_F=0.281, K_low=0.154, P_drag=-2.311e-03, P_cool=-3.139e-03, WENO=0.125 (x=0.125, y=0.125), ReL2D=120.74, eps_nu=2.672e-03, P_hv=4.169e-05, rho_mean=1.000000, p_mean=0.720564, div_rms=4.726e-01, vort_rms=1.430e+00, mass_err=-2.328e-10
step= 97200, t=72.309721, dt=7.310e-04, KE=7.649200e-02, Mt=0.3992, A_K=0.069, Cuv=-0.110, P_in=5.833e-03, P_tgt=5.745e-03, A_F=0.033, K_low=0.153, P_drag=-2.327e-03, P_cool=-3.185e-03, WENO=0.125 (x=0.125, y=0.125), ReL2D=122.16, eps_nu=2.613e-03, P_hv=4.102e-05, rho_mean=1.000000, p_mean=0.720656, div_rms=4.522e-01, vort_rms=1.421e+00, mass_err=-2.335e-10
step= 97395, t=72.452981, dt=6.826e-04, KE=7.649263e-02, Mt=0.3988, A_K=0.031, Cuv=-0.106, P_in=5.744e-03, P_tgt=5.775e-03, A_F=0.063, K_low=0.155, P_drag=-2.359e-03, P_cool=-3.193e-03, WENO=0.135 (x=0.135, y=0.135), ReL2D=122.37, eps_nu=2.608e-03, P_hv=4.050e-05, rho_mean=1.000000, p_mean=0.720671, div_rms=4.528e-01, vort_rms=1.419e+00, mass_err=-2.340e-10
saved snapshot: results/hit2d/reynolds_calibration_ReL130_N256/calib_Mt040_N256_mu0p001140/hit2d_step0097395.npz
completed 2D HIT run at t=72.452981 in 97395 steps
Post-processing calib_Mt040_N256_mu0p001140 at Sun Aug 16 09:41:24 PM CEST 2026
FINISHED calib_Mt040_N256_mu0p001140 at Sun Aug 16 09:41:29 PM CEST 2026

============================================================
STARTING calib_Mt050_N256_mu0p001316 at Sun Aug 16 09:41:29 PM CEST 2026
Mt=0.50; viscosity=0.00131565; target stationary Re=130.0
N=256x256; tfinal=57.96238446; CFL=0.10; seed=1234
============================================================
Using array backend: cupy
saved run configuration: results/hit2d/reynolds_calibration_ReL130_N256/calib_Mt050_N256_mu0p001316/config.json
step=     0, t=0.000000, dt=0.000e+00, KE=1.250000e-01, Mt=0.5000, A_K=0.000, Cuv=0.000, P_in=0.000e+00, P_tgt=0.000e+00, A_F=0.000, K_low=0.000, P_drag=0.000e+00, P_cool=0.000e+00, WENO=0.018 (x=0.018, y=0.018), ReL2D=137.92, eps_nu=5.002e-03, P_hv=0.000e+00, rho_mean=1.000000, p_mean=0.714286, div_rms=1.223e-14, vort_rms=1.950e+00, mass_err=0.000e+00
step=   250, t=0.172771, dt=6.923e-04, KE=1.234353e-01, Mt=0.4970, A_K=0.001, Cuv=-0.001, P_in=1.006e-03, P_tgt=1.005e-03, A_F=0.003, K_low=0.003, P_drag=-7.099e-05, P_cool=-3.459e-04, WENO=0.033 (x=0.033, y=0.033), ReL2D=129.75, eps_nu=5.111e-03, P_hv=3.217e-05, rho_mean=1.000000, p_mean=0.714978, div_rms=4.379e-01, vort_rms=1.905e+00, mass_err=-6.040e-13
step=   500, t=0.346599, dt=7.000e-04, KE=1.159239e-01, Mt=0.4837, A_K=0.004, Cuv=-0.007, P_in=1.052e-03, P_tgt=1.052e-03, A_F=0.176, K_low=0.010, P_drag=-2.383e-04, P_cool=-1.844e-03, WENO=0.041 (x=0.041, y=0.041), ReL2D=125.67, eps_nu=4.879e-03, P_hv=3.291e-05, rho_mean=1.000000, p_mean=0.717974, div_rms=4.911e-01, vort_rms=1.840e+00, mass_err=-1.215e-12
step=   750, t=0.523865, dt=7.209e-04, KE=1.078229e-01, Mt=0.4722, A_K=0.005, Cuv=-0.016, P_in=1.196e-03, P_tgt=1.192e-03, A_F=0.117, K_low=0.019, P_drag=-3.956e-04, P_cool=-3.396e-03, WENO=0.087 (x=0.087, y=0.087), ReL2D=118.39, eps_nu=4.946e-03, P_hv=3.360e-05, rho_mean=1.000000, p_mean=0.721078, div_rms=5.860e-01, vort_rms=1.817e+00, mass_err=-1.805e-12
step=  1000, t=0.707722, dt=7.502e-04, KE=1.050593e-01, Mt=0.4750, A_K=0.008, Cuv=-0.030, P_in=1.324e-03, P_tgt=1.382e-03, A_F=0.033, K_low=0.024, P_drag=-4.709e-04, P_cool=-3.845e-03, WENO=0.113 (x=0.113, y=0.113), ReL2D=109.57, eps_nu=5.531e-03, P_hv=3.741e-05, rho_mean=1.000000, p_mean=0.721976, div_rms=7.993e-01, vort_rms=1.831e+00, mass_err=-2.395e-12
step=  1250, t=0.896756, dt=7.573e-04, KE=1.052261e-01, Mt=0.4808, A_K=0.009, Cuv=-0.036, P_in=1.558e-03, P_tgt=1.552e-03, A_F=0.018, K_low=0.026, P_drag=-4.710e-04, P_cool=-3.709e-03, WENO=0.144 (x=0.144, y=0.144), ReL2D=106.13, eps_nu=5.959e-03, P_hv=4.000e-05, rho_mean=1.000000, p_mean=0.721703, div_rms=9.230e-01, vort_rms=1.842e+00, mass_err=-2.970e-12
step=  1500, t=1.085257, dt=7.484e-04, KE=1.054723e-01, Mt=0.4799, A_K=0.001, Cuv=-0.036, P_in=1.754e-03, P_tgt=1.718e-03, A_F=0.020, K_low=0.027, P_drag=-4.470e-04, P_cool=-3.568e-03, WENO=0.147 (x=0.147, y=0.147), ReL2D=106.70, eps_nu=5.907e-03, P_hv=4.165e-05, rho_mean=1.000000, p_mean=0.721422, div_rms=9.157e-01, vort_rms=1.836e+00, mass_err=-3.560e-12
step=  1750, t=1.269904, dt=7.272e-04, KE=1.054159e-01, Mt=0.4749, A_K=0.007, Cuv=-0.016, P_in=1.902e-03, P_tgt=1.938e-03, A_F=0.137, K_low=0.028, P_drag=-4.457e-04, P_cool=-3.502e-03, WENO=0.142 (x=0.142, y=0.142), ReL2D=109.04, eps_nu=5.589e-03, P_hv=4.231e-05, rho_mean=1.000000, p_mean=0.721290, div_rms=8.357e-01, vort_rms=1.821e+00, mass_err=-4.150e-12
step=  2000, t=1.447668, dt=7.088e-04, KE=1.055680e-01, Mt=0.4717, A_K=0.033, Cuv=0.015, P_in=2.289e-03, P_tgt=2.242e-03, A_F=0.101, K_low=0.029, P_drag=-4.935e-04, P_cool=-3.405e-03, WENO=0.143 (x=0.143, y=0.143), ReL2D=111.13, eps_nu=5.407e-03, P_hv=4.606e-05, rho_mean=1.000000, p_mean=0.721095, div_rms=7.766e-01, vort_rms=1.818e+00, mass_err=-4.732e-12
step=  2250, t=1.627306, dt=7.273e-04, KE=1.055130e-01, Mt=0.4698, A_K=0.045, Cuv=0.034, P_in=2.704e-03, P_tgt=2.632e-03, A_F=0.150, K_low=0.033, P_drag=-5.924e-04, P_cool=-3.376e-03, WENO=0.166 (x=0.166, y=0.166), ReL2D=113.28, eps_nu=5.273e-03, P_hv=4.837e-05, rho_mean=1.000000, p_mean=0.721037, div_rms=7.400e-01, vort_rms=1.810e+00, mass_err=-5.322e-12
step=  2500, t=1.812073, dt=7.512e-04, KE=1.050868e-01, Mt=0.4676, A_K=0.054, Cuv=0.028, P_in=3.070e-03, P_tgt=3.129e-03, A_F=0.060, K_low=0.039, P_drag=-7.327e-04, P_cool=-3.422e-03, WENO=0.183 (x=0.183, y=0.183), ReL2D=114.22, eps_nu=5.201e-03, P_hv=5.004e-05, rho_mean=1.000000, p_mean=0.721130, div_rms=7.207e-01, vort_rms=1.806e+00, mass_err=-5.919e-12
saved snapshot: results/hit2d/reynolds_calibration_ReL130_N256/calib_Mt050_N256_mu0p001316/hit2d_step0002500.npz
step=  2750, t=1.997990, dt=7.392e-04, KE=1.047512e-01, Mt=0.4661, A_K=0.062, Cuv=0.011, P_in=3.771e-03, P_tgt=3.759e-03, A_F=0.250, K_low=0.045, P_drag=-8.504e-04, P_cool=-3.461e-03, WENO=0.208 (x=0.208, y=0.208), ReL2D=113.68, eps_nu=5.192e-03, P_hv=5.326e-05, rho_mean=1.000000, p_mean=0.721207, div_rms=7.334e-01, vort_rms=1.797e+00, mass_err=-6.509e-12
step=  3000, t=2.182881, dt=7.427e-04, KE=1.043761e-01, Mt=0.4652, A_K=0.071, Cuv=-0.003, P_in=4.642e-03, P_tgt=4.556e-03, A_F=0.021, K_low=0.045, P_drag=-8.755e-04, P_cool=-3.526e-03, WENO=0.205 (x=0.205, y=0.205), ReL2D=113.37, eps_nu=5.168e-03, P_hv=5.918e-05, rho_mean=1.000000, p_mean=0.721337, div_rms=7.334e-01, vort_rms=1.792e+00, mass_err=-7.098e-12
step=  3250, t=2.368609, dt=7.391e-04, KE=1.041744e-01, Mt=0.4649, A_K=0.086, Cuv=-0.011, P_in=5.527e-03, P_tgt=5.533e-03, A_F=0.118, K_low=0.040, P_drag=-8.002e-04, P_cool=-3.588e-03, WENO=0.208 (x=0.208, y=0.208), ReL2D=112.22, eps_nu=5.203e-03, P_hv=6.322e-05, rho_mean=1.000000, p_mean=0.721462, div_rms=7.531e-01, vort_rms=1.788e+00, mass_err=-7.695e-12
step=  3500, t=2.552236, dt=7.310e-04, KE=1.034214e-01, Mt=0.4628, A_K=0.112, Cuv=-0.011, P_in=6.756e-03, P_tgt=6.768e-03, A_F=0.094, K_low=0.035, P_drag=-6.977e-04, P_cool=-3.802e-03, WENO=0.206 (x=0.206, y=0.206), ReL2D=110.23, eps_nu=5.216e-03, P_hv=6.408e-05, rho_mean=1.000000, p_mean=0.721890, div_rms=7.616e-01, vort_rms=1.786e+00, mass_err=-8.292e-12
step=  3750, t=2.735479, dt=7.358e-04, KE=1.027832e-01, Mt=0.4609, A_K=0.135, Cuv=0.004, P_in=8.352e-03, P_tgt=8.404e-03, A_F=0.083, K_low=0.033, P_drag=-6.494e-04, P_cool=-4.039e-03, WENO=0.191 (x=0.191, y=0.191), ReL2D=110.13, eps_nu=5.165e-03, P_hv=6.485e-05, rho_mean=1.000000, p_mean=0.722364, div_rms=7.523e-01, vort_rms=1.781e+00, mass_err=-8.889e-12
step=  4000, t=2.920280, dt=7.415e-04, KE=1.037476e-01, Mt=0.4629, A_K=0.151, Cuv=0.018, P_in=1.041e-02, P_tgt=1.043e-02, A_F=0.127, K_low=0.035, P_drag=-7.018e-04, P_cool=-4.019e-03, WENO=0.181 (x=0.181, y=0.181), ReL2D=110.53, eps_nu=5.195e-03, P_hv=6.593e-05, rho_mean=1.000000, p_mean=0.722325, div_rms=7.753e-01, vort_rms=1.774e+00, mass_err=-9.479e-12
step=  4250, t=3.105075, dt=7.354e-04, KE=1.052954e-01, Mt=0.4664, A_K=0.159, Cuv=0.018, P_in=1.268e-02, P_tgt=1.271e-02, A_F=0.107, K_low=0.043, P_drag=-8.668e-04, P_cool=-3.961e-03, WENO=0.176 (x=0.176, y=0.176), ReL2D=112.96, eps_nu=5.204e-03, P_hv=6.661e-05, rho_mean=1.000000, p_mean=0.722208, div_rms=7.807e-01, vort_rms=1.773e+00, mass_err=-1.008e-11
step=  4500, t=3.287713, dt=7.267e-04, KE=1.067135e-01, Mt=0.4698, A_K=0.148, Cuv=-0.013, P_in=1.524e-02, P_tgt=1.516e-02, A_F=0.142, K_low=0.055, P_drag=-1.107e-03, P_cool=-4.005e-03, WENO=0.168 (x=0.168, y=0.168), ReL2D=113.90, eps_nu=5.241e-03, P_hv=6.549e-05, rho_mean=1.000000, p_mean=0.722295, div_rms=7.867e-01, vort_rms=1.777e+00, mass_err=-1.067e-11
step=  4750, t=3.469524, dt=7.253e-04, KE=1.081944e-01, Mt=0.4733, A_K=0.108, Cuv=-0.058, P_in=1.768e-02, P_tgt=1.772e-02, A_F=0.079, K_low=0.069, P_drag=-1.356e-03, P_cool=-4.114e-03, WENO=0.162 (x=0.162, y=0.162), ReL2D=115.18, eps_nu=5.274e-03, P_hv=6.918e-05, rho_mean=1.000000, p_mean=0.722515, div_rms=7.795e-01, vort_rms=1.788e+00, mass_err=-1.126e-11
step=  5000, t=3.650776, dt=7.276e-04, KE=1.101715e-01, Mt=0.4781, A_K=0.068, Cuv=-0.083, P_in=2.008e-02, P_tgt=2.020e-02, A_F=0.221, K_low=0.078, P_drag=-1.552e-03, P_cool=-4.204e-03, WENO=0.178 (x=0.178, y=0.178), ReL2D=115.97, eps_nu=5.329e-03, P_hv=6.910e-05, rho_mean=1.000000, p_mean=0.722695, div_rms=7.714e-01, vort_rms=1.805e+00, mass_err=-1.186e-11
saved snapshot: results/hit2d/reynolds_calibration_ReL130_N256/calib_Mt050_N256_mu0p001316/hit2d_step0005000.npz
step=  5250, t=3.832069, dt=7.224e-04, KE=1.122846e-01, Mt=0.4831, A_K=0.041, Cuv=-0.085, P_in=2.252e-02, P_tgt=2.240e-02, A_F=0.136, K_low=0.082, P_drag=-1.673e-03, P_cool=-4.341e-03, WENO=0.178 (x=0.178, y=0.178), ReL2D=117.88, eps_nu=5.334e-03, P_hv=6.688e-05, rho_mean=1.000000, p_mean=0.722968, div_rms=7.430e-01, vort_rms=1.822e+00, mass_err=-1.245e-11
step=  5500, t=4.013363, dt=7.281e-04, KE=1.147137e-01, Mt=0.4883, A_K=0.015, Cuv=-0.080, P_in=2.426e-02, P_tgt=2.415e-02, A_F=0.101, K_low=0.082, P_drag=-1.736e-03, P_cool=-4.479e-03, WENO=0.170 (x=0.170, y=0.170), ReL2D=119.54, eps_nu=5.370e-03, P_hv=6.670e-05, rho_mean=1.000000, p_mean=0.723244, div_rms=7.153e-01, vort_rms=1.844e+00, mass_err=-1.305e-11
step=  5750, t=4.196171, dt=7.231e-04, KE=1.174822e-01, Mt=0.4944, A_K=0.014, Cuv=-0.055, P_in=2.520e-02, P_tgt=2.525e-02, A_F=0.142, K_low=0.082, P_drag=-1.787e-03, P_cool=-4.602e-03, WENO=0.174 (x=0.174, y=0.174), ReL2D=120.36, eps_nu=5.421e-03, P_hv=6.730e-05, rho_mean=1.000000, p_mean=0.723490, div_rms=7.025e-01, vort_rms=1.861e+00, mass_err=-1.363e-11
step=  6000, t=4.377380, dt=7.304e-04, KE=1.202983e-01, Mt=0.5003, A_K=0.056, Cuv=-0.028, P_in=2.573e-02, P_tgt=2.560e-02, A_F=0.172, K_low=0.084, P_drag=-1.894e-03, P_cool=-4.727e-03, WENO=0.177 (x=0.177, y=0.177), ReL2D=120.77, eps_nu=5.504e-03, P_hv=7.026e-05, rho_mean=1.000000, p_mean=0.723740, div_rms=6.965e-01, vort_rms=1.881e+00, mass_err=-1.422e-11
step=  6250, t=4.558030, dt=7.176e-04, KE=1.235740e-01, Mt=0.5073, A_K=0.103, Cuv=-0.007, P_in=2.511e-02, P_tgt=2.514e-02, A_F=0.040, K_low=0.088, P_drag=-2.069e-03, P_cool=-4.748e-03, WENO=0.189 (x=0.189, y=0.189), ReL2D=120.73, eps_nu=5.698e-03, P_hv=7.206e-05, rho_mean=1.000000, p_mean=0.723782, div_rms=7.270e-01, vort_rms=1.904e+00, mass_err=-1.481e-11
step=  6500, t=4.736358, dt=7.102e-04, KE=1.268733e-01, Mt=0.5148, A_K=0.148, Cuv=0.022, P_in=2.376e-02, P_tgt=2.383e-02, A_F=0.166, K_low=0.093, P_drag=-2.277e-03, P_cool=-4.718e-03, WENO=0.180 (x=0.180, y=0.180), ReL2D=121.05, eps_nu=5.949e-03, P_hv=7.803e-05, rho_mean=1.000000, p_mean=0.723722, div_rms=7.777e-01, vort_rms=1.928e+00, mass_err=-1.540e-11
step=  6750, t=4.910449, dt=6.899e-04, KE=1.294541e-01, Mt=0.5212, A_K=0.173, Cuv=0.052, P_in=2.164e-02, P_tgt=2.186e-02, A_F=0.158, K_low=0.099, P_drag=-2.483e-03, P_cool=-4.755e-03, WENO=0.176 (x=0.176, y=0.176), ReL2D=119.66, eps_nu=6.205e-03, P_hv=8.271e-05, rho_mean=1.000000, p_mean=0.723795, div_rms=8.203e-01, vort_rms=1.954e+00, mass_err=-1.600e-11
step=  7000, t=5.082029, dt=6.821e-04, KE=1.307287e-01, Mt=0.5239, A_K=0.184, Cuv=0.071, P_in=1.955e-02, P_tgt=1.965e-02, A_F=0.080, K_low=0.105, P_drag=-2.627e-03, P_cool=-4.966e-03, WENO=0.174 (x=0.174, y=0.174), ReL2D=116.76, eps_nu=6.352e-03, P_hv=8.599e-05, rho_mean=1.000000, p_mean=0.724217, div_rms=8.508e-01, vort_rms=1.965e+00, mass_err=-1.660e-11
step=  7250, t=5.251050, dt=6.765e-04, KE=1.309902e-01, Mt=0.5252, A_K=0.190, Cuv=0.090, P_in=1.761e-02, P_tgt=1.752e-02, A_F=0.003, K_low=0.108, P_drag=-2.677e-03, P_cool=-5.284e-03, WENO=0.183 (x=0.183, y=0.183), ReL2D=115.30, eps_nu=6.393e-03, P_hv=8.993e-05, rho_mean=1.000000, p_mean=0.724853, div_rms=8.517e-01, vort_rms=1.973e+00, mass_err=-1.718e-11
step=  7500, t=5.421426, dt=6.874e-04, KE=1.315305e-01, Mt=0.5266, A_K=0.175, Cuv=0.102, P_in=1.564e-02, P_tgt=1.554e-02, A_F=0.015, K_low=0.107, P_drag=-2.652e-03, P_cool=-5.461e-03, WENO=0.178 (x=0.178, y=0.178), ReL2D=113.71, eps_nu=6.460e-03, P_hv=9.503e-05, rho_mean=1.000000, p_mean=0.725207, div_rms=8.622e-01, vort_rms=1.980e+00, mass_err=-1.777e-11
saved snapshot: results/hit2d/reynolds_calibration_ReL130_N256/calib_Mt050_N256_mu0p001316/hit2d_step0007500.npz
step=  7750, t=5.594947, dt=6.970e-04, KE=1.324123e-01, Mt=0.5273, A_K=0.161, Cuv=0.098, P_in=1.352e-02, P_tgt=1.372e-02, A_F=0.245, K_low=0.103, P_drag=-2.606e-03, P_cool=-5.502e-03, WENO=0.167 (x=0.167, y=0.167), ReL2D=112.94, eps_nu=6.505e-03, P_hv=1.004e-04, rho_mean=1.000000, p_mean=0.725290, div_rms=8.691e-01, vort_rms=1.984e+00, mass_err=-1.836e-11
step=  8000, t=5.767524, dt=6.810e-04, KE=1.331285e-01, Mt=0.5274, A_K=0.154, Cuv=0.103, P_in=1.208e-02, P_tgt=1.209e-02, A_F=0.232, K_low=0.101, P_drag=-2.598e-03, P_cool=-5.519e-03, WENO=0.157 (x=0.157, y=0.157), ReL2D=112.22, eps_nu=6.517e-03, P_hv=1.049e-04, rho_mean=1.000000, p_mean=0.725324, div_rms=8.712e-01, vort_rms=1.985e+00, mass_err=-1.894e-11
step=  8250, t=5.936925, dt=6.737e-04, KE=1.334819e-01, Mt=0.5270, A_K=0.138, Cuv=0.114, P_in=1.058e-02, P_tgt=1.066e-02, A_F=0.155, K_low=0.102, P_drag=-2.650e-03, P_cool=-5.557e-03, WENO=0.159 (x=0.159, y=0.159), ReL2D=112.11, eps_nu=6.473e-03, P_hv=1.070e-04, rho_mean=1.000000, p_mean=0.725400, div_rms=8.585e-01, vort_rms=1.984e+00, mass_err=-1.953e-11
step=  8500, t=6.104753, dt=6.739e-04, KE=1.332574e-01, Mt=0.5264, A_K=0.109, Cuv=0.127, P_in=9.431e-03, P_tgt=9.420e-03, A_F=0.032, K_low=0.107, P_drag=-2.759e-03, P_cool=-5.660e-03, WENO=0.158 (x=0.158, y=0.158), ReL2D=112.32, eps_nu=6.402e-03, P_hv=1.054e-04, rho_mean=1.000000, p_mean=0.725605, div_rms=8.310e-01, vort_rms=1.986e+00, mass_err=-2.013e-11
step=  8750, t=6.273416, dt=6.759e-04, KE=1.327284e-01, Mt=0.5252, A_K=0.070, Cuv=0.135, P_in=8.410e-03, P_tgt=8.356e-03, A_F=0.072, K_low=0.113, P_drag=-2.908e-03, P_cool=-5.777e-03, WENO=0.164 (x=0.164, y=0.164), ReL2D=113.59, eps_nu=6.292e-03, P_hv=1.031e-04, rho_mean=1.000000, p_mean=0.725839, div_rms=8.036e-01, vort_rms=1.980e+00, mass_err=-2.072e-11
step=  9000, t=6.443517, dt=6.826e-04, KE=1.324285e-01, Mt=0.5238, A_K=0.029, Cuv=0.124, P_in=7.195e-03, P_tgt=7.454e-03, A_F=0.151, K_low=0.121, P_drag=-3.068e-03, P_cool=-5.808e-03, WENO=0.183 (x=0.183, y=0.183), ReL2D=114.92, eps_nu=6.178e-03, P_hv=1.039e-04, rho_mean=1.000000, p_mean=0.725901, div_rms=7.921e-01, vort_rms=1.964e+00, mass_err=-2.132e-11
step=  9250, t=6.612028, dt=6.699e-04, KE=1.321494e-01, Mt=0.5217, A_K=0.010, Cuv=0.091, P_in=6.811e-03, P_tgt=6.703e-03, A_F=0.050, K_low=0.127, P_drag=-3.194e-03, P_cool=-5.807e-03, WENO=0.180 (x=0.180, y=0.180), ReL2D=115.12, eps_nu=6.121e-03, P_hv=1.062e-04, rho_mean=1.000000, p_mean=0.725900, div_rms=7.881e-01, vort_rms=1.956e+00, mass_err=-2.190e-11
step=  9500, t=6.778629, dt=6.533e-04, KE=1.314355e-01, Mt=0.5198, A_K=0.039, Cuv=0.088, P_in=6.094e-03, P_tgt=6.081e-03, A_F=0.004, K_low=0.131, P_drag=-3.260e-03, P_cool=-5.863e-03, WENO=0.173 (x=0.173, y=0.173), ReL2D=115.10, eps_nu=6.076e-03, P_hv=1.115e-04, rho_mean=1.000000, p_mean=0.726012, div_rms=7.811e-01, vort_rms=1.951e+00, mass_err=-2.248e-11
step=  9750, t=6.940216, dt=6.438e-04, KE=1.307277e-01, Mt=0.5188, A_K=0.066, Cuv=0.083, P_in=5.524e-03, P_tgt=5.553e-03, A_F=0.005, K_low=0.133, P_drag=-3.306e-03, P_cool=-5.897e-03, WENO=0.176 (x=0.176, y=0.176), ReL2D=115.47, eps_nu=6.000e-03, P_hv=1.174e-04, rho_mean=1.000000, p_mean=0.726081, div_rms=7.805e-01, vort_rms=1.936e+00, mass_err=-2.308e-11
step= 10000, t=7.101869, dt=6.451e-04, KE=1.302294e-01, Mt=0.5189, A_K=0.090, Cuv=0.084, P_in=5.121e-03, P_tgt=5.082e-03, A_F=0.038, K_low=0.136, P_drag=-3.373e-03, P_cool=-5.872e-03, WENO=0.183 (x=0.183, y=0.183), ReL2D=116.48, eps_nu=5.875e-03, P_hv=1.163e-04, rho_mean=1.000000, p_mean=0.726029, div_rms=7.709e-01, vort_rms=1.916e+00, mass_err=-2.367e-11
saved snapshot: results/hit2d/reynolds_calibration_ReL130_N256/calib_Mt050_N256_mu0p001316/hit2d_step0010000.npz
step= 10250, t=7.262940, dt=6.466e-04, KE=1.303640e-01, Mt=0.5207, A_K=0.109, Cuv=0.090, P_in=4.645e-03, P_tgt=4.632e-03, A_F=0.035, K_low=0.140, P_drag=-3.479e-03, P_cool=-5.705e-03, WENO=0.195 (x=0.195, y=0.195), ReL2D=116.80, eps_nu=5.810e-03, P_hv=1.127e-04, rho_mean=1.000000, p_mean=0.725696, div_rms=7.804e-01, vort_rms=1.898e+00, mass_err=-2.425e-11
step= 10500, t=7.425833, dt=6.496e-04, KE=1.306118e-01, Mt=0.5225, A_K=0.122, Cuv=0.095, P_in=4.169e-03, P_tgt=4.183e-03, A_F=0.062, K_low=0.144, P_drag=-3.606e-03, P_cool=-5.502e-03, WENO=0.190 (x=0.190, y=0.190), ReL2D=116.70, eps_nu=5.833e-03, P_hv=1.067e-04, rho_mean=1.000000, p_mean=0.725289, div_rms=8.143e-01, vort_rms=1.884e+00, mass_err=-2.485e-11
step= 10750, t=7.587499, dt=6.440e-04, KE=1.300775e-01, Mt=0.5219, A_K=0.130, Cuv=0.104, P_in=3.773e-03, P_tgt=3.766e-03, A_F=0.019, K_low=0.149, P_drag=-3.715e-03, P_cool=-5.443e-03, WENO=0.186 (x=0.186, y=0.186), ReL2D=115.88, eps_nu=5.885e-03, P_hv=1.059e-04, rho_mean=1.000000, p_mean=0.725172, div_rms=8.538e-01, vort_rms=1.871e+00, mass_err=-2.544e-11
step= 11000, t=7.748631, dt=6.461e-04, KE=1.283262e-01, Mt=0.5186, A_K=0.134, Cuv=0.119, P_in=3.402e-03, P_tgt=3.420e-03, A_F=0.205, K_low=0.154, P_drag=-3.780e-03, P_cool=-5.611e-03, WENO=0.177 (x=0.177, y=0.177), ReL2D=114.19, eps_nu=5.882e-03, P_hv=1.024e-04, rho_mean=1.000000, p_mean=0.725508, div_rms=8.689e-01, vort_rms=1.861e+00, mass_err=-2.603e-11
step= 11250, t=7.910557, dt=6.510e-04, KE=1.264547e-01, Mt=0.5144, A_K=0.131, Cuv=0.140, P_in=3.126e-03, P_tgt=3.162e-03, A_F=0.047, K_low=0.158, P_drag=-3.786e-03, P_cool=-5.784e-03, WENO=0.173 (x=0.173, y=0.173), ReL2D=112.37, eps_nu=5.825e-03, P_hv=1.150e-04, rho_mean=1.000000, p_mean=0.725853, div_rms=8.737e-01, vort_rms=1.847e+00, mass_err=-2.663e-11
step= 11500, t=8.074614, dt=6.622e-04, KE=1.252240e-01, Mt=0.5110, A_K=0.132, Cuv=0.155, P_in=2.973e-03, P_tgt=2.975e-03, A_F=0.086, K_low=0.158, P_drag=-3.742e-03, P_cool=-5.814e-03, WENO=0.160 (x=0.160, y=0.160), ReL2D=113.12, eps_nu=5.698e-03, P_hv=1.105e-04, rho_mean=1.000000, p_mean=0.725913, div_rms=8.677e-01, vort_rms=1.824e+00, mass_err=-2.721e-11
step= 11750, t=8.238455, dt=6.491e-04, KE=1.242788e-01, Mt=0.5077, A_K=0.146, Cuv=0.161, P_in=2.842e-03, P_tgt=2.843e-03, A_F=0.189, K_low=0.156, P_drag=-3.662e-03, P_cool=-5.784e-03, WENO=0.172 (x=0.172, y=0.172), ReL2D=115.22, eps_nu=5.539e-03, P_hv=1.133e-04, rho_mean=1.000000, p_mean=0.725853, div_rms=8.473e-01, vort_rms=1.803e+00, mass_err=-2.782e-11
step= 12000, t=8.400136, dt=6.457e-04, KE=1.236034e-01, Mt=0.5056, A_K=0.169, Cuv=0.158, P_in=2.741e-03, P_tgt=2.754e-03, A_F=0.132, K_low=0.153, P_drag=-3.573e-03, P_cool=-5.703e-03, WENO=0.166 (x=0.166, y=0.166), ReL2D=117.46, eps_nu=5.463e-03, P_hv=1.058e-04, rho_mean=1.000000, p_mean=0.725692, div_rms=8.457e-01, vort_rms=1.788e+00, mass_err=-2.841e-11
step= 12250, t=8.563237, dt=6.608e-04, KE=1.227238e-01, Mt=0.5042, A_K=0.195, Cuv=0.155, P_in=2.683e-03, P_tgt=2.687e-03, A_F=0.155, K_low=0.150, P_drag=-3.492e-03, P_cool=-5.666e-03, WENO=0.155 (x=0.155, y=0.155), ReL2D=119.86, eps_nu=5.372e-03, P_hv=9.974e-05, rho_mean=1.000000, p_mean=0.725618, div_rms=8.414e-01, vort_rms=1.772e+00, mass_err=-2.901e-11
warning: flow component anisotropy has increased over the last three diagnostic samples
step= 12500, t=8.730423, dt=6.769e-04, KE=1.208682e-01, Mt=0.5012, A_K=0.214, Cuv=0.156, P_in=2.630e-03, P_tgt=2.649e-03, A_F=0.149, K_low=0.151, P_drag=-3.436e-03, P_cool=-5.821e-03, WENO=0.157 (x=0.157, y=0.157), ReL2D=122.90, eps_nu=5.157e-03, P_hv=9.240e-05, rho_mean=1.000000, p_mean=0.725928, div_rms=8.013e-01, vort_rms=1.750e+00, mass_err=-2.959e-11
saved snapshot: results/hit2d/reynolds_calibration_ReL130_N256/calib_Mt050_N256_mu0p001316/hit2d_step0012500.npz
warning: flow component anisotropy has increased over the last three diagnostic samples
step= 12750, t=8.901568, dt=6.912e-04, KE=1.190660e-01, Mt=0.4983, A_K=0.223, Cuv=0.164, P_in=2.694e-03, P_tgt=2.654e-03, A_F=0.030, K_low=0.155, P_drag=-3.413e-03, P_cool=-5.959e-03, WENO=0.155 (x=0.155, y=0.155), ReL2D=125.23, eps_nu=4.997e-03, P_hv=8.612e-05, rho_mean=1.000000, p_mean=0.726204, div_rms=7.726e-01, vort_rms=1.733e+00, mass_err=-3.019e-11
warning: flow component anisotropy has increased over the last three diagnostic samples
step= 13000, t=9.074029, dt=6.908e-04, KE=1.174465e-01, Mt=0.4957, A_K=0.225, Cuv=0.166, P_in=2.665e-03, P_tgt=2.694e-03, A_F=0.000, K_low=0.159, P_drag=-3.418e-03, P_cool=-6.057e-03, WENO=0.166 (x=0.166, y=0.166), ReL2D=126.14, eps_nu=4.902e-03, P_hv=8.052e-05, rho_mean=1.000000, p_mean=0.726400, div_rms=7.713e-01, vort_rms=1.712e+00, mass_err=-3.078e-11
warning: flow component anisotropy has increased over the last three diagnostic samples
step= 13250, t=9.247058, dt=6.904e-04, KE=1.155329e-01, Mt=0.4930, A_K=0.226, Cuv=0.150, P_in=2.809e-03, P_tgt=2.772e-03, A_F=0.061, K_low=0.162, P_drag=-3.426e-03, P_cool=-6.207e-03, WENO=0.176 (x=0.176, y=0.176), ReL2D=126.81, eps_nu=4.806e-03, P_hv=7.335e-05, rho_mean=1.000000, p_mean=0.726699, div_rms=7.626e-01, vort_rms=1.696e+00, mass_err=-3.138e-11
step= 13500, t=9.419585, dt=6.912e-04, KE=1.136466e-01, Mt=0.4902, A_K=0.219, Cuv=0.115, P_in=2.907e-03, P_tgt=2.893e-03, A_F=0.183, K_low=0.165, P_drag=-3.424e-03, P_cool=-6.345e-03, WENO=0.181 (x=0.181, y=0.181), ReL2D=126.90, eps_nu=4.730e-03, P_hv=7.083e-05, rho_mean=1.000000, p_mean=0.726976, div_rms=7.562e-01, vort_rms=1.683e+00, mass_err=-3.197e-11
step= 13750, t=9.592906, dt=6.948e-04, KE=1.120772e-01, Mt=0.4872, A_K=0.198, Cuv=0.069, P_in=3.104e-03, P_tgt=3.068e-03, A_F=0.154, K_low=0.166, P_drag=-3.408e-03, P_cool=-6.416e-03, WENO=0.190 (x=0.190, y=0.190), ReL2D=125.99, eps_nu=4.641e-03, P_hv=7.661e-05, rho_mean=1.000000, p_mean=0.727118, div_rms=7.484e-01, vort_rms=1.667e+00, mass_err=-3.255e-11
step= 14000, t=9.767078, dt=7.054e-04, KE=1.114532e-01, Mt=0.4850, A_K=0.160, Cuv=0.025, P_in=3.293e-03, P_tgt=3.302e-03, A_F=0.183, K_low=0.164, P_drag=-3.379e-03, P_cool=-6.305e-03, WENO=0.181 (x=0.181, y=0.181), ReL2D=124.51, eps_nu=4.554e-03, P_hv=7.379e-05, rho_mean=1.000000, p_mean=0.726896, div_rms=7.382e-01, vort_rms=1.654e+00, mass_err=-3.314e-11
step= 14250, t=9.944887, dt=7.160e-04, KE=1.116266e-01, Mt=0.4840, A_K=0.119, Cuv=-0.010, P_in=3.591e-03, P_tgt=3.583e-03, A_F=0.074, K_low=0.160, P_drag=-3.346e-03, P_cool=-6.051e-03, WENO=0.180 (x=0.180, y=0.180), ReL2D=124.81, eps_nu=4.472e-03, P_hv=6.758e-05, rho_mean=1.000000, p_mean=0.726387, div_rms=7.167e-01, vort_rms=1.647e+00, mass_err=-3.373e-11
step= 14500, t=10.125018, dt=7.253e-04, KE=1.120245e-01, Mt=0.4833, A_K=0.088, Cuv=-0.035, P_in=3.917e-03, P_tgt=3.902e-03, A_F=0.071, K_low=0.156, P_drag=-3.328e-03, P_cool=-5.775e-03, WENO=0.179 (x=0.179, y=0.179), ReL2D=125.30, eps_nu=4.405e-03, P_hv=6.348e-05, rho_mean=1.000000, p_mean=0.725835, div_rms=7.021e-01, vort_rms=1.640e+00, mass_err=-3.432e-11
step= 14750, t=10.306874, dt=7.234e-04, KE=1.117381e-01, Mt=0.4813, A_K=0.069, Cuv=-0.056, P_in=4.287e-03, P_tgt=4.281e-03, A_F=0.155, K_low=0.155, P_drag=-3.344e-03, P_cool=-5.654e-03, WENO=0.167 (x=0.167, y=0.167), ReL2D=126.03, eps_nu=4.303e-03, P_hv=6.256e-05, rho_mean=1.000000, p_mean=0.725595, div_rms=6.818e-01, vort_rms=1.628e+00, mass_err=-3.492e-11
step= 15000, t=10.487897, dt=7.216e-04, KE=1.108786e-01, Mt=0.4785, A_K=0.063, Cuv=-0.065, P_in=4.796e-03, P_tgt=4.764e-03, A_F=0.234, K_low=0.157, P_drag=-3.384e-03, P_cool=-5.664e-03, WENO=0.183 (x=0.183, y=0.183), ReL2D=126.16, eps_nu=4.172e-03, P_hv=6.114e-05, rho_mean=1.000000, p_mean=0.725613, div_rms=6.583e-01, vort_rms=1.610e+00, mass_err=-3.551e-11
saved snapshot: results/hit2d/reynolds_calibration_ReL130_N256/calib_Mt050_N256_mu0p001316/hit2d_step0015000.npz
step= 15250, t=10.668187, dt=7.319e-04, KE=1.100929e-01, Mt=0.4764, A_K=0.076, Cuv=-0.068, P_in=5.399e-03, P_tgt=5.381e-03, A_F=0.193, K_low=0.159, P_drag=-3.427e-03, P_cool=-5.676e-03, WENO=0.185 (x=0.185, y=0.185), ReL2D=126.52, eps_nu=4.086e-03, P_hv=6.007e-05, rho_mean=1.000000, p_mean=0.725637, div_rms=6.437e-01, vort_rms=1.598e+00, mass_err=-3.610e-11
step= 15500, t=10.853879, dt=7.527e-04, KE=1.100395e-01, Mt=0.4769, A_K=0.103, Cuv=-0.066, P_in=6.074e-03, P_tgt=6.108e-03, A_F=0.098, K_low=0.161, P_drag=-3.459e-03, P_cool=-5.563e-03, WENO=0.178 (x=0.178, y=0.178), ReL2D=125.43, eps_nu=4.094e-03, P_hv=5.798e-05, rho_mean=1.000000, p_mean=0.725412, div_rms=6.442e-01, vort_rms=1.600e+00, mass_err=-3.669e-11
step= 15750, t=11.044008, dt=7.608e-04, KE=1.100624e-01, Mt=0.4780, A_K=0.130, Cuv=-0.066, P_in=6.942e-03, P_tgt=6.884e-03, A_F=0.026, K_low=0.161, P_drag=-3.464e-03, P_cool=-5.466e-03, WENO=0.167 (x=0.167, y=0.167), ReL2D=125.77, eps_nu=4.118e-03, P_hv=5.796e-05, rho_mean=1.000000, p_mean=0.725217, div_rms=6.329e-01, vort_rms=1.611e+00, mass_err=-3.728e-11
step= 16000, t=11.235291, dt=7.675e-04, KE=1.098711e-01, Mt=0.4772, A_K=0.168, Cuv=-0.068, P_in=7.625e-03, P_tgt=7.758e-03, A_F=0.214, K_low=0.160, P_drag=-3.425e-03, P_cool=-5.445e-03, WENO=0.167 (x=0.167, y=0.167), ReL2D=128.39, eps_nu=4.097e-03, P_hv=5.903e-05, rho_mean=1.000000, p_mean=0.725176, div_rms=6.175e-01, vort_rms=1.614e+00, mass_err=-3.788e-11
step= 16250, t=11.425931, dt=7.543e-04, KE=1.097136e-01, Mt=0.4759, A_K=0.186, Cuv=-0.057, P_in=9.206e-03, P_tgt=8.801e-03, A_F=0.039, K_low=0.156, P_drag=-3.324e-03, P_cool=-5.458e-03, WENO=0.173 (x=0.173, y=0.173), ReL2D=128.85, eps_nu=4.164e-03, P_hv=5.611e-05, rho_mean=1.000000, p_mean=0.725201, div_rms=6.141e-01, vort_rms=1.632e+00, mass_err=-3.848e-11
step= 16500, t=11.614172, dt=7.594e-04, KE=1.094739e-01, Mt=0.4746, A_K=0.199, Cuv=-0.037, P_in=1.011e-02, P_tgt=1.006e-02, A_F=0.090, K_low=0.149, P_drag=-3.179e-03, P_cool=-5.535e-03, WENO=0.167 (x=0.167, y=0.167), ReL2D=125.96, eps_nu=4.304e-03, P_hv=5.447e-05, rho_mean=1.000000, p_mean=0.725357, div_rms=6.322e-01, vort_rms=1.655e+00, mass_err=-3.907e-11
warning: flow component anisotropy has increased over the last three diagnostic samples
step= 16750, t=11.802946, dt=7.386e-04, KE=1.090008e-01, Mt=0.4733, A_K=0.220, Cuv=-0.018, P_in=1.164e-02, P_tgt=1.159e-02, A_F=0.157, K_low=0.143, P_drag=-3.049e-03, P_cool=-5.710e-03, WENO=0.161 (x=0.161, y=0.161), ReL2D=122.77, eps_nu=4.394e-03, P_hv=6.051e-05, rho_mean=1.000000, p_mean=0.725706, div_rms=6.565e-01, vort_rms=1.663e+00, mass_err=-3.965e-11
warning: flow component anisotropy has increased over the last three diagnostic samples
step= 17000, t=11.983524, dt=7.158e-04, KE=1.084554e-01, Mt=0.4732, A_K=0.236, Cuv=-0.005, P_in=1.340e-02, P_tgt=1.341e-02, A_F=0.136, K_low=0.140, P_drag=-2.971e-03, P_cool=-5.951e-03, WENO=0.176 (x=0.176, y=0.176), ReL2D=120.50, eps_nu=4.477e-03, P_hv=6.501e-05, rho_mean=1.000000, p_mean=0.726188, div_rms=6.754e-01, vort_rms=1.672e+00, mass_err=-4.025e-11
step= 17250, t=12.161152, dt=6.966e-04, KE=1.087294e-01, Mt=0.4752, A_K=0.230, Cuv=-0.004, P_in=1.544e-02, P_tgt=1.544e-02, A_F=0.087, K_low=0.141, P_drag=-2.959e-03, P_cool=-6.089e-03, WENO=0.170 (x=0.170, y=0.170), ReL2D=117.82, eps_nu=4.614e-03, P_hv=6.549e-05, rho_mean=1.000000, p_mean=0.726464, div_rms=6.994e-01, vort_rms=1.690e+00, mass_err=-4.083e-11
step= 17500, t=12.333691, dt=6.873e-04, KE=1.099152e-01, Mt=0.4787, A_K=0.204, Cuv=-0.016, P_in=1.747e-02, P_tgt=1.749e-02, A_F=0.106, K_low=0.143, P_drag=-2.999e-03, P_cool=-6.105e-03, WENO=0.160 (x=0.160, y=0.160), ReL2D=117.08, eps_nu=4.725e-03, P_hv=7.151e-05, rho_mean=1.000000, p_mean=0.726496, div_rms=7.116e-01, vort_rms=1.708e+00, mass_err=-4.142e-11
saved snapshot: results/hit2d/reynolds_calibration_ReL130_N256/calib_Mt050_N256_mu0p001316/hit2d_step0017500.npz
step= 17750, t=12.505499, dt=6.894e-04, KE=1.122285e-01, Mt=0.4841, A_K=0.165, Cuv=-0.028, P_in=1.921e-02, P_tgt=1.930e-02, A_F=0.063, K_low=0.144, P_drag=-3.074e-03, P_cool=-5.963e-03, WENO=0.152 (x=0.152, y=0.152), ReL2D=116.54, eps_nu=4.908e-03, P_hv=7.341e-05, rho_mean=1.000000, p_mean=0.726212, div_rms=7.451e-01, vort_rms=1.729e+00, mass_err=-4.201e-11
step= 18000, t=12.679320, dt=7.005e-04, KE=1.149296e-01, Mt=0.4889, A_K=0.119, Cuv=-0.028, P_in=2.058e-02, P_tgt=2.070e-02, A_F=0.030, K_low=0.144, P_drag=-3.165e-03, P_cool=-5.806e-03, WENO=0.152 (x=0.152, y=0.152), ReL2D=118.26, eps_nu=5.017e-03, P_hv=7.395e-05, rho_mean=1.000000, p_mean=0.725898, div_rms=7.534e-01, vort_rms=1.748e+00, mass_err=-4.259e-11
step= 18250, t=12.856366, dt=7.123e-04, KE=1.178096e-01, Mt=0.4932, A_K=0.073, Cuv=-0.025, P_in=2.173e-02, P_tgt=2.168e-02, A_F=0.162, K_low=0.144, P_drag=-3.279e-03, P_cool=-5.666e-03, WENO=0.163 (x=0.163, y=0.163), ReL2D=120.79, eps_nu=5.068e-03, P_hv=7.244e-05, rho_mean=1.000000, p_mean=0.725618, div_rms=7.514e-01, vort_rms=1.761e+00, mass_err=-4.318e-11
step= 18500, t=13.033823, dt=7.106e-04, KE=1.203195e-01, Mt=0.4981, A_K=0.042, Cuv=-0.016, P_in=2.219e-02, P_tgt=2.217e-02, A_F=0.262, K_low=0.148, P_drag=-3.434e-03, P_cool=-5.626e-03, WENO=0.160 (x=0.160, y=0.160), ReL2D=124.79, eps_nu=5.121e-03, P_hv=7.321e-05, rho_mean=1.000000, p_mean=0.725538, div_rms=7.468e-01, vort_rms=1.774e+00, mass_err=-4.378e-11
step= 18750, t=13.211922, dt=7.135e-04, KE=1.221572e-01, Mt=0.5027, A_K=0.014, Cuv=-0.002, P_in=2.213e-02, P_tgt=2.212e-02, A_F=0.105, K_low=0.153, P_drag=-3.594e-03, P_cool=-5.721e-03, WENO=0.178 (x=0.178, y=0.178), ReL2D=129.20, eps_nu=5.170e-03, P_hv=7.584e-05, rho_mean=1.000000, p_mean=0.725728, div_rms=7.330e-01, vort_rms=1.793e+00, mass_err=-4.437e-11
step= 19000, t=13.389935, dt=7.098e-04, KE=1.238257e-01, Mt=0.5074, A_K=0.011, Cuv=0.023, P_in=2.157e-02, P_tgt=2.157e-02, A_F=0.072, K_low=0.157, P_drag=-3.725e-03, P_cool=-5.830e-03, WENO=0.190 (x=0.190, y=0.190), ReL2D=131.23, eps_nu=5.240e-03, P_hv=7.926e-05, rho_mean=1.000000, p_mean=0.725946, div_rms=7.371e-01, vort_rms=1.805e+00, mass_err=-4.496e-11
step= 19250, t=13.566498, dt=7.017e-04, KE=1.254582e-01, Mt=0.5116, A_K=0.026, Cuv=0.052, P_in=2.076e-02, P_tgt=2.059e-02, A_F=0.103, K_low=0.160, P_drag=-3.824e-03, P_cool=-5.911e-03, WENO=0.200 (x=0.200, y=0.200), ReL2D=132.07, eps_nu=5.334e-03, P_hv=8.605e-05, rho_mean=1.000000, p_mean=0.726108, div_rms=7.497e-01, vort_rms=1.818e+00, mass_err=-4.555e-11
step= 19500, t=13.741761, dt=7.046e-04, KE=1.270996e-01, Mt=0.5162, A_K=0.031, Cuv=0.071, P_in=1.921e-02, P_tgt=1.928e-02, A_F=0.071, K_low=0.160, P_drag=-3.888e-03, P_cool=-5.942e-03, WENO=0.203 (x=0.203, y=0.203), ReL2D=131.63, eps_nu=5.468e-03, P_hv=9.261e-05, rho_mean=1.000000, p_mean=0.726171, div_rms=7.711e-01, vort_rms=1.834e+00, mass_err=-4.613e-11
step= 19750, t=13.919566, dt=7.108e-04, KE=1.289181e-01, Mt=0.5207, A_K=0.045, Cuv=0.081, P_in=1.774e-02, P_tgt=1.765e-02, A_F=0.184, K_low=0.158, P_drag=-3.907e-03, P_cool=-5.888e-03, WENO=0.197 (x=0.197, y=0.197), ReL2D=131.50, eps_nu=5.566e-03, P_hv=9.209e-05, rho_mean=1.000000, p_mean=0.726061, div_rms=7.935e-01, vort_rms=1.841e+00, mass_err=-4.672e-11
step= 20000, t=14.096734, dt=7.005e-04, KE=1.306096e-01, Mt=0.5235, A_K=0.069, Cuv=0.093, P_in=1.593e-02, P_tgt=1.591e-02, A_F=0.163, K_low=0.154, P_drag=-3.892e-03, P_cool=-5.798e-03, WENO=0.189 (x=0.189, y=0.189), ReL2D=131.21, eps_nu=5.581e-03, P_hv=9.463e-05, rho_mean=1.000000, p_mean=0.725882, div_rms=7.976e-01, vort_rms=1.842e+00, mass_err=-4.732e-11
saved snapshot: results/hit2d/reynolds_calibration_ReL130_N256/calib_Mt050_N256_mu0p001316/hit2d_step0020000.npz
step= 20250, t=14.269767, dt=6.882e-04, KE=1.319331e-01, Mt=0.5248, A_K=0.088, Cuv=0.110, P_in=1.424e-02, P_tgt=1.420e-02, A_F=0.006, K_low=0.152, P_drag=-3.874e-03, P_cool=-5.721e-03, WENO=0.182 (x=0.182, y=0.182), ReL2D=129.73, eps_nu=5.675e-03, P_hv=9.785e-05, rho_mean=1.000000, p_mean=0.725728, div_rms=8.271e-01, vort_rms=1.844e+00, mass_err=-4.790e-11
step= 20500, t=14.443043, dt=6.959e-04, KE=1.320935e-01, Mt=0.5238, A_K=0.099, Cuv=0.134, P_in=1.263e-02, P_tgt=1.268e-02, A_F=0.008, K_low=0.150, P_drag=-3.844e-03, P_cool=-5.822e-03, WENO=0.181 (x=0.181, y=0.181), ReL2D=128.41, eps_nu=5.693e-03, P_hv=9.740e-05, rho_mean=1.000000, p_mean=0.725929, div_rms=8.364e-01, vort_rms=1.842e+00, mass_err=-4.849e-11
step= 20750, t=14.616979, dt=6.949e-04, KE=1.317652e-01, Mt=0.5227, A_K=0.107, Cuv=0.156, P_in=1.140e-02, P_tgt=1.137e-02, A_F=0.101, K_low=0.150, P_drag=-3.822e-03, P_cool=-5.970e-03, WENO=0.179 (x=0.179, y=0.179), ReL2D=127.16, eps_nu=5.716e-03, P_hv=1.006e-04, rho_mean=1.000000, p_mean=0.726225, div_rms=8.450e-01, vort_rms=1.842e+00, mass_err=-4.907e-11
step= 21000, t=14.791520, dt=7.003e-04, KE=1.314467e-01, Mt=0.5222, A_K=0.118, Cuv=0.172, P_in=1.025e-02, P_tgt=1.024e-02, A_F=0.111, K_low=0.152, P_drag=-3.853e-03, P_cool=-6.069e-03, WENO=0.186 (x=0.186, y=0.186), ReL2D=127.15, eps_nu=5.727e-03, P_hv=1.008e-04, rho_mean=1.000000, p_mean=0.726423, div_rms=8.495e-01, vort_rms=1.841e+00, mass_err=-4.967e-11
step= 21250, t=14.963911, dt=6.833e-04, KE=1.314261e-01, Mt=0.5224, A_K=0.127, Cuv=0.183, P_in=9.219e-03, P_tgt=9.229e-03, A_F=0.083, K_low=0.155, P_drag=-3.945e-03, P_cool=-6.065e-03, WENO=0.183 (x=0.183, y=0.183), ReL2D=127.45, eps_nu=5.725e-03, P_hv=1.010e-04, rho_mean=1.000000, p_mean=0.726416, div_rms=8.520e-01, vort_rms=1.839e+00, mass_err=-5.026e-11
step= 21500, t=15.135959, dt=6.945e-04, KE=1.318274e-01, Mt=0.5232, A_K=0.125, Cuv=0.196, P_in=8.327e-03, P_tgt=8.295e-03, A_F=0.143, K_low=0.160, P_drag=-4.099e-03, P_cool=-5.940e-03, WENO=0.190 (x=0.190, y=0.190), ReL2D=128.04, eps_nu=5.731e-03, P_hv=1.028e-04, rho_mean=1.000000, p_mean=0.726166, div_rms=8.620e-01, vort_rms=1.834e+00, mass_err=-5.085e-11
step= 21750, t=15.310085, dt=6.962e-04, KE=1.318844e-01, Mt=0.5228, A_K=0.114, Cuv=0.206, P_in=7.465e-03, P_tgt=7.446e-03, A_F=0.090, K_low=0.167, P_drag=-4.290e-03, P_cool=-5.846e-03, WENO=0.189 (x=0.189, y=0.189), ReL2D=129.96, eps_nu=5.618e-03, P_hv=1.023e-04, rho_mean=1.000000, p_mean=0.725978, div_rms=8.402e-01, vort_rms=1.824e+00, mass_err=-5.143e-11
step= 22000, t=15.485963, dt=7.114e-04, KE=1.313970e-01, Mt=0.5208, A_K=0.095, Cuv=0.205, P_in=6.735e-03, P_tgt=6.717e-03, A_F=0.056, K_low=0.174, P_drag=-4.459e-03, P_cool=-5.830e-03, WENO=0.188 (x=0.188, y=0.188), ReL2D=129.70, eps_nu=5.535e-03, P_hv=9.729e-05, rho_mean=1.000000, p_mean=0.725945, div_rms=8.316e-01, vort_rms=1.812e+00, mass_err=-5.203e-11
step= 22250, t=15.663566, dt=7.098e-04, KE=1.299762e-01, Mt=0.5178, A_K=0.069, Cuv=0.197, P_in=6.133e-03, P_tgt=6.131e-03, A_F=0.011, K_low=0.180, P_drag=-4.568e-03, P_cool=-5.971e-03, WENO=0.190 (x=0.190, y=0.190), ReL2D=131.46, eps_nu=5.381e-03, P_hv=9.214e-05, rho_mean=1.000000, p_mean=0.726227, div_rms=7.938e-01, vort_rms=1.803e+00, mass_err=-5.262e-11
step= 22500, t=15.840962, dt=7.100e-04, KE=1.284558e-01, Mt=0.5151, A_K=0.044, Cuv=0.181, P_in=5.639e-03, P_tgt=5.670e-03, A_F=0.123, K_low=0.185, P_drag=-4.639e-03, P_cool=-6.107e-03, WENO=0.186 (x=0.186, y=0.186), ReL2D=132.63, eps_nu=5.205e-03, P_hv=9.216e-05, rho_mean=1.000000, p_mean=0.726500, div_rms=7.528e-01, vort_rms=1.789e+00, mass_err=-5.321e-11
saved snapshot: results/hit2d/reynolds_calibration_ReL130_N256/calib_Mt050_N256_mu0p001316/hit2d_step0022500.npz
step= 22750, t=16.018677, dt=7.109e-04, KE=1.274142e-01, Mt=0.5128, A_K=0.030, Cuv=0.156, P_in=5.256e-03, P_tgt=5.304e-03, A_F=0.031, K_low=0.187, P_drag=-4.696e-03, P_cool=-6.128e-03, WENO=0.183 (x=0.183, y=0.183), ReL2D=131.71, eps_nu=5.055e-03, P_hv=9.437e-05, rho_mean=1.000000, p_mean=0.726541, div_rms=7.252e-01, vort_rms=1.772e+00, mass_err=-5.380e-11
step= 23000, t=16.196755, dt=7.132e-04, KE=1.270631e-01, Mt=0.5104, A_K=0.020, Cuv=0.123, P_in=5.010e-03, P_tgt=5.015e-03, A_F=0.053, K_low=0.188, P_drag=-4.762e-03, P_cool=-5.998e-03, WENO=0.182 (x=0.182, y=0.182), ReL2D=129.93, eps_nu=4.984e-03, P_hv=9.200e-05, rho_mean=1.000000, p_mean=0.726283, div_rms=7.323e-01, vort_rms=1.753e+00, mass_err=-5.438e-11
step= 23250, t=16.374048, dt=6.990e-04, KE=1.263663e-01, Mt=0.5082, A_K=0.004, Cuv=0.104, P_in=4.854e-03, P_tgt=4.792e-03, A_F=0.170, K_low=0.192, P_drag=-4.866e-03, P_cool=-5.930e-03, WENO=0.179 (x=0.179, y=0.179), ReL2D=129.22, eps_nu=4.926e-03, P_hv=8.789e-05, rho_mean=1.000000, p_mean=0.726146, div_rms=7.359e-01, vort_rms=1.739e+00, mass_err=-5.498e-11
step= 23500, t=16.548114, dt=6.940e-04, KE=1.250180e-01, Mt=0.5063, A_K=0.015, Cuv=0.093, P_in=4.601e-03, P_tgt=4.627e-03, A_F=0.081, K_low=0.201, P_drag=-5.036e-03, P_cool=-5.983e-03, WENO=0.182 (x=0.182, y=0.182), ReL2D=128.27, eps_nu=4.856e-03, P_hv=8.500e-05, rho_mean=1.000000, p_mean=0.726252, div_rms=7.318e-01, vort_rms=1.725e+00, mass_err=-5.557e-11
step= 23750, t=16.721523, dt=6.962e-04, KE=1.237937e-01, Mt=0.5052, A_K=0.032, Cuv=0.085, P_in=4.510e-03, P_tgt=4.498e-03, A_F=0.001, K_low=0.212, P_drag=-5.247e-03, P_cool=-5.999e-03, WENO=0.175 (x=0.175, y=0.175), ReL2D=127.61, eps_nu=4.826e-03, P_hv=8.249e-05, rho_mean=1.000000, p_mean=0.726284, div_rms=7.344e-01, vort_rms=1.717e+00, mass_err=-5.616e-11
step= 24000, t=16.897918, dt=7.140e-04, KE=1.226773e-01, Mt=0.5035, A_K=0.050, Cuv=0.077, P_in=4.401e-03, P_tgt=4.401e-03, A_F=0.061, K_low=0.224, P_drag=-5.458e-03, P_cool=-5.980e-03, WENO=0.164 (x=0.164, y=0.164), ReL2D=127.41, eps_nu=4.760e-03, P_hv=8.512e-05, rho_mean=1.000000, p_mean=0.726246, div_rms=7.296e-01, vort_rms=1.705e+00, mass_err=-5.675e-11
step= 24250, t=17.074595, dt=6.996e-04, KE=1.214501e-01, Mt=0.5015, A_K=0.071, Cuv=0.068, P_in=4.361e-03, P_tgt=4.348e-03, A_F=0.106, K_low=0.234, P_drag=-5.638e-03, P_cool=-5.974e-03, WENO=0.165 (x=0.165, y=0.165), ReL2D=127.06, eps_nu=4.670e-03, P_hv=8.449e-05, rho_mean=1.000000, p_mean=0.726234, div_rms=7.161e-01, vort_rms=1.693e+00, mass_err=-5.734e-11
step= 24500, t=17.249088, dt=6.971e-04, KE=1.204684e-01, Mt=0.5001, A_K=0.094, Cuv=0.059, P_in=4.356e-03, P_tgt=4.332e-03, A_F=0.002, K_low=0.243, P_drag=-5.784e-03, P_cool=-5.917e-03, WENO=0.164 (x=0.164, y=0.164), ReL2D=125.64, eps_nu=4.612e-03, P_hv=8.219e-05, rho_mean=1.000000, p_mean=0.726119, div_rms=7.089e-01, vort_rms=1.684e+00, mass_err=-5.793e-11
step= 24750, t=17.423554, dt=6.979e-04, KE=1.197848e-01, Mt=0.4993, A_K=0.110, Cuv=0.056, P_in=4.341e-03, P_tgt=4.337e-03, A_F=0.134, K_low=0.251, P_drag=-5.905e-03, P_cool=-5.797e-03, WENO=0.155 (x=0.155, y=0.155), ReL2D=124.73, eps_nu=4.580e-03, P_hv=7.707e-05, rho_mean=1.000000, p_mean=0.725880, div_rms=7.107e-01, vort_rms=1.676e+00, mass_err=-5.853e-11
step= 25000, t=17.595995, dt=6.806e-04, KE=1.191953e-01, Mt=0.4978, A_K=0.119, Cuv=0.063, P_in=4.418e-03, P_tgt=4.367e-03, A_F=0.028, K_low=0.258, P_drag=-6.003e-03, P_cool=-5.662e-03, WENO=0.164 (x=0.164, y=0.164), ReL2D=124.80, eps_nu=4.503e-03, P_hv=7.470e-05, rho_mean=1.000000, p_mean=0.725609, div_rms=7.024e-01, vort_rms=1.663e+00, mass_err=-5.911e-11
saved snapshot: results/hit2d/reynolds_calibration_ReL130_N256/calib_Mt050_N256_mu0p001316/hit2d_step0025000.npz
step= 25250, t=17.765724, dt=6.809e-04, KE=1.185580e-01, Mt=0.4955, A_K=0.119, Cuv=0.077, P_in=4.354e-03, P_tgt=4.439e-03, A_F=0.290, K_low=0.262, P_drag=-6.064e-03, P_cool=-5.541e-03, WENO=0.158 (x=0.158, y=0.158), ReL2D=124.59, eps_nu=4.415e-03, P_hv=7.548e-05, rho_mean=1.000000, p_mean=0.725367, div_rms=6.892e-01, vort_rms=1.650e+00, mass_err=-5.970e-11
step= 25500, t=17.935448, dt=6.718e-04, KE=1.175911e-01, Mt=0.4917, A_K=0.100, Cuv=0.089, P_in=4.503e-03, P_tgt=4.584e-03, A_F=0.136, K_low=0.265, P_drag=-6.102e-03, P_cool=-5.493e-03, WENO=0.165 (x=0.165, y=0.165), ReL2D=123.70, eps_nu=4.311e-03, P_hv=7.444e-05, rho_mean=1.000000, p_mean=0.725272, div_rms=6.776e-01, vort_rms=1.632e+00, mass_err=-6.028e-11
step= 25750, t=18.101292, dt=6.577e-04, KE=1.161810e-01, Mt=0.4877, A_K=0.084, Cuv=0.101, P_in=4.827e-03, P_tgt=4.837e-03, A_F=0.213, K_low=0.269, P_drag=-6.124e-03, P_cool=-5.548e-03, WENO=0.164 (x=0.164, y=0.164), ReL2D=123.35, eps_nu=4.204e-03, P_hv=7.114e-05, rho_mean=1.000000, p_mean=0.725381, div_rms=6.550e-01, vort_rms=1.620e+00, mass_err=-6.088e-11
step= 26000, t=18.266381, dt=6.640e-04, KE=1.149076e-01, Mt=0.4852, A_K=0.064, Cuv=0.109, P_in=5.296e-03, P_tgt=5.195e-03, A_F=0.055, K_low=0.273, P_drag=-6.137e-03, P_cool=-5.587e-03, WENO=0.176 (x=0.176, y=0.176), ReL2D=122.29, eps_nu=4.161e-03, P_hv=7.145e-05, rho_mean=1.000000, p_mean=0.725460, div_rms=6.480e-01, vort_rms=1.613e+00, mass_err=-6.147e-11
step= 26250, t=18.433803, dt=6.751e-04, KE=1.141763e-01, Mt=0.4845, A_K=0.043, Cuv=0.116, P_in=5.664e-03, P_tgt=5.626e-03, A_F=0.071, K_low=0.276, P_drag=-6.136e-03, P_cool=-5.528e-03, WENO=0.182 (x=0.182, y=0.182), ReL2D=121.80, eps_nu=4.156e-03, P_hv=6.849e-05, rho_mean=1.000000, p_mean=0.725343, div_rms=6.565e-01, vort_rms=1.608e+00, mass_err=-6.206e-11
step= 26500, t=18.603722, dt=6.832e-04, KE=1.139209e-01, Mt=0.4852, A_K=0.023, Cuv=0.111, P_in=5.900e-03, P_tgt=6.094e-03, A_F=0.102, K_low=0.277, P_drag=-6.113e-03, P_cool=-5.388e-03, WENO=0.174 (x=0.174, y=0.174), ReL2D=122.09, eps_nu=4.166e-03, P_hv=6.760e-05, rho_mean=1.000000, p_mean=0.725061, div_rms=6.661e-01, vort_rms=1.605e+00, mass_err=-6.265e-11
step= 26750, t=18.773973, dt=6.809e-04, KE=1.136017e-01, Mt=0.4856, A_K=0.004, Cuv=0.095, P_in=6.597e-03, P_tgt=6.573e-03, A_F=0.114, K_low=0.277, P_drag=-6.077e-03, P_cool=-5.277e-03, WENO=0.165 (x=0.165, y=0.165), ReL2D=121.71, eps_nu=4.197e-03, P_hv=6.636e-05, rho_mean=1.000000, p_mean=0.724841, div_rms=6.768e-01, vort_rms=1.606e+00, mass_err=-6.325e-11
step= 27000, t=18.944838, dt=6.870e-04, KE=1.129961e-01, Mt=0.4842, A_K=0.012, Cuv=0.080, P_in=7.117e-03, P_tgt=7.107e-03, A_F=0.295, K_low=0.277, P_drag=-6.050e-03, P_cool=-5.243e-03, WENO=0.167 (x=0.167, y=0.167), ReL2D=121.09, eps_nu=4.187e-03, P_hv=6.311e-05, rho_mean=1.000000, p_mean=0.724771, div_rms=6.788e-01, vort_rms=1.603e+00, mass_err=-6.385e-11
step= 27250, t=19.118297, dt=7.013e-04, KE=1.124491e-01, Mt=0.4818, A_K=0.031, Cuv=0.072, P_in=7.781e-03, P_tgt=7.774e-03, A_F=0.065, K_low=0.278, P_drag=-6.039e-03, P_cool=-5.217e-03, WENO=0.165 (x=0.165, y=0.165), ReL2D=121.42, eps_nu=4.160e-03, P_hv=6.516e-05, rho_mean=1.000000, p_mean=0.724720, div_rms=6.769e-01, vort_rms=1.597e+00, mass_err=-6.445e-11
step= 27500, t=19.292685, dt=6.926e-04, KE=1.120519e-01, Mt=0.4794, A_K=0.053, Cuv=0.067, P_in=8.585e-03, P_tgt=8.618e-03, A_F=0.013, K_low=0.279, P_drag=-6.045e-03, P_cool=-5.189e-03, WENO=0.167 (x=0.167, y=0.167), ReL2D=120.99, eps_nu=4.158e-03, P_hv=6.376e-05, rho_mean=1.000000, p_mean=0.724663, div_rms=6.753e-01, vort_rms=1.598e+00, mass_err=-6.504e-11
saved snapshot: results/hit2d/reynolds_calibration_ReL130_N256/calib_Mt050_N256_mu0p001316/hit2d_step0027500.npz
step= 27750, t=19.465788, dt=6.948e-04, KE=1.118991e-01, Mt=0.4778, A_K=0.074, Cuv=0.058, P_in=9.679e-03, P_tgt=9.667e-03, A_F=0.069, K_low=0.279, P_drag=-6.075e-03, P_cool=-5.144e-03, WENO=0.165 (x=0.165, y=0.165), ReL2D=120.63, eps_nu=4.132e-03, P_hv=6.182e-05, rho_mean=1.000000, p_mean=0.724574, div_rms=6.623e-01, vort_rms=1.599e+00, mass_err=-6.563e-11
step= 28000, t=19.639707, dt=6.960e-04, KE=1.121307e-01, Mt=0.4781, A_K=0.085, Cuv=0.051, P_in=1.094e-02, P_tgt=1.088e-02, A_F=0.174, K_low=0.280, P_drag=-6.136e-03, P_cool=-5.062e-03, WENO=0.176 (x=0.176, y=0.176), ReL2D=121.10, eps_nu=4.136e-03, P_hv=6.254e-05, rho_mean=1.000000, p_mean=0.724411, div_rms=6.586e-01, vort_rms=1.602e+00, mass_err=-6.622e-11
step= 28250, t=19.813560, dt=6.942e-04, KE=1.123325e-01, Mt=0.4794, A_K=0.086, Cuv=0.037, P_in=1.221e-02, P_tgt=1.219e-02, A_F=0.057, K_low=0.284, P_drag=-6.242e-03, P_cool=-5.032e-03, WENO=0.169 (x=0.169, y=0.169), ReL2D=122.89, eps_nu=4.104e-03, P_hv=6.411e-05, rho_mean=1.000000, p_mean=0.724349, div_rms=6.389e-01, vort_rms=1.605e+00, mass_err=-6.682e-11
step= 28500, t=19.986952, dt=6.945e-04, KE=1.126562e-01, Mt=0.4818, A_K=0.085, Cuv=0.018, P_in=1.353e-02, P_tgt=1.353e-02, A_F=0.046, K_low=0.290, P_drag=-6.367e-03, P_cool=-5.021e-03, WENO=0.174 (x=0.174, y=0.174), ReL2D=125.03, eps_nu=4.090e-03, P_hv=6.400e-05, rho_mean=1.000000, p_mean=0.724328, div_rms=6.249e-01, vort_rms=1.609e+00, mass_err=-6.741e-11
step= 28750, t=20.160930, dt=6.985e-04, KE=1.131038e-01, Mt=0.4856, A_K=0.071, Cuv=0.003, P_in=1.477e-02, P_tgt=1.474e-02, A_F=0.124, K_low=0.295, P_drag=-6.470e-03, P_cool=-5.030e-03, WENO=0.179 (x=0.179, y=0.179), ReL2D=126.26, eps_nu=4.125e-03, P_hv=6.250e-05, rho_mean=1.000000, p_mean=0.724347, div_rms=6.140e-01, vort_rms=1.623e+00, mass_err=-6.802e-11
step= 29000, t=20.335699, dt=6.968e-04, KE=1.135241e-01, Mt=0.4886, A_K=0.054, Cuv=-0.014, P_in=1.584e-02, P_tgt=1.574e-02, A_F=0.111, K_low=0.297, P_drag=-6.516e-03, P_cool=-5.082e-03, WENO=0.177 (x=0.177, y=0.177), ReL2D=126.25, eps_nu=4.177e-03, P_hv=6.121e-05, rho_mean=1.000000, p_mean=0.724451, div_rms=6.111e-01, vort_rms=1.636e+00, mass_err=-6.860e-11
step= 29250, t=20.508979, dt=6.911e-04, KE=1.138459e-01, Mt=0.4897, A_K=0.030, Cuv=-0.044, P_in=1.676e-02, P_tgt=1.665e-02, A_F=0.043, K_low=0.294, P_drag=-6.468e-03, P_cool=-5.181e-03, WENO=0.171 (x=0.171, y=0.171), ReL2D=126.42, eps_nu=4.201e-03, P_hv=6.144e-05, rho_mean=1.000000, p_mean=0.724648, div_rms=6.069e-01, vort_rms=1.644e+00, mass_err=-6.920e-11
step= 29500, t=20.682691, dt=6.911e-04, KE=1.144174e-01, Mt=0.4910, A_K=0.006, Cuv=-0.061, P_in=1.739e-02, P_tgt=1.749e-02, A_F=0.130, K_low=0.285, P_drag=-6.303e-03, P_cool=-5.257e-03, WENO=0.172 (x=0.172, y=0.172), ReL2D=126.40, eps_nu=4.287e-03, P_hv=6.124e-05, rho_mean=1.000000, p_mean=0.724799, div_rms=6.240e-01, vort_rms=1.655e+00, mass_err=-6.979e-11
step= 29750, t=20.852998, dt=6.741e-04, KE=1.149995e-01, Mt=0.4917, A_K=0.029, Cuv=-0.068, P_in=1.833e-02, P_tgt=1.828e-02, A_F=0.084, K_low=0.272, P_drag=-6.060e-03, P_cool=-5.356e-03, WENO=0.174 (x=0.174, y=0.174), ReL2D=125.99, eps_nu=4.378e-03, P_hv=6.477e-05, rho_mean=1.000000, p_mean=0.724998, div_rms=6.406e-01, vort_rms=1.667e+00, mass_err=-7.039e-11
step= 30000, t=21.021152, dt=6.706e-04, KE=1.155713e-01, Mt=0.4919, A_K=0.055, Cuv=-0.073, P_in=1.893e-02, P_tgt=1.906e-02, A_F=0.121, K_low=0.257, P_drag=-5.775e-03, P_cool=-5.487e-03, WENO=0.179 (x=0.179, y=0.179), ReL2D=124.25, eps_nu=4.468e-03, P_hv=6.562e-05, rho_mean=1.000000, p_mean=0.725259, div_rms=6.510e-01, vort_rms=1.682e+00, mass_err=-7.097e-11
saved snapshot: results/hit2d/reynolds_calibration_ReL130_N256/calib_Mt050_N256_mu0p001316/hit2d_step0030000.npz
step= 30250, t=21.189003, dt=6.758e-04, KE=1.162459e-01, Mt=0.4923, A_K=0.093, Cuv=-0.073, P_in=1.985e-02, P_tgt=1.986e-02, A_F=0.026, K_low=0.242, P_drag=-5.512e-03, P_cool=-5.629e-03, WENO=0.184 (x=0.184, y=0.184), ReL2D=122.41, eps_nu=4.545e-03, P_hv=6.732e-05, rho_mean=1.000000, p_mean=0.725545, div_rms=6.518e-01, vort_rms=1.700e+00, mass_err=-7.155e-11
step= 30500, t=21.360250, dt=6.902e-04, KE=1.176194e-01, Mt=0.4946, A_K=0.137, Cuv=-0.068, P_in=2.060e-02, P_tgt=2.055e-02, A_F=0.063, K_low=0.229, P_drag=-5.309e-03, P_cool=-5.667e-03, WENO=0.173 (x=0.173, y=0.173), ReL2D=122.19, eps_nu=4.663e-03, P_hv=7.359e-05, rho_mean=1.000000, p_mean=0.725620, div_rms=6.760e-01, vort_rms=1.713e+00, mass_err=-7.215e-11
step= 30750, t=21.534777, dt=7.046e-04, KE=1.193016e-01, Mt=0.4994, A_K=0.183, Cuv=-0.059, P_in=2.104e-02, P_tgt=2.089e-02, A_F=0.027, K_low=0.219, P_drag=-5.192e-03, P_cool=-5.673e-03, WENO=0.173 (x=0.173, y=0.173), ReL2D=123.51, eps_nu=4.784e-03, P_hv=7.320e-05, rho_mean=1.000000, p_mean=0.725631, div_rms=6.980e-01, vort_rms=1.728e+00, mass_err=-7.273e-11
warning: flow component anisotropy has increased over the last three diagnostic samples
step= 31000, t=21.709075, dt=6.891e-04, KE=1.208933e-01, Mt=0.5045, A_K=0.214, Cuv=-0.047, P_in=2.031e-02, P_tgt=2.068e-02, A_F=0.190, K_low=0.214, P_drag=-5.153e-03, P_cool=-5.701e-03, WENO=0.172 (x=0.172, y=0.172), ReL2D=125.30, eps_nu=4.872e-03, P_hv=7.655e-05, rho_mean=1.000000, p_mean=0.725688, div_rms=7.027e-01, vort_rms=1.745e+00, mass_err=-7.332e-11
warning: flow component anisotropy has increased over the last three diagnostic samples
step= 31250, t=21.879214, dt=6.770e-04, KE=1.227146e-01, Mt=0.5093, A_K=0.222, Cuv=-0.045, P_in=1.990e-02, P_tgt=1.999e-02, A_F=0.044, K_low=0.212, P_drag=-5.170e-03, P_cool=-5.663e-03, WENO=0.171 (x=0.171, y=0.171), ReL2D=127.56, eps_nu=4.928e-03, P_hv=8.046e-05, rho_mean=1.000000, p_mean=0.725612, div_rms=7.088e-01, vort_rms=1.754e+00, mass_err=-7.390e-11
step= 31500, t=22.047683, dt=6.668e-04, KE=1.245446e-01, Mt=0.5130, A_K=0.220, Cuv=-0.056, P_in=1.889e-02, P_tgt=1.893e-02, A_F=0.137, K_low=0.210, P_drag=-5.177e-03, P_cool=-5.591e-03, WENO=0.176 (x=0.176, y=0.176), ReL2D=129.11, eps_nu=4.960e-03, P_hv=8.176e-05, rho_mean=1.000000, p_mean=0.725467, div_rms=7.185e-01, vort_rms=1.756e+00, mass_err=-7.449e-11
step= 31750, t=22.213237, dt=6.661e-04, KE=1.258950e-01, Mt=0.5150, A_K=0.213, Cuv=-0.070, P_in=1.763e-02, P_tgt=1.770e-02, A_F=0.095, K_low=0.208, P_drag=-5.129e-03, P_cool=-5.571e-03, WENO=0.174 (x=0.174, y=0.174), ReL2D=130.46, eps_nu=5.001e-03, P_hv=8.049e-05, rho_mean=1.000000, p_mean=0.725428, div_rms=7.185e-01, vort_rms=1.764e+00, mass_err=-7.509e-11
step= 32000, t=22.381590, dt=6.811e-04, KE=1.265889e-01, Mt=0.5159, A_K=0.200, Cuv=-0.089, P_in=1.645e-02, P_tgt=1.643e-02, A_F=0.165, K_low=0.204, P_drag=-5.034e-03, P_cool=-5.646e-03, WENO=0.159 (x=0.159, y=0.159), ReL2D=129.86, eps_nu=5.107e-03, P_hv=8.114e-05, rho_mean=1.000000, p_mean=0.725578, div_rms=7.124e-01, vort_rms=1.790e+00, mass_err=-7.568e-11
step= 32250, t=22.551799, dt=6.783e-04, KE=1.267031e-01, Mt=0.5153, A_K=0.187, Cuv=-0.110, P_in=1.513e-02, P_tgt=1.524e-02, A_F=0.109, K_low=0.201, P_drag=-4.935e-03, P_cool=-5.797e-03, WENO=0.164 (x=0.164, y=0.164), ReL2D=130.19, eps_nu=5.150e-03, P_hv=8.400e-05, rho_mean=1.000000, p_mean=0.725880, div_rms=6.941e-01, vort_rms=1.809e+00, mass_err=-7.626e-11
step= 32500, t=22.718282, dt=6.562e-04, KE=1.267964e-01, Mt=0.5151, A_K=0.182, Cuv=-0.133, P_in=1.412e-02, P_tgt=1.418e-02, A_F=0.117, K_low=0.200, P_drag=-4.869e-03, P_cool=-5.912e-03, WENO=0.156 (x=0.156, y=0.156), ReL2D=131.09, eps_nu=5.188e-03, P_hv=9.120e-05, rho_mean=1.000000, p_mean=0.726109, div_rms=6.889e-01, vort_rms=1.820e+00, mass_err=-7.685e-11
saved snapshot: results/hit2d/reynolds_calibration_ReL130_N256/calib_Mt050_N256_mu0p001316/hit2d_step0032500.npz
step= 32750, t=22.881474, dt=6.508e-04, KE=1.273124e-01, Mt=0.5168, A_K=0.177, Cuv=-0.151, P_in=1.309e-02, P_tgt=1.315e-02, A_F=0.252, K_low=0.201, P_drag=-4.860e-03, P_cool=-5.905e-03, WENO=0.163 (x=0.163, y=0.163), ReL2D=133.40, eps_nu=5.215e-03, P_hv=9.384e-05, rho_mean=1.000000, p_mean=0.726096, div_rms=6.841e-01, vort_rms=1.828e+00, mass_err=-7.743e-11
step= 33000, t=23.042995, dt=6.392e-04, KE=1.283369e-01, Mt=0.5199, A_K=0.165, Cuv=-0.158, P_in=1.215e-02, P_tgt=1.206e-02, A_F=0.138, K_low=0.202, P_drag=-4.891e-03, P_cool=-5.762e-03, WENO=0.171 (x=0.171, y=0.171), ReL2D=135.72, eps_nu=5.258e-03, P_hv=9.274e-05, rho_mean=1.000000, p_mean=0.725810, div_rms=6.937e-01, vort_rms=1.832e+00, mass_err=-7.803e-11
step= 33250, t=23.202132, dt=6.332e-04, KE=1.292309e-01, Mt=0.5227, A_K=0.154, Cuv=-0.163, P_in=1.092e-02, P_tgt=1.090e-02, A_F=0.203, K_low=0.202, P_drag=-4.929e-03, P_cool=-5.611e-03, WENO=0.175 (x=0.175, y=0.175), ReL2D=136.81, eps_nu=5.292e-03, P_hv=9.295e-05, rho_mean=1.000000, p_mean=0.725507, div_rms=7.130e-01, vort_rms=1.829e+00, mass_err=-7.860e-11
step= 33500, t=23.361005, dt=6.405e-04, KE=1.293036e-01, Mt=0.5235, A_K=0.149, Cuv=-0.172, P_in=9.754e-03, P_tgt=9.782e-03, A_F=0.129, K_low=0.202, P_drag=-4.948e-03, P_cool=-5.588e-03, WENO=0.177 (x=0.177, y=0.177), ReL2D=137.66, eps_nu=5.255e-03, P_hv=8.825e-05, rho_mean=1.000000, p_mean=0.725462, div_rms=7.158e-01, vort_rms=1.820e+00, mass_err=-7.920e-11
step= 33750, t=23.523533, dt=6.615e-04, KE=1.288648e-01, Mt=0.5229, A_K=0.141, Cuv=-0.173, P_in=8.863e-03, P_tgt=8.773e-03, A_F=0.112, K_low=0.199, P_drag=-4.920e-03, P_cool=-5.636e-03, WENO=0.176 (x=0.176, y=0.176), ReL2D=136.55, eps_nu=5.231e-03, P_hv=8.400e-05, rho_mean=1.000000, p_mean=0.725557, div_rms=7.225e-01, vort_rms=1.811e+00, mass_err=-7.979e-11
step= 34000, t=23.690641, dt=6.712e-04, KE=1.284287e-01, Mt=0.5218, A_K=0.131, Cuv=-0.176, P_in=7.897e-03, P_tgt=7.899e-03, A_F=0.041, K_low=0.194, P_drag=-4.828e-03, P_cool=-5.654e-03, WENO=0.173 (x=0.173, y=0.173), ReL2D=133.85, eps_nu=5.242e-03, P_hv=8.188e-05, rho_mean=1.000000, p_mean=0.725594, div_rms=7.363e-01, vort_rms=1.806e+00, mass_err=-8.038e-11
step= 34250, t=23.857694, dt=6.637e-04, KE=1.280295e-01, Mt=0.5205, A_K=0.124, Cuv=-0.164, P_in=7.121e-03, P_tgt=7.153e-03, A_F=0.225, K_low=0.189, P_drag=-4.679e-03, P_cool=-5.640e-03, WENO=0.166 (x=0.166, y=0.166), ReL2D=132.49, eps_nu=5.250e-03, P_hv=8.095e-05, rho_mean=1.000000, p_mean=0.725566, div_rms=7.401e-01, vort_rms=1.806e+00, mass_err=-8.097e-11
step= 34500, t=24.024097, dt=6.724e-04, KE=1.274431e-01, Mt=0.5186, A_K=0.121, Cuv=-0.132, P_in=6.540e-03, P_tgt=6.521e-03, A_F=0.213, K_low=0.182, P_drag=-4.493e-03, P_cool=-5.643e-03, WENO=0.165 (x=0.165, y=0.165), ReL2D=132.59, eps_nu=5.195e-03, P_hv=8.131e-05, rho_mean=1.000000, p_mean=0.725572, div_rms=7.238e-01, vort_rms=1.803e+00, mass_err=-8.156e-11
step= 34750, t=24.194699, dt=6.900e-04, KE=1.268668e-01, Mt=0.5165, A_K=0.127, Cuv=-0.086, P_in=5.897e-03, P_tgt=6.000e-03, A_F=0.146, K_low=0.173, P_drag=-4.286e-03, P_cool=-5.625e-03, WENO=0.161 (x=0.161, y=0.161), ReL2D=132.81, eps_nu=5.114e-03, P_hv=8.422e-05, rho_mean=1.000000, p_mean=0.725537, div_rms=7.083e-01, vort_rms=1.794e+00, mass_err=-8.215e-11
step= 35000, t=24.368052, dt=6.950e-04, KE=1.264656e-01, Mt=0.5148, A_K=0.133, Cuv=-0.040, P_in=5.562e-03, P_tgt=5.567e-03, A_F=0.041, K_low=0.164, P_drag=-4.081e-03, P_cool=-5.564e-03, WENO=0.158 (x=0.158, y=0.158), ReL2D=130.67, eps_nu=5.090e-03, P_hv=8.499e-05, rho_mean=1.000000, p_mean=0.725413, div_rms=7.263e-01, vort_rms=1.779e+00, mass_err=-8.274e-11
saved snapshot: results/hit2d/reynolds_calibration_ReL130_N256/calib_Mt050_N256_mu0p001316/hit2d_step0035000.npz
step= 35250, t=24.540939, dt=6.901e-04, KE=1.254330e-01, Mt=0.5121, A_K=0.135, Cuv=-0.006, P_in=5.191e-03, P_tgt=5.215e-03, A_F=0.057, K_low=0.157, P_drag=-3.898e-03, P_cool=-5.625e-03, WENO=0.158 (x=0.158, y=0.158), ReL2D=128.97, eps_nu=5.034e-03, P_hv=8.860e-05, rho_mean=1.000000, p_mean=0.725537, div_rms=7.239e-01, vort_rms=1.768e+00, mass_err=-8.332e-11
step= 35500, t=24.713758, dt=6.938e-04, KE=1.239975e-01, Mt=0.5089, A_K=0.126, Cuv=0.013, P_in=4.916e-03, P_tgt=4.957e-03, A_F=0.067, K_low=0.152, P_drag=-3.742e-03, P_cool=-5.763e-03, WENO=0.158 (x=0.158, y=0.158), ReL2D=127.79, eps_nu=4.973e-03, P_hv=9.178e-05, rho_mean=1.000000, p_mean=0.725811, div_rms=7.187e-01, vort_rms=1.758e+00, mass_err=-8.391e-11
step= 35750, t=24.889352, dt=7.081e-04, KE=1.226011e-01, Mt=0.5072, A_K=0.108, Cuv=0.021, P_in=4.884e-03, P_tgt=4.768e-03, A_F=0.086, K_low=0.149, P_drag=-3.605e-03, P_cool=-5.881e-03, WENO=0.151 (x=0.151, y=0.151), ReL2D=127.46, eps_nu=4.937e-03, P_hv=9.254e-05, rho_mean=1.000000, p_mean=0.726049, div_rms=7.238e-01, vort_rms=1.747e+00, mass_err=-8.450e-11
step= 36000, t=25.064922, dt=6.971e-04, KE=1.212895e-01, Mt=0.5067, A_K=0.095, Cuv=0.031, P_in=4.596e-03, P_tgt=4.609e-03, A_F=0.011, K_low=0.147, P_drag=-3.477e-03, P_cool=-5.975e-03, WENO=0.135 (x=0.135, y=0.135), ReL2D=126.86, eps_nu=4.919e-03, P_hv=9.556e-05, rho_mean=1.000000, p_mean=0.726236, div_rms=7.328e-01, vort_rms=1.739e+00, mass_err=-8.508e-11
step= 36250, t=25.238461, dt=6.900e-04, KE=1.199198e-01, Mt=0.5055, A_K=0.088, Cuv=0.042, P_in=4.486e-03, P_tgt=4.470e-03, A_F=0.006, K_low=0.146, P_drag=-3.355e-03, P_cool=-6.077e-03, WENO=0.135 (x=0.135, y=0.135), ReL2D=124.49, eps_nu=4.946e-03, P_hv=9.933e-05, rho_mean=1.000000, p_mean=0.726440, div_rms=7.599e-01, vort_rms=1.729e+00, mass_err=-8.567e-11
step= 36500, t=25.409304, dt=6.793e-04, KE=1.183536e-01, Mt=0.5027, A_K=0.089, Cuv=0.056, P_in=4.364e-03, P_tgt=4.379e-03, A_F=0.142, K_low=0.144, P_drag=-3.262e-03, P_cool=-6.217e-03, WENO=0.151 (x=0.151, y=0.151), ReL2D=122.32, eps_nu=4.953e-03, P_hv=8.993e-05, rho_mean=1.000000, p_mean=0.726719, div_rms=7.865e-01, vort_rms=1.715e+00, mass_err=-8.625e-11
step= 36750, t=25.578551, dt=6.786e-04, KE=1.169204e-01, Mt=0.4999, A_K=0.092, Cuv=0.071, P_in=4.307e-03, P_tgt=4.352e-03, A_F=0.049, K_low=0.145, P_drag=-3.223e-03, P_cool=-6.329e-03, WENO=0.155 (x=0.155, y=0.155), ReL2D=121.31, eps_nu=4.950e-03, P_hv=8.816e-05, rho_mean=1.000000, p_mean=0.726944, div_rms=8.057e-01, vort_rms=1.702e+00, mass_err=-8.684e-11
step= 37000, t=25.748325, dt=6.795e-04, KE=1.160291e-01, Mt=0.4980, A_K=0.094, Cuv=0.085, P_in=4.322e-03, P_tgt=4.376e-03, A_F=0.040, K_low=0.147, P_drag=-3.264e-03, P_cool=-6.331e-03, WENO=0.144 (x=0.144, y=0.144), ReL2D=120.93, eps_nu=4.921e-03, P_hv=8.727e-05, rho_mean=1.000000, p_mean=0.726948, div_rms=8.116e-01, vort_rms=1.692e+00, mass_err=-8.743e-11
step= 37250, t=25.918864, dt=6.890e-04, KE=1.159048e-01, Mt=0.4974, A_K=0.094, Cuv=0.094, P_in=4.438e-03, P_tgt=4.431e-03, A_F=0.023, K_low=0.152, P_drag=-3.387e-03, P_cool=-6.180e-03, WENO=0.137 (x=0.137, y=0.137), ReL2D=121.97, eps_nu=4.865e-03, P_hv=8.340e-05, rho_mean=1.000000, p_mean=0.726646, div_rms=8.095e-01, vort_rms=1.680e+00, mass_err=-8.800e-11
step= 37500, t=26.091375, dt=6.878e-04, KE=1.164821e-01, Mt=0.4983, A_K=0.092, Cuv=0.098, P_in=4.513e-03, P_tgt=4.482e-03, A_F=0.044, K_low=0.158, P_drag=-3.556e-03, P_cool=-5.890e-03, WENO=0.132 (x=0.132, y=0.132), ReL2D=124.35, eps_nu=4.789e-03, P_hv=8.012e-05, rho_mean=1.000000, p_mean=0.726067, div_rms=7.955e-01, vort_rms=1.672e+00, mass_err=-8.858e-11
saved snapshot: results/hit2d/reynolds_calibration_ReL130_N256/calib_Mt050_N256_mu0p001316/hit2d_step0037500.npz
step= 37750, t=26.263411, dt=6.883e-04, KE=1.173314e-01, Mt=0.4994, A_K=0.087, Cuv=0.095, P_in=4.586e-03, P_tgt=4.507e-03, A_F=0.017, K_low=0.164, P_drag=-3.726e-03, P_cool=-5.553e-03, WENO=0.126 (x=0.126, y=0.126), ReL2D=127.98, eps_nu=4.681e-03, P_hv=7.888e-05, rho_mean=1.000000, p_mean=0.725391, div_rms=7.687e-01, vort_rms=1.664e+00, mass_err=-8.917e-11
step= 38000, t=26.435426, dt=6.826e-04, KE=1.178148e-01, Mt=0.4992, A_K=0.080, Cuv=0.099, P_in=4.511e-03, P_tgt=4.519e-03, A_F=0.047, K_low=0.169, P_drag=-3.862e-03, P_cool=-5.293e-03, WENO=0.130 (x=0.130, y=0.130), ReL2D=131.24, eps_nu=4.555e-03, P_hv=7.508e-05, rho_mean=1.000000, p_mean=0.724872, div_rms=7.314e-01, vort_rms=1.658e+00, mass_err=-8.976e-11
step= 38250, t=26.603327, dt=6.659e-04, KE=1.175950e-01, Mt=0.4971, A_K=0.069, Cuv=0.104, P_in=4.634e-03, P_tgt=4.558e-03, A_F=0.007, K_low=0.172, P_drag=-3.944e-03, P_cool=-5.184e-03, WENO=0.137 (x=0.137, y=0.137), ReL2D=131.35, eps_nu=4.476e-03, P_hv=7.484e-05, rho_mean=1.000000, p_mean=0.724653, div_rms=7.014e-01, vort_rms=1.657e+00, mass_err=-9.035e-11
step= 38500, t=26.770557, dt=6.661e-04, KE=1.165974e-01, Mt=0.4930, A_K=0.062, Cuv=0.122, P_in=4.635e-03, P_tgt=4.671e-03, A_F=0.047, K_low=0.174, P_drag=-3.989e-03, P_cool=-5.233e-03, WENO=0.138 (x=0.138, y=0.138), ReL2D=131.55, eps_nu=4.335e-03, P_hv=7.330e-05, rho_mean=1.000000, p_mean=0.724751, div_rms=6.543e-01, vort_rms=1.650e+00, mass_err=-9.095e-11
step= 38750, t=26.939084, dt=6.839e-04, KE=1.157993e-01, Mt=0.4895, A_K=0.058, Cuv=0.152, P_in=4.886e-03, P_tgt=4.889e-03, A_F=0.098, K_low=0.176, P_drag=-4.029e-03, P_cool=-5.246e-03, WENO=0.138 (x=0.138, y=0.138), ReL2D=131.01, eps_nu=4.235e-03, P_hv=7.111e-05, rho_mean=1.000000, p_mean=0.724777, div_rms=6.247e-01, vort_rms=1.643e+00, mass_err=-9.155e-11
step= 39000, t=27.111904, dt=6.941e-04, KE=1.154140e-01, Mt=0.4877, A_K=0.059, Cuv=0.189, P_in=5.174e-03, P_tgt=5.189e-03, A_F=0.304, K_low=0.178, P_drag=-4.082e-03, P_cool=-5.181e-03, WENO=0.141 (x=0.141, y=0.141), ReL2D=131.25, eps_nu=4.172e-03, P_hv=6.641e-05, rho_mean=1.000000, p_mean=0.724647, div_rms=6.145e-01, vort_rms=1.633e+00, mass_err=-9.214e-11
step= 39250, t=27.284768, dt=6.849e-04, KE=1.150732e-01, Mt=0.4878, A_K=0.062, Cuv=0.223, P_in=5.549e-03, P_tgt=5.534e-03, A_F=0.218, K_low=0.183, P_drag=-4.161e-03, P_cool=-5.117e-03, WENO=0.140 (x=0.140, y=0.140), ReL2D=131.24, eps_nu=4.148e-03, P_hv=6.768e-05, rho_mean=1.000000, p_mean=0.724519, div_rms=6.170e-01, vort_rms=1.626e+00, mass_err=-9.272e-11
step= 39500, t=27.454504, dt=6.738e-04, KE=1.145571e-01, Mt=0.4889, A_K=0.061, Cuv=0.251, P_in=5.910e-03, P_tgt=5.879e-03, A_F=0.313, K_low=0.190, P_drag=-4.256e-03, P_cool=-5.100e-03, WENO=0.141 (x=0.141, y=0.141), ReL2D=130.70, eps_nu=4.162e-03, P_hv=7.477e-05, rho_mean=1.000000, p_mean=0.724486, div_rms=6.345e-01, vort_rms=1.621e+00, mass_err=-9.332e-11
step= 39750, t=27.622160, dt=6.686e-04, KE=1.138027e-01, Mt=0.4894, A_K=0.059, Cuv=0.270, P_in=6.232e-03, P_tgt=6.216e-03, A_F=0.026, K_low=0.198, P_drag=-4.346e-03, P_cool=-5.141e-03, WENO=0.141 (x=0.141, y=0.141), ReL2D=129.97, eps_nu=4.150e-03, P_hv=7.587e-05, rho_mean=1.000000, p_mean=0.724568, div_rms=6.395e-01, vort_rms=1.615e+00, mass_err=-9.391e-11
step= 40000, t=27.789191, dt=6.680e-04, KE=1.130743e-01, Mt=0.4893, A_K=0.053, Cuv=0.286, P_in=6.608e-03, P_tgt=6.566e-03, A_F=0.144, K_low=0.204, P_drag=-4.416e-03, P_cool=-5.184e-03, WENO=0.140 (x=0.140, y=0.140), ReL2D=129.45, eps_nu=4.141e-03, P_hv=7.565e-05, rho_mean=1.000000, p_mean=0.724654, div_rms=6.467e-01, vort_rms=1.609e+00, mass_err=-9.451e-11
saved snapshot: results/hit2d/reynolds_calibration_ReL130_N256/calib_Mt050_N256_mu0p001316/hit2d_step0040000.npz
step= 40250, t=27.955788, dt=6.643e-04, KE=1.122884e-01, Mt=0.4889, A_K=0.044, Cuv=0.304, P_in=6.951e-03, P_tgt=6.945e-03, A_F=0.085, K_low=0.208, P_drag=-4.451e-03, P_cool=-5.243e-03, WENO=0.123 (x=0.123, y=0.123), ReL2D=130.10, eps_nu=4.083e-03, P_hv=7.699e-05, rho_mean=1.000000, p_mean=0.724773, div_rms=6.371e-01, vort_rms=1.601e+00, mass_err=-9.509e-11
step= 40500, t=28.120875, dt=6.547e-04, KE=1.117010e-01, Mt=0.4880, A_K=0.033, Cuv=0.317, P_in=7.367e-03, P_tgt=7.371e-03, A_F=0.042, K_low=0.209, P_drag=-4.449e-03, P_cool=-5.272e-03, WENO=0.117 (x=0.117, y=0.117), ReL2D=129.27, eps_nu=4.022e-03, P_hv=7.660e-05, rho_mean=1.000000, p_mean=0.724830, div_rms=6.303e-01, vort_rms=1.590e+00, mass_err=-9.569e-11
step= 40750, t=28.284393, dt=6.584e-04, KE=1.113739e-01, Mt=0.4863, A_K=0.022, Cuv=0.323, P_in=7.886e-03, P_tgt=7.877e-03, A_F=0.055, K_low=0.207, P_drag=-4.413e-03, P_cool=-5.265e-03, WENO=0.132 (x=0.132, y=0.132), ReL2D=128.47, eps_nu=3.946e-03, P_hv=7.466e-05, rho_mean=1.000000, p_mean=0.724816, div_rms=6.138e-01, vort_rms=1.580e+00, mass_err=-9.626e-11
step= 41000, t=28.451941, dt=6.801e-04, KE=1.112941e-01, Mt=0.4845, A_K=0.016, Cuv=0.320, P_in=8.533e-03, P_tgt=8.503e-03, A_F=0.175, K_low=0.203, P_drag=-4.348e-03, P_cool=-5.230e-03, WENO=0.142 (x=0.142, y=0.142), ReL2D=127.98, eps_nu=3.906e-03, P_hv=7.075e-05, rho_mean=1.000000, p_mean=0.724746, div_rms=5.983e-01, vort_rms=1.579e+00, mass_err=-9.687e-11
step= 41250, t=28.623740, dt=6.910e-04, KE=1.114402e-01, Mt=0.4834, A_K=0.023, Cuv=0.306, P_in=9.245e-03, P_tgt=9.252e-03, A_F=0.207, K_low=0.198, P_drag=-4.272e-03, P_cool=-5.177e-03, WENO=0.143 (x=0.143, y=0.143), ReL2D=126.99, eps_nu=3.915e-03, P_hv=6.701e-05, rho_mean=1.000000, p_mean=0.724641, div_rms=5.919e-01, vort_rms=1.584e+00, mass_err=-9.745e-11
step= 41500, t=28.795926, dt=6.967e-04, KE=1.118742e-01, Mt=0.4828, A_K=0.029, Cuv=0.282, P_in=1.016e-02, P_tgt=1.012e-02, A_F=0.417, K_low=0.192, P_drag=-4.218e-03, P_cool=-5.100e-03, WENO=0.132 (x=0.132, y=0.132), ReL2D=127.48, eps_nu=3.926e-03, P_hv=6.775e-05, rho_mean=1.000000, p_mean=0.724485, div_rms=5.913e-01, vort_rms=1.587e+00, mass_err=-9.805e-11
step= 41750, t=28.971792, dt=7.015e-04, KE=1.127640e-01, Mt=0.4832, A_K=0.012, Cuv=0.259, P_in=1.126e-02, P_tgt=1.107e-02, A_F=0.073, K_low=0.187, P_drag=-4.198e-03, P_cool=-4.967e-03, WENO=0.136 (x=0.136, y=0.136), ReL2D=129.46, eps_nu=3.928e-03, P_hv=6.685e-05, rho_mean=1.000000, p_mean=0.724220, div_rms=5.942e-01, vort_rms=1.586e+00, mass_err=-9.864e-11
step= 42000, t=29.146651, dt=7.005e-04, KE=1.139096e-01, Mt=0.4846, A_K=0.018, Cuv=0.236, P_in=1.222e-02, P_tgt=1.205e-02, A_F=0.219, K_low=0.183, P_drag=-4.220e-03, P_cool=-4.823e-03, WENO=0.142 (x=0.142, y=0.142), ReL2D=132.19, eps_nu=3.921e-03, P_hv=6.553e-05, rho_mean=1.000000, p_mean=0.723932, div_rms=5.905e-01, vort_rms=1.586e+00, mass_err=-9.923e-11
step= 42250, t=29.323078, dt=7.097e-04, KE=1.151204e-01, Mt=0.4869, A_K=0.048, Cuv=0.218, P_in=1.294e-02, P_tgt=1.299e-02, A_F=0.135, K_low=0.180, P_drag=-4.260e-03, P_cool=-4.704e-03, WENO=0.145 (x=0.145, y=0.145), ReL2D=134.29, eps_nu=3.923e-03, P_hv=6.663e-05, rho_mean=1.000000, p_mean=0.723694, div_rms=5.913e-01, vort_rms=1.586e+00, mass_err=-9.982e-11
step= 42500, t=29.500648, dt=7.108e-04, KE=1.159753e-01, Mt=0.4892, A_K=0.059, Cuv=0.214, P_in=1.373e-02, P_tgt=1.381e-02, A_F=0.075, K_low=0.179, P_drag=-4.271e-03, P_cool=-4.691e-03, WENO=0.148 (x=0.148, y=0.148), ReL2D=138.24, eps_nu=3.923e-03, P_hv=6.884e-05, rho_mean=1.000000, p_mean=0.723668, div_rms=5.832e-01, vort_rms=1.590e+00, mass_err=-1.004e-10
saved snapshot: results/hit2d/reynolds_calibration_ReL130_N256/calib_Mt050_N256_mu0p001316/hit2d_step0042500.npz
step= 42750, t=29.679165, dt=7.108e-04, KE=1.163075e-01, Mt=0.4910, A_K=0.048, Cuv=0.225, P_in=1.453e-02, P_tgt=1.453e-02, A_F=0.038, K_low=0.178, P_drag=-4.245e-03, P_cool=-4.810e-03, WENO=0.143 (x=0.143, y=0.143), ReL2D=142.66, eps_nu=3.925e-03, P_hv=7.154e-05, rho_mean=1.000000, p_mean=0.723905, div_rms=5.668e-01, vort_rms=1.598e+00, mass_err=-1.010e-10
step= 43000, t=29.854033, dt=6.915e-04, KE=1.166494e-01, Mt=0.4930, A_K=0.027, Cuv=0.237, P_in=1.514e-02, P_tgt=1.514e-02, A_F=0.248, K_low=0.176, P_drag=-4.197e-03, P_cool=-4.942e-03, WENO=0.139 (x=0.139, y=0.139), ReL2D=143.75, eps_nu=3.960e-03, P_hv=7.620e-05, rho_mean=1.000000, p_mean=0.724171, div_rms=5.607e-01, vort_rms=1.609e+00, mass_err=-1.016e-10
step= 43250, t=30.028644, dt=7.043e-04, KE=1.174778e-01, Mt=0.4955, A_K=0.006, Cuv=0.239, P_in=1.552e-02, P_tgt=1.559e-02, A_F=0.062, K_low=0.173, P_drag=-4.159e-03, P_cool=-4.996e-03, WENO=0.140 (x=0.140, y=0.140), ReL2D=140.32, eps_nu=4.066e-03, P_hv=7.785e-05, rho_mean=1.000000, p_mean=0.724278, div_rms=5.794e-01, vort_rms=1.626e+00, mass_err=-1.022e-10
step= 43500, t=30.204613, dt=7.012e-04, KE=1.186930e-01, Mt=0.4974, A_K=0.032, Cuv=0.239, P_in=1.577e-02, P_tgt=1.587e-02, A_F=0.085, K_low=0.169, P_drag=-4.121e-03, P_cool=-4.987e-03, WENO=0.141 (x=0.141, y=0.141), ReL2D=136.58, eps_nu=4.164e-03, P_hv=7.411e-05, rho_mean=1.000000, p_mean=0.724260, div_rms=6.001e-01, vort_rms=1.639e+00, mass_err=-1.028e-10
step= 43750, t=30.378750, dt=6.991e-04, KE=1.200267e-01, Mt=0.4988, A_K=0.046, Cuv=0.232, P_in=1.612e-02, P_tgt=1.603e-02, A_F=0.078, K_low=0.167, P_drag=-4.112e-03, P_cool=-4.960e-03, WENO=0.138 (x=0.138, y=0.138), ReL2D=134.56, eps_nu=4.211e-03, P_hv=7.114e-05, rho_mean=1.000000, p_mean=0.724206, div_rms=6.029e-01, vort_rms=1.648e+00, mass_err=-1.034e-10
step= 44000, t=30.553326, dt=6.984e-04, KE=1.215064e-01, Mt=0.5011, A_K=0.049, Cuv=0.225, P_in=1.591e-02, P_tgt=1.604e-02, A_F=0.098, K_low=0.166, P_drag=-4.132e-03, P_cool=-4.908e-03, WENO=0.138 (x=0.138, y=0.138), ReL2D=135.10, eps_nu=4.241e-03, P_hv=6.639e-05, rho_mean=1.000000, p_mean=0.724102, div_rms=5.992e-01, vort_rms=1.657e+00, mass_err=-1.040e-10
step= 44250, t=30.728408, dt=6.983e-04, KE=1.231377e-01, Mt=0.5044, A_K=0.045, Cuv=0.211, P_in=1.579e-02, P_tgt=1.582e-02, A_F=0.107, K_low=0.165, P_drag=-4.161e-03, P_cool=-4.825e-03, WENO=0.127 (x=0.127, y=0.127), ReL2D=135.29, eps_nu=4.313e-03, P_hv=6.440e-05, rho_mean=1.000000, p_mean=0.723936, div_rms=6.035e-01, vort_rms=1.671e+00, mass_err=-1.046e-10
step= 44500, t=30.901170, dt=6.875e-04, KE=1.243874e-01, Mt=0.5071, A_K=0.028, Cuv=0.191, P_in=1.537e-02, P_tgt=1.538e-02, A_F=0.058, K_low=0.166, P_drag=-4.203e-03, P_cool=-4.808e-03, WENO=0.141 (x=0.141, y=0.141), ReL2D=136.20, eps_nu=4.363e-03, P_hv=6.501e-05, rho_mean=1.000000, p_mean=0.723901, div_rms=5.931e-01, vort_rms=1.687e+00, mass_err=-1.052e-10
step= 44750, t=31.073914, dt=6.969e-04, KE=1.254138e-01, Mt=0.5094, A_K=0.001, Cuv=0.165, P_in=1.485e-02, P_tgt=1.478e-02, A_F=0.103, K_low=0.169, P_drag=-4.264e-03, P_cool=-4.816e-03, WENO=0.139 (x=0.139, y=0.139), ReL2D=138.00, eps_nu=4.393e-03, P_hv=6.351e-05, rho_mean=1.000000, p_mean=0.723918, div_rms=5.917e-01, vort_rms=1.695e+00, mass_err=-1.058e-10
step= 45000, t=31.249607, dt=7.068e-04, KE=1.262376e-01, Mt=0.5117, A_K=0.022, Cuv=0.153, P_in=1.400e-02, P_tgt=1.404e-02, A_F=0.150, K_low=0.173, P_drag=-4.334e-03, P_cool=-4.841e-03, WENO=0.143 (x=0.143, y=0.143), ReL2D=141.27, eps_nu=4.409e-03, P_hv=6.245e-05, rho_mean=1.000000, p_mean=0.723967, div_rms=5.979e-01, vort_rms=1.695e+00, mass_err=-1.064e-10
saved snapshot: results/hit2d/reynolds_calibration_ReL130_N256/calib_Mt050_N256_mu0p001316/hit2d_step0045000.npz
step= 45250, t=31.423015, dt=6.844e-04, KE=1.266977e-01, Mt=0.5137, A_K=0.031, Cuv=0.150, P_in=1.321e-02, P_tgt=1.320e-02, A_F=0.148, K_low=0.176, P_drag=-4.385e-03, P_cool=-4.903e-03, WENO=0.146 (x=0.146, y=0.146), ReL2D=143.28, eps_nu=4.460e-03, P_hv=6.185e-05, rho_mean=1.000000, p_mean=0.724091, div_rms=6.136e-01, vort_rms=1.699e+00, mass_err=-1.070e-10
step= 45500, t=31.592787, dt=6.755e-04, KE=1.267585e-01, Mt=0.5148, A_K=0.039, Cuv=0.153, P_in=1.227e-02, P_tgt=1.233e-02, A_F=0.219, K_low=0.178, P_drag=-4.395e-03, P_cool=-5.007e-03, WENO=0.158 (x=0.158, y=0.158), ReL2D=144.20, eps_nu=4.498e-03, P_hv=6.396e-05, rho_mean=1.000000, p_mean=0.724299, div_rms=6.179e-01, vort_rms=1.706e+00, mass_err=-1.075e-10
step= 45750, t=31.761775, dt=6.769e-04, KE=1.267142e-01, Mt=0.5154, A_K=0.044, Cuv=0.165, P_in=1.143e-02, P_tgt=1.147e-02, A_F=0.007, K_low=0.178, P_drag=-4.369e-03, P_cool=-5.097e-03, WENO=0.141 (x=0.141, y=0.141), ReL2D=144.67, eps_nu=4.522e-03, P_hv=6.468e-05, rho_mean=1.000000, p_mean=0.724479, div_rms=6.243e-01, vort_rms=1.708e+00, mass_err=-1.081e-10
step= 46000, t=31.931473, dt=6.818e-04, KE=1.263879e-01, Mt=0.5155, A_K=0.048, Cuv=0.182, P_in=1.063e-02, P_tgt=1.065e-02, A_F=0.100, K_low=0.176, P_drag=-4.309e-03, P_cool=-5.213e-03, WENO=0.142 (x=0.142, y=0.142), ReL2D=144.81, eps_nu=4.528e-03, P_hv=6.621e-05, rho_mean=1.000000, p_mean=0.724711, div_rms=6.230e-01, vort_rms=1.710e+00, mass_err=-1.087e-10
step= 46250, t=32.103208, dt=6.906e-04, KE=1.258520e-01, Mt=0.5148, A_K=0.056, Cuv=0.189, P_in=9.869e-03, P_tgt=9.908e-03, A_F=0.005, K_low=0.173, P_drag=-4.215e-03, P_cool=-5.344e-03, WENO=0.138 (x=0.138, y=0.138), ReL2D=144.41, eps_nu=4.529e-03, P_hv=6.719e-05, rho_mean=1.000000, p_mean=0.724973, div_rms=6.282e-01, vort_rms=1.708e+00, mass_err=-1.093e-10
step= 46500, t=32.275726, dt=6.883e-04, KE=1.254945e-01, Mt=0.5142, A_K=0.064, Cuv=0.193, P_in=9.151e-03, P_tgt=9.243e-03, A_F=0.051, K_low=0.168, P_drag=-4.092e-03, P_cool=-5.417e-03, WENO=0.153 (x=0.153, y=0.153), ReL2D=142.55, eps_nu=4.571e-03, P_hv=6.983e-05, rho_mean=1.000000, p_mean=0.725119, div_rms=6.525e-01, vort_rms=1.705e+00, mass_err=-1.099e-10
step= 46750, t=32.447606, dt=6.881e-04, KE=1.253297e-01, Mt=0.5137, A_K=0.071, Cuv=0.195, P_in=8.617e-03, P_tgt=8.645e-03, A_F=0.068, K_low=0.161, P_drag=-3.961e-03, P_cool=-5.432e-03, WENO=0.159 (x=0.159, y=0.159), ReL2D=141.00, eps_nu=4.627e-03, P_hv=7.014e-05, rho_mean=1.000000, p_mean=0.725151, div_rms=6.791e-01, vort_rms=1.704e+00, mass_err=-1.105e-10
step= 47000, t=32.619912, dt=6.901e-04, KE=1.253960e-01, Mt=0.5129, A_K=0.081, Cuv=0.206, P_in=8.154e-03, P_tgt=8.109e-03, A_F=0.102, K_low=0.155, P_drag=-3.842e-03, P_cool=-5.386e-03, WENO=0.145 (x=0.145, y=0.145), ReL2D=138.24, eps_nu=4.729e-03, P_hv=7.445e-05, rho_mean=1.000000, p_mean=0.725059, div_rms=7.272e-01, vort_rms=1.700e+00, mass_err=-1.111e-10
step= 47250, t=32.792403, dt=6.901e-04, KE=1.255147e-01, Mt=0.5119, A_K=0.094, Cuv=0.221, P_in=7.625e-03, P_tgt=7.638e-03, A_F=0.063, K_low=0.151, P_drag=-3.766e-03, P_cool=-5.318e-03, WENO=0.132 (x=0.132, y=0.132), ReL2D=135.37, eps_nu=4.826e-03, P_hv=7.464e-05, rho_mean=1.000000, p_mean=0.724923, div_rms=7.714e-01, vort_rms=1.696e+00, mass_err=-1.117e-10
step= 47500, t=32.966268, dt=7.030e-04, KE=1.257499e-01, Mt=0.5109, A_K=0.106, Cuv=0.231, P_in=7.116e-03, P_tgt=7.230e-03, A_F=0.162, K_low=0.149, P_drag=-3.752e-03, P_cool=-5.218e-03, WENO=0.127 (x=0.127, y=0.127), ReL2D=134.95, eps_nu=4.799e-03, P_hv=7.341e-05, rho_mean=1.000000, p_mean=0.724722, div_rms=7.729e-01, vort_rms=1.689e+00, mass_err=-1.123e-10
saved snapshot: results/hit2d/reynolds_calibration_ReL130_N256/calib_Mt050_N256_mu0p001316/hit2d_step0047500.npz
step= 47750, t=33.144310, dt=7.206e-04, KE=1.260553e-01, Mt=0.5104, A_K=0.125, Cuv=0.236, P_in=6.957e-03, P_tgt=6.867e-03, A_F=0.233, K_low=0.151, P_drag=-3.820e-03, P_cool=-5.094e-03, WENO=0.119 (x=0.119, y=0.119), ReL2D=137.39, eps_nu=4.679e-03, P_hv=6.955e-05, rho_mean=1.000000, p_mean=0.724474, div_rms=7.387e-01, vort_rms=1.682e+00, mass_err=-1.128e-10
step= 48000, t=33.324621, dt=7.155e-04, KE=1.263309e-01, Mt=0.5106, A_K=0.144, Cuv=0.234, P_in=6.502e-03, P_tgt=6.527e-03, A_F=0.094, K_low=0.157, P_drag=-3.959e-03, P_cool=-4.962e-03, WENO=0.117 (x=0.117, y=0.117), ReL2D=141.61, eps_nu=4.517e-03, P_hv=6.555e-05, rho_mean=1.000000, p_mean=0.724209, div_rms=6.931e-01, vort_rms=1.671e+00, mass_err=-1.134e-10
step= 48250, t=33.502217, dt=7.038e-04, KE=1.263820e-01, Mt=0.5102, A_K=0.159, Cuv=0.230, P_in=6.225e-03, P_tgt=6.203e-03, A_F=0.146, K_low=0.165, P_drag=-4.141e-03, P_cool=-4.859e-03, WENO=0.125 (x=0.125, y=0.125), ReL2D=146.60, eps_nu=4.345e-03, P_hv=6.462e-05, rho_mean=1.000000, p_mean=0.724005, div_rms=6.366e-01, vort_rms=1.662e+00, mass_err=-1.140e-10
step= 48500, t=33.677717, dt=7.044e-04, KE=1.262188e-01, Mt=0.5093, A_K=0.169, Cuv=0.232, P_in=5.934e-03, P_tgt=5.915e-03, A_F=0.071, K_low=0.174, P_drag=-4.346e-03, P_cool=-4.783e-03, WENO=0.138 (x=0.138, y=0.138), ReL2D=149.19, eps_nu=4.229e-03, P_hv=6.364e-05, rho_mean=1.000000, p_mean=0.723851, div_rms=5.964e-01, vort_rms=1.655e+00, mass_err=-1.146e-10
step= 48750, t=33.854947, dt=7.142e-04, KE=1.257974e-01, Mt=0.5085, A_K=0.175, Cuv=0.243, P_in=5.709e-03, P_tgt=5.664e-03, A_F=0.140, K_low=0.183, P_drag=-4.542e-03, P_cool=-4.740e-03, WENO=0.146 (x=0.146, y=0.146), ReL2D=149.87, eps_nu=4.155e-03, P_hv=6.174e-05, rho_mean=1.000000, p_mean=0.723766, div_rms=5.716e-01, vort_rms=1.650e+00, mass_err=-1.152e-10
step= 49000, t=34.034530, dt=7.192e-04, KE=1.250589e-01, Mt=0.5075, A_K=0.180, Cuv=0.257, P_in=5.427e-03, P_tgt=5.446e-03, A_F=0.201, K_low=0.191, P_drag=-4.707e-03, P_cool=-4.748e-03, WENO=0.161 (x=0.161, y=0.161), ReL2D=147.71, eps_nu=4.134e-03, P_hv=5.764e-05, rho_mean=1.000000, p_mean=0.723782, div_rms=5.610e-01, vort_rms=1.650e+00, mass_err=-1.158e-10
step= 49250, t=34.214898, dt=7.209e-04, KE=1.239993e-01, Mt=0.5055, A_K=0.184, Cuv=0.259, P_in=5.289e-03, P_tgt=5.273e-03, A_F=0.021, K_low=0.197, P_drag=-4.833e-03, P_cool=-4.810e-03, WENO=0.158 (x=0.158, y=0.158), ReL2D=144.89, eps_nu=4.143e-03, P_hv=5.733e-05, rho_mean=1.000000, p_mean=0.723905, div_rms=5.539e-01, vort_rms=1.655e+00, mass_err=-1.164e-10
step= 49500, t=34.394470, dt=7.140e-04, KE=1.229974e-01, Mt=0.5028, A_K=0.176, Cuv=0.248, P_in=5.189e-03, P_tgt=5.165e-03, A_F=0.020, K_low=0.202, P_drag=-4.922e-03, P_cool=-4.853e-03, WENO=0.141 (x=0.141, y=0.141), ReL2D=141.41, eps_nu=4.171e-03, P_hv=6.164e-05, rho_mean=1.000000, p_mean=0.723991, div_rms=5.637e-01, vort_rms=1.657e+00, mass_err=-1.170e-10
step= 49750, t=34.571124, dt=6.995e-04, KE=1.219197e-01, Mt=0.4994, A_K=0.152, Cuv=0.229, P_in=5.138e-03, P_tgt=5.135e-03, A_F=0.079, K_low=0.206, P_drag=-4.992e-03, P_cool=-4.906e-03, WENO=0.129 (x=0.129, y=0.129), ReL2D=138.19, eps_nu=4.169e-03, P_hv=6.561e-05, rho_mean=1.000000, p_mean=0.724097, div_rms=5.750e-01, vort_rms=1.652e+00, mass_err=-1.176e-10
step= 50000, t=34.743612, dt=6.875e-04, KE=1.205986e-01, Mt=0.4957, A_K=0.121, Cuv=0.201, P_in=5.165e-03, P_tgt=5.199e-03, A_F=0.094, K_low=0.211, P_drag=-5.066e-03, P_cool=-5.004e-03, WENO=0.131 (x=0.131, y=0.131), ReL2D=136.19, eps_nu=4.149e-03, P_hv=7.001e-05, rho_mean=1.000000, p_mean=0.724294, div_rms=5.784e-01, vort_rms=1.645e+00, mass_err=-1.182e-10
saved snapshot: results/hit2d/reynolds_calibration_ReL130_N256/calib_Mt050_N256_mu0p001316/hit2d_step0050000.npz
step= 50250, t=34.914948, dt=6.844e-04, KE=1.193462e-01, Mt=0.4931, A_K=0.094, Cuv=0.173, P_in=5.340e-03, P_tgt=5.353e-03, A_F=0.102, K_low=0.218, P_drag=-5.163e-03, P_cool=-5.085e-03, WENO=0.147 (x=0.147, y=0.147), ReL2D=134.30, eps_nu=4.146e-03, P_hv=6.900e-05, rho_mean=1.000000, p_mean=0.724455, div_rms=5.871e-01, vort_rms=1.641e+00, mass_err=-1.188e-10
step= 50500, t=35.084988, dt=6.765e-04, KE=1.184314e-01, Mt=0.4925, A_K=0.077, Cuv=0.140, P_in=5.702e-03, P_tgt=5.559e-03, A_F=0.065, K_low=0.227, P_drag=-5.298e-03, P_cool=-5.099e-03, WENO=0.139 (x=0.139, y=0.139), ReL2D=132.46, eps_nu=4.171e-03, P_hv=6.842e-05, rho_mean=1.000000, p_mean=0.724483, div_rms=6.045e-01, vort_rms=1.638e+00, mass_err=-1.194e-10
step= 50750, t=35.254502, dt=6.836e-04, KE=1.177521e-01, Mt=0.4929, A_K=0.063, Cuv=0.105, P_in=5.812e-03, P_tgt=5.771e-03, A_F=0.038, K_low=0.237, P_drag=-5.453e-03, P_cool=-5.071e-03, WENO=0.135 (x=0.135, y=0.135), ReL2D=130.84, eps_nu=4.193e-03, P_hv=7.367e-05, rho_mean=1.000000, p_mean=0.724428, div_rms=6.248e-01, vort_rms=1.633e+00, mass_err=-1.200e-10
step= 51000, t=35.426404, dt=6.896e-04, KE=1.173890e-01, Mt=0.4930, A_K=0.053, Cuv=0.069, P_in=5.801e-03, P_tgt=5.980e-03, A_F=0.042, K_low=0.246, P_drag=-5.594e-03, P_cool=-4.984e-03, WENO=0.134 (x=0.134, y=0.134), ReL2D=127.86, eps_nu=4.217e-03, P_hv=7.580e-05, rho_mean=1.000000, p_mean=0.724254, div_rms=6.564e-01, vort_rms=1.622e+00, mass_err=-1.206e-10
step= 51250, t=35.598664, dt=6.885e-04, KE=1.172737e-01, Mt=0.4923, A_K=0.051, Cuv=0.036, P_in=6.237e-03, P_tgt=6.207e-03, A_F=0.136, K_low=0.251, P_drag=-5.674e-03, P_cool=-4.856e-03, WENO=0.127 (x=0.127, y=0.127), ReL2D=125.33, eps_nu=4.217e-03, P_hv=7.138e-05, rho_mean=1.000000, p_mean=0.723997, div_rms=6.802e-01, vort_rms=1.609e+00, mass_err=-1.212e-10
step= 51500, t=35.771267, dt=6.899e-04, KE=1.171558e-01, Mt=0.4912, A_K=0.052, Cuv=0.012, P_in=6.424e-03, P_tgt=6.476e-03, A_F=0.174, K_low=0.252, P_drag=-5.669e-03, P_cool=-4.739e-03, WENO=0.135 (x=0.135, y=0.135), ReL2D=125.22, eps_nu=4.155e-03, P_hv=6.574e-05, rho_mean=1.000000, p_mean=0.723764, div_rms=6.728e-01, vort_rms=1.598e+00, mass_err=-1.218e-10
step= 51750, t=35.942759, dt=6.824e-04, KE=1.170501e-01, Mt=0.4910, A_K=0.055, Cuv=0.008, P_in=6.907e-03, P_tgt=6.780e-03, A_F=0.006, K_low=0.249, P_drag=-5.598e-03, P_cool=-4.635e-03, WENO=0.133 (x=0.133, y=0.133), ReL2D=125.34, eps_nu=4.110e-03, P_hv=6.256e-05, rho_mean=1.000000, p_mean=0.723555, div_rms=6.679e-01, vort_rms=1.590e+00, mass_err=-1.224e-10
step= 52000, t=36.113224, dt=6.863e-04, KE=1.166349e-01, Mt=0.4906, A_K=0.054, Cuv=0.020, P_in=7.155e-03, P_tgt=7.108e-03, A_F=0.262, K_low=0.246, P_drag=-5.509e-03, P_cool=-4.609e-03, WENO=0.140 (x=0.140, y=0.140), ReL2D=126.16, eps_nu=4.044e-03, P_hv=6.111e-05, rho_mean=1.000000, p_mean=0.723503, div_rms=6.475e-01, vort_rms=1.586e+00, mass_err=-1.230e-10
step= 52250, t=36.286896, dt=6.983e-04, KE=1.160210e-01, Mt=0.4893, A_K=0.042, Cuv=0.032, P_in=7.395e-03, P_tgt=7.483e-03, A_F=0.155, K_low=0.244, P_drag=-5.429e-03, P_cool=-4.634e-03, WENO=0.141 (x=0.141, y=0.141), ReL2D=127.03, eps_nu=3.970e-03, P_hv=5.891e-05, rho_mean=1.000000, p_mean=0.723553, div_rms=6.277e-01, vort_rms=1.579e+00, mass_err=-1.236e-10
step= 52500, t=36.461219, dt=6.947e-04, KE=1.153130e-01, Mt=0.4873, A_K=0.016, Cuv=0.047, P_in=7.932e-03, P_tgt=7.950e-03, A_F=0.114, K_low=0.244, P_drag=-5.386e-03, P_cool=-4.692e-03, WENO=0.145 (x=0.145, y=0.145), ReL2D=127.55, eps_nu=3.901e-03, P_hv=5.776e-05, rho_mean=1.000000, p_mean=0.723670, div_rms=6.092e-01, vort_rms=1.572e+00, mass_err=-1.242e-10
saved snapshot: results/hit2d/reynolds_calibration_ReL130_N256/calib_Mt050_N256_mu0p001316/hit2d_step0052500.npz
step= 52750, t=36.633450, dt=6.822e-04, KE=1.148730e-01, Mt=0.4858, A_K=0.020, Cuv=0.057, P_in=8.547e-03, P_tgt=8.534e-03, A_F=0.065, K_low=0.245, P_drag=-5.386e-03, P_cool=-4.717e-03, WENO=0.155 (x=0.155, y=0.155), ReL2D=128.03, eps_nu=3.870e-03, P_hv=5.764e-05, rho_mean=1.000000, p_mean=0.723719, div_rms=6.018e-01, vort_rms=1.568e+00, mass_err=-1.247e-10
step= 53000, t=36.801232, dt=6.607e-04, KE=1.148739e-01, Mt=0.4865, A_K=0.062, Cuv=0.062, P_in=9.229e-03, P_tgt=9.183e-03, A_F=0.057, K_low=0.245, P_drag=-5.412e-03, P_cool=-4.676e-03, WENO=0.156 (x=0.156, y=0.156), ReL2D=129.15, eps_nu=3.880e-03, P_hv=5.849e-05, rho_mean=1.000000, p_mean=0.723637, div_rms=6.012e-01, vort_rms=1.571e+00, mass_err=-1.253e-10
step= 53250, t=36.963563, dt=6.369e-04, KE=1.152362e-01, Mt=0.4889, A_K=0.098, Cuv=0.066, P_in=9.788e-03, P_tgt=9.790e-03, A_F=0.012, K_low=0.246, P_drag=-5.453e-03, P_cool=-4.585e-03, WENO=0.150 (x=0.150, y=0.150), ReL2D=129.22, eps_nu=3.976e-03, P_hv=6.270e-05, rho_mean=1.000000, p_mean=0.723455, div_rms=6.292e-01, vort_rms=1.579e+00, mass_err=-1.259e-10
step= 53500, t=37.122384, dt=6.359e-04, KE=1.151083e-01, Mt=0.4904, A_K=0.126, Cuv=0.063, P_in=1.038e-02, P_tgt=1.032e-02, A_F=0.119, K_low=0.248, P_drag=-5.501e-03, P_cool=-4.608e-03, WENO=0.148 (x=0.148, y=0.148), ReL2D=132.00, eps_nu=3.994e-03, P_hv=6.499e-05, rho_mean=1.000000, p_mean=0.723502, div_rms=6.186e-01, vort_rms=1.589e+00, mass_err=-1.265e-10
step= 53750, t=37.282608, dt=6.470e-04, KE=1.149245e-01, Mt=0.4909, A_K=0.152, Cuv=0.051, P_in=1.083e-02, P_tgt=1.082e-02, A_F=0.111, K_low=0.250, P_drag=-5.547e-03, P_cool=-4.656e-03, WENO=0.140 (x=0.140, y=0.140), ReL2D=134.51, eps_nu=3.995e-03, P_hv=6.409e-05, rho_mean=1.000000, p_mean=0.723598, div_rms=6.146e-01, vort_rms=1.592e+00, mass_err=-1.271e-10
step= 54000, t=37.446392, dt=6.635e-04, KE=1.149575e-01, Mt=0.4905, A_K=0.172, Cuv=0.036, P_in=1.135e-02, P_tgt=1.134e-02, A_F=0.056, K_low=0.252, P_drag=-5.587e-03, P_cool=-4.676e-03, WENO=0.136 (x=0.136, y=0.136), ReL2D=135.77, eps_nu=4.011e-03, P_hv=6.260e-05, rho_mean=1.000000, p_mean=0.723639, div_rms=6.232e-01, vort_rms=1.591e+00, mass_err=-1.277e-10
step= 54250, t=37.614290, dt=6.777e-04, KE=1.151190e-01, Mt=0.4893, A_K=0.188, Cuv=0.022, P_in=1.197e-02, P_tgt=1.195e-02, A_F=0.055, K_low=0.252, P_drag=-5.621e-03, P_cool=-4.690e-03, WENO=0.126 (x=0.126, y=0.126), ReL2D=136.91, eps_nu=4.012e-03, P_hv=6.133e-05, rho_mean=1.000000, p_mean=0.723666, div_rms=6.255e-01, vort_rms=1.590e+00, mass_err=-1.283e-10
step= 54500, t=37.784399, dt=6.838e-04, KE=1.155010e-01, Mt=0.4887, A_K=0.195, Cuv=0.009, P_in=1.269e-02, P_tgt=1.266e-02, A_F=0.030, K_low=0.253, P_drag=-5.664e-03, P_cool=-4.683e-03, WENO=0.125 (x=0.125, y=0.125), ReL2D=138.07, eps_nu=4.014e-03, P_hv=5.986e-05, rho_mean=1.000000, p_mean=0.723651, div_rms=6.215e-01, vort_rms=1.592e+00, mass_err=-1.289e-10
step= 54750, t=37.956157, dt=6.907e-04, KE=1.159345e-01, Mt=0.4895, A_K=0.196, Cuv=-0.006, P_in=1.338e-02, P_tgt=1.340e-02, A_F=0.059, K_low=0.256, P_drag=-5.741e-03, P_cool=-4.688e-03, WENO=0.124 (x=0.124, y=0.124), ReL2D=140.67, eps_nu=4.016e-03, P_hv=5.917e-05, rho_mean=1.000000, p_mean=0.723662, div_rms=6.094e-01, vort_rms=1.599e+00, mass_err=-1.295e-10
step= 55000, t=38.130169, dt=7.029e-04, KE=1.163676e-01, Mt=0.4912, A_K=0.191, Cuv=-0.030, P_in=1.401e-02, P_tgt=1.409e-02, A_F=0.048, K_low=0.262, P_drag=-5.855e-03, P_cool=-4.714e-03, WENO=0.117 (x=0.117, y=0.117), ReL2D=142.53, eps_nu=4.005e-03, P_hv=6.018e-05, rho_mean=1.000000, p_mean=0.723713, div_rms=5.956e-01, vort_rms=1.604e+00, mass_err=-1.301e-10
saved snapshot: results/hit2d/reynolds_calibration_ReL130_N256/calib_Mt050_N256_mu0p001316/hit2d_step0055000.npz
step= 55250, t=38.309428, dt=7.316e-04, KE=1.170263e-01, Mt=0.4934, A_K=0.184, Cuv=-0.058, P_in=1.460e-02, P_tgt=1.466e-02, A_F=0.207, K_low=0.267, P_drag=-5.989e-03, P_cool=-4.715e-03, WENO=0.123 (x=0.123, y=0.123), ReL2D=143.49, eps_nu=4.029e-03, P_hv=6.155e-05, rho_mean=1.000000, p_mean=0.723716, div_rms=5.972e-01, vort_rms=1.608e+00, mass_err=-1.307e-10
step= 55500, t=38.491797, dt=7.268e-04, KE=1.174809e-01, Mt=0.4951, A_K=0.174, Cuv=-0.089, P_in=1.509e-02, P_tgt=1.509e-02, A_F=0.129, K_low=0.273, P_drag=-6.126e-03, P_cool=-4.773e-03, WENO=0.131 (x=0.131, y=0.131), ReL2D=144.78, eps_nu=4.073e-03, P_hv=5.939e-05, rho_mean=1.000000, p_mean=0.723832, div_rms=5.933e-01, vort_rms=1.621e+00, mass_err=-1.313e-10
step= 55750, t=38.674210, dt=7.311e-04, KE=1.178505e-01, Mt=0.4968, A_K=0.178, Cuv=-0.107, P_in=1.546e-02, P_tgt=1.541e-02, A_F=0.158, K_low=0.279, P_drag=-6.249e-03, P_cool=-4.855e-03, WENO=0.150 (x=0.150, y=0.150), ReL2D=145.73, eps_nu=4.134e-03, P_hv=5.828e-05, rho_mean=1.000000, p_mean=0.723996, div_rms=5.878e-01, vort_rms=1.637e+00, mass_err=-1.319e-10
step= 56000, t=38.856856, dt=7.293e-04, KE=1.187054e-01, Mt=0.4990, A_K=0.198, Cuv=-0.100, P_in=1.554e-02, P_tgt=1.557e-02, A_F=0.163, K_low=0.281, P_drag=-6.343e-03, P_cool=-4.844e-03, WENO=0.159 (x=0.159, y=0.159), ReL2D=145.48, eps_nu=4.224e-03, P_hv=5.884e-05, rho_mean=1.000000, p_mean=0.723973, div_rms=5.966e-01, vort_rms=1.654e+00, mass_err=-1.325e-10
warning: flow component anisotropy has increased over the last three diagnostic samples
step= 56250, t=39.039255, dt=7.292e-04, KE=1.197946e-01, Mt=0.5006, A_K=0.224, Cuv=-0.072, P_in=1.553e-02, P_tgt=1.558e-02, A_F=0.018, K_low=0.280, P_drag=-6.410e-03, P_cool=-4.787e-03, WENO=0.160 (x=0.160, y=0.160), ReL2D=144.81, eps_nu=4.300e-03, P_hv=6.144e-05, rho_mean=1.000000, p_mean=0.723859, div_rms=5.983e-01, vort_rms=1.671e+00, mass_err=-1.331e-10
warning: flow component anisotropy has increased over the last three diagnostic samples
step= 56500, t=39.223267, dt=7.387e-04, KE=1.204524e-01, Mt=0.5007, A_K=0.259, Cuv=-0.040, P_in=1.554e-02, P_tgt=1.552e-02, A_F=0.002, K_low=0.277, P_drag=-6.443e-03, P_cool=-4.815e-03, WENO=0.170 (x=0.170, y=0.170), ReL2D=144.17, eps_nu=4.387e-03, P_hv=6.165e-05, rho_mean=1.000000, p_mean=0.723915, div_rms=5.974e-01, vort_rms=1.691e+00, mass_err=-1.337e-10
warning: flow component anisotropy has increased over the last three diagnostic samples
step= 56750, t=39.407114, dt=7.287e-04, KE=1.206696e-01, Mt=0.5008, A_K=0.296, Cuv=-0.009, P_in=1.547e-02, P_tgt=1.547e-02, A_F=0.069, K_low=0.275, P_drag=-6.438e-03, P_cool=-4.926e-03, WENO=0.174 (x=0.174, y=0.174), ReL2D=140.80, eps_nu=4.480e-03, P_hv=5.959e-05, rho_mean=1.000000, p_mean=0.724138, div_rms=6.032e-01, vort_rms=1.709e+00, mass_err=-1.342e-10
warning: flow component anisotropy has increased over the last three diagnostic samples
step= 57000, t=39.588316, dt=7.211e-04, KE=1.209751e-01, Mt=0.5015, A_K=0.315, Cuv=0.014, P_in=1.546e-02, P_tgt=1.538e-02, A_F=0.310, K_low=0.274, P_drag=-6.423e-03, P_cool=-5.012e-03, WENO=0.164 (x=0.164, y=0.164), ReL2D=137.80, eps_nu=4.572e-03, P_hv=6.928e-05, rho_mean=1.000000, p_mean=0.724309, div_rms=6.116e-01, vort_rms=1.725e+00, mass_err=-1.348e-10
warning: flow component anisotropy has increased over the last three diagnostic samples
step= 57250, t=39.768042, dt=7.157e-04, KE=1.214552e-01, Mt=0.5026, A_K=0.318, Cuv=0.026, P_in=1.525e-02, P_tgt=1.523e-02, A_F=0.115, K_low=0.273, P_drag=-6.416e-03, P_cool=-5.055e-03, WENO=0.175 (x=0.175, y=0.175), ReL2D=136.32, eps_nu=4.643e-03, P_hv=7.433e-05, rho_mean=1.000000, p_mean=0.724395, div_rms=6.235e-01, vort_rms=1.735e+00, mass_err=-1.354e-10
step= 57500, t=39.946462, dt=7.048e-04, KE=1.220274e-01, Mt=0.5044, A_K=0.311, Cuv=0.025, P_in=1.494e-02, P_tgt=1.497e-02, A_F=0.239, K_low=0.273, P_drag=-6.441e-03, P_cool=-5.069e-03, WENO=0.167 (x=0.167, y=0.167), ReL2D=136.30, eps_nu=4.697e-03, P_hv=7.959e-05, rho_mean=1.000000, p_mean=0.724424, div_rms=6.394e-01, vort_rms=1.739e+00, mass_err=-1.360e-10
saved snapshot: results/hit2d/reynolds_calibration_ReL130_N256/calib_Mt050_N256_mu0p001316/hit2d_step0057500.npz
step= 57750, t=40.117106, dt=6.692e-04, KE=1.224741e-01, Mt=0.5062, A_K=0.296, Cuv=0.022, P_in=1.454e-02, P_tgt=1.459e-02, A_F=0.029, K_low=0.276, P_drag=-6.508e-03, P_cool=-5.092e-03, WENO=0.161 (x=0.161, y=0.161), ReL2D=136.74, eps_nu=4.679e-03, P_hv=8.765e-05, rho_mean=1.000000, p_mean=0.724469, div_rms=6.363e-01, vort_rms=1.737e+00, mass_err=-1.366e-10
step= 58000, t=40.284594, dt=6.704e-04, KE=1.229652e-01, Mt=0.5089, A_K=0.288, Cuv=0.014, P_in=1.408e-02, P_tgt=1.406e-02, A_F=0.094, K_low=0.282, P_drag=-6.614e-03, P_cool=-5.086e-03, WENO=0.160 (x=0.160, y=0.160), ReL2D=136.49, eps_nu=4.726e-03, P_hv=8.309e-05, rho_mean=1.000000, p_mean=0.724458, div_rms=6.480e-01, vort_rms=1.741e+00, mass_err=-1.372e-10
step= 58250, t=40.451965, dt=6.708e-04, KE=1.231353e-01, Mt=0.5107, A_K=0.284, Cuv=0.004, P_in=1.351e-02, P_tgt=1.341e-02, A_F=0.136, K_low=0.289, P_drag=-6.740e-03, P_cool=-5.120e-03, WENO=0.158 (x=0.158, y=0.158), ReL2D=136.71, eps_nu=4.757e-03, P_hv=8.238e-05, rho_mean=1.000000, p_mean=0.724525, div_rms=6.481e-01, vort_rms=1.748e+00, mass_err=-1.378e-10
step= 58500, t=40.620618, dt=6.790e-04, KE=1.234229e-01, Mt=0.5119, A_K=0.283, Cuv=-0.003, P_in=1.270e-02, P_tgt=1.269e-02, A_F=0.097, K_low=0.294, P_drag=-6.840e-03, P_cool=-5.102e-03, WENO=0.162 (x=0.162, y=0.162), ReL2D=135.34, eps_nu=4.829e-03, P_hv=8.195e-05, rho_mean=1.000000, p_mean=0.724490, div_rms=6.641e-01, vort_rms=1.756e+00, mass_err=-1.384e-10
step= 58750, t=40.792594, dt=6.987e-04, KE=1.238592e-01, Mt=0.5125, A_K=0.284, Cuv=-0.008, P_in=1.204e-02, P_tgt=1.197e-02, A_F=0.139, K_low=0.295, P_drag=-6.884e-03, P_cool=-5.029e-03, WENO=0.161 (x=0.161, y=0.161), ReL2D=133.60, eps_nu=4.891e-03, P_hv=7.979e-05, rho_mean=1.000000, p_mean=0.724343, div_rms=6.782e-01, vort_rms=1.762e+00, mass_err=-1.390e-10
warning: flow component anisotropy has increased over the last three diagnostic samples
step= 59000, t=40.969540, dt=7.099e-04, KE=1.243356e-01, Mt=0.5127, A_K=0.285, Cuv=-0.008, P_in=1.132e-02, P_tgt=1.126e-02, A_F=0.236, K_low=0.291, P_drag=-6.848e-03, P_cool=-4.924e-03, WENO=0.146 (x=0.146, y=0.146), ReL2D=133.49, eps_nu=4.939e-03, P_hv=7.922e-05, rho_mean=1.000000, p_mean=0.724134, div_rms=6.911e-01, vort_rms=1.766e+00, mass_err=-1.396e-10
step= 59250, t=41.147841, dt=7.180e-04, KE=1.245737e-01, Mt=0.5121, A_K=0.280, Cuv=-0.011, P_in=1.070e-02, P_tgt=1.060e-02, A_F=0.020, K_low=0.283, P_drag=-6.718e-03, P_cool=-4.849e-03, WENO=0.154 (x=0.154, y=0.154), ReL2D=133.15, eps_nu=4.976e-03, P_hv=7.955e-05, rho_mean=1.000000, p_mean=0.723983, div_rms=6.973e-01, vort_rms=1.770e+00, mass_err=-1.401e-10
step= 59500, t=41.327334, dt=7.195e-04, KE=1.247069e-01, Mt=0.5110, A_K=0.258, Cuv=-0.011, P_in=9.955e-03, P_tgt=1.002e-02, A_F=0.063, K_low=0.272, P_drag=-6.528e-03, P_cool=-4.780e-03, WENO=0.141 (x=0.141, y=0.141), ReL2D=129.11, eps_nu=5.064e-03, P_hv=7.843e-05, rho_mean=1.000000, p_mean=0.723846, div_rms=7.347e-01, vort_rms=1.769e+00, mass_err=-1.407e-10
step= 59750, t=41.507399, dt=7.194e-04, KE=1.244844e-01, Mt=0.5086, A_K=0.217, Cuv=-0.012, P_in=9.497e-03, P_tgt=9.548e-03, A_F=0.014, K_low=0.262, P_drag=-6.316e-03, P_cool=-4.773e-03, WENO=0.134 (x=0.134, y=0.134), ReL2D=127.51, eps_nu=5.138e-03, P_hv=7.747e-05, rho_mean=1.000000, p_mean=0.723832, div_rms=7.589e-01, vort_rms=1.771e+00, mass_err=-1.413e-10
step= 60000, t=41.682121, dt=6.817e-04, KE=1.235401e-01, Mt=0.5046, A_K=0.172, Cuv=-0.020, P_in=9.261e-03, P_tgt=9.244e-03, A_F=0.252, K_low=0.255, P_drag=-6.153e-03, P_cool=-4.903e-03, WENO=0.140 (x=0.140, y=0.140), ReL2D=127.35, eps_nu=5.072e-03, P_hv=8.170e-05, rho_mean=1.000000, p_mean=0.724092, div_rms=7.271e-01, vort_rms=1.775e+00, mass_err=-1.419e-10
saved snapshot: results/hit2d/reynolds_calibration_ReL130_N256/calib_Mt050_N256_mu0p001316/hit2d_step0060000.npz
step= 60250, t=41.851306, dt=6.774e-04, KE=1.222108e-01, Mt=0.5011, A_K=0.129, Cuv=-0.036, P_in=9.217e-03, P_tgt=9.114e-03, A_F=0.014, K_low=0.254, P_drag=-6.053e-03, P_cool=-5.101e-03, WENO=0.153 (x=0.153, y=0.153), ReL2D=126.19, eps_nu=4.964e-03, P_hv=8.669e-05, rho_mean=1.000000, p_mean=0.724487, div_rms=6.902e-01, vort_rms=1.771e+00, mass_err=-1.425e-10
step= 60500, t=42.020923, dt=6.799e-04, KE=1.205370e-01, Mt=0.4979, A_K=0.086, Cuv=-0.045, P_in=9.110e-03, P_tgt=9.138e-03, A_F=0.074, K_low=0.259, P_drag=-6.014e-03, P_cool=-5.361e-03, WENO=0.154 (x=0.154, y=0.154), ReL2D=123.85, eps_nu=4.875e-03, P_hv=8.910e-05, rho_mean=1.000000, p_mean=0.725008, div_rms=6.730e-01, vort_rms=1.761e+00, mass_err=-1.431e-10
step= 60750, t=42.191840, dt=6.892e-04, KE=1.188480e-01, Mt=0.4953, A_K=0.052, Cuv=-0.041, P_in=9.444e-03, P_tgt=9.299e-03, A_F=0.147, K_low=0.265, P_drag=-6.012e-03, P_cool=-5.620e-03, WENO=0.163 (x=0.163, y=0.163), ReL2D=121.58, eps_nu=4.804e-03, P_hv=8.816e-05, rho_mean=1.000000, p_mean=0.725525, div_rms=6.540e-01, vort_rms=1.755e+00, mass_err=-1.437e-10
step= 61000, t=42.365126, dt=6.957e-04, KE=1.181344e-01, Mt=0.4940, A_K=0.024, Cuv=-0.045, P_in=9.596e-03, P_tgt=9.562e-03, A_F=0.146, K_low=0.268, P_drag=-6.023e-03, P_cool=-5.684e-03, WENO=0.157 (x=0.157, y=0.157), ReL2D=119.01, eps_nu=4.790e-03, P_hv=8.765e-05, rho_mean=1.000000, p_mean=0.725655, div_rms=6.636e-01, vort_rms=1.748e+00, mass_err=-1.443e-10
step= 61250, t=42.538591, dt=6.939e-04, KE=1.182942e-01, Mt=0.4948, A_K=0.001, Cuv=-0.055, P_in=9.880e-03, P_tgt=9.848e-03, A_F=0.028, K_low=0.269, P_drag=-6.064e-03, P_cool=-5.585e-03, WENO=0.176 (x=0.176, y=0.176), ReL2D=118.10, eps_nu=4.786e-03, P_hv=8.319e-05, rho_mean=1.000000, p_mean=0.725456, div_rms=6.713e-01, vort_rms=1.743e+00, mass_err=-1.449e-10
step= 61500, t=42.711858, dt=6.948e-04, KE=1.187927e-01, Mt=0.4972, A_K=0.019, Cuv=-0.077, P_in=1.007e-02, P_tgt=1.005e-02, A_F=0.046, K_low=0.272, P_drag=-6.145e-03, P_cool=-5.430e-03, WENO=0.164 (x=0.164, y=0.164), ReL2D=118.55, eps_nu=4.806e-03, P_hv=8.173e-05, rho_mean=1.000000, p_mean=0.725146, div_rms=6.814e-01, vort_rms=1.742e+00, mass_err=-1.455e-10
step= 61750, t=42.888362, dt=7.171e-04, KE=1.191440e-01, Mt=0.4995, A_K=0.035, Cuv=-0.094, P_in=9.948e-03, P_tgt=1.013e-02, A_F=0.022, K_low=0.275, P_drag=-6.255e-03, P_cool=-5.310e-03, WENO=0.155 (x=0.155, y=0.155), ReL2D=118.82, eps_nu=4.856e-03, P_hv=8.284e-05, rho_mean=1.000000, p_mean=0.724906, div_rms=7.022e-01, vort_rms=1.742e+00, mass_err=-1.461e-10
step= 62000, t=43.069449, dt=7.236e-04, KE=1.193098e-01, Mt=0.5002, A_K=0.052, Cuv=-0.122, P_in=1.011e-02, P_tgt=1.014e-02, A_F=0.062, K_low=0.277, P_drag=-6.355e-03, P_cool=-5.228e-03, WENO=0.138 (x=0.138, y=0.138), ReL2D=119.64, eps_nu=4.854e-03, P_hv=8.637e-05, rho_mean=1.000000, p_mean=0.724742, div_rms=7.227e-01, vort_rms=1.730e+00, mass_err=-1.466e-10
step= 62250, t=43.249962, dt=7.182e-04, KE=1.192785e-01, Mt=0.4998, A_K=0.058, Cuv=-0.152, P_in=1.018e-02, P_tgt=1.013e-02, A_F=0.159, K_low=0.279, P_drag=-6.429e-03, P_cool=-5.185e-03, WENO=0.143 (x=0.143, y=0.143), ReL2D=121.34, eps_nu=4.822e-03, P_hv=8.620e-05, rho_mean=1.000000, p_mean=0.724656, div_rms=7.298e-01, vort_rms=1.719e+00, mass_err=-1.472e-10
step= 62500, t=43.429212, dt=7.156e-04, KE=1.191906e-01, Mt=0.4991, A_K=0.053, Cuv=-0.177, P_in=1.021e-02, P_tgt=1.016e-02, A_F=0.012, K_low=0.279, P_drag=-6.475e-03, P_cool=-5.152e-03, WENO=0.143 (x=0.143, y=0.143), ReL2D=122.33, eps_nu=4.804e-03, P_hv=8.506e-05, rho_mean=1.000000, p_mean=0.724589, div_rms=7.354e-01, vort_rms=1.712e+00, mass_err=-1.478e-10
saved snapshot: results/hit2d/reynolds_calibration_ReL130_N256/calib_Mt050_N256_mu0p001316/hit2d_step0062500.npz
step= 62750, t=43.608402, dt=7.111e-04, KE=1.191953e-01, Mt=0.4985, A_K=0.041, Cuv=-0.206, P_in=1.025e-02, P_tgt=1.022e-02, A_F=0.134, K_low=0.278, P_drag=-6.482e-03, P_cool=-5.098e-03, WENO=0.148 (x=0.148, y=0.148), ReL2D=123.26, eps_nu=4.753e-03, P_hv=8.114e-05, rho_mean=1.000000, p_mean=0.724482, div_rms=7.139e-01, vort_rms=1.713e+00, mass_err=-1.484e-10
step= 63000, t=43.781181, dt=6.769e-04, KE=1.191958e-01, Mt=0.4978, A_K=0.026, Cuv=-0.227, P_in=1.034e-02, P_tgt=1.031e-02, A_F=0.001, K_low=0.275, P_drag=-6.433e-03, P_cool=-5.051e-03, WENO=0.147 (x=0.147, y=0.147), ReL2D=125.19, eps_nu=4.680e-03, P_hv=8.097e-05, rho_mean=1.000000, p_mean=0.724388, div_rms=6.833e-01, vort_rms=1.713e+00, mass_err=-1.490e-10
step= 63250, t=43.950550, dt=6.822e-04, KE=1.191676e-01, Mt=0.4974, A_K=0.006, Cuv=-0.237, P_in=1.049e-02, P_tgt=1.044e-02, A_F=0.409, K_low=0.271, P_drag=-6.333e-03, P_cool=-5.020e-03, WENO=0.152 (x=0.152, y=0.152), ReL2D=126.93, eps_nu=4.616e-03, P_hv=8.137e-05, rho_mean=1.000000, p_mean=0.724326, div_rms=6.615e-01, vort_rms=1.710e+00, mass_err=-1.496e-10
step= 63500, t=44.118160, dt=6.654e-04, KE=1.189030e-01, Mt=0.4979, A_K=0.018, Cuv=-0.240, P_in=1.064e-02, P_tgt=1.057e-02, A_F=0.087, K_low=0.265, P_drag=-6.191e-03, P_cool=-5.047e-03, WENO=0.159 (x=0.159, y=0.159), ReL2D=127.81, eps_nu=4.581e-03, P_hv=8.050e-05, rho_mean=1.000000, p_mean=0.724380, div_rms=6.534e-01, vort_rms=1.707e+00, mass_err=-1.502e-10
step= 63750, t=44.284836, dt=6.693e-04, KE=1.183070e-01, Mt=0.4984, A_K=0.044, Cuv=-0.239, P_in=1.069e-02, P_tgt=1.067e-02, A_F=0.049, K_low=0.259, P_drag=-6.020e-03, P_cool=-5.147e-03, WENO=0.156 (x=0.156, y=0.156), ReL2D=127.44, eps_nu=4.609e-03, P_hv=7.959e-05, rho_mean=1.000000, p_mean=0.724580, div_rms=6.723e-01, vort_rms=1.703e+00, mass_err=-1.508e-10
step= 64000, t=44.453985, dt=6.842e-04, KE=1.167368e-01, Mt=0.4971, A_K=0.066, Cuv=-0.235, P_in=1.076e-02, P_tgt=1.078e-02, A_F=0.151, K_low=0.255, P_drag=-5.825e-03, P_cool=-5.445e-03, WENO=0.153 (x=0.153, y=0.153), ReL2D=127.01, eps_nu=4.626e-03, P_hv=8.071e-05, rho_mean=1.000000, p_mean=0.725175, div_rms=6.897e-01, vort_rms=1.698e+00, mass_err=-1.514e-10
step= 64250, t=44.627350, dt=7.032e-04, KE=1.142943e-01, Mt=0.4940, A_K=0.082, Cuv=-0.226, P_in=1.106e-02, P_tgt=1.102e-02, A_F=0.197, K_low=0.253, P_drag=-5.635e-03, P_cool=-5.915e-03, WENO=0.150 (x=0.150, y=0.150), ReL2D=125.92, eps_nu=4.607e-03, P_hv=8.161e-05, rho_mean=1.000000, p_mean=0.726116, div_rms=6.883e-01, vort_rms=1.694e+00, mass_err=-1.520e-10
step= 64500, t=44.798970, dt=6.775e-04, KE=1.124407e-01, Mt=0.4911, A_K=0.083, Cuv=-0.222, P_in=1.151e-02, P_tgt=1.146e-02, A_F=0.143, K_low=0.250, P_drag=-5.457e-03, P_cool=-6.271e-03, WENO=0.145 (x=0.145, y=0.145), ReL2D=124.87, eps_nu=4.613e-03, P_hv=8.254e-05, rho_mean=1.000000, p_mean=0.726828, div_rms=6.851e-01, vort_rms=1.697e+00, mass_err=-1.526e-10
step= 64750, t=44.969218, dt=6.826e-04, KE=1.117457e-01, Mt=0.4893, A_K=0.066, Cuv=-0.228, P_in=1.207e-02, P_tgt=1.205e-02, A_F=0.092, K_low=0.243, P_drag=-5.284e-03, P_cool=-6.411e-03, WENO=0.140 (x=0.140, y=0.140), ReL2D=122.97, eps_nu=4.688e-03, P_hv=8.282e-05, rho_mean=1.000000, p_mean=0.727108, div_rms=7.079e-01, vort_rms=1.701e+00, mass_err=-1.532e-10
step= 65000, t=45.140678, dt=6.901e-04, KE=1.118283e-01, Mt=0.4882, A_K=0.043, Cuv=-0.236, P_in=1.278e-02, P_tgt=1.278e-02, A_F=0.088, K_low=0.234, P_drag=-5.136e-03, P_cool=-6.422e-03, WENO=0.139 (x=0.139, y=0.139), ReL2D=121.52, eps_nu=4.752e-03, P_hv=8.071e-05, rho_mean=1.000000, p_mean=0.727129, div_rms=7.278e-01, vort_rms=1.705e+00, mass_err=-1.538e-10
saved snapshot: results/hit2d/reynolds_calibration_ReL130_N256/calib_Mt050_N256_mu0p001316/hit2d_step0065000.npz
step= 65250, t=45.313088, dt=6.877e-04, KE=1.126892e-01, Mt=0.4882, A_K=0.012, Cuv=-0.242, P_in=1.354e-02, P_tgt=1.359e-02, A_F=0.111, K_low=0.226, P_drag=-5.038e-03, P_cool=-6.309e-03, WENO=0.157 (x=0.157, y=0.157), ReL2D=122.69, eps_nu=4.755e-03, P_hv=7.823e-05, rho_mean=1.000000, p_mean=0.726904, div_rms=7.280e-01, vort_rms=1.705e+00, mass_err=-1.543e-10
step= 65500, t=45.486764, dt=7.047e-04, KE=1.140726e-01, Mt=0.4901, A_K=0.020, Cuv=-0.244, P_in=1.436e-02, P_tgt=1.439e-02, A_F=0.047, K_low=0.220, P_drag=-4.986e-03, P_cool=-6.129e-03, WENO=0.161 (x=0.161, y=0.161), ReL2D=123.89, eps_nu=4.798e-03, P_hv=7.712e-05, rho_mean=1.000000, p_mean=0.726545, div_rms=7.373e-01, vort_rms=1.709e+00, mass_err=-1.549e-10
step= 65750, t=45.664174, dt=7.119e-04, KE=1.155792e-01, Mt=0.4925, A_K=0.048, Cuv=-0.230, P_in=1.498e-02, P_tgt=1.505e-02, A_F=0.059, K_low=0.216, P_drag=-4.992e-03, P_cool=-5.960e-03, WENO=0.165 (x=0.165, y=0.165), ReL2D=125.30, eps_nu=4.841e-03, P_hv=7.425e-05, rho_mean=1.000000, p_mean=0.726206, div_rms=7.353e-01, vort_rms=1.720e+00, mass_err=-1.555e-10
step= 66000, t=45.840985, dt=7.009e-04, KE=1.176901e-01, Mt=0.4951, A_K=0.072, Cuv=-0.205, P_in=1.552e-02, P_tgt=1.553e-02, A_F=0.275, K_low=0.212, P_drag=-5.040e-03, P_cool=-5.696e-03, WENO=0.163 (x=0.163, y=0.163), ReL2D=125.48, eps_nu=4.900e-03, P_hv=7.259e-05, rho_mean=1.000000, p_mean=0.725678, div_rms=7.394e-01, vort_rms=1.731e+00, mass_err=-1.561e-10
step= 66250, t=46.013959, dt=6.845e-04, KE=1.202895e-01, Mt=0.4982, A_K=0.085, Cuv=-0.183, P_in=1.587e-02, P_tgt=1.580e-02, A_F=0.160, K_low=0.210, P_drag=-5.129e-03, P_cool=-5.351e-03, WENO=0.159 (x=0.159, y=0.159), ReL2D=127.11, eps_nu=4.913e-03, P_hv=7.373e-05, rho_mean=1.000000, p_mean=0.724988, div_rms=7.278e-01, vort_rms=1.740e+00, mass_err=-1.567e-10
step= 66500, t=46.184174, dt=6.795e-04, KE=1.228837e-01, Mt=0.5020, A_K=0.093, Cuv=-0.167, P_in=1.584e-02, P_tgt=1.580e-02, A_F=0.017, K_low=0.210, P_drag=-5.257e-03, P_cool=-5.018e-03, WENO=0.159 (x=0.159, y=0.159), ReL2D=129.06, eps_nu=4.956e-03, P_hv=7.311e-05, rho_mean=1.000000, p_mean=0.724322, div_rms=7.267e-01, vort_rms=1.750e+00, mass_err=-1.573e-10
step= 66750, t=46.354792, dt=6.874e-04, KE=1.244707e-01, Mt=0.5046, A_K=0.098, Cuv=-0.159, P_in=1.552e-02, P_tgt=1.553e-02, A_F=0.127, K_low=0.214, P_drag=-5.400e-03, P_cool=-4.886e-03, WENO=0.155 (x=0.155, y=0.155), ReL2D=129.78, eps_nu=4.967e-03, P_hv=7.368e-05, rho_mean=1.000000, p_mean=0.724058, div_rms=7.174e-01, vort_rms=1.758e+00, mass_err=-1.579e-10
step= 67000, t=46.528284, dt=7.020e-04, KE=1.248915e-01, Mt=0.5065, A_K=0.100, Cuv=-0.153, P_in=1.507e-02, P_tgt=1.511e-02, A_F=0.177, K_low=0.222, P_drag=-5.534e-03, P_cool=-4.974e-03, WENO=0.159 (x=0.159, y=0.159), ReL2D=128.95, eps_nu=5.009e-03, P_hv=7.181e-05, rho_mean=1.000000, p_mean=0.724234, div_rms=7.134e-01, vort_rms=1.769e+00, mass_err=-1.585e-10
step= 67250, t=46.704682, dt=7.035e-04, KE=1.244130e-01, Mt=0.5088, A_K=0.103, Cuv=-0.155, P_in=1.458e-02, P_tgt=1.456e-02, A_F=0.246, K_low=0.229, P_drag=-5.607e-03, P_cool=-5.217e-03, WENO=0.166 (x=0.166, y=0.166), ReL2D=129.63, eps_nu=5.040e-03, P_hv=6.983e-05, rho_mean=1.000000, p_mean=0.724719, div_rms=7.018e-01, vort_rms=1.782e+00, mass_err=-1.591e-10
step= 67500, t=46.877332, dt=6.784e-04, KE=1.241166e-01, Mt=0.5103, A_K=0.104, Cuv=-0.165, P_in=1.367e-02, P_tgt=1.389e-02, A_F=0.059, K_low=0.229, P_drag=-5.582e-03, P_cool=-5.389e-03, WENO=0.151 (x=0.151, y=0.151), ReL2D=127.44, eps_nu=5.125e-03, P_hv=8.166e-05, rho_mean=1.000000, p_mean=0.725064, div_rms=7.249e-01, vort_rms=1.787e+00, mass_err=-1.596e-10
saved snapshot: results/hit2d/reynolds_calibration_ReL130_N256/calib_Mt050_N256_mu0p001316/hit2d_step0067500.npz
step= 67750, t=47.044366, dt=6.647e-04, KE=1.241650e-01, Mt=0.5098, A_K=0.112, Cuv=-0.173, P_in=1.318e-02, P_tgt=1.323e-02, A_F=0.134, K_low=0.223, P_drag=-5.474e-03, P_cool=-5.468e-03, WENO=0.146 (x=0.146, y=0.146), ReL2D=125.67, eps_nu=5.181e-03, P_hv=9.459e-05, rho_mean=1.000000, p_mean=0.725223, div_rms=7.431e-01, vort_rms=1.789e+00, mass_err=-1.602e-10
step= 68000, t=47.211851, dt=6.759e-04, KE=1.245860e-01, Mt=0.5094, A_K=0.123, Cuv=-0.180, P_in=1.257e-02, P_tgt=1.262e-02, A_F=0.240, K_low=0.214, P_drag=-5.315e-03, P_cool=-5.460e-03, WENO=0.137 (x=0.137, y=0.137), ReL2D=126.86, eps_nu=5.160e-03, P_hv=9.486e-05, rho_mean=1.000000, p_mean=0.725205, div_rms=7.363e-01, vort_rms=1.789e+00, mass_err=-1.608e-10
step= 68250, t=47.382685, dt=6.888e-04, KE=1.250315e-01, Mt=0.5089, A_K=0.138, Cuv=-0.184, P_in=1.224e-02, P_tgt=1.207e-02, A_F=0.029, K_low=0.204, P_drag=-5.134e-03, P_cool=-5.435e-03, WENO=0.144 (x=0.144, y=0.144), ReL2D=128.70, eps_nu=5.131e-03, P_hv=8.878e-05, rho_mean=1.000000, p_mean=0.725156, div_rms=7.128e-01, vort_rms=1.795e+00, mass_err=-1.614e-10
step= 68500, t=47.556906, dt=7.008e-04, KE=1.250518e-01, Mt=0.5079, A_K=0.153, Cuv=-0.180, P_in=1.164e-02, P_tgt=1.159e-02, A_F=0.029, K_low=0.197, P_drag=-4.970e-03, P_cool=-5.481e-03, WENO=0.142 (x=0.142, y=0.142), ReL2D=129.99, eps_nu=5.118e-03, P_hv=8.785e-05, rho_mean=1.000000, p_mean=0.725247, div_rms=6.991e-01, vort_rms=1.800e+00, mass_err=-1.620e-10
step= 68750, t=47.732380, dt=7.031e-04, KE=1.244873e-01, Mt=0.5059, A_K=0.162, Cuv=-0.167, P_in=1.129e-02, P_tgt=1.120e-02, A_F=0.122, K_low=0.195, P_drag=-4.840e-03, P_cool=-5.625e-03, WENO=0.135 (x=0.135, y=0.135), ReL2D=129.58, eps_nu=5.074e-03, P_hv=8.969e-05, rho_mean=1.000000, p_mean=0.725535, div_rms=6.922e-01, vort_rms=1.794e+00, mass_err=-1.626e-10
step= 69000, t=47.909363, dt=7.171e-04, KE=1.237486e-01, Mt=0.5044, A_K=0.172, Cuv=-0.155, P_in=1.097e-02, P_tgt=1.092e-02, A_F=0.090, K_low=0.194, P_drag=-4.726e-03, P_cool=-5.789e-03, WENO=0.132 (x=0.132, y=0.132), ReL2D=127.34, eps_nu=5.110e-03, P_hv=9.089e-05, rho_mean=1.000000, p_mean=0.725863, div_rms=7.131e-01, vort_rms=1.791e+00, mass_err=-1.632e-10
step= 69250, t=48.092251, dt=7.399e-04, KE=1.228488e-01, Mt=0.5038, A_K=0.191, Cuv=-0.147, P_in=1.076e-02, P_tgt=1.070e-02, A_F=0.078, K_low=0.194, P_drag=-4.623e-03, P_cool=-5.973e-03, WENO=0.133 (x=0.133, y=0.133), ReL2D=124.79, eps_nu=5.168e-03, P_hv=9.099e-05, rho_mean=1.000000, p_mean=0.726232, div_rms=7.391e-01, vort_rms=1.789e+00, mass_err=-1.638e-10
warning: flow component anisotropy has increased over the last three diagnostic samples
step= 69500, t=48.277276, dt=7.342e-04, KE=1.223621e-01, Mt=0.5043, A_K=0.213, Cuv=-0.137, P_in=1.054e-02, P_tgt=1.049e-02, A_F=0.173, K_low=0.193, P_drag=-4.520e-03, P_cool=-6.065e-03, WENO=0.135 (x=0.135, y=0.135), ReL2D=122.45, eps_nu=5.251e-03, P_hv=8.955e-05, rho_mean=1.000000, p_mean=0.726416, div_rms=7.627e-01, vort_rms=1.793e+00, mass_err=-1.644e-10
warning: flow component anisotropy has increased over the last three diagnostic samples
step= 69750, t=48.460627, dt=7.277e-04, KE=1.225980e-01, Mt=0.5050, A_K=0.222, Cuv=-0.130, P_in=1.029e-02, P_tgt=1.025e-02, A_F=0.050, K_low=0.189, P_drag=-4.422e-03, P_cool=-6.011e-03, WENO=0.134 (x=0.134, y=0.134), ReL2D=121.18, eps_nu=5.316e-03, P_hv=9.064e-05, rho_mean=1.000000, p_mean=0.726308, div_rms=7.775e-01, vort_rms=1.799e+00, mass_err=-1.650e-10
step= 70000, t=48.641461, dt=7.130e-04, KE=1.233702e-01, Mt=0.5054, A_K=0.219, Cuv=-0.128, P_in=1.001e-02, P_tgt=9.993e-03, A_F=0.161, K_low=0.183, P_drag=-4.352e-03, P_cool=-5.849e-03, WENO=0.128 (x=0.128, y=0.128), ReL2D=121.37, eps_nu=5.312e-03, P_hv=9.450e-05, rho_mean=1.000000, p_mean=0.725984, div_rms=7.758e-01, vort_rms=1.799e+00, mass_err=-1.656e-10
saved snapshot: results/hit2d/reynolds_calibration_ReL130_N256/calib_Mt050_N256_mu0p001316/hit2d_step0070000.npz
step= 70250, t=48.817798, dt=6.993e-04, KE=1.240266e-01, Mt=0.5057, A_K=0.215, Cuv=-0.123, P_in=9.753e-03, P_tgt=9.722e-03, A_F=0.028, K_low=0.180, P_drag=-4.328e-03, P_cool=-5.710e-03, WENO=0.137 (x=0.137, y=0.137), ReL2D=122.52, eps_nu=5.279e-03, P_hv=9.522e-05, rho_mean=1.000000, p_mean=0.725705, div_rms=7.703e-01, vort_rms=1.795e+00, mass_err=-1.662e-10
step= 70500, t=48.991919, dt=6.934e-04, KE=1.244094e-01, Mt=0.5059, A_K=0.210, Cuv=-0.118, P_in=9.432e-03, P_tgt=9.447e-03, A_F=0.085, K_low=0.180, P_drag=-4.360e-03, P_cool=-5.619e-03, WENO=0.135 (x=0.135, y=0.135), ReL2D=123.27, eps_nu=5.206e-03, P_hv=9.172e-05, rho_mean=1.000000, p_mean=0.725524, div_rms=7.611e-01, vort_rms=1.784e+00, mass_err=-1.668e-10
step= 70750, t=49.164905, dt=6.911e-04, KE=1.248133e-01, Mt=0.5065, A_K=0.203, Cuv=-0.117, P_in=9.124e-03, P_tgt=9.166e-03, A_F=0.187, K_low=0.183, P_drag=-4.452e-03, P_cool=-5.516e-03, WENO=0.137 (x=0.137, y=0.137), ReL2D=124.55, eps_nu=5.100e-03, P_hv=8.959e-05, rho_mean=1.000000, p_mean=0.725317, div_rms=7.356e-01, vort_rms=1.776e+00, mass_err=-1.673e-10
step= 71000, t=49.336433, dt=6.791e-04, KE=1.254446e-01, Mt=0.5078, A_K=0.195, Cuv=-0.111, P_in=8.923e-03, P_tgt=8.854e-03, A_F=0.164, K_low=0.190, P_drag=-4.588e-03, P_cool=-5.359e-03, WENO=0.130 (x=0.130, y=0.130), ReL2D=125.11, eps_nu=5.034e-03, P_hv=8.923e-05, rho_mean=1.000000, p_mean=0.725003, div_rms=7.187e-01, vort_rms=1.771e+00, mass_err=-1.679e-10
step= 71250, t=49.504498, dt=6.684e-04, KE=1.255990e-01, Mt=0.5087, A_K=0.189, Cuv=-0.104, P_in=8.551e-03, P_tgt=8.502e-03, A_F=0.083, K_low=0.198, P_drag=-4.736e-03, P_cool=-5.288e-03, WENO=0.130 (x=0.130, y=0.130), ReL2D=126.96, eps_nu=4.957e-03, P_hv=8.943e-05, rho_mean=1.000000, p_mean=0.724861, div_rms=6.879e-01, vort_rms=1.771e+00, mass_err=-1.685e-10
step= 71500, t=49.671884, dt=6.716e-04, KE=1.249044e-01, Mt=0.5088, A_K=0.184, Cuv=-0.101, P_in=8.209e-03, P_tgt=8.143e-03, A_F=0.213, K_low=0.206, P_drag=-4.881e-03, P_cool=-5.368e-03, WENO=0.137 (x=0.137, y=0.137), ReL2D=128.90, eps_nu=4.897e-03, P_hv=8.684e-05, rho_mean=1.000000, p_mean=0.725023, div_rms=6.580e-01, vort_rms=1.773e+00, mass_err=-1.691e-10
step= 71750, t=49.839683, dt=6.708e-04, KE=1.238983e-01, Mt=0.5076, A_K=0.184, Cuv=-0.101, P_in=7.877e-03, P_tgt=7.821e-03, A_F=0.049, K_low=0.213, P_drag=-5.016e-03, P_cool=-5.491e-03, WENO=0.138 (x=0.138, y=0.138), ReL2D=129.28, eps_nu=4.847e-03, P_hv=8.762e-05, rho_mean=1.000000, p_mean=0.725267, div_rms=6.446e-01, vort_rms=1.769e+00, mass_err=-1.697e-10
step= 72000, t=50.007907, dt=6.696e-04, KE=1.231992e-01, Mt=0.5062, A_K=0.192, Cuv=-0.102, P_in=7.641e-03, P_tgt=7.563e-03, A_F=0.047, K_low=0.218, P_drag=-5.141e-03, P_cool=-5.535e-03, WENO=0.147 (x=0.147, y=0.147), ReL2D=129.42, eps_nu=4.794e-03, P_hv=9.173e-05, rho_mean=1.000000, p_mean=0.725355, div_rms=6.407e-01, vort_rms=1.760e+00, mass_err=-1.703e-10
step= 72250, t=50.176163, dt=6.768e-04, KE=1.231170e-01, Mt=0.5059, A_K=0.195, Cuv=-0.096, P_in=7.423e-03, P_tgt=7.345e-03, A_F=0.180, K_low=0.221, P_drag=-5.245e-03, P_cool=-5.446e-03, WENO=0.148 (x=0.148, y=0.148), ReL2D=128.63, eps_nu=4.794e-03, P_hv=9.249e-05, rho_mean=1.000000, p_mean=0.725177, div_rms=6.568e-01, vort_rms=1.752e+00, mass_err=-1.709e-10
step= 72500, t=50.346171, dt=6.904e-04, KE=1.230786e-01, Mt=0.5052, A_K=0.190, Cuv=-0.083, P_in=6.897e-03, P_tgt=7.141e-03, A_F=0.148, K_low=0.224, P_drag=-5.348e-03, P_cool=-5.340e-03, WENO=0.145 (x=0.145, y=0.145), ReL2D=128.39, eps_nu=4.734e-03, P_hv=8.759e-05, rho_mean=1.000000, p_mean=0.724965, div_rms=6.594e-01, vort_rms=1.737e+00, mass_err=-1.715e-10
saved snapshot: results/hit2d/reynolds_calibration_ReL130_N256/calib_Mt050_N256_mu0p001316/hit2d_step0072500.npz
step= 72750, t=50.518340, dt=6.854e-04, KE=1.229330e-01, Mt=0.5040, A_K=0.183, Cuv=-0.080, P_in=7.120e-03, P_tgt=6.980e-03, A_F=0.019, K_low=0.228, P_drag=-5.458e-03, P_cool=-5.247e-03, WENO=0.152 (x=0.152, y=0.152), ReL2D=128.27, eps_nu=4.694e-03, P_hv=8.319e-05, rho_mean=1.000000, p_mean=0.724780, div_rms=6.638e-01, vort_rms=1.726e+00, mass_err=-1.721e-10
step= 73000, t=50.689053, dt=6.825e-04, KE=1.223886e-01, Mt=0.5020, A_K=0.173, Cuv=-0.074, P_in=6.924e-03, P_tgt=6.875e-03, A_F=0.033, K_low=0.232, P_drag=-5.559e-03, P_cool=-5.226e-03, WENO=0.138 (x=0.138, y=0.138), ReL2D=129.01, eps_nu=4.624e-03, P_hv=8.180e-05, rho_mean=1.000000, p_mean=0.724738, div_rms=6.519e-01, vort_rms=1.717e+00, mass_err=-1.727e-10
step= 73250, t=50.860621, dt=6.918e-04, KE=1.214771e-01, Mt=0.4995, A_K=0.162, Cuv=-0.061, P_in=6.851e-03, P_tgt=6.851e-03, A_F=0.228, K_low=0.237, P_drag=-5.654e-03, P_cool=-5.268e-03, WENO=0.137 (x=0.137, y=0.137), ReL2D=129.28, eps_nu=4.566e-03, P_hv=8.025e-05, rho_mean=1.000000, p_mean=0.724822, div_rms=6.404e-01, vort_rms=1.710e+00, mass_err=-1.733e-10
step= 73500, t=51.035853, dt=7.112e-04, KE=1.204764e-01, Mt=0.4975, A_K=0.155, Cuv=-0.047, P_in=6.891e-03, P_tgt=6.905e-03, A_F=0.160, K_low=0.244, P_drag=-5.748e-03, P_cool=-5.319e-03, WENO=0.135 (x=0.135, y=0.135), ReL2D=128.30, eps_nu=4.530e-03, P_hv=7.901e-05, rho_mean=1.000000, p_mean=0.724923, div_rms=6.347e-01, vort_rms=1.705e+00, mass_err=-1.739e-10
step= 73750, t=51.213139, dt=6.995e-04, KE=1.192894e-01, Mt=0.4955, A_K=0.147, Cuv=-0.038, P_in=7.046e-03, P_tgt=7.025e-03, A_F=0.166, K_low=0.252, P_drag=-5.848e-03, P_cool=-5.404e-03, WENO=0.147 (x=0.147, y=0.147), ReL2D=127.01, eps_nu=4.506e-03, P_hv=7.644e-05, rho_mean=1.000000, p_mean=0.725093, div_rms=6.249e-01, vort_rms=1.704e+00, mass_err=-1.745e-10
step= 74000, t=51.385851, dt=6.821e-04, KE=1.176968e-01, Mt=0.4924, A_K=0.142, Cuv=-0.034, P_in=7.310e-03, P_tgt=7.244e-03, A_F=0.183, K_low=0.261, P_drag=-5.957e-03, P_cool=-5.574e-03, WENO=0.150 (x=0.150, y=0.150), ReL2D=126.05, eps_nu=4.416e-03, P_hv=7.765e-05, rho_mean=1.000000, p_mean=0.725433, div_rms=5.975e-01, vort_rms=1.697e+00, mass_err=-1.751e-10
step= 74250, t=51.555203, dt=6.719e-04, KE=1.160773e-01, Mt=0.4896, A_K=0.146, Cuv=-0.022, P_in=7.573e-03, P_tgt=7.587e-03, A_F=0.155, K_low=0.272, P_drag=-6.092e-03, P_cool=-5.753e-03, WENO=0.135 (x=0.135, y=0.135), ReL2D=125.18, eps_nu=4.355e-03, P_hv=8.034e-05, rho_mean=1.000000, p_mean=0.725792, div_rms=5.901e-01, vort_rms=1.687e+00, mass_err=-1.757e-10
step= 74500, t=51.722427, dt=6.684e-04, KE=1.147804e-01, Mt=0.4877, A_K=0.162, Cuv=-0.014, P_in=8.015e-03, P_tgt=8.050e-03, A_F=0.252, K_low=0.285, P_drag=-6.261e-03, P_cool=-5.875e-03, WENO=0.140 (x=0.140, y=0.140), ReL2D=125.35, eps_nu=4.304e-03, P_hv=8.065e-05, rho_mean=1.000000, p_mean=0.726035, div_rms=5.814e-01, vort_rms=1.679e+00, mass_err=-1.763e-10
step= 74750, t=51.889726, dt=6.722e-04, KE=1.141929e-01, Mt=0.4871, A_K=0.179, Cuv=-0.009, P_in=8.570e-03, P_tgt=8.601e-03, A_F=0.149, K_low=0.297, P_drag=-6.466e-03, P_cool=-5.866e-03, WENO=0.140 (x=0.140, y=0.140), ReL2D=125.47, eps_nu=4.260e-03, P_hv=7.888e-05, rho_mean=1.000000, p_mean=0.726017, div_rms=5.816e-01, vort_rms=1.669e+00, mass_err=-1.768e-10
step= 75000, t=52.057031, dt=6.630e-04, KE=1.140710e-01, Mt=0.4879, A_K=0.196, Cuv=-0.007, P_in=9.165e-03, P_tgt=9.180e-03, A_F=0.230, K_low=0.309, P_drag=-6.698e-03, P_cool=-5.777e-03, WENO=0.146 (x=0.146, y=0.146), ReL2D=125.33, eps_nu=4.242e-03, P_hv=7.618e-05, rho_mean=1.000000, p_mean=0.725840, div_rms=5.955e-01, vort_rms=1.659e+00, mass_err=-1.774e-10
saved snapshot: results/hit2d/reynolds_calibration_ReL130_N256/calib_Mt050_N256_mu0p001316/hit2d_step0075000.npz
warning: flow component anisotropy has increased over the last three diagnostic samples
step= 75250, t=52.222330, dt=6.610e-04, KE=1.138627e-01, Mt=0.4890, A_K=0.214, Cuv=-0.008, P_in=9.707e-03, P_tgt=9.746e-03, A_F=0.394, K_low=0.320, P_drag=-6.925e-03, P_cool=-5.721e-03, WENO=0.146 (x=0.146, y=0.146), ReL2D=125.65, eps_nu=4.223e-03, P_hv=7.758e-05, rho_mean=1.000000, p_mean=0.725727, div_rms=6.115e-01, vort_rms=1.647e+00, mass_err=-1.780e-10
warning: flow component anisotropy has increased over the last three diagnostic samples
step= 75500, t=52.387882, dt=6.629e-04, KE=1.134118e-01, Mt=0.4899, A_K=0.221, Cuv=-0.004, P_in=1.037e-02, P_tgt=1.029e-02, A_F=0.094, K_low=0.330, P_drag=-7.132e-03, P_cool=-5.724e-03, WENO=0.150 (x=0.150, y=0.150), ReL2D=126.89, eps_nu=4.216e-03, P_hv=7.776e-05, rho_mean=1.000000, p_mean=0.725733, div_rms=6.324e-01, vort_rms=1.635e+00, mass_err=-1.786e-10
step= 75750, t=52.552989, dt=6.559e-04, KE=1.130617e-01, Mt=0.4904, A_K=0.212, Cuv=0.013, P_in=1.079e-02, P_tgt=1.083e-02, A_F=0.021, K_low=0.338, P_drag=-7.295e-03, P_cool=-5.716e-03, WENO=0.134 (x=0.134, y=0.134), ReL2D=127.16, eps_nu=4.245e-03, P_hv=7.684e-05, rho_mean=1.000000, p_mean=0.725718, div_rms=6.539e-01, vort_rms=1.630e+00, mass_err=-1.792e-10
step= 76000, t=52.715749, dt=6.474e-04, KE=1.130220e-01, Mt=0.4906, A_K=0.194, Cuv=0.027, P_in=1.138e-02, P_tgt=1.136e-02, A_F=0.073, K_low=0.341, P_drag=-7.389e-03, P_cool=-5.660e-03, WENO=0.129 (x=0.129, y=0.129), ReL2D=125.48, eps_nu=4.284e-03, P_hv=7.546e-05, rho_mean=1.000000, p_mean=0.725605, div_rms=6.720e-01, vort_rms=1.629e+00, mass_err=-1.798e-10
step= 76250, t=52.877906, dt=6.524e-04, KE=1.132225e-01, Mt=0.4896, A_K=0.180, Cuv=0.047, P_in=1.191e-02, P_tgt=1.196e-02, A_F=0.255, K_low=0.338, P_drag=-7.395e-03, P_cool=-5.574e-03, WENO=0.134 (x=0.134, y=0.134), ReL2D=123.16, eps_nu=4.310e-03, P_hv=7.469e-05, rho_mean=1.000000, p_mean=0.725433, div_rms=6.851e-01, vort_rms=1.628e+00, mass_err=-1.804e-10
step= 76500, t=53.042108, dt=6.611e-04, KE=1.135710e-01, Mt=0.4884, A_K=0.170, Cuv=0.068, P_in=1.266e-02, P_tgt=1.265e-02, A_F=0.049, K_low=0.329, P_drag=-7.305e-03, P_cool=-5.482e-03, WENO=0.139 (x=0.139, y=0.139), ReL2D=125.31, eps_nu=4.283e-03, P_hv=7.127e-05, rho_mean=1.000000, p_mean=0.725250, div_rms=6.728e-01, vort_rms=1.628e+00, mass_err=-1.810e-10
step= 76750, t=53.208178, dt=6.683e-04, KE=1.140289e-01, Mt=0.4882, A_K=0.181, Cuv=0.082, P_in=1.345e-02, P_tgt=1.345e-02, A_F=0.067, K_low=0.317, P_drag=-7.134e-03, P_cool=-5.400e-03, WENO=0.146 (x=0.146, y=0.146), ReL2D=128.25, eps_nu=4.294e-03, P_hv=6.964e-05, rho_mean=1.000000, p_mean=0.725085, div_rms=6.640e-01, vort_rms=1.636e+00, mass_err=-1.816e-10
warning: flow component anisotropy has increased over the last three diagnostic samples
step= 77000, t=53.376108, dt=6.737e-04, KE=1.146135e-01, Mt=0.4893, A_K=0.206, Cuv=0.090, P_in=1.419e-02, P_tgt=1.426e-02, A_F=0.128, K_low=0.303, P_drag=-6.929e-03, P_cool=-5.329e-03, WENO=0.159 (x=0.159, y=0.159), ReL2D=130.38, eps_nu=4.319e-03, P_hv=6.842e-05, rho_mean=1.000000, p_mean=0.724943, div_rms=6.549e-01, vort_rms=1.647e+00, mass_err=-1.822e-10
warning: flow component anisotropy has increased over the last three diagnostic samples
step= 77250, t=53.546456, dt=6.891e-04, KE=1.152349e-01, Mt=0.4913, A_K=0.232, Cuv=0.086, P_in=1.505e-02, P_tgt=1.501e-02, A_F=0.134, K_low=0.291, P_drag=-6.713e-03, P_cool=-5.290e-03, WENO=0.165 (x=0.165, y=0.165), ReL2D=131.72, eps_nu=4.336e-03, P_hv=6.642e-05, rho_mean=1.000000, p_mean=0.724866, div_rms=6.444e-01, vort_rms=1.656e+00, mass_err=-1.828e-10
warning: flow component anisotropy has increased over the last three diagnostic samples
step= 77500, t=53.719263, dt=6.922e-04, KE=1.158518e-01, Mt=0.4938, A_K=0.255, Cuv=0.075, P_in=1.556e-02, P_tgt=1.559e-02, A_F=0.146, K_low=0.281, P_drag=-6.531e-03, P_cool=-5.287e-03, WENO=0.174 (x=0.174, y=0.174), ReL2D=132.37, eps_nu=4.348e-03, P_hv=6.657e-05, rho_mean=1.000000, p_mean=0.724859, div_rms=6.338e-01, vort_rms=1.664e+00, mass_err=-1.834e-10
saved snapshot: results/hit2d/reynolds_calibration_ReL130_N256/calib_Mt050_N256_mu0p001316/hit2d_step0077500.npz
warning: flow component anisotropy has increased over the last three diagnostic samples
step= 77750, t=53.891564, dt=6.814e-04, KE=1.167526e-01, Mt=0.4967, A_K=0.263, Cuv=0.055, P_in=1.598e-02, P_tgt=1.598e-02, A_F=0.133, K_low=0.272, P_drag=-6.361e-03, P_cool=-5.250e-03, WENO=0.166 (x=0.166, y=0.166), ReL2D=131.44, eps_nu=4.457e-03, P_hv=6.921e-05, rho_mean=1.000000, p_mean=0.724786, div_rms=6.495e-01, vort_rms=1.681e+00, mass_err=-1.839e-10
step= 78000, t=54.060517, dt=6.739e-04, KE=1.175219e-01, Mt=0.4981, A_K=0.249, Cuv=0.031, P_in=1.607e-02, P_tgt=1.617e-02, A_F=0.046, K_low=0.263, P_drag=-6.161e-03, P_cool=-5.252e-03, WENO=0.164 (x=0.164, y=0.164), ReL2D=129.88, eps_nu=4.589e-03, P_hv=7.295e-05, rho_mean=1.000000, p_mean=0.724789, div_rms=6.794e-01, vort_rms=1.695e+00, mass_err=-1.845e-10
step= 78250, t=54.229566, dt=6.754e-04, KE=1.175363e-01, Mt=0.4970, A_K=0.222, Cuv=0.002, P_in=1.643e-02, P_tgt=1.635e-02, A_F=0.119, K_low=0.256, P_drag=-5.933e-03, P_cool=-5.414e-03, WENO=0.163 (x=0.163, y=0.163), ReL2D=127.69, eps_nu=4.672e-03, P_hv=7.318e-05, rho_mean=1.000000, p_mean=0.725114, div_rms=6.954e-01, vort_rms=1.705e+00, mass_err=-1.851e-10
step= 78500, t=54.398379, dt=6.812e-04, KE=1.173436e-01, Mt=0.4964, A_K=0.195, Cuv=-0.036, P_in=1.651e-02, P_tgt=1.665e-02, A_F=0.002, K_low=0.249, P_drag=-5.692e-03, P_cool=-5.626e-03, WENO=0.160 (x=0.160, y=0.160), ReL2D=126.53, eps_nu=4.736e-03, P_hv=7.546e-05, rho_mean=1.000000, p_mean=0.725538, div_rms=7.059e-01, vort_rms=1.713e+00, mass_err=-1.857e-10
step= 78750, t=54.570307, dt=6.879e-04, KE=1.179270e-01, Mt=0.4988, A_K=0.174, Cuv=-0.079, P_in=1.687e-02, P_tgt=1.686e-02, A_F=0.044, K_low=0.240, P_drag=-5.429e-03, P_cool=-5.699e-03, WENO=0.160 (x=0.160, y=0.160), ReL2D=125.57, eps_nu=4.865e-03, P_hv=7.582e-05, rho_mean=1.000000, p_mean=0.725684, div_rms=7.346e-01, vort_rms=1.726e+00, mass_err=-1.863e-10
step= 79000, t=54.741492, dt=6.834e-04, KE=1.193634e-01, Mt=0.5028, A_K=0.159, Cuv=-0.106, P_in=1.659e-02, P_tgt=1.680e-02, A_F=0.217, K_low=0.226, P_drag=-5.154e-03, P_cool=-5.613e-03, WENO=0.160 (x=0.160, y=0.160), ReL2D=127.57, eps_nu=4.940e-03, P_hv=7.763e-05, rho_mean=1.000000, p_mean=0.725511, div_rms=7.398e-01, vort_rms=1.739e+00, mass_err=-1.869e-10
step= 79250, t=54.913756, dt=6.930e-04, KE=1.215019e-01, Mt=0.5062, A_K=0.132, Cuv=-0.113, P_in=1.645e-02, P_tgt=1.642e-02, A_F=0.061, K_low=0.209, P_drag=-4.890e-03, P_cool=-5.396e-03, WENO=0.162 (x=0.162, y=0.162), ReL2D=126.92, eps_nu=5.037e-03, P_hv=8.176e-05, rho_mean=1.000000, p_mean=0.725077, div_rms=7.599e-01, vort_rms=1.749e+00, mass_err=-1.875e-10
step= 79500, t=55.084497, dt=6.768e-04, KE=1.230432e-01, Mt=0.5069, A_K=0.092, Cuv=-0.104, P_in=1.583e-02, P_tgt=1.589e-02, A_F=0.062, K_low=0.193, P_drag=-4.627e-03, P_cool=-5.296e-03, WENO=0.154 (x=0.154, y=0.154), ReL2D=124.33, eps_nu=5.101e-03, P_hv=8.545e-05, rho_mean=1.000000, p_mean=0.724878, div_rms=7.703e-01, vort_rms=1.757e+00, mass_err=-1.881e-10
step= 79750, t=55.253668, dt=6.748e-04, KE=1.240174e-01, Mt=0.5063, A_K=0.055, Cuv=-0.087, P_in=1.531e-02, P_tgt=1.538e-02, A_F=0.080, K_low=0.179, P_drag=-4.389e-03, P_cool=-5.301e-03, WENO=0.160 (x=0.160, y=0.160), ReL2D=122.00, eps_nu=5.146e-03, P_hv=8.832e-05, rho_mean=1.000000, p_mean=0.724888, div_rms=7.695e-01, vort_rms=1.767e+00, mass_err=-1.887e-10
step= 80000, t=55.421738, dt=6.705e-04, KE=1.248442e-01, Mt=0.5059, A_K=0.020, Cuv=-0.069, P_in=1.497e-02, P_tgt=1.493e-02, A_F=0.035, K_low=0.168, P_drag=-4.202e-03, P_cool=-5.327e-03, WENO=0.160 (x=0.160, y=0.160), ReL2D=121.63, eps_nu=5.144e-03, P_hv=9.024e-05, rho_mean=1.000000, p_mean=0.724939, div_rms=7.620e-01, vort_rms=1.771e+00, mass_err=-1.893e-10
saved snapshot: results/hit2d/reynolds_calibration_ReL130_N256/calib_Mt050_N256_mu0p001316/hit2d_step0080000.npz
step= 80250, t=55.589306, dt=6.669e-04, KE=1.256957e-01, Mt=0.5068, A_K=0.008, Cuv=-0.064, P_in=1.442e-02, P_tgt=1.448e-02, A_F=0.063, K_low=0.161, P_drag=-4.074e-03, P_cool=-5.336e-03, WENO=0.160 (x=0.160, y=0.160), ReL2D=123.31, eps_nu=5.124e-03, P_hv=8.551e-05, rho_mean=1.000000, p_mean=0.724958, div_rms=7.473e-01, vort_rms=1.775e+00, mass_err=-1.899e-10
step= 80500, t=55.756621, dt=6.791e-04, KE=1.264537e-01, Mt=0.5083, A_K=0.029, Cuv=-0.069, P_in=1.401e-02, P_tgt=1.396e-02, A_F=0.168, K_low=0.158, P_drag=-3.995e-03, P_cool=-5.348e-03, WENO=0.159 (x=0.159, y=0.159), ReL2D=126.61, eps_nu=5.071e-03, P_hv=8.189e-05, rho_mean=1.000000, p_mean=0.724981, div_rms=7.215e-01, vort_rms=1.778e+00, mass_err=-1.904e-10
step= 80750, t=55.924659, dt=6.660e-04, KE=1.270768e-01, Mt=0.5102, A_K=0.034, Cuv=-0.072, P_in=1.340e-02, P_tgt=1.335e-02, A_F=0.094, K_low=0.157, P_drag=-3.961e-03, P_cool=-5.365e-03, WENO=0.172 (x=0.172, y=0.172), ReL2D=130.96, eps_nu=4.982e-03, P_hv=7.748e-05, rho_mean=1.000000, p_mean=0.725016, div_rms=6.905e-01, vort_rms=1.775e+00, mass_err=-1.910e-10
step= 81000, t=56.091048, dt=6.677e-04, KE=1.275507e-01, Mt=0.5125, A_K=0.035, Cuv=-0.076, P_in=1.264e-02, P_tgt=1.264e-02, A_F=0.196, K_low=0.157, P_drag=-3.958e-03, P_cool=-5.388e-03, WENO=0.168 (x=0.168, y=0.168), ReL2D=134.10, eps_nu=4.927e-03, P_hv=7.800e-05, rho_mean=1.000000, p_mean=0.725062, div_rms=6.703e-01, vort_rms=1.774e+00, mass_err=-1.916e-10
step= 81250, t=56.259465, dt=6.816e-04, KE=1.277883e-01, Mt=0.5144, A_K=0.041, Cuv=-0.079, P_in=1.180e-02, P_tgt=1.184e-02, A_F=0.051, K_low=0.158, P_drag=-3.978e-03, P_cool=-5.434e-03, WENO=0.166 (x=0.166, y=0.166), ReL2D=136.69, eps_nu=4.904e-03, P_hv=7.445e-05, rho_mean=1.000000, p_mean=0.725154, div_rms=6.591e-01, vort_rms=1.774e+00, mass_err=-1.922e-10
step= 81500, t=56.432363, dt=7.037e-04, KE=1.279947e-01, Mt=0.5153, A_K=0.046, Cuv=-0.085, P_in=1.100e-02, P_tgt=1.103e-02, A_F=0.050, K_low=0.159, P_drag=-4.022e-03, P_cool=-5.463e-03, WENO=0.155 (x=0.155, y=0.155), ReL2D=138.92, eps_nu=4.887e-03, P_hv=7.449e-05, rho_mean=1.000000, p_mean=0.725212, div_rms=6.628e-01, vort_rms=1.769e+00, mass_err=-1.928e-10
step= 81750, t=56.610393, dt=7.177e-04, KE=1.283387e-01, Mt=0.5163, A_K=0.053, Cuv=-0.087, P_in=1.017e-02, P_tgt=1.023e-02, A_F=0.020, K_low=0.161, P_drag=-4.090e-03, P_cool=-5.440e-03, WENO=0.163 (x=0.163, y=0.163), ReL2D=139.90, eps_nu=4.901e-03, P_hv=7.336e-05, rho_mean=1.000000, p_mean=0.725166, div_rms=6.716e-01, vort_rms=1.767e+00, mass_err=-1.934e-10
step= 82000, t=56.790500, dt=7.236e-04, KE=1.284367e-01, Mt=0.5167, A_K=0.061, Cuv=-0.078, P_in=9.502e-03, P_tgt=9.452e-03, A_F=0.029, K_low=0.165, P_drag=-4.193e-03, P_cool=-5.435e-03, WENO=0.156 (x=0.156, y=0.156), ReL2D=140.43, eps_nu=4.895e-03, P_hv=7.081e-05, rho_mean=1.000000, p_mean=0.725156, div_rms=6.654e-01, vort_rms=1.769e+00, mass_err=-1.940e-10
step= 82250, t=56.971929, dt=7.279e-04, KE=1.282073e-01, Mt=0.5160, A_K=0.065, Cuv=-0.059, P_in=8.736e-03, P_tgt=8.741e-03, A_F=0.057, K_low=0.171, P_drag=-4.330e-03, P_cool=-5.460e-03, WENO=0.156 (x=0.156, y=0.156), ReL2D=141.14, eps_nu=4.863e-03, P_hv=7.633e-05, rho_mean=1.000000, p_mean=0.725206, div_rms=6.621e-01, vort_rms=1.764e+00, mass_err=-1.946e-10
step= 82500, t=57.150976, dt=7.038e-04, KE=1.277511e-01, Mt=0.5143, A_K=0.064, Cuv=-0.030, P_in=8.143e-03, P_tgt=8.127e-03, A_F=0.027, K_low=0.178, P_drag=-4.490e-03, P_cool=-5.495e-03, WENO=0.148 (x=0.148, y=0.148), ReL2D=142.11, eps_nu=4.805e-03, P_hv=7.932e-05, rho_mean=1.000000, p_mean=0.725277, div_rms=6.535e-01, vort_rms=1.756e+00, mass_err=-1.952e-10
saved snapshot: results/hit2d/reynolds_calibration_ReL130_N256/calib_Mt050_N256_mu0p001316/hit2d_step0082500.npz
step= 82750, t=57.325537, dt=6.996e-04, KE=1.272598e-01, Mt=0.5124, A_K=0.051, Cuv=0.012, P_in=7.600e-03, P_tgt=7.624e-03, A_F=0.059, K_low=0.185, P_drag=-4.663e-03, P_cool=-5.511e-03, WENO=0.152 (x=0.152, y=0.152), ReL2D=141.55, eps_nu=4.778e-03, P_hv=7.973e-05, rho_mean=1.000000, p_mean=0.725308, div_rms=6.591e-01, vort_rms=1.747e+00, mass_err=-1.958e-10
step= 83000, t=57.501050, dt=6.961e-04, KE=1.265446e-01, Mt=0.5105, A_K=0.035, Cuv=0.056, P_in=7.188e-03, P_tgt=7.212e-03, A_F=0.168, K_low=0.193, P_drag=-4.838e-03, P_cool=-5.549e-03, WENO=0.169 (x=0.169, y=0.169), ReL2D=140.85, eps_nu=4.744e-03, P_hv=7.772e-05, rho_mean=1.000000, p_mean=0.725385, div_rms=6.632e-01, vort_rms=1.738e+00, mass_err=-1.964e-10
step= 83250, t=57.673671, dt=6.896e-04, KE=1.255540e-01, Mt=0.5082, A_K=0.012, Cuv=0.089, P_in=6.830e-03, P_tgt=6.889e-03, A_F=0.085, K_low=0.202, P_drag=-5.001e-03, P_cool=-5.628e-03, WENO=0.171 (x=0.171, y=0.171), ReL2D=138.55, eps_nu=4.720e-03, P_hv=7.990e-05, rho_mean=1.000000, p_mean=0.725541, div_rms=6.719e-01, vort_rms=1.728e+00, mass_err=-1.970e-10
step= 83500, t=57.847518, dt=7.023e-04, KE=1.247578e-01, Mt=0.5066, A_K=0.013, Cuv=0.103, P_in=6.611e-03, P_tgt=6.647e-03, A_F=0.140, K_low=0.210, P_drag=-5.153e-03, P_cool=-5.650e-03, WENO=0.170 (x=0.170, y=0.170), ReL2D=136.70, eps_nu=4.705e-03, P_hv=7.475e-05, rho_mean=1.000000, p_mean=0.725585, div_rms=6.754e-01, vort_rms=1.723e+00, mass_err=-1.976e-10
step= 83664, t=57.962384, dt=2.000e-04, KE=1.244881e-01, Mt=0.5059, A_K=0.031, Cuv=0.106, P_in=6.511e-03, P_tgt=6.514e-03, A_F=0.129, K_low=0.215, P_drag=-5.260e-03, P_cool=-5.606e-03, WENO=0.164 (x=0.164, y=0.164), ReL2D=136.76, eps_nu=4.666e-03, P_hv=7.102e-05, rho_mean=1.000000, p_mean=0.725498, div_rms=6.605e-01, vort_rms=1.722e+00, mass_err=-1.980e-10
saved snapshot: results/hit2d/reynolds_calibration_ReL130_N256/calib_Mt050_N256_mu0p001316/hit2d_step0083664.npz
completed 2D HIT run at t=57.962384 in 83664 steps
Post-processing calib_Mt050_N256_mu0p001316 at Sun Aug 16 10:28:30 PM CEST 2026
FINISHED calib_Mt050_N256_mu0p001316 at Sun Aug 16 10:28:35 PM CEST 2026

============================================================
STARTING calib_Mt060_N256_mu0p001414 at Sun Aug 16 10:28:35 PM CEST 2026
Mt=0.60; viscosity=0.00141405; target stationary Re=130.0
N=256x256; tfinal=48.30198705; CFL=0.10; seed=1234
============================================================
Using array backend: cupy
saved run configuration: results/hit2d/reynolds_calibration_ReL130_N256/calib_Mt060_N256_mu0p001414/config.json
step=     0, t=0.000000, dt=0.000e+00, KE=1.800000e-01, Mt=0.6000, A_K=0.000, Cuv=0.000, P_in=0.000e+00, P_tgt=0.000e+00, A_F=0.000, K_low=0.000, P_drag=0.000e+00, P_cool=0.000e+00, WENO=0.018 (x=0.018, y=0.018), ReL2D=153.99, eps_nu=7.741e-03, P_hv=0.000e+00, rho_mean=1.000000, p_mean=0.714286, div_rms=1.473e-14, vort_rms=2.340e+00, mass_err=0.000e+00
warning: cumulative forcing anisotropy is high (A_F=0.230)
step=   200, t=0.127059, dt=6.359e-04, KE=1.785665e-01, Mt=0.5976, A_K=0.000, Cuv=-0.000, P_in=9.936e-04, P_tgt=1.003e-03, A_F=0.230, K_low=0.002, P_drag=-8.151e-05, P_cool=-3.121e-04, WENO=0.033 (x=0.033, y=0.033), ReL2D=145.55, eps_nu=7.931e-03, P_hv=5.044e-05, rho_mean=1.000000, p_mean=0.714910, div_rms=5.060e-01, vort_rms=2.295e+00, mass_err=-4.832e-13
step=   400, t=0.254578, dt=6.401e-04, KE=1.716302e-01, Mt=0.5872, A_K=0.002, Cuv=-0.003, P_in=1.018e-03, P_tgt=1.026e-03, A_F=0.090, K_low=0.009, P_drag=-2.942e-04, P_cool=-1.698e-03, WENO=0.041 (x=0.041, y=0.041), ReL2D=136.74, eps_nu=7.897e-03, P_hv=5.176e-05, rho_mean=1.000000, p_mean=0.717682, div_rms=7.116e-01, vort_rms=2.216e+00, mass_err=-9.734e-13
step=   600, t=0.383484, dt=6.507e-04, KE=1.588576e-01, Mt=0.5690, A_K=0.005, Cuv=-0.008, P_in=1.111e-03, P_tgt=1.108e-03, A_F=0.093, K_low=0.017, P_drag=-5.494e-04, P_cool=-4.194e-03, WENO=0.120 (x=0.120, y=0.120), ReL2D=131.44, eps_nu=7.606e-03, P_hv=5.251e-05, rho_mean=1.000000, p_mean=0.722673, div_rms=7.274e-01, vort_rms=2.162e+00, mass_err=-1.442e-12
step=   800, t=0.515592, dt=6.722e-04, KE=1.491855e-01, Mt=0.5594, A_K=0.005, Cuv=-0.014, P_in=1.287e-03, P_tgt=1.269e-03, A_F=0.151, K_low=0.026, P_drag=-7.529e-04, P_cool=-6.005e-03, WENO=0.179 (x=0.179, y=0.179), ReL2D=115.88, eps_nu=8.407e-03, P_hv=5.377e-05, rho_mean=1.000000, p_mean=0.726295, div_rms=9.919e-01, vort_rms=2.152e+00, mass_err=-1.911e-12
step=  1000, t=0.652963, dt=7.017e-04, KE=1.450349e-01, Mt=0.5625, A_K=0.007, Cuv=-0.021, P_in=1.407e-03, P_tgt=1.471e-03, A_F=0.033, K_low=0.031, P_drag=-8.578e-04, P_cool=-6.675e-03, WENO=0.230 (x=0.230, y=0.230), ReL2D=104.12, eps_nu=9.817e-03, P_hv=5.930e-05, rho_mean=1.000000, p_mean=0.727636, div_rms=1.292e+00, vort_rms=2.172e+00, mass_err=-2.380e-12
step=  1200, t=0.795187, dt=7.128e-04, KE=1.441536e-01, Mt=0.5696, A_K=0.011, Cuv=-0.030, P_in=1.701e-03, P_tgt=1.664e-03, A_F=0.049, K_low=0.035, P_drag=-8.726e-04, P_cool=-6.685e-03, WENO=0.256 (x=0.256, y=0.256), ReL2D=100.30, eps_nu=1.077e-02, P_hv=6.329e-05, rho_mean=1.000000, p_mean=0.727655, div_rms=1.455e+00, vort_rms=2.189e+00, mass_err=-2.828e-12
step=  1400, t=0.935435, dt=6.926e-04, KE=1.442187e-01, Mt=0.5722, A_K=0.011, Cuv=-0.037, P_in=1.818e-03, P_tgt=1.843e-03, A_F=0.098, K_low=0.037, P_drag=-8.417e-04, P_cool=-6.515e-03, WENO=0.266 (x=0.266, y=0.266), ReL2D=101.24, eps_nu=1.086e-02, P_hv=6.662e-05, rho_mean=1.000000, p_mean=0.727316, div_rms=1.473e+00, vort_rms=2.187e+00, mass_err=-3.290e-12
step=  1600, t=1.074441, dt=6.993e-04, KE=1.440865e-01, Mt=0.5690, A_K=0.002, Cuv=-0.032, P_in=1.967e-03, P_tgt=2.045e-03, A_F=0.127, K_low=0.039, P_drag=-8.116e-04, P_cool=-6.394e-03, WENO=0.258 (x=0.258, y=0.258), ReL2D=103.16, eps_nu=1.043e-02, P_hv=6.784e-05, rho_mean=1.000000, p_mean=0.727073, div_rms=1.405e+00, vort_rms=2.177e+00, mass_err=-3.752e-12
step=  1800, t=1.212936, dt=6.766e-04, KE=1.438438e-01, Mt=0.5626, A_K=0.013, Cuv=-0.012, P_in=2.290e-03, P_tgt=2.316e-03, A_F=0.076, K_low=0.040, P_drag=-8.142e-04, P_cool=-6.306e-03, WENO=0.248 (x=0.248, y=0.248), ReL2D=105.71, eps_nu=9.745e-03, P_hv=7.115e-05, rho_mean=1.000000, p_mean=0.726897, div_rms=1.290e+00, vort_rms=2.162e+00, mass_err=-4.221e-12
step=  2000, t=1.345209, dt=6.540e-04, KE=1.439547e-01, Mt=0.5575, A_K=0.037, Cuv=0.014, P_in=2.747e-03, P_tgt=2.687e-03, A_F=0.098, K_low=0.041, P_drag=-8.658e-04, P_cool=-6.159e-03, WENO=0.253 (x=0.253, y=0.253), ReL2D=107.33, eps_nu=9.328e-03, P_hv=7.777e-05, rho_mean=1.000000, p_mean=0.726604, div_rms=1.213e+00, vort_rms=2.153e+00, mass_err=-4.675e-12
saved snapshot: results/hit2d/reynolds_calibration_ReL130_N256/calib_Mt060_N256_mu0p001414/hit2d_step0002100.npz
step=  2200, t=1.477498, dt=6.729e-04, KE=1.438722e-01, Mt=0.5541, A_K=0.060, Cuv=0.044, P_in=3.138e-03, P_tgt=3.170e-03, A_F=0.158, K_low=0.043, P_drag=-9.676e-04, P_cool=-6.074e-03, WENO=0.275 (x=0.275, y=0.275), ReL2D=108.53, eps_nu=9.089e-03, P_hv=8.070e-05, rho_mean=1.000000, p_mean=0.726433, div_rms=1.162e+00, vort_rms=2.151e+00, mass_err=-5.137e-12
step=  2400, t=1.614466, dt=6.989e-04, KE=1.432466e-01, Mt=0.5513, A_K=0.074, Cuv=0.065, P_in=3.793e-03, P_tgt=3.790e-03, A_F=0.079, K_low=0.047, P_drag=-1.113e-03, P_cool=-6.101e-03, WENO=0.295 (x=0.295, y=0.295), ReL2D=109.11, eps_nu=8.977e-03, P_hv=8.354e-05, rho_mean=1.000000, p_mean=0.726488, div_rms=1.142e+00, vort_rms=2.147e+00, mass_err=-5.606e-12
step=  2600, t=1.756625, dt=7.150e-04, KE=1.419637e-01, Mt=0.5478, A_K=0.082, Cuv=0.066, P_in=4.581e-03, P_tgt=4.592e-03, A_F=0.076, K_low=0.053, P_drag=-1.281e-03, P_cool=-6.271e-03, WENO=0.336 (x=0.336, y=0.336), ReL2D=110.14, eps_nu=8.806e-03, P_hv=8.289e-05, rho_mean=1.000000, p_mean=0.726827, div_rms=1.115e+00, vort_rms=2.138e+00, mass_err=-6.075e-12
step=  2800, t=1.897137, dt=6.886e-04, KE=1.410780e-01, Mt=0.5445, A_K=0.086, Cuv=0.054, P_in=5.548e-03, P_tgt=5.648e-03, A_F=0.151, K_low=0.057, P_drag=-1.415e-03, P_cool=-6.377e-03, WENO=0.338 (x=0.338, y=0.338), ReL2D=108.44, eps_nu=8.783e-03, P_hv=8.993e-05, rho_mean=1.000000, p_mean=0.727040, div_rms=1.127e+00, vort_rms=2.125e+00, mass_err=-6.544e-12
step=  3000, t=2.035667, dt=6.919e-04, KE=1.404040e-01, Mt=0.5418, A_K=0.089, Cuv=0.042, P_in=7.188e-03, P_tgt=7.043e-03, A_F=0.028, K_low=0.058, P_drag=-1.457e-03, P_cool=-6.468e-03, WENO=0.336 (x=0.336, y=0.336), ReL2D=107.13, eps_nu=8.728e-03, P_hv=9.851e-05, rho_mean=1.000000, p_mean=0.727221, div_rms=1.123e+00, vort_rms=2.119e+00, mass_err=-7.013e-12
step=  3200, t=2.174706, dt=6.987e-04, KE=1.402572e-01, Mt=0.5405, A_K=0.094, Cuv=0.035, P_in=8.867e-03, P_tgt=8.858e-03, A_F=0.082, K_low=0.053, P_drag=-1.382e-03, P_cool=-6.494e-03, WENO=0.326 (x=0.326, y=0.326), ReL2D=105.57, eps_nu=8.792e-03, P_hv=1.091e-04, rho_mean=1.000000, p_mean=0.727273, div_rms=1.137e+00, vort_rms=2.120e+00, mass_err=-7.482e-12
step=  3400, t=2.313654, dt=6.886e-04, KE=1.402298e-01, Mt=0.5390, A_K=0.106, Cuv=0.032, P_in=1.126e-02, P_tgt=1.121e-02, A_F=0.110, K_low=0.046, P_drag=-1.224e-03, P_cool=-6.556e-03, WENO=0.327 (x=0.327, y=0.327), ReL2D=104.53, eps_nu=8.771e-03, P_hv=1.115e-04, rho_mean=1.000000, p_mean=0.727399, div_rms=1.133e+00, vort_rms=2.119e+00, mass_err=-7.951e-12
step=  3600, t=2.451057, dt=6.874e-04, KE=1.402057e-01, Mt=0.5370, A_K=0.127, Cuv=0.030, P_in=1.435e-02, P_tgt=1.430e-02, A_F=0.045, K_low=0.039, P_drag=-1.063e-03, P_cool=-6.697e-03, WENO=0.310 (x=0.310, y=0.310), ReL2D=103.92, eps_nu=8.741e-03, P_hv=1.040e-04, rho_mean=1.000000, p_mean=0.727680, div_rms=1.131e+00, vort_rms=2.116e+00, mass_err=-8.427e-12
step=  3800, t=2.587597, dt=6.797e-04, KE=1.403396e-01, Mt=0.5365, A_K=0.143, Cuv=0.036, P_in=1.846e-02, P_tgt=1.836e-02, A_F=0.017, K_low=0.035, P_drag=-9.630e-04, P_cool=-6.904e-03, WENO=0.300 (x=0.300, y=0.300), ReL2D=104.13, eps_nu=8.683e-03, P_hv=1.078e-04, rho_mean=1.000000, p_mean=0.728095, div_rms=1.119e+00, vort_rms=2.115e+00, mass_err=-8.889e-12
step=  4000, t=2.722891, dt=6.689e-04, KE=1.414462e-01, Mt=0.5392, A_K=0.153, Cuv=0.046, P_in=2.341e-02, P_tgt=2.348e-02, A_F=0.128, K_low=0.034, P_drag=-9.647e-04, P_cool=-7.035e-03, WENO=0.290 (x=0.290, y=0.290), ReL2D=105.34, eps_nu=8.681e-03, P_hv=1.173e-04, rho_mean=1.000000, p_mean=0.728356, div_rms=1.121e+00, vort_rms=2.113e+00, mass_err=-9.365e-12
step=  4200, t=2.855347, dt=6.577e-04, KE=1.438552e-01, Mt=0.5451, A_K=0.164, Cuv=0.053, P_in=2.949e-02, P_tgt=2.942e-02, A_F=0.209, K_low=0.038, P_drag=-1.086e-03, P_cool=-7.040e-03, WENO=0.280 (x=0.280, y=0.280), ReL2D=107.34, eps_nu=8.765e-03, P_hv=1.257e-04, rho_mean=1.000000, p_mean=0.728366, div_rms=1.133e+00, vort_rms=2.118e+00, mass_err=-9.827e-12
saved snapshot: results/hit2d/reynolds_calibration_ReL130_N256/calib_Mt060_N256_mu0p001414/hit2d_step0004200.npz
step=  4400, t=2.986232, dt=6.525e-04, KE=1.468158e-01, Mt=0.5527, A_K=0.168, Cuv=0.042, P_in=3.561e-02, P_tgt=3.576e-02, A_F=0.272, K_low=0.046, P_drag=-1.314e-03, P_cool=-7.084e-03, WENO=0.258 (x=0.258, y=0.258), ReL2D=110.63, eps_nu=8.852e-03, P_hv=1.297e-04, rho_mean=1.000000, p_mean=0.728454, div_rms=1.137e+00, vort_rms=2.129e+00, mass_err=-1.030e-11
step=  4600, t=3.116564, dt=6.496e-04, KE=1.502306e-01, Mt=0.5611, A_K=0.163, Cuv=0.014, P_in=4.197e-02, P_tgt=4.200e-02, A_F=0.174, K_low=0.057, P_drag=-1.609e-03, P_cool=-7.190e-03, WENO=0.256 (x=0.256, y=0.256), ReL2D=112.94, eps_nu=9.041e-03, P_hv=1.283e-04, rho_mean=1.000000, p_mean=0.728666, div_rms=1.159e+00, vort_rms=2.146e+00, mass_err=-1.076e-11
step=  4800, t=3.246626, dt=6.486e-04, KE=1.538264e-01, Mt=0.5691, A_K=0.139, Cuv=-0.027, P_in=4.787e-02, P_tgt=4.770e-02, A_F=0.031, K_low=0.069, P_drag=-1.914e-03, P_cool=-7.403e-03, WENO=0.252 (x=0.252, y=0.252), ReL2D=115.24, eps_nu=9.220e-03, P_hv=1.349e-04, rho_mean=1.000000, p_mean=0.729092, div_rms=1.164e+00, vort_rms=2.171e+00, mass_err=-1.123e-11
step=  5000, t=3.375748, dt=6.458e-04, KE=1.576064e-01, Mt=0.5769, A_K=0.113, Cuv=-0.056, P_in=5.232e-02, P_tgt=5.255e-02, A_F=0.228, K_low=0.079, P_drag=-2.179e-03, P_cool=-7.697e-03, WENO=0.269 (x=0.269, y=0.269), ReL2D=117.03, eps_nu=9.392e-03, P_hv=1.443e-04, rho_mean=1.000000, p_mean=0.729679, div_rms=1.164e+00, vort_rms=2.199e+00, mass_err=-1.170e-11
step=  5200, t=3.506552, dt=6.605e-04, KE=1.617321e-01, Mt=0.5852, A_K=0.077, Cuv=-0.069, P_in=5.620e-02, P_tgt=5.617e-02, A_F=0.035, K_low=0.085, P_drag=-2.379e-03, P_cool=-8.033e-03, WENO=0.289 (x=0.289, y=0.289), ReL2D=118.46, eps_nu=9.576e-03, P_hv=1.396e-04, rho_mean=1.000000, p_mean=0.730352, div_rms=1.160e+00, vort_rms=2.231e+00, mass_err=-1.216e-11
step=  5400, t=3.638584, dt=6.624e-04, KE=1.658821e-01, Mt=0.5928, A_K=0.032, Cuv=-0.077, P_in=5.811e-02, P_tgt=5.831e-02, A_F=0.165, K_low=0.089, P_drag=-2.509e-03, P_cool=-8.437e-03, WENO=0.299 (x=0.299, y=0.299), ReL2D=121.02, eps_nu=9.687e-03, P_hv=1.240e-04, rho_mean=1.000000, p_mean=0.731160, div_rms=1.131e+00, vort_rms=2.268e+00, mass_err=-1.263e-11
step=  5600, t=3.771236, dt=6.560e-04, KE=1.704004e-01, Mt=0.6007, A_K=0.011, Cuv=-0.079, P_in=5.878e-02, P_tgt=5.897e-02, A_F=0.118, K_low=0.090, P_drag=-2.587e-03, P_cool=-8.800e-03, WENO=0.293 (x=0.293, y=0.293), ReL2D=122.71, eps_nu=9.841e-03, P_hv=1.182e-04, rho_mean=1.000000, p_mean=0.731885, div_rms=1.120e+00, vort_rms=2.300e+00, mass_err=-1.310e-11
step=  5800, t=3.902180, dt=6.614e-04, KE=1.750352e-01, Mt=0.6095, A_K=0.058, Cuv=-0.067, P_in=5.796e-02, P_tgt=5.800e-02, A_F=0.022, K_low=0.089, P_drag=-2.647e-03, P_cool=-9.109e-03, WENO=0.295 (x=0.295, y=0.295), ReL2D=124.15, eps_nu=1.003e-02, P_hv=1.196e-04, rho_mean=1.000000, p_mean=0.732504, div_rms=1.114e+00, vort_rms=2.332e+00, mass_err=-1.356e-11
step=  6000, t=4.032900, dt=6.420e-04, KE=1.801002e-01, Mt=0.6186, A_K=0.102, Cuv=-0.062, P_in=5.553e-02, P_tgt=5.543e-02, A_F=0.157, K_low=0.088, P_drag=-2.746e-03, P_cool=-9.276e-03, WENO=0.297 (x=0.297, y=0.297), ReL2D=122.56, eps_nu=1.055e-02, P_hv=1.318e-04, rho_mean=1.000000, p_mean=0.732837, div_rms=1.187e+00, vort_rms=2.363e+00, mass_err=-1.402e-11
step=  6200, t=4.162861, dt=6.605e-04, KE=1.845801e-01, Mt=0.6270, A_K=0.142, Cuv=-0.061, P_in=5.149e-02, P_tgt=5.157e-02, A_F=0.030, K_low=0.088, P_drag=-2.888e-03, P_cool=-9.458e-03, WENO=0.298 (x=0.298, y=0.298), ReL2D=121.48, eps_nu=1.104e-02, P_hv=1.428e-04, rho_mean=1.000000, p_mean=0.733202, div_rms=1.251e+00, vort_rms=2.391e+00, mass_err=-1.449e-11
saved snapshot: results/hit2d/reynolds_calibration_ReL130_N256/calib_Mt060_N256_mu0p001414/hit2d_step0006300.npz
step=  6400, t=4.295648, dt=6.651e-04, KE=1.880241e-01, Mt=0.6348, A_K=0.179, Cuv=-0.045, P_in=4.734e-02, P_tgt=4.687e-02, A_F=0.071, K_low=0.089, P_drag=-3.078e-03, P_cool=-9.740e-03, WENO=0.303 (x=0.303, y=0.303), ReL2D=121.25, eps_nu=1.155e-02, P_hv=1.495e-04, rho_mean=1.000000, p_mean=0.733765, div_rms=1.314e+00, vort_rms=2.422e+00, mass_err=-1.494e-11
warning: flow component anisotropy has increased over the last three diagnostic samples
step=  6600, t=4.428534, dt=6.604e-04, KE=1.905736e-01, Mt=0.6413, A_K=0.210, Cuv=-0.013, P_in=4.198e-02, P_tgt=4.173e-02, A_F=0.058, K_low=0.093, P_drag=-3.316e-03, P_cool=-1.005e-02, WENO=0.313 (x=0.313, y=0.313), ReL2D=119.33, eps_nu=1.226e-02, P_hv=1.573e-04, rho_mean=1.000000, p_mean=0.734396, div_rms=1.414e+00, vort_rms=2.450e+00, mass_err=-1.541e-11
warning: flow component anisotropy has increased over the last three diagnostic samples
step=  6800, t=4.560858, dt=6.588e-04, KE=1.923661e-01, Mt=0.6461, A_K=0.229, Cuv=0.026, P_in=3.675e-02, P_tgt=3.659e-02, A_F=0.224, K_low=0.099, P_drag=-3.582e-03, P_cool=-1.037e-02, WENO=0.310 (x=0.310, y=0.310), ReL2D=118.63, eps_nu=1.264e-02, P_hv=1.703e-04, rho_mean=1.000000, p_mean=0.735032, div_rms=1.453e+00, vort_rms=2.475e+00, mass_err=-1.587e-11
warning: flow component anisotropy has increased over the last three diagnostic samples
step=  7000, t=4.691130, dt=6.450e-04, KE=1.935461e-01, Mt=0.6497, A_K=0.247, Cuv=0.064, P_in=3.160e-02, P_tgt=3.173e-02, A_F=0.084, K_low=0.104, P_drag=-3.780e-03, P_cool=-1.067e-02, WENO=0.316 (x=0.316, y=0.316), ReL2D=117.61, eps_nu=1.286e-02, P_hv=1.836e-04, rho_mean=1.000000, p_mean=0.735619, div_rms=1.474e+00, vort_rms=2.489e+00, mass_err=-1.633e-11
warning: flow component anisotropy has increased over the last three diagnostic samples
step=  7200, t=4.818428, dt=6.278e-04, KE=1.942163e-01, Mt=0.6527, A_K=0.259, Cuv=0.098, P_in=2.724e-02, P_tgt=2.727e-02, A_F=0.021, K_low=0.107, P_drag=-3.862e-03, P_cool=-1.092e-02, WENO=0.320 (x=0.320, y=0.320), ReL2D=116.66, eps_nu=1.310e-02, P_hv=1.957e-04, rho_mean=1.000000, p_mean=0.736130, div_rms=1.504e+00, vort_rms=2.500e+00, mass_err=-1.680e-11
step=  7400, t=4.941910, dt=6.081e-04, KE=1.938777e-01, Mt=0.6527, A_K=0.250, Cuv=0.127, P_in=2.347e-02, P_tgt=2.334e-02, A_F=0.051, K_low=0.106, P_drag=-3.815e-03, P_cool=-1.125e-02, WENO=0.321 (x=0.321, y=0.321), ReL2D=113.62, eps_nu=1.345e-02, P_hv=2.022e-04, rho_mean=1.000000, p_mean=0.736783, div_rms=1.563e+00, vort_rms=2.501e+00, mass_err=-1.725e-11
step=  7600, t=5.063126, dt=6.053e-04, KE=1.930910e-01, Mt=0.6503, A_K=0.226, Cuv=0.142, P_in=1.989e-02, P_tgt=2.004e-02, A_F=0.018, K_low=0.101, P_drag=-3.667e-03, P_cool=-1.156e-02, WENO=0.311 (x=0.311, y=0.311), ReL2D=110.19, eps_nu=1.364e-02, P_hv=2.109e-04, rho_mean=1.000000, p_mean=0.737400, div_rms=1.605e+00, vort_rms=2.492e+00, mass_err=-1.772e-11
step=  7800, t=5.184687, dt=6.114e-04, KE=1.920990e-01, Mt=0.6461, A_K=0.204, Cuv=0.149, P_in=1.733e-02, P_tgt=1.736e-02, A_F=0.254, K_low=0.095, P_drag=-3.490e-03, P_cool=-1.183e-02, WENO=0.303 (x=0.303, y=0.303), ReL2D=108.01, eps_nu=1.351e-02, P_hv=2.177e-04, rho_mean=1.000000, p_mean=0.737939, div_rms=1.597e+00, vort_rms=2.480e+00, mass_err=-1.818e-11
step=  8000, t=5.307782, dt=6.159e-04, KE=1.911325e-01, Mt=0.6423, A_K=0.182, Cuv=0.157, P_in=1.517e-02, P_tgt=1.521e-02, A_F=0.232, K_low=0.091, P_drag=-3.338e-03, P_cool=-1.203e-02, WENO=0.308 (x=0.308, y=0.308), ReL2D=107.36, eps_nu=1.324e-02, P_hv=2.078e-04, rho_mean=1.000000, p_mean=0.738346, div_rms=1.559e+00, vort_rms=2.475e+00, mass_err=-1.864e-11
step=  8200, t=5.430529, dt=6.124e-04, KE=1.905634e-01, Mt=0.6398, A_K=0.156, Cuv=0.165, P_in=1.348e-02, P_tgt=1.344e-02, A_F=0.140, K_low=0.089, P_drag=-3.234e-03, P_cool=-1.211e-02, WENO=0.290 (x=0.290, y=0.290), ReL2D=107.55, eps_nu=1.296e-02, P_hv=2.079e-04, rho_mean=1.000000, p_mean=0.738505, div_rms=1.521e+00, vort_rms=2.466e+00, mass_err=-1.910e-11
step=  8400, t=5.552557, dt=6.069e-04, KE=1.897089e-01, Mt=0.6376, A_K=0.124, Cuv=0.174, P_in=1.188e-02, P_tgt=1.195e-02, A_F=0.080, K_low=0.090, P_drag=-3.188e-03, P_cool=-1.221e-02, WENO=0.286 (x=0.286, y=0.286), ReL2D=108.29, eps_nu=1.263e-02, P_hv=2.054e-04, rho_mean=1.000000, p_mean=0.738706, div_rms=1.474e+00, vort_rms=2.457e+00, mass_err=-1.958e-11
saved snapshot: results/hit2d/reynolds_calibration_ReL130_N256/calib_Mt060_N256_mu0p001414/hit2d_step0008400.npz
step=  8600, t=5.673825, dt=6.070e-04, KE=1.880803e-01, Mt=0.6344, A_K=0.087, Cuv=0.184, P_in=1.085e-02, P_tgt=1.070e-02, A_F=0.025, K_low=0.093, P_drag=-3.203e-03, P_cool=-1.243e-02, WENO=0.282 (x=0.282, y=0.282), ReL2D=109.70, eps_nu=1.219e-02, P_hv=2.013e-04, rho_mean=1.000000, p_mean=0.739153, div_rms=1.414e+00, vort_rms=2.440e+00, mass_err=-2.004e-11
step=  8800, t=5.795465, dt=6.100e-04, KE=1.864291e-01, Mt=0.6310, A_K=0.056, Cuv=0.189, P_in=9.635e-03, P_tgt=9.675e-03, A_F=0.123, K_low=0.098, P_drag=-3.270e-03, P_cool=-1.263e-02, WENO=0.272 (x=0.272, y=0.272), ReL2D=111.20, eps_nu=1.178e-02, P_hv=2.174e-04, rho_mean=1.000000, p_mean=0.739550, div_rms=1.363e+00, vort_rms=2.419e+00, mass_err=-2.050e-11
step=  9000, t=5.917399, dt=6.105e-04, KE=1.852653e-01, Mt=0.6280, A_K=0.028, Cuv=0.184, P_in=8.650e-03, P_tgt=8.831e-03, A_F=0.139, K_low=0.102, P_drag=-3.380e-03, P_cool=-1.270e-02, WENO=0.269 (x=0.269, y=0.269), ReL2D=112.23, eps_nu=1.150e-02, P_hv=2.367e-04, rho_mean=1.000000, p_mean=0.739695, div_rms=1.333e+00, vort_rms=2.400e+00, mass_err=-2.096e-11
step=  9200, t=6.039371, dt=6.087e-04, KE=1.850379e-01, Mt=0.6258, A_K=0.006, Cuv=0.164, P_in=8.171e-03, P_tgt=8.123e-03, A_F=0.114, K_low=0.105, P_drag=-3.523e-03, P_cool=-1.257e-02, WENO=0.272 (x=0.272, y=0.272), ReL2D=113.60, eps_nu=1.125e-02, P_hv=2.250e-04, rho_mean=1.000000, p_mean=0.739429, div_rms=1.314e+00, vort_rms=2.378e+00, mass_err=-2.143e-11
step=  9400, t=6.161541, dt=6.140e-04, KE=1.852755e-01, Mt=0.6252, A_K=0.033, Cuv=0.150, P_in=7.699e-03, P_tgt=7.502e-03, A_F=0.011, K_low=0.108, P_drag=-3.676e-03, P_cool=-1.233e-02, WENO=0.280 (x=0.280, y=0.280), ReL2D=115.17, eps_nu=1.100e-02, P_hv=2.236e-04, rho_mean=1.000000, p_mean=0.738937, div_rms=1.290e+00, vort_rms=2.358e+00, mass_err=-2.188e-11
step=  9600, t=6.283236, dt=6.046e-04, KE=1.852628e-01, Mt=0.6249, A_K=0.054, Cuv=0.131, P_in=6.801e-03, P_tgt=6.934e-03, A_F=0.107, K_low=0.112, P_drag=-3.847e-03, P_cool=-1.212e-02, WENO=0.274 (x=0.274, y=0.274), ReL2D=114.55, eps_nu=1.099e-02, P_hv=2.220e-04, rho_mean=1.000000, p_mean=0.738526, div_rms=1.309e+00, vort_rms=2.342e+00, mass_err=-2.236e-11
step=  9800, t=6.405937, dt=6.215e-04, KE=1.840950e-01, Mt=0.6227, A_K=0.064, Cuv=0.112, P_in=6.443e-03, P_tgt=6.431e-03, A_F=0.059, K_low=0.117, P_drag=-4.036e-03, P_cool=-1.212e-02, WENO=0.285 (x=0.285, y=0.285), ReL2D=113.81, eps_nu=1.092e-02, P_hv=2.147e-04, rho_mean=1.000000, p_mean=0.738532, div_rms=1.319e+00, vort_rms=2.325e+00, mass_err=-2.282e-11
step= 10000, t=6.529910, dt=6.192e-04, KE=1.823712e-01, Mt=0.6193, A_K=0.071, Cuv=0.091, P_in=6.041e-03, P_tgt=6.016e-03, A_F=0.044, K_low=0.122, P_drag=-4.233e-03, P_cool=-1.222e-02, WENO=0.293 (x=0.293, y=0.293), ReL2D=112.89, eps_nu=1.086e-02, P_hv=2.002e-04, rho_mean=1.000000, p_mean=0.738717, div_rms=1.331e+00, vort_rms=2.306e+00, mass_err=-2.329e-11
step= 10200, t=6.654283, dt=6.262e-04, KE=1.810892e-01, Mt=0.6166, A_K=0.080, Cuv=0.075, P_in=5.611e-03, P_tgt=5.683e-03, A_F=0.046, K_low=0.128, P_drag=-4.443e-03, P_cool=-1.220e-02, WENO=0.302 (x=0.302, y=0.302), ReL2D=112.94, eps_nu=1.076e-02, P_hv=1.788e-04, rho_mean=1.000000, p_mean=0.738689, div_rms=1.345e+00, vort_rms=2.280e+00, mass_err=-2.376e-11
step= 10400, t=6.779852, dt=6.257e-04, KE=1.801623e-01, Mt=0.6153, A_K=0.085, Cuv=0.060, P_in=5.413e-03, P_tgt=5.402e-03, A_F=0.018, K_low=0.134, P_drag=-4.662e-03, P_cool=-1.210e-02, WENO=0.293 (x=0.293, y=0.293), ReL2D=113.89, eps_nu=1.055e-02, P_hv=1.734e-04, rho_mean=1.000000, p_mean=0.738493, div_rms=1.332e+00, vort_rms=2.258e+00, mass_err=-2.422e-11
saved snapshot: results/hit2d/reynolds_calibration_ReL130_N256/calib_Mt060_N256_mu0p001414/hit2d_step0010500.npz
step= 10600, t=6.905209, dt=6.286e-04, KE=1.792217e-01, Mt=0.6143, A_K=0.081, Cuv=0.045, P_in=5.123e-03, P_tgt=5.149e-03, A_F=0.041, K_low=0.141, P_drag=-4.881e-03, P_cool=-1.200e-02, WENO=0.288 (x=0.288, y=0.288), ReL2D=114.50, eps_nu=1.040e-02, P_hv=1.682e-04, rho_mean=1.000000, p_mean=0.738290, div_rms=1.323e+00, vort_rms=2.240e+00, mass_err=-2.468e-11
step= 10800, t=7.030621, dt=6.262e-04, KE=1.778576e-01, Mt=0.6118, A_K=0.071, Cuv=0.035, P_in=4.897e-03, P_tgt=4.935e-03, A_F=0.083, K_low=0.148, P_drag=-5.089e-03, P_cool=-1.198e-02, WENO=0.301 (x=0.301, y=0.301), ReL2D=113.88, eps_nu=1.032e-02, P_hv=1.524e-04, rho_mean=1.000000, p_mean=0.738240, div_rms=1.333e+00, vort_rms=2.221e+00, mass_err=-2.515e-11
step= 11000, t=7.155424, dt=6.174e-04, KE=1.758140e-01, Mt=0.6072, A_K=0.050, Cuv=0.031, P_in=4.809e-03, P_tgt=4.783e-03, A_F=0.204, K_low=0.156, P_drag=-5.288e-03, P_cool=-1.208e-02, WENO=0.303 (x=0.303, y=0.303), ReL2D=114.54, eps_nu=1.007e-02, P_hv=1.495e-04, rho_mean=1.000000, p_mean=0.738447, div_rms=1.313e+00, vort_rms=2.197e+00, mass_err=-2.562e-11
step= 11200, t=7.277307, dt=6.032e-04, KE=1.739947e-01, Mt=0.6024, A_K=0.024, Cuv=0.029, P_in=4.625e-03, P_tgt=4.709e-03, A_F=0.017, K_low=0.164, P_drag=-5.478e-03, P_cool=-1.214e-02, WENO=0.288 (x=0.288, y=0.288), ReL2D=115.50, eps_nu=9.865e-03, P_hv=2.007e-04, rho_mean=1.000000, p_mean=0.738557, div_rms=1.304e+00, vort_rms=2.170e+00, mass_err=-2.609e-11
step= 11400, t=7.397268, dt=5.972e-04, KE=1.724255e-01, Mt=0.5984, A_K=0.003, Cuv=0.036, P_in=4.302e-03, P_tgt=4.703e-03, A_F=0.119, K_low=0.172, P_drag=-5.640e-03, P_cool=-1.214e-02, WENO=0.276 (x=0.276, y=0.276), ReL2D=115.71, eps_nu=9.747e-03, P_hv=2.247e-04, rho_mean=1.000000, p_mean=0.738566, div_rms=1.304e+00, vort_rms=2.151e+00, mass_err=-2.656e-11
step= 11600, t=7.517168, dt=6.029e-04, KE=1.706138e-01, Mt=0.5946, A_K=0.021, Cuv=0.049, P_in=4.672e-03, P_tgt=4.760e-03, A_F=0.120, K_low=0.178, P_drag=-5.754e-03, P_cool=-1.219e-02, WENO=0.280 (x=0.280, y=0.280), ReL2D=115.31, eps_nu=9.693e-03, P_hv=2.122e-04, rho_mean=1.000000, p_mean=0.738664, div_rms=1.316e+00, vort_rms=2.132e+00, mass_err=-2.702e-11
step= 11800, t=7.639174, dt=6.165e-04, KE=1.684928e-01, Mt=0.5916, A_K=0.024, Cuv=0.065, P_in=4.901e-03, P_tgt=4.875e-03, A_F=0.214, K_low=0.184, P_drag=-5.813e-03, P_cool=-1.229e-02, WENO=0.287 (x=0.287, y=0.287), ReL2D=115.81, eps_nu=9.557e-03, P_hv=1.902e-04, rho_mean=1.000000, p_mean=0.738865, div_rms=1.311e+00, vort_rms=2.113e+00, mass_err=-2.749e-11
step= 12000, t=7.762262, dt=6.129e-04, KE=1.662639e-01, Mt=0.5898, A_K=0.010, Cuv=0.080, P_in=4.979e-03, P_tgt=5.033e-03, A_F=0.130, K_low=0.188, P_drag=-5.819e-03, P_cool=-1.241e-02, WENO=0.282 (x=0.282, y=0.282), ReL2D=116.59, eps_nu=9.378e-03, P_hv=1.705e-04, rho_mean=1.000000, p_mean=0.739097, div_rms=1.298e+00, vort_rms=2.094e+00, mass_err=-2.796e-11
step= 12200, t=7.885709, dt=6.204e-04, KE=1.637692e-01, Mt=0.5887, A_K=0.008, Cuv=0.095, P_in=5.237e-03, P_tgt=5.222e-03, A_F=0.192, K_low=0.191, P_drag=-5.780e-03, P_cool=-1.258e-02, WENO=0.269 (x=0.269, y=0.269), ReL2D=118.82, eps_nu=9.061e-03, P_hv=1.633e-04, rho_mean=1.000000, p_mean=0.739439, div_rms=1.251e+00, vort_rms=2.078e+00, mass_err=-2.842e-11
step= 12400, t=8.011009, dt=6.358e-04, KE=1.613652e-01, Mt=0.5873, A_K=0.017, Cuv=0.110, P_in=5.475e-03, P_tgt=5.441e-03, A_F=0.044, K_low=0.193, P_drag=-5.707e-03, P_cool=-1.273e-02, WENO=0.275 (x=0.275, y=0.275), ReL2D=119.10, eps_nu=8.868e-03, P_hv=1.605e-04, rho_mean=1.000000, p_mean=0.739744, div_rms=1.230e+00, vort_rms=2.063e+00, mass_err=-2.888e-11
step= 12600, t=8.138907, dt=6.355e-04, KE=1.588994e-01, Mt=0.5838, A_K=0.012, Cuv=0.120, P_in=5.690e-03, P_tgt=5.715e-03, A_F=0.045, K_low=0.194, P_drag=-5.622e-03, P_cool=-1.289e-02, WENO=0.273 (x=0.273, y=0.273), ReL2D=118.29, eps_nu=8.690e-03, P_hv=1.512e-04, rho_mean=1.000000, p_mean=0.740070, div_rms=1.217e+00, vort_rms=2.042e+00, mass_err=-2.935e-11
saved snapshot: results/hit2d/reynolds_calibration_ReL130_N256/calib_Mt060_N256_mu0p001414/hit2d_step0012600.npz
step= 12800, t=8.267044, dt=6.411e-04, KE=1.564378e-01, Mt=0.5786, A_K=0.006, Cuv=0.126, P_in=6.070e-03, P_tgt=6.101e-03, A_F=0.071, K_low=0.195, P_drag=-5.568e-03, P_cool=-1.306e-02, WENO=0.270 (x=0.270, y=0.270), ReL2D=117.29, eps_nu=8.485e-03, P_hv=1.453e-04, rho_mean=1.000000, p_mean=0.740404, div_rms=1.211e+00, vort_rms=2.011e+00, mass_err=-2.981e-11
step= 13000, t=8.395311, dt=6.397e-04, KE=1.541604e-01, Mt=0.5736, A_K=0.029, Cuv=0.124, P_in=6.660e-03, P_tgt=6.643e-03, A_F=0.005, K_low=0.198, P_drag=-5.574e-03, P_cool=-1.320e-02, WENO=0.268 (x=0.268, y=0.268), ReL2D=117.29, eps_nu=8.218e-03, P_hv=1.412e-04, rho_mean=1.000000, p_mean=0.740682, div_rms=1.180e+00, vort_rms=1.989e+00, mass_err=-3.028e-11
step= 13200, t=8.523416, dt=6.399e-04, KE=1.529415e-01, Mt=0.5705, A_K=0.049, Cuv=0.112, P_in=7.380e-03, P_tgt=7.347e-03, A_F=0.006, K_low=0.202, P_drag=-5.654e-03, P_cool=-1.314e-02, WENO=0.265 (x=0.265, y=0.265), ReL2D=117.12, eps_nu=8.101e-03, P_hv=1.347e-04, rho_mean=1.000000, p_mean=0.740567, div_rms=1.169e+00, vort_rms=1.977e+00, mass_err=-3.072e-11
step= 13400, t=8.651381, dt=6.395e-04, KE=1.527275e-01, Mt=0.5697, A_K=0.061, Cuv=0.091, P_in=8.207e-03, P_tgt=8.187e-03, A_F=0.060, K_low=0.207, P_drag=-5.772e-03, P_cool=-1.291e-02, WENO=0.263 (x=0.263, y=0.263), ReL2D=117.00, eps_nu=8.094e-03, P_hv=1.354e-04, rho_mean=1.000000, p_mean=0.740097, div_rms=1.172e+00, vort_rms=1.973e+00, mass_err=-3.119e-11
step= 13600, t=8.779663, dt=6.456e-04, KE=1.531879e-01, Mt=0.5700, A_K=0.068, Cuv=0.068, P_in=9.172e-03, P_tgt=9.128e-03, A_F=0.185, K_low=0.210, P_drag=-5.898e-03, P_cool=-1.257e-02, WENO=0.264 (x=0.264, y=0.264), ReL2D=116.09, eps_nu=8.188e-03, P_hv=1.309e-04, rho_mean=1.000000, p_mean=0.739417, div_rms=1.199e+00, vort_rms=1.968e+00, mass_err=-3.165e-11
step= 13800, t=8.910353, dt=6.581e-04, KE=1.535627e-01, Mt=0.5707, A_K=0.069, Cuv=0.050, P_in=1.019e-02, P_tgt=1.015e-02, A_F=0.232, K_low=0.212, P_drag=-6.001e-03, P_cool=-1.227e-02, WENO=0.263 (x=0.263, y=0.263), ReL2D=116.23, eps_nu=8.179e-03, P_hv=1.279e-04, rho_mean=1.000000, p_mean=0.738821, div_rms=1.199e+00, vort_rms=1.966e+00, mass_err=-3.212e-11
step= 14000, t=9.042218, dt=6.599e-04, KE=1.536309e-01, Mt=0.5714, A_K=0.067, Cuv=0.038, P_in=1.128e-02, P_tgt=1.127e-02, A_F=0.189, K_low=0.213, P_drag=-6.067e-03, P_cool=-1.206e-02, WENO=0.251 (x=0.251, y=0.251), ReL2D=118.09, eps_nu=8.073e-03, P_hv=1.273e-04, rho_mean=1.000000, p_mean=0.738397, div_rms=1.175e+00, vort_rms=1.967e+00, mass_err=-3.259e-11
step= 14200, t=9.171962, dt=6.395e-04, KE=1.537646e-01, Mt=0.5725, A_K=0.056, Cuv=0.030, P_in=1.251e-02, P_tgt=1.246e-02, A_F=0.116, K_low=0.212, P_drag=-6.086e-03, P_cool=-1.186e-02, WENO=0.247 (x=0.247, y=0.247), ReL2D=119.97, eps_nu=8.015e-03, P_hv=1.307e-04, rho_mean=1.000000, p_mean=0.738011, div_rms=1.157e+00, vort_rms=1.971e+00, mass_err=-3.305e-11
step= 14400, t=9.299372, dt=6.371e-04, KE=1.542468e-01, Mt=0.5730, A_K=0.036, Cuv=0.027, P_in=1.373e-02, P_tgt=1.373e-02, A_F=0.082, K_low=0.209, P_drag=-6.073e-03, P_cool=-1.164e-02, WENO=0.243 (x=0.243, y=0.243), ReL2D=121.85, eps_nu=7.939e-03, P_hv=1.302e-04, rho_mean=1.000000, p_mean=0.737564, div_rms=1.150e+00, vort_rms=1.962e+00, mass_err=-3.351e-11
step= 14600, t=9.427371, dt=6.438e-04, KE=1.549071e-01, Mt=0.5731, A_K=0.010, Cuv=0.022, P_in=1.506e-02, P_tgt=1.511e-02, A_F=0.003, K_low=0.204, P_drag=-6.029e-03, P_cool=-1.142e-02, WENO=0.233 (x=0.233, y=0.233), ReL2D=121.76, eps_nu=7.940e-03, P_hv=1.223e-04, rho_mean=1.000000, p_mean=0.737132, div_rms=1.164e+00, vort_rms=1.951e+00, mass_err=-3.399e-11
saved snapshot: results/hit2d/reynolds_calibration_ReL130_N256/calib_Mt060_N256_mu0p001414/hit2d_step0014700.npz
step= 14800, t=9.556211, dt=6.446e-04, KE=1.549378e-01, Mt=0.5714, A_K=0.016, Cuv=0.016, P_in=1.671e-02, P_tgt=1.668e-02, A_F=0.036, K_low=0.201, P_drag=-5.969e-03, P_cool=-1.138e-02, WENO=0.238 (x=0.238, y=0.238), ReL2D=121.41, eps_nu=7.884e-03, P_hv=1.124e-04, rho_mean=1.000000, p_mean=0.737048, div_rms=1.159e+00, vort_rms=1.946e+00, mass_err=-3.445e-11
step= 15000, t=9.684403, dt=6.361e-04, KE=1.544149e-01, Mt=0.5690, A_K=0.046, Cuv=0.018, P_in=1.858e-02, P_tgt=1.857e-02, A_F=0.232, K_low=0.198, P_drag=-5.888e-03, P_cool=-1.150e-02, WENO=0.234 (x=0.234, y=0.234), ReL2D=121.33, eps_nu=7.772e-03, P_hv=1.099e-04, rho_mean=1.000000, p_mean=0.737283, div_rms=1.133e+00, vort_rms=1.946e+00, mass_err=-3.492e-11
step= 15200, t=9.810597, dt=6.268e-04, KE=1.540896e-01, Mt=0.5679, A_K=0.073, Cuv=0.031, P_in=2.074e-02, P_tgt=2.082e-02, A_F=0.131, K_low=0.195, P_drag=-5.809e-03, P_cool=-1.163e-02, WENO=0.228 (x=0.228, y=0.228), ReL2D=120.88, eps_nu=7.741e-03, P_hv=1.189e-04, rho_mean=1.000000, p_mean=0.737539, div_rms=1.114e+00, vort_rms=1.954e+00, mass_err=-3.539e-11
step= 15400, t=9.935508, dt=6.249e-04, KE=1.544335e-01, Mt=0.5689, A_K=0.095, Cuv=0.053, P_in=2.355e-02, P_tgt=2.335e-02, A_F=0.204, K_low=0.191, P_drag=-5.733e-03, P_cool=-1.167e-02, WENO=0.222 (x=0.222, y=0.222), ReL2D=121.09, eps_nu=7.788e-03, P_hv=1.241e-04, rho_mean=1.000000, p_mean=0.737633, div_rms=1.098e+00, vort_rms=1.975e+00, mass_err=-3.585e-11
step= 15600, t=10.060324, dt=6.139e-04, KE=1.554113e-01, Mt=0.5711, A_K=0.112, Cuv=0.074, P_in=2.624e-02, P_tgt=2.603e-02, A_F=0.271, K_low=0.188, P_drag=-5.649e-03, P_cool=-1.166e-02, WENO=0.209 (x=0.209, y=0.209), ReL2D=120.30, eps_nu=7.919e-03, P_hv=1.323e-04, rho_mean=1.000000, p_mean=0.737598, div_rms=1.092e+00, vort_rms=2.002e+00, mass_err=-3.632e-11
step= 15800, t=10.181508, dt=5.992e-04, KE=1.564280e-01, Mt=0.5729, A_K=0.124, Cuv=0.094, P_in=2.895e-02, P_tgt=2.877e-02, A_F=0.059, K_low=0.186, P_drag=-5.574e-03, P_cool=-1.169e-02, WENO=0.205 (x=0.205, y=0.205), ReL2D=120.58, eps_nu=7.927e-03, P_hv=1.340e-04, rho_mean=1.000000, p_mean=0.737673, div_rms=1.069e+00, vort_rms=2.021e+00, mass_err=-3.680e-11
step= 16000, t=10.301634, dt=6.055e-04, KE=1.575095e-01, Mt=0.5750, A_K=0.136, Cuv=0.121, P_in=3.112e-02, P_tgt=3.159e-02, A_F=0.189, K_low=0.184, P_drag=-5.504e-03, P_cool=-1.179e-02, WENO=0.204 (x=0.204, y=0.204), ReL2D=122.58, eps_nu=7.894e-03, P_hv=1.371e-04, rho_mean=1.000000, p_mean=0.737858, div_rms=1.046e+00, vort_rms=2.031e+00, mass_err=-3.727e-11
step= 16200, t=10.421329, dt=5.898e-04, KE=1.586882e-01, Mt=0.5794, A_K=0.147, Cuv=0.142, P_in=3.428e-02, P_tgt=3.426e-02, A_F=0.013, K_low=0.183, P_drag=-5.435e-03, P_cool=-1.193e-02, WENO=0.208 (x=0.208, y=0.208), ReL2D=125.27, eps_nu=8.052e-03, P_hv=1.358e-04, rho_mean=1.000000, p_mean=0.738145, div_rms=1.048e+00, vort_rms=2.057e+00, mass_err=-3.773e-11
step= 16400, t=10.538029, dt=5.770e-04, KE=1.597500e-01, Mt=0.5860, A_K=0.149, Cuv=0.155, P_in=3.642e-02, P_tgt=3.639e-02, A_F=0.165, K_low=0.182, P_drag=-5.357e-03, P_cool=-1.214e-02, WENO=0.217 (x=0.217, y=0.217), ReL2D=126.30, eps_nu=8.332e-03, P_hv=1.358e-04, rho_mean=1.000000, p_mean=0.738573, div_rms=1.085e+00, vort_rms=2.079e+00, mass_err=-3.820e-11
step= 16600, t=10.652495, dt=5.674e-04, KE=1.605989e-01, Mt=0.5907, A_K=0.143, Cuv=0.156, P_in=3.791e-02, P_tgt=3.786e-02, A_F=0.061, K_low=0.181, P_drag=-5.286e-03, P_cool=-1.243e-02, WENO=0.223 (x=0.223, y=0.223), ReL2D=124.04, eps_nu=8.669e-03, P_hv=1.399e-04, rho_mean=1.000000, p_mean=0.739137, div_rms=1.159e+00, vort_rms=2.083e+00, mass_err=-3.866e-11
step= 16800, t=10.765631, dt=5.647e-04, KE=1.609663e-01, Mt=0.5933, A_K=0.124, Cuv=0.148, P_in=3.905e-02, P_tgt=3.888e-02, A_F=0.119, K_low=0.178, P_drag=-5.205e-03, P_cool=-1.282e-02, WENO=0.234 (x=0.234, y=0.234), ReL2D=120.38, eps_nu=9.063e-03, P_hv=1.433e-04, rho_mean=1.000000, p_mean=0.739922, div_rms=1.234e+00, vort_rms=2.093e+00, mass_err=-3.912e-11
saved snapshot: results/hit2d/reynolds_calibration_ReL130_N256/calib_Mt060_N256_mu0p001414/hit2d_step0016800.npz
step= 17000, t=10.878690, dt=5.659e-04, KE=1.612115e-01, Mt=0.5944, A_K=0.114, Cuv=0.143, P_in=3.974e-02, P_tgt=3.969e-02, A_F=0.134, K_low=0.173, P_drag=-5.119e-03, P_cool=-1.325e-02, WENO=0.238 (x=0.238, y=0.238), ReL2D=115.44, eps_nu=9.540e-03, P_hv=1.399e-04, rho_mean=1.000000, p_mean=0.740778, div_rms=1.313e+00, vort_rms=2.109e+00, mass_err=-3.958e-11
step= 17200, t=10.991938, dt=5.677e-04, KE=1.616860e-01, Mt=0.5957, A_K=0.113, Cuv=0.144, P_in=4.048e-02, P_tgt=4.038e-02, A_F=0.097, K_low=0.168, P_drag=-5.030e-03, P_cool=-1.364e-02, WENO=0.242 (x=0.242, y=0.242), ReL2D=112.47, eps_nu=9.938e-03, P_hv=1.437e-04, rho_mean=1.000000, p_mean=0.741561, div_rms=1.361e+00, vort_rms=2.135e+00, mass_err=-4.002e-11
step= 17400, t=11.105847, dt=5.732e-04, KE=1.628876e-01, Mt=0.5980, A_K=0.107, Cuv=0.152, P_in=4.077e-02, P_tgt=4.082e-02, A_F=0.036, K_low=0.162, P_drag=-4.957e-03, P_cool=-1.390e-02, WENO=0.244 (x=0.244, y=0.244), ReL2D=112.14, eps_nu=1.013e-02, P_hv=1.488e-04, rho_mean=1.000000, p_mean=0.742076, div_rms=1.362e+00, vort_rms=2.166e+00, mass_err=-4.049e-11
step= 17600, t=11.221937, dt=5.874e-04, KE=1.652152e-01, Mt=0.6014, A_K=0.095, Cuv=0.158, P_in=4.115e-02, P_tgt=4.088e-02, A_F=0.113, K_low=0.157, P_drag=-4.914e-03, P_cool=-1.394e-02, WENO=0.243 (x=0.243, y=0.243), ReL2D=113.72, eps_nu=1.018e-02, P_hv=1.611e-04, rho_mean=1.000000, p_mean=0.742170, div_rms=1.344e+00, vort_rms=2.188e+00, mass_err=-4.095e-11
step= 17800, t=11.340345, dt=5.947e-04, KE=1.688496e-01, Mt=0.6059, A_K=0.084, Cuv=0.166, P_in=4.046e-02, P_tgt=4.040e-02, A_F=0.083, K_low=0.152, P_drag=-4.921e-03, P_cool=-1.374e-02, WENO=0.260 (x=0.260, y=0.260), ReL2D=116.44, eps_nu=1.019e-02, P_hv=1.589e-04, rho_mean=1.000000, p_mean=0.741763, div_rms=1.323e+00, vort_rms=2.208e+00, mass_err=-4.140e-11
step= 18000, t=11.461254, dt=6.186e-04, KE=1.731105e-01, Mt=0.6103, A_K=0.081, Cuv=0.156, P_in=3.940e-02, P_tgt=3.934e-02, A_F=0.055, K_low=0.151, P_drag=-4.988e-03, P_cool=-1.341e-02, WENO=0.272 (x=0.272, y=0.272), ReL2D=117.89, eps_nu=1.032e-02, P_hv=1.456e-04, rho_mean=1.000000, p_mean=0.741107, div_rms=1.315e+00, vort_rms=2.235e+00, mass_err=-4.186e-11
step= 18200, t=11.587094, dt=6.374e-04, KE=1.765816e-01, Mt=0.6135, A_K=0.078, Cuv=0.128, P_in=3.785e-02, P_tgt=3.784e-02, A_F=0.202, K_low=0.153, P_drag=-5.139e-03, P_cool=-1.324e-02, WENO=0.278 (x=0.278, y=0.278), ReL2D=119.51, eps_nu=1.044e-02, P_hv=1.413e-04, rho_mean=1.000000, p_mean=0.740756, div_rms=1.308e+00, vort_rms=2.258e+00, mass_err=-4.232e-11
step= 18400, t=11.715059, dt=6.389e-04, KE=1.794637e-01, Mt=0.6153, A_K=0.081, Cuv=0.086, P_in=3.620e-02, P_tgt=3.612e-02, A_F=0.048, K_low=0.159, P_drag=-5.373e-03, P_cool=-1.314e-02, WENO=0.275 (x=0.275, y=0.275), ReL2D=121.01, eps_nu=1.049e-02, P_hv=1.446e-04, rho_mean=1.000000, p_mean=0.740570, div_rms=1.300e+00, vort_rms=2.272e+00, mass_err=-4.280e-11
step= 18600, t=11.842419, dt=6.332e-04, KE=1.823342e-01, Mt=0.6166, A_K=0.080, Cuv=0.049, P_in=3.435e-02, P_tgt=3.432e-02, A_F=0.131, K_low=0.166, P_drag=-5.632e-03, P_cool=-1.300e-02, WENO=0.281 (x=0.281, y=0.281), ReL2D=121.48, eps_nu=1.056e-02, P_hv=1.603e-04, rho_mean=1.000000, p_mean=0.740279, div_rms=1.309e+00, vort_rms=2.277e+00, mass_err=-4.325e-11
step= 18800, t=11.968489, dt=6.291e-04, KE=1.849535e-01, Mt=0.6183, A_K=0.082, Cuv=0.024, P_in=3.266e-02, P_tgt=3.246e-02, A_F=0.082, K_low=0.170, P_drag=-5.867e-03, P_cool=-1.284e-02, WENO=0.281 (x=0.281, y=0.281), ReL2D=122.63, eps_nu=1.066e-02, P_hv=1.639e-04, rho_mean=1.000000, p_mean=0.739974, div_rms=1.317e+00, vort_rms=2.286e+00, mass_err=-4.372e-11
saved snapshot: results/hit2d/reynolds_calibration_ReL130_N256/calib_Mt060_N256_mu0p001414/hit2d_step0018900.npz
step= 19000, t=12.094287, dt=6.278e-04, KE=1.867060e-01, Mt=0.6205, A_K=0.090, Cuv=0.016, P_in=3.050e-02, P_tgt=3.052e-02, A_F=0.051, K_low=0.170, P_drag=-6.013e-03, P_cool=-1.281e-02, WENO=0.290 (x=0.290, y=0.290), ReL2D=123.73, eps_nu=1.077e-02, P_hv=1.650e-04, rho_mean=1.000000, p_mean=0.739909, div_rms=1.332e+00, vort_rms=2.292e+00, mass_err=-4.417e-11
step= 19200, t=12.219767, dt=6.277e-04, KE=1.877389e-01, Mt=0.6233, A_K=0.097, Cuv=0.021, P_in=2.854e-02, P_tgt=2.848e-02, A_F=0.076, K_low=0.169, P_drag=-6.058e-03, P_cool=-1.287e-02, WENO=0.291 (x=0.291, y=0.291), ReL2D=125.51, eps_nu=1.085e-02, P_hv=1.640e-04, rho_mean=1.000000, p_mean=0.740026, div_rms=1.335e+00, vort_rms=2.302e+00, mass_err=-4.464e-11
step= 19400, t=12.345569, dt=6.269e-04, KE=1.879579e-01, Mt=0.6257, A_K=0.099, Cuv=0.023, P_in=2.641e-02, P_tgt=2.636e-02, A_F=0.026, K_low=0.165, P_drag=-5.981e-03, P_cool=-1.304e-02, WENO=0.304 (x=0.304, y=0.304), ReL2D=126.36, eps_nu=1.093e-02, P_hv=1.665e-04, rho_mean=1.000000, p_mean=0.740361, div_rms=1.333e+00, vort_rms=2.315e+00, mass_err=-4.511e-11
step= 19600, t=12.470369, dt=6.234e-04, KE=1.878889e-01, Mt=0.6266, A_K=0.096, Cuv=0.027, P_in=2.435e-02, P_tgt=2.428e-02, A_F=0.174, K_low=0.160, P_drag=-5.799e-03, P_cool=-1.321e-02, WENO=0.305 (x=0.305, y=0.305), ReL2D=126.43, eps_nu=1.096e-02, P_hv=1.754e-04, rho_mean=1.000000, p_mean=0.740696, div_rms=1.327e+00, vort_rms=2.324e+00, mass_err=-4.557e-11
step= 19800, t=12.595430, dt=6.282e-04, KE=1.878004e-01, Mt=0.6252, A_K=0.090, Cuv=0.036, P_in=2.237e-02, P_tgt=2.238e-02, A_F=0.134, K_low=0.154, P_drag=-5.572e-03, P_cool=-1.333e-02, WENO=0.287 (x=0.287, y=0.287), ReL2D=124.72, eps_nu=1.104e-02, P_hv=1.917e-04, rho_mean=1.000000, p_mean=0.740942, div_rms=1.349e+00, vort_rms=2.321e+00, mass_err=-4.604e-11
step= 20000, t=12.721867, dt=6.345e-04, KE=1.868703e-01, Mt=0.6214, A_K=0.084, Cuv=0.053, P_in=2.083e-02, P_tgt=2.078e-02, A_F=0.167, K_low=0.151, P_drag=-5.378e-03, P_cool=-1.358e-02, WENO=0.308 (x=0.308, y=0.308), ReL2D=122.15, eps_nu=1.109e-02, P_hv=1.879e-04, rho_mean=1.000000, p_mean=0.741443, div_rms=1.365e+00, vort_rms=2.315e+00, mass_err=-4.651e-11
step= 20200, t=12.848853, dt=6.364e-04, KE=1.856547e-01, Mt=0.6177, A_K=0.077, Cuv=0.072, P_in=1.941e-02, P_tgt=1.953e-02, A_F=0.011, K_low=0.149, P_drag=-5.262e-03, P_cool=-1.385e-02, WENO=0.302 (x=0.302, y=0.302), ReL2D=121.35, eps_nu=1.096e-02, P_hv=1.939e-04, rho_mean=1.000000, p_mean=0.741980, div_rms=1.348e+00, vort_rms=2.308e+00, mass_err=-4.698e-11
step= 20400, t=12.976576, dt=6.421e-04, KE=1.848212e-01, Mt=0.6162, A_K=0.073, Cuv=0.098, P_in=1.850e-02, P_tgt=1.852e-02, A_F=0.018, K_low=0.150, P_drag=-5.227e-03, P_cool=-1.401e-02, WENO=0.306 (x=0.306, y=0.306), ReL2D=120.84, eps_nu=1.084e-02, P_hv=2.159e-04, rho_mean=1.000000, p_mean=0.742297, div_rms=1.342e+00, vort_rms=2.294e+00, mass_err=-4.744e-11
step= 20600, t=13.105580, dt=6.481e-04, KE=1.845825e-01, Mt=0.6169, A_K=0.065, Cuv=0.125, P_in=1.744e-02, P_tgt=1.757e-02, A_F=0.005, K_low=0.151, P_drag=-5.242e-03, P_cool=-1.402e-02, WENO=0.327 (x=0.327, y=0.327), ReL2D=121.76, eps_nu=1.062e-02, P_hv=2.169e-04, rho_mean=1.000000, p_mean=0.742322, div_rms=1.320e+00, vort_rms=2.278e+00, mass_err=-4.790e-11
step= 20800, t=13.235108, dt=6.493e-04, KE=1.846690e-01, Mt=0.6194, A_K=0.057, Cuv=0.152, P_in=1.662e-02, P_tgt=1.658e-02, A_F=0.052, K_low=0.153, P_drag=-5.291e-03, P_cool=-1.394e-02, WENO=0.331 (x=0.331, y=0.331), ReL2D=123.31, eps_nu=1.049e-02, P_hv=2.113e-04, rho_mean=1.000000, p_mean=0.742173, div_rms=1.316e+00, vort_rms=2.260e+00, mass_err=-4.837e-11
step= 21000, t=13.365562, dt=6.507e-04, KE=1.842583e-01, Mt=0.6218, A_K=0.053, Cuv=0.183, P_in=1.563e-02, P_tgt=1.554e-02, A_F=0.111, K_low=0.158, P_drag=-5.388e-03, P_cool=-1.394e-02, WENO=0.327 (x=0.327, y=0.327), ReL2D=124.99, eps_nu=1.031e-02, P_hv=2.076e-04, rho_mean=1.000000, p_mean=0.742172, div_rms=1.314e+00, vort_rms=2.234e+00, mass_err=-4.884e-11
saved snapshot: results/hit2d/reynolds_calibration_ReL130_N256/calib_Mt060_N256_mu0p001414/hit2d_step0021000.npz
step= 21200, t=13.494095, dt=6.379e-04, KE=1.836027e-01, Mt=0.6241, A_K=0.056, Cuv=0.212, P_in=1.433e-02, P_tgt=1.445e-02, A_F=0.068, K_low=0.165, P_drag=-5.528e-03, P_cool=-1.396e-02, WENO=0.333 (x=0.333, y=0.333), ReL2D=122.09, eps_nu=1.051e-02, P_hv=2.003e-04, rho_mean=1.000000, p_mean=0.742215, div_rms=1.378e+00, vort_rms=2.214e+00, mass_err=-4.932e-11
step= 21400, t=13.620226, dt=6.205e-04, KE=1.823033e-01, Mt=0.6245, A_K=0.068, Cuv=0.242, P_in=1.328e-02, P_tgt=1.338e-02, A_F=0.032, K_low=0.173, P_drag=-5.710e-03, P_cool=-1.408e-02, WENO=0.334 (x=0.334, y=0.334), ReL2D=120.45, eps_nu=1.060e-02, P_hv=2.002e-04, rho_mean=1.000000, p_mean=0.742453, div_rms=1.414e+00, vort_rms=2.198e+00, mass_err=-4.979e-11
step= 21600, t=13.743846, dt=6.182e-04, KE=1.811431e-01, Mt=0.6231, A_K=0.084, Cuv=0.260, P_in=1.232e-02, P_tgt=1.241e-02, A_F=0.028, K_low=0.182, P_drag=-5.917e-03, P_cool=-1.414e-02, WENO=0.324 (x=0.324, y=0.324), ReL2D=118.72, eps_nu=1.067e-02, P_hv=2.002e-04, rho_mean=1.000000, p_mean=0.742571, div_rms=1.450e+00, vort_rms=2.178e+00, mass_err=-5.026e-11
step= 21800, t=13.867288, dt=6.167e-04, KE=1.800530e-01, Mt=0.6204, A_K=0.097, Cuv=0.270, P_in=1.163e-02, P_tgt=1.158e-02, A_F=0.100, K_low=0.189, P_drag=-6.128e-03, P_cool=-1.416e-02, WENO=0.320 (x=0.320, y=0.320), ReL2D=117.94, eps_nu=1.071e-02, P_hv=1.870e-04, rho_mean=1.000000, p_mean=0.742601, div_rms=1.470e+00, vort_rms=2.167e+00, mass_err=-5.073e-11
step= 22000, t=13.990540, dt=6.151e-04, KE=1.792181e-01, Mt=0.6171, A_K=0.100, Cuv=0.272, P_in=1.086e-02, P_tgt=1.091e-02, A_F=0.036, K_low=0.194, P_drag=-6.315e-03, P_cool=-1.410e-02, WENO=0.312 (x=0.312, y=0.312), ReL2D=118.47, eps_nu=1.061e-02, P_hv=1.755e-04, rho_mean=1.000000, p_mean=0.742483, div_rms=1.461e+00, vort_rms=2.158e+00, mass_err=-5.119e-11
step= 22200, t=14.113661, dt=6.186e-04, KE=1.783234e-01, Mt=0.6135, A_K=0.098, Cuv=0.267, P_in=1.039e-02, P_tgt=1.039e-02, A_F=0.072, K_low=0.197, P_drag=-6.479e-03, P_cool=-1.403e-02, WENO=0.320 (x=0.320, y=0.320), ReL2D=119.90, eps_nu=1.025e-02, P_hv=1.677e-04, rho_mean=1.000000, p_mean=0.742352, div_rms=1.412e+00, vort_rms=2.143e+00, mass_err=-5.166e-11
step= 22400, t=14.238108, dt=6.270e-04, KE=1.773773e-01, Mt=0.6105, A_K=0.090, Cuv=0.256, P_in=9.997e-03, P_tgt=9.996e-03, A_F=0.058, K_low=0.200, P_drag=-6.609e-03, P_cool=-1.396e-02, WENO=0.326 (x=0.326, y=0.326), ReL2D=122.63, eps_nu=9.799e-03, P_hv=1.626e-04, rho_mean=1.000000, p_mean=0.742208, div_rms=1.338e+00, vort_rms=2.131e+00, mass_err=-5.213e-11
step= 22600, t=14.364928, dt=6.418e-04, KE=1.766225e-01, Mt=0.6090, A_K=0.073, Cuv=0.242, P_in=9.750e-03, P_tgt=9.686e-03, A_F=0.022, K_low=0.202, P_drag=-6.677e-03, P_cool=-1.384e-02, WENO=0.322 (x=0.322, y=0.322), ReL2D=125.85, eps_nu=9.400e-03, P_hv=1.606e-04, rho_mean=1.000000, p_mean=0.741963, div_rms=1.270e+00, vort_rms=2.120e+00, mass_err=-5.260e-11
step= 22800, t=14.494894, dt=6.577e-04, KE=1.761652e-01, Mt=0.6083, A_K=0.047, Cuv=0.223, P_in=9.439e-03, P_tgt=9.417e-03, A_F=0.092, K_low=0.200, P_drag=-6.665e-03, P_cool=-1.365e-02, WENO=0.316 (x=0.316, y=0.316), ReL2D=127.55, eps_nu=9.191e-03, P_hv=1.573e-04, rho_mean=1.000000, p_mean=0.741586, div_rms=1.239e+00, vort_rms=2.110e+00, mass_err=-5.307e-11
step= 23000, t=14.627035, dt=6.591e-04, KE=1.752247e-01, Mt=0.6061, A_K=0.023, Cuv=0.200, P_in=9.193e-03, P_tgt=9.191e-03, A_F=0.051, K_low=0.196, P_drag=-6.581e-03, P_cool=-1.356e-02, WENO=0.324 (x=0.324, y=0.324), ReL2D=127.68, eps_nu=9.094e-03, P_hv=1.476e-04, rho_mean=1.000000, p_mean=0.741396, div_rms=1.234e+00, vort_rms=2.098e+00, mass_err=-5.354e-11
saved snapshot: results/hit2d/reynolds_calibration_ReL130_N256/calib_Mt060_N256_mu0p001414/hit2d_step0023100.npz
step= 23200, t=14.757504, dt=6.506e-04, KE=1.735105e-01, Mt=0.6020, A_K=0.003, Cuv=0.178, P_in=9.087e-03, P_tgt=9.067e-03, A_F=0.078, K_low=0.191, P_drag=-6.461e-03, P_cool=-1.361e-02, WENO=0.305 (x=0.305, y=0.305), ReL2D=128.13, eps_nu=8.905e-03, P_hv=1.458e-04, rho_mean=1.000000, p_mean=0.741516, div_rms=1.216e+00, vort_rms=2.080e+00, mass_err=-5.401e-11
step= 23400, t=14.888212, dt=6.568e-04, KE=1.720818e-01, Mt=0.5984, A_K=0.015, Cuv=0.159, P_in=9.056e-03, P_tgt=9.064e-03, A_F=0.076, K_low=0.187, P_drag=-6.331e-03, P_cool=-1.361e-02, WENO=0.297 (x=0.297, y=0.297), ReL2D=127.22, eps_nu=8.798e-03, P_hv=1.521e-04, rho_mean=1.000000, p_mean=0.741514, div_rms=1.217e+00, vort_rms=2.061e+00, mass_err=-5.447e-11
step= 23600, t=15.020141, dt=6.619e-04, KE=1.708380e-01, Mt=0.5948, A_K=0.028, Cuv=0.144, P_in=9.083e-03, P_tgt=9.166e-03, A_F=0.064, K_low=0.183, P_drag=-6.205e-03, P_cool=-1.358e-02, WENO=0.286 (x=0.286, y=0.286), ReL2D=126.45, eps_nu=8.756e-03, P_hv=1.475e-04, rho_mean=1.000000, p_mean=0.741436, div_rms=1.226e+00, vort_rms=2.047e+00, mass_err=-5.495e-11
step= 23800, t=15.152356, dt=6.589e-04, KE=1.690636e-01, Mt=0.5900, A_K=0.032, Cuv=0.137, P_in=9.406e-03, P_tgt=9.401e-03, A_F=0.006, K_low=0.181, P_drag=-6.112e-03, P_cool=-1.365e-02, WENO=0.288 (x=0.288, y=0.288), ReL2D=127.28, eps_nu=8.579e-03, P_hv=1.421e-04, rho_mean=1.000000, p_mean=0.741581, div_rms=1.207e+00, vort_rms=2.030e+00, mass_err=-5.541e-11
step= 24000, t=15.283198, dt=6.516e-04, KE=1.667851e-01, Mt=0.5852, A_K=0.027, Cuv=0.141, P_in=9.837e-03, P_tgt=9.811e-03, A_F=0.063, K_low=0.183, P_drag=-6.078e-03, P_cool=-1.383e-02, WENO=0.280 (x=0.280, y=0.280), ReL2D=126.11, eps_nu=8.455e-03, P_hv=1.399e-04, rho_mean=1.000000, p_mean=0.741953, div_rms=1.203e+00, vort_rms=2.013e+00, mass_err=-5.588e-11
step= 24200, t=15.414462, dt=6.634e-04, KE=1.644236e-01, Mt=0.5814, A_K=0.008, Cuv=0.146, P_in=1.037e-02, P_tgt=1.040e-02, A_F=0.085, K_low=0.188, P_drag=-6.124e-03, P_cool=-1.404e-02, WENO=0.278 (x=0.278, y=0.278), ReL2D=124.45, eps_nu=8.347e-03, P_hv=1.343e-04, rho_mean=1.000000, p_mean=0.742373, div_rms=1.195e+00, vort_rms=2.000e+00, mass_err=-5.635e-11
step= 24400, t=15.548203, dt=6.684e-04, KE=1.628327e-01, Mt=0.5797, A_K=0.020, Cuv=0.147, P_in=1.116e-02, P_tgt=1.114e-02, A_F=0.164, K_low=0.195, P_drag=-6.234e-03, P_cool=-1.411e-02, WENO=0.276 (x=0.276, y=0.276), ReL2D=122.81, eps_nu=8.380e-03, P_hv=1.312e-04, rho_mean=1.000000, p_mean=0.742501, div_rms=1.206e+00, vort_rms=1.997e+00, mass_err=-5.683e-11
step= 24600, t=15.680375, dt=6.495e-04, KE=1.623550e-01, Mt=0.5798, A_K=0.043, Cuv=0.139, P_in=1.181e-02, P_tgt=1.197e-02, A_F=0.112, K_low=0.201, P_drag=-6.398e-03, P_cool=-1.397e-02, WENO=0.275 (x=0.275, y=0.275), ReL2D=123.84, eps_nu=8.377e-03, P_hv=1.379e-04, rho_mean=1.000000, p_mean=0.742227, div_rms=1.207e+00, vort_rms=1.995e+00, mass_err=-5.730e-11
step= 24800, t=15.807912, dt=6.281e-04, KE=1.626273e-01, Mt=0.5807, A_K=0.063, Cuv=0.127, P_in=1.279e-02, P_tgt=1.283e-02, A_F=0.209, K_low=0.207, P_drag=-6.585e-03, P_cool=-1.371e-02, WENO=0.265 (x=0.265, y=0.265), ReL2D=125.76, eps_nu=8.264e-03, P_hv=1.513e-04, rho_mean=1.000000, p_mean=0.741714, div_rms=1.192e+00, vort_rms=1.987e+00, mass_err=-5.777e-11
step= 25000, t=15.933024, dt=6.256e-04, KE=1.630595e-01, Mt=0.5813, A_K=0.082, Cuv=0.119, P_in=1.369e-02, P_tgt=1.371e-02, A_F=0.020, K_low=0.213, P_drag=-6.787e-03, P_cool=-1.345e-02, WENO=0.253 (x=0.253, y=0.253), ReL2D=128.77, eps_nu=8.001e-03, P_hv=1.613e-04, rho_mean=1.000000, p_mean=0.741194, div_rms=1.148e+00, vort_rms=1.975e+00, mass_err=-5.824e-11
step= 25200, t=16.058528, dt=6.278e-04, KE=1.636197e-01, Mt=0.5819, A_K=0.091, Cuv=0.110, P_in=1.452e-02, P_tgt=1.462e-02, A_F=0.297, K_low=0.217, P_drag=-6.983e-03, P_cool=-1.319e-02, WENO=0.273 (x=0.273, y=0.273), ReL2D=129.88, eps_nu=7.830e-03, P_hv=1.550e-04, rho_mean=1.000000, p_mean=0.740670, div_rms=1.123e+00, vort_rms=1.963e+00, mass_err=-5.871e-11
saved snapshot: results/hit2d/reynolds_calibration_ReL130_N256/calib_Mt060_N256_mu0p001414/hit2d_step0025200.npz
step= 25400, t=16.184230, dt=6.285e-04, KE=1.639552e-01, Mt=0.5823, A_K=0.090, Cuv=0.094, P_in=1.586e-02, P_tgt=1.556e-02, A_F=0.166, K_low=0.220, P_drag=-7.143e-03, P_cool=-1.300e-02, WENO=0.276 (x=0.276, y=0.276), ReL2D=130.58, eps_nu=7.739e-03, P_hv=1.384e-04, rho_mean=1.000000, p_mean=0.740287, div_rms=1.114e+00, vort_rms=1.954e+00, mass_err=-5.917e-11
step= 25600, t=16.310292, dt=6.336e-04, KE=1.642103e-01, Mt=0.5833, A_K=0.084, Cuv=0.079, P_in=1.681e-02, P_tgt=1.652e-02, A_F=0.085, K_low=0.222, P_drag=-7.237e-03, P_cool=-1.285e-02, WENO=0.273 (x=0.273, y=0.273), ReL2D=130.25, eps_nu=7.728e-03, P_hv=1.372e-04, rho_mean=1.000000, p_mean=0.739993, div_rms=1.120e+00, vort_rms=1.948e+00, mass_err=-5.964e-11
step= 25800, t=16.437324, dt=6.313e-04, KE=1.645020e-01, Mt=0.5841, A_K=0.071, Cuv=0.073, P_in=1.737e-02, P_tgt=1.748e-02, A_F=0.175, K_low=0.222, P_drag=-7.257e-03, P_cool=-1.273e-02, WENO=0.275 (x=0.275, y=0.275), ReL2D=128.81, eps_nu=7.755e-03, P_hv=1.423e-04, rho_mean=1.000000, p_mean=0.739739, div_rms=1.135e+00, vort_rms=1.941e+00, mass_err=-6.011e-11
step= 26000, t=16.561939, dt=6.173e-04, KE=1.649801e-01, Mt=0.5849, A_K=0.050, Cuv=0.066, P_in=1.845e-02, P_tgt=1.845e-02, A_F=0.067, K_low=0.219, P_drag=-7.197e-03, P_cool=-1.259e-02, WENO=0.275 (x=0.275, y=0.275), ReL2D=128.07, eps_nu=7.753e-03, P_hv=1.439e-04, rho_mean=1.000000, p_mean=0.739471, div_rms=1.143e+00, vort_rms=1.934e+00, mass_err=-6.057e-11
step= 26200, t=16.684821, dt=6.118e-04, KE=1.654448e-01, Mt=0.5852, A_K=0.028, Cuv=0.057, P_in=1.925e-02, P_tgt=1.942e-02, A_F=0.039, K_low=0.213, P_drag=-7.070e-03, P_cool=-1.249e-02, WENO=0.271 (x=0.271, y=0.271), ReL2D=127.15, eps_nu=7.749e-03, P_hv=1.395e-04, rho_mean=1.000000, p_mean=0.739263, div_rms=1.148e+00, vort_rms=1.930e+00, mass_err=-6.103e-11
step= 26400, t=16.806586, dt=6.031e-04, KE=1.654992e-01, Mt=0.5854, A_K=0.002, Cuv=0.042, P_in=2.032e-02, P_tgt=2.043e-02, A_F=0.091, K_low=0.208, P_drag=-6.929e-03, P_cool=-1.249e-02, WENO=0.276 (x=0.276, y=0.276), ReL2D=126.27, eps_nu=7.758e-03, P_hv=1.310e-04, rho_mean=1.000000, p_mean=0.739270, div_rms=1.142e+00, vort_rms=1.936e+00, mass_err=-6.149e-11
step= 26600, t=16.927490, dt=6.103e-04, KE=1.653402e-01, Mt=0.5858, A_K=0.012, Cuv=0.025, P_in=2.155e-02, P_tgt=2.148e-02, A_F=0.033, K_low=0.205, P_drag=-6.843e-03, P_cool=-1.256e-02, WENO=0.264 (x=0.264, y=0.264), ReL2D=125.75, eps_nu=7.793e-03, P_hv=1.313e-04, rho_mean=1.000000, p_mean=0.739414, div_rms=1.131e+00, vort_rms=1.951e+00, mass_err=-6.196e-11
step= 26800, t=17.051355, dt=6.264e-04, KE=1.656079e-01, Mt=0.5872, A_K=0.031, Cuv=0.008, P_in=2.252e-02, P_tgt=2.252e-02, A_F=0.009, K_low=0.203, P_drag=-6.828e-03, P_cool=-1.257e-02, WENO=0.267 (x=0.267, y=0.267), ReL2D=125.70, eps_nu=7.870e-03, P_hv=1.352e-04, rho_mean=1.000000, p_mean=0.739433, div_rms=1.141e+00, vort_rms=1.957e+00, mass_err=-6.242e-11
step= 27000, t=17.177849, dt=6.393e-04, KE=1.662096e-01, Mt=0.5888, A_K=0.053, Cuv=-0.011, P_in=2.340e-02, P_tgt=2.346e-02, A_F=0.295, K_low=0.203, P_drag=-6.889e-03, P_cool=-1.254e-02, WENO=0.255 (x=0.255, y=0.255), ReL2D=126.82, eps_nu=7.910e-03, P_hv=1.352e-04, rho_mean=1.000000, p_mean=0.739364, div_rms=1.152e+00, vort_rms=1.955e+00, mass_err=-6.288e-11
step= 27200, t=17.305214, dt=6.365e-04, KE=1.665072e-01, Mt=0.5894, A_K=0.073, Cuv=-0.029, P_in=2.410e-02, P_tgt=2.435e-02, A_F=0.100, K_low=0.207, P_drag=-7.025e-03, P_cool=-1.259e-02, WENO=0.243 (x=0.243, y=0.243), ReL2D=127.62, eps_nu=7.921e-03, P_hv=1.359e-04, rho_mean=1.000000, p_mean=0.739456, div_rms=1.154e+00, vort_rms=1.956e+00, mass_err=-6.334e-11
saved snapshot: results/hit2d/reynolds_calibration_ReL130_N256/calib_Mt060_N256_mu0p001414/hit2d_step0027300.npz
step= 27400, t=17.433864, dt=6.489e-04, KE=1.667716e-01, Mt=0.5894, A_K=0.085, Cuv=-0.037, P_in=2.537e-02, P_tgt=2.525e-02, A_F=0.053, K_low=0.214, P_drag=-7.238e-03, P_cool=-1.266e-02, WENO=0.227 (x=0.227, y=0.227), ReL2D=129.10, eps_nu=7.962e-03, P_hv=1.398e-04, rho_mean=1.000000, p_mean=0.739603, div_rms=1.162e+00, vort_rms=1.957e+00, mass_err=-6.381e-11
step= 27600, t=17.564359, dt=6.536e-04, KE=1.671099e-01, Mt=0.5884, A_K=0.101, Cuv=-0.031, P_in=2.621e-02, P_tgt=2.622e-02, A_F=0.012, K_low=0.221, P_drag=-7.478e-03, P_cool=-1.274e-02, WENO=0.225 (x=0.225, y=0.225), ReL2D=127.96, eps_nu=8.038e-03, P_hv=1.408e-04, rho_mean=1.000000, p_mean=0.739759, div_rms=1.174e+00, vort_rms=1.961e+00, mass_err=-6.427e-11
step= 27800, t=17.694355, dt=6.344e-04, KE=1.673104e-01, Mt=0.5868, A_K=0.112, Cuv=-0.014, P_in=2.719e-02, P_tgt=2.736e-02, A_F=0.084, K_low=0.229, P_drag=-7.689e-03, P_cool=-1.286e-02, WENO=0.229 (x=0.229, y=0.229), ReL2D=125.06, eps_nu=8.189e-03, P_hv=1.390e-04, rho_mean=1.000000, p_mean=0.740007, div_rms=1.198e+00, vort_rms=1.970e+00, mass_err=-6.474e-11
step= 28000, t=17.818416, dt=6.111e-04, KE=1.672457e-01, Mt=0.5860, A_K=0.116, Cuv=0.008, P_in=2.871e-02, P_tgt=2.869e-02, A_F=0.167, K_low=0.235, P_drag=-7.839e-03, P_cool=-1.305e-02, WENO=0.226 (x=0.226, y=0.226), ReL2D=125.36, eps_nu=8.215e-03, P_hv=1.471e-04, rho_mean=1.000000, p_mean=0.740391, div_rms=1.181e+00, vort_rms=1.988e+00, mass_err=-6.519e-11
step= 28200, t=17.943089, dt=6.390e-04, KE=1.676217e-01, Mt=0.5874, A_K=0.118, Cuv=0.020, P_in=2.986e-02, P_tgt=3.006e-02, A_F=0.048, K_low=0.240, P_drag=-7.934e-03, P_cool=-1.319e-02, WENO=0.216 (x=0.216, y=0.216), ReL2D=125.32, eps_nu=8.268e-03, P_hv=1.517e-04, rho_mean=1.000000, p_mean=0.740657, div_rms=1.166e+00, vort_rms=2.009e+00, mass_err=-6.565e-11
step= 28400, t=18.072649, dt=6.502e-04, KE=1.683523e-01, Mt=0.5898, A_K=0.120, Cuv=0.027, P_in=3.125e-02, P_tgt=3.127e-02, A_F=0.025, K_low=0.242, P_drag=-8.003e-03, P_cool=-1.328e-02, WENO=0.221 (x=0.221, y=0.221), ReL2D=125.53, eps_nu=8.254e-03, P_hv=1.427e-04, rho_mean=1.000000, p_mean=0.740851, div_rms=1.146e+00, vort_rms=2.021e+00, mass_err=-6.612e-11
step= 28600, t=18.203212, dt=6.601e-04, KE=1.697429e-01, Mt=0.5934, A_K=0.126, Cuv=0.026, P_in=3.223e-02, P_tgt=3.219e-02, A_F=0.104, K_low=0.243, P_drag=-8.083e-03, P_cool=-1.328e-02, WENO=0.236 (x=0.236, y=0.236), ReL2D=125.94, eps_nu=8.335e-03, P_hv=1.331e-04, rho_mean=1.000000, p_mean=0.740837, div_rms=1.140e+00, vort_rms=2.040e+00, mass_err=-6.658e-11
step= 28800, t=18.335227, dt=6.574e-04, KE=1.720348e-01, Mt=0.5982, A_K=0.144, Cuv=0.021, P_in=3.291e-02, P_tgt=3.266e-02, A_F=0.118, K_low=0.244, P_drag=-8.235e-03, P_cool=-1.311e-02, WENO=0.255 (x=0.255, y=0.255), ReL2D=127.71, eps_nu=8.422e-03, P_hv=1.249e-04, rho_mean=1.000000, p_mean=0.740504, div_rms=1.136e+00, vort_rms=2.058e+00, mass_err=-6.704e-11
step= 29000, t=18.465696, dt=6.406e-04, KE=1.751662e-01, Mt=0.6037, A_K=0.169, Cuv=0.026, P_in=3.245e-02, P_tgt=3.256e-02, A_F=0.107, K_low=0.246, P_drag=-8.458e-03, P_cool=-1.278e-02, WENO=0.269 (x=0.269, y=0.269), ReL2D=130.00, eps_nu=8.527e-03, P_hv=1.288e-04, rho_mean=1.000000, p_mean=0.739838, div_rms=1.141e+00, vort_rms=2.072e+00, mass_err=-6.751e-11
step= 29200, t=18.593883, dt=6.436e-04, KE=1.787212e-01, Mt=0.6098, A_K=0.190, Cuv=0.043, P_in=3.187e-02, P_tgt=3.185e-02, A_F=0.052, K_low=0.249, P_drag=-8.694e-03, P_cool=-1.235e-02, WENO=0.271 (x=0.271, y=0.271), ReL2D=130.20, eps_nu=8.805e-03, P_hv=1.291e-04, rho_mean=1.000000, p_mean=0.738981, div_rms=1.178e+00, vort_rms=2.092e+00, mass_err=-6.797e-11
step= 29400, t=18.721442, dt=6.303e-04, KE=1.814709e-01, Mt=0.6149, A_K=0.199, Cuv=0.069, P_in=3.058e-02, P_tgt=3.058e-02, A_F=0.030, K_low=0.251, P_drag=-8.886e-03, P_cool=-1.206e-02, WENO=0.265 (x=0.265, y=0.265), ReL2D=127.97, eps_nu=9.195e-03, P_hv=1.246e-04, rho_mean=1.000000, p_mean=0.738403, div_rms=1.237e+00, vort_rms=2.112e+00, mass_err=-6.843e-11
saved snapshot: results/hit2d/reynolds_calibration_ReL130_N256/calib_Mt060_N256_mu0p001414/hit2d_step0029400.npz
step= 29600, t=18.846443, dt=6.181e-04, KE=1.826682e-01, Mt=0.6168, A_K=0.197, Cuv=0.098, P_in=2.910e-02, P_tgt=2.904e-02, A_F=0.045, K_low=0.252, P_drag=-8.999e-03, P_cool=-1.204e-02, WENO=0.261 (x=0.261, y=0.261), ReL2D=125.67, eps_nu=9.486e-03, P_hv=1.252e-04, rho_mean=1.000000, p_mean=0.738365, div_rms=1.276e+00, vort_rms=2.130e+00, mass_err=-6.890e-11
step= 29800, t=18.969715, dt=6.158e-04, KE=1.826123e-01, Mt=0.6155, A_K=0.198, Cuv=0.126, P_in=2.752e-02, P_tgt=2.755e-02, A_F=0.002, K_low=0.251, P_drag=-9.018e-03, P_cool=-1.223e-02, WENO=0.255 (x=0.255, y=0.255), ReL2D=124.09, eps_nu=9.476e-03, P_hv=1.314e-04, rho_mean=1.000000, p_mean=0.738739, div_rms=1.262e+00, vort_rms=2.140e+00, mass_err=-6.937e-11
warning: flow component anisotropy has increased over the last three diagnostic samples
step= 30000, t=19.092977, dt=6.202e-04, KE=1.822337e-01, Mt=0.6122, A_K=0.202, Cuv=0.147, P_in=2.625e-02, P_tgt=2.636e-02, A_F=0.112, K_low=0.249, P_drag=-8.940e-03, P_cool=-1.244e-02, WENO=0.265 (x=0.265, y=0.265), ReL2D=123.95, eps_nu=9.243e-03, P_hv=1.424e-04, rho_mean=1.000000, p_mean=0.739171, div_rms=1.219e+00, vort_rms=2.135e+00, mass_err=-6.984e-11
warning: flow component anisotropy has increased over the last three diagnostic samples
step= 30200, t=19.218059, dt=6.284e-04, KE=1.824296e-01, Mt=0.6112, A_K=0.207, Cuv=0.162, P_in=2.533e-02, P_tgt=2.540e-02, A_F=0.019, K_low=0.244, P_drag=-8.800e-03, P_cool=-1.252e-02, WENO=0.256 (x=0.256, y=0.256), ReL2D=123.44, eps_nu=9.276e-03, P_hv=1.448e-04, rho_mean=1.000000, p_mean=0.739322, div_rms=1.223e+00, vort_rms=2.136e+00, mass_err=-7.031e-11
warning: flow component anisotropy has increased over the last three diagnostic samples
step= 30400, t=19.343923, dt=6.272e-04, KE=1.829364e-01, Mt=0.6121, A_K=0.208, Cuv=0.170, P_in=2.446e-02, P_tgt=2.446e-02, A_F=0.013, K_low=0.241, P_drag=-8.665e-03, P_cool=-1.251e-02, WENO=0.246 (x=0.246, y=0.246), ReL2D=123.93, eps_nu=9.317e-03, P_hv=1.580e-04, rho_mean=1.000000, p_mean=0.739310, div_rms=1.224e+00, vort_rms=2.143e+00, mass_err=-7.078e-11
step= 30600, t=19.466310, dt=6.043e-04, KE=1.836283e-01, Mt=0.6143, A_K=0.204, Cuv=0.172, P_in=2.345e-02, P_tgt=2.344e-02, A_F=0.050, K_low=0.238, P_drag=-8.550e-03, P_cool=-1.245e-02, WENO=0.247 (x=0.247, y=0.247), ReL2D=124.27, eps_nu=9.460e-03, P_hv=1.683e-04, rho_mean=1.000000, p_mean=0.739177, div_rms=1.246e+00, vort_rms=2.149e+00, mass_err=-7.125e-11
step= 30800, t=19.586311, dt=5.978e-04, KE=1.839871e-01, Mt=0.6162, A_K=0.195, Cuv=0.174, P_in=2.242e-02, P_tgt=2.232e-02, A_F=0.037, K_low=0.236, P_drag=-8.457e-03, P_cool=-1.242e-02, WENO=0.272 (x=0.272, y=0.272), ReL2D=125.35, eps_nu=9.477e-03, P_hv=1.608e-04, rho_mean=1.000000, p_mean=0.739128, div_rms=1.248e+00, vort_rms=2.151e+00, mass_err=-7.172e-11
step= 31000, t=19.705186, dt=5.924e-04, KE=1.842863e-01, Mt=0.6174, A_K=0.192, Cuv=0.172, P_in=2.118e-02, P_tgt=2.115e-02, A_F=0.189, K_low=0.234, P_drag=-8.381e-03, P_cool=-1.238e-02, WENO=0.297 (x=0.297, y=0.297), ReL2D=126.01, eps_nu=9.491e-03, P_hv=1.642e-04, rho_mean=1.000000, p_mean=0.739049, div_rms=1.257e+00, vort_rms=2.146e+00, mass_err=-7.218e-11
step= 31200, t=19.823229, dt=5.901e-04, KE=1.846437e-01, Mt=0.6180, A_K=0.197, Cuv=0.162, P_in=2.003e-02, P_tgt=1.999e-02, A_F=0.066, K_low=0.232, P_drag=-8.301e-03, P_cool=-1.230e-02, WENO=0.295 (x=0.295, y=0.295), ReL2D=126.51, eps_nu=9.522e-03, P_hv=1.654e-04, rho_mean=1.000000, p_mean=0.738894, div_rms=1.271e+00, vort_rms=2.140e+00, mass_err=-7.265e-11
warning: flow component anisotropy has increased over the last three diagnostic samples
step= 31400, t=19.942021, dt=6.004e-04, KE=1.847826e-01, Mt=0.6178, A_K=0.210, Cuv=0.139, P_in=1.889e-02, P_tgt=1.887e-02, A_F=0.191, K_low=0.228, P_drag=-8.172e-03, P_cool=-1.225e-02, WENO=0.285 (x=0.285, y=0.285), ReL2D=126.69, eps_nu=9.593e-03, P_hv=1.589e-04, rho_mean=1.000000, p_mean=0.738783, div_rms=1.294e+00, vort_rms=2.133e+00, mass_err=-7.311e-11
saved snapshot: results/hit2d/reynolds_calibration_ReL130_N256/calib_Mt060_N256_mu0p001414/hit2d_step0031500.npz
warning: flow component anisotropy has increased over the last three diagnostic samples
step= 31600, t=20.062934, dt=6.093e-04, KE=1.842594e-01, Mt=0.6168, A_K=0.228, Cuv=0.112, P_in=1.783e-02, P_tgt=1.786e-02, A_F=0.038, K_low=0.224, P_drag=-7.966e-03, P_cool=-1.230e-02, WENO=0.277 (x=0.277, y=0.277), ReL2D=127.13, eps_nu=9.538e-03, P_hv=1.614e-04, rho_mean=1.000000, p_mean=0.738893, div_rms=1.297e+00, vort_rms=2.122e+00, mass_err=-7.358e-11
warning: flow component anisotropy has increased over the last three diagnostic samples
step= 31800, t=20.185370, dt=6.160e-04, KE=1.827293e-01, Mt=0.6151, A_K=0.241, Cuv=0.088, P_in=1.709e-02, P_tgt=1.697e-02, A_F=0.083, K_low=0.219, P_drag=-7.646e-03, P_cool=-1.254e-02, WENO=0.275 (x=0.275, y=0.275), ReL2D=128.10, eps_nu=9.328e-03, P_hv=1.625e-04, rho_mean=1.000000, p_mean=0.739366, div_rms=1.266e+00, vort_rms=2.112e+00, mass_err=-7.405e-11
warning: flow component anisotropy has increased over the last three diagnostic samples
step= 32000, t=20.309096, dt=6.205e-04, KE=1.805227e-01, Mt=0.6135, A_K=0.247, Cuv=0.073, P_in=1.610e-02, P_tgt=1.621e-02, A_F=0.140, K_low=0.212, P_drag=-7.200e-03, P_cool=-1.289e-02, WENO=0.285 (x=0.285, y=0.285), ReL2D=128.46, eps_nu=9.127e-03, P_hv=1.463e-04, rho_mean=1.000000, p_mean=0.740069, div_rms=1.237e+00, vort_rms=2.101e+00, mass_err=-7.451e-11
step= 32200, t=20.432682, dt=6.134e-04, KE=1.779526e-01, Mt=0.6129, A_K=0.246, Cuv=0.067, P_in=1.556e-02, P_tgt=1.553e-02, A_F=0.093, K_low=0.203, P_drag=-6.670e-03, P_cool=-1.330e-02, WENO=0.297 (x=0.297, y=0.297), ReL2D=128.03, eps_nu=9.055e-03, P_hv=1.400e-04, rho_mean=1.000000, p_mean=0.740885, div_rms=1.228e+00, vort_rms=2.096e+00, mass_err=-7.498e-11
step= 32400, t=20.555336, dt=6.172e-04, KE=1.753041e-01, Mt=0.6126, A_K=0.243, Cuv=0.060, P_in=1.499e-02, P_tgt=1.491e-02, A_F=0.155, K_low=0.193, P_drag=-6.119e-03, P_cool=-1.371e-02, WENO=0.296 (x=0.296, y=0.296), ReL2D=127.69, eps_nu=9.054e-03, P_hv=1.421e-04, rho_mean=1.000000, p_mean=0.741713, div_rms=1.230e+00, vort_rms=2.094e+00, mass_err=-7.545e-11
step= 32600, t=20.678586, dt=6.145e-04, KE=1.729200e-01, Mt=0.6124, A_K=0.242, Cuv=0.052, P_in=1.414e-02, P_tgt=1.431e-02, A_F=0.235, K_low=0.182, P_drag=-5.589e-03, P_cool=-1.406e-02, WENO=0.291 (x=0.291, y=0.291), ReL2D=126.52, eps_nu=9.152e-03, P_hv=1.456e-04, rho_mean=1.000000, p_mean=0.742414, div_rms=1.256e+00, vort_rms=2.090e+00, mass_err=-7.591e-11
step= 32800, t=20.802066, dt=6.227e-04, KE=1.707281e-01, Mt=0.6111, A_K=0.244, Cuv=0.038, P_in=1.393e-02, P_tgt=1.377e-02, A_F=0.304, K_low=0.170, P_drag=-5.119e-03, P_cool=-1.437e-02, WENO=0.285 (x=0.285, y=0.285), ReL2D=123.72, eps_nu=9.308e-03, P_hv=1.572e-04, rho_mean=1.000000, p_mean=0.743018, div_rms=1.296e+00, vort_rms=2.084e+00, mass_err=-7.638e-11
warning: flow component anisotropy has increased over the last three diagnostic samples
step= 33000, t=20.927387, dt=6.279e-04, KE=1.690477e-01, Mt=0.6085, A_K=0.244, Cuv=0.014, P_in=1.330e-02, P_tgt=1.334e-02, A_F=0.136, K_low=0.159, P_drag=-4.735e-03, P_cool=-1.456e-02, WENO=0.276 (x=0.276, y=0.276), ReL2D=121.44, eps_nu=9.389e-03, P_hv=1.586e-04, rho_mean=1.000000, p_mean=0.743397, div_rms=1.319e+00, vort_rms=2.078e+00, mass_err=-7.683e-11
step= 33200, t=21.054284, dt=6.417e-04, KE=1.679278e-01, Mt=0.6052, A_K=0.239, Cuv=-0.017, P_in=1.319e-02, P_tgt=1.304e-02, A_F=0.227, K_low=0.149, P_drag=-4.462e-03, P_cool=-1.463e-02, WENO=0.277 (x=0.277, y=0.277), ReL2D=117.42, eps_nu=9.604e-03, P_hv=1.616e-04, rho_mean=1.000000, p_mean=0.743541, div_rms=1.359e+00, vort_rms=2.081e+00, mass_err=-7.731e-11
step= 33400, t=21.182685, dt=6.442e-04, KE=1.669404e-01, Mt=0.6005, A_K=0.226, Cuv=-0.044, P_in=1.300e-02, P_tgt=1.291e-02, A_F=0.117, K_low=0.143, P_drag=-4.324e-03, P_cool=-1.467e-02, WENO=0.293 (x=0.293, y=0.293), ReL2D=114.65, eps_nu=9.617e-03, P_hv=1.567e-04, rho_mean=1.000000, p_mean=0.743622, div_rms=1.360e+00, vort_rms=2.082e+00, mass_err=-7.778e-11
step= 33600, t=21.314539, dt=6.657e-04, KE=1.669900e-01, Mt=0.5972, A_K=0.202, Cuv=-0.062, P_in=1.299e-02, P_tgt=1.297e-02, A_F=0.040, K_low=0.140, P_drag=-4.335e-03, P_cool=-1.450e-02, WENO=0.291 (x=0.291, y=0.291), ReL2D=113.52, eps_nu=9.596e-03, P_hv=1.581e-04, rho_mean=1.000000, p_mean=0.743288, div_rms=1.364e+00, vort_rms=2.074e+00, mass_err=-7.824e-11
saved snapshot: results/hit2d/reynolds_calibration_ReL130_N256/calib_Mt060_N256_mu0p001414/hit2d_step0033600.npz
step= 33800, t=21.445245, dt=6.455e-04, KE=1.682113e-01, Mt=0.5963, A_K=0.168, Cuv=-0.071, P_in=1.308e-02, P_tgt=1.312e-02, A_F=0.134, K_low=0.142, P_drag=-4.469e-03, P_cool=-1.411e-02, WENO=0.272 (x=0.272, y=0.272), ReL2D=113.25, eps_nu=9.553e-03, P_hv=1.637e-04, rho_mean=1.000000, p_mean=0.742508, div_rms=1.367e+00, vort_rms=2.065e+00, mass_err=-7.871e-11
step= 34000, t=21.573660, dt=6.355e-04, KE=1.694391e-01, Mt=0.5959, A_K=0.132, Cuv=-0.069, P_in=1.342e-02, P_tgt=1.329e-02, A_F=0.044, K_low=0.146, P_drag=-4.678e-03, P_cool=-1.373e-02, WENO=0.269 (x=0.269, y=0.269), ReL2D=113.60, eps_nu=9.500e-03, P_hv=1.555e-04, rho_mean=1.000000, p_mean=0.741752, div_rms=1.366e+00, vort_rms=2.057e+00, mass_err=-7.918e-11
step= 34200, t=21.701024, dt=6.420e-04, KE=1.698417e-01, Mt=0.5948, A_K=0.095, Cuv=-0.064, P_in=1.360e-02, P_tgt=1.350e-02, A_F=0.141, K_low=0.153, P_drag=-4.938e-03, P_cool=-1.353e-02, WENO=0.280 (x=0.280, y=0.280), ReL2D=116.03, eps_nu=9.153e-03, P_hv=1.487e-04, rho_mean=1.000000, p_mean=0.741343, div_rms=1.314e+00, vort_rms=2.043e+00, mass_err=-7.962e-11
step= 34400, t=21.830117, dt=6.514e-04, KE=1.700855e-01, Mt=0.5950, A_K=0.061, Cuv=-0.063, P_in=1.371e-02, P_tgt=1.374e-02, A_F=0.357, K_low=0.162, P_drag=-5.234e-03, P_cool=-1.336e-02, WENO=0.283 (x=0.283, y=0.283), ReL2D=118.41, eps_nu=8.833e-03, P_hv=1.409e-04, rho_mean=1.000000, p_mean=0.740999, div_rms=1.264e+00, vort_rms=2.029e+00, mass_err=-8.009e-11
step= 34600, t=21.960897, dt=6.561e-04, KE=1.702234e-01, Mt=0.5959, A_K=0.044, Cuv=-0.061, P_in=1.399e-02, P_tgt=1.396e-02, A_F=0.180, K_low=0.172, P_drag=-5.569e-03, P_cool=-1.321e-02, WENO=0.280 (x=0.280, y=0.280), ReL2D=120.14, eps_nu=8.636e-03, P_hv=1.363e-04, rho_mean=1.000000, p_mean=0.740698, div_rms=1.240e+00, vort_rms=2.014e+00, mass_err=-8.055e-11
step= 34800, t=22.092223, dt=6.600e-04, KE=1.695185e-01, Mt=0.5963, A_K=0.043, Cuv=-0.063, P_in=1.418e-02, P_tgt=1.414e-02, A_F=0.135, K_low=0.185, P_drag=-5.914e-03, P_cool=-1.322e-02, WENO=0.302 (x=0.302, y=0.302), ReL2D=121.76, eps_nu=8.376e-03, P_hv=1.232e-04, rho_mean=1.000000, p_mean=0.740724, div_rms=1.202e+00, vort_rms=2.000e+00, mass_err=-8.099e-11
step= 35000, t=22.223844, dt=6.571e-04, KE=1.688410e-01, Mt=0.5973, A_K=0.047, Cuv=-0.066, P_in=1.451e-02, P_tgt=1.429e-02, A_F=0.040, K_low=0.198, P_drag=-6.259e-03, P_cool=-1.322e-02, WENO=0.310 (x=0.310, y=0.310), ReL2D=122.29, eps_nu=8.283e-03, P_hv=1.176e-04, rho_mean=1.000000, p_mean=0.740723, div_rms=1.197e+00, vort_rms=1.987e+00, mass_err=-8.146e-11
step= 35200, t=22.354880, dt=6.531e-04, KE=1.684714e-01, Mt=0.5992, A_K=0.051, Cuv=-0.064, P_in=1.419e-02, P_tgt=1.438e-02, A_F=0.033, K_low=0.209, P_drag=-6.571e-03, P_cool=-1.315e-02, WENO=0.320 (x=0.320, y=0.320), ReL2D=123.11, eps_nu=8.280e-03, P_hv=1.161e-04, rho_mean=1.000000, p_mean=0.740588, div_rms=1.201e+00, vort_rms=1.983e+00, mass_err=-8.193e-11
step= 35400, t=22.485446, dt=6.534e-04, KE=1.686639e-01, Mt=0.6013, A_K=0.053, Cuv=-0.055, P_in=1.440e-02, P_tgt=1.437e-02, A_F=0.025, K_low=0.217, P_drag=-6.819e-03, P_cool=-1.297e-02, WENO=0.305 (x=0.305, y=0.305), ReL2D=122.01, eps_nu=8.418e-03, P_hv=1.232e-04, rho_mean=1.000000, p_mean=0.740223, div_rms=1.230e+00, vort_rms=1.984e+00, mass_err=-8.238e-11
step= 35600, t=22.616516, dt=6.583e-04, KE=1.688583e-01, Mt=0.6019, A_K=0.055, Cuv=-0.045, P_in=1.421e-02, P_tgt=1.428e-02, A_F=0.094, K_low=0.221, P_drag=-6.967e-03, P_cool=-1.278e-02, WENO=0.288 (x=0.288, y=0.288), ReL2D=119.41, eps_nu=8.623e-03, P_hv=1.271e-04, rho_mean=1.000000, p_mean=0.739855, div_rms=1.276e+00, vort_rms=1.981e+00, mass_err=-8.284e-11
saved snapshot: results/hit2d/reynolds_calibration_ReL130_N256/calib_Mt060_N256_mu0p001414/hit2d_step0035700.npz
step= 35800, t=22.747911, dt=6.453e-04, KE=1.683548e-01, Mt=0.5996, A_K=0.059, Cuv=-0.034, P_in=1.423e-02, P_tgt=1.424e-02, A_F=0.079, K_low=0.221, P_drag=-7.021e-03, P_cool=-1.274e-02, WENO=0.267 (x=0.267, y=0.267), ReL2D=118.17, eps_nu=8.585e-03, P_hv=1.293e-04, rho_mean=1.000000, p_mean=0.739767, div_rms=1.275e+00, vort_rms=1.975e+00, mass_err=-8.331e-11
step= 36000, t=22.875884, dt=6.439e-04, KE=1.677377e-01, Mt=0.5971, A_K=0.062, Cuv=-0.019, P_in=1.438e-02, P_tgt=1.431e-02, A_F=0.011, K_low=0.218, P_drag=-6.994e-03, P_cool=-1.273e-02, WENO=0.253 (x=0.253, y=0.253), ReL2D=116.74, eps_nu=8.590e-03, P_hv=1.364e-04, rho_mean=1.000000, p_mean=0.739741, div_rms=1.280e+00, vort_rms=1.972e+00, mass_err=-8.377e-11
step= 36200, t=23.004223, dt=6.378e-04, KE=1.667864e-01, Mt=0.5944, A_K=0.060, Cuv=-0.002, P_in=1.452e-02, P_tgt=1.452e-02, A_F=0.023, K_low=0.215, P_drag=-6.922e-03, P_cool=-1.279e-02, WENO=0.263 (x=0.263, y=0.263), ReL2D=117.31, eps_nu=8.360e-03, P_hv=1.347e-04, rho_mean=1.000000, p_mean=0.739860, div_rms=1.240e+00, vort_rms=1.965e+00, mass_err=-8.423e-11
step= 36400, t=23.131133, dt=6.318e-04, KE=1.671828e-01, Mt=0.5939, A_K=0.050, Cuv=0.018, P_in=1.480e-02, P_tgt=1.482e-02, A_F=0.187, K_low=0.211, P_drag=-6.851e-03, P_cool=-1.259e-02, WENO=0.267 (x=0.267, y=0.267), ReL2D=117.43, eps_nu=8.346e-03, P_hv=1.440e-04, rho_mean=1.000000, p_mean=0.739471, div_rms=1.247e+00, vort_rms=1.957e+00, mass_err=-8.469e-11
step= 36600, t=23.257209, dt=6.326e-04, KE=1.682818e-01, Mt=0.5949, A_K=0.034, Cuv=0.038, P_in=1.501e-02, P_tgt=1.510e-02, A_F=0.044, K_low=0.208, P_drag=-6.806e-03, P_cool=-1.228e-02, WENO=0.244 (x=0.244, y=0.244), ReL2D=117.12, eps_nu=8.424e-03, P_hv=1.461e-04, rho_mean=1.000000, p_mean=0.738845, div_rms=1.269e+00, vort_rms=1.952e+00, mass_err=-8.516e-11
step= 36800, t=23.385151, dt=6.475e-04, KE=1.687753e-01, Mt=0.5943, A_K=0.023, Cuv=0.055, P_in=1.533e-02, P_tgt=1.537e-02, A_F=0.085, K_low=0.208, P_drag=-6.813e-03, P_cool=-1.210e-02, WENO=0.237 (x=0.237, y=0.237), ReL2D=118.33, eps_nu=8.356e-03, P_hv=1.364e-04, rho_mean=1.000000, p_mean=0.738486, div_rms=1.252e+00, vort_rms=1.955e+00, mass_err=-8.562e-11
step= 37000, t=23.515591, dt=6.568e-04, KE=1.690490e-01, Mt=0.5927, A_K=0.013, Cuv=0.067, P_in=1.580e-02, P_tgt=1.572e-02, A_F=0.039, K_low=0.210, P_drag=-6.879e-03, P_cool=-1.197e-02, WENO=0.234 (x=0.234, y=0.234), ReL2D=119.24, eps_nu=8.228e-03, P_hv=1.285e-04, rho_mean=1.000000, p_mean=0.738225, div_rms=1.224e+00, vort_rms=1.955e+00, mass_err=-8.609e-11
step= 37200, t=23.648313, dt=6.690e-04, KE=1.690101e-01, Mt=0.5907, A_K=0.012, Cuv=0.088, P_in=1.583e-02, P_tgt=1.616e-02, A_F=0.014, K_low=0.214, P_drag=-7.005e-03, P_cool=-1.190e-02, WENO=0.239 (x=0.239, y=0.239), ReL2D=121.11, eps_nu=7.986e-03, P_hv=1.211e-04, rho_mean=1.000000, p_mean=0.738088, div_rms=1.177e+00, vort_rms=1.950e+00, mass_err=-8.656e-11
step= 37400, t=23.783267, dt=6.827e-04, KE=1.690371e-01, Mt=0.5895, A_K=0.022, Cuv=0.111, P_in=1.684e-02, P_tgt=1.673e-02, A_F=0.082, K_low=0.219, P_drag=-7.166e-03, P_cool=-1.182e-02, WENO=0.235 (x=0.235, y=0.235), ReL2D=124.03, eps_nu=7.739e-03, P_hv=1.163e-04, rho_mean=1.000000, p_mean=0.737926, div_rms=1.122e+00, vort_rms=1.948e+00, mass_err=-8.703e-11
step= 37600, t=23.919496, dt=6.755e-04, KE=1.699387e-01, Mt=0.5910, A_K=0.044, Cuv=0.121, P_in=1.712e-02, P_tgt=1.730e-02, A_F=0.068, K_low=0.223, P_drag=-7.322e-03, P_cool=-1.157e-02, WENO=0.248 (x=0.248, y=0.248), ReL2D=125.70, eps_nu=7.788e-03, P_hv=1.145e-04, rho_mean=1.000000, p_mean=0.737430, div_rms=1.129e+00, vort_rms=1.951e+00, mass_err=-8.750e-11
step= 37800, t=24.053532, dt=6.652e-04, KE=1.704235e-01, Mt=0.5925, A_K=0.074, Cuv=0.127, P_in=1.779e-02, P_tgt=1.779e-02, A_F=0.049, K_low=0.226, P_drag=-7.410e-03, P_cool=-1.142e-02, WENO=0.260 (x=0.260, y=0.260), ReL2D=128.31, eps_nu=7.756e-03, P_hv=1.088e-04, rho_mean=1.000000, p_mean=0.737134, div_rms=1.123e+00, vort_rms=1.950e+00, mass_err=-8.797e-11
saved snapshot: results/hit2d/reynolds_calibration_ReL130_N256/calib_Mt060_N256_mu0p001414/hit2d_step0037800.npz
step= 38000, t=24.185102, dt=6.432e-04, KE=1.706723e-01, Mt=0.5934, A_K=0.110, Cuv=0.133, P_in=1.821e-02, P_tgt=1.822e-02, A_F=0.045, K_low=0.226, P_drag=-7.390e-03, P_cool=-1.134e-02, WENO=0.261 (x=0.261, y=0.261), ReL2D=129.12, eps_nu=7.827e-03, P_hv=1.106e-04, rho_mean=1.000000, p_mean=0.736973, div_rms=1.134e+00, vort_rms=1.954e+00, mass_err=-8.843e-11
step= 38200, t=24.314292, dt=6.548e-04, KE=1.704408e-01, Mt=0.5930, A_K=0.145, Cuv=0.135, P_in=1.873e-02, P_tgt=1.864e-02, A_F=0.014, K_low=0.223, P_drag=-7.250e-03, P_cool=-1.138e-02, WENO=0.252 (x=0.252, y=0.252), ReL2D=130.56, eps_nu=7.866e-03, P_hv=1.075e-04, rho_mean=1.000000, p_mean=0.737055, div_rms=1.141e+00, vort_rms=1.956e+00, mass_err=-8.890e-11
step= 38400, t=24.446105, dt=6.604e-04, KE=1.696162e-01, Mt=0.5915, A_K=0.171, Cuv=0.131, P_in=1.917e-02, P_tgt=1.913e-02, A_F=0.105, K_low=0.218, P_drag=-7.014e-03, P_cool=-1.157e-02, WENO=0.261 (x=0.261, y=0.261), ReL2D=131.62, eps_nu=7.924e-03, P_hv=1.072e-04, rho_mean=1.000000, p_mean=0.737425, div_rms=1.153e+00, vort_rms=1.957e+00, mass_err=-8.938e-11
step= 38600, t=24.578300, dt=6.614e-04, KE=1.683150e-01, Mt=0.5897, A_K=0.184, Cuv=0.125, P_in=1.968e-02, P_tgt=1.975e-02, A_F=0.083, K_low=0.212, P_drag=-6.728e-03, P_cool=-1.187e-02, WENO=0.263 (x=0.263, y=0.263), ReL2D=131.71, eps_nu=8.031e-03, P_hv=1.139e-04, rho_mean=1.000000, p_mean=0.738030, div_rms=1.172e+00, vort_rms=1.962e+00, mass_err=-8.986e-11
step= 38800, t=24.709076, dt=6.450e-04, KE=1.671617e-01, Mt=0.5893, A_K=0.183, Cuv=0.125, P_in=2.048e-02, P_tgt=2.049e-02, A_F=0.011, K_low=0.205, P_drag=-6.457e-03, P_cool=-1.216e-02, WENO=0.261 (x=0.261, y=0.261), ReL2D=130.83, eps_nu=8.171e-03, P_hv=1.197e-04, rho_mean=1.000000, p_mean=0.738613, div_rms=1.196e+00, vort_rms=1.968e+00, mass_err=-9.032e-11
step= 39000, t=24.836000, dt=6.224e-04, KE=1.661745e-01, Mt=0.5894, A_K=0.169, Cuv=0.119, P_in=2.111e-02, P_tgt=2.125e-02, A_F=0.298, K_low=0.201, P_drag=-6.247e-03, P_cool=-1.243e-02, WENO=0.270 (x=0.270, y=0.270), ReL2D=129.23, eps_nu=8.364e-03, P_hv=1.210e-04, rho_mean=1.000000, p_mean=0.739147, div_rms=1.229e+00, vort_rms=1.975e+00, mass_err=-9.079e-11
step= 39200, t=24.957905, dt=6.006e-04, KE=1.653397e-01, Mt=0.5891, A_K=0.149, Cuv=0.107, P_in=2.189e-02, P_tgt=2.204e-02, A_F=0.323, K_low=0.198, P_drag=-6.108e-03, P_cool=-1.267e-02, WENO=0.267 (x=0.267, y=0.267), ReL2D=127.54, eps_nu=8.426e-03, P_hv=1.262e-04, rho_mean=1.000000, p_mean=0.739632, div_rms=1.229e+00, vort_rms=1.987e+00, mass_err=-9.126e-11
step= 39400, t=25.077672, dt=6.004e-04, KE=1.648991e-01, Mt=0.5886, A_K=0.126, Cuv=0.088, P_in=2.296e-02, P_tgt=2.290e-02, A_F=0.238, K_low=0.196, P_drag=-6.031e-03, P_cool=-1.284e-02, WENO=0.274 (x=0.274, y=0.274), ReL2D=127.32, eps_nu=8.335e-03, P_hv=1.331e-04, rho_mean=1.000000, p_mean=0.739972, div_rms=1.203e+00, vort_rms=1.991e+00, mass_err=-9.172e-11
step= 39600, t=25.200310, dt=6.253e-04, KE=1.654952e-01, Mt=0.5891, A_K=0.108, Cuv=0.068, P_in=2.386e-02, P_tgt=2.380e-02, A_F=0.213, K_low=0.195, P_drag=-6.002e-03, P_cool=-1.282e-02, WENO=0.259 (x=0.259, y=0.259), ReL2D=125.90, eps_nu=8.403e-03, P_hv=1.341e-04, rho_mean=1.000000, p_mean=0.739923, div_rms=1.222e+00, vort_rms=1.988e+00, mass_err=-9.218e-11
step= 39800, t=25.327759, dt=6.462e-04, KE=1.665211e-01, Mt=0.5902, A_K=0.101, Cuv=0.055, P_in=2.474e-02, P_tgt=2.465e-02, A_F=0.070, K_low=0.194, P_drag=-6.024e-03, P_cool=-1.273e-02, WENO=0.266 (x=0.266, y=0.266), ReL2D=125.05, eps_nu=8.485e-03, P_hv=1.323e-04, rho_mean=1.000000, p_mean=0.739753, div_rms=1.247e+00, vort_rms=1.981e+00, mass_err=-9.265e-11
saved snapshot: results/hit2d/reynolds_calibration_ReL130_N256/calib_Mt060_N256_mu0p001414/hit2d_step0039900.npz
step= 40000, t=25.456530, dt=6.452e-04, KE=1.678355e-01, Mt=0.5914, A_K=0.102, Cuv=0.049, P_in=2.553e-02, P_tgt=2.544e-02, A_F=0.134, K_low=0.194, P_drag=-6.101e-03, P_cool=-1.262e-02, WENO=0.277 (x=0.277, y=0.277), ReL2D=124.46, eps_nu=8.554e-03, P_hv=1.278e-04, rho_mean=1.000000, p_mean=0.739520, div_rms=1.263e+00, vort_rms=1.981e+00, mass_err=-9.311e-11
step= 40200, t=25.586301, dt=6.535e-04, KE=1.693880e-01, Mt=0.5931, A_K=0.107, Cuv=0.052, P_in=2.611e-02, P_tgt=2.612e-02, A_F=0.043, K_low=0.194, P_drag=-6.214e-03, P_cool=-1.248e-02, WENO=0.286 (x=0.286, y=0.286), ReL2D=123.45, eps_nu=8.688e-03, P_hv=1.271e-04, rho_mean=1.000000, p_mean=0.739246, div_rms=1.276e+00, vort_rms=1.993e+00, mass_err=-9.358e-11
step= 40400, t=25.715950, dt=6.456e-04, KE=1.702715e-01, Mt=0.5940, A_K=0.118, Cuv=0.059, P_in=2.649e-02, P_tgt=2.669e-02, A_F=0.012, K_low=0.196, P_drag=-6.347e-03, P_cool=-1.250e-02, WENO=0.274 (x=0.274, y=0.274), ReL2D=122.77, eps_nu=8.728e-03, P_hv=1.353e-04, rho_mean=1.000000, p_mean=0.739283, div_rms=1.264e+00, vort_rms=2.011e+00, mass_err=-9.405e-11
step= 40600, t=25.845209, dt=6.415e-04, KE=1.710263e-01, Mt=0.5951, A_K=0.127, Cuv=0.075, P_in=2.722e-02, P_tgt=2.720e-02, A_F=0.093, K_low=0.199, P_drag=-6.491e-03, P_cool=-1.256e-02, WENO=0.278 (x=0.278, y=0.278), ReL2D=124.00, eps_nu=8.627e-03, P_hv=1.457e-04, rho_mean=1.000000, p_mean=0.739399, div_rms=1.222e+00, vort_rms=2.027e+00, mass_err=-9.451e-11
step= 40800, t=25.972510, dt=6.343e-04, KE=1.726506e-01, Mt=0.5981, A_K=0.132, Cuv=0.091, P_in=2.749e-02, P_tgt=2.753e-02, A_F=0.109, K_low=0.201, P_drag=-6.634e-03, P_cool=-1.245e-02, WENO=0.273 (x=0.273, y=0.273), ReL2D=125.16, eps_nu=8.645e-03, P_hv=1.492e-04, rho_mean=1.000000, p_mean=0.739177, div_rms=1.211e+00, vort_rms=2.039e+00, mass_err=-9.498e-11
step= 41000, t=26.099890, dt=6.400e-04, KE=1.745232e-01, Mt=0.6021, A_K=0.134, Cuv=0.101, P_in=2.751e-02, P_tgt=2.753e-02, A_F=0.173, K_low=0.204, P_drag=-6.759e-03, P_cool=-1.229e-02, WENO=0.283 (x=0.283, y=0.283), ReL2D=128.13, eps_nu=8.595e-03, P_hv=1.424e-04, rho_mean=1.000000, p_mean=0.738862, div_rms=1.179e+00, vort_rms=2.056e+00, mass_err=-9.543e-11
step= 41200, t=26.229101, dt=6.498e-04, KE=1.765109e-01, Mt=0.6071, A_K=0.130, Cuv=0.108, P_in=2.744e-02, P_tgt=2.713e-02, A_F=0.149, K_low=0.207, P_drag=-6.870e-03, P_cool=-1.211e-02, WENO=0.268 (x=0.268, y=0.268), ReL2D=131.60, eps_nu=8.516e-03, P_hv=1.442e-04, rho_mean=1.000000, p_mean=0.738498, div_rms=1.143e+00, vort_rms=2.069e+00, mass_err=-9.590e-11
step= 41400, t=26.356848, dt=6.356e-04, KE=1.784402e-01, Mt=0.6116, A_K=0.133, Cuv=0.115, P_in=2.641e-02, P_tgt=2.631e-02, A_F=0.291, K_low=0.210, P_drag=-6.993e-03, P_cool=-1.192e-02, WENO=0.266 (x=0.266, y=0.266), ReL2D=134.46, eps_nu=8.509e-03, P_hv=1.467e-04, rho_mean=1.000000, p_mean=0.738128, div_rms=1.128e+00, vort_rms=2.079e+00, mass_err=-9.636e-11
step= 41600, t=26.485321, dt=6.495e-04, KE=1.800282e-01, Mt=0.6141, A_K=0.147, Cuv=0.124, P_in=2.511e-02, P_tgt=2.523e-02, A_F=0.415, K_low=0.213, P_drag=-7.136e-03, P_cool=-1.178e-02, WENO=0.261 (x=0.261, y=0.261), ReL2D=136.64, eps_nu=8.551e-03, P_hv=1.387e-04, rho_mean=1.000000, p_mean=0.737851, div_rms=1.121e+00, vort_rms=2.091e+00, mass_err=-9.683e-11
step= 41800, t=26.616483, dt=6.618e-04, KE=1.813119e-01, Mt=0.6151, A_K=0.172, Cuv=0.130, P_in=2.412e-02, P_tgt=2.407e-02, A_F=0.152, K_low=0.216, P_drag=-7.305e-03, P_cool=-1.168e-02, WENO=0.258 (x=0.258, y=0.258), ReL2D=139.78, eps_nu=8.561e-03, P_hv=1.336e-04, rho_mean=1.000000, p_mean=0.737648, div_rms=1.104e+00, vort_rms=2.104e+00, mass_err=-9.729e-11
step= 42000, t=26.748481, dt=6.562e-04, KE=1.823568e-01, Mt=0.6150, A_K=0.194, Cuv=0.118, P_in=2.297e-02, P_tgt=2.292e-02, A_F=0.223, K_low=0.219, P_drag=-7.496e-03, P_cool=-1.160e-02, WENO=0.238 (x=0.238, y=0.238), ReL2D=142.67, eps_nu=8.550e-03, P_hv=1.382e-04, rho_mean=1.000000, p_mean=0.737476, div_rms=1.095e+00, vort_rms=2.109e+00, mass_err=-9.775e-11
saved snapshot: results/hit2d/reynolds_calibration_ReL130_N256/calib_Mt060_N256_mu0p001414/hit2d_step0042000.npz
warning: flow component anisotropy has increased over the last three diagnostic samples
step= 42200, t=26.879619, dt=6.524e-04, KE=1.828658e-01, Mt=0.6146, A_K=0.213, Cuv=0.095, P_in=2.185e-02, P_tgt=2.186e-02, A_F=0.120, K_low=0.223, P_drag=-7.683e-03, P_cool=-1.158e-02, WENO=0.239 (x=0.239, y=0.239), ReL2D=144.50, eps_nu=8.511e-03, P_hv=1.422e-04, rho_mean=1.000000, p_mean=0.737446, div_rms=1.090e+00, vort_rms=2.106e+00, mass_err=-9.821e-11
warning: flow component anisotropy has increased over the last three diagnostic samples
step= 42400, t=27.008576, dt=6.524e-04, KE=1.826882e-01, Mt=0.6143, A_K=0.229, Cuv=0.062, P_in=2.100e-02, P_tgt=2.087e-02, A_F=0.169, K_low=0.227, P_drag=-7.849e-03, P_cool=-1.167e-02, WENO=0.232 (x=0.232, y=0.232), ReL2D=143.73, eps_nu=8.587e-03, P_hv=1.433e-04, rho_mean=1.000000, p_mean=0.737617, div_rms=1.105e+00, vort_rms=2.108e+00, mass_err=-9.867e-11
warning: flow component anisotropy has increased over the last three diagnostic samples
step= 42600, t=27.139178, dt=6.509e-04, KE=1.812495e-01, Mt=0.6136, A_K=0.237, Cuv=0.035, P_in=1.983e-02, P_tgt=1.995e-02, A_F=0.128, K_low=0.230, P_drag=-7.932e-03, P_cool=-1.197e-02, WENO=0.242 (x=0.242, y=0.242), ReL2D=143.03, eps_nu=8.577e-03, P_hv=1.365e-04, rho_mean=1.000000, p_mean=0.738218, div_rms=1.096e+00, vort_rms=2.112e+00, mass_err=-9.914e-11
warning: flow component anisotropy has increased over the last three diagnostic samples
step= 42800, t=27.269519, dt=6.553e-04, KE=1.801540e-01, Mt=0.6134, A_K=0.240, Cuv=0.007, P_in=1.933e-02, P_tgt=1.911e-02, A_F=0.100, K_low=0.230, P_drag=-7.920e-03, P_cool=-1.217e-02, WENO=0.263 (x=0.263, y=0.263), ReL2D=141.92, eps_nu=8.603e-03, P_hv=1.314e-04, rho_mean=1.000000, p_mean=0.738627, div_rms=1.095e+00, vort_rms=2.118e+00, mass_err=-9.961e-11
step= 43000, t=27.401520, dt=6.695e-04, KE=1.798298e-01, Mt=0.6147, A_K=0.235, Cuv=-0.021, P_in=1.834e-02, P_tgt=1.826e-02, A_F=0.250, K_low=0.227, P_drag=-7.819e-03, P_cool=-1.221e-02, WENO=0.258 (x=0.258, y=0.258), ReL2D=139.50, eps_nu=8.770e-03, P_hv=1.413e-04, rho_mean=1.000000, p_mean=0.738705, div_rms=1.120e+00, vort_rms=2.128e+00, mass_err=-1.001e-10
step= 43200, t=27.534462, dt=6.598e-04, KE=1.787723e-01, Mt=0.6157, A_K=0.221, Cuv=-0.027, P_in=1.743e-02, P_tgt=1.739e-02, A_F=0.125, K_low=0.225, P_drag=-7.644e-03, P_cool=-1.238e-02, WENO=0.263 (x=0.263, y=0.263), ReL2D=137.11, eps_nu=8.966e-03, P_hv=1.474e-04, rho_mean=1.000000, p_mean=0.739051, div_rms=1.116e+00, vort_rms=2.163e+00, mass_err=-1.005e-10
step= 43400, t=27.667397, dt=6.694e-04, KE=1.774520e-01, Mt=0.6148, A_K=0.212, Cuv=-0.030, P_in=1.656e-02, P_tgt=1.655e-02, A_F=0.070, K_low=0.222, P_drag=-7.458e-03, P_cool=-1.258e-02, WENO=0.265 (x=0.265, y=0.265), ReL2D=133.04, eps_nu=9.125e-03, P_hv=1.557e-04, rho_mean=1.000000, p_mean=0.739450, div_rms=1.129e+00, vort_rms=2.180e+00, mass_err=-1.010e-10
step= 43600, t=27.799272, dt=6.503e-04, KE=1.759200e-01, Mt=0.6121, A_K=0.192, Cuv=-0.037, P_in=1.565e-02, P_tgt=1.583e-02, A_F=0.034, K_low=0.220, P_drag=-7.318e-03, P_cool=-1.280e-02, WENO=0.261 (x=0.261, y=0.261), ReL2D=127.39, eps_nu=9.370e-03, P_hv=1.681e-04, rho_mean=1.000000, p_mean=0.739881, div_rms=1.162e+00, vort_rms=2.197e+00, mass_err=-1.015e-10
step= 43800, t=27.929062, dt=6.489e-04, KE=1.740785e-01, Mt=0.6085, A_K=0.161, Cuv=-0.038, P_in=1.520e-02, P_tgt=1.532e-02, A_F=0.070, K_low=0.221, P_drag=-7.232e-03, P_cool=-1.305e-02, WENO=0.290 (x=0.290, y=0.290), ReL2D=122.26, eps_nu=9.538e-03, P_hv=1.683e-04, rho_mean=1.000000, p_mean=0.740385, div_rms=1.201e+00, vort_rms=2.196e+00, mass_err=-1.019e-10
step= 44000, t=28.061358, dt=6.776e-04, KE=1.731763e-01, Mt=0.6075, A_K=0.126, Cuv=-0.045, P_in=1.495e-02, P_tgt=1.494e-02, A_F=0.094, K_low=0.221, P_drag=-7.200e-03, P_cool=-1.309e-02, WENO=0.297 (x=0.297, y=0.297), ReL2D=118.54, eps_nu=9.862e-03, P_hv=1.662e-04, rho_mean=1.000000, p_mean=0.740473, div_rms=1.274e+00, vort_rms=2.194e+00, mass_err=-1.024e-10
saved snapshot: results/hit2d/reynolds_calibration_ReL130_N256/calib_Mt060_N256_mu0p001414/hit2d_step0044100.npz
step= 44200, t=28.196507, dt=6.749e-04, KE=1.733603e-01, Mt=0.6082, A_K=0.093, Cuv=-0.050, P_in=1.488e-02, P_tgt=1.456e-02, A_F=0.099, K_low=0.222, P_drag=-7.204e-03, P_cool=-1.291e-02, WENO=0.296 (x=0.296, y=0.296), ReL2D=116.37, eps_nu=1.016e-02, P_hv=1.936e-04, rho_mean=1.000000, p_mean=0.740108, div_rms=1.333e+00, vort_rms=2.194e+00, mass_err=-1.029e-10
step= 44400, t=28.329977, dt=6.562e-04, KE=1.734134e-01, Mt=0.6076, A_K=0.058, Cuv=-0.061, P_in=1.420e-02, P_tgt=1.418e-02, A_F=0.039, K_low=0.223, P_drag=-7.200e-03, P_cool=-1.275e-02, WENO=0.304 (x=0.304, y=0.304), ReL2D=115.00, eps_nu=1.027e-02, P_hv=1.895e-04, rho_mean=1.000000, p_mean=0.739789, div_rms=1.354e+00, vort_rms=2.195e+00, mass_err=-1.033e-10
step= 44600, t=28.459776, dt=6.432e-04, KE=1.729936e-01, Mt=0.6050, A_K=0.029, Cuv=-0.070, P_in=1.390e-02, P_tgt=1.388e-02, A_F=0.013, K_low=0.222, P_drag=-7.155e-03, P_cool=-1.268e-02, WENO=0.297 (x=0.297, y=0.297), ReL2D=113.01, eps_nu=1.033e-02, P_hv=1.718e-04, rho_mean=1.000000, p_mean=0.739655, div_rms=1.373e+00, vort_rms=2.189e+00, mass_err=-1.038e-10
step= 44800, t=28.588280, dt=6.462e-04, KE=1.713925e-01, Mt=0.6004, A_K=0.011, Cuv=-0.080, P_in=1.376e-02, P_tgt=1.375e-02, A_F=0.024, K_low=0.220, P_drag=-7.068e-03, P_cool=-1.286e-02, WENO=0.296 (x=0.296, y=0.296), ReL2D=113.91, eps_nu=1.000e-02, P_hv=1.599e-04, rho_mean=1.000000, p_mean=0.739999, div_rms=1.316e+00, vort_rms=2.182e+00, mass_err=-1.043e-10
step= 45000, t=28.718950, dt=6.593e-04, KE=1.692419e-01, Mt=0.5958, A_K=0.004, Cuv=-0.089, P_in=1.392e-02, P_tgt=1.384e-02, A_F=0.154, K_low=0.220, P_drag=-6.973e-03, P_cool=-1.313e-02, WENO=0.303 (x=0.303, y=0.303), ReL2D=114.25, eps_nu=9.685e-03, P_hv=1.625e-04, rho_mean=1.000000, p_mean=0.740552, div_rms=1.270e+00, vort_rms=2.168e+00, mass_err=-1.047e-10
step= 45200, t=28.851562, dt=6.649e-04, KE=1.670858e-01, Mt=0.5929, A_K=0.006, Cuv=-0.096, P_in=1.415e-02, P_tgt=1.412e-02, A_F=0.167, K_low=0.222, P_drag=-6.934e-03, P_cool=-1.341e-02, WENO=0.309 (x=0.309, y=0.309), ReL2D=114.71, eps_nu=9.468e-03, P_hv=1.732e-04, rho_mean=1.000000, p_mean=0.741101, div_rms=1.244e+00, vort_rms=2.152e+00, mass_err=-1.052e-10
step= 45400, t=28.985560, dt=6.766e-04, KE=1.653535e-01, Mt=0.5918, A_K=0.012, Cuv=-0.103, P_in=1.442e-02, P_tgt=1.450e-02, A_F=0.243, K_low=0.227, P_drag=-6.977e-03, P_cool=-1.359e-02, WENO=0.330 (x=0.330, y=0.330), ReL2D=115.29, eps_nu=9.381e-03, P_hv=1.590e-04, rho_mean=1.000000, p_mean=0.741474, div_rms=1.238e+00, vort_rms=2.143e+00, mass_err=-1.056e-10
step= 45600, t=29.121674, dt=6.757e-04, KE=1.642546e-01, Mt=0.5927, A_K=0.019, Cuv=-0.112, P_in=1.489e-02, P_tgt=1.489e-02, A_F=0.086, K_low=0.234, P_drag=-7.100e-03, P_cool=-1.365e-02, WENO=0.336 (x=0.336, y=0.336), ReL2D=115.49, eps_nu=9.399e-03, P_hv=1.444e-04, rho_mean=1.000000, p_mean=0.741576, div_rms=1.248e+00, vort_rms=2.138e+00, mass_err=-1.061e-10
step= 45800, t=29.254275, dt=6.524e-04, KE=1.642319e-01, Mt=0.5952, A_K=0.030, Cuv=-0.115, P_in=1.503e-02, P_tgt=1.521e-02, A_F=0.044, K_low=0.240, P_drag=-7.268e-03, P_cool=-1.348e-02, WENO=0.315 (x=0.315, y=0.315), ReL2D=115.88, eps_nu=9.486e-03, P_hv=1.519e-04, rho_mean=1.000000, p_mean=0.741246, div_rms=1.273e+00, vort_rms=2.132e+00, mass_err=-1.066e-10
step= 46000, t=29.383963, dt=6.466e-04, KE=1.646337e-01, Mt=0.5968, A_K=0.052, Cuv=-0.110, P_in=1.539e-02, P_tgt=1.540e-02, A_F=0.101, K_low=0.245, P_drag=-7.454e-03, P_cool=-1.324e-02, WENO=0.305 (x=0.305, y=0.305), ReL2D=115.70, eps_nu=9.581e-03, P_hv=1.687e-04, rho_mean=1.000000, p_mean=0.740760, div_rms=1.304e+00, vort_rms=2.123e+00, mass_err=-1.071e-10
step= 46200, t=29.510808, dt=6.111e-04, KE=1.646848e-01, Mt=0.5957, A_K=0.080, Cuv=-0.097, P_in=1.570e-02, P_tgt=1.559e-02, A_F=0.021, K_low=0.248, P_drag=-7.641e-03, P_cool=-1.308e-02, WENO=0.301 (x=0.301, y=0.301), ReL2D=115.06, eps_nu=9.649e-03, P_hv=1.753e-04, rho_mean=1.000000, p_mean=0.740438, div_rms=1.327e+00, vort_rms=2.115e+00, mass_err=-1.075e-10
saved snapshot: results/hit2d/reynolds_calibration_ReL130_N256/calib_Mt060_N256_mu0p001414/hit2d_step0046200.npz
step= 46400, t=29.629175, dt=5.770e-04, KE=1.641152e-01, Mt=0.5925, A_K=0.108, Cuv=-0.082, P_in=1.591e-02, P_tgt=1.589e-02, A_F=0.169, K_low=0.251, P_drag=-7.827e-03, P_cool=-1.306e-02, WENO=0.301 (x=0.301, y=0.301), ReL2D=113.18, eps_nu=9.744e-03, P_hv=1.887e-04, rho_mean=1.000000, p_mean=0.740404, div_rms=1.347e+00, vort_rms=2.115e+00, mass_err=-1.080e-10
step= 46600, t=29.743356, dt=5.681e-04, KE=1.630029e-01, Mt=0.5886, A_K=0.142, Cuv=-0.073, P_in=1.655e-02, P_tgt=1.642e-02, A_F=0.027, K_low=0.257, P_drag=-8.061e-03, P_cool=-1.316e-02, WENO=0.314 (x=0.314, y=0.314), ReL2D=112.91, eps_nu=9.583e-03, P_hv=1.909e-04, rho_mean=1.000000, p_mean=0.740609, div_rms=1.309e+00, vort_rms=2.120e+00, mass_err=-1.084e-10
step= 46800, t=29.857150, dt=5.712e-04, KE=1.625535e-01, Mt=0.5876, A_K=0.179, Cuv=-0.057, P_in=1.712e-02, P_tgt=1.712e-02, A_F=0.057, K_low=0.266, P_drag=-8.345e-03, P_cool=-1.314e-02, WENO=0.312 (x=0.312, y=0.312), ReL2D=113.60, eps_nu=9.502e-03, P_hv=1.831e-04, rho_mean=1.000000, p_mean=0.740569, div_rms=1.285e+00, vort_rms=2.125e+00, mass_err=-1.089e-10
warning: flow component anisotropy has increased over the last three diagnostic samples
step= 47000, t=29.972172, dt=5.804e-04, KE=1.627366e-01, Mt=0.5888, A_K=0.214, Cuv=-0.036, P_in=1.794e-02, P_tgt=1.783e-02, A_F=0.096, K_low=0.276, P_drag=-8.686e-03, P_cool=-1.301e-02, WENO=0.305 (x=0.305, y=0.305), ReL2D=115.42, eps_nu=9.363e-03, P_hv=1.851e-04, rho_mean=1.000000, p_mean=0.740302, div_rms=1.256e+00, vort_rms=2.126e+00, mass_err=-1.094e-10
warning: flow component anisotropy has increased over the last three diagnostic samples
step= 47200, t=30.088945, dt=5.863e-04, KE=1.634336e-01, Mt=0.5903, A_K=0.239, Cuv=-0.014, P_in=1.856e-02, P_tgt=1.849e-02, A_F=0.171, K_low=0.286, P_drag=-9.067e-03, P_cool=-1.278e-02, WENO=0.300 (x=0.300, y=0.300), ReL2D=116.78, eps_nu=9.248e-03, P_hv=1.800e-04, rho_mean=1.000000, p_mean=0.739853, div_rms=1.242e+00, vort_rms=2.118e+00, mass_err=-1.098e-10
warning: flow component anisotropy has increased over the last three diagnostic samples
step= 47400, t=30.207794, dt=6.028e-04, KE=1.647626e-01, Mt=0.5922, A_K=0.254, Cuv=0.003, P_in=1.900e-02, P_tgt=1.905e-02, A_F=0.127, K_low=0.297, P_drag=-9.452e-03, P_cool=-1.245e-02, WENO=0.300 (x=0.300, y=0.300), ReL2D=117.02, eps_nu=9.299e-03, P_hv=1.661e-04, rho_mean=1.000000, p_mean=0.739177, div_rms=1.264e+00, vort_rms=2.109e+00, mass_err=-1.103e-10
warning: flow component anisotropy has increased over the last three diagnostic samples
step= 47600, t=30.329145, dt=6.079e-04, KE=1.662176e-01, Mt=0.5940, A_K=0.260, Cuv=0.007, P_in=1.945e-02, P_tgt=1.950e-02, A_F=0.179, K_low=0.307, P_drag=-9.832e-03, P_cool=-1.209e-02, WENO=0.293 (x=0.293, y=0.293), ReL2D=117.85, eps_nu=9.271e-03, P_hv=1.605e-04, rho_mean=1.000000, p_mean=0.738473, div_rms=1.274e+00, vort_rms=2.096e+00, mass_err=-1.108e-10
warning: flow component anisotropy has increased over the last three diagnostic samples
step= 47800, t=30.450423, dt=6.052e-04, KE=1.676198e-01, Mt=0.5965, A_K=0.263, Cuv=0.005, P_in=1.972e-02, P_tgt=1.982e-02, A_F=0.206, K_low=0.317, P_drag=-1.020e-02, P_cool=-1.176e-02, WENO=0.289 (x=0.289, y=0.289), ReL2D=117.83, eps_nu=9.333e-03, P_hv=1.658e-04, rho_mean=1.000000, p_mean=0.737809, div_rms=1.291e+00, vort_rms=2.093e+00, mass_err=-1.112e-10
warning: flow component anisotropy has increased over the last three diagnostic samples
step= 48000, t=30.571703, dt=6.107e-04, KE=1.681909e-01, Mt=0.5985, A_K=0.266, Cuv=0.015, P_in=2.001e-02, P_tgt=1.998e-02, A_F=0.116, K_low=0.329, P_drag=-1.053e-02, P_cool=-1.160e-02, WENO=0.293 (x=0.293, y=0.293), ReL2D=119.13, eps_nu=9.273e-03, P_hv=1.607e-04, rho_mean=1.000000, p_mean=0.737478, div_rms=1.280e+00, vort_rms=2.091e+00, mass_err=-1.117e-10
warning: flow component anisotropy has increased over the last three diagnostic samples
step= 48200, t=30.694824, dt=6.097e-04, KE=1.679355e-01, Mt=0.5992, A_K=0.268, Cuv=0.024, P_in=2.007e-02, P_tgt=2.005e-02, A_F=0.096, K_low=0.341, P_drag=-1.080e-02, P_cool=-1.159e-02, WENO=0.288 (x=0.288, y=0.288), ReL2D=120.54, eps_nu=9.158e-03, P_hv=1.635e-04, rho_mean=1.000000, p_mean=0.737466, div_rms=1.261e+00, vort_rms=2.087e+00, mass_err=-1.122e-10
saved snapshot: results/hit2d/reynolds_calibration_ReL130_N256/calib_Mt060_N256_mu0p001414/hit2d_step0048300.npz
warning: flow component anisotropy has increased over the last three diagnostic samples
step= 48400, t=30.815918, dt=6.044e-04, KE=1.669795e-01, Mt=0.5983, A_K=0.273, Cuv=0.032, P_in=2.013e-02, P_tgt=2.013e-02, A_F=0.171, K_low=0.351, P_drag=-1.099e-02, P_cool=-1.172e-02, WENO=0.294 (x=0.294, y=0.294), ReL2D=121.10, eps_nu=9.169e-03, P_hv=1.612e-04, rho_mean=1.000000, p_mean=0.737726, div_rms=1.261e+00, vort_rms=2.089e+00, mass_err=-1.126e-10
warning: flow component anisotropy has increased over the last three diagnostic samples
step= 48600, t=30.936125, dt=5.920e-04, KE=1.655261e-01, Mt=0.5958, A_K=0.279, Cuv=0.036, P_in=2.026e-02, P_tgt=2.033e-02, A_F=0.137, K_low=0.360, P_drag=-1.110e-02, P_cool=-1.195e-02, WENO=0.294 (x=0.294, y=0.294), ReL2D=123.76, eps_nu=8.962e-03, P_hv=1.589e-04, rho_mean=1.000000, p_mean=0.738178, div_rms=1.209e+00, vort_rms=2.095e+00, mass_err=-1.131e-10
warning: flow component anisotropy has increased over the last three diagnostic samples
step= 48800, t=31.053889, dt=5.893e-04, KE=1.651504e-01, Mt=0.5941, A_K=0.282, Cuv=0.031, P_in=2.064e-02, P_tgt=2.069e-02, A_F=0.219, K_low=0.361, P_drag=-1.115e-02, P_cool=-1.196e-02, WENO=0.297 (x=0.297, y=0.297), ReL2D=123.12, eps_nu=8.984e-03, P_hv=1.773e-04, rho_mean=1.000000, p_mean=0.738210, div_rms=1.210e+00, vort_rms=2.098e+00, mass_err=-1.136e-10
warning: flow component anisotropy has increased over the last three diagnostic samples
step= 49000, t=31.172018, dt=5.925e-04, KE=1.656228e-01, Mt=0.5926, A_K=0.285, Cuv=0.021, P_in=2.114e-02, P_tgt=2.115e-02, A_F=0.166, K_low=0.356, P_drag=-1.115e-02, P_cool=-1.182e-02, WENO=0.290 (x=0.290, y=0.290), ReL2D=121.67, eps_nu=8.971e-03, P_hv=1.729e-04, rho_mean=1.000000, p_mean=0.737929, div_rms=1.221e+00, vort_rms=2.087e+00, mass_err=-1.141e-10
warning: flow component anisotropy has increased over the last three diagnostic samples
step= 49200, t=31.291409, dt=6.021e-04, KE=1.660573e-01, Mt=0.5906, A_K=0.286, Cuv=0.009, P_in=2.186e-02, P_tgt=2.176e-02, A_F=0.070, K_low=0.349, P_drag=-1.112e-02, P_cool=-1.171e-02, WENO=0.277 (x=0.277, y=0.277), ReL2D=121.97, eps_nu=8.852e-03, P_hv=1.727e-04, rho_mean=1.000000, p_mean=0.737701, div_rms=1.207e+00, vort_rms=2.078e+00, mass_err=-1.145e-10
step= 49400, t=31.413411, dt=6.170e-04, KE=1.662371e-01, Mt=0.5883, A_K=0.283, Cuv=-0.001, P_in=2.265e-02, P_tgt=2.256e-02, A_F=0.113, K_low=0.343, P_drag=-1.110e-02, P_cool=-1.166e-02, WENO=0.266 (x=0.266, y=0.266), ReL2D=121.69, eps_nu=8.710e-03, P_hv=1.666e-04, rho_mean=1.000000, p_mean=0.737614, div_rms=1.177e+00, vort_rms=2.076e+00, mass_err=-1.150e-10
step= 49600, t=31.537970, dt=6.316e-04, KE=1.659059e-01, Mt=0.5853, A_K=0.271, Cuv=-0.017, P_in=2.362e-02, P_tgt=2.361e-02, A_F=0.113, K_low=0.341, P_drag=-1.111e-02, P_cool=-1.174e-02, WENO=0.262 (x=0.262, y=0.262), ReL2D=122.40, eps_nu=8.534e-03, P_hv=1.595e-04, rho_mean=1.000000, p_mean=0.737770, div_rms=1.135e+00, vort_rms=2.078e+00, mass_err=-1.154e-10
step= 49800, t=31.663555, dt=6.226e-04, KE=1.653318e-01, Mt=0.5828, A_K=0.255, Cuv=-0.033, P_in=2.487e-02, P_tgt=2.497e-02, A_F=0.040, K_low=0.344, P_drag=-1.118e-02, P_cool=-1.189e-02, WENO=0.286 (x=0.286, y=0.286), ReL2D=124.17, eps_nu=8.370e-03, P_hv=1.501e-04, rho_mean=1.000000, p_mean=0.738069, div_rms=1.094e+00, vort_rms=2.079e+00, mass_err=-1.159e-10
step= 50000, t=31.787282, dt=6.130e-04, KE=1.649244e-01, Mt=0.5820, A_K=0.239, Cuv=-0.045, P_in=2.647e-02, P_tgt=2.656e-02, A_F=0.073, K_low=0.350, P_drag=-1.133e-02, P_cool=-1.203e-02, WENO=0.289 (x=0.289, y=0.289), ReL2D=124.26, eps_nu=8.367e-03, P_hv=1.442e-04, rho_mean=1.000000, p_mean=0.738353, div_rms=1.089e+00, vort_rms=2.082e+00, mass_err=-1.164e-10
step= 50200, t=31.909247, dt=6.086e-04, KE=1.643453e-01, Mt=0.5825, A_K=0.222, Cuv=-0.061, P_in=2.832e-02, P_tgt=2.827e-02, A_F=0.023, K_low=0.361, P_drag=-1.154e-02, P_cool=-1.224e-02, WENO=0.292 (x=0.292, y=0.292), ReL2D=125.32, eps_nu=8.355e-03, P_hv=1.458e-04, rho_mean=1.000000, p_mean=0.738765, div_rms=1.072e+00, vort_rms=2.092e+00, mass_err=-1.168e-10
step= 50400, t=32.030895, dt=6.060e-04, KE=1.642719e-01, Mt=0.5850, A_K=0.202, Cuv=-0.072, P_in=2.991e-02, P_tgt=2.992e-02, A_F=0.043, K_low=0.373, P_drag=-1.181e-02, P_cool=-1.237e-02, WENO=0.304 (x=0.304, y=0.304), ReL2D=124.84, eps_nu=8.504e-03, P_hv=1.439e-04, rho_mean=1.000000, p_mean=0.739034, div_rms=1.091e+00, vort_rms=2.104e+00, mass_err=-1.173e-10
saved snapshot: results/hit2d/reynolds_calibration_ReL130_N256/calib_Mt060_N256_mu0p001414/hit2d_step0050400.npz
step= 50600, t=32.150457, dt=5.916e-04, KE=1.647803e-01, Mt=0.5887, A_K=0.173, Cuv=-0.076, P_in=3.128e-02, P_tgt=3.133e-02, A_F=0.099, K_low=0.384, P_drag=-1.208e-02, P_cool=-1.242e-02, WENO=0.299 (x=0.299, y=0.299), ReL2D=124.05, eps_nu=8.662e-03, P_hv=1.597e-04, rho_mean=1.000000, p_mean=0.739121, div_rms=1.107e+00, vort_rms=2.119e+00, mass_err=-1.178e-10
step= 50800, t=32.267661, dt=5.837e-04, KE=1.659464e-01, Mt=0.5932, A_K=0.145, Cuv=-0.073, P_in=3.244e-02, P_tgt=3.232e-02, A_F=0.005, K_low=0.391, P_drag=-1.234e-02, P_cool=-1.235e-02, WENO=0.288 (x=0.288, y=0.288), ReL2D=123.17, eps_nu=8.822e-03, P_hv=1.833e-04, rho_mean=1.000000, p_mean=0.738992, div_rms=1.125e+00, vort_rms=2.133e+00, mass_err=-1.183e-10
step= 51000, t=32.383915, dt=5.808e-04, KE=1.670815e-01, Mt=0.5976, A_K=0.123, Cuv=-0.071, P_in=3.281e-02, P_tgt=3.281e-02, A_F=0.050, K_low=0.396, P_drag=-1.255e-02, P_cool=-1.231e-02, WENO=0.280 (x=0.280, y=0.280), ReL2D=122.46, eps_nu=8.964e-03, P_hv=1.853e-04, rho_mean=1.000000, p_mean=0.738910, div_rms=1.141e+00, vort_rms=2.146e+00, mass_err=-1.187e-10
step= 51200, t=32.500440, dt=5.840e-04, KE=1.673265e-01, Mt=0.6009, A_K=0.109, Cuv=-0.070, P_in=3.312e-02, P_tgt=3.288e-02, A_F=0.160, K_low=0.400, P_drag=-1.268e-02, P_cool=-1.246e-02, WENO=0.265 (x=0.265, y=0.265), ReL2D=122.33, eps_nu=9.032e-03, P_hv=1.799e-04, rho_mean=1.000000, p_mean=0.739199, div_rms=1.135e+00, vort_rms=2.161e+00, mass_err=-1.192e-10
step= 51400, t=32.617715, dt=5.884e-04, KE=1.669385e-01, Mt=0.6025, A_K=0.102, Cuv=-0.080, P_in=3.257e-02, P_tgt=3.269e-02, A_F=0.062, K_low=0.403, P_drag=-1.276e-02, P_cool=-1.272e-02, WENO=0.252 (x=0.252, y=0.252), ReL2D=122.34, eps_nu=9.103e-03, P_hv=1.772e-04, rho_mean=1.000000, p_mean=0.739732, div_rms=1.127e+00, vort_rms=2.178e+00, mass_err=-1.197e-10
step= 51600, t=32.736290, dt=5.978e-04, KE=1.667207e-01, Mt=0.6034, A_K=0.095, Cuv=-0.087, P_in=3.239e-02, P_tgt=3.236e-02, A_F=0.110, K_low=0.404, P_drag=-1.282e-02, P_cool=-1.294e-02, WENO=0.250 (x=0.250, y=0.250), ReL2D=120.73, eps_nu=9.289e-03, P_hv=1.775e-04, rho_mean=1.000000, p_mean=0.740171, div_rms=1.150e+00, vort_rms=2.193e+00, mass_err=-1.201e-10
step= 51800, t=32.857459, dt=6.153e-04, KE=1.666958e-01, Mt=0.6035, A_K=0.091, Cuv=-0.102, P_in=3.212e-02, P_tgt=3.199e-02, A_F=0.012, K_low=0.402, P_drag=-1.284e-02, P_cool=-1.311e-02, WENO=0.247 (x=0.247, y=0.247), ReL2D=119.22, eps_nu=9.425e-03, P_hv=1.716e-04, rho_mean=1.000000, p_mean=0.740506, div_rms=1.164e+00, vort_rms=2.205e+00, mass_err=-1.206e-10
step= 52000, t=32.981865, dt=6.233e-04, KE=1.668778e-01, Mt=0.6030, A_K=0.090, Cuv=-0.114, P_in=3.171e-02, P_tgt=3.164e-02, A_F=0.253, K_low=0.399, P_drag=-1.283e-02, P_cool=-1.322e-02, WENO=0.237 (x=0.237, y=0.237), ReL2D=118.52, eps_nu=9.578e-03, P_hv=1.798e-04, rho_mean=1.000000, p_mean=0.740732, div_rms=1.184e+00, vort_rms=2.215e+00, mass_err=-1.210e-10
step= 52200, t=33.106758, dt=6.254e-04, KE=1.669789e-01, Mt=0.6017, A_K=0.099, Cuv=-0.121, P_in=3.163e-02, P_tgt=3.139e-02, A_F=0.210, K_low=0.396, P_drag=-1.276e-02, P_cool=-1.334e-02, WENO=0.235 (x=0.235, y=0.235), ReL2D=118.34, eps_nu=9.562e-03, P_hv=1.854e-04, rho_mean=1.000000, p_mean=0.740967, div_rms=1.180e+00, vort_rms=2.215e+00, mass_err=-1.215e-10
step= 52400, t=33.233380, dt=6.411e-04, KE=1.676430e-01, Mt=0.6022, A_K=0.112, Cuv=-0.129, P_in=3.134e-02, P_tgt=3.121e-02, A_F=0.174, K_low=0.392, P_drag=-1.266e-02, P_cool=-1.334e-02, WENO=0.244 (x=0.244, y=0.244), ReL2D=119.47, eps_nu=9.552e-03, P_hv=1.797e-04, rho_mean=1.000000, p_mean=0.740966, div_rms=1.175e+00, vort_rms=2.217e+00, mass_err=-1.220e-10
saved snapshot: results/hit2d/reynolds_calibration_ReL130_N256/calib_Mt060_N256_mu0p001414/hit2d_step0052500.npz
step= 52600, t=33.361336, dt=6.399e-04, KE=1.684468e-01, Mt=0.6042, A_K=0.125, Cuv=-0.129, P_in=3.096e-02, P_tgt=3.089e-02, A_F=0.047, K_low=0.388, P_drag=-1.253e-02, P_cool=-1.331e-02, WENO=0.247 (x=0.247, y=0.247), ReL2D=120.86, eps_nu=9.602e-03, P_hv=1.765e-04, rho_mean=1.000000, p_mean=0.740901, div_rms=1.174e+00, vort_rms=2.225e+00, mass_err=-1.224e-10
step= 52800, t=33.489994, dt=6.486e-04, KE=1.685721e-01, Mt=0.6056, A_K=0.137, Cuv=-0.136, P_in=3.040e-02, P_tgt=3.038e-02, A_F=0.121, K_low=0.385, P_drag=-1.237e-02, P_cool=-1.340e-02, WENO=0.270 (x=0.270, y=0.270), ReL2D=121.49, eps_nu=9.653e-03, P_hv=1.679e-04, rho_mean=1.000000, p_mean=0.741084, div_rms=1.172e+00, vort_rms=2.235e+00, mass_err=-1.229e-10
step= 53000, t=33.618953, dt=6.346e-04, KE=1.684987e-01, Mt=0.6058, A_K=0.146, Cuv=-0.151, P_in=2.995e-02, P_tgt=2.981e-02, A_F=0.058, K_low=0.380, P_drag=-1.219e-02, P_cool=-1.352e-02, WENO=0.284 (x=0.284, y=0.284), ReL2D=120.43, eps_nu=9.774e-03, P_hv=1.593e-04, rho_mean=1.000000, p_mean=0.741320, div_rms=1.179e+00, vort_rms=2.249e+00, mass_err=-1.234e-10
step= 53200, t=33.744700, dt=6.254e-04, KE=1.691786e-01, Mt=0.6059, A_K=0.148, Cuv=-0.171, P_in=2.906e-02, P_tgt=2.924e-02, A_F=0.076, K_low=0.370, P_drag=-1.197e-02, P_cool=-1.348e-02, WENO=0.269 (x=0.269, y=0.269), ReL2D=118.09, eps_nu=1.005e-02, P_hv=1.780e-04, rho_mean=1.000000, p_mean=0.741237, div_rms=1.221e+00, vort_rms=2.262e+00, mass_err=-1.238e-10
step= 53400, t=33.868251, dt=6.145e-04, KE=1.699205e-01, Mt=0.6052, A_K=0.135, Cuv=-0.198, P_in=2.856e-02, P_tgt=2.871e-02, A_F=0.019, K_low=0.358, P_drag=-1.176e-02, P_cool=-1.342e-02, WENO=0.269 (x=0.269, y=0.269), ReL2D=115.31, eps_nu=1.032e-02, P_hv=1.955e-04, rho_mean=1.000000, p_mean=0.741118, div_rms=1.265e+00, vort_rms=2.273e+00, mass_err=-1.243e-10
step= 53600, t=33.991164, dt=6.105e-04, KE=1.705905e-01, Mt=0.6042, A_K=0.111, Cuv=-0.234, P_in=2.848e-02, P_tgt=2.827e-02, A_F=0.129, K_low=0.349, P_drag=-1.156e-02, P_cool=-1.337e-02, WENO=0.255 (x=0.255, y=0.255), ReL2D=114.00, eps_nu=1.047e-02, P_hv=2.098e-04, rho_mean=1.000000, p_mean=0.741017, div_rms=1.292e+00, vort_rms=2.276e+00, mass_err=-1.248e-10
step= 53800, t=34.112782, dt=6.071e-04, KE=1.713090e-01, Mt=0.6038, A_K=0.082, Cuv=-0.277, P_in=2.794e-02, P_tgt=2.791e-02, A_F=0.106, K_low=0.342, P_drag=-1.142e-02, P_cool=-1.330e-02, WENO=0.265 (x=0.265, y=0.265), ReL2D=113.89, eps_nu=1.045e-02, P_hv=2.133e-04, rho_mean=1.000000, p_mean=0.740893, div_rms=1.286e+00, vort_rms=2.276e+00, mass_err=-1.252e-10
step= 54000, t=34.234206, dt=6.114e-04, KE=1.722213e-01, Mt=0.6046, A_K=0.049, Cuv=-0.313, P_in=2.755e-02, P_tgt=2.753e-02, A_F=0.061, K_low=0.337, P_drag=-1.129e-02, P_cool=-1.320e-02, WENO=0.269 (x=0.269, y=0.269), ReL2D=115.78, eps_nu=1.034e-02, P_hv=2.085e-04, rho_mean=1.000000, p_mean=0.740688, div_rms=1.260e+00, vort_rms=2.279e+00, mass_err=-1.257e-10
step= 54200, t=34.357978, dt=6.267e-04, KE=1.734027e-01, Mt=0.6064, A_K=0.008, Cuv=-0.335, P_in=2.712e-02, P_tgt=2.704e-02, A_F=0.030, K_low=0.332, P_drag=-1.120e-02, P_cool=-1.304e-02, WENO=0.278 (x=0.278, y=0.278), ReL2D=118.74, eps_nu=1.020e-02, P_hv=2.022e-04, rho_mean=1.000000, p_mean=0.740375, div_rms=1.228e+00, vort_rms=2.282e+00, mass_err=-1.262e-10
step= 54400, t=34.484788, dt=6.402e-04, KE=1.750001e-01, Mt=0.6098, A_K=0.027, Cuv=-0.345, P_in=2.645e-02, P_tgt=2.635e-02, A_F=0.067, K_low=0.328, P_drag=-1.115e-02, P_cool=-1.280e-02, WENO=0.285 (x=0.285, y=0.285), ReL2D=120.47, eps_nu=1.019e-02, P_hv=1.962e-04, rho_mean=1.000000, p_mean=0.739883, div_rms=1.226e+00, vort_rms=2.281e+00, mass_err=-1.266e-10
step= 54600, t=34.614553, dt=6.583e-04, KE=1.766752e-01, Mt=0.6131, A_K=0.049, Cuv=-0.346, P_in=2.549e-02, P_tgt=2.537e-02, A_F=0.155, K_low=0.323, P_drag=-1.111e-02, P_cool=-1.252e-02, WENO=0.274 (x=0.274, y=0.274), ReL2D=121.54, eps_nu=1.028e-02, P_hv=1.800e-04, rho_mean=1.000000, p_mean=0.739331, div_rms=1.241e+00, vort_rms=2.284e+00, mass_err=-1.271e-10
saved snapshot: results/hit2d/reynolds_calibration_ReL130_N256/calib_Mt060_N256_mu0p001414/hit2d_step0054600.npz
step= 54800, t=34.747093, dt=6.577e-04, KE=1.771371e-01, Mt=0.6132, A_K=0.050, Cuv=-0.358, P_in=2.430e-02, P_tgt=2.429e-02, A_F=0.071, K_low=0.320, P_drag=-1.105e-02, P_cool=-1.246e-02, WENO=0.274 (x=0.274, y=0.274), ReL2D=123.11, eps_nu=1.026e-02, P_hv=1.723e-04, rho_mean=1.000000, p_mean=0.739213, div_rms=1.230e+00, vort_rms=2.290e+00, mass_err=-1.276e-10
step= 55000, t=34.877366, dt=6.471e-04, KE=1.772577e-01, Mt=0.6114, A_K=0.045, Cuv=-0.377, P_in=2.329e-02, P_tgt=2.334e-02, A_F=0.050, K_low=0.318, P_drag=-1.100e-02, P_cool=-1.244e-02, WENO=0.280 (x=0.280, y=0.280), ReL2D=123.07, eps_nu=1.031e-02, P_hv=1.683e-04, rho_mean=1.000000, p_mean=0.739167, div_rms=1.231e+00, vort_rms=2.295e+00, mass_err=-1.280e-10
step= 55200, t=35.007559, dt=6.490e-04, KE=1.783207e-01, Mt=0.6106, A_K=0.038, Cuv=-0.397, P_in=2.249e-02, P_tgt=2.253e-02, A_F=0.213, K_low=0.315, P_drag=-1.098e-02, P_cool=-1.221e-02, WENO=0.272 (x=0.272, y=0.272), ReL2D=118.26, eps_nu=1.071e-02, P_hv=1.663e-04, rho_mean=1.000000, p_mean=0.738699, div_rms=1.309e+00, vort_rms=2.300e+00, mass_err=-1.285e-10
step= 55400, t=35.137299, dt=6.316e-04, KE=1.792028e-01, Mt=0.6101, A_K=0.029, Cuv=-0.416, P_in=2.202e-02, P_tgt=2.178e-02, A_F=0.198, K_low=0.313, P_drag=-1.098e-02, P_cool=-1.200e-02, WENO=0.275 (x=0.275, y=0.275), ReL2D=115.98, eps_nu=1.100e-02, P_hv=1.624e-04, rho_mean=1.000000, p_mean=0.738282, div_rms=1.356e+00, vort_rms=2.308e+00, mass_err=-1.290e-10
step= 55600, t=35.260688, dt=6.079e-04, KE=1.796781e-01, Mt=0.6094, A_K=0.014, Cuv=-0.422, P_in=2.115e-02, P_tgt=2.110e-02, A_F=0.066, K_low=0.311, P_drag=-1.096e-02, P_cool=-1.187e-02, WENO=0.271 (x=0.271, y=0.271), ReL2D=117.97, eps_nu=1.095e-02, P_hv=1.725e-04, rho_mean=1.000000, p_mean=0.738018, div_rms=1.337e+00, vort_rms=2.316e+00, mass_err=-1.294e-10
step= 55800, t=35.382297, dt=6.097e-04, KE=1.801251e-01, Mt=0.6084, A_K=0.012, Cuv=-0.415, P_in=2.043e-02, P_tgt=2.050e-02, A_F=0.201, K_low=0.308, P_drag=-1.092e-02, P_cool=-1.173e-02, WENO=0.277 (x=0.277, y=0.277), ReL2D=120.00, eps_nu=1.079e-02, P_hv=1.836e-04, rho_mean=1.000000, p_mean=0.737750, div_rms=1.303e+00, vort_rms=2.316e+00, mass_err=-1.299e-10
step= 56000, t=35.505232, dt=6.201e-04, KE=1.801802e-01, Mt=0.6064, A_K=0.017, Cuv=-0.407, P_in=1.999e-02, P_tgt=2.000e-02, A_F=0.133, K_low=0.304, P_drag=-1.086e-02, P_cool=-1.167e-02, WENO=0.284 (x=0.284, y=0.284), ReL2D=120.36, eps_nu=1.057e-02, P_hv=1.897e-04, rho_mean=1.000000, p_mean=0.737619, div_rms=1.270e+00, vort_rms=2.308e+00, mass_err=-1.304e-10
step= 56200, t=35.630977, dt=6.312e-04, KE=1.793006e-01, Mt=0.6027, A_K=0.025, Cuv=-0.402, P_in=1.965e-02, P_tgt=1.969e-02, A_F=0.210, K_low=0.301, P_drag=-1.079e-02, P_cool=-1.178e-02, WENO=0.289 (x=0.289, y=0.289), ReL2D=120.02, eps_nu=1.040e-02, P_hv=1.781e-04, rho_mean=1.000000, p_mean=0.737839, div_rms=1.250e+00, vort_rms=2.295e+00, mass_err=-1.309e-10
step= 56400, t=35.756279, dt=6.226e-04, KE=1.778840e-01, Mt=0.5991, A_K=0.034, Cuv=-0.398, P_in=1.970e-02, P_tgt=1.964e-02, A_F=0.002, K_low=0.300, P_drag=-1.075e-02, P_cool=-1.199e-02, WENO=0.295 (x=0.295, y=0.295), ReL2D=120.27, eps_nu=1.020e-02, P_hv=1.689e-04, rho_mean=1.000000, p_mean=0.738258, div_rms=1.217e+00, vort_rms=2.289e+00, mass_err=-1.313e-10
step= 56600, t=35.879576, dt=6.112e-04, KE=1.770579e-01, Mt=0.5977, A_K=0.044, Cuv=-0.397, P_in=1.985e-02, P_tgt=1.975e-02, A_F=0.003, K_low=0.301, P_drag=-1.076e-02, P_cool=-1.208e-02, WENO=0.288 (x=0.288, y=0.288), ReL2D=119.53, eps_nu=1.018e-02, P_hv=1.671e-04, rho_mean=1.000000, p_mean=0.738441, div_rms=1.205e+00, vort_rms=2.293e+00, mass_err=-1.318e-10
saved snapshot: results/hit2d/reynolds_calibration_ReL130_N256/calib_Mt060_N256_mu0p001414/hit2d_step0056700.npz
step= 56800, t=36.000370, dt=5.986e-04, KE=1.768030e-01, Mt=0.5974, A_K=0.057, Cuv=-0.403, P_in=1.968e-02, P_tgt=1.992e-02, A_F=0.128, K_low=0.303, P_drag=-1.082e-02, P_cool=-1.206e-02, WENO=0.286 (x=0.286, y=0.286), ReL2D=118.56, eps_nu=1.024e-02, P_hv=1.748e-04, rho_mean=1.000000, p_mean=0.738402, div_rms=1.210e+00, vort_rms=2.300e+00, mass_err=-1.323e-10
step= 57000, t=36.120205, dt=6.034e-04, KE=1.766454e-01, Mt=0.5968, A_K=0.070, Cuv=-0.414, P_in=2.008e-02, P_tgt=2.011e-02, A_F=0.278, K_low=0.308, P_drag=-1.092e-02, P_cool=-1.202e-02, WENO=0.293 (x=0.293, y=0.293), ReL2D=118.00, eps_nu=1.022e-02, P_hv=1.776e-04, rho_mean=1.000000, p_mean=0.738329, div_rms=1.208e+00, vort_rms=2.299e+00, mass_err=-1.327e-10
step= 57200, t=36.242508, dt=6.200e-04, KE=1.763804e-01, Mt=0.5964, A_K=0.086, Cuv=-0.430, P_in=2.028e-02, P_tgt=2.035e-02, A_F=0.000, K_low=0.314, P_drag=-1.104e-02, P_cool=-1.201e-02, WENO=0.291 (x=0.291, y=0.291), ReL2D=118.52, eps_nu=1.013e-02, P_hv=1.837e-04, rho_mean=1.000000, p_mean=0.738297, div_rms=1.194e+00, vort_rms=2.295e+00, mass_err=-1.332e-10
step= 57400, t=36.366962, dt=6.219e-04, KE=1.759457e-01, Mt=0.5968, A_K=0.104, Cuv=-0.442, P_in=2.054e-02, P_tgt=2.058e-02, A_F=0.170, K_low=0.321, P_drag=-1.115e-02, P_cool=-1.202e-02, WENO=0.280 (x=0.280, y=0.280), ReL2D=118.80, eps_nu=9.976e-03, P_hv=1.940e-04, rho_mean=1.000000, p_mean=0.738330, div_rms=1.160e+00, vort_rms=2.294e+00, mass_err=-1.337e-10
step= 57600, t=36.490311, dt=6.129e-04, KE=1.752695e-01, Mt=0.5968, A_K=0.119, Cuv=-0.441, P_in=2.087e-02, P_tgt=2.080e-02, A_F=0.214, K_low=0.327, P_drag=-1.121e-02, P_cool=-1.209e-02, WENO=0.266 (x=0.266, y=0.266), ReL2D=119.04, eps_nu=9.813e-03, P_hv=1.985e-04, rho_mean=1.000000, p_mean=0.738465, div_rms=1.129e+00, vort_rms=2.289e+00, mass_err=-1.342e-10
step= 57800, t=36.612606, dt=6.129e-04, KE=1.742954e-01, Mt=0.5957, A_K=0.131, Cuv=-0.428, P_in=2.108e-02, P_tgt=2.106e-02, A_F=0.114, K_low=0.329, P_drag=-1.121e-02, P_cool=-1.222e-02, WENO=0.266 (x=0.266, y=0.266), ReL2D=120.33, eps_nu=9.634e-03, P_hv=1.983e-04, rho_mean=1.000000, p_mean=0.738732, div_rms=1.085e+00, vort_rms=2.290e+00, mass_err=-1.346e-10
step= 58000, t=36.735870, dt=6.174e-04, KE=1.734527e-01, Mt=0.5949, A_K=0.137, Cuv=-0.390, P_in=2.139e-02, P_tgt=2.140e-02, A_F=0.101, K_low=0.330, P_drag=-1.117e-02, P_cool=-1.234e-02, WENO=0.275 (x=0.275, y=0.275), ReL2D=122.38, eps_nu=9.649e-03, P_hv=1.890e-04, rho_mean=1.000000, p_mean=0.738970, div_rms=1.065e+00, vort_rms=2.305e+00, mass_err=-1.351e-10
step= 58200, t=36.858718, dt=6.168e-04, KE=1.724055e-01, Mt=0.5942, A_K=0.151, Cuv=-0.371, P_in=2.187e-02, P_tgt=2.179e-02, A_F=0.075, K_low=0.331, P_drag=-1.115e-02, P_cool=-1.251e-02, WENO=0.270 (x=0.270, y=0.270), ReL2D=124.90, eps_nu=9.547e-03, P_hv=1.825e-04, rho_mean=1.000000, p_mean=0.739300, div_rms=1.041e+00, vort_rms=2.303e+00, mass_err=-1.356e-10
step= 58400, t=36.983631, dt=6.311e-04, KE=1.714953e-01, Mt=0.5935, A_K=0.172, Cuv=-0.349, P_in=2.227e-02, P_tgt=2.225e-02, A_F=0.104, K_low=0.334, P_drag=-1.118e-02, P_cool=-1.265e-02, WENO=0.284 (x=0.284, y=0.284), ReL2D=126.19, eps_nu=9.495e-03, P_hv=1.874e-04, rho_mean=1.000000, p_mean=0.739587, div_rms=1.046e+00, vort_rms=2.293e+00, mass_err=-1.360e-10
step= 58600, t=37.110452, dt=6.365e-04, KE=1.710967e-01, Mt=0.5939, A_K=0.194, Cuv=-0.329, P_in=2.273e-02, P_tgt=2.274e-02, A_F=0.043, K_low=0.339, P_drag=-1.127e-02, P_cool=-1.270e-02, WENO=0.293 (x=0.293, y=0.293), ReL2D=125.74, eps_nu=9.469e-03, P_hv=1.987e-04, rho_mean=1.000000, p_mean=0.739683, div_rms=1.060e+00, vort_rms=2.280e+00, mass_err=-1.365e-10
warning: flow component anisotropy has increased over the last three diagnostic samples
step= 58800, t=37.238001, dt=6.398e-04, KE=1.712650e-01, Mt=0.5963, A_K=0.212, Cuv=-0.305, P_in=2.305e-02, P_tgt=2.312e-02, A_F=0.068, K_low=0.345, P_drag=-1.138e-02, P_cool=-1.264e-02, WENO=0.291 (x=0.291, y=0.291), ReL2D=123.58, eps_nu=9.632e-03, P_hv=1.943e-04, rho_mean=1.000000, p_mean=0.739569, div_rms=1.102e+00, vort_rms=2.279e+00, mass_err=-1.370e-10
saved snapshot: results/hit2d/reynolds_calibration_ReL130_N256/calib_Mt060_N256_mu0p001414/hit2d_step0058800.npz
warning: flow component anisotropy has increased over the last three diagnostic samples
step= 59000, t=37.366247, dt=6.418e-04, KE=1.713194e-01, Mt=0.5983, A_K=0.223, Cuv=-0.282, P_in=2.343e-02, P_tgt=2.333e-02, A_F=0.238, K_low=0.349, P_drag=-1.145e-02, P_cool=-1.261e-02, WENO=0.290 (x=0.290, y=0.290), ReL2D=122.57, eps_nu=9.753e-03, P_hv=1.890e-04, rho_mean=1.000000, p_mean=0.739508, div_rms=1.123e+00, vort_rms=2.284e+00, mass_err=-1.374e-10
step= 59200, t=37.494276, dt=6.396e-04, KE=1.713994e-01, Mt=0.5990, A_K=0.221, Cuv=-0.256, P_in=2.349e-02, P_tgt=2.342e-02, A_F=0.061, K_low=0.351, P_drag=-1.147e-02, P_cool=-1.258e-02, WENO=0.292 (x=0.292, y=0.292), ReL2D=121.67, eps_nu=9.848e-03, P_hv=1.750e-04, rho_mean=1.000000, p_mean=0.739442, div_rms=1.131e+00, vort_rms=2.293e+00, mass_err=-1.379e-10
step= 59400, t=37.621172, dt=6.246e-04, KE=1.718676e-01, Mt=0.5979, A_K=0.210, Cuv=-0.230, P_in=2.353e-02, P_tgt=2.354e-02, A_F=0.067, K_low=0.348, P_drag=-1.141e-02, P_cool=-1.247e-02, WENO=0.291 (x=0.291, y=0.291), ReL2D=119.02, eps_nu=9.946e-03, P_hv=1.736e-04, rho_mean=1.000000, p_mean=0.739232, div_rms=1.150e+00, vort_rms=2.296e+00, mass_err=-1.384e-10
step= 59600, t=37.744966, dt=6.157e-04, KE=1.722355e-01, Mt=0.5963, A_K=0.193, Cuv=-0.211, P_in=2.374e-02, P_tgt=2.377e-02, A_F=0.054, K_low=0.342, P_drag=-1.129e-02, P_cool=-1.240e-02, WENO=0.279 (x=0.279, y=0.279), ReL2D=115.89, eps_nu=1.006e-02, P_hv=1.869e-04, rho_mean=1.000000, p_mean=0.739080, div_rms=1.177e+00, vort_rms=2.296e+00, mass_err=-1.389e-10
step= 59800, t=37.867697, dt=6.100e-04, KE=1.720383e-01, Mt=0.5954, A_K=0.174, Cuv=-0.192, P_in=2.454e-02, P_tgt=2.411e-02, A_F=0.075, K_low=0.338, P_drag=-1.114e-02, P_cool=-1.244e-02, WENO=0.279 (x=0.279, y=0.279), ReL2D=116.23, eps_nu=1.007e-02, P_hv=1.963e-04, rho_mean=1.000000, p_mean=0.739175, div_rms=1.164e+00, vort_rms=2.306e+00, mass_err=-1.393e-10
step= 60000, t=37.988589, dt=6.038e-04, KE=1.719553e-01, Mt=0.5957, A_K=0.161, Cuv=-0.173, P_in=2.442e-02, P_tgt=2.448e-02, A_F=0.264, K_low=0.334, P_drag=-1.099e-02, P_cool=-1.248e-02, WENO=0.287 (x=0.287, y=0.287), ReL2D=117.17, eps_nu=1.004e-02, P_hv=1.990e-04, rho_mean=1.000000, p_mean=0.739243, div_rms=1.147e+00, vort_rms=2.311e+00, mass_err=-1.398e-10
step= 60200, t=38.110741, dt=6.193e-04, KE=1.723779e-01, Mt=0.5968, A_K=0.153, Cuv=-0.157, P_in=2.481e-02, P_tgt=2.480e-02, A_F=0.011, K_low=0.329, P_drag=-1.084e-02, P_cool=-1.242e-02, WENO=0.286 (x=0.286, y=0.286), ReL2D=117.81, eps_nu=9.921e-03, P_hv=1.914e-04, rho_mean=1.000000, p_mean=0.739127, div_rms=1.131e+00, vort_rms=2.305e+00, mass_err=-1.403e-10
step= 60400, t=38.236371, dt=6.377e-04, KE=1.731586e-01, Mt=0.5985, A_K=0.147, Cuv=-0.142, P_in=2.534e-02, P_tgt=2.500e-02, A_F=0.058, K_low=0.323, P_drag=-1.065e-02, P_cool=-1.230e-02, WENO=0.282 (x=0.282, y=0.282), ReL2D=119.16, eps_nu=9.802e-03, P_hv=1.978e-04, rho_mean=1.000000, p_mean=0.738893, div_rms=1.116e+00, vort_rms=2.296e+00, mass_err=-1.407e-10
step= 60600, t=38.363885, dt=6.363e-04, KE=1.740233e-01, Mt=0.6002, A_K=0.136, Cuv=-0.134, P_in=2.518e-02, P_tgt=2.505e-02, A_F=0.104, K_low=0.316, P_drag=-1.044e-02, P_cool=-1.218e-02, WENO=0.273 (x=0.273, y=0.273), ReL2D=119.61, eps_nu=9.756e-03, P_hv=1.996e-04, rho_mean=1.000000, p_mean=0.738652, div_rms=1.109e+00, vort_rms=2.293e+00, mass_err=-1.412e-10
step= 60800, t=38.491423, dt=6.325e-04, KE=1.742803e-01, Mt=0.6008, A_K=0.128, Cuv=-0.133, P_in=2.504e-02, P_tgt=2.498e-02, A_F=0.163, K_low=0.310, P_drag=-1.020e-02, P_cool=-1.220e-02, WENO=0.272 (x=0.272, y=0.272), ReL2D=117.91, eps_nu=9.848e-03, P_hv=1.969e-04, rho_mean=1.000000, p_mean=0.738679, div_rms=1.120e+00, vort_rms=2.300e+00, mass_err=-1.417e-10
saved snapshot: results/hit2d/reynolds_calibration_ReL130_N256/calib_Mt060_N256_mu0p001414/hit2d_step0060900.npz
step= 61000, t=38.616150, dt=6.145e-04, KE=1.735528e-01, Mt=0.5996, A_K=0.132, Cuv=-0.137, P_in=2.515e-02, P_tgt=2.496e-02, A_F=0.140, K_low=0.306, P_drag=-9.954e-03, P_cool=-1.241e-02, WENO=0.279 (x=0.279, y=0.279), ReL2D=116.54, eps_nu=9.828e-03, P_hv=1.949e-04, rho_mean=1.000000, p_mean=0.739101, div_rms=1.116e+00, vort_rms=2.300e+00, mass_err=-1.421e-10
step= 61200, t=38.737970, dt=6.056e-04, KE=1.731685e-01, Mt=0.5988, A_K=0.152, Cuv=-0.132, P_in=2.493e-02, P_tgt=2.503e-02, A_F=0.013, K_low=0.301, P_drag=-9.728e-03, P_cool=-1.255e-02, WENO=0.278 (x=0.278, y=0.278), ReL2D=115.58, eps_nu=9.846e-03, P_hv=2.011e-04, rho_mean=1.000000, p_mean=0.739385, div_rms=1.129e+00, vort_rms=2.294e+00, mass_err=-1.426e-10
step= 61400, t=38.859126, dt=6.051e-04, KE=1.733435e-01, Mt=0.5993, A_K=0.174, Cuv=-0.127, P_in=2.506e-02, P_tgt=2.512e-02, A_F=0.017, K_low=0.295, P_drag=-9.534e-03, P_cool=-1.259e-02, WENO=0.275 (x=0.275, y=0.275), ReL2D=115.30, eps_nu=9.852e-03, P_hv=2.098e-04, rho_mean=1.000000, p_mean=0.739457, div_rms=1.141e+00, vort_rms=2.287e+00, mass_err=-1.431e-10
step= 61600, t=38.980758, dt=6.088e-04, KE=1.736641e-01, Mt=0.6007, A_K=0.198, Cuv=-0.121, P_in=2.505e-02, P_tgt=2.512e-02, A_F=0.092, K_low=0.290, P_drag=-9.372e-03, P_cool=-1.260e-02, WENO=0.268 (x=0.268, y=0.268), ReL2D=115.86, eps_nu=9.786e-03, P_hv=2.053e-04, rho_mean=1.000000, p_mean=0.739480, div_rms=1.128e+00, vort_rms=2.285e+00, mass_err=-1.435e-10
warning: flow component anisotropy has increased over the last three diagnostic samples
step= 61800, t=39.102299, dt=6.085e-04, KE=1.741563e-01, Mt=0.6024, A_K=0.217, Cuv=-0.119, P_in=2.500e-02, P_tgt=2.499e-02, A_F=0.056, K_low=0.283, P_drag=-9.238e-03, P_cool=-1.258e-02, WENO=0.283 (x=0.283, y=0.283), ReL2D=116.17, eps_nu=9.778e-03, P_hv=1.927e-04, rho_mean=1.000000, p_mean=0.739441, div_rms=1.126e+00, vort_rms=2.285e+00, mass_err=-1.440e-10
warning: flow component anisotropy has increased over the last three diagnostic samples
step= 62000, t=39.224587, dt=6.153e-04, KE=1.748598e-01, Mt=0.6037, A_K=0.232, Cuv=-0.127, P_in=2.497e-02, P_tgt=2.474e-02, A_F=0.052, K_low=0.274, P_drag=-9.110e-03, P_cool=-1.252e-02, WENO=0.288 (x=0.288, y=0.288), ReL2D=117.34, eps_nu=9.710e-03, P_hv=1.907e-04, rho_mean=1.000000, p_mean=0.739321, div_rms=1.118e+00, vort_rms=2.280e+00, mass_err=-1.445e-10
warning: flow component anisotropy has increased over the last three diagnostic samples
step= 62200, t=39.347711, dt=6.159e-04, KE=1.759459e-01, Mt=0.6049, A_K=0.246, Cuv=-0.142, P_in=2.440e-02, P_tgt=2.439e-02, A_F=0.026, K_low=0.265, P_drag=-8.962e-03, P_cool=-1.238e-02, WENO=0.282 (x=0.282, y=0.282), ReL2D=118.10, eps_nu=9.708e-03, P_hv=1.959e-04, rho_mean=1.000000, p_mean=0.739047, div_rms=1.130e+00, vort_rms=2.272e+00, mass_err=-1.449e-10
warning: flow component anisotropy has increased over the last three diagnostic samples
step= 62400, t=39.470649, dt=6.146e-04, KE=1.769103e-01, Mt=0.6061, A_K=0.249, Cuv=-0.141, P_in=2.399e-02, P_tgt=2.395e-02, A_F=0.098, K_low=0.256, P_drag=-8.798e-03, P_cool=-1.226e-02, WENO=0.282 (x=0.282, y=0.282), ReL2D=118.75, eps_nu=9.749e-03, P_hv=1.980e-04, rho_mean=1.000000, p_mean=0.738812, div_rms=1.148e+00, vort_rms=2.266e+00, mass_err=-1.454e-10
step= 62600, t=39.591372, dt=5.835e-04, KE=1.770769e-01, Mt=0.6060, A_K=0.244, Cuv=-0.139, P_in=2.363e-02, P_tgt=2.348e-02, A_F=0.052, K_low=0.248, P_drag=-8.604e-03, P_cool=-1.230e-02, WENO=0.280 (x=0.280, y=0.280), ReL2D=120.61, eps_nu=9.618e-03, P_hv=1.945e-04, rho_mean=1.000000, p_mean=0.738886, div_rms=1.126e+00, vort_rms=2.261e+00, mass_err=-1.459e-10
step= 62800, t=39.706034, dt=5.725e-04, KE=1.768075e-01, Mt=0.6055, A_K=0.241, Cuv=-0.134, P_in=2.318e-02, P_tgt=2.304e-02, A_F=0.131, K_low=0.241, P_drag=-8.384e-03, P_cool=-1.241e-02, WENO=0.274 (x=0.274, y=0.274), ReL2D=121.44, eps_nu=9.587e-03, P_hv=2.105e-04, rho_mean=1.000000, p_mean=0.739111, div_rms=1.119e+00, vort_rms=2.260e+00, mass_err=-1.463e-10
step= 63000, t=39.821506, dt=5.830e-04, KE=1.763568e-01, Mt=0.6058, A_K=0.236, Cuv=-0.123, P_in=2.272e-02, P_tgt=2.263e-02, A_F=0.001, K_low=0.233, P_drag=-8.124e-03, P_cool=-1.255e-02, WENO=0.282 (x=0.282, y=0.282), ReL2D=122.11, eps_nu=9.511e-03, P_hv=2.099e-04, rho_mean=1.000000, p_mean=0.739392, div_rms=1.096e+00, vort_rms=2.263e+00, mass_err=-1.468e-10
saved snapshot: results/hit2d/reynolds_calibration_ReL130_N256/calib_Mt060_N256_mu0p001414/hit2d_step0063000.npz
step= 63200, t=39.938661, dt=5.872e-04, KE=1.759081e-01, Mt=0.6067, A_K=0.232, Cuv=-0.113, P_in=2.224e-02, P_tgt=2.216e-02, A_F=0.432, K_low=0.224, P_drag=-7.813e-03, P_cool=-1.269e-02, WENO=0.291 (x=0.291, y=0.291), ReL2D=121.59, eps_nu=9.630e-03, P_hv=2.056e-04, rho_mean=1.000000, p_mean=0.739660, div_rms=1.116e+00, vort_rms=2.269e+00, mass_err=-1.473e-10
step= 63400, t=40.056056, dt=5.864e-04, KE=1.746666e-01, Mt=0.6062, A_K=0.232, Cuv=-0.109, P_in=2.175e-02, P_tgt=2.169e-02, A_F=0.313, K_low=0.215, P_drag=-7.457e-03, P_cool=-1.297e-02, WENO=0.298 (x=0.298, y=0.298), ReL2D=120.84, eps_nu=9.667e-03, P_hv=2.013e-04, rho_mean=1.000000, p_mean=0.740231, div_rms=1.117e+00, vort_rms=2.275e+00, mass_err=-1.477e-10
step= 63600, t=40.173067, dt=5.839e-04, KE=1.730178e-01, Mt=0.6040, A_K=0.227, Cuv=-0.108, P_in=2.133e-02, P_tgt=2.132e-02, A_F=0.249, K_low=0.204, P_drag=-7.069e-03, P_cool=-1.333e-02, WENO=0.286 (x=0.286, y=0.286), ReL2D=119.40, eps_nu=9.709e-03, P_hv=2.105e-04, rho_mean=1.000000, p_mean=0.740952, div_rms=1.128e+00, vort_rms=2.274e+00, mass_err=-1.482e-10
step= 63800, t=40.290313, dt=5.895e-04, KE=1.715456e-01, Mt=0.6010, A_K=0.213, Cuv=-0.104, P_in=2.110e-02, P_tgt=2.114e-02, A_F=0.068, K_low=0.194, P_drag=-6.678e-03, P_cool=-1.365e-02, WENO=0.284 (x=0.284, y=0.284), ReL2D=117.63, eps_nu=9.830e-03, P_hv=2.255e-04, rho_mean=1.000000, p_mean=0.741595, div_rms=1.155e+00, vort_rms=2.274e+00, mass_err=-1.487e-10
step= 64000, t=40.408389, dt=5.916e-04, KE=1.701393e-01, Mt=0.5967, A_K=0.189, Cuv=-0.099, P_in=2.126e-02, P_tgt=2.121e-02, A_F=0.152, K_low=0.184, P_drag=-6.332e-03, P_cool=-1.396e-02, WENO=0.275 (x=0.275, y=0.275), ReL2D=115.03, eps_nu=9.925e-03, P_hv=2.196e-04, rho_mean=1.000000, p_mean=0.742211, div_rms=1.185e+00, vort_rms=2.268e+00, mass_err=-1.491e-10
step= 64200, t=40.526824, dt=5.921e-04, KE=1.686050e-01, Mt=0.5915, A_K=0.167, Cuv=-0.094, P_in=2.154e-02, P_tgt=2.163e-02, A_F=0.088, K_low=0.177, P_drag=-6.060e-03, P_cool=-1.430e-02, WENO=0.243 (x=0.243, y=0.243), ReL2D=111.99, eps_nu=1.005e-02, P_hv=2.302e-04, rho_mean=1.000000, p_mean=0.742883, div_rms=1.228e+00, vort_rms=2.258e+00, mass_err=-1.496e-10
step= 64400, t=40.645172, dt=5.928e-04, KE=1.669883e-01, Mt=0.5862, A_K=0.150, Cuv=-0.091, P_in=2.255e-02, P_tgt=2.248e-02, A_F=0.143, K_low=0.174, P_drag=-5.897e-03, P_cool=-1.466e-02, WENO=0.239 (x=0.239, y=0.239), ReL2D=110.65, eps_nu=9.965e-03, P_hv=2.345e-04, rho_mean=1.000000, p_mean=0.743606, div_rms=1.223e+00, vort_rms=2.248e+00, mass_err=-1.501e-10
step= 64600, t=40.764689, dt=6.038e-04, KE=1.662319e-01, Mt=0.5836, A_K=0.135, Cuv=-0.090, P_in=2.410e-02, P_tgt=2.370e-02, A_F=0.146, K_low=0.174, P_drag=-5.854e-03, P_cool=-1.487e-02, WENO=0.240 (x=0.240, y=0.240), ReL2D=110.46, eps_nu=9.817e-03, P_hv=2.275e-04, rho_mean=1.000000, p_mean=0.744024, div_rms=1.204e+00, vort_rms=2.238e+00, mass_err=-1.505e-10
step= 64800, t=40.886856, dt=6.179e-04, KE=1.663477e-01, Mt=0.5838, A_K=0.123, Cuv=-0.089, P_in=2.517e-02, P_tgt=2.510e-02, A_F=0.069, K_low=0.179, P_drag=-5.936e-03, P_cool=-1.493e-02, WENO=0.256 (x=0.256, y=0.256), ReL2D=111.74, eps_nu=9.650e-03, P_hv=2.117e-04, rho_mean=1.000000, p_mean=0.744151, div_rms=1.182e+00, vort_rms=2.228e+00, mass_err=-1.510e-10
step= 65000, t=41.011410, dt=6.270e-04, KE=1.674491e-01, Mt=0.5866, A_K=0.111, Cuv=-0.093, P_in=2.633e-02, P_tgt=2.645e-02, A_F=0.093, K_low=0.186, P_drag=-6.135e-03, P_cool=-1.483e-02, WENO=0.256 (x=0.256, y=0.256), ReL2D=114.12, eps_nu=9.570e-03, P_hv=2.001e-04, rho_mean=1.000000, p_mean=0.743944, div_rms=1.179e+00, vort_rms=2.217e+00, mass_err=-1.514e-10
saved snapshot: results/hit2d/reynolds_calibration_ReL130_N256/calib_Mt060_N256_mu0p001414/hit2d_step0065100.npz
step= 65200, t=41.137556, dt=6.349e-04, KE=1.696153e-01, Mt=0.5918, A_K=0.102, Cuv=-0.101, P_in=2.735e-02, P_tgt=2.745e-02, A_F=0.133, K_low=0.194, P_drag=-6.428e-03, P_cool=-1.454e-02, WENO=0.262 (x=0.262, y=0.262), ReL2D=116.26, eps_nu=9.637e-03, P_hv=1.903e-04, rho_mean=1.000000, p_mean=0.743365, div_rms=1.197e+00, vort_rms=2.215e+00, mass_err=-1.519e-10
step= 65400, t=41.264292, dt=6.277e-04, KE=1.721039e-01, Mt=0.5967, A_K=0.099, Cuv=-0.109, P_in=2.786e-02, P_tgt=2.798e-02, A_F=0.050, K_low=0.202, P_drag=-6.761e-03, P_cool=-1.420e-02, WENO=0.264 (x=0.264, y=0.264), ReL2D=118.35, eps_nu=9.741e-03, P_hv=1.828e-04, rho_mean=1.000000, p_mean=0.742696, div_rms=1.211e+00, vort_rms=2.221e+00, mass_err=-1.523e-10
step= 65600, t=41.387258, dt=6.069e-04, KE=1.748112e-01, Mt=0.5999, A_K=0.101, Cuv=-0.116, P_in=2.802e-02, P_tgt=2.813e-02, A_F=0.039, K_low=0.208, P_drag=-7.100e-03, P_cool=-1.383e-02, WENO=0.269 (x=0.269, y=0.269), ReL2D=120.43, eps_nu=9.815e-03, P_hv=1.859e-04, rho_mean=1.000000, p_mean=0.741950, div_rms=1.216e+00, vort_rms=2.229e+00, mass_err=-1.528e-10
step= 65800, t=41.508375, dt=6.059e-04, KE=1.776003e-01, Mt=0.6021, A_K=0.107, Cuv=-0.114, P_in=2.829e-02, P_tgt=2.803e-02, A_F=0.018, K_low=0.212, P_drag=-7.448e-03, P_cool=-1.344e-02, WENO=0.269 (x=0.269, y=0.269), ReL2D=121.97, eps_nu=9.871e-03, P_hv=1.812e-04, rho_mean=1.000000, p_mean=0.741173, div_rms=1.216e+00, vort_rms=2.238e+00, mass_err=-1.533e-10
step= 66000, t=41.629878, dt=6.096e-04, KE=1.803619e-01, Mt=0.6048, A_K=0.121, Cuv=-0.100, P_in=2.769e-02, P_tgt=2.772e-02, A_F=0.257, K_low=0.218, P_drag=-7.816e-03, P_cool=-1.306e-02, WENO=0.266 (x=0.266, y=0.266), ReL2D=124.32, eps_nu=9.891e-03, P_hv=1.870e-04, rho_mean=1.000000, p_mean=0.740409, div_rms=1.200e+00, vort_rms=2.253e+00, mass_err=-1.537e-10
step= 66200, t=41.752753, dt=6.209e-04, KE=1.832460e-01, Mt=0.6078, A_K=0.140, Cuv=-0.081, P_in=2.742e-02, P_tgt=2.716e-02, A_F=0.148, K_low=0.224, P_drag=-8.203e-03, P_cool=-1.265e-02, WENO=0.265 (x=0.265, y=0.265), ReL2D=127.29, eps_nu=9.924e-03, P_hv=1.820e-04, rho_mean=1.000000, p_mean=0.739589, div_rms=1.191e+00, vort_rms=2.265e+00, mass_err=-1.542e-10
step= 66400, t=41.876292, dt=6.128e-04, KE=1.853199e-01, Mt=0.6104, A_K=0.163, Cuv=-0.064, P_in=2.637e-02, P_tgt=2.636e-02, A_F=0.165, K_low=0.232, P_drag=-8.574e-03, P_cool=-1.239e-02, WENO=0.266 (x=0.266, y=0.266), ReL2D=130.19, eps_nu=9.907e-03, P_hv=1.784e-04, rho_mean=1.000000, p_mean=0.739067, div_rms=1.173e+00, vort_rms=2.274e+00, mass_err=-1.547e-10
step= 66600, t=41.997985, dt=6.031e-04, KE=1.867265e-01, Mt=0.6122, A_K=0.187, Cuv=-0.061, P_in=2.552e-02, P_tgt=2.541e-02, A_F=0.016, K_low=0.241, P_drag=-8.939e-03, P_cool=-1.223e-02, WENO=0.272 (x=0.272, y=0.272), ReL2D=131.68, eps_nu=9.877e-03, P_hv=1.895e-04, rho_mean=1.000000, p_mean=0.738756, div_rms=1.160e+00, vort_rms=2.278e+00, mass_err=-1.551e-10
warning: flow component anisotropy has increased over the last three diagnostic samples
step= 66800, t=42.117517, dt=5.921e-04, KE=1.878650e-01, Mt=0.6138, A_K=0.205, Cuv=-0.066, P_in=2.453e-02, P_tgt=2.437e-02, A_F=0.036, K_low=0.251, P_drag=-9.298e-03, P_cool=-1.210e-02, WENO=0.271 (x=0.271, y=0.271), ReL2D=131.40, eps_nu=9.867e-03, P_hv=1.884e-04, rho_mean=1.000000, p_mean=0.738483, div_rms=1.169e+00, vort_rms=2.271e+00, mass_err=-1.556e-10
warning: flow component anisotropy has increased over the last three diagnostic samples
step= 67000, t=42.234623, dt=5.822e-04, KE=1.885228e-01, Mt=0.6156, A_K=0.221, Cuv=-0.078, P_in=2.328e-02, P_tgt=2.325e-02, A_F=0.170, K_low=0.261, P_drag=-9.645e-03, P_cool=-1.202e-02, WENO=0.269 (x=0.269, y=0.269), ReL2D=131.15, eps_nu=9.871e-03, P_hv=1.870e-04, rho_mean=1.000000, p_mean=0.738332, div_rms=1.184e+00, vort_rms=2.261e+00, mass_err=-1.561e-10
warning: flow component anisotropy has increased over the last three diagnostic samples
step= 67200, t=42.350856, dt=5.798e-04, KE=1.882433e-01, Mt=0.6175, A_K=0.222, Cuv=-0.091, P_in=2.219e-02, P_tgt=2.205e-02, A_F=0.289, K_low=0.272, P_drag=-9.986e-03, P_cool=-1.210e-02, WENO=0.272 (x=0.272, y=0.272), ReL2D=132.15, eps_nu=9.764e-03, P_hv=1.745e-04, rho_mean=1.000000, p_mean=0.738478, div_rms=1.166e+00, vort_rms=2.257e+00, mass_err=-1.565e-10
saved snapshot: results/hit2d/reynolds_calibration_ReL130_N256/calib_Mt060_N256_mu0p001414/hit2d_step0067200.npz
step= 67400, t=42.466982, dt=5.817e-04, KE=1.876145e-01, Mt=0.6200, A_K=0.209, Cuv=-0.105, P_in=2.080e-02, P_tgt=2.078e-02, A_F=0.105, K_low=0.284, P_drag=-1.032e-02, P_cool=-1.220e-02, WENO=0.286 (x=0.286, y=0.286), ReL2D=133.72, eps_nu=9.680e-03, P_hv=1.622e-04, rho_mean=1.000000, p_mean=0.738681, div_rms=1.138e+00, vort_rms=2.262e+00, mass_err=-1.570e-10
step= 67600, t=42.583434, dt=5.843e-04, KE=1.873549e-01, Mt=0.6232, A_K=0.197, Cuv=-0.113, P_in=1.947e-02, P_tgt=1.941e-02, A_F=0.068, K_low=0.295, P_drag=-1.067e-02, P_cool=-1.218e-02, WENO=0.288 (x=0.288, y=0.288), ReL2D=134.93, eps_nu=9.630e-03, P_hv=1.576e-04, rho_mean=1.000000, p_mean=0.738653, div_rms=1.124e+00, vort_rms=2.264e+00, mass_err=-1.575e-10
step= 67800, t=42.701654, dt=5.968e-04, KE=1.870691e-01, Mt=0.6257, A_K=0.179, Cuv=-0.119, P_in=1.804e-02, P_tgt=1.797e-02, A_F=0.255, K_low=0.306, P_drag=-1.101e-02, P_cool=-1.213e-02, WENO=0.277 (x=0.277, y=0.277), ReL2D=134.44, eps_nu=9.693e-03, P_hv=1.696e-04, rho_mean=1.000000, p_mean=0.738553, div_rms=1.153e+00, vort_rms=2.254e+00, mass_err=-1.579e-10
step= 68000, t=42.822679, dt=6.132e-04, KE=1.853404e-01, Mt=0.6256, A_K=0.157, Cuv=-0.126, P_in=1.671e-02, P_tgt=1.657e-02, A_F=0.245, K_low=0.321, P_drag=-1.137e-02, P_cool=-1.233e-02, WENO=0.261 (x=0.261, y=0.261), ReL2D=134.82, eps_nu=9.630e-03, P_hv=1.653e-04, rho_mean=1.000000, p_mean=0.738937, div_rms=1.155e+00, vort_rms=2.243e+00, mass_err=-1.584e-10
step= 68200, t=42.946737, dt=6.277e-04, KE=1.826179e-01, Mt=0.6232, A_K=0.127, Cuv=-0.131, P_in=1.533e-02, P_tgt=1.534e-02, A_F=0.109, K_low=0.339, P_drag=-1.174e-02, P_cool=-1.267e-02, WENO=0.261 (x=0.261, y=0.261), ReL2D=132.03, eps_nu=9.702e-03, P_hv=1.676e-04, rho_mean=1.000000, p_mean=0.739617, div_rms=1.185e+00, vort_rms=2.234e+00, mass_err=-1.589e-10
step= 68400, t=43.073521, dt=6.369e-04, KE=1.801933e-01, Mt=0.6202, A_K=0.091, Cuv=-0.132, P_in=1.429e-02, P_tgt=1.432e-02, A_F=0.080, K_low=0.358, P_drag=-1.210e-02, P_cool=-1.290e-02, WENO=0.261 (x=0.261, y=0.261), ReL2D=130.47, eps_nu=9.655e-03, P_hv=1.599e-04, rho_mean=1.000000, p_mean=0.740081, div_rms=1.190e+00, vort_rms=2.222e+00, mass_err=-1.593e-10
step= 68600, t=43.200011, dt=6.279e-04, KE=1.783965e-01, Mt=0.6175, A_K=0.062, Cuv=-0.124, P_in=1.349e-02, P_tgt=1.349e-02, A_F=0.007, K_low=0.374, P_drag=-1.245e-02, P_cool=-1.297e-02, WENO=0.254 (x=0.254, y=0.254), ReL2D=128.67, eps_nu=9.654e-03, P_hv=1.630e-04, rho_mean=1.000000, p_mean=0.740226, div_rms=1.201e+00, vort_rms=2.214e+00, mass_err=-1.598e-10
step= 68800, t=43.324699, dt=6.188e-04, KE=1.766770e-01, Mt=0.6139, A_K=0.038, Cuv=-0.108, P_in=1.270e-02, P_tgt=1.282e-02, A_F=0.173, K_low=0.386, P_drag=-1.272e-02, P_cool=-1.300e-02, WENO=0.254 (x=0.254, y=0.254), ReL2D=126.66, eps_nu=9.578e-03, P_hv=1.670e-04, rho_mean=1.000000, p_mean=0.740296, div_rms=1.199e+00, vort_rms=2.204e+00, mass_err=-1.603e-10
step= 69000, t=43.448273, dt=6.186e-04, KE=1.749499e-01, Mt=0.6094, A_K=0.017, Cuv=-0.088, P_in=1.233e-02, P_tgt=1.235e-02, A_F=0.105, K_low=0.394, P_drag=-1.293e-02, P_cool=-1.302e-02, WENO=0.260 (x=0.260, y=0.260), ReL2D=124.14, eps_nu=9.451e-03, P_hv=1.568e-04, rho_mean=1.000000, p_mean=0.740333, div_rms=1.186e+00, vort_rms=2.192e+00, mass_err=-1.607e-10
step= 69200, t=43.572043, dt=6.210e-04, KE=1.733303e-01, Mt=0.6047, A_K=0.003, Cuv=-0.064, P_in=1.205e-02, P_tgt=1.207e-02, A_F=0.045, K_low=0.399, P_drag=-1.309e-02, P_cool=-1.300e-02, WENO=0.255 (x=0.255, y=0.255), ReL2D=121.74, eps_nu=9.320e-03, P_hv=1.768e-04, rho_mean=1.000000, p_mean=0.740295, div_rms=1.175e+00, vort_rms=2.179e+00, mass_err=-1.612e-10
saved snapshot: results/hit2d/reynolds_calibration_ReL130_N256/calib_Mt060_N256_mu0p001414/hit2d_step0069300.npz
step= 69400, t=43.695749, dt=6.156e-04, KE=1.719304e-01, Mt=0.6002, A_K=0.017, Cuv=-0.039, P_in=1.206e-02, P_tgt=1.197e-02, A_F=0.167, K_low=0.403, P_drag=-1.324e-02, P_cool=-1.293e-02, WENO=0.251 (x=0.251, y=0.251), ReL2D=120.06, eps_nu=9.178e-03, P_hv=1.810e-04, rho_mean=1.000000, p_mean=0.740156, div_rms=1.161e+00, vort_rms=2.166e+00, mass_err=-1.617e-10
step= 69600, t=43.817821, dt=6.102e-04, KE=1.706258e-01, Mt=0.5965, A_K=0.035, Cuv=-0.016, P_in=1.202e-02, P_tgt=1.204e-02, A_F=0.104, K_low=0.407, P_drag=-1.338e-02, P_cool=-1.285e-02, WENO=0.255 (x=0.255, y=0.255), ReL2D=119.69, eps_nu=8.995e-03, P_hv=1.832e-04, rho_mean=1.000000, p_mean=0.739984, div_rms=1.139e+00, vort_rms=2.152e+00, mass_err=-1.621e-10
step= 69800, t=43.940799, dt=6.208e-04, KE=1.692654e-01, Mt=0.5935, A_K=0.055, Cuv=0.008, P_in=1.217e-02, P_tgt=1.225e-02, A_F=0.050, K_low=0.412, P_drag=-1.348e-02, P_cool=-1.277e-02, WENO=0.257 (x=0.257, y=0.257), ReL2D=120.18, eps_nu=8.773e-03, P_hv=1.749e-04, rho_mean=1.000000, p_mean=0.739833, div_rms=1.105e+00, vort_rms=2.139e+00, mass_err=-1.626e-10
step= 70000, t=44.065580, dt=6.259e-04, KE=1.683781e-01, Mt=0.5919, A_K=0.078, Cuv=0.032, P_in=1.261e-02, P_tgt=1.256e-02, A_F=0.155, K_low=0.415, P_drag=-1.353e-02, P_cool=-1.261e-02, WENO=0.246 (x=0.246, y=0.246), ReL2D=120.58, eps_nu=8.676e-03, P_hv=1.789e-04, rho_mean=1.000000, p_mean=0.739500, div_rms=1.094e+00, vort_rms=2.131e+00, mass_err=-1.631e-10
step= 70200, t=44.190673, dt=6.283e-04, KE=1.678157e-01, Mt=0.5915, A_K=0.110, Cuv=0.060, P_in=1.280e-02, P_tgt=1.292e-02, A_F=0.048, K_low=0.415, P_drag=-1.349e-02, P_cool=-1.239e-02, WENO=0.249 (x=0.249, y=0.249), ReL2D=121.91, eps_nu=8.611e-03, P_hv=1.906e-04, rho_mean=1.000000, p_mean=0.739062, div_rms=1.084e+00, vort_rms=2.127e+00, mass_err=-1.635e-10
step= 70400, t=44.317358, dt=6.342e-04, KE=1.673281e-01, Mt=0.5912, A_K=0.139, Cuv=0.086, P_in=1.329e-02, P_tgt=1.331e-02, A_F=0.016, K_low=0.412, P_drag=-1.336e-02, P_cool=-1.217e-02, WENO=0.251 (x=0.251, y=0.251), ReL2D=123.71, eps_nu=8.605e-03, P_hv=1.911e-04, rho_mean=1.000000, p_mean=0.738618, div_rms=1.083e+00, vort_rms=2.126e+00, mass_err=-1.640e-10
step= 70600, t=44.444198, dt=6.314e-04, KE=1.665166e-01, Mt=0.5895, A_K=0.152, Cuv=0.111, P_in=1.389e-02, P_tgt=1.375e-02, A_F=0.095, K_low=0.407, P_drag=-1.313e-02, P_cool=-1.203e-02, WENO=0.244 (x=0.244, y=0.244), ReL2D=123.86, eps_nu=8.605e-03, P_hv=1.909e-04, rho_mean=1.000000, p_mean=0.738345, div_rms=1.096e+00, vort_rms=2.117e+00, mass_err=-1.645e-10
step= 70800, t=44.570497, dt=6.368e-04, KE=1.652094e-01, Mt=0.5855, A_K=0.151, Cuv=0.138, P_in=1.436e-02, P_tgt=1.434e-02, A_F=0.160, K_low=0.399, P_drag=-1.283e-02, P_cool=-1.202e-02, WENO=0.236 (x=0.236, y=0.236), ReL2D=124.24, eps_nu=8.481e-03, P_hv=1.921e-04, rho_mean=1.000000, p_mean=0.738321, div_rms=1.090e+00, vort_rms=2.101e+00, mass_err=-1.649e-10
step= 71000, t=44.699048, dt=6.425e-04, KE=1.637953e-01, Mt=0.5810, A_K=0.142, Cuv=0.161, P_in=1.539e-02, P_tgt=1.521e-02, A_F=0.166, K_low=0.390, P_drag=-1.245e-02, P_cool=-1.205e-02, WENO=0.233 (x=0.233, y=0.233), ReL2D=124.11, eps_nu=8.356e-03, P_hv=1.946e-04, rho_mean=1.000000, p_mean=0.738386, div_rms=1.079e+00, vort_rms=2.087e+00, mass_err=-1.654e-10
step= 71200, t=44.827506, dt=6.412e-04, KE=1.625345e-01, Mt=0.5780, A_K=0.126, Cuv=0.180, P_in=1.637e-02, P_tgt=1.635e-02, A_F=0.082, K_low=0.380, P_drag=-1.206e-02, P_cool=-1.209e-02, WENO=0.250 (x=0.250, y=0.250), ReL2D=124.58, eps_nu=8.208e-03, P_hv=2.012e-04, rho_mean=1.000000, p_mean=0.738458, div_rms=1.049e+00, vort_rms=2.083e+00, mass_err=-1.659e-10
step= 71400, t=44.956654, dt=6.480e-04, KE=1.619961e-01, Mt=0.5772, A_K=0.104, Cuv=0.190, P_in=1.774e-02, P_tgt=1.770e-02, A_F=0.256, K_low=0.368, P_drag=-1.166e-02, P_cool=-1.202e-02, WENO=0.249 (x=0.249, y=0.249), ReL2D=126.21, eps_nu=8.089e-03, P_hv=1.931e-04, rho_mean=1.000000, p_mean=0.738318, div_rms=1.029e+00, vort_rms=2.076e+00, mass_err=-1.664e-10
saved snapshot: results/hit2d/reynolds_calibration_ReL130_N256/calib_Mt060_N256_mu0p001414/hit2d_step0071400.npz
step= 71600, t=45.086333, dt=6.488e-04, KE=1.622267e-01, Mt=0.5777, A_K=0.077, Cuv=0.202, P_in=1.914e-02, P_tgt=1.918e-02, A_F=0.078, K_low=0.357, P_drag=-1.126e-02, P_cool=-1.184e-02, WENO=0.254 (x=0.254, y=0.254), ReL2D=127.89, eps_nu=8.003e-03, P_hv=1.850e-04, rho_mean=1.000000, p_mean=0.737965, div_rms=1.022e+00, vort_rms=2.066e+00, mass_err=-1.668e-10
step= 71800, t=45.216277, dt=6.521e-04, KE=1.625399e-01, Mt=0.5789, A_K=0.053, Cuv=0.211, P_in=2.076e-02, P_tgt=2.070e-02, A_F=0.045, K_low=0.345, P_drag=-1.085e-02, P_cool=-1.170e-02, WENO=0.250 (x=0.250, y=0.250), ReL2D=128.93, eps_nu=7.947e-03, P_hv=1.754e-04, rho_mean=1.000000, p_mean=0.737687, div_rms=1.016e+00, vort_rms=2.060e+00, mass_err=-1.673e-10
step= 72000, t=45.348194, dt=6.696e-04, KE=1.626454e-01, Mt=0.5798, A_K=0.025, Cuv=0.213, P_in=2.245e-02, P_tgt=2.227e-02, A_F=0.052, K_low=0.332, P_drag=-1.041e-02, P_cool=-1.166e-02, WENO=0.253 (x=0.253, y=0.253), ReL2D=130.30, eps_nu=7.900e-03, P_hv=1.584e-04, rho_mean=1.000000, p_mean=0.737601, div_rms=1.005e+00, vort_rms=2.059e+00, mass_err=-1.678e-10
step= 72200, t=45.480779, dt=6.588e-04, KE=1.629902e-01, Mt=0.5807, A_K=0.007, Cuv=0.213, P_in=2.350e-02, P_tgt=2.386e-02, A_F=0.146, K_low=0.317, P_drag=-9.959e-03, P_cool=-1.162e-02, WENO=0.243 (x=0.243, y=0.243), ReL2D=129.31, eps_nu=7.975e-03, P_hv=1.601e-04, rho_mean=1.000000, p_mean=0.737531, div_rms=1.020e+00, vort_rms=2.062e+00, mass_err=-1.682e-10
step= 72400, t=45.610711, dt=6.407e-04, KE=1.634927e-01, Mt=0.5810, A_K=0.029, Cuv=0.221, P_in=2.539e-02, P_tgt=2.550e-02, A_F=0.001, K_low=0.300, P_drag=-9.506e-03, P_cool=-1.161e-02, WENO=0.237 (x=0.237, y=0.237), ReL2D=127.00, eps_nu=8.092e-03, P_hv=1.673e-04, rho_mean=1.000000, p_mean=0.737514, div_rms=1.040e+00, vort_rms=2.069e+00, mass_err=-1.687e-10
step= 72600, t=45.736616, dt=6.216e-04, KE=1.641119e-01, Mt=0.5804, A_K=0.034, Cuv=0.224, P_in=2.745e-02, P_tgt=2.729e-02, A_F=0.150, K_low=0.283, P_drag=-9.076e-03, P_cool=-1.163e-02, WENO=0.226 (x=0.226, y=0.226), ReL2D=125.17, eps_nu=8.311e-03, P_hv=1.683e-04, rho_mean=1.000000, p_mean=0.737551, div_rms=1.086e+00, vort_rms=2.075e+00, mass_err=-1.692e-10
step= 72800, t=45.860289, dt=6.158e-04, KE=1.643452e-01, Mt=0.5795, A_K=0.034, Cuv=0.216, P_in=2.940e-02, P_tgt=2.928e-02, A_F=0.114, K_low=0.268, P_drag=-8.685e-03, P_cool=-1.178e-02, WENO=0.228 (x=0.228, y=0.228), ReL2D=125.41, eps_nu=8.436e-03, P_hv=1.633e-04, rho_mean=1.000000, p_mean=0.737840, div_rms=1.099e+00, vort_rms=2.087e+00, mass_err=-1.696e-10
step= 73000, t=45.983073, dt=6.135e-04, KE=1.650701e-01, Mt=0.5802, A_K=0.029, Cuv=0.200, P_in=3.157e-02, P_tgt=3.145e-02, A_F=0.028, K_low=0.256, P_drag=-8.350e-03, P_cool=-1.188e-02, WENO=0.227 (x=0.227, y=0.227), ReL2D=124.45, eps_nu=8.599e-03, P_hv=1.558e-04, rho_mean=1.000000, p_mean=0.738039, div_rms=1.114e+00, vort_rms=2.104e+00, mass_err=-1.701e-10
step= 73200, t=46.105081, dt=6.072e-04, KE=1.671721e-01, Mt=0.5836, A_K=0.023, Cuv=0.186, P_in=3.368e-02, P_tgt=3.352e-02, A_F=0.141, K_low=0.244, P_drag=-8.061e-03, P_cool=-1.176e-02, WENO=0.228 (x=0.228, y=0.228), ReL2D=122.44, eps_nu=8.895e-03, P_hv=1.616e-04, rho_mean=1.000000, p_mean=0.737806, div_rms=1.161e+00, vort_rms=2.120e+00, mass_err=-1.706e-10
step= 73400, t=46.226092, dt=6.043e-04, KE=1.692995e-01, Mt=0.5875, A_K=0.009, Cuv=0.184, P_in=3.521e-02, P_tgt=3.523e-02, A_F=0.147, K_low=0.234, P_drag=-7.788e-03, P_cool=-1.169e-02, WENO=0.231 (x=0.231, y=0.231), ReL2D=122.18, eps_nu=9.115e-03, P_hv=1.716e-04, rho_mean=1.000000, p_mean=0.737673, div_rms=1.184e+00, vort_rms=2.139e+00, mass_err=-1.710e-10
saved snapshot: results/hit2d/reynolds_calibration_ReL130_N256/calib_Mt060_N256_mu0p001414/hit2d_step0073500.npz
step= 73600, t=46.347433, dt=6.120e-04, KE=1.706961e-01, Mt=0.5906, A_K=0.004, Cuv=0.192, P_in=3.654e-02, P_tgt=3.658e-02, A_F=0.168, K_low=0.226, P_drag=-7.541e-03, P_cool=-1.182e-02, WENO=0.246 (x=0.246, y=0.246), ReL2D=121.98, eps_nu=9.222e-03, P_hv=1.727e-04, rho_mean=1.000000, p_mean=0.737923, div_rms=1.181e+00, vort_rms=2.159e+00, mass_err=-1.715e-10
step= 73800, t=46.471368, dt=6.264e-04, KE=1.725690e-01, Mt=0.5943, A_K=0.015, Cuv=0.205, P_in=3.754e-02, P_tgt=3.754e-02, A_F=0.032, K_low=0.219, P_drag=-7.313e-03, P_cool=-1.189e-02, WENO=0.259 (x=0.259, y=0.259), ReL2D=121.74, eps_nu=9.337e-03, P_hv=1.732e-04, rho_mean=1.000000, p_mean=0.738067, div_rms=1.184e+00, vort_rms=2.176e+00, mass_err=-1.720e-10
step= 74000, t=46.598606, dt=6.469e-04, KE=1.750205e-01, Mt=0.5987, A_K=0.014, Cuv=0.221, P_in=3.786e-02, P_tgt=3.800e-02, A_F=0.179, K_low=0.209, P_drag=-7.092e-03, P_cool=-1.188e-02, WENO=0.263 (x=0.263, y=0.263), ReL2D=122.33, eps_nu=9.420e-03, P_hv=1.705e-04, rho_mean=1.000000, p_mean=0.738053, div_rms=1.187e+00, vort_rms=2.187e+00, mass_err=-1.724e-10
step= 74200, t=46.727565, dt=6.352e-04, KE=1.772191e-01, Mt=0.6036, A_K=0.001, Cuv=0.232, P_in=3.787e-02, P_tgt=3.785e-02, A_F=0.033, K_low=0.200, P_drag=-6.889e-03, P_cool=-1.194e-02, WENO=0.257 (x=0.257, y=0.257), ReL2D=122.43, eps_nu=9.489e-03, P_hv=1.750e-04, rho_mean=1.000000, p_mean=0.738172, div_rms=1.186e+00, vort_rms=2.199e+00, mass_err=-1.729e-10
step= 74400, t=46.850862, dt=6.223e-04, KE=1.787181e-01, Mt=0.6078, A_K=0.019, Cuv=0.234, P_in=3.710e-02, P_tgt=3.715e-02, A_F=0.136, K_low=0.194, P_drag=-6.751e-03, P_cool=-1.211e-02, WENO=0.254 (x=0.254, y=0.254), ReL2D=122.20, eps_nu=9.512e-03, P_hv=1.821e-04, rho_mean=1.000000, p_mean=0.738510, div_rms=1.179e+00, vort_rms=2.208e+00, mass_err=-1.734e-10
step= 74600, t=46.977432, dt=6.386e-04, KE=1.802748e-01, Mt=0.6133, A_K=0.039, Cuv=0.228, P_in=3.602e-02, P_tgt=3.591e-02, A_F=0.284, K_low=0.190, P_drag=-6.666e-03, P_cool=-1.225e-02, WENO=0.254 (x=0.254, y=0.254), ReL2D=121.81, eps_nu=9.671e-03, P_hv=1.910e-04, rho_mean=1.000000, p_mean=0.738792, div_rms=1.196e+00, vort_rms=2.221e+00, mass_err=-1.738e-10
step= 74800, t=47.106026, dt=6.433e-04, KE=1.816446e-01, Mt=0.6179, A_K=0.058, Cuv=0.214, P_in=3.408e-02, P_tgt=3.414e-02, A_F=0.047, K_low=0.187, P_drag=-6.630e-03, P_cool=-1.239e-02, WENO=0.261 (x=0.261, y=0.261), ReL2D=121.47, eps_nu=9.890e-03, P_hv=1.773e-04, rho_mean=1.000000, p_mean=0.739069, div_rms=1.236e+00, vort_rms=2.226e+00, mass_err=-1.743e-10
step= 75000, t=47.234038, dt=6.360e-04, KE=1.827596e-01, Mt=0.6214, A_K=0.065, Cuv=0.198, P_in=3.218e-02, P_tgt=3.207e-02, A_F=0.220, K_low=0.185, P_drag=-6.588e-03, P_cool=-1.252e-02, WENO=0.273 (x=0.273, y=0.273), ReL2D=120.65, eps_nu=1.018e-02, P_hv=1.687e-04, rho_mean=1.000000, p_mean=0.739331, div_rms=1.291e+00, vort_rms=2.231e+00, mass_err=-1.748e-10
step= 75200, t=47.360603, dt=6.276e-04, KE=1.838403e-01, Mt=0.6244, A_K=0.059, Cuv=0.188, P_in=2.985e-02, P_tgt=2.984e-02, A_F=0.390, K_low=0.182, P_drag=-6.528e-03, P_cool=-1.260e-02, WENO=0.285 (x=0.285, y=0.285), ReL2D=119.39, eps_nu=1.051e-02, P_hv=1.655e-04, rho_mean=1.000000, p_mean=0.739477, div_rms=1.351e+00, vort_rms=2.236e+00, mass_err=-1.752e-10
step= 75400, t=47.486693, dt=6.411e-04, KE=1.849737e-01, Mt=0.6271, A_K=0.050, Cuv=0.182, P_in=2.740e-02, P_tgt=2.753e-02, A_F=0.098, K_low=0.180, P_drag=-6.454e-03, P_cool=-1.260e-02, WENO=0.284 (x=0.284, y=0.284), ReL2D=118.95, eps_nu=1.068e-02, P_hv=1.749e-04, rho_mean=1.000000, p_mean=0.739489, div_rms=1.374e+00, vort_rms=2.245e+00, mass_err=-1.757e-10
step= 75600, t=47.613688, dt=6.320e-04, KE=1.855614e-01, Mt=0.6285, A_K=0.046, Cuv=0.178, P_in=2.521e-02, P_tgt=2.523e-02, A_F=0.155, K_low=0.177, P_drag=-6.358e-03, P_cool=-1.266e-02, WENO=0.271 (x=0.271, y=0.271), ReL2D=118.84, eps_nu=1.078e-02, P_hv=1.770e-04, rho_mean=1.000000, p_mean=0.739612, div_rms=1.373e+00, vort_rms=2.260e+00, mass_err=-1.762e-10
saved snapshot: results/hit2d/reynolds_calibration_ReL130_N256/calib_Mt060_N256_mu0p001414/hit2d_step0075600.npz
step= 75800, t=47.740382, dt=6.378e-04, KE=1.857588e-01, Mt=0.6272, A_K=0.044, Cuv=0.179, P_in=2.299e-02, P_tgt=2.312e-02, A_F=0.003, K_low=0.172, P_drag=-6.245e-03, P_cool=-1.275e-02, WENO=0.264 (x=0.264, y=0.264), ReL2D=119.71, eps_nu=1.069e-02, P_hv=1.803e-04, rho_mean=1.000000, p_mean=0.739785, div_rms=1.339e+00, vort_rms=2.274e+00, mass_err=-1.766e-10
step= 76000, t=47.869600, dt=6.552e-04, KE=1.859264e-01, Mt=0.6226, A_K=0.042, Cuv=0.176, P_in=2.124e-02, P_tgt=2.136e-02, A_F=0.070, K_low=0.167, P_drag=-6.147e-03, P_cool=-1.280e-02, WENO=0.269 (x=0.269, y=0.269), ReL2D=120.89, eps_nu=1.048e-02, P_hv=1.781e-04, rho_mean=1.000000, p_mean=0.739887, div_rms=1.291e+00, vort_rms=2.278e+00, mass_err=-1.771e-10
step= 76200, t=48.001780, dt=6.540e-04, KE=1.860949e-01, Mt=0.6173, A_K=0.043, Cuv=0.166, P_in=1.992e-02, P_tgt=2.006e-02, A_F=0.299, K_low=0.162, P_drag=-6.094e-03, P_cool=-1.282e-02, WENO=0.262 (x=0.262, y=0.262), ReL2D=122.83, eps_nu=1.021e-02, P_hv=1.750e-04, rho_mean=1.000000, p_mean=0.739925, div_rms=1.243e+00, vort_rms=2.271e+00, mass_err=-1.776e-10
step= 76400, t=48.128004, dt=6.166e-04, KE=1.864287e-01, Mt=0.6140, A_K=0.044, Cuv=0.150, P_in=1.914e-02, P_tgt=1.909e-02, A_F=0.034, K_low=0.159, P_drag=-6.098e-03, P_cool=-1.278e-02, WENO=0.267 (x=0.267, y=0.267), ReL2D=122.83, eps_nu=1.008e-02, P_hv=1.889e-04, rho_mean=1.000000, p_mean=0.739842, div_rms=1.234e+00, vort_rms=2.258e+00, mass_err=-1.780e-10
step= 76600, t=48.251960, dt=6.259e-04, KE=1.862978e-01, Mt=0.6123, A_K=0.038, Cuv=0.128, P_in=1.832e-02, P_tgt=1.830e-02, A_F=0.022, K_low=0.160, P_drag=-6.167e-03, P_cool=-1.281e-02, WENO=0.271 (x=0.271, y=0.271), ReL2D=123.34, eps_nu=9.939e-03, P_hv=1.859e-04, rho_mean=1.000000, p_mean=0.739898, div_rms=1.221e+00, vort_rms=2.245e+00, mass_err=-1.785e-10
step= 76680, t=48.301987, dt=3.460e-04, KE=1.862043e-01, Mt=0.6123, A_K=0.032, Cuv=0.116, P_in=1.802e-02, P_tgt=1.801e-02, A_F=0.133, K_low=0.162, P_drag=-6.209e-03, P_cool=-1.282e-02, WENO=0.275 (x=0.275, y=0.275), ReL2D=123.51, eps_nu=9.899e-03, P_hv=1.784e-04, rho_mean=1.000000, p_mean=0.739922, div_rms=1.218e+00, vort_rms=2.241e+00, mass_err=-1.787e-10
saved snapshot: results/hit2d/reynolds_calibration_ReL130_N256/calib_Mt060_N256_mu0p001414/hit2d_step0076680.npz
completed 2D HIT run at t=48.301987 in 76680 steps
Post-processing calib_Mt060_N256_mu0p001414 at Sun Aug 16 11:11:53 PM CEST 2026
FINISHED calib_Mt060_N256_mu0p001414 at Sun Aug 16 11:11:58 PM CEST 2026

============================================================
SIMULATIONS COMPLETE. Building calibration summary...
============================================================
results/hit2d/reynolds_calibration_ReL130_N256/reynolds_calibration_summary.md
calib_Mt040_N256_mu0p001140: Re=125.32 (-3.60%), recommended mu=0.001098989
calib_Mt050_N256_mu0p001316: Re=130.25 (+0.19%), recommended mu=0.00131818
calib_Mt060_N256_mu0p001414: Re=122.36 (-5.87%), recommended mu=0.001330976

============================================================
CAMPAIGN FINISHED: Sun Aug 16 11:11:58 PM CEST 2026
Results: results/hit2d/reynolds_calibration_ReL130_N256
Summary: results/hit2d/reynolds_calibration_ReL130_N256/reynolds_calibration_summary.md
Failures: results/hit2d/reynolds_calibration_ReL130_N256/failed_cases.txt
============================================================
