============================================================
THESIS HIT CAMPAIGN v1
Started: Sat Aug 15 07:32:52 PM CEST 2026
Frozen numerical baseline: legacy sensor + local LF
CFL=0.10; Re_lambda,0=120; mn=0.005; HV interval=5
Statistics: 4.0 <= N_eddy <= 16.0
============================================================

============================================================
STARTING grid_Mt025_N128_seed1234 at Sat Aug 15 07:32:52 PM CEST 2026
N=128x128; Mt=0.25; Re_lambda,0=120; seed=1234
tfinal=115.92476892; target turnovers=18.0
CFL=0.10; sensor=legacy; WENO LF=local
HV: conservative_flux, mn=0.005, interval=5
snapshot_every=2500; diagnostics_every=250
============================================================
Using array backend: cupy
saved run configuration: results/hit2d/thesis_hit_campaign_v1/grid_Mt025_N128_seed1234/config.json
resolved initial Re_lambda_2d=120.000000 with dynamic viscosity=7.560701e-04
step=     0, t=0.000000, dt=0.000e+00, KE=3.125000e-02, Mt=0.2500, A_K=0.000, Cuv=0.000, P_in=0.000e+00, P_tgt=0.000e+00, A_F=0.000, K_low=0.000, P_drag=0.000e+00, P_cool=0.000e+00, WENO=0.035 (x=0.035, y=0.035), ReL2D=120.00, eps_nu=7.186e-04, P_hv=0.000e+00, rho_mean=1.000000, p_mean=0.714286, div_rms=2.307e-15, vort_rms=9.749e-01, mass_err=0.000e+00
step=   250, t=0.443085, dt=1.781e-03, KE=3.039398e-02, Mt=0.2472, A_K=0.017, Cuv=-0.018, P_in=1.045e-03, P_tgt=1.008e-03, A_F=0.176, K_low=0.004, P_drag=-2.458e-05, P_cool=-2.506e-04, WENO=0.037 (x=0.037, y=0.037), ReL2D=119.16, eps_nu=7.100e-04, P_hv=4.867e-05, rho_mean=1.000000, p_mean=0.714787, div_rms=1.177e-01, vort_rms=9.595e-01, mass_err=-6.111e-13
step=   500, t=0.892442, dt=1.811e-03, KE=2.997264e-02, Mt=0.2477, A_K=0.003, Cuv=-0.060, P_in=1.036e-03, P_tgt=1.041e-03, A_F=0.147, K_low=0.008, P_drag=-4.440e-05, P_cool=-3.915e-04, WENO=0.073 (x=0.073, y=0.073), ReL2D=121.71, eps_nu=7.210e-04, P_hv=5.033e-05, rho_mean=1.000000, p_mean=0.715069, div_rms=1.339e-01, vort_rms=9.642e-01, mass_err=-1.215e-12
step=   750, t=1.346298, dt=1.802e-03, KE=3.027179e-02, Mt=0.2481, A_K=0.025, Cuv=-0.067, P_in=1.082e-03, P_tgt=1.060e-03, A_F=0.146, K_low=0.007, P_drag=-3.743e-05, P_cool=-3.888e-04, WENO=0.133 (x=0.133, y=0.133), ReL2D=122.56, eps_nu=7.242e-04, P_hv=4.858e-05, rho_mean=1.000000, p_mean=0.715063, div_rms=1.197e-01, vort_rms=9.689e-01, mass_err=-1.826e-12
step=  1000, t=1.797143, dt=1.794e-03, KE=3.045815e-02, Mt=0.2487, A_K=0.040, Cuv=-0.029, P_in=1.129e-03, P_tgt=1.078e-03, A_F=0.226, K_low=0.009, P_drag=-5.301e-05, P_cool=-4.128e-04, WENO=0.113 (x=0.113, y=0.113), ReL2D=124.50, eps_nu=7.321e-04, P_hv=5.072e-05, rho_mean=1.000000, p_mean=0.715111, div_rms=1.266e-01, vort_rms=9.731e-01, mass_err=-2.423e-12
step=  1250, t=2.243770, dt=1.791e-03, KE=3.069799e-02, Mt=0.2495, A_K=0.029, Cuv=-0.049, P_in=1.074e-03, P_tgt=1.088e-03, A_F=0.179, K_low=0.013, P_drag=-7.925e-05, P_cool=-4.183e-04, WENO=0.121 (x=0.121, y=0.121), ReL2D=126.89, eps_nu=7.352e-04, P_hv=5.431e-05, rho_mean=1.000000, p_mean=0.715122, div_rms=1.264e-01, vort_rms=9.752e-01, mass_err=-3.027e-12
step=  1500, t=2.693194, dt=1.795e-03, KE=3.085413e-02, Mt=0.2497, A_K=0.062, Cuv=-0.065, P_in=1.098e-03, P_tgt=1.090e-03, A_F=0.111, K_low=0.012, P_drag=-7.267e-05, P_cool=-4.403e-04, WENO=0.131 (x=0.131, y=0.131), ReL2D=125.01, eps_nu=7.358e-04, P_hv=5.940e-05, rho_mean=1.000000, p_mean=0.715166, div_rms=1.250e-01, vort_rms=9.759e-01, mass_err=-3.631e-12
step=  1750, t=3.144646, dt=1.827e-03, KE=3.095845e-02, Mt=0.2501, A_K=0.100, Cuv=-0.038, P_in=1.101e-03, P_tgt=1.094e-03, A_F=0.127, K_low=0.012, P_drag=-7.647e-05, P_cool=-4.698e-04, WENO=0.104 (x=0.104, y=0.104), ReL2D=127.11, eps_nu=7.336e-04, P_hv=6.009e-05, rho_mean=1.000000, p_mean=0.715225, div_rms=1.295e-01, vort_rms=9.736e-01, mass_err=-4.242e-12
step=  2000, t=3.601643, dt=1.834e-03, KE=3.103543e-02, Mt=0.2505, A_K=0.095, Cuv=-0.040, P_in=1.087e-03, P_tgt=1.089e-03, A_F=0.233, K_low=0.019, P_drag=-1.122e-04, P_cool=-5.023e-04, WENO=0.099 (x=0.099, y=0.099), ReL2D=130.42, eps_nu=7.297e-04, P_hv=6.192e-05, rho_mean=1.000000, p_mean=0.715290, div_rms=1.285e-01, vort_rms=9.712e-01, mass_err=-4.839e-12
warning: cumulative forcing anisotropy is high (A_F=0.232)
step=  2250, t=4.056747, dt=1.823e-03, KE=3.109293e-02, Mt=0.2507, A_K=0.091, Cuv=-0.061, P_in=3.654e-03, P_tgt=1.084e-03, A_F=0.238, K_low=0.022, P_drag=-1.314e-04, P_cool=-5.407e-04, WENO=0.122 (x=0.122, y=0.122), ReL2D=126.84, eps_nu=7.245e-04, P_hv=6.476e-05, rho_mean=1.000000, p_mean=0.715367, div_rms=1.258e-01, vort_rms=9.681e-01, mass_err=-5.443e-12
warning: cumulative forcing anisotropy is high (A_F=0.224)
step=  2500, t=4.509753, dt=1.806e-03, KE=3.123183e-02, Mt=0.2514, A_K=0.114, Cuv=-0.082, P_in=1.153e-03, P_tgt=1.071e-03, A_F=0.009, K_low=0.023, P_drag=-1.397e-04, P_cool=-5.605e-04, WENO=0.112 (x=0.112, y=0.112), ReL2D=127.69, eps_nu=7.278e-04, P_hv=6.673e-05, rho_mean=1.000000, p_mean=0.715407, div_rms=1.258e-01, vort_rms=9.703e-01, mass_err=-6.047e-12
saved snapshot: results/hit2d/thesis_hit_campaign_v1/grid_Mt025_N128_seed1234/hit2d_step0002500.npz
warning: cumulative forcing anisotropy is high (A_F=0.204)
step=  2750, t=4.969471, dt=1.836e-03, KE=3.189554e-02, Mt=0.2541, A_K=0.051, Cuv=-0.054, P_in=1.009e-03, P_tgt=1.033e-03, A_F=0.107, K_low=0.028, P_drag=-1.784e-04, P_cool=-5.858e-04, WENO=0.091 (x=0.091, y=0.091), ReL2D=130.61, eps_nu=7.341e-04, P_hv=6.794e-05, rho_mean=1.000000, p_mean=0.715457, div_rms=1.275e-01, vort_rms=9.743e-01, mass_err=-6.651e-12
warning: cumulative forcing anisotropy is high (A_F=0.203)
step=  3000, t=5.426444, dt=1.820e-03, KE=3.222580e-02, Mt=0.2552, A_K=0.034, Cuv=-0.057, P_in=9.850e-04, P_tgt=9.862e-04, A_F=0.092, K_low=0.034, P_drag=-2.186e-04, P_cool=-5.510e-04, WENO=0.096 (x=0.096, y=0.096), ReL2D=131.08, eps_nu=7.299e-04, P_hv=7.150e-05, rho_mean=1.000000, p_mean=0.715388, div_rms=1.281e-01, vort_rms=9.714e-01, mass_err=-7.269e-12
warning: cumulative forcing anisotropy is high (A_F=0.202)
step=  3250, t=5.878286, dt=1.802e-03, KE=3.217469e-02, Mt=0.2544, A_K=0.021, Cuv=-0.080, P_in=9.641e-04, P_tgt=9.390e-04, A_F=0.238, K_low=0.037, P_drag=-2.350e-04, P_cool=-5.783e-04, WENO=0.124 (x=0.124, y=0.124), ReL2D=125.94, eps_nu=7.216e-04, P_hv=7.165e-05, rho_mean=1.000000, p_mean=0.715442, div_rms=1.313e-01, vort_rms=9.651e-01, mass_err=-7.866e-12
step=  3500, t=6.327604, dt=1.793e-03, KE=3.201853e-02, Mt=0.2540, A_K=0.019, Cuv=-0.083, P_in=8.880e-04, P_tgt=9.029e-04, A_F=0.023, K_low=0.045, P_drag=-2.838e-04, P_cool=-6.161e-04, WENO=0.069 (x=0.069, y=0.069), ReL2D=125.69, eps_nu=7.109e-04, P_hv=7.500e-05, rho_mean=1.000000, p_mean=0.715518, div_rms=1.313e-01, vort_rms=9.577e-01, mass_err=-8.463e-12
step=  3750, t=6.776132, dt=1.783e-03, KE=3.204994e-02, Mt=0.2545, A_K=0.024, Cuv=-0.150, P_in=9.856e-04, P_tgt=8.654e-04, A_F=0.209, K_low=0.057, P_drag=-3.562e-04, P_cool=-6.091e-04, WENO=0.120 (x=0.120, y=0.120), ReL2D=120.65, eps_nu=7.132e-04, P_hv=7.416e-05, rho_mean=1.000000, p_mean=0.715504, div_rms=1.393e-01, vort_rms=9.579e-01, mass_err=-9.074e-12
step=  4000, t=7.218035, dt=1.737e-03, KE=3.190700e-02, Mt=0.2549, A_K=0.051, Cuv=-0.220, P_in=8.017e-04, P_tgt=8.284e-04, A_F=0.013, K_low=0.064, P_drag=-4.003e-04, P_cool=-6.778e-04, WENO=0.100 (x=0.100, y=0.100), ReL2D=116.12, eps_nu=7.261e-04, P_hv=7.689e-05, rho_mean=1.000000, p_mean=0.715641, div_rms=1.393e-01, vort_rms=9.667e-01, mass_err=-9.678e-12
step=  4250, t=7.646471, dt=1.700e-03, KE=3.162047e-02, Mt=0.2538, A_K=0.049, Cuv=-0.200, P_in=7.865e-04, P_tgt=7.939e-04, A_F=0.069, K_low=0.071, P_drag=-4.400e-04, P_cool=-7.091e-04, WENO=0.110 (x=0.110, y=0.110), ReL2D=112.84, eps_nu=7.193e-04, P_hv=7.793e-05, rho_mean=1.000000, p_mean=0.715704, div_rms=1.374e-01, vort_rms=9.624e-01, mass_err=-1.029e-11
step=  4500, t=8.069160, dt=1.684e-03, KE=3.148755e-02, Mt=0.2529, A_K=0.044, Cuv=-0.193, P_in=7.739e-04, P_tgt=7.684e-04, A_F=0.029, K_low=0.081, P_drag=-5.051e-04, P_cool=-7.022e-04, WENO=0.102 (x=0.102, y=0.102), ReL2D=110.58, eps_nu=7.118e-04, P_hv=8.217e-05, rho_mean=1.000000, p_mean=0.715690, div_rms=1.316e-01, vort_rms=9.583e-01, mass_err=-1.089e-11
step=  4750, t=8.489647, dt=1.679e-03, KE=3.153622e-02, Mt=0.2527, A_K=0.042, Cuv=-0.201, P_in=7.431e-04, P_tgt=7.476e-04, A_F=0.028, K_low=0.091, P_drag=-5.657e-04, P_cool=-6.542e-04, WENO=0.125 (x=0.125, y=0.125), ReL2D=109.53, eps_nu=7.062e-04, P_hv=8.364e-05, rho_mean=1.000000, p_mean=0.715594, div_rms=1.320e-01, vort_rms=9.544e-01, mass_err=-1.150e-11
step=  5000, t=8.903052, dt=1.644e-03, KE=3.143690e-02, Mt=0.2520, A_K=0.053, Cuv=-0.201, P_in=7.289e-04, P_tgt=7.290e-04, A_F=0.008, K_low=0.098, P_drag=-6.097e-04, P_cool=-6.337e-04, WENO=0.121 (x=0.121, y=0.121), ReL2D=109.54, eps_nu=6.964e-04, P_hv=8.676e-05, rho_mean=1.000000, p_mean=0.715553, div_rms=1.345e-01, vort_rms=9.471e-01, mass_err=-1.211e-11
saved snapshot: results/hit2d/thesis_hit_campaign_v1/grid_Mt025_N128_seed1234/hit2d_step0005000.npz
step=  5250, t=9.316465, dt=1.674e-03, KE=3.095823e-02, Mt=0.2500, A_K=0.067, Cuv=-0.204, P_in=7.078e-04, P_tgt=7.224e-04, A_F=0.027, K_low=0.109, P_drag=-6.636e-04, P_cool=-6.825e-04, WENO=0.128 (x=0.128, y=0.128), ReL2D=109.51, eps_nu=6.740e-04, P_hv=8.638e-05, rho_mean=1.000000, p_mean=0.715651, div_rms=1.178e-01, vort_rms=9.343e-01, mass_err=-1.271e-11
step=  5500, t=9.737378, dt=1.691e-03, KE=3.066706e-02, Mt=0.2493, A_K=0.073, Cuv=-0.182, P_in=7.252e-04, P_tgt=7.249e-04, A_F=0.011, K_low=0.120, P_drag=-7.193e-04, P_cool=-6.860e-04, WENO=0.060 (x=0.060, y=0.060), ReL2D=109.56, eps_nu=6.616e-04, P_hv=8.726e-05, rho_mean=1.000000, p_mean=0.715658, div_rms=1.240e-01, vort_rms=9.244e-01, mass_err=-1.332e-11
step=  5750, t=10.160098, dt=1.676e-03, KE=3.031582e-02, Mt=0.2476, A_K=0.077, Cuv=-0.156, P_in=7.249e-04, P_tgt=7.360e-04, A_F=0.040, K_low=0.126, P_drag=-7.523e-04, P_cool=-6.970e-04, WENO=0.120 (x=0.120, y=0.120), ReL2D=110.23, eps_nu=6.457e-04, P_hv=8.677e-05, rho_mean=1.000000, p_mean=0.715680, div_rms=1.207e-01, vort_rms=9.135e-01, mass_err=-1.393e-11
step=  6000, t=10.578243, dt=1.672e-03, KE=3.014356e-02, Mt=0.2469, A_K=0.087, Cuv=-0.117, P_in=7.693e-04, P_tgt=7.582e-04, A_F=0.077, K_low=0.128, P_drag=-7.636e-04, P_cool=-6.892e-04, WENO=0.103 (x=0.103, y=0.103), ReL2D=111.37, eps_nu=6.358e-04, P_hv=8.764e-05, rho_mean=1.000000, p_mean=0.715664, div_rms=1.302e-01, vort_rms=9.046e-01, mass_err=-1.452e-11
step=  6250, t=10.999030, dt=1.680e-03, KE=2.985088e-02, Mt=0.2462, A_K=0.110, Cuv=-0.054, P_in=7.655e-04, P_tgt=7.847e-04, A_F=0.019, K_low=0.129, P_drag=-7.561e-04, P_cool=-7.238e-04, WENO=0.117 (x=0.117, y=0.117), ReL2D=113.21, eps_nu=6.256e-04, P_hv=8.469e-05, rho_mean=1.000000, p_mean=0.715733, div_rms=1.243e-01, vort_rms=8.982e-01, mass_err=-1.513e-11
step=  6500, t=11.414853, dt=1.651e-03, KE=2.972585e-02, Mt=0.2452, A_K=0.130, Cuv=0.021, P_in=8.147e-04, P_tgt=8.209e-04, A_F=0.074, K_low=0.127, P_drag=-7.405e-04, P_cool=-6.955e-04, WENO=0.111 (x=0.111, y=0.111), ReL2D=114.78, eps_nu=6.228e-04, P_hv=8.622e-05, rho_mean=1.000000, p_mean=0.715677, div_rms=1.294e-01, vort_rms=8.952e-01, mass_err=-1.574e-11
step=  6750, t=11.831556, dt=1.683e-03, KE=2.976640e-02, Mt=0.2451, A_K=0.142, Cuv=0.061, P_in=8.696e-04, P_tgt=8.630e-04, A_F=0.023, K_low=0.121, P_drag=-7.052e-04, P_cool=-6.418e-04, WENO=0.120 (x=0.120, y=0.120), ReL2D=116.66, eps_nu=6.153e-04, P_hv=8.317e-05, rho_mean=1.000000, p_mean=0.715569, div_rms=1.299e-01, vort_rms=8.895e-01, mass_err=-1.635e-11
step=  7000, t=12.255493, dt=1.703e-03, KE=2.942927e-02, Mt=0.2440, A_K=0.121, Cuv=0.095, P_in=9.085e-04, P_tgt=9.121e-04, A_F=0.012, K_low=0.111, P_drag=-6.456e-04, P_cool=-6.720e-04, WENO=0.132 (x=0.132, y=0.132), ReL2D=116.81, eps_nu=6.066e-04, P_hv=8.002e-05, rho_mean=1.000000, p_mean=0.715630, div_rms=1.255e-01, vort_rms=8.839e-01, mass_err=-1.695e-11
step=  7250, t=12.684043, dt=1.725e-03, KE=2.908981e-02, Mt=0.2425, A_K=0.105, Cuv=0.114, P_in=9.598e-04, P_tgt=9.792e-04, A_F=0.056, K_low=0.103, P_drag=-5.922e-04, P_cool=-7.087e-04, WENO=0.125 (x=0.125, y=0.125), ReL2D=117.43, eps_nu=5.970e-04, P_hv=7.690e-05, rho_mean=1.000000, p_mean=0.715703, div_rms=1.282e-01, vort_rms=8.762e-01, mass_err=-1.756e-11
step=  7500, t=13.121004, dt=1.778e-03, KE=2.901478e-02, Mt=0.2422, A_K=0.096, Cuv=0.113, P_in=1.053e-03, P_tgt=1.062e-03, A_F=0.041, K_low=0.096, P_drag=-5.527e-04, P_cool=-7.010e-04, WENO=0.121 (x=0.121, y=0.121), ReL2D=117.35, eps_nu=5.892e-04, P_hv=7.637e-05, rho_mean=1.000000, p_mean=0.715688, div_rms=1.252e-01, vort_rms=8.709e-01, mass_err=-1.815e-11
saved snapshot: results/hit2d/thesis_hit_campaign_v1/grid_Mt025_N128_seed1234/hit2d_step0007500.npz
step=  7750, t=13.563291, dt=1.763e-03, KE=2.904305e-02, Mt=0.2425, A_K=0.096, Cuv=0.141, P_in=1.102e-03, P_tgt=1.151e-03, A_F=0.138, K_low=0.091, P_drag=-5.211e-04, P_cool=-6.911e-04, WENO=0.091 (x=0.091, y=0.091), ReL2D=115.56, eps_nu=5.874e-04, P_hv=7.736e-05, rho_mean=1.000000, p_mean=0.715668, div_rms=1.299e-01, vort_rms=8.685e-01, mass_err=-1.877e-11
step=  8000, t=14.007970, dt=1.798e-03, KE=2.902072e-02, Mt=0.2425, A_K=0.103, Cuv=0.142, P_in=1.257e-03, P_tgt=1.245e-03, A_F=0.089, K_low=0.088, P_drag=-5.009e-04, P_cool=-6.948e-04, WENO=0.135 (x=0.135, y=0.135), ReL2D=115.50, eps_nu=5.835e-04, P_hv=7.186e-05, rho_mean=1.000000, p_mean=0.715675, div_rms=1.210e-01, vort_rms=8.673e-01, mass_err=-1.937e-11
step=  8250, t=14.454809, dt=1.760e-03, KE=2.923720e-02, Mt=0.2426, A_K=0.138, Cuv=0.176, P_in=1.407e-03, P_tgt=1.346e-03, A_F=0.057, K_low=0.083, P_drag=-4.843e-04, P_cool=-6.639e-04, WENO=0.122 (x=0.122, y=0.122), ReL2D=117.89, eps_nu=5.931e-04, P_hv=6.886e-05, rho_mean=1.000000, p_mean=0.715613, div_rms=1.241e-01, vort_rms=8.740e-01, mass_err=-1.997e-11
step=  8500, t=14.890157, dt=1.726e-03, KE=2.940505e-02, Mt=0.2431, A_K=0.140, Cuv=0.215, P_in=1.455e-03, P_tgt=1.450e-03, A_F=0.042, K_low=0.079, P_drag=-4.674e-04, P_cool=-6.543e-04, WENO=0.140 (x=0.140, y=0.140), ReL2D=117.27, eps_nu=6.049e-04, P_hv=7.024e-05, rho_mean=1.000000, p_mean=0.715594, div_rms=1.215e-01, vort_rms=8.834e-01, mass_err=-2.057e-11
step=  8750, t=15.317575, dt=1.697e-03, KE=2.950189e-02, Mt=0.2438, A_K=0.169, Cuv=0.216, P_in=1.549e-03, P_tgt=1.553e-03, A_F=0.120, K_low=0.076, P_drag=-4.448e-04, P_cool=-6.693e-04, WENO=0.114 (x=0.114, y=0.114), ReL2D=118.33, eps_nu=6.188e-04, P_hv=7.215e-05, rho_mean=1.000000, p_mean=0.715624, div_rms=1.265e-01, vort_rms=8.928e-01, mass_err=-2.117e-11
step=  9000, t=15.742384, dt=1.681e-03, KE=2.981492e-02, Mt=0.2450, A_K=0.153, Cuv=0.181, P_in=1.641e-03, P_tgt=1.648e-03, A_F=0.094, K_low=0.071, P_drag=-4.233e-04, P_cool=-6.510e-04, WENO=0.141 (x=0.141, y=0.141), ReL2D=115.51, eps_nu=6.415e-04, P_hv=7.426e-05, rho_mean=1.000000, p_mean=0.715588, div_rms=1.259e-01, vort_rms=9.096e-01, mass_err=-2.178e-11
step=  9250, t=16.159494, dt=1.668e-03, KE=3.022038e-02, Mt=0.2467, A_K=0.114, Cuv=0.131, P_in=1.699e-03, P_tgt=1.718e-03, A_F=0.223, K_low=0.067, P_drag=-4.054e-04, P_cool=-6.238e-04, WENO=0.151 (x=0.151, y=0.151), ReL2D=113.80, eps_nu=6.573e-04, P_hv=7.761e-05, rho_mean=1.000000, p_mean=0.715533, div_rms=1.323e-01, vort_rms=9.198e-01, mass_err=-2.240e-11
step=  9500, t=16.576410, dt=1.685e-03, KE=3.020474e-02, Mt=0.2466, A_K=0.065, Cuv=0.094, P_in=1.760e-03, P_tgt=1.777e-03, A_F=0.059, K_low=0.064, P_drag=-3.861e-04, P_cool=-6.859e-04, WENO=0.111 (x=0.111, y=0.111), ReL2D=114.50, eps_nu=6.617e-04, P_hv=8.055e-05, rho_mean=1.000000, p_mean=0.715658, div_rms=1.316e-01, vort_rms=9.231e-01, mass_err=-2.299e-11
step=  9750, t=16.998079, dt=1.693e-03, KE=3.020217e-02, Mt=0.2472, A_K=0.064, Cuv=0.069, P_in=1.846e-03, P_tgt=1.836e-03, A_F=0.069, K_low=0.060, P_drag=-3.656e-04, P_cool=-7.468e-04, WENO=0.095 (x=0.095, y=0.095), ReL2D=117.75, eps_nu=6.636e-04, P_hv=8.575e-05, rho_mean=1.000000, p_mean=0.715779, div_rms=1.302e-01, vort_rms=9.247e-01, mass_err=-2.360e-11
step= 10000, t=17.422251, dt=1.698e-03, KE=3.041502e-02, Mt=0.2486, A_K=0.074, Cuv=0.067, P_in=1.925e-03, P_tgt=1.876e-03, A_F=0.109, K_low=0.057, P_drag=-3.490e-04, P_cool=-7.676e-04, WENO=0.125 (x=0.125, y=0.125), ReL2D=122.22, eps_nu=6.571e-04, P_hv=9.161e-05, rho_mean=1.000000, p_mean=0.715821, div_rms=1.317e-01, vort_rms=9.197e-01, mass_err=-2.420e-11
saved snapshot: results/hit2d/thesis_hit_campaign_v1/grid_Mt025_N128_seed1234/hit2d_step0010000.npz
step= 10250, t=17.842984, dt=1.662e-03, KE=3.097748e-02, Mt=0.2508, A_K=0.074, Cuv=0.029, P_in=1.912e-03, P_tgt=1.882e-03, A_F=0.195, K_low=0.056, P_drag=-3.411e-04, P_cool=-7.220e-04, WENO=0.109 (x=0.109, y=0.109), ReL2D=123.29, eps_nu=6.557e-04, P_hv=9.093e-05, rho_mean=1.000000, p_mean=0.715730, div_rms=1.389e-01, vort_rms=9.173e-01, mass_err=-2.481e-11
step= 10500, t=18.252835, dt=1.628e-03, KE=3.137780e-02, Mt=0.2521, A_K=0.122, Cuv=-0.020, P_in=1.847e-03, P_tgt=1.853e-03, A_F=0.217, K_low=0.053, P_drag=-3.295e-04, P_cool=-7.096e-04, WENO=0.105 (x=0.105, y=0.105), ReL2D=124.50, eps_nu=6.520e-04, P_hv=9.049e-05, rho_mean=1.000000, p_mean=0.715705, div_rms=1.341e-01, vort_rms=9.157e-01, mass_err=-2.542e-11
step= 10750, t=18.662704, dt=1.651e-03, KE=3.160515e-02, Mt=0.2529, A_K=0.131, Cuv=-0.051, P_in=1.800e-03, P_tgt=1.807e-03, A_F=0.073, K_low=0.050, P_drag=-3.124e-04, P_cool=-7.291e-04, WENO=0.119 (x=0.119, y=0.119), ReL2D=125.52, eps_nu=6.476e-04, P_hv=9.217e-05, rho_mean=1.000000, p_mean=0.715744, div_rms=1.406e-01, vort_rms=9.112e-01, mass_err=-2.601e-11
step= 11000, t=19.078347, dt=1.672e-03, KE=3.183986e-02, Mt=0.2540, A_K=0.081, Cuv=-0.055, P_in=1.758e-03, P_tgt=1.749e-03, A_F=0.013, K_low=0.047, P_drag=-2.945e-04, P_cool=-7.433e-04, WENO=0.131 (x=0.131, y=0.131), ReL2D=126.87, eps_nu=6.470e-04, P_hv=9.192e-05, rho_mean=1.000000, p_mean=0.715772, div_rms=1.360e-01, vort_rms=9.116e-01, mass_err=-2.662e-11
step= 11250, t=19.498395, dt=1.691e-03, KE=3.227102e-02, Mt=0.2559, A_K=0.077, Cuv=-0.048, P_in=1.715e-03, P_tgt=1.667e-03, A_F=0.091, K_low=0.044, P_drag=-2.840e-04, P_cool=-7.160e-04, WENO=0.130 (x=0.130, y=0.130), ReL2D=128.85, eps_nu=6.481e-04, P_hv=8.891e-05, rho_mean=1.000000, p_mean=0.715718, div_rms=1.410e-01, vort_rms=9.114e-01, mass_err=-2.723e-11
step= 11500, t=19.923200, dt=1.715e-03, KE=3.231347e-02, Mt=0.2563, A_K=0.107, Cuv=-0.046, P_in=1.571e-03, P_tgt=1.570e-03, A_F=0.089, K_low=0.045, P_drag=-2.865e-04, P_cool=-7.589e-04, WENO=0.110 (x=0.110, y=0.110), ReL2D=132.75, eps_nu=6.398e-04, P_hv=8.540e-05, rho_mean=1.000000, p_mean=0.715804, div_rms=1.319e-01, vort_rms=9.072e-01, mass_err=-2.784e-11
step= 11750, t=20.352305, dt=1.691e-03, KE=3.244989e-02, Mt=0.2570, A_K=0.118, Cuv=-0.060, P_in=1.470e-03, P_tgt=1.473e-03, A_F=0.055, K_low=0.045, P_drag=-2.912e-04, P_cool=-7.716e-04, WENO=0.111 (x=0.111, y=0.111), ReL2D=136.16, eps_nu=6.349e-04, P_hv=8.356e-05, rho_mean=1.000000, p_mean=0.715829, div_rms=1.290e-01, vort_rms=9.042e-01, mass_err=-2.844e-11
step= 12000, t=20.771457, dt=1.671e-03, KE=3.285024e-02, Mt=0.2584, A_K=0.096, Cuv=-0.044, P_in=1.310e-03, P_tgt=1.368e-03, A_F=0.000, K_low=0.046, P_drag=-2.982e-04, P_cool=-7.234e-04, WENO=0.127 (x=0.127, y=0.127), ReL2D=137.94, eps_nu=6.357e-04, P_hv=8.305e-05, rho_mean=1.000000, p_mean=0.715733, div_rms=1.365e-01, vort_rms=9.033e-01, mass_err=-2.905e-11
step= 12250, t=21.191675, dt=1.705e-03, KE=3.286651e-02, Mt=0.2584, A_K=0.048, Cuv=-0.002, P_in=1.260e-03, P_tgt=1.263e-03, A_F=0.152, K_low=0.047, P_drag=-3.099e-04, P_cool=-7.439e-04, WENO=0.124 (x=0.124, y=0.124), ReL2D=141.19, eps_nu=6.274e-04, P_hv=7.927e-05, rho_mean=1.000000, p_mean=0.715774, div_rms=1.287e-01, vort_rms=8.988e-01, mass_err=-2.967e-11
step= 12500, t=21.623881, dt=1.743e-03, KE=3.297833e-02, Mt=0.2591, A_K=0.020, Cuv=0.014, P_in=1.170e-03, P_tgt=1.163e-03, A_F=0.001, K_low=0.049, P_drag=-3.294e-04, P_cool=-7.347e-04, WENO=0.112 (x=0.112, y=0.112), ReL2D=141.53, eps_nu=6.199e-04, P_hv=7.698e-05, rho_mean=1.000000, p_mean=0.715755, div_rms=1.330e-01, vort_rms=8.924e-01, mass_err=-3.026e-11
saved snapshot: results/hit2d/thesis_hit_campaign_v1/grid_Mt025_N128_seed1234/hit2d_step0012500.npz
step= 12750, t=22.063569, dt=1.770e-03, KE=3.305350e-02, Mt=0.2592, A_K=0.013, Cuv=0.002, P_in=1.151e-03, P_tgt=1.065e-03, A_F=0.140, K_low=0.055, P_drag=-3.691e-04, P_cool=-7.237e-04, WENO=0.144 (x=0.144, y=0.144), ReL2D=141.43, eps_nu=6.163e-04, P_hv=7.440e-05, rho_mean=1.000000, p_mean=0.715733, div_rms=1.280e-01, vort_rms=8.907e-01, mass_err=-3.087e-11
step= 13000, t=22.503829, dt=1.750e-03, KE=3.295289e-02, Mt=0.2584, A_K=0.006, Cuv=0.011, P_in=9.824e-04, P_tgt=9.798e-04, A_F=0.053, K_low=0.064, P_drag=-4.165e-04, P_cool=-7.359e-04, WENO=0.124 (x=0.124, y=0.124), ReL2D=140.45, eps_nu=6.111e-04, P_hv=7.078e-05, rho_mean=1.000000, p_mean=0.715757, div_rms=1.333e-01, vort_rms=8.858e-01, mass_err=-3.148e-11
step= 13250, t=22.942589, dt=1.745e-03, KE=3.273044e-02, Mt=0.2585, A_K=0.015, Cuv=0.018, P_in=9.240e-04, P_tgt=9.040e-04, A_F=0.056, K_low=0.074, P_drag=-4.750e-04, P_cool=-7.590e-04, WENO=0.107 (x=0.107, y=0.107), ReL2D=143.03, eps_nu=6.117e-04, P_hv=7.576e-05, rho_mean=1.000000, p_mean=0.715804, div_rms=1.320e-01, vort_rms=8.864e-01, mass_err=-3.210e-11
step= 13500, t=23.378474, dt=1.742e-03, KE=3.272832e-02, Mt=0.2579, A_K=0.035, Cuv=0.031, P_in=8.485e-04, P_tgt=8.355e-04, A_F=0.151, K_low=0.083, P_drag=-5.402e-04, P_cool=-7.281e-04, WENO=0.103 (x=0.103, y=0.103), ReL2D=145.34, eps_nu=6.099e-04, P_hv=7.635e-05, rho_mean=1.000000, p_mean=0.715742, div_rms=1.386e-01, vort_rms=8.838e-01, mass_err=-3.268e-11
step= 13750, t=23.811849, dt=1.719e-03, KE=3.261416e-02, Mt=0.2570, A_K=0.077, Cuv=0.068, P_in=7.901e-04, P_tgt=7.782e-04, A_F=0.068, K_low=0.092, P_drag=-5.986e-04, P_cool=-7.110e-04, WENO=0.159 (x=0.159, y=0.159), ReL2D=148.83, eps_nu=6.072e-04, P_hv=7.365e-05, rho_mean=1.000000, p_mean=0.715708, div_rms=1.334e-01, vort_rms=8.828e-01, mass_err=-3.330e-11
step= 14000, t=24.243357, dt=1.727e-03, KE=3.248163e-02, Mt=0.2563, A_K=0.127, Cuv=0.088, P_in=7.569e-04, P_tgt=7.301e-04, A_F=0.007, K_low=0.100, P_drag=-6.466e-04, P_cool=-6.893e-04, WENO=0.114 (x=0.114, y=0.114), ReL2D=145.04, eps_nu=5.976e-04, P_hv=7.037e-05, rho_mean=1.000000, p_mean=0.715664, div_rms=1.336e-01, vort_rms=8.755e-01, mass_err=-3.391e-11
step= 14250, t=24.679463, dt=1.772e-03, KE=3.225988e-02, Mt=0.2555, A_K=0.152, Cuv=0.080, P_in=6.938e-04, P_tgt=6.899e-04, A_F=0.009, K_low=0.109, P_drag=-6.971e-04, P_cool=-6.778e-04, WENO=0.124 (x=0.124, y=0.124), ReL2D=142.84, eps_nu=5.885e-04, P_hv=6.779e-05, rho_mean=1.000000, p_mean=0.715641, div_rms=1.361e-01, vort_rms=8.682e-01, mass_err=-3.450e-11
step= 14500, t=25.121788, dt=1.763e-03, KE=3.188547e-02, Mt=0.2544, A_K=0.190, Cuv=0.100, P_in=6.814e-04, P_tgt=6.569e-04, A_F=0.226, K_low=0.122, P_drag=-7.608e-04, P_cool=-6.881e-04, WENO=0.103 (x=0.103, y=0.103), ReL2D=142.27, eps_nu=5.779e-04, P_hv=6.599e-05, rho_mean=1.000000, p_mean=0.715662, div_rms=1.280e-01, vort_rms=8.617e-01, mass_err=-3.512e-11
warning: flow component anisotropy has increased over the last three diagnostic samples
step= 14750, t=25.560601, dt=1.749e-03, KE=3.169920e-02, Mt=0.2535, A_K=0.222, Cuv=0.120, P_in=6.179e-04, P_tgt=6.317e-04, A_F=0.000, K_low=0.129, P_drag=-8.086e-04, P_cool=-6.805e-04, WENO=0.092 (x=0.092, y=0.092), ReL2D=141.04, eps_nu=5.764e-04, P_hv=6.802e-05, rho_mean=1.000000, p_mean=0.715647, div_rms=1.377e-01, vort_rms=8.585e-01, mass_err=-3.571e-11
warning: flow component anisotropy has increased over the last three diagnostic samples
step= 15000, t=25.998394, dt=1.752e-03, KE=3.121887e-02, Mt=0.2519, A_K=0.235, Cuv=0.103, P_in=6.212e-04, P_tgt=6.149e-04, A_F=0.117, K_low=0.135, P_drag=-8.398e-04, P_cool=-6.992e-04, WENO=0.132 (x=0.132, y=0.132), ReL2D=139.17, eps_nu=5.679e-04, P_hv=6.695e-05, rho_mean=1.000000, p_mean=0.715684, div_rms=1.326e-01, vort_rms=8.531e-01, mass_err=-3.632e-11
saved snapshot: results/hit2d/thesis_hit_campaign_v1/grid_Mt025_N128_seed1234/hit2d_step0015000.npz
step= 15250, t=26.440246, dt=1.782e-03, KE=3.083825e-02, Mt=0.2503, A_K=0.195, Cuv=0.086, P_in=6.068e-04, P_tgt=6.081e-04, A_F=0.182, K_low=0.144, P_drag=-8.814e-04, P_cool=-6.930e-04, WENO=0.082 (x=0.082, y=0.082), ReL2D=133.70, eps_nu=5.622e-04, P_hv=6.305e-05, rho_mean=1.000000, p_mean=0.715672, div_rms=1.254e-01, vort_rms=8.501e-01, mass_err=-3.693e-11
step= 15500, t=26.887509, dt=1.797e-03, KE=3.049677e-02, Mt=0.2488, A_K=0.183, Cuv=0.085, P_in=6.079e-04, P_tgt=6.103e-04, A_F=0.045, K_low=0.152, P_drag=-9.217e-04, P_cool=-6.738e-04, WENO=0.098 (x=0.098, y=0.098), ReL2D=132.49, eps_nu=5.492e-04, P_hv=6.299e-05, rho_mean=1.000000, p_mean=0.715633, div_rms=1.309e-01, vort_rms=8.388e-01, mass_err=-3.754e-11
step= 15750, t=27.334632, dt=1.790e-03, KE=3.001701e-02, Mt=0.2461, A_K=0.189, Cuv=0.060, P_in=6.258e-04, P_tgt=6.268e-04, A_F=0.006, K_low=0.160, P_drag=-9.565e-04, P_cool=-6.801e-04, WENO=0.121 (x=0.121, y=0.121), ReL2D=131.45, eps_nu=5.361e-04, P_hv=6.334e-05, rho_mean=1.000000, p_mean=0.715646, div_rms=1.229e-01, vort_rms=8.300e-01, mass_err=-3.814e-11
step= 16000, t=27.777910, dt=1.764e-03, KE=2.999064e-02, Mt=0.2459, A_K=0.195, Cuv=0.025, P_in=6.395e-04, P_tgt=6.538e-04, A_F=0.049, K_low=0.165, P_drag=-9.863e-04, P_cool=-5.991e-04, WENO=0.123 (x=0.123, y=0.123), ReL2D=132.63, eps_nu=5.309e-04, P_hv=6.442e-05, rho_mean=1.000000, p_mean=0.715484, div_rms=1.345e-01, vort_rms=8.234e-01, mass_err=-3.875e-11
warning: flow component anisotropy has increased over the last three diagnostic samples
step= 16250, t=28.215286, dt=1.742e-03, KE=2.957570e-02, Mt=0.2446, A_K=0.203, Cuv=0.007, P_in=6.832e-04, P_tgt=6.857e-04, A_F=0.083, K_low=0.173, P_drag=-1.009e-03, P_cool=-6.019e-04, WENO=0.120 (x=0.120, y=0.120), ReL2D=134.62, eps_nu=5.177e-04, P_hv=6.126e-05, rho_mean=1.000000, p_mean=0.715489, div_rms=1.208e-01, vort_rms=8.157e-01, mass_err=-3.936e-11
warning: flow component anisotropy has increased over the last three diagnostic samples
step= 16500, t=28.654632, dt=1.768e-03, KE=2.897863e-02, Mt=0.2422, A_K=0.207, Cuv=0.006, P_in=7.264e-04, P_tgt=7.334e-04, A_F=0.219, K_low=0.178, P_drag=-1.017e-03, P_cool=-6.401e-04, WENO=0.097 (x=0.097, y=0.097), ReL2D=134.71, eps_nu=5.075e-04, P_hv=6.207e-05, rho_mean=1.000000, p_mean=0.715566, div_rms=1.286e-01, vort_rms=8.057e-01, mass_err=-3.996e-11
step= 16750, t=29.096226, dt=1.762e-03, KE=2.846141e-02, Mt=0.2401, A_K=0.199, Cuv=0.007, P_in=7.192e-04, P_tgt=8.061e-04, A_F=0.089, K_low=0.182, P_drag=-1.021e-03, P_cool=-6.635e-04, WENO=0.139 (x=0.139, y=0.139), ReL2D=133.45, eps_nu=4.987e-04, P_hv=6.035e-05, rho_mean=1.000000, p_mean=0.715613, div_rms=1.289e-01, vort_rms=7.984e-01, mass_err=-4.056e-11
step= 17000, t=29.537139, dt=1.782e-03, KE=2.823521e-02, Mt=0.2389, A_K=0.159, Cuv=-0.010, P_in=8.990e-04, P_tgt=9.013e-04, A_F=0.228, K_low=0.179, P_drag=-9.994e-04, P_cool=-6.441e-04, WENO=0.102 (x=0.102, y=0.102), ReL2D=135.00, eps_nu=4.919e-04, P_hv=5.646e-05, rho_mean=1.000000, p_mean=0.715574, div_rms=1.182e-01, vort_rms=7.950e-01, mass_err=-4.118e-11
step= 17250, t=29.984423, dt=1.780e-03, KE=2.822016e-02, Mt=0.2383, A_K=0.113, Cuv=-0.025, P_in=1.083e-03, P_tgt=1.018e-03, A_F=0.038, K_low=0.170, P_drag=-9.545e-04, P_cool=-5.907e-04, WENO=0.105 (x=0.105, y=0.105), ReL2D=135.07, eps_nu=4.888e-04, P_hv=5.754e-05, rho_mean=1.000000, p_mean=0.715467, div_rms=1.229e-01, vort_rms=7.914e-01, mass_err=-4.177e-11
step= 17500, t=30.433358, dt=1.805e-03, KE=2.796574e-02, Mt=0.2375, A_K=0.107, Cuv=-0.025, P_in=1.178e-03, P_tgt=1.160e-03, A_F=0.040, K_low=0.164, P_drag=-9.115e-04, P_cool=-6.028e-04, WENO=0.095 (x=0.095, y=0.095), ReL2D=136.58, eps_nu=4.808e-04, P_hv=5.889e-05, rho_mean=1.000000, p_mean=0.715491, div_rms=1.212e-01, vort_rms=7.851e-01, mass_err=-4.238e-11
saved snapshot: results/hit2d/thesis_hit_campaign_v1/grid_Mt025_N128_seed1234/hit2d_step0017500.npz
step= 17750, t=30.884643, dt=1.808e-03, KE=2.775870e-02, Mt=0.2370, A_K=0.089, Cuv=-0.000, P_in=1.312e-03, P_tgt=1.332e-03, A_F=0.085, K_low=0.159, P_drag=-8.695e-04, P_cool=-6.213e-04, WENO=0.134 (x=0.134, y=0.134), ReL2D=138.07, eps_nu=4.740e-04, P_hv=5.928e-05, rho_mean=1.000000, p_mean=0.715528, div_rms=1.172e-01, vort_rms=7.802e-01, mass_err=-4.297e-11
step= 18000, t=31.340412, dt=1.825e-03, KE=2.792315e-02, Mt=0.2377, A_K=0.067, Cuv=0.009, P_in=1.519e-03, P_tgt=1.528e-03, A_F=0.006, K_low=0.151, P_drag=-8.316e-04, P_cool=-5.862e-04, WENO=0.142 (x=0.142, y=0.142), ReL2D=138.80, eps_nu=4.807e-04, P_hv=5.308e-05, rho_mean=1.000000, p_mean=0.715458, div_rms=1.176e-01, vort_rms=7.857e-01, mass_err=-4.358e-11
step= 18250, t=31.795544, dt=1.797e-03, KE=2.824467e-02, Mt=0.2387, A_K=0.076, Cuv=0.005, P_in=1.706e-03, P_tgt=1.735e-03, A_F=0.197, K_low=0.144, P_drag=-8.025e-04, P_cool=-5.451e-04, WENO=0.128 (x=0.128, y=0.128), ReL2D=136.47, eps_nu=4.917e-04, P_hv=5.196e-05, rho_mean=1.000000, p_mean=0.715376, div_rms=1.172e-01, vort_rms=7.950e-01, mass_err=-4.420e-11
step= 18500, t=32.240445, dt=1.768e-03, KE=2.843337e-02, Mt=0.2395, A_K=0.062, Cuv=-0.014, P_in=1.942e-03, P_tgt=1.949e-03, A_F=0.234, K_low=0.137, P_drag=-7.695e-04, P_cool=-5.534e-04, WENO=0.121 (x=0.121, y=0.121), ReL2D=132.97, eps_nu=5.022e-04, P_hv=5.453e-05, rho_mean=1.000000, p_mean=0.715392, div_rms=1.218e-01, vort_rms=8.028e-01, mass_err=-4.480e-11
step= 18750, t=32.682964, dt=1.753e-03, KE=2.854699e-02, Mt=0.2404, A_K=0.035, Cuv=-0.019, P_in=2.170e-03, P_tgt=2.170e-03, A_F=0.181, K_low=0.130, P_drag=-7.351e-04, P_cool=-5.960e-04, WENO=0.088 (x=0.088, y=0.088), ReL2D=127.10, eps_nu=5.212e-04, P_hv=5.619e-05, rho_mean=1.000000, p_mean=0.715478, div_rms=1.258e-01, vort_rms=8.175e-01, mass_err=-4.541e-11
step= 19000, t=33.119641, dt=1.744e-03, KE=2.894126e-02, Mt=0.2419, A_K=0.046, Cuv=0.050, P_in=2.401e-03, P_tgt=2.385e-03, A_F=0.115, K_low=0.122, P_drag=-7.027e-04, P_cool=-6.015e-04, WENO=0.122 (x=0.122, y=0.122), ReL2D=119.19, eps_nu=5.538e-04, P_hv=5.956e-05, rho_mean=1.000000, p_mean=0.715489, div_rms=1.253e-01, vort_rms=8.435e-01, mass_err=-4.601e-11
step= 19250, t=33.552435, dt=1.717e-03, KE=2.951923e-02, Mt=0.2438, A_K=0.043, Cuv=0.115, P_in=2.558e-03, P_tgt=2.573e-03, A_F=0.007, K_low=0.116, P_drag=-6.820e-04, P_cool=-5.898e-04, WENO=0.135 (x=0.135, y=0.135), ReL2D=119.94, eps_nu=5.740e-04, P_hv=6.430e-05, rho_mean=1.000000, p_mean=0.715465, div_rms=1.214e-01, vort_rms=8.599e-01, mass_err=-4.661e-11
step= 19500, t=33.977904, dt=1.694e-03, KE=3.015156e-02, Mt=0.2469, A_K=0.029, Cuv=0.141, P_in=2.723e-03, P_tgt=2.700e-03, A_F=0.244, K_low=0.113, P_drag=-6.731e-04, P_cool=-5.817e-04, WENO=0.149 (x=0.149, y=0.149), ReL2D=122.90, eps_nu=5.956e-04, P_hv=6.719e-05, rho_mean=1.000000, p_mean=0.715449, div_rms=1.275e-01, vort_rms=8.753e-01, mass_err=-4.722e-11
step= 19750, t=34.406100, dt=1.729e-03, KE=3.064414e-02, Mt=0.2491, A_K=0.067, Cuv=0.097, P_in=2.729e-03, P_tgt=2.755e-03, A_F=0.036, K_low=0.111, P_drag=-6.642e-04, P_cool=-6.107e-04, WENO=0.118 (x=0.118, y=0.118), ReL2D=127.24, eps_nu=6.155e-04, P_hv=6.738e-05, rho_mean=1.000000, p_mean=0.715507, div_rms=1.356e-01, vort_rms=8.885e-01, mass_err=-4.782e-11
step= 20000, t=34.838823, dt=1.746e-03, KE=3.096220e-02, Mt=0.2504, A_K=0.124, Cuv=0.091, P_in=2.777e-03, P_tgt=2.762e-03, A_F=0.128, K_low=0.107, P_drag=-6.527e-04, P_cool=-6.744e-04, WENO=0.136 (x=0.136, y=0.136), ReL2D=132.34, eps_nu=6.306e-04, P_hv=6.751e-05, rho_mean=1.000000, p_mean=0.715635, div_rms=1.279e-01, vort_rms=9.012e-01, mass_err=-4.842e-11
saved snapshot: results/hit2d/thesis_hit_campaign_v1/grid_Mt025_N128_seed1234/hit2d_step0020000.npz
step= 20250, t=35.278703, dt=1.759e-03, KE=3.171470e-02, Mt=0.2529, A_K=0.162, Cuv=0.150, P_in=2.710e-03, P_tgt=2.719e-03, A_F=0.116, K_low=0.101, P_drag=-6.380e-04, P_cool=-6.508e-04, WENO=0.143 (x=0.143, y=0.143), ReL2D=130.10, eps_nu=6.487e-04, P_hv=7.067e-05, rho_mean=1.000000, p_mean=0.715587, div_rms=1.319e-01, vort_rms=9.137e-01, mass_err=-4.903e-11
step= 20500, t=35.715643, dt=1.735e-03, KE=3.253565e-02, Mt=0.2561, A_K=0.188, Cuv=0.162, P_in=2.625e-03, P_tgt=2.603e-03, A_F=0.065, K_low=0.094, P_drag=-6.171e-04, P_cool=-6.103e-04, WENO=0.107 (x=0.107, y=0.107), ReL2D=128.86, eps_nu=6.693e-04, P_hv=7.535e-05, rho_mean=1.000000, p_mean=0.715506, div_rms=1.385e-01, vort_rms=9.272e-01, mass_err=-4.963e-11
step= 20750, t=36.159184, dt=1.815e-03, KE=3.291163e-02, Mt=0.2579, A_K=0.162, Cuv=0.113, P_in=2.386e-03, P_tgt=2.431e-03, A_F=0.058, K_low=0.089, P_drag=-5.917e-04, P_cool=-6.503e-04, WENO=0.103 (x=0.103, y=0.103), ReL2D=128.07, eps_nu=6.792e-04, P_hv=7.919e-05, rho_mean=1.000000, p_mean=0.715586, div_rms=1.366e-01, vort_rms=9.346e-01, mass_err=-5.024e-11
step= 21000, t=36.610695, dt=1.802e-03, KE=3.306587e-02, Mt=0.2591, A_K=0.148, Cuv=0.075, P_in=2.267e-03, P_tgt=2.243e-03, A_F=0.128, K_low=0.086, P_drag=-5.676e-04, P_cool=-7.173e-04, WENO=0.070 (x=0.070, y=0.070), ReL2D=128.98, eps_nu=6.912e-04, P_hv=8.071e-05, rho_mean=1.000000, p_mean=0.715720, div_rms=1.301e-01, vort_rms=9.443e-01, mass_err=-5.085e-11
step= 21250, t=37.054342, dt=1.756e-03, KE=3.341276e-02, Mt=0.2602, A_K=0.149, Cuv=0.042, P_in=2.028e-03, P_tgt=2.044e-03, A_F=0.073, K_low=0.079, P_drag=-5.263e-04, P_cool=-7.259e-04, WENO=0.103 (x=0.103, y=0.103), ReL2D=127.33, eps_nu=7.064e-04, P_hv=8.371e-05, rho_mean=1.000000, p_mean=0.715738, div_rms=1.314e-01, vort_rms=9.546e-01, mass_err=-5.145e-11
step= 21500, t=37.498450, dt=1.811e-03, KE=3.361104e-02, Mt=0.2603, A_K=0.180, Cuv=0.018, P_in=1.843e-03, P_tgt=1.857e-03, A_F=0.029, K_low=0.072, P_drag=-4.887e-04, P_cool=-7.495e-04, WENO=0.114 (x=0.114, y=0.114), ReL2D=125.93, eps_nu=7.178e-04, P_hv=8.292e-05, rho_mean=1.000000, p_mean=0.715785, div_rms=1.300e-01, vort_rms=9.628e-01, mass_err=-5.205e-11
step= 21750, t=37.950513, dt=1.805e-03, KE=3.413542e-02, Mt=0.2628, A_K=0.145, Cuv=0.035, P_in=1.671e-03, P_tgt=1.668e-03, A_F=0.122, K_low=0.072, P_drag=-4.950e-04, P_cool=-6.945e-04, WENO=0.093 (x=0.093, y=0.093), ReL2D=125.95, eps_nu=7.251e-04, P_hv=8.682e-05, rho_mean=1.000000, p_mean=0.715675, div_rms=1.366e-01, vort_rms=9.665e-01, mass_err=-5.265e-11
step= 22000, t=38.396064, dt=1.763e-03, KE=3.436616e-02, Mt=0.2635, A_K=0.065, Cuv=0.012, P_in=1.494e-03, P_tgt=1.474e-03, A_F=0.010, K_low=0.076, P_drag=-5.190e-04, P_cool=-6.863e-04, WENO=0.151 (x=0.151, y=0.151), ReL2D=124.68, eps_nu=7.342e-04, P_hv=8.595e-05, rho_mean=1.000000, p_mean=0.715658, div_rms=1.360e-01, vort_rms=9.729e-01, mass_err=-5.326e-11
step= 22250, t=38.836680, dt=1.768e-03, KE=3.427020e-02, Mt=0.2629, A_K=0.030, Cuv=-0.037, P_in=1.322e-03, P_tgt=1.304e-03, A_F=0.104, K_low=0.078, P_drag=-5.361e-04, P_cool=-7.197e-04, WENO=0.099 (x=0.099, y=0.099), ReL2D=125.36, eps_nu=7.300e-04, P_hv=8.751e-05, rho_mean=1.000000, p_mean=0.715725, div_rms=1.409e-01, vort_rms=9.690e-01, mass_err=-5.387e-11
step= 22500, t=39.276498, dt=1.746e-03, KE=3.413467e-02, Mt=0.2627, A_K=0.036, Cuv=-0.045, P_in=1.160e-03, P_tgt=1.157e-03, A_F=0.195, K_low=0.079, P_drag=-5.511e-04, P_cool=-7.432e-04, WENO=0.131 (x=0.131, y=0.131), ReL2D=127.33, eps_nu=7.220e-04, P_hv=8.724e-05, rho_mean=1.000000, p_mean=0.715772, div_rms=1.458e-01, vort_rms=9.626e-01, mass_err=-5.447e-11
saved snapshot: results/hit2d/thesis_hit_campaign_v1/grid_Mt025_N128_seed1234/hit2d_step0022500.npz
step= 22750, t=39.713719, dt=1.750e-03, KE=3.400062e-02, Mt=0.2623, A_K=0.050, Cuv=-0.023, P_in=8.536e-04, P_tgt=1.032e-03, A_F=0.004, K_low=0.084, P_drag=-5.738e-04, P_cool=-7.562e-04, WENO=0.131 (x=0.131, y=0.131), ReL2D=129.47, eps_nu=7.097e-04, P_hv=8.444e-05, rho_mean=1.000000, p_mean=0.715798, div_rms=1.379e-01, vort_rms=9.557e-01, mass_err=-5.507e-11
step= 23000, t=40.147005, dt=1.734e-03, KE=3.456974e-02, Mt=0.2642, A_K=0.021, Cuv=-0.029, P_in=9.047e-04, P_tgt=9.091e-04, A_F=0.051, K_low=0.089, P_drag=-6.116e-04, P_cool=-7.340e-04, WENO=0.136 (x=0.136, y=0.136), ReL2D=132.21, eps_nu=7.094e-04, P_hv=8.922e-05, rho_mean=1.000000, p_mean=0.715754, div_rms=1.451e-01, vort_rms=9.540e-01, mass_err=-5.567e-11
step= 23250, t=40.574524, dt=1.721e-03, KE=3.437999e-02, Mt=0.2638, A_K=0.011, Cuv=-0.047, P_in=8.132e-04, P_tgt=8.005e-04, A_F=0.093, K_low=0.098, P_drag=-6.578e-04, P_cool=-7.375e-04, WENO=0.130 (x=0.130, y=0.130), ReL2D=132.65, eps_nu=7.016e-04, P_hv=8.502e-05, rho_mean=1.000000, p_mean=0.715761, div_rms=1.406e-01, vort_rms=9.496e-01, mass_err=-5.628e-11
step= 23500, t=41.004248, dt=1.710e-03, KE=3.435747e-02, Mt=0.2632, A_K=0.048, Cuv=-0.107, P_in=7.805e-04, P_tgt=7.062e-04, A_F=0.049, K_low=0.102, P_drag=-6.896e-04, P_cool=-7.094e-04, WENO=0.107 (x=0.107, y=0.107), ReL2D=131.86, eps_nu=6.904e-04, P_hv=7.957e-05, rho_mean=1.000000, p_mean=0.715704, div_rms=1.522e-01, vort_rms=9.393e-01, mass_err=-5.688e-11
step= 23750, t=41.432219, dt=1.711e-03, KE=3.386703e-02, Mt=0.2610, A_K=0.069, Cuv=-0.117, P_in=6.296e-04, P_tgt=6.309e-04, A_F=0.177, K_low=0.105, P_drag=-7.118e-04, P_cool=-7.631e-04, WENO=0.099 (x=0.099, y=0.099), ReL2D=133.24, eps_nu=6.804e-04, P_hv=8.115e-05, rho_mean=1.000000, p_mean=0.715812, div_rms=1.434e-01, vort_rms=9.341e-01, mass_err=-5.748e-11
step= 24000, t=41.860859, dt=1.720e-03, KE=3.339825e-02, Mt=0.2601, A_K=0.059, Cuv=-0.132, P_in=5.656e-04, P_tgt=5.710e-04, A_F=0.118, K_low=0.109, P_drag=-7.300e-04, P_cool=-7.849e-04, WENO=0.142 (x=0.142, y=0.142), ReL2D=134.73, eps_nu=6.680e-04, P_hv=8.261e-05, rho_mean=1.000000, p_mean=0.715856, div_rms=1.442e-01, vort_rms=9.251e-01, mass_err=-5.809e-11
step= 24250, t=42.296346, dt=1.750e-03, KE=3.311069e-02, Mt=0.2586, A_K=0.039, Cuv=-0.179, P_in=5.330e-04, P_tgt=5.224e-04, A_F=0.029, K_low=0.111, P_drag=-7.323e-04, P_cool=-7.629e-04, WENO=0.192 (x=0.192, y=0.192), ReL2D=133.76, eps_nu=6.546e-04, P_hv=7.583e-05, rho_mean=1.000000, p_mean=0.715811, div_rms=1.481e-01, vort_rms=9.146e-01, mass_err=-5.869e-11
step= 24500, t=42.735402, dt=1.760e-03, KE=3.265313e-02, Mt=0.2570, A_K=0.039, Cuv=-0.218, P_in=4.867e-04, P_tgt=4.849e-04, A_F=0.116, K_low=0.112, P_drag=-7.269e-04, P_cool=-7.679e-04, WENO=0.159 (x=0.159, y=0.159), ReL2D=135.43, eps_nu=6.425e-04, P_hv=7.100e-05, rho_mean=1.000000, p_mean=0.715822, div_rms=1.427e-01, vort_rms=9.070e-01, mass_err=-5.930e-11
step= 24750, t=43.169368, dt=1.727e-03, KE=3.272681e-02, Mt=0.2578, A_K=0.087, Cuv=-0.201, P_in=4.490e-04, P_tgt=4.480e-04, A_F=0.146, K_low=0.112, P_drag=-7.248e-04, P_cool=-7.864e-04, WENO=0.161 (x=0.161, y=0.161), ReL2D=136.53, eps_nu=6.404e-04, P_hv=7.202e-05, rho_mean=1.000000, p_mean=0.715859, div_rms=1.589e-01, vort_rms=9.018e-01, mass_err=-5.991e-11
step= 25000, t=43.600316, dt=1.720e-03, KE=3.220081e-02, Mt=0.2559, A_K=0.120, Cuv=-0.233, P_in=4.257e-04, P_tgt=4.199e-04, A_F=0.004, K_low=0.114, P_drag=-7.202e-04, P_cool=-7.977e-04, WENO=0.158 (x=0.158, y=0.158), ReL2D=135.54, eps_nu=6.271e-04, P_hv=7.119e-05, rho_mean=1.000000, p_mean=0.715881, div_rms=1.499e-01, vort_rms=8.942e-01, mass_err=-6.050e-11
saved snapshot: results/hit2d/thesis_hit_campaign_v1/grid_Mt025_N128_seed1234/hit2d_step0025000.npz
step= 25250, t=44.031212, dt=1.718e-03, KE=3.220319e-02, Mt=0.2559, A_K=0.107, Cuv=-0.261, P_in=3.925e-04, P_tgt=3.969e-04, A_F=0.231, K_low=0.112, P_drag=-7.120e-04, P_cool=-7.065e-04, WENO=0.169 (x=0.169, y=0.169), ReL2D=134.08, eps_nu=6.167e-04, P_hv=7.375e-05, rho_mean=1.000000, p_mean=0.715699, div_rms=1.544e-01, vort_rms=8.854e-01, mass_err=-6.111e-11
step= 25500, t=44.461053, dt=1.730e-03, KE=3.180372e-02, Mt=0.2542, A_K=0.091, Cuv=-0.268, P_in=3.839e-04, P_tgt=3.774e-04, A_F=0.031, K_low=0.112, P_drag=-7.038e-04, P_cool=-6.992e-04, WENO=0.169 (x=0.169, y=0.169), ReL2D=134.59, eps_nu=5.982e-04, P_hv=7.253e-05, rho_mean=1.000000, p_mean=0.715684, div_rms=1.500e-01, vort_rms=8.725e-01, mass_err=-6.171e-11
step= 25750, t=44.892010, dt=1.726e-03, KE=3.111169e-02, Mt=0.2521, A_K=0.078, Cuv=-0.286, P_in=3.822e-04, P_tgt=3.662e-04, A_F=0.084, K_low=0.114, P_drag=-6.940e-04, P_cool=-7.475e-04, WENO=0.127 (x=0.127, y=0.127), ReL2D=132.11, eps_nu=5.838e-04, P_hv=7.512e-05, rho_mean=1.000000, p_mean=0.715781, div_rms=1.545e-01, vort_rms=8.604e-01, mass_err=-6.232e-11
step= 26000, t=45.326389, dt=1.743e-03, KE=3.069406e-02, Mt=0.2500, A_K=0.098, Cuv=-0.314, P_in=4.069e-04, P_tgt=3.627e-04, A_F=0.039, K_low=0.112, P_drag=-6.795e-04, P_cool=-7.399e-04, WENO=0.123 (x=0.123, y=0.123), ReL2D=131.88, eps_nu=5.674e-04, P_hv=7.241e-05, rho_mean=1.000000, p_mean=0.715765, div_rms=1.548e-01, vort_rms=8.477e-01, mass_err=-6.294e-11
step= 26250, t=45.764313, dt=1.755e-03, KE=3.058235e-02, Mt=0.2490, A_K=0.131, Cuv=-0.297, P_in=3.672e-04, P_tgt=3.647e-04, A_F=0.230, K_low=0.112, P_drag=-6.884e-04, P_cool=-6.731e-04, WENO=0.146 (x=0.146, y=0.146), ReL2D=134.48, eps_nu=5.535e-04, P_hv=6.787e-05, rho_mean=1.000000, p_mean=0.715632, div_rms=1.478e-01, vort_rms=8.384e-01, mass_err=-6.354e-11
step= 26500, t=46.201028, dt=1.730e-03, KE=3.032020e-02, Mt=0.2478, A_K=0.118, Cuv=-0.287, P_in=3.642e-04, P_tgt=3.704e-04, A_F=0.098, K_low=0.117, P_drag=-7.069e-04, P_cool=-6.396e-04, WENO=0.113 (x=0.113, y=0.113), ReL2D=134.28, eps_nu=5.408e-04, P_hv=6.306e-05, rho_mean=1.000000, p_mean=0.715565, div_rms=1.463e-01, vort_rms=8.287e-01, mass_err=-6.415e-11
step= 26750, t=46.630870, dt=1.712e-03, KE=2.983987e-02, Mt=0.2463, A_K=0.103, Cuv=-0.270, P_in=3.858e-04, P_tgt=3.813e-04, A_F=0.243, K_low=0.120, P_drag=-7.080e-04, P_cool=-6.519e-04, WENO=0.164 (x=0.164, y=0.164), ReL2D=131.23, eps_nu=5.295e-04, P_hv=6.644e-05, rho_mean=1.000000, p_mean=0.715590, div_rms=1.538e-01, vort_rms=8.178e-01, mass_err=-6.475e-11
step= 27000, t=47.060871, dt=1.724e-03, KE=2.916720e-02, Mt=0.2433, A_K=0.119, Cuv=-0.264, P_in=4.056e-04, P_tgt=4.023e-04, A_F=0.091, K_low=0.122, P_drag=-7.100e-04, P_cool=-7.010e-04, WENO=0.130 (x=0.130, y=0.130), ReL2D=130.04, eps_nu=5.152e-04, P_hv=6.334e-05, rho_mean=1.000000, p_mean=0.715688, div_rms=1.469e-01, vort_rms=8.078e-01, mass_err=-6.535e-11
step= 27250, t=47.493344, dt=1.734e-03, KE=2.891602e-02, Mt=0.2425, A_K=0.153, Cuv=-0.256, P_in=4.349e-04, P_tgt=4.344e-04, A_F=0.116, K_low=0.128, P_drag=-7.307e-04, P_cool=-6.654e-04, WENO=0.128 (x=0.128, y=0.128), ReL2D=133.62, eps_nu=5.058e-04, P_hv=6.334e-05, rho_mean=1.000000, p_mean=0.715616, div_rms=1.497e-01, vort_rms=7.994e-01, mass_err=-6.596e-11
step= 27500, t=47.926281, dt=1.740e-03, KE=2.856437e-02, Mt=0.2411, A_K=0.137, Cuv=-0.247, P_in=4.777e-04, P_tgt=4.726e-04, A_F=0.278, K_low=0.134, P_drag=-7.584e-04, P_cool=-6.538e-04, WENO=0.130 (x=0.130, y=0.130), ReL2D=137.13, eps_nu=4.919e-04, P_hv=6.094e-05, rho_mean=1.000000, p_mean=0.715593, div_rms=1.400e-01, vort_rms=7.902e-01, mass_err=-6.657e-11
saved snapshot: results/hit2d/thesis_hit_campaign_v1/grid_Mt025_N128_seed1234/hit2d_step0027500.npz
step= 27750, t=48.359360, dt=1.704e-03, KE=2.821386e-02, Mt=0.2396, A_K=0.097, Cuv=-0.219, P_in=5.235e-04, P_tgt=5.244e-04, A_F=0.334, K_low=0.139, P_drag=-7.806e-04, P_cool=-6.437e-04, WENO=0.109 (x=0.109, y=0.109), ReL2D=133.77, eps_nu=4.847e-04, P_hv=5.841e-05, rho_mean=1.000000, p_mean=0.715573, div_rms=1.445e-01, vort_rms=7.831e-01, mass_err=-6.717e-11
step= 28000, t=48.782999, dt=1.699e-03, KE=2.784639e-02, Mt=0.2380, A_K=0.120, Cuv=-0.153, P_in=5.835e-04, P_tgt=5.907e-04, A_F=0.049, K_low=0.142, P_drag=-7.864e-04, P_cool=-6.466e-04, WENO=0.124 (x=0.124, y=0.124), ReL2D=133.20, eps_nu=4.783e-04, P_hv=6.096e-05, rho_mean=1.000000, p_mean=0.715579, div_rms=1.416e-01, vort_rms=7.784e-01, mass_err=-6.778e-11
step= 28250, t=49.210230, dt=1.727e-03, KE=2.765078e-02, Mt=0.2371, A_K=0.155, Cuv=-0.085, P_in=6.692e-04, P_tgt=6.764e-04, A_F=0.016, K_low=0.143, P_drag=-7.868e-04, P_cool=-6.180e-04, WENO=0.128 (x=0.128, y=0.128), ReL2D=136.15, eps_nu=4.709e-04, P_hv=5.872e-05, rho_mean=1.000000, p_mean=0.715522, div_rms=1.390e-01, vort_rms=7.727e-01, mass_err=-6.838e-11
step= 28500, t=49.640407, dt=1.712e-03, KE=2.747601e-02, Mt=0.2360, A_K=0.164, Cuv=-0.051, P_in=7.804e-04, P_tgt=7.828e-04, A_F=0.088, K_low=0.144, P_drag=-7.846e-04, P_cool=-5.958e-04, WENO=0.140 (x=0.140, y=0.140), ReL2D=135.22, eps_nu=4.679e-04, P_hv=5.423e-05, rho_mean=1.000000, p_mean=0.715477, div_rms=1.332e-01, vort_rms=7.715e-01, mass_err=-6.899e-11
step= 28750, t=50.071559, dt=1.713e-03, KE=2.719063e-02, Mt=0.2349, A_K=0.179, Cuv=-0.078, P_in=8.869e-04, P_tgt=9.184e-04, A_F=0.303, K_low=0.145, P_drag=-7.777e-04, P_cool=-6.075e-04, WENO=0.142 (x=0.142, y=0.142), ReL2D=130.17, eps_nu=4.700e-04, P_hv=5.265e-05, rho_mean=1.000000, p_mean=0.715501, div_rms=1.277e-01, vort_rms=7.746e-01, mass_err=-6.960e-11
warning: flow component anisotropy has increased over the last three diagnostic samples
step= 29000, t=50.493173, dt=1.681e-03, KE=2.722543e-02, Mt=0.2351, A_K=0.208, Cuv=-0.098, P_in=1.074e-03, P_tgt=1.084e-03, A_F=0.033, K_low=0.142, P_drag=-7.684e-04, P_cool=-5.717e-04, WENO=0.098 (x=0.098, y=0.098), ReL2D=125.90, eps_nu=4.802e-04, P_hv=5.582e-05, rho_mean=1.000000, p_mean=0.715429, div_rms=1.351e-01, vort_rms=7.815e-01, mass_err=-7.020e-11
warning: flow component anisotropy has increased over the last three diagnostic samples
step= 29250, t=50.918404, dt=1.711e-03, KE=2.734953e-02, Mt=0.2352, A_K=0.212, Cuv=-0.070, P_in=1.302e-03, P_tgt=1.275e-03, A_F=0.061, K_low=0.141, P_drag=-7.726e-04, P_cool=-5.352e-04, WENO=0.150 (x=0.150, y=0.150), ReL2D=126.94, eps_nu=4.823e-04, P_hv=5.312e-05, rho_mean=1.000000, p_mean=0.715356, div_rms=1.268e-01, vort_rms=7.851e-01, mass_err=-7.080e-11
step= 29500, t=51.344214, dt=1.708e-03, KE=2.736804e-02, Mt=0.2355, A_K=0.204, Cuv=-0.033, P_in=1.497e-03, P_tgt=1.499e-03, A_F=0.080, K_low=0.143, P_drag=-7.833e-04, P_cool=-5.384e-04, WENO=0.097 (x=0.097, y=0.097), ReL2D=126.83, eps_nu=4.923e-04, P_hv=5.359e-05, rho_mean=1.000000, p_mean=0.715362, div_rms=1.218e-01, vort_rms=7.945e-01, mass_err=-7.141e-11
step= 29750, t=51.772472, dt=1.716e-03, KE=2.721549e-02, Mt=0.2357, A_K=0.204, Cuv=-0.007, P_in=1.750e-03, P_tgt=1.752e-03, A_F=0.111, K_low=0.144, P_drag=-7.795e-04, P_cool=-5.934e-04, WENO=0.111 (x=0.111, y=0.111), ReL2D=124.39, eps_nu=5.049e-04, P_hv=5.691e-05, rho_mean=1.000000, p_mean=0.715473, div_rms=1.238e-01, vort_rms=8.046e-01, mass_err=-7.202e-11
step= 30000, t=52.200274, dt=1.716e-03, KE=2.722968e-02, Mt=0.2363, A_K=0.207, Cuv=-0.004, P_in=2.121e-03, P_tgt=2.045e-03, A_F=0.066, K_low=0.141, P_drag=-7.589e-04, P_cool=-6.343e-04, WENO=0.118 (x=0.118, y=0.118), ReL2D=121.46, eps_nu=5.189e-04, P_hv=6.047e-05, rho_mean=1.000000, p_mean=0.715554, div_rms=1.289e-01, vort_rms=8.149e-01, mass_err=-7.262e-11
saved snapshot: results/hit2d/thesis_hit_campaign_v1/grid_Mt025_N128_seed1234/hit2d_step0030000.npz
warning: flow component anisotropy has increased over the last three diagnostic samples
step= 30250, t=52.632806, dt=1.713e-03, KE=2.757177e-02, Mt=0.2373, A_K=0.210, Cuv=-0.035, P_in=2.359e-03, P_tgt=2.360e-03, A_F=0.065, K_low=0.134, P_drag=-7.323e-04, P_cool=-6.386e-04, WENO=0.131 (x=0.131, y=0.131), ReL2D=118.46, eps_nu=5.357e-04, P_hv=5.674e-05, rho_mean=1.000000, p_mean=0.715563, div_rms=1.278e-01, vort_rms=8.287e-01, mass_err=-7.323e-11
step= 30500, t=53.056003, dt=1.683e-03, KE=2.826292e-02, Mt=0.2402, A_K=0.189, Cuv=-0.011, P_in=2.653e-03, P_tgt=2.671e-03, A_F=0.020, K_low=0.127, P_drag=-7.165e-04, P_cool=-5.998e-04, WENO=0.137 (x=0.137, y=0.137), ReL2D=116.59, eps_nu=5.538e-04, P_hv=5.894e-05, rho_mean=1.000000, p_mean=0.715485, div_rms=1.362e-01, vort_rms=8.413e-01, mass_err=-7.384e-11
step= 30750, t=53.477505, dt=1.690e-03, KE=2.885410e-02, Mt=0.2426, A_K=0.199, Cuv=0.021, P_in=2.930e-03, P_tgt=2.917e-03, A_F=0.045, K_low=0.123, P_drag=-7.047e-04, P_cool=-6.076e-04, WENO=0.143 (x=0.143, y=0.143), ReL2D=117.42, eps_nu=5.686e-04, P_hv=5.937e-05, rho_mean=1.000000, p_mean=0.715501, div_rms=1.350e-01, vort_rms=8.531e-01, mass_err=-7.444e-11
warning: flow component anisotropy has increased over the last three diagnostic samples
step= 31000, t=53.903037, dt=1.705e-03, KE=2.951478e-02, Mt=0.2450, A_K=0.212, Cuv=0.014, P_in=3.110e-03, P_tgt=3.121e-03, A_F=0.077, K_low=0.118, P_drag=-6.916e-04, P_cool=-6.212e-04, WENO=0.133 (x=0.133, y=0.133), ReL2D=119.31, eps_nu=5.864e-04, P_hv=6.170e-05, rho_mean=1.000000, p_mean=0.715528, div_rms=1.297e-01, vort_rms=8.678e-01, mass_err=-7.505e-11
step= 31250, t=54.327780, dt=1.691e-03, KE=3.043229e-02, Mt=0.2487, A_K=0.166, Cuv=-0.025, P_in=3.210e-03, P_tgt=3.219e-03, A_F=0.054, K_low=0.112, P_drag=-6.823e-04, P_cool=-5.983e-04, WENO=0.119 (x=0.119, y=0.119), ReL2D=121.95, eps_nu=6.009e-04, P_hv=6.451e-05, rho_mean=1.000000, p_mean=0.715482, div_rms=1.312e-01, vort_rms=8.785e-01, mass_err=-7.567e-11
step= 31500, t=54.756090, dt=1.725e-03, KE=3.110854e-02, Mt=0.2518, A_K=0.105, Cuv=-0.034, P_in=3.266e-03, P_tgt=3.213e-03, A_F=0.242, K_low=0.108, P_drag=-6.754e-04, P_cool=-6.298e-04, WENO=0.122 (x=0.122, y=0.122), ReL2D=121.29, eps_nu=6.111e-04, P_hv=6.440e-05, rho_mean=1.000000, p_mean=0.715545, div_rms=1.338e-01, vort_rms=8.856e-01, mass_err=-7.626e-11
step= 31750, t=55.183016, dt=1.694e-03, KE=3.176476e-02, Mt=0.2544, A_K=0.081, Cuv=-0.009, P_in=3.121e-03, P_tgt=3.117e-03, A_F=0.340, K_low=0.104, P_drag=-6.568e-04, P_cool=-6.577e-04, WENO=0.128 (x=0.128, y=0.128), ReL2D=121.67, eps_nu=6.289e-04, P_hv=6.152e-05, rho_mean=1.000000, p_mean=0.715601, div_rms=1.413e-01, vort_rms=8.973e-01, mass_err=-7.687e-11
step= 32000, t=55.614186, dt=1.760e-03, KE=3.236778e-02, Mt=0.2566, A_K=0.064, Cuv=-0.009, P_in=2.964e-03, P_tgt=2.956e-03, A_F=0.302, K_low=0.098, P_drag=-6.294e-04, P_cool=-6.859e-04, WENO=0.162 (x=0.162, y=0.162), ReL2D=125.55, eps_nu=6.489e-04, P_hv=5.952e-05, rho_mean=1.000000, p_mean=0.715657, div_rms=1.323e-01, vort_rms=9.137e-01, mass_err=-7.748e-11
step= 32250, t=56.053862, dt=1.742e-03, KE=3.311599e-02, Mt=0.2591, A_K=0.039, Cuv=-0.044, P_in=2.723e-03, P_tgt=2.743e-03, A_F=0.146, K_low=0.091, P_drag=-6.057e-04, P_cool=-6.730e-04, WENO=0.113 (x=0.113, y=0.113), ReL2D=130.41, eps_nu=6.657e-04, P_hv=6.550e-05, rho_mean=1.000000, p_mean=0.715632, div_rms=1.376e-01, vort_rms=9.248e-01, mass_err=-7.809e-11
step= 32500, t=56.489379, dt=1.754e-03, KE=3.387222e-02, Mt=0.2618, A_K=0.008, Cuv=-0.074, P_in=2.498e-03, P_tgt=2.484e-03, A_F=0.053, K_low=0.087, P_drag=-5.883e-04, P_cool=-6.414e-04, WENO=0.143 (x=0.143, y=0.143), ReL2D=135.26, eps_nu=6.738e-04, P_hv=6.891e-05, rho_mean=1.000000, p_mean=0.715568, div_rms=1.317e-01, vort_rms=9.317e-01, mass_err=-7.869e-11
saved snapshot: results/hit2d/thesis_hit_campaign_v1/grid_Mt025_N128_seed1234/hit2d_step0032500.npz
step= 32750, t=56.926008, dt=1.739e-03, KE=3.427613e-02, Mt=0.2633, A_K=0.028, Cuv=-0.071, P_in=2.209e-03, P_tgt=2.208e-03, A_F=0.107, K_low=0.086, P_drag=-5.817e-04, P_cool=-6.598e-04, WENO=0.123 (x=0.123, y=0.123), ReL2D=137.11, eps_nu=6.803e-04, P_hv=6.950e-05, rho_mean=1.000000, p_mean=0.715605, div_rms=1.296e-01, vort_rms=9.367e-01, mass_err=-7.930e-11
step= 33000, t=57.365202, dt=1.775e-03, KE=3.459345e-02, Mt=0.2648, A_K=0.040, Cuv=-0.089, P_in=1.942e-03, P_tgt=1.941e-03, A_F=0.165, K_low=0.086, P_drag=-5.860e-04, P_cool=-6.694e-04, WENO=0.129 (x=0.129, y=0.129), ReL2D=137.94, eps_nu=6.818e-04, P_hv=7.242e-05, rho_mean=1.000000, p_mean=0.715625, div_rms=1.329e-01, vort_rms=9.371e-01, mass_err=-7.989e-11
step= 33250, t=57.810418, dt=1.771e-03, KE=3.487354e-02, Mt=0.2658, A_K=0.042, Cuv=-0.108, P_in=1.705e-03, P_tgt=1.686e-03, A_F=0.114, K_low=0.089, P_drag=-6.074e-04, P_cool=-6.630e-04, WENO=0.112 (x=0.112, y=0.112), ReL2D=138.67, eps_nu=6.873e-04, P_hv=6.947e-05, rho_mean=1.000000, p_mean=0.715612, div_rms=1.392e-01, vort_rms=9.398e-01, mass_err=-8.050e-11
step= 33500, t=58.256354, dt=1.789e-03, KE=3.486021e-02, Mt=0.2658, A_K=0.081, Cuv=-0.112, P_in=1.452e-03, P_tgt=1.460e-03, A_F=0.125, K_low=0.093, P_drag=-6.327e-04, P_cool=-6.916e-04, WENO=0.128 (x=0.128, y=0.128), ReL2D=134.98, eps_nu=6.845e-04, P_hv=7.081e-05, rho_mean=1.000000, p_mean=0.715669, div_rms=1.402e-01, vort_rms=9.376e-01, mass_err=-8.111e-11
step= 33750, t=58.701365, dt=1.741e-03, KE=3.480059e-02, Mt=0.2657, A_K=0.143, Cuv=-0.097, P_in=1.236e-03, P_tgt=1.265e-03, A_F=0.012, K_low=0.097, P_drag=-6.523e-04, P_cool=-7.066e-04, WENO=0.109 (x=0.109, y=0.109), ReL2D=133.43, eps_nu=6.770e-04, P_hv=6.752e-05, rho_mean=1.000000, p_mean=0.715699, div_rms=1.396e-01, vort_rms=9.324e-01, mass_err=-8.171e-11
step= 34000, t=59.132724, dt=1.736e-03, KE=3.490688e-02, Mt=0.2654, A_K=0.115, Cuv=-0.057, P_in=1.109e-03, P_tgt=1.095e-03, A_F=0.299, K_low=0.093, P_drag=-6.408e-04, P_cool=-6.730e-04, WENO=0.117 (x=0.117, y=0.117), ReL2D=135.93, eps_nu=6.638e-04, P_hv=7.014e-05, rho_mean=1.000000, p_mean=0.715632, div_rms=1.456e-01, vort_rms=9.218e-01, mass_err=-8.232e-11
step= 34250, t=59.570274, dt=1.755e-03, KE=3.455753e-02, Mt=0.2641, A_K=0.098, Cuv=-0.071, P_in=9.451e-04, P_tgt=9.563e-04, A_F=0.045, K_low=0.089, P_drag=-6.175e-04, P_cool=-7.179e-04, WENO=0.129 (x=0.129, y=0.129), ReL2D=136.85, eps_nu=6.518e-04, P_hv=6.975e-05, rho_mean=1.000000, p_mean=0.715721, div_rms=1.383e-01, vort_rms=9.147e-01, mass_err=-8.292e-11
step= 34500, t=60.013472, dt=1.773e-03, KE=3.435037e-02, Mt=0.2641, A_K=0.123, Cuv=-0.068, P_in=8.331e-04, P_tgt=8.403e-04, A_F=0.081, K_low=0.089, P_drag=-6.074e-04, P_cool=-7.204e-04, WENO=0.141 (x=0.141, y=0.141), ReL2D=137.82, eps_nu=6.470e-04, P_hv=6.893e-05, rho_mean=1.000000, p_mean=0.715727, div_rms=1.457e-01, vort_rms=9.096e-01, mass_err=-8.352e-11
step= 34750, t=60.454759, dt=1.755e-03, KE=3.417421e-02, Mt=0.2635, A_K=0.151, Cuv=-0.095, P_in=7.362e-04, P_tgt=7.395e-04, A_F=0.189, K_low=0.091, P_drag=-6.093e-04, P_cool=-7.086e-04, WENO=0.130 (x=0.130, y=0.130), ReL2D=139.38, eps_nu=6.346e-04, P_hv=7.072e-05, rho_mean=1.000000, p_mean=0.715703, div_rms=1.499e-01, vort_rms=8.997e-01, mass_err=-8.414e-11
step= 35000, t=60.893121, dt=1.762e-03, KE=3.380123e-02, Mt=0.2617, A_K=0.171, Cuv=-0.136, P_in=6.862e-04, P_tgt=6.576e-04, A_F=0.071, K_low=0.093, P_drag=-6.225e-04, P_cool=-7.279e-04, WENO=0.128 (x=0.128, y=0.128), ReL2D=141.98, eps_nu=6.195e-04, P_hv=7.464e-05, rho_mean=1.000000, p_mean=0.715741, div_rms=1.410e-01, vort_rms=8.904e-01, mass_err=-8.475e-11
saved snapshot: results/hit2d/thesis_hit_campaign_v1/grid_Mt025_N128_seed1234/hit2d_step0035000.npz
step= 35250, t=61.332412, dt=1.735e-03, KE=3.357883e-02, Mt=0.2605, A_K=0.142, Cuv=-0.107, P_in=6.098e-04, P_tgt=5.933e-04, A_F=0.034, K_low=0.097, P_drag=-6.501e-04, P_cool=-7.090e-04, WENO=0.121 (x=0.121, y=0.121), ReL2D=140.35, eps_nu=6.100e-04, P_hv=7.307e-05, rho_mean=1.000000, p_mean=0.715704, div_rms=1.407e-01, vort_rms=8.834e-01, mass_err=-8.534e-11
step= 35500, t=61.766707, dt=1.742e-03, KE=3.335236e-02, Mt=0.2599, A_K=0.118, Cuv=-0.060, P_in=5.408e-04, P_tgt=5.390e-04, A_F=0.369, K_low=0.104, P_drag=-6.868e-04, P_cool=-6.850e-04, WENO=0.112 (x=0.112, y=0.112), ReL2D=141.55, eps_nu=5.969e-04, P_hv=7.087e-05, rho_mean=1.000000, p_mean=0.715656, div_rms=1.329e-01, vort_rms=8.752e-01, mass_err=-8.595e-11
step= 35750, t=62.206071, dt=1.787e-03, KE=3.310320e-02, Mt=0.2587, A_K=0.130, Cuv=-0.045, P_in=4.985e-04, P_tgt=4.925e-04, A_F=0.241, K_low=0.109, P_drag=-7.156e-04, P_cool=-6.604e-04, WENO=0.112 (x=0.112, y=0.112), ReL2D=142.74, eps_nu=5.868e-04, P_hv=7.112e-05, rho_mean=1.000000, p_mean=0.715607, div_rms=1.334e-01, vort_rms=8.674e-01, mass_err=-8.656e-11
step= 36000, t=62.659838, dt=1.827e-03, KE=3.252268e-02, Mt=0.2561, A_K=0.183, Cuv=-0.080, P_in=4.741e-04, P_tgt=4.594e-04, A_F=0.111, K_low=0.114, P_drag=-7.420e-04, P_cool=-6.945e-04, WENO=0.136 (x=0.136, y=0.136), ReL2D=140.67, eps_nu=5.692e-04, P_hv=6.515e-05, rho_mean=1.000000, p_mean=0.715675, div_rms=1.344e-01, vort_rms=8.537e-01, mass_err=-8.716e-11
step= 36250, t=63.116200, dt=1.815e-03, KE=3.203716e-02, Mt=0.2549, A_K=0.194, Cuv=-0.106, P_in=4.742e-04, P_tgt=4.355e-04, A_F=0.135, K_low=0.122, P_drag=-7.745e-04, P_cool=-6.997e-04, WENO=0.124 (x=0.124, y=0.124), ReL2D=140.43, eps_nu=5.575e-04, P_hv=6.129e-05, rho_mean=1.000000, p_mean=0.715685, div_rms=1.356e-01, vort_rms=8.443e-01, mass_err=-8.777e-11
step= 36500, t=63.566392, dt=1.796e-03, KE=3.169778e-02, Mt=0.2535, A_K=0.177, Cuv=-0.112, P_in=4.122e-04, P_tgt=4.174e-04, A_F=0.211, K_low=0.126, P_drag=-7.970e-04, P_cool=-6.738e-04, WENO=0.127 (x=0.127, y=0.127), ReL2D=137.19, eps_nu=5.527e-04, P_hv=6.095e-05, rho_mean=1.000000, p_mean=0.715633, div_rms=1.516e-01, vort_rms=8.369e-01, mass_err=-8.837e-11
step= 36750, t=64.014704, dt=1.794e-03, KE=3.123335e-02, Mt=0.2509, A_K=0.169, Cuv=-0.111, P_in=4.109e-04, P_tgt=4.093e-04, A_F=0.102, K_low=0.131, P_drag=-8.160e-04, P_cool=-6.706e-04, WENO=0.143 (x=0.143, y=0.143), ReL2D=138.99, eps_nu=5.372e-04, P_hv=5.692e-05, rho_mean=1.000000, p_mean=0.715627, div_rms=1.345e-01, vort_rms=8.285e-01, mass_err=-8.897e-11
step= 37000, t=64.464784, dt=1.802e-03, KE=3.115588e-02, Mt=0.2506, A_K=0.159, Cuv=-0.086, P_in=4.064e-04, P_tgt=4.058e-04, A_F=0.070, K_low=0.134, P_drag=-8.351e-04, P_cool=-5.972e-04, WENO=0.111 (x=0.111, y=0.111), ReL2D=138.71, eps_nu=5.351e-04, P_hv=5.692e-05, rho_mean=1.000000, p_mean=0.715480, div_rms=1.398e-01, vort_rms=8.257e-01, mass_err=-8.959e-11
step= 37250, t=64.917486, dt=1.813e-03, KE=3.061605e-02, Mt=0.2489, A_K=0.109, Cuv=-0.071, P_in=4.151e-04, P_tgt=4.069e-04, A_F=0.161, K_low=0.138, P_drag=-8.423e-04, P_cool=-6.162e-04, WENO=0.105 (x=0.105, y=0.105), ReL2D=135.38, eps_nu=5.262e-04, P_hv=5.557e-05, rho_mean=1.000000, p_mean=0.715518, div_rms=1.329e-01, vort_rms=8.200e-01, mass_err=-9.018e-11
step= 37500, t=65.370108, dt=1.814e-03, KE=3.008364e-02, Mt=0.2469, A_K=0.102, Cuv=-0.050, P_in=4.396e-04, P_tgt=4.148e-04, A_F=0.044, K_low=0.139, P_drag=-8.334e-04, P_cool=-6.278e-04, WENO=0.149 (x=0.149, y=0.149), ReL2D=134.72, eps_nu=5.204e-04, P_hv=5.086e-05, rho_mean=1.000000, p_mean=0.715541, div_rms=1.349e-01, vort_rms=8.149e-01, mass_err=-9.080e-11
saved snapshot: results/hit2d/thesis_hit_campaign_v1/grid_Mt025_N128_seed1234/hit2d_step0037500.npz
step= 37750, t=65.823836, dt=1.823e-03, KE=2.975030e-02, Mt=0.2448, A_K=0.111, Cuv=-0.037, P_in=2.615e-04, P_tgt=4.328e-04, A_F=0.159, K_low=0.137, P_drag=-8.147e-04, P_cool=-6.312e-04, WENO=0.129 (x=0.129, y=0.129), ReL2D=135.76, eps_nu=5.178e-04, P_hv=5.293e-05, rho_mean=1.000000, p_mean=0.715548, div_rms=1.314e-01, vort_rms=8.136e-01, mass_err=-9.140e-11
step= 38000, t=66.273335, dt=1.801e-03, KE=2.941365e-02, Mt=0.2434, A_K=0.116, Cuv=-0.008, P_in=4.697e-04, P_tgt=4.596e-04, A_F=0.105, K_low=0.136, P_drag=-7.932e-04, P_cool=-6.142e-04, WENO=0.155 (x=0.155, y=0.155), ReL2D=134.89, eps_nu=5.141e-04, P_hv=5.272e-05, rho_mean=1.000000, p_mean=0.715514, div_rms=1.270e-01, vort_rms=8.114e-01, mass_err=-9.199e-11
step= 38250, t=66.727036, dt=1.812e-03, KE=2.913784e-02, Mt=0.2418, A_K=0.078, Cuv=0.032, P_in=4.929e-04, P_tgt=4.973e-04, A_F=0.058, K_low=0.133, P_drag=-7.691e-04, P_cool=-5.867e-04, WENO=0.113 (x=0.113, y=0.113), ReL2D=134.63, eps_nu=5.001e-04, P_hv=5.094e-05, rho_mean=1.000000, p_mean=0.715459, div_rms=1.267e-01, vort_rms=8.000e-01, mass_err=-9.261e-11
step= 38500, t=67.178358, dt=1.811e-03, KE=2.885840e-02, Mt=0.2410, A_K=0.051, Cuv=0.064, P_in=5.423e-04, P_tgt=5.442e-04, A_F=0.001, K_low=0.130, P_drag=-7.461e-04, P_cool=-5.697e-04, WENO=0.120 (x=0.120, y=0.120), ReL2D=133.46, eps_nu=4.899e-04, P_hv=4.853e-05, rho_mean=1.000000, p_mean=0.715425, div_rms=1.265e-01, vort_rms=7.916e-01, mass_err=-9.320e-11
step= 38750, t=67.634443, dt=1.828e-03, KE=2.838574e-02, Mt=0.2397, A_K=0.024, Cuv=0.116, P_in=6.084e-04, P_tgt=6.026e-04, A_F=0.104, K_low=0.126, P_drag=-7.134e-04, P_cool=-5.967e-04, WENO=0.120 (x=0.120, y=0.120), ReL2D=134.85, eps_nu=4.785e-04, P_hv=4.938e-05, rho_mean=1.000000, p_mean=0.715479, div_rms=1.248e-01, vort_rms=7.823e-01, mass_err=-9.381e-11
step= 39000, t=68.092845, dt=1.838e-03, KE=2.858225e-02, Mt=0.2404, A_K=0.028, Cuv=0.156, P_in=6.656e-04, P_tgt=6.762e-04, A_F=0.038, K_low=0.117, P_drag=-6.691e-04, P_cool=-5.918e-04, WENO=0.120 (x=0.120, y=0.120), ReL2D=136.52, eps_nu=4.810e-04, P_hv=4.666e-05, rho_mean=1.000000, p_mean=0.715469, div_rms=1.238e-01, vort_rms=7.847e-01, mass_err=-9.442e-11
step= 39250, t=68.549958, dt=1.809e-03, KE=2.841412e-02, Mt=0.2395, A_K=0.066, Cuv=0.200, P_in=7.383e-04, P_tgt=7.534e-04, A_F=0.255, K_low=0.110, P_drag=-6.281e-04, P_cool=-5.779e-04, WENO=0.126 (x=0.126, y=0.126), ReL2D=136.91, eps_nu=4.767e-04, P_hv=4.777e-05, rho_mean=1.000000, p_mean=0.715442, div_rms=1.211e-01, vort_rms=7.816e-01, mass_err=-9.501e-11
step= 39500, t=68.999149, dt=1.801e-03, KE=2.830524e-02, Mt=0.2392, A_K=0.160, Cuv=0.223, P_in=8.323e-04, P_tgt=8.432e-04, A_F=0.197, K_low=0.104, P_drag=-5.899e-04, P_cool=-5.724e-04, WENO=0.113 (x=0.113, y=0.113), ReL2D=133.78, eps_nu=4.831e-04, P_hv=4.844e-05, rho_mean=1.000000, p_mean=0.715431, div_rms=1.244e-01, vort_rms=7.864e-01, mass_err=-9.562e-11
warning: flow component anisotropy has increased over the last three diagnostic samples
step= 39750, t=69.449608, dt=1.808e-03, KE=2.818832e-02, Mt=0.2386, A_K=0.209, Cuv=0.230, P_in=9.533e-04, P_tgt=9.499e-04, A_F=0.011, K_low=0.098, P_drag=-5.485e-04, P_cool=-5.742e-04, WENO=0.140 (x=0.140, y=0.140), ReL2D=132.90, eps_nu=4.888e-04, P_hv=4.756e-05, rho_mean=1.000000, p_mean=0.715434, div_rms=1.252e-01, vort_rms=7.910e-01, mass_err=-9.622e-11
step= 40000, t=69.902198, dt=1.804e-03, KE=2.827370e-02, Mt=0.2388, A_K=0.164, Cuv=0.222, P_in=1.047e-03, P_tgt=1.071e-03, A_F=0.222, K_low=0.092, P_drag=-5.176e-04, P_cool=-5.501e-04, WENO=0.121 (x=0.121, y=0.121), ReL2D=132.99, eps_nu=4.916e-04, P_hv=4.935e-05, rho_mean=1.000000, p_mean=0.715386, div_rms=1.309e-01, vort_rms=7.921e-01, mass_err=-9.683e-11
saved snapshot: results/hit2d/thesis_hit_campaign_v1/grid_Mt025_N128_seed1234/hit2d_step0040000.npz
step= 40250, t=70.350085, dt=1.779e-03, KE=2.811688e-02, Mt=0.2388, A_K=0.114, Cuv=0.241, P_in=1.182e-03, P_tgt=1.209e-03, A_F=0.098, K_low=0.089, P_drag=-4.926e-04, P_cool=-5.876e-04, WENO=0.097 (x=0.097, y=0.097), ReL2D=129.31, eps_nu=4.889e-04, P_hv=5.260e-05, rho_mean=1.000000, p_mean=0.715461, div_rms=1.296e-01, vort_rms=7.901e-01, mass_err=-9.743e-11
step= 40500, t=70.792929, dt=1.762e-03, KE=2.835246e-02, Mt=0.2402, A_K=0.113, Cuv=0.267, P_in=1.357e-03, P_tgt=1.354e-03, A_F=0.157, K_low=0.084, P_drag=-4.673e-04, P_cool=-5.844e-04, WENO=0.124 (x=0.124, y=0.124), ReL2D=128.15, eps_nu=4.965e-04, P_hv=5.294e-05, rho_mean=1.000000, p_mean=0.715454, div_rms=1.379e-01, vort_rms=7.946e-01, mass_err=-9.804e-11
step= 40750, t=71.233187, dt=1.748e-03, KE=2.856067e-02, Mt=0.2402, A_K=0.157, Cuv=0.296, P_in=1.527e-03, P_tgt=1.503e-03, A_F=0.169, K_low=0.079, P_drag=-4.477e-04, P_cool=-5.772e-04, WENO=0.118 (x=0.118, y=0.118), ReL2D=128.62, eps_nu=5.015e-04, P_hv=5.049e-05, rho_mean=1.000000, p_mean=0.715440, div_rms=1.346e-01, vort_rms=7.994e-01, mass_err=-9.865e-11
step= 41000, t=71.665346, dt=1.725e-03, KE=2.877631e-02, Mt=0.2416, A_K=0.193, Cuv=0.282, P_in=1.649e-03, P_tgt=1.655e-03, A_F=0.134, K_low=0.078, P_drag=-4.473e-04, P_cool=-5.825e-04, WENO=0.120 (x=0.120, y=0.120), ReL2D=129.51, eps_nu=5.097e-04, P_hv=5.258e-05, rho_mean=1.000000, p_mean=0.715451, div_rms=1.312e-01, vort_rms=8.070e-01, mass_err=-9.925e-11
warning: flow component anisotropy has increased over the last three diagnostic samples
step= 41250, t=72.098143, dt=1.730e-03, KE=2.910562e-02, Mt=0.2430, A_K=0.211, Cuv=0.241, P_in=1.785e-03, P_tgt=1.795e-03, A_F=0.040, K_low=0.078, P_drag=-4.566e-04, P_cool=-5.771e-04, WENO=0.102 (x=0.102, y=0.102), ReL2D=128.15, eps_nu=5.164e-04, P_hv=5.325e-05, rho_mean=1.000000, p_mean=0.715440, div_rms=1.322e-01, vort_rms=8.123e-01, mass_err=-9.986e-11
step= 41500, t=72.527271, dt=1.700e-03, KE=2.945162e-02, Mt=0.2447, A_K=0.193, Cuv=0.231, P_in=1.941e-03, P_tgt=1.912e-03, A_F=0.167, K_low=0.078, P_drag=-4.610e-04, P_cool=-5.788e-04, WENO=0.118 (x=0.118, y=0.118), ReL2D=129.30, eps_nu=5.273e-04, P_hv=5.376e-05, rho_mean=1.000000, p_mean=0.715443, div_rms=1.274e-01, vort_rms=8.221e-01, mass_err=-1.005e-10
step= 41750, t=72.949697, dt=1.685e-03, KE=2.977957e-02, Mt=0.2460, A_K=0.163, Cuv=0.237, P_in=1.968e-03, P_tgt=2.006e-03, A_F=0.151, K_low=0.080, P_drag=-4.725e-04, P_cool=-5.907e-04, WENO=0.131 (x=0.131, y=0.131), ReL2D=128.85, eps_nu=5.329e-04, P_hv=5.479e-05, rho_mean=1.000000, p_mean=0.715467, div_rms=1.347e-01, vort_rms=8.250e-01, mass_err=-1.011e-10
step= 42000, t=73.370330, dt=1.690e-03, KE=3.010540e-02, Mt=0.2476, A_K=0.206, Cuv=0.267, P_in=2.080e-03, P_tgt=2.073e-03, A_F=0.009, K_low=0.079, P_drag=-4.741e-04, P_cool=-6.080e-04, WENO=0.099 (x=0.099, y=0.099), ReL2D=129.73, eps_nu=5.459e-04, P_hv=5.152e-05, rho_mean=1.000000, p_mean=0.715502, div_rms=1.276e-01, vort_rms=8.369e-01, mass_err=-1.017e-10
warning: flow component anisotropy has increased over the last three diagnostic samples
step= 42250, t=73.793459, dt=1.682e-03, KE=3.059579e-02, Mt=0.2493, A_K=0.229, Cuv=0.278, P_in=2.110e-03, P_tgt=2.108e-03, A_F=0.131, K_low=0.077, P_drag=-4.680e-04, P_cool=-5.965e-04, WENO=0.094 (x=0.094, y=0.094), ReL2D=130.86, eps_nu=5.608e-04, P_hv=5.537e-05, rho_mean=1.000000, p_mean=0.715479, div_rms=1.286e-01, vort_rms=8.483e-01, mass_err=-1.023e-10
step= 42500, t=74.211415, dt=1.655e-03, KE=3.112638e-02, Mt=0.2512, A_K=0.217, Cuv=0.293, P_in=2.105e-03, P_tgt=2.101e-03, A_F=0.068, K_low=0.077, P_drag=-4.761e-04, P_cool=-5.787e-04, WENO=0.123 (x=0.123, y=0.123), ReL2D=133.29, eps_nu=5.740e-04, P_hv=5.603e-05, rho_mean=1.000000, p_mean=0.715443, div_rms=1.236e-01, vort_rms=8.595e-01, mass_err=-1.029e-10
saved snapshot: results/hit2d/thesis_hit_campaign_v1/grid_Mt025_N128_seed1234/hit2d_step0042500.npz
step= 42750, t=74.622811, dt=1.666e-03, KE=3.165154e-02, Mt=0.2531, A_K=0.194, Cuv=0.271, P_in=2.119e-03, P_tgt=2.057e-03, A_F=0.109, K_low=0.077, P_drag=-4.871e-04, P_cool=-5.613e-04, WENO=0.103 (x=0.103, y=0.103), ReL2D=132.28, eps_nu=5.898e-04, P_hv=5.678e-05, rho_mean=1.000000, p_mean=0.715408, div_rms=1.301e-01, vort_rms=8.704e-01, mass_err=-1.035e-10
step= 43000, t=75.045337, dt=1.700e-03, KE=3.185529e-02, Mt=0.2537, A_K=0.197, Cuv=0.209, P_in=1.999e-03, P_tgt=1.987e-03, A_F=0.124, K_low=0.078, P_drag=-4.934e-04, P_cool=-6.020e-04, WENO=0.121 (x=0.121, y=0.121), ReL2D=131.93, eps_nu=5.950e-04, P_hv=5.922e-05, rho_mean=1.000000, p_mean=0.715490, div_rms=1.327e-01, vort_rms=8.738e-01, mass_err=-1.041e-10
warning: flow component anisotropy has increased over the last three diagnostic samples
step= 43250, t=75.475689, dt=1.747e-03, KE=3.211782e-02, Mt=0.2548, A_K=0.202, Cuv=0.173, P_in=1.911e-03, P_tgt=1.909e-03, A_F=0.183, K_low=0.077, P_drag=-4.938e-04, P_cool=-6.220e-04, WENO=0.145 (x=0.145, y=0.145), ReL2D=132.14, eps_nu=6.026e-04, P_hv=5.954e-05, rho_mean=1.000000, p_mean=0.715530, div_rms=1.319e-01, vort_rms=8.796e-01, mass_err=-1.047e-10
step= 43500, t=75.912637, dt=1.740e-03, KE=3.263446e-02, Mt=0.2567, A_K=0.170, Cuv=0.165, P_in=1.798e-03, P_tgt=1.806e-03, A_F=0.049, K_low=0.075, P_drag=-4.912e-04, P_cool=-5.854e-04, WENO=0.140 (x=0.140, y=0.140), ReL2D=131.89, eps_nu=6.155e-04, P_hv=6.001e-05, rho_mean=1.000000, p_mean=0.715456, div_rms=1.364e-01, vort_rms=8.884e-01, mass_err=-1.053e-10
step= 43750, t=76.344699, dt=1.722e-03, KE=3.281537e-02, Mt=0.2574, A_K=0.151, Cuv=0.125, P_in=1.699e-03, P_tgt=1.686e-03, A_F=0.002, K_low=0.075, P_drag=-4.899e-04, P_cool=-6.068e-04, WENO=0.149 (x=0.149, y=0.149), ReL2D=133.70, eps_nu=6.200e-04, P_hv=6.473e-05, rho_mean=1.000000, p_mean=0.715499, div_rms=1.346e-01, vort_rms=8.921e-01, mass_err=-1.059e-10
step= 44000, t=76.777121, dt=1.732e-03, KE=3.295019e-02, Mt=0.2583, A_K=0.170, Cuv=0.067, P_in=1.535e-03, P_tgt=1.566e-03, A_F=0.162, K_low=0.074, P_drag=-4.922e-04, P_cool=-6.243e-04, WENO=0.117 (x=0.117, y=0.117), ReL2D=139.16, eps_nu=6.166e-04, P_hv=7.552e-05, rho_mean=1.000000, p_mean=0.715534, div_rms=1.360e-01, vort_rms=8.893e-01, mass_err=-1.065e-10
step= 44250, t=77.213865, dt=1.759e-03, KE=3.308257e-02, Mt=0.2585, A_K=0.182, Cuv=0.054, P_in=1.441e-03, P_tgt=1.443e-03, A_F=0.005, K_low=0.077, P_drag=-5.059e-04, P_cool=-6.316e-04, WENO=0.142 (x=0.142, y=0.142), ReL2D=137.36, eps_nu=6.125e-04, P_hv=7.287e-05, rho_mean=1.000000, p_mean=0.715549, div_rms=1.347e-01, vort_rms=8.865e-01, mass_err=-1.071e-10
step= 44500, t=77.658325, dt=1.797e-03, KE=3.316223e-02, Mt=0.2587, A_K=0.159, Cuv=0.017, P_in=1.338e-03, P_tgt=1.333e-03, A_F=0.158, K_low=0.081, P_drag=-5.254e-04, P_cool=-6.370e-04, WENO=0.133 (x=0.133, y=0.133), ReL2D=135.48, eps_nu=6.117e-04, P_hv=7.088e-05, rho_mean=1.000000, p_mean=0.715560, div_rms=1.313e-01, vort_rms=8.866e-01, mass_err=-1.077e-10
step= 44750, t=78.112806, dt=1.824e-03, KE=3.333962e-02, Mt=0.2590, A_K=0.142, Cuv=-0.041, P_in=1.222e-03, P_tgt=1.223e-03, A_F=0.081, K_low=0.079, P_drag=-5.337e-04, P_cool=-6.131e-04, WENO=0.122 (x=0.122, y=0.122), ReL2D=136.64, eps_nu=6.087e-04, P_hv=7.164e-05, rho_mean=1.000000, p_mean=0.715512, div_rms=1.357e-01, vort_rms=8.835e-01, mass_err=-1.083e-10
step= 45000, t=78.563811, dt=1.802e-03, KE=3.344588e-02, Mt=0.2591, A_K=0.104, Cuv=-0.082, P_in=1.123e-03, P_tgt=1.123e-03, A_F=0.041, K_low=0.082, P_drag=-5.520e-04, P_cool=-5.946e-04, WENO=0.126 (x=0.126, y=0.126), ReL2D=135.83, eps_nu=6.075e-04, P_hv=6.934e-05, rho_mean=1.000000, p_mean=0.715475, div_rms=1.358e-01, vort_rms=8.826e-01, mass_err=-1.089e-10
saved snapshot: results/hit2d/thesis_hit_campaign_v1/grid_Mt025_N128_seed1234/hit2d_step0045000.npz
step= 45250, t=79.012058, dt=1.805e-03, KE=3.323144e-02, Mt=0.2587, A_K=0.081, Cuv=-0.109, P_in=1.049e-03, P_tgt=1.032e-03, A_F=0.086, K_low=0.091, P_drag=-5.957e-04, P_cool=-6.286e-04, WENO=0.123 (x=0.123, y=0.123), ReL2D=136.14, eps_nu=6.032e-04, P_hv=6.715e-05, rho_mean=1.000000, p_mean=0.715543, div_rms=1.322e-01, vort_rms=8.801e-01, mass_err=-1.095e-10
step= 45500, t=79.467152, dt=1.815e-03, KE=3.281107e-02, Mt=0.2580, A_K=0.083, Cuv=-0.100, P_in=9.441e-04, P_tgt=9.522e-04, A_F=0.095, K_low=0.098, P_drag=-6.352e-04, P_cool=-6.864e-04, WENO=0.075 (x=0.075, y=0.075), ReL2D=137.85, eps_nu=5.911e-04, P_hv=7.347e-05, rho_mean=1.000000, p_mean=0.715659, div_rms=1.329e-01, vort_rms=8.708e-01, mass_err=-1.101e-10
step= 45750, t=79.919708, dt=1.810e-03, KE=3.266912e-02, Mt=0.2574, A_K=0.070, Cuv=-0.127, P_in=8.857e-04, P_tgt=8.846e-04, A_F=0.085, K_low=0.101, P_drag=-6.607e-04, P_cool=-6.774e-04, WENO=0.148 (x=0.148, y=0.148), ReL2D=138.55, eps_nu=5.791e-04, P_hv=7.336e-05, rho_mean=1.000000, p_mean=0.715640, div_rms=1.332e-01, vort_rms=8.616e-01, mass_err=-1.107e-10
step= 46000, t=80.371835, dt=1.802e-03, KE=3.269687e-02, Mt=0.2569, A_K=0.072, Cuv=-0.184, P_in=8.389e-04, P_tgt=8.253e-04, A_F=0.309, K_low=0.105, P_drag=-6.830e-04, P_cool=-6.293e-04, WENO=0.123 (x=0.123, y=0.123), ReL2D=138.79, eps_nu=5.733e-04, P_hv=7.076e-05, rho_mean=1.000000, p_mean=0.715544, div_rms=1.292e-01, vort_rms=8.580e-01, mass_err=-1.113e-10
step= 46250, t=80.820795, dt=1.792e-03, KE=3.254144e-02, Mt=0.2561, A_K=0.055, Cuv=-0.224, P_in=7.744e-04, P_tgt=7.752e-04, A_F=0.044, K_low=0.109, P_drag=-7.063e-04, P_cool=-6.143e-04, WENO=0.125 (x=0.125, y=0.125), ReL2D=138.68, eps_nu=5.668e-04, P_hv=7.268e-05, rho_mean=1.000000, p_mean=0.715514, div_rms=1.285e-01, vort_rms=8.531e-01, mass_err=-1.120e-10
step= 46500, t=81.272784, dt=1.817e-03, KE=3.204527e-02, Mt=0.2546, A_K=0.028, Cuv=-0.214, P_in=7.326e-04, P_tgt=7.354e-04, A_F=0.051, K_low=0.114, P_drag=-7.308e-04, P_cool=-6.595e-04, WENO=0.134 (x=0.134, y=0.134), ReL2D=138.91, eps_nu=5.545e-04, P_hv=6.925e-05, rho_mean=1.000000, p_mean=0.715605, div_rms=1.263e-01, vort_rms=8.439e-01, mass_err=-1.126e-10
step= 46750, t=81.731970, dt=1.853e-03, KE=3.158350e-02, Mt=0.2529, A_K=0.015, Cuv=-0.207, P_in=7.139e-04, P_tgt=7.092e-04, A_F=0.022, K_low=0.120, P_drag=-7.631e-04, P_cool=-6.873e-04, WENO=0.132 (x=0.132, y=0.132), ReL2D=139.10, eps_nu=5.383e-04, P_hv=6.537e-05, rho_mean=1.000000, p_mean=0.715660, div_rms=1.197e-01, vort_rms=8.324e-01, mass_err=-1.132e-10
step= 47000, t=82.189622, dt=1.810e-03, KE=3.150213e-02, Mt=0.2523, A_K=0.026, Cuv=-0.201, P_in=6.922e-04, P_tgt=6.921e-04, A_F=0.057, K_low=0.128, P_drag=-8.116e-04, P_cool=-6.348e-04, WENO=0.131 (x=0.131, y=0.131), ReL2D=139.28, eps_nu=5.267e-04, P_hv=6.463e-05, rho_mean=1.000000, p_mean=0.715555, div_rms=1.188e-01, vort_rms=8.233e-01, mass_err=-1.138e-10
step= 47250, t=82.640093, dt=1.794e-03, KE=3.136688e-02, Mt=0.2518, A_K=0.014, Cuv=-0.202, P_in=6.761e-04, P_tgt=6.773e-04, A_F=0.018, K_low=0.139, P_drag=-8.658e-04, P_cool=-5.933e-04, WENO=0.133 (x=0.133, y=0.133), ReL2D=137.79, eps_nu=5.191e-04, P_hv=6.394e-05, rho_mean=1.000000, p_mean=0.715472, div_rms=1.203e-01, vort_rms=8.169e-01, mass_err=-1.144e-10
step= 47500, t=83.081747, dt=1.742e-03, KE=3.101457e-02, Mt=0.2501, A_K=0.001, Cuv=-0.207, P_in=6.919e-04, P_tgt=6.706e-04, A_F=0.099, K_low=0.147, P_drag=-9.062e-04, P_cool=-5.926e-04, WENO=0.093 (x=0.093, y=0.093), ReL2D=137.03, eps_nu=5.103e-04, P_hv=6.273e-05, rho_mean=1.000000, p_mean=0.715471, div_rms=1.240e-01, vort_rms=8.089e-01, mass_err=-1.150e-10
saved snapshot: results/hit2d/thesis_hit_campaign_v1/grid_Mt025_N128_seed1234/hit2d_step0047500.npz
step= 47750, t=83.520100, dt=1.754e-03, KE=3.052989e-02, Mt=0.2479, A_K=0.017, Cuv=-0.193, P_in=7.556e-04, P_tgt=6.777e-04, A_F=0.020, K_low=0.153, P_drag=-9.320e-04, P_cool=-6.157e-04, WENO=0.108 (x=0.108, y=0.108), ReL2D=134.33, eps_nu=5.028e-04, P_hv=6.397e-05, rho_mean=1.000000, p_mean=0.715517, div_rms=1.219e-01, vort_rms=8.032e-01, mass_err=-1.156e-10
step= 48000, t=83.955265, dt=1.734e-03, KE=3.023466e-02, Mt=0.2468, A_K=0.014, Cuv=-0.186, P_in=6.906e-04, P_tgt=6.967e-04, A_F=0.134, K_low=0.158, P_drag=-9.461e-04, P_cool=-6.017e-04, WENO=0.136 (x=0.136, y=0.136), ReL2D=135.32, eps_nu=4.909e-04, P_hv=6.188e-05, rho_mean=1.000000, p_mean=0.715489, div_rms=1.242e-01, vort_rms=7.930e-01, mass_err=-1.162e-10
step= 48250, t=84.393150, dt=1.757e-03, KE=2.999317e-02, Mt=0.2459, A_K=0.030, Cuv=-0.157, P_in=7.314e-04, P_tgt=7.230e-04, A_F=0.124, K_low=0.161, P_drag=-9.523e-04, P_cool=-5.785e-04, WENO=0.157 (x=0.157, y=0.157), ReL2D=133.11, eps_nu=4.882e-04, P_hv=5.461e-05, rho_mean=1.000000, p_mean=0.715443, div_rms=1.240e-01, vort_rms=7.907e-01, mass_err=-1.168e-10
step= 48500, t=84.835069, dt=1.780e-03, KE=2.956501e-02, Mt=0.2445, A_K=0.033, Cuv=-0.128, P_in=7.600e-04, P_tgt=7.585e-04, A_F=0.026, K_low=0.165, P_drag=-9.563e-04, P_cool=-5.943e-04, WENO=0.106 (x=0.106, y=0.106), ReL2D=131.85, eps_nu=4.795e-04, P_hv=5.403e-05, rho_mean=1.000000, p_mean=0.715474, div_rms=1.255e-01, vort_rms=7.831e-01, mass_err=-1.174e-10
step= 48750, t=85.279144, dt=1.778e-03, KE=2.920960e-02, Mt=0.2430, A_K=0.024, Cuv=-0.111, P_in=7.994e-04, P_tgt=8.101e-04, A_F=0.127, K_low=0.165, P_drag=-9.510e-04, P_cool=-5.968e-04, WENO=0.149 (x=0.149, y=0.149), ReL2D=134.52, eps_nu=4.688e-04, P_hv=5.240e-05, rho_mean=1.000000, p_mean=0.715479, div_rms=1.232e-01, vort_rms=7.745e-01, mass_err=-1.180e-10
step= 49000, t=85.727138, dt=1.796e-03, KE=2.911301e-02, Mt=0.2420, A_K=0.006, Cuv=-0.120, P_in=8.621e-04, P_tgt=8.759e-04, A_F=0.177, K_low=0.162, P_drag=-9.424e-04, P_cool=-5.553e-04, WENO=0.136 (x=0.136, y=0.136), ReL2D=136.08, eps_nu=4.616e-04, P_hv=4.928e-05, rho_mean=1.000000, p_mean=0.715396, div_rms=1.208e-01, vort_rms=7.688e-01, mass_err=-1.186e-10
step= 49250, t=86.170428, dt=1.762e-03, KE=2.893759e-02, Mt=0.2412, A_K=0.000, Cuv=-0.142, P_in=9.517e-04, P_tgt=9.579e-04, A_F=0.108, K_low=0.164, P_drag=-9.422e-04, P_cool=-5.410e-04, WENO=0.114 (x=0.114, y=0.114), ReL2D=132.14, eps_nu=4.605e-04, P_hv=4.734e-05, rho_mean=1.000000, p_mean=0.715368, div_rms=1.152e-01, vort_rms=7.690e-01, mass_err=-1.192e-10
step= 49500, t=86.614403, dt=1.813e-03, KE=2.864990e-02, Mt=0.2406, A_K=0.017, Cuv=-0.130, P_in=1.058e-03, P_tgt=1.054e-03, A_F=0.007, K_low=0.166, P_drag=-9.432e-04, P_cool=-5.560e-04, WENO=0.098 (x=0.098, y=0.098), ReL2D=132.51, eps_nu=4.558e-04, P_hv=4.892e-05, rho_mean=1.000000, p_mean=0.715398, div_rms=1.178e-01, vort_rms=7.644e-01, mass_err=-1.198e-10
step= 49750, t=87.070743, dt=1.834e-03, KE=2.840867e-02, Mt=0.2399, A_K=0.045, Cuv=-0.091, P_in=1.190e-03, P_tgt=1.168e-03, A_F=0.189, K_low=0.168, P_drag=-9.466e-04, P_cool=-5.682e-04, WENO=0.105 (x=0.105, y=0.105), ReL2D=132.42, eps_nu=4.550e-04, P_hv=4.648e-05, rho_mean=1.000000, p_mean=0.715422, div_rms=1.169e-01, vort_rms=7.640e-01, mass_err=-1.204e-10
step= 50000, t=87.535971, dt=1.878e-03, KE=2.831749e-02, Mt=0.2395, A_K=0.053, Cuv=-0.019, P_in=1.290e-03, P_tgt=1.304e-03, A_F=0.045, K_low=0.171, P_drag=-9.552e-04, P_cool=-5.603e-04, WENO=0.113 (x=0.113, y=0.113), ReL2D=134.72, eps_nu=4.543e-04, P_hv=4.560e-05, rho_mean=1.000000, p_mean=0.715406, div_rms=1.101e-01, vort_rms=7.647e-01, mass_err=-1.210e-10
saved snapshot: results/hit2d/thesis_hit_campaign_v1/grid_Mt025_N128_seed1234/hit2d_step0050000.npz
step= 50250, t=88.003246, dt=1.855e-03, KE=2.842799e-02, Mt=0.2396, A_K=0.048, Cuv=0.032, P_in=1.459e-03, P_tgt=1.457e-03, A_F=0.079, K_low=0.172, P_drag=-9.772e-04, P_cool=-5.269e-04, WENO=0.106 (x=0.106, y=0.106), ReL2D=135.43, eps_nu=4.548e-04, P_hv=4.455e-05, rho_mean=1.000000, p_mean=0.715339, div_rms=1.191e-01, vort_rms=7.633e-01, mass_err=-1.216e-10
step= 50500, t=88.464425, dt=1.830e-03, KE=2.842010e-02, Mt=0.2397, A_K=0.057, Cuv=0.048, P_in=1.617e-03, P_tgt=1.628e-03, A_F=0.130, K_low=0.176, P_drag=-9.996e-04, P_cool=-5.309e-04, WENO=0.158 (x=0.158, y=0.158), ReL2D=136.09, eps_nu=4.608e-04, P_hv=4.494e-05, rho_mean=1.000000, p_mean=0.715348, div_rms=1.166e-01, vort_rms=7.690e-01, mass_err=-1.222e-10
step= 50750, t=88.918683, dt=1.809e-03, KE=2.844334e-02, Mt=0.2397, A_K=0.105, Cuv=0.043, P_in=1.939e-03, P_tgt=1.818e-03, A_F=0.084, K_low=0.179, P_drag=-1.008e-03, P_cool=-5.427e-04, WENO=0.130 (x=0.130, y=0.130), ReL2D=136.68, eps_nu=4.669e-04, P_hv=4.524e-05, rho_mean=1.000000, p_mean=0.715371, div_rms=1.147e-01, vort_rms=7.746e-01, mass_err=-1.229e-10
step= 51000, t=89.373557, dt=1.843e-03, KE=2.851590e-02, Mt=0.2399, A_K=0.110, Cuv=0.063, P_in=2.036e-03, P_tgt=2.024e-03, A_F=0.020, K_low=0.178, P_drag=-1.006e-03, P_cool=-5.634e-04, WENO=0.145 (x=0.145, y=0.145), ReL2D=131.86, eps_nu=4.824e-04, P_hv=4.692e-05, rho_mean=1.000000, p_mean=0.715412, div_rms=1.180e-01, vort_rms=7.871e-01, mass_err=-1.235e-10
step= 51250, t=89.830729, dt=1.799e-03, KE=2.883362e-02, Mt=0.2413, A_K=0.071, Cuv=0.097, P_in=2.205e-03, P_tgt=2.242e-03, A_F=0.019, K_low=0.178, P_drag=-1.013e-03, P_cool=-5.511e-04, WENO=0.143 (x=0.143, y=0.143), ReL2D=130.54, eps_nu=4.960e-04, P_hv=4.706e-05, rho_mean=1.000000, p_mean=0.715388, div_rms=1.150e-01, vort_rms=7.990e-01, mass_err=-1.241e-10
step= 51500, t=90.280084, dt=1.793e-03, KE=2.930481e-02, Mt=0.2431, A_K=0.026, Cuv=0.124, P_in=2.449e-03, P_tgt=2.430e-03, A_F=0.000, K_low=0.175, P_drag=-1.007e-03, P_cool=-5.299e-04, WENO=0.144 (x=0.144, y=0.144), ReL2D=130.18, eps_nu=5.176e-04, P_hv=5.215e-05, rho_mean=1.000000, p_mean=0.715345, div_rms=1.131e-01, vort_rms=8.170e-01, mass_err=-1.247e-10
step= 51750, t=90.726688, dt=1.776e-03, KE=2.970707e-02, Mt=0.2446, A_K=0.025, Cuv=0.166, P_in=2.570e-03, P_tgt=2.591e-03, A_F=0.034, K_low=0.164, P_drag=-9.722e-04, P_cool=-5.382e-04, WENO=0.091 (x=0.091, y=0.091), ReL2D=127.33, eps_nu=5.424e-04, P_hv=5.464e-05, rho_mean=1.000000, p_mean=0.715362, div_rms=1.175e-01, vort_rms=8.360e-01, mass_err=-1.253e-10
step= 52000, t=91.174826, dt=1.814e-03, KE=3.015174e-02, Mt=0.2465, A_K=0.026, Cuv=0.145, P_in=2.695e-03, P_tgt=2.712e-03, A_F=0.005, K_low=0.152, P_drag=-9.162e-04, P_cool=-5.546e-04, WENO=0.136 (x=0.136, y=0.136), ReL2D=125.67, eps_nu=5.666e-04, P_hv=5.978e-05, rho_mean=1.000000, p_mean=0.715395, div_rms=1.109e-01, vort_rms=8.561e-01, mass_err=-1.259e-10
step= 52250, t=91.624709, dt=1.773e-03, KE=3.061309e-02, Mt=0.2490, A_K=0.015, Cuv=0.066, P_in=2.770e-03, P_tgt=2.773e-03, A_F=0.108, K_low=0.139, P_drag=-8.428e-04, P_cool=-5.804e-04, WENO=0.111 (x=0.111, y=0.111), ReL2D=123.47, eps_nu=5.916e-04, P_hv=6.108e-05, rho_mean=1.000000, p_mean=0.715447, div_rms=1.185e-01, vort_rms=8.740e-01, mass_err=-1.265e-10
step= 52500, t=92.063893, dt=1.756e-03, KE=3.097239e-02, Mt=0.2510, A_K=0.037, Cuv=0.052, P_in=2.755e-03, P_tgt=2.774e-03, A_F=0.155, K_low=0.126, P_drag=-7.730e-04, P_cool=-6.294e-04, WENO=0.121 (x=0.121, y=0.121), ReL2D=124.75, eps_nu=6.020e-04, P_hv=6.128e-05, rho_mean=1.000000, p_mean=0.715545, div_rms=1.246e-01, vort_rms=8.807e-01, mass_err=-1.271e-10
saved snapshot: results/hit2d/thesis_hit_campaign_v1/grid_Mt025_N128_seed1234/hit2d_step0052500.npz
step= 52750, t=92.504797, dt=1.754e-03, KE=3.138962e-02, Mt=0.2528, A_K=0.035, Cuv=0.053, P_in=2.705e-03, P_tgt=2.718e-03, A_F=0.081, K_low=0.118, P_drag=-7.334e-04, P_cool=-6.662e-04, WENO=0.134 (x=0.134, y=0.134), ReL2D=125.22, eps_nu=6.059e-04, P_hv=6.261e-05, rho_mean=1.000000, p_mean=0.715618, div_rms=1.278e-01, vort_rms=8.829e-01, mass_err=-1.277e-10
step= 53000, t=92.939829, dt=1.736e-03, KE=3.199343e-02, Mt=0.2553, A_K=0.024, Cuv=0.042, P_in=2.625e-03, P_tgt=2.618e-03, A_F=0.227, K_low=0.112, P_drag=-7.105e-04, P_cool=-6.577e-04, WENO=0.118 (x=0.118, y=0.118), ReL2D=123.23, eps_nu=6.215e-04, P_hv=6.537e-05, rho_mean=1.000000, p_mean=0.715601, div_rms=1.272e-01, vort_rms=8.947e-01, mass_err=-1.283e-10
step= 53250, t=93.375238, dt=1.723e-03, KE=3.272419e-02, Mt=0.2582, A_K=0.028, Cuv=0.025, P_in=2.389e-03, P_tgt=2.450e-03, A_F=0.007, K_low=0.106, P_drag=-6.918e-04, P_cool=-6.172e-04, WENO=0.119 (x=0.119, y=0.119), ReL2D=122.16, eps_nu=6.468e-04, P_hv=6.981e-05, rho_mean=1.000000, p_mean=0.715520, div_rms=1.362e-01, vort_rms=9.114e-01, mass_err=-1.289e-10
step= 53500, t=93.807424, dt=1.731e-03, KE=3.306127e-02, Mt=0.2593, A_K=0.046, Cuv=0.019, P_in=2.265e-03, P_tgt=2.252e-03, A_F=0.006, K_low=0.103, P_drag=-6.766e-04, P_cool=-6.405e-04, WENO=0.094 (x=0.094, y=0.094), ReL2D=120.95, eps_nu=6.704e-04, P_hv=7.531e-05, rho_mean=1.000000, p_mean=0.715567, div_rms=1.355e-01, vort_rms=9.285e-01, mass_err=-1.295e-10
step= 53750, t=94.241246, dt=1.746e-03, KE=3.326832e-02, Mt=0.2597, A_K=0.057, Cuv=0.027, P_in=2.041e-03, P_tgt=2.057e-03, A_F=0.189, K_low=0.105, P_drag=-6.855e-04, P_cool=-6.703e-04, WENO=0.109 (x=0.109, y=0.109), ReL2D=120.29, eps_nu=6.787e-04, P_hv=7.748e-05, rho_mean=1.000000, p_mean=0.715626, div_rms=1.335e-01, vort_rms=9.348e-01, mass_err=-1.301e-10
step= 54000, t=94.674249, dt=1.714e-03, KE=3.343608e-02, Mt=0.2608, A_K=0.056, Cuv=0.046, P_in=1.793e-03, P_tgt=1.870e-03, A_F=0.143, K_low=0.109, P_drag=-7.114e-04, P_cool=-6.875e-04, WENO=0.112 (x=0.112, y=0.112), ReL2D=122.14, eps_nu=6.813e-04, P_hv=7.808e-05, rho_mean=1.000000, p_mean=0.715661, div_rms=1.335e-01, vort_rms=9.367e-01, mass_err=-1.307e-10
step= 54250, t=95.101766, dt=1.720e-03, KE=3.363402e-02, Mt=0.2618, A_K=0.054, Cuv=0.055, P_in=1.674e-03, P_tgt=1.680e-03, A_F=0.023, K_low=0.111, P_drag=-7.357e-04, P_cool=-6.800e-04, WENO=0.159 (x=0.159, y=0.159), ReL2D=122.13, eps_nu=6.842e-04, P_hv=8.043e-05, rho_mean=1.000000, p_mean=0.715646, div_rms=1.419e-01, vort_rms=9.371e-01, mass_err=-1.313e-10
step= 54500, t=95.529872, dt=1.695e-03, KE=3.366463e-02, Mt=0.2618, A_K=0.087, Cuv=0.070, P_in=1.507e-03, P_tgt=1.504e-03, A_F=0.179, K_low=0.113, P_drag=-7.546e-04, P_cool=-6.881e-04, WENO=0.140 (x=0.140, y=0.140), ReL2D=120.54, eps_nu=6.825e-04, P_hv=8.300e-05, rho_mean=1.000000, p_mean=0.715662, div_rms=1.360e-01, vort_rms=9.370e-01, mass_err=-1.319e-10
step= 54750, t=95.948502, dt=1.662e-03, KE=3.367945e-02, Mt=0.2615, A_K=0.103, Cuv=0.097, P_in=1.363e-03, P_tgt=1.349e-03, A_F=0.123, K_low=0.114, P_drag=-7.655e-04, P_cool=-6.838e-04, WENO=0.144 (x=0.144, y=0.144), ReL2D=121.34, eps_nu=6.811e-04, P_hv=8.439e-05, rho_mean=1.000000, p_mean=0.715653, div_rms=1.323e-01, vort_rms=9.368e-01, mass_err=-1.326e-10
step= 55000, t=96.362972, dt=1.658e-03, KE=3.359491e-02, Mt=0.2609, A_K=0.108, Cuv=0.123, P_in=1.211e-03, P_tgt=1.214e-03, A_F=0.045, K_low=0.117, P_drag=-7.775e-04, P_cool=-6.859e-04, WENO=0.129 (x=0.129, y=0.129), ReL2D=121.64, eps_nu=6.815e-04, P_hv=8.357e-05, rho_mean=1.000000, p_mean=0.715658, div_rms=1.342e-01, vort_rms=9.367e-01, mass_err=-1.332e-10
saved snapshot: results/hit2d/thesis_hit_campaign_v1/grid_Mt025_N128_seed1234/hit2d_step0055000.npz
step= 55250, t=96.778914, dt=1.665e-03, KE=3.330166e-02, Mt=0.2595, A_K=0.094, Cuv=0.090, P_in=1.096e-03, P_tgt=1.103e-03, A_F=0.065, K_low=0.121, P_drag=-8.002e-04, P_cool=-7.178e-04, WENO=0.105 (x=0.105, y=0.105), ReL2D=123.26, eps_nu=6.759e-04, P_hv=9.232e-05, rho_mean=1.000000, p_mean=0.715721, div_rms=1.316e-01, vort_rms=9.332e-01, mass_err=-1.338e-10
step= 55500, t=97.196521, dt=1.671e-03, KE=3.325208e-02, Mt=0.2592, A_K=0.079, Cuv=0.068, P_in=1.023e-03, P_tgt=1.011e-03, A_F=0.004, K_low=0.125, P_drag=-8.271e-04, P_cool=-6.939e-04, WENO=0.131 (x=0.131, y=0.131), ReL2D=124.93, eps_nu=6.760e-04, P_hv=9.282e-05, rho_mean=1.000000, p_mean=0.715673, div_rms=1.304e-01, vort_rms=9.335e-01, mass_err=-1.344e-10
step= 55750, t=97.616791, dt=1.688e-03, KE=3.310786e-02, Mt=0.2591, A_K=0.080, Cuv=0.066, P_in=9.147e-04, P_tgt=9.259e-04, A_F=0.140, K_low=0.131, P_drag=-8.578e-04, P_cool=-6.773e-04, WENO=0.121 (x=0.121, y=0.121), ReL2D=124.81, eps_nu=6.654e-04, P_hv=9.798e-05, rho_mean=1.000000, p_mean=0.715640, div_rms=1.339e-01, vort_rms=9.253e-01, mass_err=-1.350e-10
step= 56000, t=98.040230, dt=1.699e-03, KE=3.265115e-02, Mt=0.2579, A_K=0.076, Cuv=0.073, P_in=8.522e-04, P_tgt=8.537e-04, A_F=0.038, K_low=0.137, P_drag=-8.849e-04, P_cool=-7.110e-04, WENO=0.118 (x=0.118, y=0.118), ReL2D=125.24, eps_nu=6.483e-04, P_hv=9.491e-05, rho_mean=1.000000, p_mean=0.715708, div_rms=1.289e-01, vort_rms=9.139e-01, mass_err=-1.356e-10
step= 56250, t=98.466341, dt=1.710e-03, KE=3.225574e-02, Mt=0.2562, A_K=0.060, Cuv=0.086, P_in=7.823e-04, P_tgt=7.976e-04, A_F=0.170, K_low=0.140, P_drag=-8.948e-04, P_cool=-7.239e-04, WENO=0.135 (x=0.135, y=0.135), ReL2D=126.17, eps_nu=6.333e-04, P_hv=8.797e-05, rho_mean=1.000000, p_mean=0.715733, div_rms=1.243e-01, vort_rms=9.039e-01, mass_err=-1.362e-10
step= 56500, t=98.898023, dt=1.750e-03, KE=3.208407e-02, Mt=0.2551, A_K=0.029, Cuv=0.071, P_in=7.615e-04, P_tgt=7.550e-04, A_F=0.018, K_low=0.140, P_drag=-8.999e-04, P_cool=-6.873e-04, WENO=0.095 (x=0.095, y=0.095), ReL2D=126.30, eps_nu=6.211e-04, P_hv=8.651e-05, rho_mean=1.000000, p_mean=0.715660, div_rms=1.262e-01, vort_rms=8.946e-01, mass_err=-1.368e-10
step= 56750, t=99.336402, dt=1.764e-03, KE=3.170853e-02, Mt=0.2531, A_K=0.014, Cuv=0.050, P_in=7.205e-04, P_tgt=7.246e-04, A_F=0.306, K_low=0.143, P_drag=-9.077e-04, P_cool=-6.884e-04, WENO=0.128 (x=0.128, y=0.128), ReL2D=127.22, eps_nu=6.082e-04, P_hv=8.666e-05, rho_mean=1.000000, p_mean=0.715662, div_rms=1.266e-01, vort_rms=8.849e-01, mass_err=-1.374e-10
step= 57000, t=99.780683, dt=1.788e-03, KE=3.131448e-02, Mt=0.2515, A_K=0.048, Cuv=0.037, P_in=7.097e-04, P_tgt=7.100e-04, A_F=0.126, K_low=0.147, P_drag=-9.132e-04, P_cool=-6.879e-04, WENO=0.139 (x=0.139, y=0.139), ReL2D=128.32, eps_nu=5.960e-04, P_hv=7.873e-05, rho_mean=1.000000, p_mean=0.715662, div_rms=1.231e-01, vort_rms=8.764e-01, mass_err=-1.380e-10
step= 57250, t=100.223789, dt=1.762e-03, KE=3.107241e-02, Mt=0.2507, A_K=0.085, Cuv=-0.001, P_in=6.971e-04, P_tgt=7.016e-04, A_F=0.144, K_low=0.150, P_drag=-9.260e-04, P_cool=-6.581e-04, WENO=0.122 (x=0.122, y=0.122), ReL2D=128.21, eps_nu=5.833e-04, P_hv=7.853e-05, rho_mean=1.000000, p_mean=0.715602, div_rms=1.212e-01, vort_rms=8.672e-01, mass_err=-1.386e-10
step= 57500, t=100.671906, dt=1.838e-03, KE=3.057477e-02, Mt=0.2488, A_K=0.071, Cuv=-0.063, P_in=7.492e-04, P_tgt=7.017e-04, A_F=0.109, K_low=0.155, P_drag=-9.459e-04, P_cool=-6.833e-04, WENO=0.123 (x=0.123, y=0.123), ReL2D=126.90, eps_nu=5.713e-04, P_hv=7.583e-05, rho_mean=1.000000, p_mean=0.715652, div_rms=1.214e-01, vort_rms=8.579e-01, mass_err=-1.392e-10
saved snapshot: results/hit2d/thesis_hit_campaign_v1/grid_Mt025_N128_seed1234/hit2d_step0057500.npz
step= 57750, t=101.129338, dt=1.812e-03, KE=3.011051e-02, Mt=0.2471, A_K=0.046, Cuv=-0.093, P_in=7.519e-04, P_tgt=7.181e-04, A_F=0.124, K_low=0.160, P_drag=-9.618e-04, P_cool=-6.904e-04, WENO=0.080 (x=0.080, y=0.080), ReL2D=126.20, eps_nu=5.605e-04, P_hv=7.199e-05, rho_mean=1.000000, p_mean=0.715666, div_rms=1.229e-01, vort_rms=8.492e-01, mass_err=-1.398e-10
step= 58000, t=101.579611, dt=1.796e-03, KE=2.980523e-02, Mt=0.2460, A_K=0.059, Cuv=-0.110, P_in=7.428e-04, P_tgt=7.432e-04, A_F=0.272, K_low=0.164, P_drag=-9.701e-04, P_cool=-6.703e-04, WENO=0.135 (x=0.135, y=0.135), ReL2D=123.79, eps_nu=5.562e-04, P_hv=6.913e-05, rho_mean=1.000000, p_mean=0.715626, div_rms=1.220e-01, vort_rms=8.460e-01, mass_err=-1.404e-10
step= 58250, t=102.031424, dt=1.807e-03, KE=2.953608e-02, Mt=0.2447, A_K=0.083, Cuv=-0.143, P_in=7.874e-04, P_tgt=7.806e-04, A_F=0.030, K_low=0.165, P_drag=-9.675e-04, P_cool=-6.460e-04, WENO=0.106 (x=0.106, y=0.106), ReL2D=121.77, eps_nu=5.500e-04, P_hv=6.660e-05, rho_mean=1.000000, p_mean=0.715578, div_rms=1.217e-01, vort_rms=8.413e-01, mass_err=-1.410e-10
step= 58500, t=102.486152, dt=1.834e-03, KE=2.901538e-02, Mt=0.2428, A_K=0.094, Cuv=-0.142, P_in=8.471e-04, P_tgt=8.317e-04, A_F=0.135, K_low=0.167, P_drag=-9.569e-04, P_cool=-6.767e-04, WENO=0.103 (x=0.103, y=0.103), ReL2D=122.59, eps_nu=5.463e-04, P_hv=6.321e-05, rho_mean=1.000000, p_mean=0.715639, div_rms=1.152e-01, vort_rms=8.395e-01, mass_err=-1.416e-10
step= 58750, t=102.944263, dt=1.819e-03, KE=2.866403e-02, Mt=0.2413, A_K=0.122, Cuv=-0.162, P_in=9.018e-04, P_tgt=9.057e-04, A_F=0.172, K_low=0.169, P_drag=-9.604e-04, P_cool=-6.759e-04, WENO=0.124 (x=0.124, y=0.124), ReL2D=121.44, eps_nu=5.417e-04, P_hv=6.138e-05, rho_mean=1.000000, p_mean=0.715638, div_rms=1.203e-01, vort_rms=8.350e-01, mass_err=-1.422e-10
step= 59000, t=103.392546, dt=1.772e-03, KE=2.866817e-02, Mt=0.2411, A_K=0.145, Cuv=-0.200, P_in=9.785e-04, P_tgt=9.939e-04, A_F=0.039, K_low=0.172, P_drag=-9.795e-04, P_cool=-6.155e-04, WENO=0.135 (x=0.135, y=0.135), ReL2D=121.22, eps_nu=5.448e-04, P_hv=6.105e-05, rho_mean=1.000000, p_mean=0.715517, div_rms=1.261e-01, vort_rms=8.363e-01, mass_err=-1.429e-10
step= 59250, t=103.840272, dt=1.793e-03, KE=2.831362e-02, Mt=0.2394, A_K=0.148, Cuv=-0.214, P_in=1.111e-03, P_tgt=1.102e-03, A_F=0.129, K_low=0.176, P_drag=-9.844e-04, P_cool=-6.364e-04, WENO=0.130 (x=0.130, y=0.130), ReL2D=120.56, eps_nu=5.410e-04, P_hv=5.977e-05, rho_mean=1.000000, p_mean=0.715558, div_rms=1.148e-01, vort_rms=8.354e-01, mass_err=-1.435e-10
step= 59500, t=104.289714, dt=1.808e-03, KE=2.819759e-02, Mt=0.2392, A_K=0.112, Cuv=-0.197, P_in=1.230e-03, P_tgt=1.235e-03, A_F=0.087, K_low=0.174, P_drag=-9.704e-04, P_cool=-6.204e-04, WENO=0.129 (x=0.129, y=0.129), ReL2D=118.52, eps_nu=5.420e-04, P_hv=6.278e-05, rho_mean=1.000000, p_mean=0.715527, div_rms=1.270e-01, vort_rms=8.339e-01, mass_err=-1.441e-10
step= 59750, t=104.739878, dt=1.790e-03, KE=2.795618e-02, Mt=0.2381, A_K=0.101, Cuv=-0.144, P_in=1.393e-03, P_tgt=1.396e-03, A_F=0.038, K_low=0.174, P_drag=-9.634e-04, P_cool=-6.471e-04, WENO=0.113 (x=0.113, y=0.113), ReL2D=119.14, eps_nu=5.463e-04, P_hv=6.194e-05, rho_mean=1.000000, p_mean=0.715580, div_rms=1.166e-01, vort_rms=8.393e-01, mass_err=-1.447e-10
step= 60000, t=105.181381, dt=1.742e-03, KE=2.803074e-02, Mt=0.2382, A_K=0.135, Cuv=-0.097, P_in=1.572e-03, P_tgt=1.588e-03, A_F=0.245, K_low=0.173, P_drag=-9.616e-04, P_cool=-6.230e-04, WENO=0.099 (x=0.099, y=0.099), ReL2D=119.89, eps_nu=5.579e-04, P_hv=6.631e-05, rho_mean=1.000000, p_mean=0.715532, div_rms=1.196e-01, vort_rms=8.478e-01, mass_err=-1.453e-10
saved snapshot: results/hit2d/thesis_hit_campaign_v1/grid_Mt025_N128_seed1234/hit2d_step0060000.npz
step= 60250, t=105.615098, dt=1.731e-03, KE=2.818082e-02, Mt=0.2388, A_K=0.156, Cuv=-0.039, P_in=1.766e-03, P_tgt=1.795e-03, A_F=0.054, K_low=0.171, P_drag=-9.555e-04, P_cool=-6.045e-04, WENO=0.122 (x=0.122, y=0.122), ReL2D=118.98, eps_nu=5.705e-04, P_hv=6.327e-05, rho_mean=1.000000, p_mean=0.715495, div_rms=1.194e-01, vort_rms=8.577e-01, mass_err=-1.459e-10
step= 60500, t=106.049254, dt=1.729e-03, KE=2.833620e-02, Mt=0.2392, A_K=0.178, Cuv=-0.008, P_in=2.220e-03, P_tgt=2.019e-03, A_F=0.057, K_low=0.168, P_drag=-9.444e-04, P_cool=-6.059e-04, WENO=0.068 (x=0.068, y=0.068), ReL2D=117.78, eps_nu=5.756e-04, P_hv=6.901e-05, rho_mean=1.000000, p_mean=0.715497, div_rms=1.184e-01, vort_rms=8.618e-01, mass_err=-1.465e-10
step= 60750, t=106.478464, dt=1.693e-03, KE=2.846582e-02, Mt=0.2402, A_K=0.162, Cuv=-0.032, P_in=2.253e-03, P_tgt=2.254e-03, A_F=0.092, K_low=0.166, P_drag=-9.314e-04, P_cool=-6.326e-04, WENO=0.091 (x=0.091, y=0.091), ReL2D=117.91, eps_nu=5.945e-04, P_hv=7.205e-05, rho_mean=1.000000, p_mean=0.715551, div_rms=1.199e-01, vort_rms=8.758e-01, mass_err=-1.471e-10
step= 61000, t=106.902838, dt=1.713e-03, KE=2.883202e-02, Mt=0.2420, A_K=0.129, Cuv=-0.055, P_in=2.455e-03, P_tgt=2.475e-03, A_F=0.075, K_low=0.160, P_drag=-9.085e-04, P_cool=-6.289e-04, WENO=0.112 (x=0.112, y=0.112), ReL2D=119.96, eps_nu=6.094e-04, P_hv=7.172e-05, rho_mean=1.000000, p_mean=0.715544, div_rms=1.296e-01, vort_rms=8.852e-01, mass_err=-1.477e-10
step= 61250, t=107.333196, dt=1.731e-03, KE=2.913894e-02, Mt=0.2426, A_K=0.117, Cuv=-0.043, P_in=2.714e-03, P_tgt=2.684e-03, A_F=0.183, K_low=0.150, P_drag=-8.722e-04, P_cool=-6.580e-04, WENO=0.113 (x=0.113, y=0.113), ReL2D=121.07, eps_nu=6.183e-04, P_hv=6.884e-05, rho_mean=1.000000, p_mean=0.715602, div_rms=1.233e-01, vort_rms=8.930e-01, mass_err=-1.483e-10
step= 61500, t=107.766298, dt=1.722e-03, KE=2.952104e-02, Mt=0.2444, A_K=0.117, Cuv=-0.043, P_in=2.859e-03, P_tgt=2.878e-03, A_F=0.183, K_low=0.144, P_drag=-8.447e-04, P_cool=-6.902e-04, WENO=0.109 (x=0.109, y=0.109), ReL2D=125.22, eps_nu=6.307e-04, P_hv=7.053e-05, rho_mean=1.000000, p_mean=0.715666, div_rms=1.232e-01, vort_rms=9.022e-01, mass_err=-1.489e-10
step= 61750, t=108.195165, dt=1.716e-03, KE=3.024941e-02, Mt=0.2476, A_K=0.097, Cuv=-0.065, P_in=3.018e-03, P_tgt=3.002e-03, A_F=0.075, K_low=0.137, P_drag=-8.199e-04, P_cool=-6.681e-04, WENO=0.115 (x=0.115, y=0.115), ReL2D=131.91, eps_nu=6.472e-04, P_hv=7.247e-05, rho_mean=1.000000, p_mean=0.715622, div_rms=1.270e-01, vort_rms=9.135e-01, mass_err=-1.495e-10
step= 62000, t=108.631304, dt=1.751e-03, KE=3.103959e-02, Mt=0.2505, A_K=0.069, Cuv=-0.036, P_in=3.060e-03, P_tgt=3.029e-03, A_F=0.267, K_low=0.128, P_drag=-7.899e-04, P_cool=-6.483e-04, WENO=0.092 (x=0.092, y=0.092), ReL2D=134.91, eps_nu=6.641e-04, P_hv=7.218e-05, rho_mean=1.000000, p_mean=0.715582, div_rms=1.306e-01, vort_rms=9.250e-01, mass_err=-1.501e-10
step= 62250, t=109.075031, dt=1.795e-03, KE=3.157664e-02, Mt=0.2528, A_K=0.029, Cuv=-0.063, P_in=3.032e-03, P_tgt=2.983e-03, A_F=0.088, K_low=0.124, P_drag=-7.719e-04, P_cool=-6.799e-04, WENO=0.101 (x=0.101, y=0.101), ReL2D=138.49, eps_nu=6.804e-04, P_hv=7.149e-05, rho_mean=1.000000, p_mean=0.715645, div_rms=1.252e-01, vort_rms=9.375e-01, mass_err=-1.507e-10
step= 62500, t=109.520241, dt=1.764e-03, KE=3.219487e-02, Mt=0.2552, A_K=0.005, Cuv=-0.102, P_in=2.862e-03, P_tgt=2.866e-03, A_F=0.054, K_low=0.118, P_drag=-7.565e-04, P_cool=-6.888e-04, WENO=0.103 (x=0.103, y=0.103), ReL2D=144.30, eps_nu=6.992e-04, P_hv=7.877e-05, rho_mean=1.000000, p_mean=0.715663, div_rms=1.331e-01, vort_rms=9.493e-01, mass_err=-1.513e-10
saved snapshot: results/hit2d/thesis_hit_campaign_v1/grid_Mt025_N128_seed1234/hit2d_step0062500.npz
step= 62750, t=109.963583, dt=1.780e-03, KE=3.281748e-02, Mt=0.2574, A_K=0.032, Cuv=-0.131, P_in=2.693e-03, P_tgt=2.700e-03, A_F=0.163, K_low=0.113, P_drag=-7.400e-04, P_cool=-6.842e-04, WENO=0.111 (x=0.111, y=0.111), ReL2D=141.11, eps_nu=7.157e-04, P_hv=7.757e-05, rho_mean=1.000000, p_mean=0.715654, div_rms=1.370e-01, vort_rms=9.600e-01, mass_err=-1.519e-10
step= 63000, t=110.407926, dt=1.753e-03, KE=3.313432e-02, Mt=0.2589, A_K=0.066, Cuv=-0.121, P_in=2.506e-03, P_tgt=2.494e-03, A_F=0.050, K_low=0.108, P_drag=-7.156e-04, P_cool=-7.255e-04, WENO=0.098 (x=0.098, y=0.098), ReL2D=139.19, eps_nu=7.275e-04, P_hv=8.020e-05, rho_mean=1.000000, p_mean=0.715737, div_rms=1.307e-01, vort_rms=9.692e-01, mass_err=-1.525e-10
step= 63250, t=110.843624, dt=1.745e-03, KE=3.339214e-02, Mt=0.2597, A_K=0.050, Cuv=-0.055, P_in=2.435e-03, P_tgt=2.283e-03, A_F=0.066, K_low=0.104, P_drag=-6.901e-04, P_cool=-7.568e-04, WENO=0.108 (x=0.108, y=0.108), ReL2D=136.26, eps_nu=7.360e-04, P_hv=8.539e-05, rho_mean=1.000000, p_mean=0.715799, div_rms=1.320e-01, vort_rms=9.748e-01, mass_err=-1.532e-10
step= 63500, t=111.287222, dt=1.794e-03, KE=3.382910e-02, Mt=0.2613, A_K=0.001, Cuv=-0.040, P_in=2.074e-03, P_tgt=2.069e-03, A_F=0.038, K_low=0.100, P_drag=-6.664e-04, P_cool=-7.369e-04, WENO=0.089 (x=0.089, y=0.089), ReL2D=135.47, eps_nu=7.442e-04, P_hv=8.719e-05, rho_mean=1.000000, p_mean=0.715760, div_rms=1.316e-01, vort_rms=9.804e-01, mass_err=-1.537e-10
step= 63750, t=111.735208, dt=1.794e-03, KE=3.412139e-02, Mt=0.2622, A_K=0.056, Cuv=-0.068, P_in=1.827e-03, P_tgt=1.853e-03, A_F=0.236, K_low=0.097, P_drag=-6.483e-04, P_cool=-7.299e-04, WENO=0.139 (x=0.139, y=0.139), ReL2D=130.64, eps_nu=7.453e-04, P_hv=8.697e-05, rho_mean=1.000000, p_mean=0.715746, div_rms=1.298e-01, vort_rms=9.815e-01, mass_err=-1.544e-10
step= 64000, t=112.183384, dt=1.802e-03, KE=3.439751e-02, Mt=0.2631, A_K=0.095, Cuv=-0.112, P_in=1.641e-03, P_tgt=1.648e-03, A_F=0.011, K_low=0.091, P_drag=-6.197e-04, P_cool=-7.103e-04, WENO=0.103 (x=0.103, y=0.103), ReL2D=125.50, eps_nu=7.472e-04, P_hv=8.951e-05, rho_mean=1.000000, p_mean=0.715706, div_rms=1.405e-01, vort_rms=9.808e-01, mass_err=-1.550e-10
step= 64250, t=112.631273, dt=1.778e-03, KE=3.430286e-02, Mt=0.2628, A_K=0.124, Cuv=-0.117, P_in=1.476e-03, P_tgt=1.459e-03, A_F=0.004, K_low=0.087, P_drag=-5.926e-04, P_cool=-7.495e-04, WENO=0.134 (x=0.134, y=0.134), ReL2D=125.37, eps_nu=7.289e-04, P_hv=9.173e-05, rho_mean=1.000000, p_mean=0.715785, div_rms=1.326e-01, vort_rms=9.699e-01, mass_err=-1.556e-10
step= 64500, t=113.074693, dt=1.778e-03, KE=3.440625e-02, Mt=0.2639, A_K=0.176, Cuv=-0.094, P_in=1.267e-03, P_tgt=1.290e-03, A_F=0.020, K_low=0.085, P_drag=-5.795e-04, P_cool=-7.826e-04, WENO=0.089 (x=0.089, y=0.089), ReL2D=125.73, eps_nu=7.279e-04, P_hv=9.523e-05, rho_mean=1.000000, p_mean=0.715851, div_rms=1.426e-01, vort_rms=9.673e-01, mass_err=-1.562e-10
step= 64750, t=113.522513, dt=1.814e-03, KE=3.413144e-02, Mt=0.2631, A_K=0.159, Cuv=-0.088, P_in=1.123e-03, P_tgt=1.139e-03, A_F=0.069, K_low=0.086, P_drag=-5.797e-04, P_cool=-8.242e-04, WENO=0.120 (x=0.120, y=0.120), ReL2D=124.75, eps_nu=7.280e-04, P_hv=9.263e-05, rho_mean=1.000000, p_mean=0.715934, div_rms=1.348e-01, vort_rms=9.688e-01, mass_err=-1.568e-10
step= 65000, t=113.974485, dt=1.803e-03, KE=3.436493e-02, Mt=0.2637, A_K=0.122, Cuv=-0.109, P_in=1.022e-03, P_tgt=1.006e-03, A_F=0.054, K_low=0.088, P_drag=-5.887e-04, P_cool=-7.565e-04, WENO=0.090 (x=0.090, y=0.090), ReL2D=125.41, eps_nu=7.192e-04, P_hv=9.062e-05, rho_mean=1.000000, p_mean=0.715799, div_rms=1.485e-01, vort_rms=9.601e-01, mass_err=-1.574e-10
saved snapshot: results/hit2d/thesis_hit_campaign_v1/grid_Mt025_N128_seed1234/hit2d_step0065000.npz
step= 65250, t=114.426899, dt=1.799e-03, KE=3.400138e-02, Mt=0.2620, A_K=0.094, Cuv=-0.127, P_in=8.985e-04, P_tgt=8.914e-04, A_F=0.257, K_low=0.090, P_drag=-5.938e-04, P_cool=-7.920e-04, WENO=0.116 (x=0.116, y=0.116), ReL2D=125.37, eps_nu=7.047e-04, P_hv=8.529e-05, rho_mean=1.000000, p_mean=0.715870, div_rms=1.453e-01, vort_rms=9.507e-01, mass_err=-1.580e-10
step= 65500, t=114.875682, dt=1.792e-03, KE=3.365408e-02, Mt=0.2607, A_K=0.114, Cuv=-0.119, P_in=7.939e-04, P_tgt=8.026e-04, A_F=0.241, K_low=0.088, P_drag=-5.812e-04, P_cool=-8.119e-04, WENO=0.101 (x=0.101, y=0.101), ReL2D=125.58, eps_nu=6.943e-04, P_hv=8.221e-05, rho_mean=1.000000, p_mean=0.715910, div_rms=1.456e-01, vort_rms=9.434e-01, mass_err=-1.586e-10
step= 65750, t=115.320598, dt=1.770e-03, KE=3.340682e-02, Mt=0.2598, A_K=0.130, Cuv=-0.096, P_in=7.300e-04, P_tgt=7.289e-04, A_F=0.093, K_low=0.085, P_drag=-5.654e-04, P_cool=-8.109e-04, WENO=0.141 (x=0.141, y=0.141), ReL2D=127.21, eps_nu=6.803e-04, P_hv=8.100e-05, rho_mean=1.000000, p_mean=0.715907, div_rms=1.408e-01, vort_rms=9.346e-01, mass_err=-1.592e-10
step= 66000, t=115.763728, dt=1.777e-03, KE=3.333596e-02, Mt=0.2598, A_K=0.136, Cuv=-0.090, P_in=6.596e-04, P_tgt=6.647e-04, A_F=0.093, K_low=0.086, P_drag=-5.619e-04, P_cool=-7.671e-04, WENO=0.126 (x=0.126, y=0.126), ReL2D=128.43, eps_nu=6.695e-04, P_hv=8.064e-05, rho_mean=1.000000, p_mean=0.715820, div_rms=1.382e-01, vort_rms=9.274e-01, mass_err=-1.598e-10
step= 66091, t=115.924769, dt=5.819e-04, KE=3.334921e-02, Mt=0.2598, A_K=0.126, Cuv=-0.091, P_in=6.499e-04, P_tgt=6.426e-04, A_F=0.228, K_low=0.086, P_drag=-5.610e-04, P_cool=-7.431e-04, WENO=0.120 (x=0.120, y=0.120), ReL2D=128.72, eps_nu=6.665e-04, P_hv=8.220e-05, rho_mean=1.000000, p_mean=0.715772, div_rms=1.450e-01, vort_rms=9.239e-01, mass_err=-1.600e-10
saved snapshot: results/hit2d/thesis_hit_campaign_v1/grid_Mt025_N128_seed1234/hit2d_step0066091.npz
completed 2D HIT run at t=115.924769 in 66091 steps
Post-processing: results/hit2d/thesis_hit_campaign_v1/grid_Mt025_N128_seed1234
saved HIT diagnostic field plot: results/hit2d/thesis_hit_campaign_v1/grid_Mt025_N128_seed1234/postprocess/hit2d_physics_fields.png
/home/fatienza/github/HIT_Solver/2D/hit2d_viewer.py:405: UserWarning: No artists with labels found to put in legend.  Note that artists whose label start with an underscore are ignored when legend() is called with no argument.
  ax.legend()
saved HIT history plot: results/hit2d/thesis_hit_campaign_v1/grid_Mt025_N128_seed1234/postprocess/hit2d_history.png
saved isotropy diagnostics: results/hit2d/thesis_hit_campaign_v1/grid_Mt025_N128_seed1234/isotropy_diagnostics.npz
selected interval: t=[25.9984, 96.363], Neddy=[4.15186, 15.3569], snapshots=17
turnover reference length: L_ref=1.570796e+00
isotropy mismatch: E_LL=3.278285e-02 (normalized=7.810315e-02), E_NN=3.069494e-02 (normalized=8.342256e-02)
selected means: K=3.098699e-02, Mt=2.504040e-01, A_K=1.136520e-01, C_uv=-1.399005e-02
saved isotropy plot: results/hit2d/thesis_hit_campaign_v1/grid_Mt025_N128_seed1234/postprocess/stationarity_K_Mt.png
saved isotropy plot: results/hit2d/thesis_hit_campaign_v1/grid_Mt025_N128_seed1234/postprocess/directional_isotropy_correlations.png
saved isotropy plot: results/hit2d/thesis_hit_campaign_v1/grid_Mt025_N128_seed1234/postprocess/component_energy_anisotropy.png
/home/fatienza/github/HIT_Solver/OOP/postprocess/spectra.py:152: RuntimeWarning: Enstrophy spectrum may be piling up near the complete-shell cutoff
  warnings.warn("Enstrophy spectrum may be piling up near the complete-shell cutoff", RuntimeWarning)
saved spectra diagnostics: results/hit2d/thesis_hit_campaign_v1/grid_Mt025_N128_seed1234/spectra_diagnostics.npz
saved spectra plot: results/hit2d/thesis_hit_campaign_v1/grid_Mt025_N128_seed1234/postprocess/energy_enstrophy_spectra.png
cutoff ratios: energy=1.649e+00, enstrophy=2.051e+00
spectral checks: Parseval=2.208e-16, Helmholtz closure=1.645e-16, <chi_d>=1.526e-02
saved PDF diagnostics: results/hit2d/thesis_hit_campaign_v1/grid_Mt025_N128_seed1234/pdf_diagnostics.npz
saved PDF plot: results/hit2d/thesis_hit_campaign_v1/grid_Mt025_N128_seed1234/postprocess/one_point_pdfs.png
PDF moments: S_theta=-5.826e-01, F_theta=6.005e+00, S_omega=6.380e-02, F_omega=2.921e+00
COMPLETED: grid_Mt025_N128_seed1234 at Sat Aug 15 08:09:54 PM CEST 2026

============================================================
STARTING grid_Mt025_N256_seed1234 at Sat Aug 15 08:09:54 PM CEST 2026
N=256x256; Mt=0.25; Re_lambda,0=120; seed=1234
tfinal=115.92476892; target turnovers=18.0
CFL=0.10; sensor=legacy; WENO LF=local
HV: conservative_flux, mn=0.005, interval=5
snapshot_every=5000; diagnostics_every=500
============================================================
Using array backend: cupy
saved run configuration: results/hit2d/thesis_hit_campaign_v1/grid_Mt025_N256_seed1234/config.json
resolved initial Re_lambda_2d=120.000000 with dynamic viscosity=7.560701e-04
step=     0, t=0.000000, dt=0.000e+00, KE=3.125000e-02, Mt=0.2500, A_K=0.000, Cuv=0.000, P_in=0.000e+00, P_tgt=0.000e+00, A_F=0.000, K_low=0.000, P_drag=0.000e+00, P_cool=0.000e+00, WENO=0.018 (x=0.018, y=0.018), ReL2D=120.00, eps_nu=7.186e-04, P_hv=0.000e+00, rho_mean=1.000000, p_mean=0.714286, div_rms=6.115e-15, vort_rms=9.749e-01, mass_err=0.000e+00
step=   500, t=0.442878, dt=8.892e-04, KE=3.043603e-02, Mt=0.2474, A_K=0.003, Cuv=-0.012, P_in=1.013e-03, P_tgt=1.013e-03, A_F=0.175, K_low=0.004, P_drag=-2.295e-05, P_cool=-2.461e-04, WENO=0.017 (x=0.017, y=0.017), ReL2D=118.58, eps_nu=7.097e-04, P_hv=6.289e-06, rho_mean=1.000000, p_mean=0.714778, div_rms=1.170e-01, vort_rms=9.594e-01, mass_err=-1.215e-12
step=  1000, t=0.892075, dt=9.065e-04, KE=3.007940e-02, Mt=0.2480, A_K=0.005, Cuv=-0.043, P_in=1.045e-03, P_tgt=1.077e-03, A_F=0.034, K_low=0.007, P_drag=-3.894e-05, P_cool=-3.770e-04, WENO=0.039 (x=0.039, y=0.039), ReL2D=121.34, eps_nu=7.231e-04, P_hv=6.560e-06, rho_mean=1.000000, p_mean=0.715040, div_rms=1.351e-01, vort_rms=9.655e-01, mass_err=-2.430e-12
step=  1500, t=1.345097, dt=8.978e-04, KE=3.060503e-02, Mt=0.2494, A_K=0.015, Cuv=-0.025, P_in=1.112e-03, P_tgt=1.093e-03, A_F=0.020, K_low=0.006, P_drag=-3.402e-05, P_cool=-3.676e-04, WENO=0.058 (x=0.058, y=0.058), ReL2D=122.09, eps_nu=7.294e-04, P_hv=6.665e-06, rho_mean=1.000000, p_mean=0.715021, div_rms=1.204e-01, vort_rms=9.723e-01, mass_err=-3.631e-12
step=  2000, t=1.794459, dt=8.910e-04, KE=3.080124e-02, Mt=0.2500, A_K=0.034, Cuv=0.006, P_in=1.115e-03, P_tgt=1.101e-03, A_F=0.109, K_low=0.008, P_drag=-4.598e-05, P_cool=-3.910e-04, WENO=0.050 (x=0.050, y=0.050), ReL2D=124.08, eps_nu=7.456e-04, P_hv=7.141e-06, rho_mean=1.000000, p_mean=0.715068, div_rms=1.295e-01, vort_rms=9.817e-01, mass_err=-4.853e-12
step=  2500, t=2.237341, dt=8.879e-04, KE=3.100586e-02, Mt=0.2506, A_K=0.038, Cuv=-0.012, P_in=1.088e-03, P_tgt=1.095e-03, A_F=0.098, K_low=0.010, P_drag=-6.126e-05, P_cool=-4.070e-04, WENO=0.055 (x=0.055, y=0.055), ReL2D=124.41, eps_nu=7.548e-04, P_hv=7.904e-06, rho_mean=1.000000, p_mean=0.715100, div_rms=1.273e-01, vort_rms=9.883e-01, mass_err=-6.054e-12
step=  3000, t=2.683470, dt=8.962e-04, KE=3.123832e-02, Mt=0.2510, A_K=0.092, Cuv=-0.015, P_in=1.090e-03, P_tgt=1.076e-03, A_F=0.002, K_low=0.008, P_drag=-5.280e-05, P_cool=-4.160e-04, WENO=0.069 (x=0.069, y=0.069), ReL2D=121.86, eps_nu=7.567e-04, P_hv=8.578e-06, rho_mean=1.000000, p_mean=0.715118, div_rms=1.276e-01, vort_rms=9.895e-01, mass_err=-7.269e-12
step=  3500, t=3.132254, dt=8.930e-04, KE=3.130350e-02, Mt=0.2512, A_K=0.135, Cuv=0.011, P_in=1.061e-03, P_tgt=1.055e-03, A_F=0.078, K_low=0.009, P_drag=-5.822e-05, P_cool=-4.547e-04, WENO=0.060 (x=0.060, y=0.060), ReL2D=124.86, eps_nu=7.536e-04, P_hv=8.971e-06, rho_mean=1.000000, p_mean=0.715195, div_rms=1.292e-01, vort_rms=9.871e-01, mass_err=-8.477e-12
step=  4000, t=3.580371, dt=8.992e-04, KE=3.137569e-02, Mt=0.2519, A_K=0.166, Cuv=0.032, P_in=1.020e-03, P_tgt=1.021e-03, A_F=0.122, K_low=0.015, P_drag=-9.397e-05, P_cool=-4.848e-04, WENO=0.045 (x=0.045, y=0.045), ReL2D=128.29, eps_nu=7.410e-04, P_hv=9.607e-06, rho_mean=1.000000, p_mean=0.715255, div_rms=1.261e-01, vort_rms=9.792e-01, mass_err=-9.692e-12
step=  4500, t=4.029933, dt=8.927e-04, KE=3.132569e-02, Mt=0.2520, A_K=0.193, Cuv=0.041, P_in=9.886e-04, P_tgt=9.816e-04, A_F=0.117, K_low=0.019, P_drag=-1.149e-04, P_cool=-5.299e-04, WENO=0.053 (x=0.053, y=0.053), ReL2D=128.56, eps_nu=7.341e-04, P_hv=1.021e-05, rho_mean=1.000000, p_mean=0.715346, div_rms=1.250e-01, vort_rms=9.747e-01, mass_err=-1.089e-11
warning: flow component anisotropy has increased over the last three diagnostic samples
step=  5000, t=4.476494, dt=8.992e-04, KE=3.130336e-02, Mt=0.2523, A_K=0.205, Cuv=0.056, P_in=9.311e-04, P_tgt=9.409e-04, A_F=0.206, K_low=0.021, P_drag=-1.263e-04, P_cool=-5.606e-04, WENO=0.064 (x=0.064, y=0.064), ReL2D=128.53, eps_nu=7.320e-04, P_hv=1.088e-05, rho_mean=1.000000, p_mean=0.715407, div_rms=1.227e-01, vort_rms=9.737e-01, mass_err=-1.210e-11
saved snapshot: results/hit2d/thesis_hit_campaign_v1/grid_Mt025_N256_seed1234/hit2d_step0005000.npz
step=  5500, t=4.931933, dt=9.235e-04, KE=3.148001e-02, Mt=0.2526, A_K=0.193, Cuv=0.084, P_in=8.987e-04, P_tgt=8.965e-04, A_F=0.100, K_low=0.026, P_drag=-1.608e-04, P_cool=-5.459e-04, WENO=0.062 (x=0.062, y=0.062), ReL2D=130.73, eps_nu=7.290e-04, P_hv=1.091e-05, rho_mean=1.000000, p_mean=0.715377, div_rms=1.266e-01, vort_rms=9.710e-01, mass_err=-1.332e-11
step=  6000, t=5.393603, dt=9.144e-04, KE=3.148297e-02, Mt=0.2522, A_K=0.155, Cuv=0.065, P_in=8.578e-04, P_tgt=8.549e-04, A_F=0.211, K_low=0.030, P_drag=-1.900e-04, P_cool=-5.588e-04, WENO=0.065 (x=0.065, y=0.065), ReL2D=132.33, eps_nu=7.206e-04, P_hv=1.129e-05, rho_mean=1.000000, p_mean=0.715403, div_rms=1.177e-01, vort_rms=9.668e-01, mass_err=-1.453e-11
step=  6500, t=5.842796, dt=8.856e-04, KE=3.147523e-02, Mt=0.2520, A_K=0.137, Cuv=0.039, P_in=8.179e-04, P_tgt=8.192e-04, A_F=0.162, K_low=0.031, P_drag=-1.970e-04, P_cool=-5.682e-04, WENO=0.067 (x=0.067, y=0.067), ReL2D=129.88, eps_nu=7.147e-04, P_hv=1.209e-05, rho_mean=1.000000, p_mean=0.715422, div_rms=1.308e-01, vort_rms=9.605e-01, mass_err=-1.575e-11
step=  7000, t=6.289731, dt=9.100e-04, KE=3.143324e-02, Mt=0.2520, A_K=0.116, Cuv=0.071, P_in=7.959e-04, P_tgt=7.894e-04, A_F=0.061, K_low=0.035, P_drag=-2.240e-04, P_cool=-5.781e-04, WENO=0.056 (x=0.056, y=0.056), ReL2D=130.38, eps_nu=7.069e-04, P_hv=1.225e-05, rho_mean=1.000000, p_mean=0.715442, div_rms=1.296e-01, vort_rms=9.553e-01, mass_err=-1.695e-11
step=  7500, t=6.748511, dt=9.115e-04, KE=3.143825e-02, Mt=0.2520, A_K=0.075, Cuv=0.081, P_in=7.579e-04, P_tgt=7.589e-04, A_F=0.057, K_low=0.044, P_drag=-2.721e-04, P_cool=-5.729e-04, WENO=0.071 (x=0.071, y=0.071), ReL2D=129.47, eps_nu=6.941e-04, P_hv=1.190e-05, rho_mean=1.000000, p_mean=0.715432, div_rms=1.262e-01, vort_rms=9.470e-01, mass_err=-1.816e-11
step=  8000, t=7.197240, dt=8.911e-04, KE=3.120738e-02, Mt=0.2521, A_K=0.046, Cuv=0.041, P_in=7.291e-04, P_tgt=7.280e-04, A_F=0.230, K_low=0.051, P_drag=-3.089e-04, P_cool=-6.070e-04, WENO=0.060 (x=0.060, y=0.060), ReL2D=127.98, eps_nu=6.873e-04, P_hv=1.192e-05, rho_mean=1.000000, p_mean=0.715500, div_rms=1.302e-01, vort_rms=9.415e-01, mass_err=-1.938e-11
step=  8500, t=7.640459, dt=8.846e-04, KE=3.084676e-02, Mt=0.2504, A_K=0.024, Cuv=0.022, P_in=7.104e-04, P_tgt=7.086e-04, A_F=0.041, K_low=0.055, P_drag=-3.387e-04, P_cool=-6.577e-04, WENO=0.050 (x=0.050, y=0.050), ReL2D=124.73, eps_nu=6.733e-04, P_hv=1.218e-05, rho_mean=1.000000, p_mean=0.715601, div_rms=1.210e-01, vort_rms=9.333e-01, mass_err=-2.059e-11
step=  9000, t=8.088520, dt=8.951e-04, KE=3.085885e-02, Mt=0.2499, A_K=0.001, Cuv=0.041, P_in=6.802e-04, P_tgt=7.089e-04, A_F=0.169, K_low=0.062, P_drag=-3.821e-04, P_cool=-6.285e-04, WENO=0.055 (x=0.055, y=0.055), ReL2D=124.33, eps_nu=6.652e-04, P_hv=1.227e-05, rho_mean=1.000000, p_mean=0.715543, div_rms=1.159e-01, vort_rms=9.284e-01, mass_err=-2.181e-11
step=  9500, t=8.530551, dt=8.811e-04, KE=3.094752e-02, Mt=0.2499, A_K=0.029, Cuv=0.060, P_in=7.189e-04, P_tgt=7.096e-04, A_F=0.030, K_low=0.067, P_drag=-4.153e-04, P_cool=-5.860e-04, WENO=0.077 (x=0.077, y=0.077), ReL2D=122.46, eps_nu=6.591e-04, P_hv=1.219e-05, rho_mean=1.000000, p_mean=0.715458, div_rms=1.212e-01, vort_rms=9.231e-01, mass_err=-2.301e-11
step= 10000, t=8.969589, dt=8.734e-04, KE=3.085064e-02, Mt=0.2495, A_K=0.006, Cuv=0.054, P_in=7.182e-04, P_tgt=7.129e-04, A_F=0.006, K_low=0.072, P_drag=-4.404e-04, P_cool=-5.795e-04, WENO=0.084 (x=0.084, y=0.084), ReL2D=121.03, eps_nu=6.528e-04, P_hv=1.198e-05, rho_mean=1.000000, p_mean=0.715445, div_rms=1.269e-01, vort_rms=9.176e-01, mass_err=-2.422e-11
saved snapshot: results/hit2d/thesis_hit_campaign_v1/grid_Mt025_N256_seed1234/hit2d_step0010000.npz
step= 10500, t=9.407653, dt=8.806e-04, KE=3.059770e-02, Mt=0.2483, A_K=0.008, Cuv=0.048, P_in=7.263e-04, P_tgt=7.302e-04, A_F=0.064, K_low=0.078, P_drag=-4.758e-04, P_cool=-6.022e-04, WENO=0.074 (x=0.074, y=0.074), ReL2D=119.08, eps_nu=6.459e-04, P_hv=1.180e-05, rho_mean=1.000000, p_mean=0.715490, div_rms=1.165e-01, vort_rms=9.144e-01, mass_err=-2.542e-11
step= 11000, t=9.847993, dt=8.734e-04, KE=3.042168e-02, Mt=0.2481, A_K=0.022, Cuv=0.043, P_in=7.528e-04, P_tgt=7.567e-04, A_F=0.200, K_low=0.085, P_drag=-5.155e-04, P_cool=-6.082e-04, WENO=0.059 (x=0.059, y=0.059), ReL2D=116.69, eps_nu=6.385e-04, P_hv=1.256e-05, rho_mean=1.000000, p_mean=0.715502, div_rms=1.175e-01, vort_rms=9.089e-01, mass_err=-2.665e-11
step= 11500, t=10.280167, dt=8.594e-04, KE=3.023498e-02, Mt=0.2474, A_K=0.022, Cuv=0.024, P_in=7.965e-04, P_tgt=7.936e-04, A_F=0.104, K_low=0.090, P_drag=-5.386e-04, P_cool=-6.138e-04, WENO=0.059 (x=0.059, y=0.059), ReL2D=116.03, eps_nu=6.313e-04, P_hv=1.279e-05, rho_mean=1.000000, p_mean=0.715513, div_rms=1.229e-01, vort_rms=9.027e-01, mass_err=-2.785e-11
step= 12000, t=10.708008, dt=8.513e-04, KE=2.993415e-02, Mt=0.2466, A_K=0.016, Cuv=0.043, P_in=8.612e-04, P_tgt=8.438e-04, A_F=0.106, K_low=0.092, P_drag=-5.434e-04, P_cool=-6.441e-04, WENO=0.060 (x=0.060, y=0.060), ReL2D=117.31, eps_nu=6.233e-04, P_hv=1.286e-05, rho_mean=1.000000, p_mean=0.715574, div_rms=1.188e-01, vort_rms=8.976e-01, mass_err=-2.905e-11
step= 12500, t=11.136573, dt=8.565e-04, KE=2.973746e-02, Mt=0.2460, A_K=0.070, Cuv=0.076, P_in=9.241e-04, P_tgt=9.107e-04, A_F=0.148, K_low=0.093, P_drag=-5.439e-04, P_cool=-6.590e-04, WENO=0.073 (x=0.073, y=0.073), ReL2D=120.21, eps_nu=6.181e-04, P_hv=1.283e-05, rho_mean=1.000000, p_mean=0.715604, div_rms=1.169e-01, vort_rms=8.940e-01, mass_err=-3.027e-11
step= 13000, t=11.566553, dt=8.638e-04, KE=2.978856e-02, Mt=0.2459, A_K=0.117, Cuv=0.114, P_in=9.913e-04, P_tgt=9.888e-04, A_F=0.020, K_low=0.092, P_drag=-5.404e-04, P_cool=-6.284e-04, WENO=0.072 (x=0.072, y=0.072), ReL2D=121.82, eps_nu=6.135e-04, P_hv=1.251e-05, rho_mean=1.000000, p_mean=0.715543, div_rms=1.203e-01, vort_rms=8.901e-01, mass_err=-3.148e-11
step= 13500, t=11.997126, dt=8.542e-04, KE=2.978015e-02, Mt=0.2454, A_K=0.128, Cuv=0.110, P_in=1.097e-03, P_tgt=1.081e-03, A_F=0.185, K_low=0.089, P_drag=-5.227e-04, P_cool=-6.199e-04, WENO=0.078 (x=0.078, y=0.078), ReL2D=120.29, eps_nu=6.137e-04, P_hv=1.211e-05, rho_mean=1.000000, p_mean=0.715526, div_rms=1.190e-01, vort_rms=8.904e-01, mass_err=-3.270e-11
step= 14000, t=12.419822, dt=8.379e-04, KE=2.967884e-02, Mt=0.2450, A_K=0.103, Cuv=0.132, P_in=1.194e-03, P_tgt=1.196e-03, A_F=0.161, K_low=0.088, P_drag=-5.146e-04, P_cool=-6.394e-04, WENO=0.056 (x=0.056, y=0.056), ReL2D=120.30, eps_nu=6.076e-04, P_hv=1.252e-05, rho_mean=1.000000, p_mean=0.715564, div_rms=1.143e-01, vort_rms=8.867e-01, mass_err=-3.391e-11
step= 14500, t=12.838915, dt=8.339e-04, KE=2.967143e-02, Mt=0.2458, A_K=0.080, Cuv=0.176, P_in=1.309e-03, P_tgt=1.315e-03, A_F=0.039, K_low=0.089, P_drag=-5.196e-04, P_cool=-6.489e-04, WENO=0.042 (x=0.042, y=0.042), ReL2D=120.70, eps_nu=6.024e-04, P_hv=1.270e-05, rho_mean=1.000000, p_mean=0.715583, div_rms=1.209e-01, vort_rms=8.817e-01, mass_err=-3.512e-11
step= 15000, t=13.258063, dt=8.480e-04, KE=2.956440e-02, Mt=0.2459, A_K=0.104, Cuv=0.201, P_in=1.420e-03, P_tgt=1.431e-03, A_F=0.238, K_low=0.089, P_drag=-5.107e-04, P_cool=-6.866e-04, WENO=0.049 (x=0.049, y=0.049), ReL2D=120.22, eps_nu=6.016e-04, P_hv=1.228e-05, rho_mean=1.000000, p_mean=0.715659, div_rms=1.189e-01, vort_rms=8.814e-01, mass_err=-3.634e-11
saved snapshot: results/hit2d/thesis_hit_campaign_v1/grid_Mt025_N256_seed1234/hit2d_step0015000.npz
step= 15500, t=13.688219, dt=8.752e-04, KE=2.967206e-02, Mt=0.2465, A_K=0.140, Cuv=0.222, P_in=1.544e-03, P_tgt=1.548e-03, A_F=0.053, K_low=0.084, P_drag=-4.867e-04, P_cool=-6.905e-04, WENO=0.044 (x=0.044, y=0.044), ReL2D=121.72, eps_nu=6.030e-04, P_hv=1.183e-05, rho_mean=1.000000, p_mean=0.715667, div_rms=1.218e-01, vort_rms=8.819e-01, mass_err=-3.755e-11
step= 16000, t=14.125564, dt=8.773e-04, KE=3.004846e-02, Mt=0.2474, A_K=0.147, Cuv=0.230, P_in=1.649e-03, P_tgt=1.648e-03, A_F=0.225, K_low=0.081, P_drag=-4.793e-04, P_cool=-6.539e-04, WENO=0.072 (x=0.072, y=0.072), ReL2D=122.72, eps_nu=6.023e-04, P_hv=1.134e-05, rho_mean=1.000000, p_mean=0.715593, div_rms=1.184e-01, vort_rms=8.820e-01, mass_err=-3.876e-11
step= 16500, t=14.551086, dt=8.269e-04, KE=3.051403e-02, Mt=0.2488, A_K=0.139, Cuv=0.254, P_in=1.704e-03, P_tgt=1.712e-03, A_F=0.083, K_low=0.081, P_drag=-4.860e-04, P_cool=-6.097e-04, WENO=0.062 (x=0.062, y=0.062), ReL2D=122.08, eps_nu=6.068e-04, P_hv=1.110e-05, rho_mean=1.000000, p_mean=0.715505, div_rms=1.237e-01, vort_rms=8.844e-01, mass_err=-3.998e-11
step= 17000, t=14.960900, dt=8.193e-04, KE=3.064967e-02, Mt=0.2494, A_K=0.128, Cuv=0.288, P_in=1.729e-03, P_tgt=1.743e-03, A_F=0.137, K_low=0.080, P_drag=-4.807e-04, P_cool=-6.342e-04, WENO=0.055 (x=0.055, y=0.055), ReL2D=122.69, eps_nu=6.055e-04, P_hv=1.151e-05, rho_mean=1.000000, p_mean=0.715554, div_rms=1.184e-01, vort_rms=8.844e-01, mass_err=-4.119e-11
step= 17500, t=15.376682, dt=8.387e-04, KE=3.092805e-02, Mt=0.2507, A_K=0.127, Cuv=0.313, P_in=1.722e-03, P_tgt=1.741e-03, A_F=0.099, K_low=0.080, P_drag=-4.813e-04, P_cool=-6.310e-04, WENO=0.070 (x=0.070, y=0.070), ReL2D=123.33, eps_nu=6.097e-04, P_hv=1.162e-05, rho_mean=1.000000, p_mean=0.715548, div_rms=1.205e-01, vort_rms=8.871e-01, mass_err=-4.241e-11
step= 18000, t=15.793766, dt=8.328e-04, KE=3.125357e-02, Mt=0.2512, A_K=0.120, Cuv=0.323, P_in=1.709e-03, P_tgt=1.708e-03, A_F=0.009, K_low=0.081, P_drag=-4.947e-04, P_cool=-6.173e-04, WENO=0.072 (x=0.072, y=0.072), ReL2D=123.23, eps_nu=6.099e-04, P_hv=1.163e-05, rho_mean=1.000000, p_mean=0.715520, div_rms=1.141e-01, vort_rms=8.884e-01, mass_err=-4.363e-11
step= 18500, t=16.216678, dt=8.562e-04, KE=3.159666e-02, Mt=0.2528, A_K=0.129, Cuv=0.296, P_in=1.618e-03, P_tgt=1.642e-03, A_F=0.257, K_low=0.081, P_drag=-5.033e-04, P_cool=-5.979e-04, WENO=0.072 (x=0.072, y=0.072), ReL2D=125.64, eps_nu=6.160e-04, P_hv=1.167e-05, rho_mean=1.000000, p_mean=0.715481, div_rms=1.227e-01, vort_rms=8.915e-01, mass_err=-4.484e-11
step= 19000, t=16.648612, dt=8.752e-04, KE=3.176032e-02, Mt=0.2536, A_K=0.148, Cuv=0.260, P_in=1.530e-03, P_tgt=1.541e-03, A_F=0.101, K_low=0.081, P_drag=-5.063e-04, P_cool=-6.072e-04, WENO=0.080 (x=0.080, y=0.080), ReL2D=130.33, eps_nu=6.143e-04, P_hv=1.133e-05, rho_mean=1.000000, p_mean=0.715500, div_rms=1.124e-01, vort_rms=8.920e-01, mass_err=-4.606e-11
step= 19500, t=17.086441, dt=8.661e-04, KE=3.199196e-02, Mt=0.2541, A_K=0.160, Cuv=0.240, P_in=1.414e-03, P_tgt=1.428e-03, A_F=0.073, K_low=0.084, P_drag=-5.281e-04, P_cool=-5.933e-04, WENO=0.068 (x=0.068, y=0.068), ReL2D=131.86, eps_nu=6.185e-04, P_hv=1.103e-05, rho_mean=1.000000, p_mean=0.715472, div_rms=1.162e-01, vort_rms=8.945e-01, mass_err=-4.726e-11
step= 20000, t=17.516320, dt=8.652e-04, KE=3.206395e-02, Mt=0.2546, A_K=0.168, Cuv=0.230, P_in=1.316e-03, P_tgt=1.312e-03, A_F=0.151, K_low=0.088, P_drag=-5.638e-04, P_cool=-5.991e-04, WENO=0.061 (x=0.061, y=0.061), ReL2D=130.21, eps_nu=6.188e-04, P_hv=1.137e-05, rho_mean=1.000000, p_mean=0.715484, div_rms=1.220e-01, vort_rms=8.937e-01, mass_err=-4.847e-11
saved snapshot: results/hit2d/thesis_hit_campaign_v1/grid_Mt025_N256_seed1234/hit2d_step0020000.npz
step= 20500, t=17.950648, dt=8.616e-04, KE=3.187352e-02, Mt=0.2542, A_K=0.164, Cuv=0.214, P_in=1.214e-03, P_tgt=1.204e-03, A_F=0.003, K_low=0.094, P_drag=-5.965e-04, P_cool=-6.419e-04, WENO=0.061 (x=0.061, y=0.061), ReL2D=129.32, eps_nu=6.131e-04, P_hv=1.098e-05, rho_mean=1.000000, p_mean=0.715569, div_rms=1.124e-01, vort_rms=8.911e-01, mass_err=-4.968e-11
step= 21000, t=18.379707, dt=8.577e-04, KE=3.180747e-02, Mt=0.2536, A_K=0.140, Cuv=0.211, P_in=1.108e-03, P_tgt=1.115e-03, A_F=0.121, K_low=0.100, P_drag=-6.260e-04, P_cool=-6.469e-04, WENO=0.058 (x=0.058, y=0.058), ReL2D=127.24, eps_nu=6.159e-04, P_hv=1.098e-05, rho_mean=1.000000, p_mean=0.715579, div_rms=1.199e-01, vort_rms=8.919e-01, mass_err=-5.088e-11
step= 21500, t=18.815357, dt=8.779e-04, KE=3.166965e-02, Mt=0.2529, A_K=0.116, Cuv=0.195, P_in=1.045e-03, P_tgt=1.047e-03, A_F=0.137, K_low=0.107, P_drag=-6.703e-04, P_cool=-6.555e-04, WENO=0.059 (x=0.059, y=0.059), ReL2D=126.16, eps_nu=6.157e-04, P_hv=1.096e-05, rho_mean=1.000000, p_mean=0.715597, div_rms=1.117e-01, vort_rms=8.932e-01, mass_err=-5.210e-11
step= 22000, t=19.251294, dt=8.727e-04, KE=3.169119e-02, Mt=0.2529, A_K=0.138, Cuv=0.146, P_in=9.949e-04, P_tgt=9.893e-04, A_F=0.094, K_low=0.115, P_drag=-7.266e-04, P_cool=-6.230e-04, WENO=0.060 (x=0.060, y=0.060), ReL2D=125.23, eps_nu=6.144e-04, P_hv=1.135e-05, rho_mean=1.000000, p_mean=0.715532, div_rms=1.144e-01, vort_rms=8.918e-01, mass_err=-5.331e-11
step= 22500, t=19.689047, dt=8.775e-04, KE=3.162563e-02, Mt=0.2526, A_K=0.171, Cuv=0.101, P_in=9.332e-04, P_tgt=9.369e-04, A_F=0.140, K_low=0.123, P_drag=-7.759e-04, P_cool=-6.012e-04, WENO=0.055 (x=0.055, y=0.055), ReL2D=125.20, eps_nu=6.122e-04, P_hv=1.122e-05, rho_mean=1.000000, p_mean=0.715488, div_rms=1.099e-01, vort_rms=8.909e-01, mass_err=-5.452e-11
step= 23000, t=20.130616, dt=8.855e-04, KE=3.151007e-02, Mt=0.2522, A_K=0.168, Cuv=0.089, P_in=8.950e-04, P_tgt=8.950e-04, A_F=0.071, K_low=0.132, P_drag=-8.263e-04, P_cool=-5.831e-04, WENO=0.055 (x=0.055, y=0.055), ReL2D=123.64, eps_nu=6.115e-04, P_hv=1.121e-05, rho_mean=1.000000, p_mean=0.715452, div_rms=1.152e-01, vort_rms=8.895e-01, mass_err=-5.573e-11
step= 23500, t=20.570081, dt=8.749e-04, KE=3.113204e-02, Mt=0.2510, A_K=0.152, Cuv=0.074, P_in=8.655e-04, P_tgt=8.661e-04, A_F=0.086, K_low=0.142, P_drag=-8.681e-04, P_cool=-6.093e-04, WENO=0.050 (x=0.050, y=0.050), ReL2D=126.83, eps_nu=6.044e-04, P_hv=1.139e-05, rho_mean=1.000000, p_mean=0.715504, div_rms=1.059e-01, vort_rms=8.857e-01, mass_err=-5.694e-11
step= 24000, t=21.003316, dt=8.583e-04, KE=3.064821e-02, Mt=0.2492, A_K=0.078, Cuv=0.023, P_in=8.731e-04, P_tgt=8.640e-04, A_F=0.053, K_low=0.146, P_drag=-8.760e-04, P_cool=-6.517e-04, WENO=0.046 (x=0.046, y=0.046), ReL2D=126.47, eps_nu=5.975e-04, P_hv=1.127e-05, rho_mean=1.000000, p_mean=0.715589, div_rms=1.105e-01, vort_rms=8.798e-01, mass_err=-5.816e-11
step= 24500, t=21.432622, dt=8.556e-04, KE=3.025150e-02, Mt=0.2476, A_K=0.012, Cuv=-0.008, P_in=9.100e-04, P_tgt=8.937e-04, A_F=0.020, K_low=0.145, P_drag=-8.674e-04, P_cool=-6.744e-04, WENO=0.067 (x=0.067, y=0.067), ReL2D=126.25, eps_nu=5.978e-04, P_hv=1.100e-05, rho_mean=1.000000, p_mean=0.715635, div_rms=1.125e-01, vort_rms=8.796e-01, mass_err=-5.936e-11
step= 25000, t=21.857448, dt=8.454e-04, KE=3.007616e-02, Mt=0.2471, A_K=0.018, Cuv=0.017, P_in=9.433e-04, P_tgt=9.454e-04, A_F=0.046, K_low=0.148, P_drag=-8.750e-04, P_cool=-6.574e-04, WENO=0.072 (x=0.072, y=0.072), ReL2D=126.52, eps_nu=5.968e-04, P_hv=1.099e-05, rho_mean=1.000000, p_mean=0.715600, div_rms=1.175e-01, vort_rms=8.780e-01, mass_err=-6.057e-11
saved snapshot: results/hit2d/thesis_hit_campaign_v1/grid_Mt025_N256_seed1234/hit2d_step0025000.npz
step= 25500, t=22.281925, dt=8.566e-04, KE=3.007015e-02, Mt=0.2473, A_K=0.019, Cuv=0.002, P_in=1.005e-03, P_tgt=9.959e-04, A_F=0.091, K_low=0.147, P_drag=-8.662e-04, P_cool=-6.299e-04, WENO=0.058 (x=0.058, y=0.058), ReL2D=129.27, eps_nu=5.924e-04, P_hv=1.093e-05, rho_mean=1.000000, p_mean=0.715545, div_rms=1.184e-01, vort_rms=8.745e-01, mass_err=-6.178e-11
step= 26000, t=22.711379, dt=8.572e-04, KE=2.991216e-02, Mt=0.2460, A_K=0.004, Cuv=-0.032, P_in=1.069e-03, P_tgt=1.065e-03, A_F=0.022, K_low=0.141, P_drag=-8.302e-04, P_cool=-6.236e-04, WENO=0.076 (x=0.076, y=0.076), ReL2D=129.74, eps_nu=5.891e-04, P_hv=1.089e-05, rho_mean=1.000000, p_mean=0.715533, div_rms=1.185e-01, vort_rms=8.721e-01, mass_err=-6.300e-11
step= 26500, t=23.143401, dt=8.758e-04, KE=2.963750e-02, Mt=0.2448, A_K=0.046, Cuv=-0.068, P_in=1.166e-03, P_tgt=1.173e-03, A_F=0.093, K_low=0.138, P_drag=-8.085e-04, P_cool=-6.494e-04, WENO=0.052 (x=0.052, y=0.052), ReL2D=128.13, eps_nu=5.846e-04, P_hv=1.087e-05, rho_mean=1.000000, p_mean=0.715585, div_rms=1.162e-01, vort_rms=8.690e-01, mass_err=-6.420e-11
step= 27000, t=23.586092, dt=8.898e-04, KE=2.958634e-02, Mt=0.2451, A_K=0.087, Cuv=-0.081, P_in=1.305e-03, P_tgt=1.305e-03, A_F=0.286, K_low=0.141, P_drag=-8.189e-04, P_cool=-6.403e-04, WENO=0.051 (x=0.051, y=0.051), ReL2D=126.41, eps_nu=5.838e-04, P_hv=1.068e-05, rho_mean=1.000000, p_mean=0.715566, div_rms=1.141e-01, vort_rms=8.688e-01, mass_err=-6.542e-11
step= 27500, t=24.025307, dt=8.728e-04, KE=2.962936e-02, Mt=0.2451, A_K=0.097, Cuv=-0.039, P_in=1.429e-03, P_tgt=1.438e-03, A_F=0.013, K_low=0.145, P_drag=-8.365e-04, P_cool=-6.245e-04, WENO=0.049 (x=0.049, y=0.049), ReL2D=125.68, eps_nu=5.887e-04, P_hv=1.091e-05, rho_mean=1.000000, p_mean=0.715535, div_rms=1.170e-01, vort_rms=8.720e-01, mass_err=-6.663e-11
step= 28000, t=24.460805, dt=8.669e-04, KE=2.958313e-02, Mt=0.2451, A_K=0.053, Cuv=-0.037, P_in=1.591e-03, P_tgt=1.594e-03, A_F=0.192, K_low=0.144, P_drag=-8.271e-04, P_cool=-6.384e-04, WENO=0.050 (x=0.050, y=0.050), ReL2D=122.66, eps_nu=5.981e-04, P_hv=1.116e-05, rho_mean=1.000000, p_mean=0.715563, div_rms=1.172e-01, vort_rms=8.791e-01, mass_err=-6.785e-11
step= 28500, t=24.890296, dt=8.490e-04, KE=2.964747e-02, Mt=0.2455, A_K=0.007, Cuv=-0.046, P_in=1.755e-03, P_tgt=1.755e-03, A_F=0.046, K_low=0.140, P_drag=-8.100e-04, P_cool=-6.437e-04, WENO=0.079 (x=0.079, y=0.079), ReL2D=122.14, eps_nu=5.988e-04, P_hv=1.175e-05, rho_mean=1.000000, p_mean=0.715573, div_rms=1.160e-01, vort_rms=8.798e-01, mass_err=-6.906e-11
step= 29000, t=25.315511, dt=8.569e-04, KE=2.996769e-02, Mt=0.2464, A_K=0.004, Cuv=-0.029, P_in=1.877e-03, P_tgt=1.906e-03, A_F=0.117, K_low=0.132, P_drag=-7.802e-04, P_cool=-6.145e-04, WENO=0.084 (x=0.084, y=0.084), ReL2D=124.59, eps_nu=6.088e-04, P_hv=1.209e-05, rho_mean=1.000000, p_mean=0.715515, div_rms=1.170e-01, vort_rms=8.871e-01, mass_err=-7.028e-11
step= 29500, t=25.748556, dt=8.784e-04, KE=3.024719e-02, Mt=0.2471, A_K=0.005, Cuv=-0.042, P_in=2.060e-03, P_tgt=2.034e-03, A_F=0.172, K_low=0.122, P_drag=-7.333e-04, P_cool=-6.118e-04, WENO=0.082 (x=0.082, y=0.082), ReL2D=127.12, eps_nu=6.149e-04, P_hv=1.236e-05, rho_mean=1.000000, p_mean=0.715509, div_rms=1.123e-01, vort_rms=8.925e-01, mass_err=-7.149e-11
step= 30000, t=26.192968, dt=8.910e-04, KE=3.064318e-02, Mt=0.2490, A_K=0.017, Cuv=-0.088, P_in=2.126e-03, P_tgt=2.126e-03, A_F=0.141, K_low=0.113, P_drag=-6.854e-04, P_cool=-6.008e-04, WENO=0.048 (x=0.048, y=0.048), ReL2D=127.07, eps_nu=6.174e-04, P_hv=1.244e-05, rho_mean=1.000000, p_mean=0.715487, div_rms=1.195e-01, vort_rms=8.931e-01, mass_err=-7.270e-11
saved snapshot: results/hit2d/thesis_hit_campaign_v1/grid_Mt025_N256_seed1234/hit2d_step0030000.npz
step= 30500, t=26.635932, dt=8.834e-04, KE=3.103536e-02, Mt=0.2507, A_K=0.034, Cuv=-0.102, P_in=2.121e-03, P_tgt=2.127e-03, A_F=0.078, K_low=0.104, P_drag=-6.338e-04, P_cool=-6.001e-04, WENO=0.054 (x=0.054, y=0.054), ReL2D=129.78, eps_nu=6.216e-04, P_hv=1.337e-05, rho_mean=1.000000, p_mean=0.715486, div_rms=1.234e-01, vort_rms=8.955e-01, mass_err=-7.391e-11
step= 31000, t=27.071287, dt=8.637e-04, KE=3.129720e-02, Mt=0.2515, A_K=0.007, Cuv=-0.108, P_in=2.079e-03, P_tgt=2.083e-03, A_F=0.184, K_low=0.092, P_drag=-5.672e-04, P_cool=-6.258e-04, WENO=0.056 (x=0.056, y=0.056), ReL2D=129.77, eps_nu=6.288e-04, P_hv=1.376e-05, rho_mean=1.000000, p_mean=0.715537, div_rms=1.217e-01, vort_rms=9.010e-01, mass_err=-7.513e-11
step= 31500, t=27.499525, dt=8.528e-04, KE=3.159563e-02, Mt=0.2530, A_K=0.079, Cuv=-0.162, P_in=1.999e-03, P_tgt=1.993e-03, A_F=0.106, K_low=0.082, P_drag=-5.112e-04, P_cool=-6.408e-04, WENO=0.065 (x=0.065, y=0.065), ReL2D=130.92, eps_nu=6.353e-04, P_hv=1.415e-05, rho_mean=1.000000, p_mean=0.715567, div_rms=1.203e-01, vort_rms=9.061e-01, mass_err=-7.633e-11
step= 32000, t=27.929290, dt=8.689e-04, KE=3.196660e-02, Mt=0.2544, A_K=0.147, Cuv=-0.218, P_in=1.877e-03, P_tgt=1.849e-03, A_F=0.215, K_low=0.075, P_drag=-4.727e-04, P_cool=-6.355e-04, WENO=0.067 (x=0.067, y=0.067), ReL2D=132.96, eps_nu=6.445e-04, P_hv=1.396e-05, rho_mean=1.000000, p_mean=0.715557, div_rms=1.238e-01, vort_rms=9.121e-01, mass_err=-7.753e-11
step= 32500, t=28.363581, dt=8.597e-04, KE=3.235006e-02, Mt=0.2555, A_K=0.184, Cuv=-0.267, P_in=1.679e-03, P_tgt=1.681e-03, A_F=0.085, K_low=0.071, P_drag=-4.553e-04, P_cool=-6.182e-04, WENO=0.074 (x=0.074, y=0.074), ReL2D=132.22, eps_nu=6.427e-04, P_hv=1.356e-05, rho_mean=1.000000, p_mean=0.715522, div_rms=1.300e-01, vort_rms=9.097e-01, mass_err=-7.874e-11
warning: flow component anisotropy has increased over the last three diagnostic samples
step= 33000, t=28.786023, dt=8.349e-04, KE=3.262875e-02, Mt=0.2566, A_K=0.219, Cuv=-0.293, P_in=1.494e-03, P_tgt=1.494e-03, A_F=0.122, K_low=0.068, P_drag=-4.400e-04, P_cool=-6.076e-04, WENO=0.064 (x=0.064, y=0.064), ReL2D=131.64, eps_nu=6.473e-04, P_hv=1.374e-05, rho_mean=1.000000, p_mean=0.715501, div_rms=1.294e-01, vort_rms=9.132e-01, mass_err=-7.995e-11
step= 33500, t=29.202340, dt=8.343e-04, KE=3.257959e-02, Mt=0.2565, A_K=0.215, Cuv=-0.313, P_in=1.313e-03, P_tgt=1.316e-03, A_F=0.110, K_low=0.065, P_drag=-4.254e-04, P_cool=-6.467e-04, WENO=0.074 (x=0.074, y=0.074), ReL2D=127.99, eps_nu=6.504e-04, P_hv=1.369e-05, rho_mean=1.000000, p_mean=0.715579, div_rms=1.246e-01, vort_rms=9.163e-01, mass_err=-8.115e-11
step= 34000, t=29.625932, dt=8.590e-04, KE=3.260620e-02, Mt=0.2571, A_K=0.213, Cuv=-0.301, P_in=1.160e-03, P_tgt=1.156e-03, A_F=0.011, K_low=0.066, P_drag=-4.215e-04, P_cool=-6.550e-04, WENO=0.052 (x=0.052, y=0.052), ReL2D=126.45, eps_nu=6.491e-04, P_hv=1.409e-05, rho_mean=1.000000, p_mean=0.715596, div_rms=1.301e-01, vort_rms=9.143e-01, mass_err=-8.237e-11
step= 34500, t=30.060370, dt=8.709e-04, KE=3.256969e-02, Mt=0.2571, A_K=0.283, Cuv=-0.298, P_in=1.006e-03, P_tgt=1.007e-03, A_F=0.236, K_low=0.067, P_drag=-4.211e-04, P_cool=-6.624e-04, WENO=0.072 (x=0.072, y=0.072), ReL2D=126.63, eps_nu=6.468e-04, P_hv=1.352e-05, rho_mean=1.000000, p_mean=0.715610, div_rms=1.255e-01, vort_rms=9.135e-01, mass_err=-8.358e-11
warning: flow component anisotropy has increased over the last three diagnostic samples
step= 35000, t=30.493391, dt=8.642e-04, KE=3.256530e-02, Mt=0.2568, A_K=0.361, Cuv=-0.305, P_in=8.783e-04, P_tgt=8.801e-04, A_F=0.048, K_low=0.066, P_drag=-4.186e-04, P_cool=-6.513e-04, WENO=0.072 (x=0.072, y=0.072), ReL2D=127.23, eps_nu=6.430e-04, P_hv=1.378e-05, rho_mean=1.000000, p_mean=0.715588, div_rms=1.253e-01, vort_rms=9.108e-01, mass_err=-8.479e-11
saved snapshot: results/hit2d/thesis_hit_campaign_v1/grid_Mt025_N256_seed1234/hit2d_step0035000.npz
warning: flow component anisotropy has increased over the last three diagnostic samples
step= 35500, t=30.927991, dt=8.746e-04, KE=3.269100e-02, Mt=0.2565, A_K=0.384, Cuv=-0.327, P_in=7.764e-04, P_tgt=7.754e-04, A_F=0.053, K_low=0.065, P_drag=-4.190e-04, P_cool=-6.067e-04, WENO=0.075 (x=0.075, y=0.075), ReL2D=128.46, eps_nu=6.412e-04, P_hv=1.375e-05, rho_mean=1.000000, p_mean=0.715499, div_rms=1.272e-01, vort_rms=9.091e-01, mass_err=-8.600e-11
warning: flow component anisotropy has increased over the last three diagnostic samples
step= 36000, t=31.366911, dt=8.781e-04, KE=3.258862e-02, Mt=0.2562, A_K=0.386, Cuv=-0.299, P_in=6.830e-04, P_tgt=6.846e-04, A_F=0.008, K_low=0.066, P_drag=-4.220e-04, P_cool=-6.020e-04, WENO=0.077 (x=0.077, y=0.077), ReL2D=129.94, eps_nu=6.354e-04, P_hv=1.375e-05, rho_mean=1.000000, p_mean=0.715490, div_rms=1.238e-01, vort_rms=9.055e-01, mass_err=-8.720e-11
step= 36500, t=31.810513, dt=8.967e-04, KE=3.231026e-02, Mt=0.2551, A_K=0.368, Cuv=-0.251, P_in=6.065e-04, P_tgt=6.137e-04, A_F=0.145, K_low=0.069, P_drag=-4.356e-04, P_cool=-6.227e-04, WENO=0.080 (x=0.080, y=0.080), ReL2D=127.72, eps_nu=6.239e-04, P_hv=1.361e-05, rho_mean=1.000000, p_mean=0.715531, div_rms=1.229e-01, vort_rms=8.972e-01, mass_err=-8.841e-11
step= 37000, t=32.256506, dt=8.850e-04, KE=3.208747e-02, Mt=0.2544, A_K=0.326, Cuv=-0.221, P_in=5.468e-04, P_tgt=5.594e-04, A_F=0.040, K_low=0.073, P_drag=-4.522e-04, P_cool=-6.244e-04, WENO=0.078 (x=0.078, y=0.078), ReL2D=128.35, eps_nu=6.098e-04, P_hv=1.333e-05, rho_mean=1.000000, p_mean=0.715534, div_rms=1.268e-01, vort_rms=8.861e-01, mass_err=-8.963e-11
step= 37500, t=32.698274, dt=8.831e-04, KE=3.175854e-02, Mt=0.2533, A_K=0.341, Cuv=-0.191, P_in=5.185e-04, P_tgt=5.185e-04, A_F=0.049, K_low=0.075, P_drag=-4.613e-04, P_cool=-6.413e-04, WENO=0.080 (x=0.080, y=0.080), ReL2D=129.70, eps_nu=5.939e-04, P_hv=1.340e-05, rho_mean=1.000000, p_mean=0.715568, div_rms=1.226e-01, vort_rms=8.749e-01, mass_err=-9.084e-11
warning: flow component anisotropy has increased over the last three diagnostic samples
step= 38000, t=33.137405, dt=8.776e-04, KE=3.151751e-02, Mt=0.2519, A_K=0.395, Cuv=-0.179, P_in=4.841e-04, P_tgt=4.923e-04, A_F=0.048, K_low=0.076, P_drag=-4.654e-04, P_cool=-6.369e-04, WENO=0.082 (x=0.082, y=0.082), ReL2D=128.77, eps_nu=5.812e-04, P_hv=1.355e-05, rho_mean=1.000000, p_mean=0.715560, div_rms=1.239e-01, vort_rms=8.650e-01, mass_err=-9.204e-11
warning: flow component anisotropy is high (A_K=0.429)
warning: flow component anisotropy has increased over the last three diagnostic samples
step= 38500, t=33.578350, dt=8.853e-04, KE=3.126919e-02, Mt=0.2509, A_K=0.429, Cuv=-0.158, P_in=4.694e-04, P_tgt=4.790e-04, A_F=0.042, K_low=0.077, P_drag=-4.712e-04, P_cool=-6.324e-04, WENO=0.056 (x=0.056, y=0.056), ReL2D=130.26, eps_nu=5.684e-04, P_hv=1.388e-05, rho_mean=1.000000, p_mean=0.715551, div_rms=1.245e-01, vort_rms=8.550e-01, mass_err=-9.324e-11
warning: flow component anisotropy is high (A_K=0.424)
step= 39000, t=34.023341, dt=8.908e-04, KE=3.104486e-02, Mt=0.2503, A_K=0.424, Cuv=-0.117, P_in=4.706e-04, P_tgt=4.743e-04, A_F=0.331, K_low=0.079, P_drag=-4.853e-04, P_cool=-6.211e-04, WENO=0.057 (x=0.057, y=0.057), ReL2D=133.58, eps_nu=5.511e-04, P_hv=1.320e-05, rho_mean=1.000000, p_mean=0.715528, div_rms=1.231e-01, vort_rms=8.419e-01, mass_err=-9.447e-11
step= 39500, t=34.470113, dt=8.983e-04, KE=3.082045e-02, Mt=0.2500, A_K=0.378, Cuv=-0.108, P_in=4.730e-04, P_tgt=4.723e-04, A_F=0.327, K_low=0.081, P_drag=-4.922e-04, P_cool=-6.095e-04, WENO=0.063 (x=0.063, y=0.063), ReL2D=133.66, eps_nu=5.352e-04, P_hv=1.225e-05, rho_mean=1.000000, p_mean=0.715505, div_rms=1.158e-01, vort_rms=8.307e-01, mass_err=-9.566e-11
step= 40000, t=34.921099, dt=9.008e-04, KE=3.055827e-02, Mt=0.2488, A_K=0.312, Cuv=-0.112, P_in=4.776e-04, P_tgt=4.768e-04, A_F=0.185, K_low=0.080, P_drag=-4.827e-04, P_cool=-6.064e-04, WENO=0.055 (x=0.055, y=0.055), ReL2D=132.56, eps_nu=5.230e-04, P_hv=1.150e-05, rho_mean=1.000000, p_mean=0.715498, div_rms=1.214e-01, vort_rms=8.198e-01, mass_err=-9.686e-11
saved snapshot: results/hit2d/thesis_hit_campaign_v1/grid_Mt025_N256_seed1234/hit2d_step0040000.npz
step= 40500, t=35.371719, dt=9.024e-04, KE=3.010353e-02, Mt=0.2465, A_K=0.302, Cuv=-0.074, P_in=5.002e-04, P_tgt=5.003e-04, A_F=0.063, K_low=0.079, P_drag=-4.703e-04, P_cool=-6.418e-04, WENO=0.077 (x=0.077, y=0.077), ReL2D=129.72, eps_nu=5.099e-04, P_hv=1.079e-05, rho_mean=1.000000, p_mean=0.715569, div_rms=1.166e-01, vort_rms=8.101e-01, mass_err=-9.808e-11
step= 41000, t=35.821400, dt=8.871e-04, KE=3.007151e-02, Mt=0.2466, A_K=0.331, Cuv=-0.070, P_in=5.450e-04, P_tgt=5.397e-04, A_F=0.205, K_low=0.080, P_drag=-4.750e-04, P_cool=-5.961e-04, WENO=0.067 (x=0.067, y=0.067), ReL2D=131.81, eps_nu=5.049e-04, P_hv=1.085e-05, rho_mean=1.000000, p_mean=0.715478, div_rms=1.238e-01, vort_rms=8.046e-01, mass_err=-9.928e-11
warning: flow component anisotropy has increased over the last three diagnostic samples
step= 41500, t=36.262089, dt=8.827e-04, KE=3.008113e-02, Mt=0.2467, A_K=0.362, Cuv=-0.098, P_in=5.856e-04, P_tgt=5.763e-04, A_F=0.407, K_low=0.083, P_drag=-4.957e-04, P_cool=-5.526e-04, WENO=0.082 (x=0.082, y=0.082), ReL2D=133.34, eps_nu=4.975e-04, P_hv=1.066e-05, rho_mean=1.000000, p_mean=0.715391, div_rms=1.221e-01, vort_rms=7.988e-01, mass_err=-1.005e-10
warning: flow component anisotropy has increased over the last three diagnostic samples
step= 42000, t=36.704211, dt=8.902e-04, KE=2.995204e-02, Mt=0.2457, A_K=0.368, Cuv=-0.136, P_in=6.294e-04, P_tgt=6.234e-04, A_F=0.217, K_low=0.085, P_drag=-5.119e-04, P_cool=-5.384e-04, WENO=0.070 (x=0.070, y=0.070), ReL2D=135.14, eps_nu=4.872e-04, P_hv=9.960e-06, rho_mean=1.000000, p_mean=0.715362, div_rms=1.201e-01, vort_rms=7.907e-01, mass_err=-1.017e-10
step= 42500, t=37.148690, dt=8.779e-04, KE=2.973440e-02, Mt=0.2450, A_K=0.320, Cuv=-0.165, P_in=6.717e-04, P_tgt=6.838e-04, A_F=0.071, K_low=0.087, P_drag=-5.185e-04, P_cool=-5.466e-04, WENO=0.066 (x=0.066, y=0.066), ReL2D=134.04, eps_nu=4.778e-04, P_hv=1.021e-05, rho_mean=1.000000, p_mean=0.715379, div_rms=1.231e-01, vort_rms=7.822e-01, mass_err=-1.029e-10
step= 43000, t=37.585065, dt=8.739e-04, KE=2.943530e-02, Mt=0.2440, A_K=0.226, Cuv=-0.161, P_in=7.658e-04, P_tgt=7.684e-04, A_F=0.247, K_low=0.089, P_drag=-5.199e-04, P_cool=-5.747e-04, WENO=0.065 (x=0.065, y=0.065), ReL2D=131.40, eps_nu=4.694e-04, P_hv=1.015e-05, rho_mean=1.000000, p_mean=0.715435, div_rms=1.183e-01, vort_rms=7.760e-01, mass_err=-1.041e-10
step= 43500, t=38.019273, dt=8.631e-04, KE=2.931391e-02, Mt=0.2432, A_K=0.180, Cuv=-0.163, P_in=8.762e-04, P_tgt=8.773e-04, A_F=0.097, K_low=0.093, P_drag=-5.372e-04, P_cool=-5.750e-04, WENO=0.072 (x=0.072, y=0.072), ReL2D=130.44, eps_nu=4.608e-04, P_hv=1.014e-05, rho_mean=1.000000, p_mean=0.715436, div_rms=1.134e-01, vort_rms=7.696e-01, mass_err=-1.053e-10
step= 44000, t=38.453912, dt=8.794e-04, KE=2.936868e-02, Mt=0.2434, A_K=0.207, Cuv=-0.158, P_in=1.004e-03, P_tgt=1.011e-03, A_F=0.106, K_low=0.096, P_drag=-5.633e-04, P_cool=-5.492e-04, WENO=0.077 (x=0.077, y=0.077), ReL2D=131.65, eps_nu=4.599e-04, P_hv=9.981e-06, rho_mean=1.000000, p_mean=0.715384, div_rms=1.166e-01, vort_rms=7.682e-01, mass_err=-1.065e-10
warning: flow component anisotropy has increased over the last three diagnostic samples
step= 44500, t=38.893691, dt=8.719e-04, KE=2.946759e-02, Mt=0.2439, A_K=0.248, Cuv=-0.180, P_in=1.148e-03, P_tgt=1.156e-03, A_F=0.053, K_low=0.099, P_drag=-5.857e-04, P_cool=-5.270e-04, WENO=0.064 (x=0.064, y=0.064), ReL2D=133.46, eps_nu=4.609e-04, P_hv=9.362e-06, rho_mean=1.000000, p_mean=0.715340, div_rms=1.110e-01, vort_rms=7.702e-01, mass_err=-1.077e-10
step= 45000, t=39.334017, dt=9.017e-04, KE=2.956172e-02, Mt=0.2443, A_K=0.231, Cuv=-0.182, P_in=1.302e-03, P_tgt=1.302e-03, A_F=0.138, K_low=0.102, P_drag=-6.023e-04, P_cool=-5.190e-04, WENO=0.073 (x=0.073, y=0.073), ReL2D=135.76, eps_nu=4.637e-04, P_hv=9.169e-06, rho_mean=1.000000, p_mean=0.715324, div_rms=1.141e-01, vort_rms=7.719e-01, mass_err=-1.089e-10
saved snapshot: results/hit2d/thesis_hit_campaign_v1/grid_Mt025_N256_seed1234/hit2d_step0045000.npz
step= 45500, t=39.787074, dt=9.072e-04, KE=2.962149e-02, Mt=0.2449, A_K=0.150, Cuv=-0.172, P_in=1.460e-03, P_tgt=1.460e-03, A_F=0.203, K_low=0.105, P_drag=-6.163e-04, P_cool=-5.297e-04, WENO=0.085 (x=0.085, y=0.085), ReL2D=136.00, eps_nu=4.759e-04, P_hv=8.507e-06, rho_mean=1.000000, p_mean=0.715345, div_rms=1.138e-01, vort_rms=7.824e-01, mass_err=-1.102e-10
step= 46000, t=40.237262, dt=8.916e-04, KE=2.983562e-02, Mt=0.2454, A_K=0.058, Cuv=-0.161, P_in=1.634e-03, P_tgt=1.613e-03, A_F=0.098, K_low=0.106, P_drag=-6.311e-04, P_cool=-5.219e-04, WENO=0.071 (x=0.071, y=0.071), ReL2D=134.62, eps_nu=4.843e-04, P_hv=8.614e-06, rho_mean=1.000000, p_mean=0.715329, div_rms=1.153e-01, vort_rms=7.892e-01, mass_err=-1.114e-10
step= 46500, t=40.684122, dt=8.925e-04, KE=3.001110e-02, Mt=0.2464, A_K=0.006, Cuv=-0.123, P_in=1.744e-03, P_tgt=1.756e-03, A_F=0.013, K_low=0.112, P_drag=-6.648e-04, P_cool=-5.332e-04, WENO=0.071 (x=0.071, y=0.071), ReL2D=134.85, eps_nu=4.933e-04, P_hv=9.103e-06, rho_mean=1.000000, p_mean=0.715352, div_rms=1.177e-01, vort_rms=7.963e-01, mass_err=-1.126e-10
step= 47000, t=41.132452, dt=8.969e-04, KE=3.012558e-02, Mt=0.2471, A_K=0.015, Cuv=-0.072, P_in=1.872e-03, P_tgt=1.875e-03, A_F=0.107, K_low=0.120, P_drag=-7.113e-04, P_cool=-5.624e-04, WENO=0.070 (x=0.070, y=0.070), ReL2D=132.05, eps_nu=5.015e-04, P_hv=9.032e-06, rho_mean=1.000000, p_mean=0.715411, div_rms=1.105e-01, vort_rms=8.044e-01, mass_err=-1.138e-10
step= 47500, t=41.578813, dt=8.918e-04, KE=3.060199e-02, Mt=0.2485, A_K=0.073, Cuv=-0.058, P_in=1.970e-03, P_tgt=1.961e-03, A_F=0.137, K_low=0.124, P_drag=-7.498e-04, P_cool=-5.246e-04, WENO=0.061 (x=0.061, y=0.061), ReL2D=131.13, eps_nu=5.098e-04, P_hv=8.956e-06, rho_mean=1.000000, p_mean=0.715335, div_rms=1.159e-01, vort_rms=8.102e-01, mass_err=-1.150e-10
step= 48000, t=42.024899, dt=8.938e-04, KE=3.096865e-02, Mt=0.2496, A_K=0.087, Cuv=-0.035, P_in=2.034e-03, P_tgt=1.997e-03, A_F=0.065, K_low=0.126, P_drag=-7.778e-04, P_cool=-5.144e-04, WENO=0.047 (x=0.047, y=0.047), ReL2D=133.77, eps_nu=5.181e-04, P_hv=9.010e-06, rho_mean=1.000000, p_mean=0.715315, div_rms=1.156e-01, vort_rms=8.170e-01, mass_err=-1.162e-10
step= 48500, t=42.472424, dt=8.929e-04, KE=3.120785e-02, Mt=0.2506, A_K=0.059, Cuv=-0.003, P_in=1.982e-03, P_tgt=2.000e-03, A_F=0.041, K_low=0.131, P_drag=-8.170e-04, P_cool=-5.276e-04, WENO=0.074 (x=0.074, y=0.074), ReL2D=136.45, eps_nu=5.248e-04, P_hv=9.012e-06, rho_mean=1.000000, p_mean=0.715341, div_rms=1.142e-01, vort_rms=8.226e-01, mass_err=-1.174e-10
step= 49000, t=42.919989, dt=9.033e-04, KE=3.144281e-02, Mt=0.2522, A_K=0.010, Cuv=0.023, P_in=1.925e-03, P_tgt=1.941e-03, A_F=0.248, K_low=0.138, P_drag=-8.575e-04, P_cool=-5.356e-04, WENO=0.066 (x=0.066, y=0.066), ReL2D=135.39, eps_nu=5.352e-04, P_hv=9.054e-06, rho_mean=1.000000, p_mean=0.715357, div_rms=1.174e-01, vort_rms=8.304e-01, mass_err=-1.186e-10
step= 49500, t=43.372701, dt=9.018e-04, KE=3.156544e-02, Mt=0.2530, A_K=0.003, Cuv=0.041, P_in=1.856e-03, P_tgt=1.843e-03, A_F=0.049, K_low=0.142, P_drag=-8.840e-04, P_cool=-5.542e-04, WENO=0.063 (x=0.063, y=0.063), ReL2D=135.29, eps_nu=5.439e-04, P_hv=9.196e-06, rho_mean=1.000000, p_mean=0.715394, div_rms=1.197e-01, vort_rms=8.369e-01, mass_err=-1.198e-10
step= 50000, t=43.823542, dt=9.038e-04, KE=3.175315e-02, Mt=0.2536, A_K=0.025, Cuv=0.064, P_in=1.727e-03, P_tgt=1.729e-03, A_F=0.112, K_low=0.143, P_drag=-9.044e-04, P_cool=-5.473e-04, WENO=0.059 (x=0.059, y=0.059), ReL2D=137.23, eps_nu=5.461e-04, P_hv=9.215e-06, rho_mean=1.000000, p_mean=0.715380, div_rms=1.155e-01, vort_rms=8.394e-01, mass_err=-1.210e-10
saved snapshot: results/hit2d/thesis_hit_campaign_v1/grid_Mt025_N256_seed1234/hit2d_step0050000.npz
step= 50500, t=44.274063, dt=8.986e-04, KE=3.185397e-02, Mt=0.2538, A_K=0.067, Cuv=0.055, P_in=1.604e-03, P_tgt=1.605e-03, A_F=0.107, K_low=0.146, P_drag=-9.253e-04, P_cool=-5.459e-04, WENO=0.056 (x=0.056, y=0.056), ReL2D=138.11, eps_nu=5.472e-04, P_hv=8.872e-06, rho_mean=1.000000, p_mean=0.715378, div_rms=1.112e-01, vort_rms=8.410e-01, mass_err=-1.222e-10
step= 51000, t=44.720246, dt=8.917e-04, KE=3.183521e-02, Mt=0.2538, A_K=0.053, Cuv=0.027, P_in=1.479e-03, P_tgt=1.491e-03, A_F=0.033, K_low=0.147, P_drag=-9.325e-04, P_cool=-5.557e-04, WENO=0.061 (x=0.061, y=0.061), ReL2D=134.90, eps_nu=5.490e-04, P_hv=9.581e-06, rho_mean=1.000000, p_mean=0.715397, div_rms=1.134e-01, vort_rms=8.420e-01, mass_err=-1.235e-10
step= 51500, t=45.164828, dt=8.815e-04, KE=3.185643e-02, Mt=0.2539, A_K=0.011, Cuv=0.048, P_in=1.377e-03, P_tgt=1.381e-03, A_F=0.181, K_low=0.144, P_drag=-9.157e-04, P_cool=-5.506e-04, WENO=0.061 (x=0.061, y=0.061), ReL2D=132.13, eps_nu=5.664e-04, P_hv=9.753e-06, rho_mean=1.000000, p_mean=0.715387, div_rms=1.210e-01, vort_rms=8.542e-01, mass_err=-1.247e-10
step= 52000, t=45.602592, dt=8.777e-04, KE=3.178635e-02, Mt=0.2535, A_K=0.044, Cuv=0.060, P_in=1.277e-03, P_tgt=1.287e-03, A_F=0.279, K_low=0.141, P_drag=-8.902e-04, P_cool=-5.534e-04, WENO=0.052 (x=0.052, y=0.052), ReL2D=134.52, eps_nu=5.654e-04, P_hv=9.750e-06, rho_mean=1.000000, p_mean=0.715393, div_rms=1.207e-01, vort_rms=8.535e-01, mass_err=-1.259e-10
step= 52500, t=46.033163, dt=8.487e-04, KE=3.170291e-02, Mt=0.2533, A_K=0.065, Cuv=0.043, P_in=1.191e-03, P_tgt=1.204e-03, A_F=0.121, K_low=0.136, P_drag=-8.563e-04, P_cool=-5.552e-04, WENO=0.052 (x=0.052, y=0.052), ReL2D=136.28, eps_nu=5.632e-04, P_hv=1.022e-05, rho_mean=1.000000, p_mean=0.715396, div_rms=1.194e-01, vort_rms=8.520e-01, mass_err=-1.271e-10
step= 53000, t=46.455783, dt=8.456e-04, KE=3.132778e-02, Mt=0.2523, A_K=0.037, Cuv=0.033, P_in=1.144e-03, P_tgt=1.139e-03, A_F=0.058, K_low=0.131, P_drag=-8.139e-04, P_cool=-6.097e-04, WENO=0.052 (x=0.052, y=0.052), ReL2D=134.44, eps_nu=5.580e-04, P_hv=1.054e-05, rho_mean=1.000000, p_mean=0.715505, div_rms=1.169e-01, vort_rms=8.485e-01, mass_err=-1.283e-10
step= 53500, t=46.881796, dt=8.593e-04, KE=3.130390e-02, Mt=0.2520, A_K=0.008, Cuv=0.012, P_in=1.094e-03, P_tgt=1.094e-03, A_F=0.108, K_low=0.125, P_drag=-7.767e-04, P_cool=-5.900e-04, WENO=0.059 (x=0.059, y=0.059), ReL2D=134.15, eps_nu=5.584e-04, P_hv=1.032e-05, rho_mean=1.000000, p_mean=0.715466, div_rms=1.224e-01, vort_rms=8.477e-01, mass_err=-1.295e-10
step= 54000, t=47.318380, dt=8.777e-04, KE=3.145496e-02, Mt=0.2523, A_K=0.034, Cuv=-0.045, P_in=1.047e-03, P_tgt=1.048e-03, A_F=0.020, K_low=0.121, P_drag=-7.627e-04, P_cool=-5.370e-04, WENO=0.070 (x=0.070, y=0.070), ReL2D=135.35, eps_nu=5.554e-04, P_hv=1.015e-05, rho_mean=1.000000, p_mean=0.715360, div_rms=1.178e-01, vort_rms=8.462e-01, mass_err=-1.307e-10
step= 54500, t=47.756671, dt=8.811e-04, KE=3.131783e-02, Mt=0.2514, A_K=0.052, Cuv=-0.103, P_in=1.029e-03, P_tgt=1.008e-03, A_F=0.058, K_low=0.121, P_drag=-7.579e-04, P_cool=-5.412e-04, WENO=0.053 (x=0.053, y=0.053), ReL2D=133.68, eps_nu=5.481e-04, P_hv=1.035e-05, rho_mean=1.000000, p_mean=0.715368, div_rms=1.154e-01, vort_rms=8.409e-01, mass_err=-1.319e-10
step= 55000, t=48.204134, dt=9.068e-04, KE=3.107884e-02, Mt=0.2508, A_K=0.031, Cuv=-0.127, P_in=9.634e-04, P_tgt=9.874e-04, A_F=0.025, K_low=0.119, P_drag=-7.430e-04, P_cool=-5.618e-04, WENO=0.057 (x=0.057, y=0.057), ReL2D=132.93, eps_nu=5.502e-04, P_hv=1.020e-05, rho_mean=1.000000, p_mean=0.715409, div_rms=1.203e-01, vort_rms=8.417e-01, mass_err=-1.331e-10
saved snapshot: results/hit2d/thesis_hit_campaign_v1/grid_Mt025_N256_seed1234/hit2d_step0055000.npz
step= 55500, t=48.654065, dt=8.946e-04, KE=3.092837e-02, Mt=0.2506, A_K=0.009, Cuv=-0.162, P_in=9.836e-04, P_tgt=9.735e-04, A_F=0.100, K_low=0.118, P_drag=-7.266e-04, P_cool=-5.635e-04, WENO=0.055 (x=0.055, y=0.055), ReL2D=134.16, eps_nu=5.540e-04, P_hv=1.037e-05, rho_mean=1.000000, p_mean=0.715413, div_rms=1.189e-01, vort_rms=8.449e-01, mass_err=-1.343e-10
step= 56000, t=49.105056, dt=9.023e-04, KE=3.080698e-02, Mt=0.2496, A_K=0.022, Cuv=-0.177, P_in=9.819e-04, P_tgt=9.700e-04, A_F=0.208, K_low=0.118, P_drag=-7.165e-04, P_cool=-5.604e-04, WENO=0.051 (x=0.051, y=0.051), ReL2D=132.46, eps_nu=5.596e-04, P_hv=1.064e-05, rho_mean=1.000000, p_mean=0.715407, div_rms=1.199e-01, vort_rms=8.491e-01, mass_err=-1.356e-10
step= 56500, t=49.554023, dt=8.915e-04, KE=3.065035e-02, Mt=0.2491, A_K=0.009, Cuv=-0.241, P_in=9.832e-04, P_tgt=9.858e-04, A_F=0.004, K_low=0.118, P_drag=-7.177e-04, P_cool=-5.643e-04, WENO=0.043 (x=0.043, y=0.043), ReL2D=129.88, eps_nu=5.580e-04, P_hv=1.052e-05, rho_mean=1.000000, p_mean=0.715414, div_rms=1.177e-01, vort_rms=8.483e-01, mass_err=-1.368e-10
step= 57000, t=49.994202, dt=8.688e-04, KE=3.054518e-02, Mt=0.2487, A_K=0.009, Cuv=-0.300, P_in=1.009e-03, P_tgt=1.007e-03, A_F=0.339, K_low=0.118, P_drag=-7.186e-04, P_cool=-5.602e-04, WENO=0.070 (x=0.070, y=0.070), ReL2D=129.23, eps_nu=5.560e-04, P_hv=1.093e-05, rho_mean=1.000000, p_mean=0.715406, div_rms=1.205e-01, vort_rms=8.462e-01, mass_err=-1.380e-10
step= 57500, t=50.428602, dt=8.729e-04, KE=3.057304e-02, Mt=0.2482, A_K=0.023, Cuv=-0.317, P_in=1.040e-03, P_tgt=1.041e-03, A_F=0.242, K_low=0.117, P_drag=-7.201e-04, P_cool=-5.336e-04, WENO=0.061 (x=0.061, y=0.061), ReL2D=131.95, eps_nu=5.522e-04, P_hv=1.101e-05, rho_mean=1.000000, p_mean=0.715353, div_rms=1.222e-01, vort_rms=8.429e-01, mass_err=-1.392e-10
step= 58000, t=50.861329, dt=8.558e-04, KE=3.061808e-02, Mt=0.2485, A_K=0.035, Cuv=-0.308, P_in=1.074e-03, P_tgt=1.077e-03, A_F=0.073, K_low=0.119, P_drag=-7.307e-04, P_cool=-5.154e-04, WENO=0.061 (x=0.061, y=0.061), ReL2D=129.50, eps_nu=5.652e-04, P_hv=1.101e-05, rho_mean=1.000000, p_mean=0.715317, div_rms=1.233e-01, vort_rms=8.528e-01, mass_err=-1.404e-10
step= 58500, t=51.287477, dt=8.511e-04, KE=3.036244e-02, Mt=0.2479, A_K=0.027, Cuv=-0.304, P_in=1.107e-03, P_tgt=1.115e-03, A_F=0.088, K_low=0.122, P_drag=-7.352e-04, P_cool=-5.524e-04, WENO=0.048 (x=0.048, y=0.048), ReL2D=128.30, eps_nu=5.644e-04, P_hv=1.136e-05, rho_mean=1.000000, p_mean=0.715390, div_rms=1.252e-01, vort_rms=8.519e-01, mass_err=-1.416e-10
step= 59000, t=51.717245, dt=8.623e-04, KE=2.996453e-02, Mt=0.2472, A_K=0.004, Cuv=-0.284, P_in=1.178e-03, P_tgt=1.172e-03, A_F=0.228, K_low=0.121, P_drag=-7.261e-04, P_cool=-6.169e-04, WENO=0.054 (x=0.054, y=0.054), ReL2D=128.75, eps_nu=5.608e-04, P_hv=1.149e-05, rho_mean=1.000000, p_mean=0.715519, div_rms=1.281e-01, vort_rms=8.484e-01, mass_err=-1.428e-10
step= 59500, t=52.150490, dt=8.712e-04, KE=2.981407e-02, Mt=0.2465, A_K=0.026, Cuv=-0.303, P_in=1.249e-03, P_tgt=1.252e-03, A_F=0.082, K_low=0.120, P_drag=-7.167e-04, P_cool=-6.349e-04, WENO=0.063 (x=0.063, y=0.063), ReL2D=128.11, eps_nu=5.652e-04, P_hv=1.131e-05, rho_mean=1.000000, p_mean=0.715556, div_rms=1.145e-01, vort_rms=8.544e-01, mass_err=-1.440e-10
step= 60000, t=52.586459, dt=8.699e-04, KE=3.011254e-02, Mt=0.2472, A_K=0.033, Cuv=-0.308, P_in=1.343e-03, P_tgt=1.336e-03, A_F=0.238, K_low=0.118, P_drag=-7.124e-04, P_cool=-5.735e-04, WENO=0.071 (x=0.071, y=0.071), ReL2D=128.07, eps_nu=5.713e-04, P_hv=1.111e-05, rho_mean=1.000000, p_mean=0.715433, div_rms=1.202e-01, vort_rms=8.581e-01, mass_err=-1.453e-10
saved snapshot: results/hit2d/thesis_hit_campaign_v1/grid_Mt025_N256_seed1234/hit2d_step0060000.npz
step= 60500, t=53.020401, dt=8.649e-04, KE=3.018682e-02, Mt=0.2473, A_K=0.042, Cuv=-0.313, P_in=1.388e-03, P_tgt=1.412e-03, A_F=0.100, K_low=0.118, P_drag=-7.097e-04, P_cool=-5.675e-04, WENO=0.076 (x=0.076, y=0.076), ReL2D=126.05, eps_nu=5.773e-04, P_hv=1.090e-05, rho_mean=1.000000, p_mean=0.715421, div_rms=1.133e-01, vort_rms=8.639e-01, mass_err=-1.465e-10
step= 61000, t=53.451267, dt=8.640e-04, KE=3.018405e-02, Mt=0.2478, A_K=0.044, Cuv=-0.306, P_in=1.505e-03, P_tgt=1.482e-03, A_F=0.154, K_low=0.116, P_drag=-6.938e-04, P_cool=-5.834e-04, WENO=0.048 (x=0.048, y=0.048), ReL2D=124.31, eps_nu=5.860e-04, P_hv=1.077e-05, rho_mean=1.000000, p_mean=0.715453, div_rms=1.182e-01, vort_rms=8.697e-01, mass_err=-1.477e-10
step= 61500, t=53.886565, dt=8.766e-04, KE=3.017011e-02, Mt=0.2480, A_K=0.051, Cuv=-0.286, P_in=1.540e-03, P_tgt=1.550e-03, A_F=0.060, K_low=0.111, P_drag=-6.618e-04, P_cool=-6.069e-04, WENO=0.058 (x=0.058, y=0.058), ReL2D=124.18, eps_nu=5.851e-04, P_hv=1.101e-05, rho_mean=1.000000, p_mean=0.715500, div_rms=1.168e-01, vort_rms=8.693e-01, mass_err=-1.489e-10
step= 62000, t=54.328238, dt=8.896e-04, KE=3.047037e-02, Mt=0.2489, A_K=0.098, Cuv=-0.254, P_in=1.569e-03, P_tgt=1.598e-03, A_F=0.076, K_low=0.105, P_drag=-6.305e-04, P_cool=-5.770e-04, WENO=0.062 (x=0.062, y=0.062), ReL2D=124.54, eps_nu=5.898e-04, P_hv=1.067e-05, rho_mean=1.000000, p_mean=0.715440, div_rms=1.243e-01, vort_rms=8.715e-01, mass_err=-1.501e-10
step= 62500, t=54.775035, dt=9.013e-04, KE=3.068567e-02, Mt=0.2496, A_K=0.134, Cuv=-0.186, P_in=1.638e-03, P_tgt=1.622e-03, A_F=0.004, K_low=0.098, P_drag=-5.936e-04, P_cool=-5.728e-04, WENO=0.042 (x=0.042, y=0.042), ReL2D=127.17, eps_nu=5.920e-04, P_hv=1.060e-05, rho_mean=1.000000, p_mean=0.715431, div_rms=1.232e-01, vort_rms=8.734e-01, mass_err=-1.513e-10
step= 63000, t=55.230957, dt=9.103e-04, KE=3.057356e-02, Mt=0.2492, A_K=0.154, Cuv=-0.192, P_in=1.645e-03, P_tgt=1.642e-03, A_F=0.004, K_low=0.093, P_drag=-5.626e-04, P_cool=-6.382e-04, WENO=0.042 (x=0.042, y=0.042), ReL2D=127.62, eps_nu=5.911e-04, P_hv=1.042e-05, rho_mean=1.000000, p_mean=0.715562, div_rms=1.274e-01, vort_rms=8.719e-01, mass_err=-1.525e-10
step= 63500, t=55.681884, dt=8.970e-04, KE=3.081310e-02, Mt=0.2506, A_K=0.122, Cuv=-0.196, P_in=1.694e-03, P_tgt=1.655e-03, A_F=0.046, K_low=0.091, P_drag=-5.530e-04, P_cool=-6.308e-04, WENO=0.064 (x=0.064, y=0.064), ReL2D=130.87, eps_nu=5.972e-04, P_hv=1.047e-05, rho_mean=1.000000, p_mean=0.715547, div_rms=1.338e-01, vort_rms=8.752e-01, mass_err=-1.537e-10
step= 64000, t=56.118156, dt=8.575e-04, KE=3.122348e-02, Mt=0.2515, A_K=0.083, Cuv=-0.142, P_in=1.618e-03, P_tgt=1.616e-03, A_F=0.148, K_low=0.087, P_drag=-5.374e-04, P_cool=-5.921e-04, WENO=0.073 (x=0.073, y=0.073), ReL2D=131.48, eps_nu=6.076e-04, P_hv=1.089e-05, rho_mean=1.000000, p_mean=0.715470, div_rms=1.282e-01, vort_rms=8.841e-01, mass_err=-1.549e-10
step= 64500, t=56.545287, dt=8.457e-04, KE=3.135071e-02, Mt=0.2523, A_K=0.059, Cuv=-0.110, P_in=1.557e-03, P_tgt=1.556e-03, A_F=0.136, K_low=0.083, P_drag=-5.168e-04, P_cool=-6.063e-04, WENO=0.054 (x=0.054, y=0.054), ReL2D=129.17, eps_nu=6.110e-04, P_hv=1.174e-05, rho_mean=1.000000, p_mean=0.715498, div_rms=1.340e-01, vort_rms=8.856e-01, mass_err=-1.561e-10
step= 65000, t=56.955582, dt=8.071e-04, KE=3.147936e-02, Mt=0.2531, A_K=0.041, Cuv=-0.077, P_in=1.461e-03, P_tgt=1.477e-03, A_F=0.077, K_low=0.082, P_drag=-5.137e-04, P_cool=-6.129e-04, WENO=0.050 (x=0.050, y=0.050), ReL2D=126.86, eps_nu=6.120e-04, P_hv=1.227e-05, rho_mean=1.000000, p_mean=0.715512, div_rms=1.417e-01, vort_rms=8.847e-01, mass_err=-1.574e-10
saved snapshot: results/hit2d/thesis_hit_campaign_v1/grid_Mt025_N256_seed1234/hit2d_step0065000.npz
step= 65500, t=57.362831, dt=8.247e-04, KE=3.151302e-02, Mt=0.2540, A_K=0.020, Cuv=-0.068, P_in=1.388e-03, P_tgt=1.376e-03, A_F=0.043, K_low=0.086, P_drag=-5.355e-04, P_cool=-6.304e-04, WENO=0.055 (x=0.055, y=0.055), ReL2D=126.80, eps_nu=6.185e-04, P_hv=1.262e-05, rho_mean=1.000000, p_mean=0.715547, div_rms=1.402e-01, vort_rms=8.898e-01, mass_err=-1.586e-10
step= 66000, t=57.781053, dt=8.341e-04, KE=3.135557e-02, Mt=0.2539, A_K=0.027, Cuv=-0.052, P_in=1.273e-03, P_tgt=1.272e-03, A_F=0.297, K_low=0.091, P_drag=-5.560e-04, P_cool=-6.729e-04, WENO=0.047 (x=0.047, y=0.047), ReL2D=126.33, eps_nu=6.172e-04, P_hv=1.217e-05, rho_mean=1.000000, p_mean=0.715632, div_rms=1.439e-01, vort_rms=8.881e-01, mass_err=-1.598e-10
step= 66500, t=58.194522, dt=8.271e-04, KE=3.113838e-02, Mt=0.2533, A_K=0.036, Cuv=-0.005, P_in=1.191e-03, P_tgt=1.188e-03, A_F=0.008, K_low=0.093, P_drag=-5.697e-04, P_cool=-7.138e-04, WENO=0.045 (x=0.045, y=0.045), ReL2D=124.85, eps_nu=6.137e-04, P_hv=1.217e-05, rho_mean=1.000000, p_mean=0.715713, div_rms=1.363e-01, vort_rms=8.871e-01, mass_err=-1.610e-10
step= 67000, t=58.611838, dt=8.373e-04, KE=3.128785e-02, Mt=0.2540, A_K=0.021, Cuv=0.057, P_in=1.093e-03, P_tgt=1.103e-03, A_F=0.184, K_low=0.096, P_drag=-5.961e-04, P_cool=-6.731e-04, WENO=0.051 (x=0.051, y=0.051), ReL2D=122.38, eps_nu=6.187e-04, P_hv=1.211e-05, rho_mean=1.000000, p_mean=0.715632, div_rms=1.419e-01, vort_rms=8.897e-01, mass_err=-1.622e-10
step= 67500, t=59.035273, dt=8.530e-04, KE=3.111453e-02, Mt=0.2526, A_K=0.021, Cuv=0.074, P_in=1.034e-03, P_tgt=1.032e-03, A_F=0.046, K_low=0.102, P_drag=-6.295e-04, P_cool=-6.884e-04, WENO=0.065 (x=0.065, y=0.065), ReL2D=120.69, eps_nu=6.164e-04, P_hv=1.142e-05, rho_mean=1.000000, p_mean=0.715662, div_rms=1.314e-01, vort_rms=8.901e-01, mass_err=-1.634e-10
step= 68000, t=59.462395, dt=8.546e-04, KE=3.097906e-02, Mt=0.2521, A_K=0.063, Cuv=0.072, P_in=9.875e-04, P_tgt=9.865e-04, A_F=0.225, K_low=0.109, P_drag=-6.698e-04, P_cool=-6.873e-04, WENO=0.054 (x=0.054, y=0.054), ReL2D=121.14, eps_nu=6.170e-04, P_hv=1.115e-05, rho_mean=1.000000, p_mean=0.715660, div_rms=1.359e-01, vort_rms=8.896e-01, mass_err=-1.646e-10
step= 68500, t=59.889824, dt=8.533e-04, KE=3.081467e-02, Mt=0.2520, A_K=0.048, Cuv=0.080, P_in=9.586e-04, P_tgt=9.465e-04, A_F=0.005, K_low=0.121, P_drag=-7.313e-04, P_cool=-6.847e-04, WENO=0.042 (x=0.042, y=0.042), ReL2D=120.83, eps_nu=6.131e-04, P_hv=1.118e-05, rho_mean=1.000000, p_mean=0.715655, div_rms=1.382e-01, vort_rms=8.862e-01, mass_err=-1.659e-10
step= 69000, t=60.314234, dt=8.458e-04, KE=3.062300e-02, Mt=0.2515, A_K=0.000, Cuv=0.135, P_in=9.121e-04, P_tgt=9.130e-04, A_F=0.070, K_low=0.135, P_drag=-8.093e-04, P_cool=-6.787e-04, WENO=0.050 (x=0.050, y=0.050), ReL2D=121.18, eps_nu=6.116e-04, P_hv=1.093e-05, rho_mean=1.000000, p_mean=0.715643, div_rms=1.289e-01, vort_rms=8.870e-01, mass_err=-1.671e-10
step= 69500, t=60.739779, dt=8.512e-04, KE=3.062728e-02, Mt=0.2510, A_K=0.011, Cuv=0.164, P_in=8.844e-04, P_tgt=8.905e-04, A_F=0.161, K_low=0.147, P_drag=-8.812e-04, P_cool=-6.266e-04, WENO=0.049 (x=0.049, y=0.049), ReL2D=119.12, eps_nu=6.110e-04, P_hv=1.067e-05, rho_mean=1.000000, p_mean=0.715539, div_rms=1.298e-01, vort_rms=8.863e-01, mass_err=-1.683e-10
step= 70000, t=61.163354, dt=8.439e-04, KE=3.044258e-02, Mt=0.2495, A_K=0.039, Cuv=0.157, P_in=8.809e-04, P_tgt=8.852e-04, A_F=0.166, K_low=0.158, P_drag=-9.418e-04, P_cool=-6.091e-04, WENO=0.055 (x=0.055, y=0.055), ReL2D=119.24, eps_nu=6.057e-04, P_hv=1.069e-05, rho_mean=1.000000, p_mean=0.715504, div_rms=1.202e-01, vort_rms=8.842e-01, mass_err=-1.695e-10
saved snapshot: results/hit2d/thesis_hit_campaign_v1/grid_Mt025_N256_seed1234/hit2d_step0070000.npz
step= 70500, t=61.582554, dt=8.338e-04, KE=3.019871e-02, Mt=0.2484, A_K=0.055, Cuv=0.146, P_in=9.101e-04, P_tgt=9.052e-04, A_F=0.083, K_low=0.168, P_drag=-9.961e-04, P_cool=-6.009e-04, WENO=0.062 (x=0.062, y=0.062), ReL2D=120.42, eps_nu=5.977e-04, P_hv=1.092e-05, rho_mean=1.000000, p_mean=0.715487, div_rms=1.178e-01, vort_rms=8.786e-01, mass_err=-1.707e-10
step= 71000, t=61.997595, dt=8.231e-04, KE=2.987676e-02, Mt=0.2473, A_K=0.073, Cuv=0.149, P_in=1.057e-03, P_tgt=9.443e-04, A_F=0.151, K_low=0.179, P_drag=-1.052e-03, P_cool=-6.072e-04, WENO=0.064 (x=0.064, y=0.064), ReL2D=121.04, eps_nu=5.922e-04, P_hv=1.110e-05, rho_mean=1.000000, p_mean=0.715500, div_rms=1.166e-01, vort_rms=8.747e-01, mass_err=-1.720e-10
step= 71500, t=62.405921, dt=8.142e-04, KE=2.962504e-02, Mt=0.2460, A_K=0.089, Cuv=0.133, P_in=1.010e-03, P_tgt=1.012e-03, A_F=0.207, K_low=0.190, P_drag=-1.112e-03, P_cool=-5.994e-04, WENO=0.053 (x=0.053, y=0.053), ReL2D=119.45, eps_nu=5.900e-04, P_hv=1.117e-05, rho_mean=1.000000, p_mean=0.715485, div_rms=1.205e-01, vort_rms=8.723e-01, mass_err=-1.732e-10
step= 72000, t=62.818968, dt=8.436e-04, KE=2.931263e-02, Mt=0.2452, A_K=0.106, Cuv=0.097, P_in=1.107e-03, P_tgt=1.107e-03, A_F=0.032, K_low=0.202, P_drag=-1.158e-03, P_cool=-6.063e-04, WENO=0.042 (x=0.042, y=0.042), ReL2D=119.56, eps_nu=5.922e-04, P_hv=1.122e-05, rho_mean=1.000000, p_mean=0.715498, div_rms=1.233e-01, vort_rms=8.735e-01, mass_err=-1.744e-10
step= 72500, t=63.247777, dt=8.644e-04, KE=2.868652e-02, Mt=0.2431, A_K=0.102, Cuv=0.076, P_in=1.264e-03, P_tgt=1.248e-03, A_F=0.131, K_low=0.213, P_drag=-1.184e-03, P_cool=-6.765e-04, WENO=0.053 (x=0.053, y=0.053), ReL2D=119.17, eps_nu=5.842e-04, P_hv=1.134e-05, rho_mean=1.000000, p_mean=0.715639, div_rms=1.124e-01, vort_rms=8.694e-01, mass_err=-1.756e-10
step= 73000, t=63.683963, dt=8.779e-04, KE=2.853214e-02, Mt=0.2421, A_K=0.091, Cuv=0.054, P_in=1.480e-03, P_tgt=1.462e-03, A_F=0.041, K_low=0.215, P_drag=-1.196e-03, P_cool=-6.623e-04, WENO=0.064 (x=0.064, y=0.064), ReL2D=117.46, eps_nu=5.803e-04, P_hv=1.107e-05, rho_mean=1.000000, p_mean=0.715610, div_rms=1.147e-01, vort_rms=8.660e-01, mass_err=-1.768e-10
step= 73500, t=64.125616, dt=8.833e-04, KE=2.872958e-02, Mt=0.2426, A_K=0.113, Cuv=0.028, P_in=1.725e-03, P_tgt=1.717e-03, A_F=0.146, K_low=0.214, P_drag=-1.201e-03, P_cool=-6.017e-04, WENO=0.065 (x=0.065, y=0.065), ReL2D=119.23, eps_nu=5.852e-04, P_hv=1.098e-05, rho_mean=1.000000, p_mean=0.715489, div_rms=1.155e-01, vort_rms=8.696e-01, mass_err=-1.780e-10
step= 74000, t=64.566299, dt=8.769e-04, KE=2.897934e-02, Mt=0.2435, A_K=0.163, Cuv=0.009, P_in=1.980e-03, P_tgt=1.984e-03, A_F=0.171, K_low=0.206, P_drag=-1.173e-03, P_cool=-5.588e-04, WENO=0.068 (x=0.068, y=0.068), ReL2D=121.89, eps_nu=5.936e-04, P_hv=1.134e-05, rho_mean=1.000000, p_mean=0.715403, div_rms=1.181e-01, vort_rms=8.755e-01, mass_err=-1.792e-10
step= 74500, t=65.003832, dt=8.785e-04, KE=2.905915e-02, Mt=0.2435, A_K=0.190, Cuv=0.017, P_in=2.258e-03, P_tgt=2.272e-03, A_F=0.267, K_low=0.194, P_drag=-1.115e-03, P_cool=-5.796e-04, WENO=0.053 (x=0.053, y=0.053), ReL2D=123.47, eps_nu=5.956e-04, P_hv=1.163e-05, rho_mean=1.000000, p_mean=0.715445, div_rms=1.131e-01, vort_rms=8.779e-01, mass_err=-1.805e-10
warning: flow component anisotropy has increased over the last three diagnostic samples
step= 75000, t=65.441368, dt=8.722e-04, KE=2.925142e-02, Mt=0.2448, A_K=0.203, Cuv=0.025, P_in=2.585e-03, P_tgt=2.571e-03, A_F=0.271, K_low=0.186, P_drag=-1.071e-03, P_cool=-6.058e-04, WENO=0.043 (x=0.043, y=0.043), ReL2D=123.66, eps_nu=6.045e-04, P_hv=1.199e-05, rho_mean=1.000000, p_mean=0.715497, div_rms=1.160e-01, vort_rms=8.840e-01, mass_err=-1.817e-10
saved snapshot: results/hit2d/thesis_hit_campaign_v1/grid_Mt025_N256_seed1234/hit2d_step0075000.npz
step= 75500, t=65.883706, dt=8.972e-04, KE=2.962387e-02, Mt=0.2463, A_K=0.186, Cuv=0.029, P_in=2.825e-03, P_tgt=2.816e-03, A_F=0.064, K_low=0.174, P_drag=-1.014e-03, P_cool=-6.236e-04, WENO=0.057 (x=0.057, y=0.057), ReL2D=126.68, eps_nu=6.230e-04, P_hv=1.202e-05, rho_mean=1.000000, p_mean=0.715533, div_rms=1.166e-01, vort_rms=8.977e-01, mass_err=-1.829e-10
step= 76000, t=66.329009, dt=8.789e-04, KE=3.014160e-02, Mt=0.2482, A_K=0.150, Cuv=0.050, P_in=2.990e-03, P_tgt=2.987e-03, A_F=0.098, K_low=0.160, P_drag=-9.491e-04, P_cool=-6.356e-04, WENO=0.079 (x=0.079, y=0.079), ReL2D=127.37, eps_nu=6.360e-04, P_hv=1.214e-05, rho_mean=1.000000, p_mean=0.715557, div_rms=1.086e-01, vort_rms=9.086e-01, mass_err=-1.841e-10
step= 76500, t=66.764332, dt=8.700e-04, KE=3.094085e-02, Mt=0.2516, A_K=0.168, Cuv=0.075, P_in=2.970e-03, P_tgt=2.990e-03, A_F=0.080, K_low=0.145, P_drag=-8.873e-04, P_cool=-6.040e-04, WENO=0.044 (x=0.044, y=0.044), ReL2D=127.60, eps_nu=6.507e-04, P_hv=1.266e-05, rho_mean=1.000000, p_mean=0.715494, div_rms=1.228e-01, vort_rms=9.168e-01, mass_err=-1.853e-10
warning: flow component anisotropy has increased over the last three diagnostic samples
step= 77000, t=67.200659, dt=8.708e-04, KE=3.141190e-02, Mt=0.2532, A_K=0.209, Cuv=0.062, P_in=2.818e-03, P_tgt=2.842e-03, A_F=0.139, K_low=0.126, P_drag=-7.915e-04, P_cool=-6.374e-04, WENO=0.052 (x=0.052, y=0.052), ReL2D=128.42, eps_nu=6.604e-04, P_hv=1.256e-05, rho_mean=1.000000, p_mean=0.715560, div_rms=1.209e-01, vort_rms=9.241e-01, mass_err=-1.865e-10
warning: flow component anisotropy has increased over the last three diagnostic samples
step= 77500, t=67.637194, dt=8.763e-04, KE=3.199419e-02, Mt=0.2546, A_K=0.240, Cuv=0.056, P_in=2.659e-03, P_tgt=2.644e-03, A_F=0.130, K_low=0.110, P_drag=-7.059e-04, P_cool=-6.395e-04, WENO=0.064 (x=0.064, y=0.064), ReL2D=127.44, eps_nu=6.747e-04, P_hv=1.238e-05, rho_mean=1.000000, p_mean=0.715565, div_rms=1.161e-01, vort_rms=9.351e-01, mass_err=-1.877e-10
step= 78000, t=68.068763, dt=8.493e-04, KE=3.270320e-02, Mt=0.2574, A_K=0.240, Cuv=0.007, P_in=2.271e-03, P_tgt=2.351e-03, A_F=0.063, K_low=0.103, P_drag=-6.718e-04, P_cool=-6.022e-04, WENO=0.065 (x=0.065, y=0.065), ReL2D=126.03, eps_nu=6.969e-04, P_hv=1.275e-05, rho_mean=1.000000, p_mean=0.715490, div_rms=1.213e-01, vort_rms=9.498e-01, mass_err=-1.890e-10
step= 78500, t=68.491740, dt=8.449e-04, KE=3.309244e-02, Mt=0.2588, A_K=0.251, Cuv=-0.033, P_in=1.997e-03, P_tgt=2.013e-03, A_F=0.004, K_low=0.098, P_drag=-6.478e-04, P_cool=-6.023e-04, WENO=0.067 (x=0.067, y=0.067), ReL2D=126.17, eps_nu=7.006e-04, P_hv=1.324e-05, rho_mean=1.000000, p_mean=0.715490, div_rms=1.180e-01, vort_rms=9.529e-01, mass_err=-1.902e-10
warning: flow component anisotropy has increased over the last three diagnostic samples
step= 79000, t=68.912062, dt=8.396e-04, KE=3.333793e-02, Mt=0.2600, A_K=0.267, Cuv=-0.016, P_in=1.674e-03, P_tgt=1.682e-03, A_F=0.224, K_low=0.092, P_drag=-6.099e-04, P_cool=-6.050e-04, WENO=0.060 (x=0.060, y=0.060), ReL2D=128.65, eps_nu=7.008e-04, P_hv=1.324e-05, rho_mean=1.000000, p_mean=0.715496, div_rms=1.244e-01, vort_rms=9.520e-01, mass_err=-1.914e-10
warning: flow component anisotropy has increased over the last three diagnostic samples
step= 79500, t=69.333285, dt=8.471e-04, KE=3.329481e-02, Mt=0.2595, A_K=0.277, Cuv=-0.007, P_in=1.415e-03, P_tgt=1.397e-03, A_F=0.047, K_low=0.088, P_drag=-5.866e-04, P_cool=-6.403e-04, WENO=0.055 (x=0.055, y=0.055), ReL2D=130.88, eps_nu=6.958e-04, P_hv=1.285e-05, rho_mean=1.000000, p_mean=0.715566, div_rms=1.200e-01, vort_rms=9.492e-01, mass_err=-1.926e-10
warning: flow component anisotropy has increased over the last three diagnostic samples
step= 80000, t=69.756937, dt=8.409e-04, KE=3.344283e-02, Mt=0.2600, A_K=0.277, Cuv=-0.014, P_in=1.164e-03, P_tgt=1.163e-03, A_F=0.025, K_low=0.090, P_drag=-5.959e-04, P_cool=-6.157e-04, WENO=0.057 (x=0.057, y=0.057), ReL2D=132.44, eps_nu=6.931e-04, P_hv=1.309e-05, rho_mean=1.000000, p_mean=0.715517, div_rms=1.264e-01, vort_rms=9.462e-01, mass_err=-1.938e-10
saved snapshot: results/hit2d/thesis_hit_campaign_v1/grid_Mt025_N256_seed1234/hit2d_step0080000.npz
warning: flow component anisotropy has increased over the last three diagnostic samples
step= 80500, t=70.173448, dt=8.325e-04, KE=3.341485e-02, Mt=0.2603, A_K=0.284, Cuv=-0.036, P_in=9.659e-04, P_tgt=9.591e-04, A_F=0.166, K_low=0.093, P_drag=-6.078e-04, P_cool=-6.086e-04, WENO=0.068 (x=0.068, y=0.068), ReL2D=134.12, eps_nu=6.825e-04, P_hv=1.329e-05, rho_mean=1.000000, p_mean=0.715503, div_rms=1.220e-01, vort_rms=9.396e-01, mass_err=-1.950e-10
step= 81000, t=70.593654, dt=8.486e-04, KE=3.316723e-02, Mt=0.2595, A_K=0.256, Cuv=-0.039, P_in=7.971e-04, P_tgt=7.944e-04, A_F=0.187, K_low=0.092, P_drag=-6.029e-04, P_cool=-6.289e-04, WENO=0.063 (x=0.063, y=0.063), ReL2D=135.21, eps_nu=6.701e-04, P_hv=1.310e-05, rho_mean=1.000000, p_mean=0.715543, div_rms=1.174e-01, vort_rms=9.316e-01, mass_err=-1.962e-10
step= 81500, t=71.018533, dt=8.511e-04, KE=3.291827e-02, Mt=0.2582, A_K=0.219, Cuv=-0.023, P_in=6.666e-04, P_tgt=6.705e-04, A_F=0.046, K_low=0.092, P_drag=-6.022e-04, P_cool=-6.366e-04, WENO=0.061 (x=0.061, y=0.061), ReL2D=135.33, eps_nu=6.614e-04, P_hv=1.290e-05, rho_mean=1.000000, p_mean=0.715559, div_rms=1.223e-01, vort_rms=9.246e-01, mass_err=-1.974e-10
step= 82000, t=71.446742, dt=8.624e-04, KE=3.263499e-02, Mt=0.2570, A_K=0.204, Cuv=-0.002, P_in=5.894e-04, P_tgt=5.802e-04, A_F=0.028, K_low=0.096, P_drag=-6.219e-04, P_cool=-6.402e-04, WENO=0.068 (x=0.068, y=0.068), ReL2D=134.68, eps_nu=6.588e-04, P_hv=1.230e-05, rho_mean=1.000000, p_mean=0.715566, div_rms=1.209e-01, vort_rms=9.229e-01, mass_err=-1.987e-10
step= 82500, t=71.881076, dt=8.690e-04, KE=3.225382e-02, Mt=0.2555, A_K=0.155, Cuv=-0.020, P_in=5.187e-04, P_tgt=5.131e-04, A_F=0.024, K_low=0.101, P_drag=-6.448e-04, P_cool=-6.527e-04, WENO=0.056 (x=0.056, y=0.056), ReL2D=133.12, eps_nu=6.499e-04, P_hv=1.249e-05, rho_mean=1.000000, p_mean=0.715591, div_rms=1.179e-01, vort_rms=9.171e-01, mass_err=-1.999e-10
step= 83000, t=72.314630, dt=8.663e-04, KE=3.196282e-02, Mt=0.2542, A_K=0.067, Cuv=-0.054, P_in=4.668e-04, P_tgt=4.677e-04, A_F=0.210, K_low=0.105, P_drag=-6.582e-04, P_cool=-6.477e-04, WENO=0.043 (x=0.043, y=0.043), ReL2D=132.01, eps_nu=6.424e-04, P_hv=1.312e-05, rho_mean=1.000000, p_mean=0.715581, div_rms=1.235e-01, vort_rms=9.106e-01, mass_err=-2.011e-10
step= 83500, t=72.749788, dt=8.736e-04, KE=3.175158e-02, Mt=0.2535, A_K=0.002, Cuv=-0.058, P_in=4.327e-04, P_tgt=4.337e-04, A_F=0.138, K_low=0.106, P_drag=-6.646e-04, P_cool=-6.164e-04, WENO=0.047 (x=0.047, y=0.047), ReL2D=133.68, eps_nu=6.290e-04, P_hv=1.324e-05, rho_mean=1.000000, p_mean=0.715518, div_rms=1.189e-01, vort_rms=9.017e-01, mass_err=-2.023e-10
step= 84000, t=73.184689, dt=8.668e-04, KE=3.155907e-02, Mt=0.2520, A_K=0.039, Cuv=-0.057, P_in=4.063e-04, P_tgt=4.100e-04, A_F=0.058, K_low=0.106, P_drag=-6.705e-04, P_cool=-5.815e-04, WENO=0.061 (x=0.061, y=0.061), ReL2D=133.09, eps_nu=6.164e-04, P_hv=1.258e-05, rho_mean=1.000000, p_mean=0.715449, div_rms=1.180e-01, vort_rms=8.925e-01, mass_err=-2.035e-10
step= 84500, t=73.619543, dt=8.698e-04, KE=3.111599e-02, Mt=0.2500, A_K=0.074, Cuv=-0.071, P_in=4.048e-04, P_tgt=4.018e-04, A_F=0.120, K_low=0.109, P_drag=-6.816e-04, P_cool=-5.961e-04, WENO=0.050 (x=0.050, y=0.050), ReL2D=133.00, eps_nu=6.055e-04, P_hv=1.270e-05, rho_mean=1.000000, p_mean=0.715478, div_rms=1.175e-01, vort_rms=8.845e-01, mass_err=-2.047e-10
step= 85000, t=74.052537, dt=8.623e-04, KE=3.054591e-02, Mt=0.2483, A_K=0.126, Cuv=-0.067, P_in=4.085e-04, P_tgt=4.086e-04, A_F=0.166, K_low=0.115, P_drag=-6.959e-04, P_cool=-6.324e-04, WENO=0.050 (x=0.050, y=0.050), ReL2D=132.80, eps_nu=5.926e-04, P_hv=1.332e-05, rho_mean=1.000000, p_mean=0.715551, div_rms=1.157e-01, vort_rms=8.752e-01, mass_err=-2.059e-10
saved snapshot: results/hit2d/thesis_hit_campaign_v1/grid_Mt025_N256_seed1234/hit2d_step0085000.npz
step= 85500, t=74.483942, dt=8.681e-04, KE=3.012447e-02, Mt=0.2468, A_K=0.161, Cuv=-0.086, P_in=4.439e-04, P_tgt=4.305e-04, A_F=0.019, K_low=0.118, P_drag=-7.054e-04, P_cool=-6.368e-04, WENO=0.044 (x=0.044, y=0.044), ReL2D=131.77, eps_nu=5.795e-04, P_hv=1.350e-05, rho_mean=1.000000, p_mean=0.715559, div_rms=1.081e-01, vort_rms=8.666e-01, mass_err=-2.071e-10
warning: flow component anisotropy has increased over the last three diagnostic samples
step= 86000, t=74.919738, dt=8.695e-04, KE=2.980880e-02, Mt=0.2450, A_K=0.201, Cuv=-0.130, P_in=4.694e-04, P_tgt=4.672e-04, A_F=0.096, K_low=0.120, P_drag=-7.126e-04, P_cool=-6.228e-04, WENO=0.051 (x=0.051, y=0.051), ReL2D=131.48, eps_nu=5.659e-04, P_hv=1.320e-05, rho_mean=1.000000, p_mean=0.715531, div_rms=1.140e-01, vort_rms=8.551e-01, mass_err=-2.083e-10
warning: flow component anisotropy has increased over the last three diagnostic samples
step= 86500, t=75.352962, dt=8.668e-04, KE=2.943160e-02, Mt=0.2436, A_K=0.234, Cuv=-0.160, P_in=5.272e-04, P_tgt=5.271e-04, A_F=0.079, K_low=0.124, P_drag=-7.221e-04, P_cool=-6.245e-04, WENO=0.046 (x=0.046, y=0.046), ReL2D=131.94, eps_nu=5.531e-04, P_hv=1.289e-05, rho_mean=1.000000, p_mean=0.715535, div_rms=1.057e-01, vort_rms=8.466e-01, mass_err=-2.095e-10
warning: flow component anisotropy has increased over the last three diagnostic samples
step= 87000, t=75.786572, dt=8.642e-04, KE=2.916994e-02, Mt=0.2427, A_K=0.252, Cuv=-0.162, P_in=6.079e-04, P_tgt=6.058e-04, A_F=0.024, K_low=0.128, P_drag=-7.305e-04, P_cool=-6.099e-04, WENO=0.054 (x=0.054, y=0.054), ReL2D=132.85, eps_nu=5.415e-04, P_hv=1.303e-05, rho_mean=1.000000, p_mean=0.715505, div_rms=1.074e-01, vort_rms=8.371e-01, mass_err=-2.107e-10
step= 87500, t=76.216815, dt=8.653e-04, KE=2.877588e-02, Mt=0.2412, A_K=0.240, Cuv=-0.174, P_in=7.423e-04, P_tgt=7.194e-04, A_F=0.243, K_low=0.132, P_drag=-7.386e-04, P_cool=-6.305e-04, WENO=0.057 (x=0.057, y=0.057), ReL2D=131.87, eps_nu=5.299e-04, P_hv=1.261e-05, rho_mean=1.000000, p_mean=0.715547, div_rms=1.128e-01, vort_rms=8.270e-01, mass_err=-2.119e-10
step= 88000, t=76.653802, dt=8.739e-04, KE=2.847930e-02, Mt=0.2405, A_K=0.226, Cuv=-0.173, P_in=8.867e-04, P_tgt=8.732e-04, A_F=0.025, K_low=0.133, P_drag=-7.356e-04, P_cool=-6.391e-04, WENO=0.066 (x=0.066, y=0.066), ReL2D=133.23, eps_nu=5.171e-04, P_hv=1.177e-05, rho_mean=1.000000, p_mean=0.715564, div_rms=1.107e-01, vort_rms=8.171e-01, mass_err=-2.132e-10
step= 88500, t=77.088780, dt=8.699e-04, KE=2.846329e-02, Mt=0.2399, A_K=0.204, Cuv=-0.196, P_in=1.068e-03, P_tgt=1.074e-03, A_F=0.058, K_low=0.130, P_drag=-7.318e-04, P_cool=-6.085e-04, WENO=0.052 (x=0.052, y=0.052), ReL2D=132.92, eps_nu=5.100e-04, P_hv=1.155e-05, rho_mean=1.000000, p_mean=0.715503, div_rms=1.141e-01, vort_rms=8.106e-01, mass_err=-2.144e-10
step= 89000, t=77.524210, dt=8.759e-04, KE=2.849623e-02, Mt=0.2397, A_K=0.195, Cuv=-0.196, P_in=1.339e-03, P_tgt=1.338e-03, A_F=0.071, K_low=0.133, P_drag=-7.460e-04, P_cool=-5.903e-04, WENO=0.046 (x=0.046, y=0.046), ReL2D=132.23, eps_nu=5.038e-04, P_hv=1.118e-05, rho_mean=1.000000, p_mean=0.715466, div_rms=1.084e-01, vort_rms=8.067e-01, mass_err=-2.156e-10
step= 89500, t=77.967767, dt=8.947e-04, KE=2.860952e-02, Mt=0.2409, A_K=0.206, Cuv=-0.190, P_in=1.614e-03, P_tgt=1.642e-03, A_F=0.036, K_low=0.135, P_drag=-7.634e-04, P_cool=-5.814e-04, WENO=0.066 (x=0.066, y=0.066), ReL2D=133.29, eps_nu=5.033e-04, P_hv=1.057e-05, rho_mean=1.000000, p_mean=0.715449, div_rms=1.128e-01, vort_rms=8.054e-01, mass_err=-2.168e-10
step= 90000, t=78.416878, dt=8.949e-04, KE=2.874565e-02, Mt=0.2416, A_K=0.184, Cuv=-0.161, P_in=1.983e-03, P_tgt=1.972e-03, A_F=0.125, K_low=0.135, P_drag=-7.647e-04, P_cool=-5.949e-04, WENO=0.052 (x=0.052, y=0.052), ReL2D=131.57, eps_nu=5.063e-04, P_hv=1.000e-05, rho_mean=1.000000, p_mean=0.715476, div_rms=1.177e-01, vort_rms=8.069e-01, mass_err=-2.180e-10
saved snapshot: results/hit2d/thesis_hit_campaign_v1/grid_Mt025_N256_seed1234/hit2d_step0090000.npz
step= 90500, t=78.863868, dt=8.968e-04, KE=2.907191e-02, Mt=0.2425, A_K=0.179, Cuv=-0.147, P_in=2.354e-03, P_tgt=2.337e-03, A_F=0.146, K_low=0.131, P_drag=-7.511e-04, P_cool=-6.009e-04, WENO=0.045 (x=0.045, y=0.045), ReL2D=132.55, eps_nu=5.037e-04, P_hv=9.526e-06, rho_mean=1.000000, p_mean=0.715487, div_rms=1.126e-01, vort_rms=8.058e-01, mass_err=-2.192e-10
step= 91000, t=79.311492, dt=8.909e-04, KE=2.968335e-02, Mt=0.2452, A_K=0.166, Cuv=-0.138, P_in=2.661e-03, P_tgt=2.655e-03, A_F=0.032, K_low=0.125, P_drag=-7.316e-04, P_cool=-5.839e-04, WENO=0.068 (x=0.068, y=0.068), ReL2D=135.93, eps_nu=5.042e-04, P_hv=9.285e-06, rho_mean=1.000000, p_mean=0.715453, div_rms=1.056e-01, vort_rms=8.074e-01, mass_err=-2.204e-10
step= 91500, t=79.755105, dt=8.839e-04, KE=3.041140e-02, Mt=0.2478, A_K=0.160, Cuv=-0.140, P_in=2.846e-03, P_tgt=2.850e-03, A_F=0.036, K_low=0.117, P_drag=-7.091e-04, P_cool=-5.684e-04, WENO=0.065 (x=0.065, y=0.065), ReL2D=137.25, eps_nu=5.187e-04, P_hv=9.088e-06, rho_mean=1.000000, p_mean=0.715423, div_rms=1.118e-01, vort_rms=8.182e-01, mass_err=-2.216e-10
step= 92000, t=80.200716, dt=8.980e-04, KE=3.115163e-02, Mt=0.2508, A_K=0.140, Cuv=-0.154, P_in=2.886e-03, P_tgt=2.896e-03, A_F=0.157, K_low=0.111, P_drag=-6.927e-04, P_cool=-5.653e-04, WENO=0.053 (x=0.053, y=0.053), ReL2D=135.23, eps_nu=5.393e-04, P_hv=9.222e-06, rho_mean=1.000000, p_mean=0.715416, div_rms=1.152e-01, vort_rms=8.340e-01, mass_err=-2.228e-10
step= 92500, t=80.648550, dt=8.995e-04, KE=3.188534e-02, Mt=0.2539, A_K=0.123, Cuv=-0.161, P_in=2.738e-03, P_tgt=2.757e-03, A_F=0.015, K_low=0.106, P_drag=-6.749e-04, P_cool=-5.613e-04, WENO=0.066 (x=0.066, y=0.066), ReL2D=133.43, eps_nu=5.609e-04, P_hv=9.291e-06, rho_mean=1.000000, p_mean=0.715408, div_rms=1.110e-01, vort_rms=8.517e-01, mass_err=-2.240e-10
step= 93000, t=81.095545, dt=8.761e-04, KE=3.249157e-02, Mt=0.2555, A_K=0.114, Cuv=-0.156, P_in=2.524e-03, P_tgt=2.509e-03, A_F=0.380, K_low=0.099, P_drag=-6.508e-04, P_cool=-5.671e-04, WENO=0.056 (x=0.056, y=0.056), ReL2D=132.73, eps_nu=5.815e-04, P_hv=9.232e-06, rho_mean=1.000000, p_mean=0.715420, div_rms=1.170e-01, vort_rms=8.665e-01, mass_err=-2.252e-10
step= 93500, t=81.530839, dt=8.672e-04, KE=3.289805e-02, Mt=0.2577, A_K=0.101, Cuv=-0.137, P_in=2.222e-03, P_tgt=2.217e-03, A_F=0.089, K_low=0.097, P_drag=-6.413e-04, P_cool=-5.855e-04, WENO=0.056 (x=0.056, y=0.056), ReL2D=133.93, eps_nu=5.965e-04, P_hv=9.867e-06, rho_mean=1.000000, p_mean=0.715457, div_rms=1.189e-01, vort_rms=8.775e-01, mass_err=-2.265e-10
step= 94000, t=81.959702, dt=8.524e-04, KE=3.319846e-02, Mt=0.2593, A_K=0.100, Cuv=-0.124, P_in=1.891e-03, P_tgt=1.882e-03, A_F=0.118, K_low=0.098, P_drag=-6.465e-04, P_cool=-5.960e-04, WENO=0.067 (x=0.067, y=0.067), ReL2D=134.82, eps_nu=6.090e-04, P_hv=9.848e-06, rho_mean=1.000000, p_mean=0.715478, div_rms=1.165e-01, vort_rms=8.874e-01, mass_err=-2.277e-10
step= 94500, t=82.388791, dt=8.634e-04, KE=3.332941e-02, Mt=0.2598, A_K=0.084, Cuv=-0.113, P_in=1.549e-03, P_tgt=1.571e-03, A_F=0.088, K_low=0.100, P_drag=-6.580e-04, P_cool=-6.098e-04, WENO=0.053 (x=0.053, y=0.053), ReL2D=134.92, eps_nu=6.181e-04, P_hv=9.845e-06, rho_mean=1.000000, p_mean=0.715505, div_rms=1.133e-01, vort_rms=8.947e-01, mass_err=-2.289e-10
step= 95000, t=82.822588, dt=8.736e-04, KE=3.338967e-02, Mt=0.2599, A_K=0.005, Cuv=-0.075, P_in=1.288e-03, P_tgt=1.304e-03, A_F=0.139, K_low=0.103, P_drag=-6.824e-04, P_cool=-6.114e-04, WENO=0.052 (x=0.052, y=0.052), ReL2D=135.37, eps_nu=6.212e-04, P_hv=1.034e-05, rho_mean=1.000000, p_mean=0.715508, div_rms=1.160e-01, vort_rms=8.965e-01, mass_err=-2.301e-10
saved snapshot: results/hit2d/thesis_hit_campaign_v1/grid_Mt025_N256_seed1234/hit2d_step0095000.npz
step= 95500, t=83.263020, dt=8.915e-04, KE=3.344680e-02, Mt=0.2598, A_K=0.041, Cuv=-0.030, P_in=1.076e-03, P_tgt=1.081e-03, A_F=0.168, K_low=0.109, P_drag=-7.258e-04, P_cool=-5.905e-04, WENO=0.071 (x=0.071, y=0.071), ReL2D=134.91, eps_nu=6.247e-04, P_hv=1.057e-05, rho_mean=1.000000, p_mean=0.715467, div_rms=1.170e-01, vort_rms=8.989e-01, mass_err=-2.313e-10
step= 96000, t=83.708971, dt=8.959e-04, KE=3.327614e-02, Mt=0.2589, A_K=0.015, Cuv=-0.031, P_in=9.122e-04, P_tgt=9.045e-04, A_F=0.003, K_low=0.113, P_drag=-7.551e-04, P_cool=-5.940e-04, WENO=0.059 (x=0.059, y=0.059), ReL2D=135.68, eps_nu=6.198e-04, P_hv=1.067e-05, rho_mean=1.000000, p_mean=0.715474, div_rms=1.112e-01, vort_rms=8.963e-01, mass_err=-2.325e-10
step= 96500, t=84.160544, dt=9.094e-04, KE=3.292598e-02, Mt=0.2576, A_K=0.013, Cuv=-0.030, P_in=7.750e-04, P_tgt=7.721e-04, A_F=0.226, K_low=0.117, P_drag=-7.732e-04, P_cool=-6.157e-04, WENO=0.067 (x=0.067, y=0.067), ReL2D=134.66, eps_nu=6.127e-04, P_hv=1.099e-05, rho_mean=1.000000, p_mean=0.715517, div_rms=1.135e-01, vort_rms=8.906e-01, mass_err=-2.337e-10
step= 97000, t=84.615181, dt=9.085e-04, KE=3.257415e-02, Mt=0.2566, A_K=0.059, Cuv=0.003, P_in=6.723e-04, P_tgt=6.741e-04, A_F=0.181, K_low=0.123, P_drag=-7.973e-04, P_cool=-6.240e-04, WENO=0.058 (x=0.058, y=0.058), ReL2D=137.67, eps_nu=6.021e-04, P_hv=1.124e-05, rho_mean=1.000000, p_mean=0.715534, div_rms=1.151e-01, vort_rms=8.824e-01, mass_err=-2.349e-10
step= 97500, t=85.071123, dt=9.183e-04, KE=3.228330e-02, Mt=0.2556, A_K=0.125, Cuv=0.045, P_in=5.892e-04, P_tgt=5.987e-04, A_F=0.063, K_low=0.129, P_drag=-8.249e-04, P_cool=-6.096e-04, WENO=0.066 (x=0.066, y=0.066), ReL2D=139.82, eps_nu=5.893e-04, P_hv=1.121e-05, rho_mean=1.000000, p_mean=0.715505, div_rms=1.125e-01, vort_rms=8.732e-01, mass_err=-2.361e-10
step= 98000, t=85.529629, dt=9.087e-04, KE=3.201804e-02, Mt=0.2543, A_K=0.166, Cuv=0.033, P_in=5.110e-04, P_tgt=5.424e-04, A_F=0.152, K_low=0.132, P_drag=-8.388e-04, P_cool=-5.859e-04, WENO=0.073 (x=0.073, y=0.073), ReL2D=141.19, eps_nu=5.755e-04, P_hv=1.106e-05, rho_mean=1.000000, p_mean=0.715458, div_rms=1.138e-01, vort_rms=8.625e-01, mass_err=-2.374e-10
warning: flow component anisotropy has increased over the last three diagnostic samples
step= 98500, t=85.981585, dt=9.063e-04, KE=3.161772e-02, Mt=0.2530, A_K=0.206, Cuv=0.010, P_in=5.106e-04, P_tgt=5.041e-04, A_F=0.107, K_low=0.132, P_drag=-8.320e-04, P_cool=-5.954e-04, WENO=0.076 (x=0.076, y=0.076), ReL2D=145.00, eps_nu=5.690e-04, P_hv=1.079e-05, rho_mean=1.000000, p_mean=0.715476, div_rms=1.186e-01, vort_rms=8.566e-01, mass_err=-2.386e-10
warning: flow component anisotropy has increased over the last three diagnostic samples
step= 99000, t=86.428567, dt=8.817e-04, KE=3.113054e-02, Mt=0.2514, A_K=0.226, Cuv=0.008, P_in=4.744e-04, P_tgt=4.823e-04, A_F=0.015, K_low=0.130, P_drag=-8.113e-04, P_cool=-6.097e-04, WENO=0.066 (x=0.066, y=0.066), ReL2D=145.17, eps_nu=5.600e-04, P_hv=1.154e-05, rho_mean=1.000000, p_mean=0.715505, div_rms=1.275e-01, vort_rms=8.479e-01, mass_err=-2.398e-10
warning: flow component anisotropy has increased over the last three diagnostic samples
step= 99500, t=86.873411, dt=9.015e-04, KE=3.064069e-02, Mt=0.2492, A_K=0.236, Cuv=0.063, P_in=4.727e-04, P_tgt=4.793e-04, A_F=0.132, K_low=0.127, P_drag=-7.875e-04, P_cool=-6.353e-04, WENO=0.060 (x=0.060, y=0.060), ReL2D=141.71, eps_nu=5.458e-04, P_hv=1.167e-05, rho_mean=1.000000, p_mean=0.715556, div_rms=1.169e-01, vort_rms=8.388e-01, mass_err=-2.410e-10
step=100000, t=87.323295, dt=8.907e-04, KE=3.025481e-02, Mt=0.2474, A_K=0.226, Cuv=0.079, P_in=5.061e-04, P_tgt=4.957e-04, A_F=0.169, K_low=0.127, P_drag=-7.737e-04, P_cool=-6.307e-04, WENO=0.058 (x=0.058, y=0.058), ReL2D=143.59, eps_nu=5.317e-04, P_hv=1.143e-05, rho_mean=1.000000, p_mean=0.715547, div_rms=1.197e-01, vort_rms=8.272e-01, mass_err=-2.422e-10
saved snapshot: results/hit2d/thesis_hit_campaign_v1/grid_Mt025_N256_seed1234/hit2d_step0100000.npz
step=100500, t=87.762859, dt=8.706e-04, KE=3.010189e-02, Mt=0.2470, A_K=0.245, Cuv=0.064, P_in=5.202e-04, P_tgt=5.274e-04, A_F=0.134, K_low=0.131, P_drag=-7.850e-04, P_cool=-6.181e-04, WENO=0.074 (x=0.074, y=0.074), ReL2D=136.23, eps_nu=5.291e-04, P_hv=1.125e-05, rho_mean=1.000000, p_mean=0.715522, div_rms=1.228e-01, vort_rms=8.244e-01, mass_err=-2.434e-10
step=101000, t=88.193734, dt=8.533e-04, KE=3.001573e-02, Mt=0.2470, A_K=0.244, Cuv=0.081, P_in=5.333e-04, P_tgt=5.617e-04, A_F=0.101, K_low=0.136, P_drag=-8.081e-04, P_cool=-5.625e-04, WENO=0.079 (x=0.079, y=0.079), ReL2D=137.15, eps_nu=5.241e-04, P_hv=1.126e-05, rho_mean=1.000000, p_mean=0.715411, div_rms=1.244e-01, vort_rms=8.201e-01, mass_err=-2.446e-10
step=101500, t=88.616733, dt=8.423e-04, KE=2.992453e-02, Mt=0.2460, A_K=0.227, Cuv=0.131, P_in=5.986e-04, P_tgt=6.006e-04, A_F=0.065, K_low=0.136, P_drag=-8.099e-04, P_cool=-5.166e-04, WENO=0.081 (x=0.081, y=0.081), ReL2D=135.91, eps_nu=5.221e-04, P_hv=1.076e-05, rho_mean=1.000000, p_mean=0.715319, div_rms=1.228e-01, vort_rms=8.188e-01, mass_err=-2.458e-10
step=102000, t=89.038171, dt=8.409e-04, KE=2.965208e-02, Mt=0.2444, A_K=0.222, Cuv=0.188, P_in=6.662e-04, P_tgt=6.659e-04, A_F=0.043, K_low=0.136, P_drag=-8.052e-04, P_cool=-5.129e-04, WENO=0.067 (x=0.067, y=0.067), ReL2D=135.47, eps_nu=5.199e-04, P_hv=1.052e-05, rho_mean=1.000000, p_mean=0.715311, div_rms=1.240e-01, vort_rms=8.168e-01, mass_err=-2.471e-10
step=102500, t=89.455601, dt=8.306e-04, KE=2.934510e-02, Mt=0.2435, A_K=0.212, Cuv=0.227, P_in=7.551e-04, P_tgt=7.556e-04, A_F=0.026, K_low=0.139, P_drag=-8.099e-04, P_cool=-5.230e-04, WENO=0.071 (x=0.071, y=0.071), ReL2D=132.60, eps_nu=5.209e-04, P_hv=1.044e-05, rho_mean=1.000000, p_mean=0.715332, div_rms=1.243e-01, vort_rms=8.175e-01, mass_err=-2.483e-10
step=103000, t=89.873837, dt=8.340e-04, KE=2.905738e-02, Mt=0.2424, A_K=0.174, Cuv=0.236, P_in=8.611e-04, P_tgt=8.766e-04, A_F=0.126, K_low=0.141, P_drag=-8.113e-04, P_cool=-5.369e-04, WENO=0.060 (x=0.060, y=0.060), ReL2D=128.03, eps_nu=5.164e-04, P_hv=1.033e-05, rho_mean=1.000000, p_mean=0.715360, div_rms=1.230e-01, vort_rms=8.142e-01, mass_err=-2.495e-10
step=103500, t=90.290498, dt=8.323e-04, KE=2.878327e-02, Mt=0.2413, A_K=0.121, Cuv=0.241, P_in=1.041e-03, P_tgt=1.040e-03, A_F=0.009, K_low=0.142, P_drag=-8.115e-04, P_cool=-5.585e-04, WENO=0.070 (x=0.070, y=0.070), ReL2D=126.66, eps_nu=5.112e-04, P_hv=1.032e-05, rho_mean=1.000000, p_mean=0.715403, div_rms=1.201e-01, vort_rms=8.105e-01, mass_err=-2.507e-10
step=104000, t=90.703207, dt=8.211e-04, KE=2.867903e-02, Mt=0.2410, A_K=0.120, Cuv=0.264, P_in=1.246e-03, P_tgt=1.256e-03, A_F=0.039, K_low=0.146, P_drag=-8.249e-04, P_cool=-5.600e-04, WENO=0.076 (x=0.076, y=0.076), ReL2D=125.64, eps_nu=5.111e-04, P_hv=1.048e-05, rho_mean=1.000000, p_mean=0.715406, div_rms=1.185e-01, vort_rms=8.108e-01, mass_err=-2.519e-10
step=104500, t=91.112308, dt=8.224e-04, KE=2.884200e-02, Mt=0.2416, A_K=0.144, Cuv=0.296, P_in=1.511e-03, P_tgt=1.511e-03, A_F=0.243, K_low=0.148, P_drag=-8.410e-04, P_cool=-5.281e-04, WENO=0.064 (x=0.064, y=0.064), ReL2D=126.17, eps_nu=5.190e-04, P_hv=1.070e-05, rho_mean=1.000000, p_mean=0.715342, div_rms=1.214e-01, vort_rms=8.166e-01, mass_err=-2.531e-10
step=105000, t=91.527517, dt=8.311e-04, KE=2.904189e-02, Mt=0.2427, A_K=0.125, Cuv=0.298, P_in=1.765e-03, P_tgt=1.784e-03, A_F=0.218, K_low=0.146, P_drag=-8.341e-04, P_cool=-5.128e-04, WENO=0.079 (x=0.079, y=0.079), ReL2D=126.19, eps_nu=5.348e-04, P_hv=1.052e-05, rho_mean=1.000000, p_mean=0.715311, div_rms=1.272e-01, vort_rms=8.282e-01, mass_err=-2.543e-10
saved snapshot: results/hit2d/thesis_hit_campaign_v1/grid_Mt025_N256_seed1234/hit2d_step0105000.npz
step=105500, t=91.940667, dt=8.197e-04, KE=2.912075e-02, Mt=0.2428, A_K=0.084, Cuv=0.274, P_in=2.089e-03, P_tgt=2.073e-03, A_F=0.182, K_low=0.141, P_drag=-8.139e-04, P_cool=-5.446e-04, WENO=0.079 (x=0.079, y=0.079), ReL2D=123.91, eps_nu=5.552e-04, P_hv=1.064e-05, rho_mean=1.000000, p_mean=0.715375, div_rms=1.179e-01, vort_rms=8.460e-01, mass_err=-2.555e-10
step=106000, t=92.348708, dt=8.144e-04, KE=2.946627e-02, Mt=0.2437, A_K=0.072, Cuv=0.261, P_in=2.392e-03, P_tgt=2.394e-03, A_F=0.164, K_low=0.138, P_drag=-8.108e-04, P_cool=-5.472e-04, WENO=0.074 (x=0.074, y=0.074), ReL2D=121.35, eps_nu=5.798e-04, P_hv=1.095e-05, rho_mean=1.000000, p_mean=0.715380, div_rms=1.150e-01, vort_rms=8.656e-01, mass_err=-2.567e-10
step=106500, t=92.755748, dt=8.139e-04, KE=2.993094e-02, Mt=0.2461, A_K=0.044, Cuv=0.286, P_in=2.654e-03, P_tgt=2.663e-03, A_F=0.209, K_low=0.139, P_drag=-8.154e-04, P_cool=-5.504e-04, WENO=0.059 (x=0.059, y=0.059), ReL2D=121.88, eps_nu=6.010e-04, P_hv=1.132e-05, rho_mean=1.000000, p_mean=0.715386, div_rms=1.185e-01, vort_rms=8.810e-01, mass_err=-2.579e-10
step=107000, t=93.159958, dt=8.024e-04, KE=3.028355e-02, Mt=0.2483, A_K=0.024, Cuv=0.294, P_in=2.830e-03, P_tgt=2.818e-03, A_F=0.071, K_low=0.138, P_drag=-8.102e-04, P_cool=-5.903e-04, WENO=0.067 (x=0.067, y=0.067), ReL2D=123.33, eps_nu=6.198e-04, P_hv=1.165e-05, rho_mean=1.000000, p_mean=0.715466, div_rms=1.178e-01, vort_rms=8.951e-01, mass_err=-2.591e-10
step=107500, t=93.560517, dt=7.975e-04, KE=3.083349e-02, Mt=0.2505, A_K=0.006, Cuv=0.271, P_in=2.863e-03, P_tgt=2.854e-03, A_F=0.143, K_low=0.132, P_drag=-7.965e-04, P_cool=-5.966e-04, WENO=0.066 (x=0.066, y=0.066), ReL2D=127.37, eps_nu=6.406e-04, P_hv=1.158e-05, rho_mean=1.000000, p_mean=0.715479, div_rms=1.239e-01, vort_rms=9.093e-01, mass_err=-2.604e-10
step=108000, t=93.955224, dt=7.855e-04, KE=3.148666e-02, Mt=0.2519, A_K=0.009, Cuv=0.267, P_in=2.902e-03, P_tgt=2.788e-03, A_F=0.089, K_low=0.125, P_drag=-7.822e-04, P_cool=-5.807e-04, WENO=0.064 (x=0.064, y=0.064), ReL2D=127.51, eps_nu=6.680e-04, P_hv=1.204e-05, rho_mean=1.000000, p_mean=0.715447, div_rms=1.222e-01, vort_rms=9.293e-01, mass_err=-2.616e-10
step=108500, t=94.358799, dt=8.388e-04, KE=3.209727e-02, Mt=0.2540, A_K=0.013, Cuv=0.278, P_in=2.631e-03, P_tgt=2.631e-03, A_F=0.042, K_low=0.123, P_drag=-7.845e-04, P_cool=-5.707e-04, WENO=0.064 (x=0.064, y=0.064), ReL2D=125.79, eps_nu=6.921e-04, P_hv=1.260e-05, rho_mean=1.000000, p_mean=0.715427, div_rms=1.367e-01, vort_rms=9.436e-01, mass_err=-2.628e-10
step=109000, t=94.790274, dt=8.856e-04, KE=3.225266e-02, Mt=0.2556, A_K=0.005, Cuv=0.222, P_in=2.396e-03, P_tgt=2.400e-03, A_F=0.034, K_low=0.125, P_drag=-7.951e-04, P_cool=-6.363e-04, WENO=0.062 (x=0.062, y=0.062), ReL2D=126.34, eps_nu=6.982e-04, P_hv=1.183e-05, rho_mean=1.000000, p_mean=0.715558, div_rms=1.255e-01, vort_rms=9.500e-01, mass_err=-2.640e-10
step=109500, t=95.241248, dt=9.061e-04, KE=3.258664e-02, Mt=0.2573, A_K=0.042, Cuv=0.189, P_in=2.111e-03, P_tgt=2.112e-03, A_F=0.026, K_low=0.122, P_drag=-7.842e-04, P_cool=-6.446e-04, WENO=0.065 (x=0.065, y=0.065), ReL2D=128.96, eps_nu=7.048e-04, P_hv=1.194e-05, rho_mean=1.000000, p_mean=0.715575, div_rms=1.215e-01, vort_rms=9.553e-01, mass_err=-2.652e-10
step=110000, t=95.691751, dt=8.967e-04, KE=3.297897e-02, Mt=0.2580, A_K=0.075, Cuv=0.176, P_in=1.808e-03, P_tgt=1.823e-03, A_F=0.006, K_low=0.115, P_drag=-7.630e-04, P_cool=-6.168e-04, WENO=0.056 (x=0.056, y=0.056), ReL2D=128.51, eps_nu=7.117e-04, P_hv=1.258e-05, rho_mean=1.000000, p_mean=0.715519, div_rms=1.296e-01, vort_rms=9.586e-01, mass_err=-2.664e-10
saved snapshot: results/hit2d/thesis_hit_campaign_v1/grid_Mt025_N256_seed1234/hit2d_step0110000.npz
step=110500, t=96.136579, dt=8.793e-04, KE=3.307196e-02, Mt=0.2579, A_K=0.097, Cuv=0.113, P_in=1.581e-03, P_tgt=1.564e-03, A_F=0.093, K_low=0.115, P_drag=-7.611e-04, P_cool=-6.263e-04, WENO=0.064 (x=0.064, y=0.064), ReL2D=128.54, eps_nu=7.189e-04, P_hv=1.340e-05, rho_mean=1.000000, p_mean=0.715538, div_rms=1.235e-01, vort_rms=9.646e-01, mass_err=-2.676e-10
step=111000, t=96.579233, dt=8.885e-04, KE=3.297193e-02, Mt=0.2577, A_K=0.152, Cuv=0.058, P_in=1.335e-03, P_tgt=1.346e-03, A_F=0.123, K_low=0.117, P_drag=-7.733e-04, P_cool=-6.516e-04, WENO=0.068 (x=0.068, y=0.068), ReL2D=125.79, eps_nu=7.215e-04, P_hv=1.389e-05, rho_mean=1.000000, p_mean=0.715589, div_rms=1.293e-01, vort_rms=9.654e-01, mass_err=-2.688e-10
step=111500, t=97.026345, dt=9.030e-04, KE=3.272400e-02, Mt=0.2574, A_K=0.159, Cuv=0.058, P_in=1.177e-03, P_tgt=1.166e-03, A_F=0.078, K_low=0.121, P_drag=-7.957e-04, P_cool=-6.835e-04, WENO=0.054 (x=0.054, y=0.054), ReL2D=129.05, eps_nu=7.093e-04, P_hv=1.429e-05, rho_mean=1.000000, p_mean=0.715653, div_rms=1.330e-01, vort_rms=9.564e-01, mass_err=-2.700e-10
step=112000, t=97.477838, dt=9.022e-04, KE=3.260565e-02, Mt=0.2572, A_K=0.169, Cuv=0.086, P_in=1.005e-03, P_tgt=1.014e-03, A_F=0.083, K_low=0.128, P_drag=-8.278e-04, P_cool=-6.850e-04, WENO=0.048 (x=0.048, y=0.048), ReL2D=132.74, eps_nu=6.972e-04, P_hv=1.490e-05, rho_mean=1.000000, p_mean=0.715656, div_rms=1.331e-01, vort_rms=9.479e-01, mass_err=-2.712e-10
step=112500, t=97.929937, dt=9.037e-04, KE=3.235743e-02, Mt=0.2562, A_K=0.178, Cuv=0.075, P_in=8.858e-04, P_tgt=8.914e-04, A_F=0.069, K_low=0.131, P_drag=-8.494e-04, P_cool=-6.883e-04, WENO=0.070 (x=0.070, y=0.070), ReL2D=134.15, eps_nu=6.852e-04, P_hv=1.432e-05, rho_mean=1.000000, p_mean=0.715662, div_rms=1.291e-01, vort_rms=9.403e-01, mass_err=-2.725e-10
step=113000, t=98.379112, dt=8.963e-04, KE=3.209015e-02, Mt=0.2545, A_K=0.190, Cuv=0.044, P_in=7.970e-04, P_tgt=8.029e-04, A_F=0.140, K_low=0.135, P_drag=-8.697e-04, P_cool=-6.787e-04, WENO=0.071 (x=0.071, y=0.071), ReL2D=135.79, eps_nu=6.707e-04, P_hv=1.469e-05, rho_mean=1.000000, p_mean=0.715643, div_rms=1.317e-01, vort_rms=9.295e-01, mass_err=-2.737e-10
step=113500, t=98.825864, dt=8.951e-04, KE=3.190055e-02, Mt=0.2534, A_K=0.177, Cuv=0.008, P_in=7.390e-04, P_tgt=7.444e-04, A_F=0.140, K_low=0.141, P_drag=-8.962e-04, P_cool=-6.476e-04, WENO=0.066 (x=0.066, y=0.066), ReL2D=136.39, eps_nu=6.592e-04, P_hv=1.451e-05, rho_mean=1.000000, p_mean=0.715581, div_rms=1.251e-01, vort_rms=9.225e-01, mass_err=-2.749e-10
step=114000, t=99.274494, dt=8.976e-04, KE=3.160133e-02, Mt=0.2521, A_K=0.163, Cuv=-0.028, P_in=7.113e-04, P_tgt=7.032e-04, A_F=0.154, K_low=0.145, P_drag=-9.172e-04, P_cool=-6.341e-04, WENO=0.058 (x=0.058, y=0.058), ReL2D=136.75, eps_nu=6.444e-04, P_hv=1.434e-05, rho_mean=1.000000, p_mean=0.715554, div_rms=1.230e-01, vort_rms=9.122e-01, mass_err=-2.761e-10
step=114500, t=99.723135, dt=8.987e-04, KE=3.117042e-02, Mt=0.2506, A_K=0.151, Cuv=-0.030, P_in=6.795e-04, P_tgt=6.850e-04, A_F=0.084, K_low=0.150, P_drag=-9.307e-04, P_cool=-6.421e-04, WENO=0.060 (x=0.060, y=0.060), ReL2D=136.16, eps_nu=6.337e-04, P_hv=1.405e-05, rho_mean=1.000000, p_mean=0.715570, div_rms=1.274e-01, vort_rms=9.036e-01, mass_err=-2.773e-10
step=115000, t=100.167947, dt=8.827e-04, KE=3.069078e-02, Mt=0.2487, A_K=0.126, Cuv=-0.030, P_in=6.895e-04, P_tgt=6.899e-04, A_F=0.197, K_low=0.155, P_drag=-9.398e-04, P_cool=-6.582e-04, WENO=0.057 (x=0.057, y=0.057), ReL2D=135.92, eps_nu=6.182e-04, P_hv=1.340e-05, rho_mean=1.000000, p_mean=0.715602, div_rms=1.243e-01, vort_rms=8.928e-01, mass_err=-2.785e-10
saved snapshot: results/hit2d/thesis_hit_campaign_v1/grid_Mt025_N256_seed1234/hit2d_step0115000.npz
step=115500, t=100.615164, dt=9.048e-04, KE=3.022657e-02, Mt=0.2471, A_K=0.080, Cuv=-0.076, P_in=7.223e-04, P_tgt=7.203e-04, A_F=0.228, K_low=0.157, P_drag=-9.337e-04, P_cool=-6.708e-04, WENO=0.069 (x=0.069, y=0.069), ReL2D=136.68, eps_nu=6.033e-04, P_hv=1.299e-05, rho_mean=1.000000, p_mean=0.715627, div_rms=1.220e-01, vort_rms=8.821e-01, mass_err=-2.797e-10
step=116000, t=101.065751, dt=9.008e-04, KE=3.005753e-02, Mt=0.2464, A_K=0.051, Cuv=-0.100, P_in=7.656e-04, P_tgt=7.707e-04, A_F=0.118, K_low=0.150, P_drag=-8.907e-04, P_cool=-6.302e-04, WENO=0.072 (x=0.072, y=0.072), ReL2D=136.05, eps_nu=5.937e-04, P_hv=1.246e-05, rho_mean=1.000000, p_mean=0.715546, div_rms=1.251e-01, vort_rms=8.743e-01, mass_err=-2.809e-10
step=116500, t=101.514621, dt=8.863e-04, KE=2.976482e-02, Mt=0.2445, A_K=0.045, Cuv=-0.125, P_in=8.948e-04, P_tgt=8.436e-04, A_F=0.328, K_low=0.139, P_drag=-8.315e-04, P_cool=-6.284e-04, WENO=0.055 (x=0.055, y=0.055), ReL2D=134.22, eps_nu=5.838e-04, P_hv=1.215e-05, rho_mean=1.000000, p_mean=0.715543, div_rms=1.199e-01, vort_rms=8.678e-01, mass_err=-2.821e-10
step=117000, t=101.955505, dt=8.807e-04, KE=2.937984e-02, Mt=0.2429, A_K=0.013, Cuv=-0.188, P_in=9.512e-04, P_tgt=9.643e-04, A_F=0.053, K_low=0.133, P_drag=-7.781e-04, P_cool=-6.579e-04, WENO=0.031 (x=0.031, y=0.031), ReL2D=131.66, eps_nu=5.774e-04, P_hv=1.229e-05, rho_mean=1.000000, p_mean=0.715601, div_rms=1.190e-01, vort_rms=8.630e-01, mass_err=-2.833e-10
step=117500, t=102.393263, dt=8.704e-04, KE=2.931659e-02, Mt=0.2435, A_K=0.024, Cuv=-0.204, P_in=1.107e-03, P_tgt=1.114e-03, A_F=0.068, K_low=0.125, P_drag=-7.218e-04, P_cool=-6.392e-04, WENO=0.044 (x=0.044, y=0.044), ReL2D=129.45, eps_nu=5.761e-04, P_hv=1.234e-05, rho_mean=1.000000, p_mean=0.715564, div_rms=1.244e-01, vort_rms=8.610e-01, mass_err=-2.846e-10
step=118000, t=102.826895, dt=8.704e-04, KE=2.922169e-02, Mt=0.2429, A_K=0.061, Cuv=-0.203, P_in=1.275e-03, P_tgt=1.278e-03, A_F=0.247, K_low=0.115, P_drag=-6.608e-04, P_cool=-6.463e-04, WENO=0.058 (x=0.058, y=0.058), ReL2D=126.10, eps_nu=5.697e-04, P_hv=1.220e-05, rho_mean=1.000000, p_mean=0.715578, div_rms=1.207e-01, vort_rms=8.568e-01, mass_err=-2.858e-10
step=118500, t=103.267430, dt=8.794e-04, KE=2.930582e-02, Mt=0.2428, A_K=0.110, Cuv=-0.193, P_in=1.482e-03, P_tgt=1.492e-03, A_F=0.007, K_low=0.103, P_drag=-5.960e-04, P_cool=-6.392e-04, WENO=0.061 (x=0.061, y=0.061), ReL2D=125.35, eps_nu=5.669e-04, P_hv=1.166e-05, rho_mean=1.000000, p_mean=0.715564, div_rms=1.187e-01, vort_rms=8.550e-01, mass_err=-2.870e-10
step=119000, t=103.709574, dt=8.895e-04, KE=2.956616e-02, Mt=0.2445, A_K=0.171, Cuv=-0.200, P_in=1.704e-03, P_tgt=1.704e-03, A_F=0.184, K_low=0.093, P_drag=-5.405e-04, P_cool=-6.233e-04, WENO=0.053 (x=0.053, y=0.053), ReL2D=128.15, eps_nu=5.710e-04, P_hv=1.205e-05, rho_mean=1.000000, p_mean=0.715532, div_rms=1.206e-01, vort_rms=8.578e-01, mass_err=-2.882e-10
warning: flow component anisotropy has increased over the last three diagnostic samples
step=119500, t=104.152906, dt=8.872e-04, KE=2.990884e-02, Mt=0.2460, A_K=0.213, Cuv=-0.238, P_in=1.882e-03, P_tgt=1.879e-03, A_F=0.336, K_low=0.083, P_drag=-4.867e-04, P_cool=-6.135e-04, WENO=0.054 (x=0.054, y=0.054), ReL2D=124.06, eps_nu=5.857e-04, P_hv=1.174e-05, rho_mean=1.000000, p_mean=0.715513, div_rms=1.241e-01, vort_rms=8.684e-01, mass_err=-2.894e-10
warning: flow component anisotropy has increased over the last three diagnostic samples
step=120000, t=104.594654, dt=8.860e-04, KE=3.027374e-02, Mt=0.2471, A_K=0.305, Cuv=-0.291, P_in=2.016e-03, P_tgt=2.012e-03, A_F=0.002, K_low=0.073, P_drag=-4.388e-04, P_cool=-6.247e-04, WENO=0.063 (x=0.063, y=0.063), ReL2D=121.96, eps_nu=6.147e-04, P_hv=1.198e-05, rho_mean=1.000000, p_mean=0.715535, div_rms=1.263e-01, vort_rms=8.898e-01, mass_err=-2.906e-10
saved snapshot: results/hit2d/thesis_hit_campaign_v1/grid_Mt025_N256_seed1234/hit2d_step0120000.npz
warning: flow component anisotropy has increased over the last three diagnostic samples
step=120500, t=105.041274, dt=8.990e-04, KE=3.080276e-02, Mt=0.2494, A_K=0.347, Cuv=-0.324, P_in=2.083e-03, P_tgt=2.094e-03, A_F=0.059, K_low=0.065, P_drag=-3.982e-04, P_cool=-6.105e-04, WENO=0.062 (x=0.062, y=0.062), ReL2D=126.72, eps_nu=6.248e-04, P_hv=1.196e-05, rho_mean=1.000000, p_mean=0.715507, div_rms=1.319e-01, vort_rms=8.962e-01, mass_err=-2.918e-10
warning: flow component anisotropy has increased over the last three diagnostic samples
step=121000, t=105.491419, dt=9.007e-04, KE=3.133093e-02, Mt=0.2515, A_K=0.367, Cuv=-0.290, P_in=2.110e-03, P_tgt=2.069e-03, A_F=0.016, K_low=0.061, P_drag=-3.720e-04, P_cool=-6.042e-04, WENO=0.067 (x=0.067, y=0.067), ReL2D=125.21, eps_nu=6.372e-04, P_hv=1.219e-05, rho_mean=1.000000, p_mean=0.715494, div_rms=1.342e-01, vort_rms=9.048e-01, mass_err=-2.930e-10
warning: flow component anisotropy has increased over the last three diagnostic samples
step=121500, t=105.938583, dt=8.895e-04, KE=3.170165e-02, Mt=0.2527, A_K=0.368, Cuv=-0.297, P_in=1.977e-03, P_tgt=1.988e-03, A_F=0.048, K_low=0.056, P_drag=-3.496e-04, P_cool=-6.246e-04, WENO=0.067 (x=0.067, y=0.067), ReL2D=125.04, eps_nu=6.449e-04, P_hv=1.273e-05, rho_mean=1.000000, p_mean=0.715535, div_rms=1.336e-01, vort_rms=9.106e-01, mass_err=-2.942e-10
warning: flow component anisotropy has increased over the last three diagnostic samples
step=122000, t=106.379640, dt=8.739e-04, KE=3.213159e-02, Mt=0.2542, A_K=0.377, Cuv=-0.308, P_in=1.874e-03, P_tgt=1.861e-03, A_F=0.076, K_low=0.051, P_drag=-3.255e-04, P_cool=-6.239e-04, WENO=0.066 (x=0.066, y=0.066), ReL2D=128.40, eps_nu=6.509e-04, P_hv=1.325e-05, rho_mean=1.000000, p_mean=0.715533, div_rms=1.310e-01, vort_rms=9.154e-01, mass_err=-2.954e-10
step=122500, t=106.814472, dt=8.560e-04, KE=3.243892e-02, Mt=0.2562, A_K=0.363, Cuv=-0.299, P_in=1.693e-03, P_tgt=1.683e-03, A_F=0.176, K_low=0.049, P_drag=-3.118e-04, P_cool=-6.347e-04, WENO=0.048 (x=0.048, y=0.048), ReL2D=130.24, eps_nu=6.487e-04, P_hv=1.442e-05, rho_mean=1.000000, p_mean=0.715555, div_rms=1.310e-01, vort_rms=9.139e-01, mass_err=-2.966e-10
step=123000, t=107.237974, dt=8.474e-04, KE=3.263352e-02, Mt=0.2568, A_K=0.337, Cuv=-0.317, P_in=1.484e-03, P_tgt=1.482e-03, A_F=0.028, K_low=0.049, P_drag=-3.087e-04, P_cool=-6.493e-04, WENO=0.076 (x=0.076, y=0.076), ReL2D=130.75, eps_nu=6.426e-04, P_hv=1.446e-05, rho_mean=1.000000, p_mean=0.715584, div_rms=1.293e-01, vort_rms=9.097e-01, mass_err=-2.979e-10
step=123500, t=107.667528, dt=8.638e-04, KE=3.283949e-02, Mt=0.2572, A_K=0.311, Cuv=-0.361, P_in=1.290e-03, P_tgt=1.294e-03, A_F=0.266, K_low=0.047, P_drag=-3.059e-04, P_cool=-6.455e-04, WENO=0.066 (x=0.066, y=0.066), ReL2D=130.86, eps_nu=6.429e-04, P_hv=1.382e-05, rho_mean=1.000000, p_mean=0.715577, div_rms=1.255e-01, vort_rms=9.107e-01, mass_err=-2.991e-10
step=124000, t=108.100616, dt=8.673e-04, KE=3.294695e-02, Mt=0.2577, A_K=0.287, Cuv=-0.376, P_in=1.135e-03, P_tgt=1.120e-03, A_F=0.279, K_low=0.047, P_drag=-3.118e-04, P_cool=-6.460e-04, WENO=0.056 (x=0.056, y=0.056), ReL2D=131.58, eps_nu=6.396e-04, P_hv=1.440e-05, rho_mean=1.000000, p_mean=0.715578, div_rms=1.355e-01, vort_rms=9.064e-01, mass_err=-3.003e-10
step=124500, t=108.530467, dt=8.592e-04, KE=3.289414e-02, Mt=0.2577, A_K=0.279, Cuv=-0.345, P_in=9.631e-04, P_tgt=9.680e-04, A_F=0.059, K_low=0.051, P_drag=-3.300e-04, P_cool=-6.623e-04, WENO=0.061 (x=0.061, y=0.061), ReL2D=130.35, eps_nu=6.342e-04, P_hv=1.475e-05, rho_mean=1.000000, p_mean=0.715610, div_rms=1.364e-01, vort_rms=9.022e-01, mass_err=-3.015e-10
step=125000, t=108.966817, dt=8.785e-04, KE=3.280624e-02, Mt=0.2572, A_K=0.305, Cuv=-0.364, P_in=8.465e-04, P_tgt=8.403e-04, A_F=0.091, K_low=0.054, P_drag=-3.493e-04, P_cool=-6.706e-04, WENO=0.078 (x=0.078, y=0.078), ReL2D=130.62, eps_nu=6.210e-04, P_hv=1.432e-05, rho_mean=1.000000, p_mean=0.715627, div_rms=1.299e-01, vort_rms=8.938e-01, mass_err=-3.027e-10
saved snapshot: results/hit2d/thesis_hit_campaign_v1/grid_Mt025_N256_seed1234/hit2d_step0125000.npz
step=125500, t=109.406140, dt=8.812e-04, KE=3.286223e-02, Mt=0.2575, A_K=0.298, Cuv=-0.379, P_in=7.220e-04, P_tgt=7.283e-04, A_F=0.055, K_low=0.056, P_drag=-3.698e-04, P_cool=-6.392e-04, WENO=0.078 (x=0.078, y=0.078), ReL2D=130.48, eps_nu=6.121e-04, P_hv=1.393e-05, rho_mean=1.000000, p_mean=0.715564, div_rms=1.391e-01, vort_rms=8.853e-01, mass_err=-3.039e-10
step=126000, t=109.848631, dt=8.862e-04, KE=3.266444e-02, Mt=0.2564, A_K=0.249, Cuv=-0.372, P_in=6.290e-04, P_tgt=6.373e-04, A_F=0.021, K_low=0.061, P_drag=-3.973e-04, P_cool=-6.482e-04, WENO=0.076 (x=0.076, y=0.076), ReL2D=130.59, eps_nu=6.009e-04, P_hv=1.336e-05, rho_mean=1.000000, p_mean=0.715582, div_rms=1.265e-01, vort_rms=8.794e-01, mass_err=-3.051e-10
step=126500, t=110.292945, dt=8.790e-04, KE=3.253936e-02, Mt=0.2559, A_K=0.207, Cuv=-0.375, P_in=5.823e-04, P_tgt=5.655e-04, A_F=0.013, K_low=0.067, P_drag=-4.310e-04, P_cool=-6.348e-04, WENO=0.058 (x=0.058, y=0.058), ReL2D=129.44, eps_nu=5.931e-04, P_hv=1.429e-05, rho_mean=1.000000, p_mean=0.715555, div_rms=1.318e-01, vort_rms=8.725e-01, mass_err=-3.063e-10
step=127000, t=110.726727, dt=8.661e-04, KE=3.249612e-02, Mt=0.2555, A_K=0.198, Cuv=-0.382, P_in=5.056e-04, P_tgt=5.075e-04, A_F=0.005, K_low=0.072, P_drag=-4.688e-04, P_cool=-5.972e-04, WENO=0.073 (x=0.073, y=0.073), ReL2D=130.46, eps_nu=5.837e-04, P_hv=1.443e-05, rho_mean=1.000000, p_mean=0.715480, div_rms=1.293e-01, vort_rms=8.658e-01, mass_err=-3.075e-10
step=127500, t=111.162775, dt=8.737e-04, KE=3.220522e-02, Mt=0.2544, A_K=0.201, Cuv=-0.383, P_in=4.514e-04, P_tgt=4.591e-04, A_F=0.077, K_low=0.078, P_drag=-5.042e-04, P_cool=-6.034e-04, WENO=0.068 (x=0.068, y=0.068), ReL2D=130.08, eps_nu=5.702e-04, P_hv=1.369e-05, rho_mean=1.000000, p_mean=0.715493, div_rms=1.307e-01, vort_rms=8.552e-01, mass_err=-3.087e-10
warning: flow component anisotropy has increased over the last three diagnostic samples
step=128000, t=111.596676, dt=8.634e-04, KE=3.155035e-02, Mt=0.2523, A_K=0.203, Cuv=-0.367, P_in=4.283e-04, P_tgt=4.297e-04, A_F=0.038, K_low=0.084, P_drag=-5.210e-04, P_cool=-6.731e-04, WENO=0.069 (x=0.069, y=0.069), ReL2D=129.20, eps_nu=5.523e-04, P_hv=1.313e-05, rho_mean=1.000000, p_mean=0.715632, div_rms=1.288e-01, vort_rms=8.416e-01, mass_err=-3.099e-10
warning: flow component anisotropy has increased over the last three diagnostic samples
step=128500, t=112.026898, dt=8.577e-04, KE=3.123620e-02, Mt=0.2515, A_K=0.215, Cuv=-0.352, P_in=4.174e-04, P_tgt=4.151e-04, A_F=0.097, K_low=0.085, P_drag=-5.220e-04, P_cool=-6.686e-04, WENO=0.073 (x=0.073, y=0.073), ReL2D=128.95, eps_nu=5.413e-04, P_hv=1.281e-05, rho_mean=1.000000, p_mean=0.715623, div_rms=1.334e-01, vort_rms=8.320e-01, mass_err=-3.111e-10
warning: flow component anisotropy has increased over the last three diagnostic samples
step=129000, t=112.454011, dt=8.593e-04, KE=3.117035e-02, Mt=0.2507, A_K=0.242, Cuv=-0.357, P_in=4.154e-04, P_tgt=4.046e-04, A_F=0.127, K_low=0.083, P_drag=-5.178e-04, P_cool=-6.181e-04, WENO=0.096 (x=0.096, y=0.096), ReL2D=128.99, eps_nu=5.301e-04, P_hv=1.195e-05, rho_mean=1.000000, p_mean=0.715522, div_rms=1.343e-01, vort_rms=8.229e-01, mass_err=-3.124e-10
warning: flow component anisotropy has increased over the last three diagnostic samples
step=129500, t=112.883384, dt=8.614e-04, KE=3.094638e-02, Mt=0.2493, A_K=0.249, Cuv=-0.343, P_in=3.904e-04, P_tgt=4.053e-04, A_F=0.184, K_low=0.082, P_drag=-5.091e-04, P_cool=-6.013e-04, WENO=0.077 (x=0.077, y=0.077), ReL2D=130.88, eps_nu=5.175e-04, P_hv=1.105e-05, rho_mean=1.000000, p_mean=0.715488, div_rms=1.347e-01, vort_rms=8.126e-01, mass_err=-3.136e-10
step=130000, t=113.316890, dt=8.792e-04, KE=3.057253e-02, Mt=0.2482, A_K=0.232, Cuv=-0.325, P_in=4.146e-04, P_tgt=4.155e-04, A_F=0.103, K_low=0.083, P_drag=-4.988e-04, P_cool=-6.154e-04, WENO=0.088 (x=0.088, y=0.088), ReL2D=131.21, eps_nu=5.032e-04, P_hv=1.083e-05, rho_mean=1.000000, p_mean=0.715516, div_rms=1.301e-01, vort_rms=8.019e-01, mass_err=-3.148e-10
saved snapshot: results/hit2d/thesis_hit_campaign_v1/grid_Mt025_N256_seed1234/hit2d_step0130000.npz
step=130500, t=113.757530, dt=8.771e-04, KE=3.032413e-02, Mt=0.2477, A_K=0.222, Cuv=-0.327, P_in=4.449e-04, P_tgt=4.338e-04, A_F=0.108, K_low=0.082, P_drag=-4.849e-04, P_cool=-6.060e-04, WENO=0.079 (x=0.079, y=0.079), ReL2D=131.76, eps_nu=4.929e-04, P_hv=1.025e-05, rho_mean=1.000000, p_mean=0.715498, div_rms=1.393e-01, vort_rms=7.912e-01, mass_err=-3.160e-10
step=131000, t=114.192994, dt=8.699e-04, KE=3.000293e-02, Mt=0.2461, A_K=0.228, Cuv=-0.299, P_in=4.622e-04, P_tgt=4.615e-04, A_F=0.172, K_low=0.078, P_drag=-4.654e-04, P_cool=-6.149e-04, WENO=0.091 (x=0.091, y=0.091), ReL2D=129.88, eps_nu=4.802e-04, P_hv=1.015e-05, rho_mean=1.000000, p_mean=0.715515, div_rms=1.344e-01, vort_rms=7.817e-01, mass_err=-3.172e-10
warning: flow component anisotropy has increased over the last three diagnostic samples
step=131500, t=114.631430, dt=8.866e-04, KE=2.984019e-02, Mt=0.2454, A_K=0.253, Cuv=-0.258, P_in=5.058e-04, P_tgt=5.042e-04, A_F=0.224, K_low=0.075, P_drag=-4.464e-04, P_cool=-5.965e-04, WENO=0.090 (x=0.090, y=0.090), ReL2D=130.91, eps_nu=4.721e-04, P_hv=9.724e-06, rho_mean=1.000000, p_mean=0.715479, div_rms=1.323e-01, vort_rms=7.753e-01, mass_err=-3.184e-10
warning: flow component anisotropy has increased over the last three diagnostic samples
step=132000, t=115.075943, dt=8.885e-04, KE=2.989027e-02, Mt=0.2457, A_K=0.255, Cuv=-0.220, P_in=5.495e-04, P_tgt=5.529e-04, A_F=0.009, K_low=0.074, P_drag=-4.353e-04, P_cool=-5.437e-04, WENO=0.074 (x=0.074, y=0.074), ReL2D=132.54, eps_nu=4.647e-04, P_hv=9.437e-06, rho_mean=1.000000, p_mean=0.715373, div_rms=1.388e-01, vort_rms=7.674e-01, mass_err=-3.196e-10
step=132500, t=115.522999, dt=9.034e-04, KE=2.970285e-02, Mt=0.2447, A_K=0.229, Cuv=-0.197, P_in=6.088e-04, P_tgt=6.086e-04, A_F=0.207, K_low=0.074, P_drag=-4.361e-04, P_cool=-5.462e-04, WENO=0.079 (x=0.079, y=0.079), ReL2D=132.63, eps_nu=4.591e-04, P_hv=9.106e-06, rho_mean=1.000000, p_mean=0.715378, div_rms=1.320e-01, vort_rms=7.642e-01, mass_err=-3.208e-10
step=132947, t=115.924769, dt=4.594e-04, KE=2.951408e-02, Mt=0.2437, A_K=0.218, Cuv=-0.206, P_in=6.854e-04, P_tgt=6.796e-04, A_F=0.023, K_low=0.074, P_drag=-4.364e-04, P_cool=-5.558e-04, WENO=0.067 (x=0.067, y=0.067), ReL2D=134.18, eps_nu=4.505e-04, P_hv=8.506e-06, rho_mean=1.000000, p_mean=0.715397, div_rms=1.235e-01, vort_rms=7.586e-01, mass_err=-3.219e-10
saved snapshot: results/hit2d/thesis_hit_campaign_v1/grid_Mt025_N256_seed1234/hit2d_step0132947.npz
completed 2D HIT run at t=115.924769 in 132947 steps
Post-processing: results/hit2d/thesis_hit_campaign_v1/grid_Mt025_N256_seed1234
saved HIT diagnostic field plot: results/hit2d/thesis_hit_campaign_v1/grid_Mt025_N256_seed1234/postprocess/hit2d_physics_fields.png
/home/fatienza/github/HIT_Solver/2D/hit2d_viewer.py:405: UserWarning: No artists with labels found to put in legend.  Note that artists whose label start with an underscore are ignored when legend() is called with no argument.
  ax.legend()
saved HIT history plot: results/hit2d/thesis_hit_campaign_v1/grid_Mt025_N256_seed1234/postprocess/hit2d_history.png
saved isotropy diagnostics: results/hit2d/thesis_hit_campaign_v1/grid_Mt025_N256_seed1234/isotropy_diagnostics.npz
selected interval: t=[26.193, 100.168], Neddy=[4.16751, 15.9624], snapshots=18
turnover reference length: L_ref=1.570796e+00
isotropy mismatch: E_LL=6.412815e-02 (normalized=1.546172e-01), E_NN=8.940266e-02 (normalized=2.437237e-01)
selected means: K=3.091872e-02, Mt=2.502474e-01, A_K=1.354360e-01, C_uv=-4.139783e-02
saved isotropy plot: results/hit2d/thesis_hit_campaign_v1/grid_Mt025_N256_seed1234/postprocess/stationarity_K_Mt.png
saved isotropy plot: results/hit2d/thesis_hit_campaign_v1/grid_Mt025_N256_seed1234/postprocess/directional_isotropy_correlations.png
saved isotropy plot: results/hit2d/thesis_hit_campaign_v1/grid_Mt025_N256_seed1234/postprocess/component_energy_anisotropy.png
/home/fatienza/github/HIT_Solver/OOP/postprocess/spectra.py:152: RuntimeWarning: Enstrophy spectrum may be piling up near the complete-shell cutoff
  warnings.warn("Enstrophy spectrum may be piling up near the complete-shell cutoff", RuntimeWarning)
saved spectra diagnostics: results/hit2d/thesis_hit_campaign_v1/grid_Mt025_N256_seed1234/spectra_diagnostics.npz
saved spectra plot: results/hit2d/thesis_hit_campaign_v1/grid_Mt025_N256_seed1234/postprocess/energy_enstrophy_spectra.png
cutoff ratios: energy=0.000e+00, enstrophy=3.921e+00
spectral checks: Parseval=2.213e-16, Helmholtz closure=2.360e-16, <chi_d>=1.299e-02
saved PDF diagnostics: results/hit2d/thesis_hit_campaign_v1/grid_Mt025_N256_seed1234/pdf_diagnostics.npz
saved PDF plot: results/hit2d/thesis_hit_campaign_v1/grid_Mt025_N256_seed1234/postprocess/one_point_pdfs.png
PDF moments: S_theta=-6.226e-01, F_theta=8.550e+00, S_omega=-4.521e-02, F_omega=3.043e+00
COMPLETED: grid_Mt025_N256_seed1234 at Sat Aug 15 09:24:41 PM CEST 2026

============================================================
STARTING grid_Mt025_N512_seed1234 at Sat Aug 15 09:24:41 PM CEST 2026
N=512x512; Mt=0.25; Re_lambda,0=120; seed=1234
tfinal=115.92476892; target turnovers=18.0
CFL=0.10; sensor=legacy; WENO LF=local
HV: conservative_flux, mn=0.005, interval=5
snapshot_every=10000; diagnostics_every=1000
============================================================
Using array backend: cupy
saved run configuration: results/hit2d/thesis_hit_campaign_v1/grid_Mt025_N512_seed1234/config.json
resolved initial Re_lambda_2d=120.000000 with dynamic viscosity=7.560701e-04
step=     0, t=0.000000, dt=0.000e+00, KE=3.125000e-02, Mt=0.2500, A_K=0.000, Cuv=0.000, P_in=0.000e+00, P_tgt=0.000e+00, A_F=0.000, K_low=0.000, P_drag=0.000e+00, P_cool=0.000e+00, WENO=0.012 (x=0.012, y=0.012), ReL2D=120.00, eps_nu=7.186e-04, P_hv=0.000e+00, rho_mean=1.000000, p_mean=0.714286, div_rms=1.610e-14, vort_rms=9.749e-01, mass_err=0.000e+00
warning: cumulative forcing cross-correlation is high (|Fxy|/(Fxx+Fyy)=0.104)
step=  1000, t=0.445452, dt=4.514e-04, KE=3.046691e-02, Mt=0.2475, A_K=0.017, Cuv=-0.043, P_in=1.025e-03, P_tgt=1.025e-03, A_F=0.043, K_low=0.004, P_drag=-2.478e-05, P_cool=-2.461e-04, WENO=0.010 (x=0.010, y=0.010), ReL2D=120.33, eps_nu=6.983e-04, P_hv=7.856e-07, rho_mean=1.000000, p_mean=0.714778, div_rms=1.173e-01, vort_rms=9.515e-01, mass_err=-2.430e-12
step=  2000, t=0.901609, dt=4.588e-04, KE=3.014669e-02, Mt=0.2484, A_K=0.025, Cuv=-0.072, P_in=1.152e-03, P_tgt=1.149e-03, A_F=0.140, K_low=0.008, P_drag=-4.619e-05, P_cool=-3.742e-04, WENO=0.020 (x=0.020, y=0.020), ReL2D=123.01, eps_nu=7.047e-04, P_hv=7.818e-07, rho_mean=1.000000, p_mean=0.715034, div_rms=1.361e-01, vort_rms=9.525e-01, mass_err=-4.853e-12
step=  3000, t=1.358688, dt=4.510e-04, KE=3.054660e-02, Mt=0.2492, A_K=0.083, Cuv=-0.090, P_in=1.216e-03, P_tgt=1.194e-03, A_F=0.001, K_low=0.007, P_drag=-3.846e-05, P_cool=-3.769e-04, WENO=0.033 (x=0.033, y=0.033), ReL2D=124.47, eps_nu=7.159e-04, P_hv=8.029e-07, rho_mean=1.000000, p_mean=0.715040, div_rms=1.204e-01, vort_rms=9.631e-01, mass_err=-7.276e-12
step=  4000, t=1.812834, dt=4.566e-04, KE=3.070865e-02, Mt=0.2498, A_K=0.095, Cuv=-0.057, P_in=1.201e-03, P_tgt=1.222e-03, A_F=0.207, K_low=0.009, P_drag=-5.324e-05, P_cool=-4.153e-04, WENO=0.031 (x=0.031, y=0.031), ReL2D=128.04, eps_nu=7.218e-04, P_hv=8.727e-07, rho_mean=1.000000, p_mean=0.715116, div_rms=1.338e-01, vort_rms=9.648e-01, mass_err=-9.692e-12
step=  5000, t=2.269961, dt=4.539e-04, KE=3.096661e-02, Mt=0.2509, A_K=0.085, Cuv=-0.063, P_in=1.203e-03, P_tgt=1.204e-03, A_F=0.072, K_low=0.013, P_drag=-7.974e-05, P_cool=-4.296e-04, WENO=0.037 (x=0.037, y=0.037), ReL2D=130.80, eps_nu=7.269e-04, P_hv=9.169e-07, rho_mean=1.000000, p_mean=0.715145, div_rms=1.367e-01, vort_rms=9.677e-01, mass_err=-1.211e-11
step=  6000, t=2.722100, dt=4.508e-04, KE=3.122721e-02, Mt=0.2516, A_K=0.081, Cuv=-0.047, P_in=1.145e-03, P_tgt=1.136e-03, A_F=0.333, K_low=0.010, P_drag=-6.545e-05, P_cool=-4.387e-04, WENO=0.041 (x=0.041, y=0.041), ReL2D=126.32, eps_nu=7.397e-04, P_hv=9.984e-07, rho_mean=1.000000, p_mean=0.715163, div_rms=1.406e-01, vort_rms=9.757e-01, mass_err=-1.452e-11
step=  7000, t=3.171954, dt=4.520e-04, KE=3.129731e-02, Mt=0.2518, A_K=0.081, Cuv=-0.008, P_in=1.102e-03, P_tgt=1.072e-03, A_F=0.143, K_low=0.011, P_drag=-6.983e-05, P_cool=-4.772e-04, WENO=0.029 (x=0.029, y=0.029), ReL2D=123.13, eps_nu=7.505e-04, P_hv=1.075e-06, rho_mean=1.000000, p_mean=0.715240, div_rms=1.393e-01, vort_rms=9.832e-01, mass_err=-1.694e-11
step=  8000, t=3.624711, dt=4.509e-04, KE=3.143700e-02, Mt=0.2526, A_K=0.070, Cuv=-0.001, P_in=9.789e-04, P_tgt=9.792e-04, A_F=0.147, K_low=0.017, P_drag=-1.069e-04, P_cool=-4.907e-04, WENO=0.033 (x=0.033, y=0.033), ReL2D=123.44, eps_nu=7.513e-04, P_hv=1.137e-06, rho_mean=1.000000, p_mean=0.715267, div_rms=1.354e-01, vort_rms=9.845e-01, mass_err=-1.935e-11
step=  9000, t=4.077589, dt=4.552e-04, KE=3.149028e-02, Mt=0.2528, A_K=0.077, Cuv=-0.043, P_in=8.671e-04, P_tgt=8.763e-04, A_F=0.259, K_low=0.021, P_drag=-1.282e-04, P_cool=-5.269e-04, WENO=0.030 (x=0.030, y=0.030), ReL2D=121.86, eps_nu=7.554e-04, P_hv=1.222e-06, rho_mean=1.000000, p_mean=0.715339, div_rms=1.339e-01, vort_rms=9.875e-01, mass_err=-2.176e-11
step= 10000, t=4.531003, dt=4.506e-04, KE=3.139529e-02, Mt=0.2528, A_K=0.090, Cuv=-0.046, P_in=7.827e-04, P_tgt=7.867e-04, A_F=0.283, K_low=0.022, P_drag=-1.374e-04, P_cool=-5.597e-04, WENO=0.026 (x=0.026, y=0.026), ReL2D=119.38, eps_nu=7.539e-04, P_hv=1.278e-06, rho_mean=1.000000, p_mean=0.715405, div_rms=1.362e-01, vort_rms=9.861e-01, mass_err=-2.419e-11
saved snapshot: results/hit2d/thesis_hit_campaign_v1/grid_Mt025_N512_seed1234/hit2d_step0010000.npz
step= 11000, t=4.979338, dt=4.481e-04, KE=3.140720e-02, Mt=0.2522, A_K=0.049, Cuv=0.031, P_in=5.892e-04, P_tgt=7.135e-04, A_F=0.059, K_low=0.026, P_drag=-1.653e-04, P_cool=-5.682e-04, WENO=0.032 (x=0.032, y=0.032), ReL2D=121.49, eps_nu=7.469e-04, P_hv=1.357e-06, rho_mean=1.000000, p_mean=0.715422, div_rms=1.365e-01, vort_rms=9.813e-01, mass_err=-2.660e-11
step= 12000, t=5.424156, dt=4.414e-04, KE=3.142918e-02, Mt=0.2520, A_K=0.072, Cuv=0.012, P_in=6.583e-04, P_tgt=6.594e-04, A_F=0.097, K_low=0.029, P_drag=-1.869e-04, P_cool=-5.603e-04, WENO=0.033 (x=0.033, y=0.033), ReL2D=122.58, eps_nu=7.430e-04, P_hv=1.470e-06, rho_mean=1.000000, p_mean=0.715406, div_rms=1.390e-01, vort_rms=9.783e-01, mass_err=-2.903e-11
step= 13000, t=5.864717, dt=4.396e-04, KE=3.145633e-02, Mt=0.2518, A_K=0.096, Cuv=-0.017, P_in=6.051e-04, P_tgt=6.085e-04, A_F=0.181, K_low=0.026, P_drag=-1.642e-04, P_cool=-5.468e-04, WENO=0.037 (x=0.037, y=0.037), ReL2D=121.30, eps_nu=7.330e-04, P_hv=1.512e-06, rho_mean=1.000000, p_mean=0.715379, div_rms=1.447e-01, vort_rms=9.704e-01, mass_err=-3.144e-11
step= 14000, t=6.306219, dt=4.433e-04, KE=3.128122e-02, Mt=0.2512, A_K=0.082, Cuv=-0.025, P_in=5.724e-04, P_tgt=5.744e-04, A_F=0.089, K_low=0.023, P_drag=-1.457e-04, P_cool=-5.708e-04, WENO=0.036 (x=0.036, y=0.036), ReL2D=121.54, eps_nu=7.231e-04, P_hv=1.535e-06, rho_mean=1.000000, p_mean=0.715427, div_rms=1.390e-01, vort_rms=9.647e-01, mass_err=-3.385e-11
step= 15000, t=6.744006, dt=4.359e-04, KE=3.110214e-02, Mt=0.2507, A_K=0.085, Cuv=-0.029, P_in=5.500e-04, P_tgt=5.526e-04, A_F=0.151, K_low=0.025, P_drag=-1.549e-04, P_cool=-5.920e-04, WENO=0.030 (x=0.030, y=0.030), ReL2D=120.95, eps_nu=7.099e-04, P_hv=1.588e-06, rho_mean=1.000000, p_mean=0.715470, div_rms=1.408e-01, vort_rms=9.553e-01, mass_err=-3.627e-11
step= 16000, t=7.184471, dt=4.425e-04, KE=3.086061e-02, Mt=0.2502, A_K=0.094, Cuv=-0.058, P_in=5.456e-04, P_tgt=5.420e-04, A_F=0.126, K_low=0.025, P_drag=-1.487e-04, P_cool=-6.214e-04, WENO=0.041 (x=0.041, y=0.041), ReL2D=119.19, eps_nu=6.996e-04, P_hv=1.583e-06, rho_mean=1.000000, p_mean=0.715529, div_rms=1.339e-01, vort_rms=9.494e-01, mass_err=-3.870e-11
step= 17000, t=7.626834, dt=4.408e-04, KE=3.083728e-02, Mt=0.2498, A_K=0.089, Cuv=-0.097, P_in=5.360e-04, P_tgt=5.427e-04, A_F=0.089, K_low=0.020, P_drag=-1.278e-04, P_cool=-6.224e-04, WENO=0.037 (x=0.037, y=0.037), ReL2D=119.81, eps_nu=6.883e-04, P_hv=1.620e-06, rho_mean=1.000000, p_mean=0.715530, div_rms=1.329e-01, vort_rms=9.417e-01, mass_err=-4.113e-11
step= 18000, t=8.068679, dt=4.433e-04, KE=3.084663e-02, Mt=0.2497, A_K=0.067, Cuv=-0.121, P_in=5.441e-04, P_tgt=5.501e-04, A_F=0.059, K_low=0.021, P_drag=-1.331e-04, P_cool=-6.040e-04, WENO=0.028 (x=0.028, y=0.028), ReL2D=121.20, eps_nu=6.810e-04, P_hv=1.616e-06, rho_mean=1.000000, p_mean=0.715494, div_rms=1.363e-01, vort_rms=9.359e-01, mass_err=-4.353e-11
step= 19000, t=8.512084, dt=4.440e-04, KE=3.077435e-02, Mt=0.2492, A_K=0.054, Cuv=-0.109, P_in=5.648e-04, P_tgt=5.610e-04, A_F=0.130, K_low=0.024, P_drag=-1.506e-04, P_cool=-6.016e-04, WENO=0.031 (x=0.031, y=0.031), ReL2D=121.17, eps_nu=6.684e-04, P_hv=1.620e-06, rho_mean=1.000000, p_mean=0.715489, div_rms=1.296e-01, vort_rms=9.282e-01, mass_err=-4.596e-11
step= 20000, t=8.956609, dt=4.490e-04, KE=3.070646e-02, Mt=0.2490, A_K=0.076, Cuv=-0.117, P_in=5.766e-04, P_tgt=5.797e-04, A_F=0.043, K_low=0.024, P_drag=-1.480e-04, P_cool=-6.029e-04, WENO=0.038 (x=0.038, y=0.038), ReL2D=119.48, eps_nu=6.686e-04, P_hv=1.655e-06, rho_mean=1.000000, p_mean=0.715491, div_rms=1.340e-01, vort_rms=9.276e-01, mass_err=-4.838e-11
saved snapshot: results/hit2d/thesis_hit_campaign_v1/grid_Mt025_N512_seed1234/hit2d_step0020000.npz
step= 21000, t=9.405458, dt=4.478e-04, KE=3.040785e-02, Mt=0.2477, A_K=0.100, Cuv=-0.162, P_in=6.236e-04, P_tgt=6.235e-04, A_F=0.048, K_low=0.025, P_drag=-1.486e-04, P_cool=-6.467e-04, WENO=0.036 (x=0.036, y=0.036), ReL2D=119.10, eps_nu=6.549e-04, P_hv=1.705e-06, rho_mean=1.000000, p_mean=0.715579, div_rms=1.323e-01, vort_rms=9.180e-01, mass_err=-5.080e-11
step= 22000, t=9.849323, dt=4.432e-04, KE=3.049085e-02, Mt=0.2479, A_K=0.078, Cuv=-0.204, P_in=6.906e-04, P_tgt=6.841e-04, A_F=0.124, K_low=0.027, P_drag=-1.671e-04, P_cool=-6.181e-04, WENO=0.042 (x=0.042, y=0.042), ReL2D=117.75, eps_nu=6.456e-04, P_hv=1.790e-06, rho_mean=1.000000, p_mean=0.715522, div_rms=1.329e-01, vort_rms=9.113e-01, mass_err=-5.322e-11
step= 23000, t=10.286952, dt=4.325e-04, KE=3.058350e-02, Mt=0.2480, A_K=0.029, Cuv=-0.205, P_in=7.508e-04, P_tgt=7.439e-04, A_F=0.157, K_low=0.029, P_drag=-1.794e-04, P_cool=-5.946e-04, WENO=0.031 (x=0.031, y=0.031), ReL2D=118.29, eps_nu=6.501e-04, P_hv=1.792e-06, rho_mean=1.000000, p_mean=0.715475, div_rms=1.365e-01, vort_rms=9.138e-01, mass_err=-5.563e-11
step= 24000, t=10.726508, dt=4.427e-04, KE=3.050088e-02, Mt=0.2484, A_K=0.004, Cuv=-0.194, P_in=8.097e-04, P_tgt=8.044e-04, A_F=0.062, K_low=0.030, P_drag=-1.850e-04, P_cool=-6.103e-04, WENO=0.034 (x=0.034, y=0.034), ReL2D=120.15, eps_nu=6.337e-04, P_hv=1.798e-06, rho_mean=1.000000, p_mean=0.715506, div_rms=1.354e-01, vort_rms=9.021e-01, mass_err=-5.805e-11
step= 25000, t=11.168710, dt=4.442e-04, KE=3.043080e-02, Mt=0.2483, A_K=0.008, Cuv=-0.193, P_in=8.659e-04, P_tgt=8.562e-04, A_F=0.254, K_low=0.033, P_drag=-2.046e-04, P_cool=-6.260e-04, WENO=0.041 (x=0.041, y=0.041), ReL2D=121.49, eps_nu=6.211e-04, P_hv=1.777e-06, rho_mean=1.000000, p_mean=0.715538, div_rms=1.311e-01, vort_rms=8.936e-01, mass_err=-6.047e-11
step= 26000, t=11.613955, dt=4.459e-04, KE=3.037162e-02, Mt=0.2478, A_K=0.014, Cuv=-0.209, P_in=9.297e-04, P_tgt=9.307e-04, A_F=0.169, K_low=0.039, P_drag=-2.353e-04, P_cool=-6.411e-04, WENO=0.037 (x=0.037, y=0.037), ReL2D=121.77, eps_nu=6.139e-04, P_hv=1.747e-06, rho_mean=1.000000, p_mean=0.715568, div_rms=1.314e-01, vort_rms=8.882e-01, mass_err=-6.290e-11
step= 27000, t=12.057893, dt=4.407e-04, KE=3.049798e-02, Mt=0.2483, A_K=0.045, Cuv=-0.242, P_in=1.006e-03, P_tgt=1.005e-03, A_F=0.025, K_low=0.040, P_drag=-2.410e-04, P_cool=-6.246e-04, WENO=0.039 (x=0.039, y=0.039), ReL2D=120.09, eps_nu=6.145e-04, P_hv=1.770e-06, rho_mean=1.000000, p_mean=0.715535, div_rms=1.398e-01, vort_rms=8.870e-01, mass_err=-6.531e-11
step= 28000, t=12.493603, dt=4.372e-04, KE=3.055474e-02, Mt=0.2485, A_K=0.068, Cuv=-0.260, P_in=1.084e-03, P_tgt=1.077e-03, A_F=0.002, K_low=0.040, P_drag=-2.415e-04, P_cool=-6.281e-04, WENO=0.041 (x=0.041, y=0.041), ReL2D=121.29, eps_nu=6.061e-04, P_hv=1.800e-06, rho_mean=1.000000, p_mean=0.715542, div_rms=1.323e-01, vort_rms=8.822e-01, mass_err=-6.774e-11
step= 29000, t=12.929094, dt=4.326e-04, KE=3.074509e-02, Mt=0.2491, A_K=0.065, Cuv=-0.257, P_in=1.132e-03, P_tgt=1.129e-03, A_F=0.061, K_low=0.042, P_drag=-2.573e-04, P_cool=-6.110e-04, WENO=0.045 (x=0.045, y=0.045), ReL2D=122.43, eps_nu=6.003e-04, P_hv=1.750e-06, rho_mean=1.000000, p_mean=0.715508, div_rms=1.324e-01, vort_rms=8.779e-01, mass_err=-7.014e-11
step= 30000, t=13.362550, dt=4.339e-04, KE=3.091171e-02, Mt=0.2498, A_K=0.080, Cuv=-0.253, P_in=1.161e-03, P_tgt=1.158e-03, A_F=0.161, K_low=0.044, P_drag=-2.748e-04, P_cool=-6.016e-04, WENO=0.040 (x=0.040, y=0.040), ReL2D=123.28, eps_nu=6.004e-04, P_hv=1.772e-06, rho_mean=1.000000, p_mean=0.715489, div_rms=1.330e-01, vort_rms=8.778e-01, mass_err=-7.255e-11
saved snapshot: results/hit2d/thesis_hit_campaign_v1/grid_Mt025_N512_seed1234/hit2d_step0030000.npz
step= 31000, t=13.793238, dt=4.288e-04, KE=3.085105e-02, Mt=0.2502, A_K=0.108, Cuv=-0.250, P_in=1.157e-03, P_tgt=1.153e-03, A_F=0.057, K_low=0.045, P_drag=-2.789e-04, P_cool=-6.366e-04, WENO=0.045 (x=0.045, y=0.045), ReL2D=125.38, eps_nu=5.969e-04, P_hv=1.803e-06, rho_mean=1.000000, p_mean=0.715559, div_rms=1.277e-01, vort_rms=8.762e-01, mass_err=-7.498e-11
step= 32000, t=14.223469, dt=4.300e-04, KE=3.098466e-02, Mt=0.2506, A_K=0.130, Cuv=-0.242, P_in=1.142e-03, P_tgt=1.137e-03, A_F=0.064, K_low=0.046, P_drag=-2.828e-04, P_cool=-6.295e-04, WENO=0.049 (x=0.049, y=0.049), ReL2D=126.73, eps_nu=5.924e-04, P_hv=1.838e-06, rho_mean=1.000000, p_mean=0.715545, div_rms=1.329e-01, vort_rms=8.717e-01, mass_err=-7.740e-11
step= 33000, t=14.655597, dt=4.360e-04, KE=3.125428e-02, Mt=0.2513, A_K=0.140, Cuv=-0.256, P_in=1.088e-03, P_tgt=1.093e-03, A_F=0.009, K_low=0.047, P_drag=-2.945e-04, P_cool=-5.943e-04, WENO=0.049 (x=0.049, y=0.049), ReL2D=127.04, eps_nu=5.867e-04, P_hv=1.820e-06, rho_mean=1.000000, p_mean=0.715474, div_rms=1.340e-01, vort_rms=8.672e-01, mass_err=-7.982e-11
step= 34000, t=15.091897, dt=4.354e-04, KE=3.143752e-02, Mt=0.2517, A_K=0.134, Cuv=-0.275, P_in=1.027e-03, P_tgt=1.026e-03, A_F=0.093, K_low=0.048, P_drag=-2.941e-04, P_cool=-5.737e-04, WENO=0.039 (x=0.039, y=0.039), ReL2D=130.17, eps_nu=5.795e-04, P_hv=1.800e-06, rho_mean=1.000000, p_mean=0.715433, div_rms=1.350e-01, vort_rms=8.615e-01, mass_err=-8.222e-11
step= 35000, t=15.527548, dt=4.364e-04, KE=3.139600e-02, Mt=0.2514, A_K=0.121, Cuv=-0.313, P_in=9.541e-04, P_tgt=9.653e-04, A_F=0.065, K_low=0.046, P_drag=-2.858e-04, P_cool=-5.926e-04, WENO=0.046 (x=0.046, y=0.046), ReL2D=130.49, eps_nu=5.661e-04, P_hv=1.763e-06, rho_mean=1.000000, p_mean=0.715471, div_rms=1.261e-01, vort_rms=8.530e-01, mass_err=-8.464e-11
step= 36000, t=15.966291, dt=4.367e-04, KE=3.132980e-02, Mt=0.2515, A_K=0.113, Cuv=-0.343, P_in=9.153e-04, P_tgt=9.100e-04, A_F=0.142, K_low=0.047, P_drag=-2.908e-04, P_cool=-6.107e-04, WENO=0.037 (x=0.037, y=0.037), ReL2D=130.94, eps_nu=5.564e-04, P_hv=1.672e-06, rho_mean=1.000000, p_mean=0.715507, div_rms=1.273e-01, vort_rms=8.452e-01, mass_err=-8.705e-11
step= 37000, t=16.399198, dt=4.332e-04, KE=3.132237e-02, Mt=0.2517, A_K=0.149, Cuv=-0.375, P_in=8.610e-04, P_tgt=8.584e-04, A_F=0.035, K_low=0.047, P_drag=-2.895e-04, P_cool=-6.101e-04, WENO=0.033 (x=0.033, y=0.033), ReL2D=132.32, eps_nu=5.542e-04, P_hv=1.668e-06, rho_mean=1.000000, p_mean=0.715506, div_rms=1.317e-01, vort_rms=8.425e-01, mass_err=-8.947e-11
step= 38000, t=16.832109, dt=4.318e-04, KE=3.141365e-02, Mt=0.2511, A_K=0.174, Cuv=-0.368, P_in=8.086e-04, P_tgt=8.086e-04, A_F=0.084, K_low=0.043, P_drag=-2.720e-04, P_cool=-5.880e-04, WENO=0.044 (x=0.044, y=0.044), ReL2D=133.00, eps_nu=5.475e-04, P_hv=1.583e-06, rho_mean=1.000000, p_mean=0.715462, div_rms=1.210e-01, vort_rms=8.394e-01, mass_err=-9.189e-11
step= 39000, t=17.263732, dt=4.304e-04, KE=3.156374e-02, Mt=0.2518, A_K=0.184, Cuv=-0.363, P_in=7.629e-04, P_tgt=7.681e-04, A_F=0.011, K_low=0.041, P_drag=-2.658e-04, P_cool=-5.540e-04, WENO=0.040 (x=0.040, y=0.040), ReL2D=135.30, eps_nu=5.475e-04, P_hv=1.545e-06, rho_mean=1.000000, p_mean=0.715394, div_rms=1.272e-01, vort_rms=8.382e-01, mass_err=-9.430e-11
step= 40000, t=17.697936, dt=4.359e-04, KE=3.142050e-02, Mt=0.2517, A_K=0.136, Cuv=-0.388, P_in=7.183e-04, P_tgt=7.141e-04, A_F=0.089, K_low=0.044, P_drag=-2.760e-04, P_cool=-5.744e-04, WENO=0.043 (x=0.043, y=0.043), ReL2D=136.50, eps_nu=5.392e-04, P_hv=1.489e-06, rho_mean=1.000000, p_mean=0.715435, div_rms=1.241e-01, vort_rms=8.323e-01, mass_err=-9.670e-11
saved snapshot: results/hit2d/thesis_hit_campaign_v1/grid_Mt025_N512_seed1234/hit2d_step0040000.npz
step= 41000, t=18.134510, dt=4.367e-04, KE=3.135162e-02, Mt=0.2512, A_K=0.073, Cuv=-0.443, P_in=6.790e-04, P_tgt=6.759e-04, A_F=0.011, K_low=0.046, P_drag=-2.822e-04, P_cool=-5.744e-04, WENO=0.052 (x=0.052, y=0.052), ReL2D=137.27, eps_nu=5.341e-04, P_hv=1.423e-06, rho_mean=1.000000, p_mean=0.715434, div_rms=1.251e-01, vort_rms=8.280e-01, mass_err=-9.911e-11
step= 42000, t=18.573649, dt=4.403e-04, KE=3.142315e-02, Mt=0.2517, A_K=0.042, Cuv=-0.478, P_in=6.435e-04, P_tgt=6.392e-04, A_F=0.117, K_low=0.047, P_drag=-2.892e-04, P_cool=-5.439e-04, WENO=0.046 (x=0.046, y=0.046), ReL2D=138.76, eps_nu=5.281e-04, P_hv=1.358e-06, rho_mean=1.000000, p_mean=0.715374, div_rms=1.290e-01, vort_rms=8.224e-01, mass_err=-1.015e-10
step= 43000, t=19.018047, dt=4.476e-04, KE=3.113951e-02, Mt=0.2508, A_K=0.052, Cuv=-0.481, P_in=6.107e-04, P_tgt=6.051e-04, A_F=0.224, K_low=0.050, P_drag=-3.108e-04, P_cool=-5.796e-04, WENO=0.035 (x=0.035, y=0.035), ReL2D=137.62, eps_nu=5.166e-04, P_hv=1.266e-06, rho_mean=1.000000, p_mean=0.715445, div_rms=1.255e-01, vort_rms=8.138e-01, mass_err=-1.040e-10
step= 44000, t=19.465086, dt=4.447e-04, KE=3.094314e-02, Mt=0.2500, A_K=0.054, Cuv=-0.454, P_in=5.993e-04, P_tgt=5.988e-04, A_F=0.122, K_low=0.055, P_drag=-3.381e-04, P_cool=-5.940e-04, WENO=0.035 (x=0.035, y=0.035), ReL2D=140.12, eps_nu=5.099e-04, P_hv=1.189e-06, rho_mean=1.000000, p_mean=0.715474, div_rms=1.187e-01, vort_rms=8.097e-01, mass_err=-1.064e-10
step= 45000, t=19.909019, dt=4.458e-04, KE=3.108488e-02, Mt=0.2504, A_K=0.063, Cuv=-0.414, P_in=5.579e-04, P_tgt=5.924e-04, A_F=0.077, K_low=0.059, P_drag=-3.668e-04, P_cool=-5.385e-04, WENO=0.039 (x=0.039, y=0.039), ReL2D=141.26, eps_nu=5.143e-04, P_hv=1.194e-06, rho_mean=1.000000, p_mean=0.715363, div_rms=1.281e-01, vort_rms=8.113e-01, mass_err=-1.088e-10
step= 46000, t=20.352836, dt=4.428e-04, KE=3.087281e-02, Mt=0.2498, A_K=0.052, Cuv=-0.391, P_in=5.832e-04, P_tgt=5.920e-04, A_F=0.187, K_low=0.068, P_drag=-4.121e-04, P_cool=-5.509e-04, WENO=0.030 (x=0.030, y=0.030), ReL2D=139.37, eps_nu=5.137e-04, P_hv=1.187e-06, rho_mean=1.000000, p_mean=0.715387, div_rms=1.226e-01, vort_rms=8.121e-01, mass_err=-1.112e-10
step= 47000, t=20.795829, dt=4.419e-04, KE=3.066371e-02, Mt=0.2488, A_K=0.033, Cuv=-0.405, P_in=6.060e-04, P_tgt=6.066e-04, A_F=0.083, K_low=0.077, P_drag=-4.687e-04, P_cool=-5.581e-04, WENO=0.036 (x=0.036, y=0.036), ReL2D=133.87, eps_nu=5.143e-04, P_hv=1.207e-06, rho_mean=1.000000, p_mean=0.715402, div_rms=1.284e-01, vort_rms=8.113e-01, mass_err=-1.136e-10
step= 48000, t=21.229421, dt=4.235e-04, KE=3.045596e-02, Mt=0.2476, A_K=0.035, Cuv=-0.429, P_in=6.595e-04, P_tgt=6.564e-04, A_F=0.007, K_low=0.087, P_drag=-5.236e-04, P_cool=-5.619e-04, WENO=0.036 (x=0.036, y=0.036), ReL2D=132.93, eps_nu=5.088e-04, P_hv=1.237e-06, rho_mean=1.000000, p_mean=0.715409, div_rms=1.219e-01, vort_rms=8.082e-01, mass_err=-1.160e-10
step= 49000, t=21.654373, dt=4.316e-04, KE=3.039712e-02, Mt=0.2479, A_K=0.041, Cuv=-0.419, P_in=7.187e-04, P_tgt=7.196e-04, A_F=0.086, K_low=0.097, P_drag=-5.741e-04, P_cool=-5.391e-04, WENO=0.037 (x=0.037, y=0.037), ReL2D=132.15, eps_nu=5.032e-04, P_hv=1.271e-06, rho_mean=1.000000, p_mean=0.715364, div_rms=1.262e-01, vort_rms=8.027e-01, mass_err=-1.184e-10
step= 50000, t=22.088106, dt=4.321e-04, KE=3.003025e-02, Mt=0.2468, A_K=0.070, Cuv=-0.362, P_in=8.023e-04, P_tgt=7.972e-04, A_F=0.039, K_low=0.104, P_drag=-6.119e-04, P_cool=-5.783e-04, WENO=0.040 (x=0.040, y=0.040), ReL2D=134.12, eps_nu=4.933e-04, P_hv=1.234e-06, rho_mean=1.000000, p_mean=0.715442, div_rms=1.219e-01, vort_rms=7.954e-01, mass_err=-1.209e-10
saved snapshot: results/hit2d/thesis_hit_campaign_v1/grid_Mt025_N512_seed1234/hit2d_step0050000.npz
step= 51000, t=22.517754, dt=4.325e-04, KE=2.975045e-02, Mt=0.2453, A_K=0.097, Cuv=-0.284, P_in=9.530e-04, P_tgt=9.440e-04, A_F=0.237, K_low=0.110, P_drag=-6.403e-04, P_cool=-6.035e-04, WENO=0.040 (x=0.040, y=0.040), ReL2D=135.54, eps_nu=4.899e-04, P_hv=1.225e-06, rho_mean=1.000000, p_mean=0.715493, div_rms=1.229e-01, vort_rms=7.924e-01, mass_err=-1.233e-10
step= 52000, t=22.952786, dt=4.318e-04, KE=2.979345e-02, Mt=0.2456, A_K=0.103, Cuv=-0.247, P_in=1.146e-03, P_tgt=1.145e-03, A_F=0.213, K_low=0.114, P_drag=-6.686e-04, P_cool=-5.770e-04, WENO=0.041 (x=0.041, y=0.041), ReL2D=138.19, eps_nu=4.937e-04, P_hv=1.261e-06, rho_mean=1.000000, p_mean=0.715440, div_rms=1.238e-01, vort_rms=7.953e-01, mass_err=-1.257e-10
step= 53000, t=23.380205, dt=4.241e-04, KE=2.996797e-02, Mt=0.2463, A_K=0.088, Cuv=-0.258, P_in=1.348e-03, P_tgt=1.350e-03, A_F=0.267, K_low=0.117, P_drag=-6.937e-04, P_cool=-5.428e-04, WENO=0.046 (x=0.046, y=0.046), ReL2D=139.17, eps_nu=4.999e-04, P_hv=1.298e-06, rho_mean=1.000000, p_mean=0.715371, div_rms=1.182e-01, vort_rms=8.016e-01, mass_err=-1.281e-10
step= 54000, t=23.807067, dt=4.304e-04, KE=3.028695e-02, Mt=0.2472, A_K=0.076, Cuv=-0.268, P_in=1.537e-03, P_tgt=1.541e-03, A_F=0.053, K_low=0.119, P_drag=-7.147e-04, P_cool=-4.983e-04, WENO=0.028 (x=0.028, y=0.028), ReL2D=138.55, eps_nu=5.096e-04, P_hv=1.350e-06, rho_mean=1.000000, p_mean=0.715282, div_rms=1.266e-01, vort_rms=8.078e-01, mass_err=-1.306e-10
step= 55000, t=24.236220, dt=4.273e-04, KE=3.028407e-02, Mt=0.2472, A_K=0.078, Cuv=-0.270, P_in=1.734e-03, P_tgt=1.723e-03, A_F=0.059, K_low=0.122, P_drag=-7.297e-04, P_cool=-5.332e-04, WENO=0.028 (x=0.028, y=0.028), ReL2D=139.27, eps_nu=5.189e-04, P_hv=1.391e-06, rho_mean=1.000000, p_mean=0.715352, div_rms=1.200e-01, vort_rms=8.168e-01, mass_err=-1.330e-10
step= 56000, t=24.666730, dt=4.370e-04, KE=3.023532e-02, Mt=0.2476, A_K=0.070, Cuv=-0.233, P_in=1.935e-03, P_tgt=1.924e-03, A_F=0.010, K_low=0.124, P_drag=-7.420e-04, P_cool=-5.880e-04, WENO=0.039 (x=0.039, y=0.039), ReL2D=135.94, eps_nu=5.246e-04, P_hv=1.379e-06, rho_mean=1.000000, p_mean=0.715462, div_rms=1.162e-01, vort_rms=8.221e-01, mass_err=-1.354e-10
step= 57000, t=25.109850, dt=4.469e-04, KE=3.055978e-02, Mt=0.2491, A_K=0.046, Cuv=-0.204, P_in=2.067e-03, P_tgt=2.063e-03, A_F=0.038, K_low=0.126, P_drag=-7.540e-04, P_cool=-5.823e-04, WENO=0.033 (x=0.033, y=0.033), ReL2D=133.19, eps_nu=5.456e-04, P_hv=1.333e-06, rho_mean=1.000000, p_mean=0.715450, div_rms=1.159e-01, vort_rms=8.389e-01, mass_err=-1.378e-10
step= 58000, t=25.557660, dt=4.532e-04, KE=3.112683e-02, Mt=0.2512, A_K=0.033, Cuv=-0.174, P_in=2.051e-03, P_tgt=2.049e-03, A_F=0.171, K_low=0.124, P_drag=-7.600e-04, P_cool=-5.367e-04, WENO=0.031 (x=0.031, y=0.031), ReL2D=134.90, eps_nu=5.677e-04, P_hv=1.359e-06, rho_mean=1.000000, p_mean=0.715359, div_rms=1.251e-01, vort_rms=8.544e-01, mass_err=-1.402e-10
step= 59000, t=26.008499, dt=4.429e-04, KE=3.136152e-02, Mt=0.2521, A_K=0.024, Cuv=-0.152, P_in=1.912e-03, P_tgt=1.915e-03, A_F=0.027, K_low=0.122, P_drag=-7.538e-04, P_cool=-5.519e-04, WENO=0.033 (x=0.033, y=0.033), ReL2D=136.44, eps_nu=5.834e-04, P_hv=1.375e-06, rho_mean=1.000000, p_mean=0.715390, div_rms=1.257e-01, vort_rms=8.664e-01, mass_err=-1.427e-10
step= 60000, t=26.445129, dt=4.358e-04, KE=3.141353e-02, Mt=0.2523, A_K=0.013, Cuv=-0.149, P_in=1.761e-03, P_tgt=1.753e-03, A_F=0.089, K_low=0.118, P_drag=-7.364e-04, P_cool=-5.871e-04, WENO=0.026 (x=0.026, y=0.026), ReL2D=133.92, eps_nu=5.930e-04, P_hv=1.459e-06, rho_mean=1.000000, p_mean=0.715460, div_rms=1.257e-01, vort_rms=8.736e-01, mass_err=-1.451e-10
saved snapshot: results/hit2d/thesis_hit_campaign_v1/grid_Mt025_N512_seed1234/hit2d_step0060000.npz
step= 61000, t=26.887735, dt=4.455e-04, KE=3.143909e-02, Mt=0.2530, A_K=0.029, Cuv=-0.121, P_in=1.554e-03, P_tgt=1.577e-03, A_F=0.078, K_low=0.115, P_drag=-7.087e-04, P_cool=-6.124e-04, WENO=0.028 (x=0.028, y=0.028), ReL2D=128.57, eps_nu=5.966e-04, P_hv=1.478e-06, rho_mean=1.000000, p_mean=0.715511, div_rms=1.277e-01, vort_rms=8.759e-01, mass_err=-1.475e-10
step= 62000, t=27.329730, dt=4.381e-04, KE=3.152096e-02, Mt=0.2530, A_K=0.079, Cuv=-0.106, P_in=1.386e-03, P_tgt=1.398e-03, A_F=0.060, K_low=0.110, P_drag=-6.802e-04, P_cool=-6.126e-04, WENO=0.037 (x=0.037, y=0.037), ReL2D=125.31, eps_nu=6.091e-04, P_hv=1.480e-06, rho_mean=1.000000, p_mean=0.715511, div_rms=1.281e-01, vort_rms=8.852e-01, mass_err=-1.500e-10
step= 63000, t=27.767747, dt=4.374e-04, KE=3.164109e-02, Mt=0.2530, A_K=0.091, Cuv=-0.138, P_in=1.238e-03, P_tgt=1.243e-03, A_F=0.023, K_low=0.105, P_drag=-6.559e-04, P_cool=-5.933e-04, WENO=0.030 (x=0.030, y=0.030), ReL2D=128.43, eps_nu=6.091e-04, P_hv=1.518e-06, rho_mean=1.000000, p_mean=0.715472, div_rms=1.320e-01, vort_rms=8.845e-01, mass_err=-1.524e-10
step= 64000, t=28.204091, dt=4.350e-04, KE=3.159422e-02, Mt=0.2530, A_K=0.053, Cuv=-0.137, P_in=1.098e-03, P_tgt=1.105e-03, A_F=0.063, K_low=0.104, P_drag=-6.498e-04, P_cool=-5.963e-04, WENO=0.032 (x=0.032, y=0.032), ReL2D=126.47, eps_nu=6.110e-04, P_hv=1.548e-06, rho_mean=1.000000, p_mean=0.715478, div_rms=1.312e-01, vort_rms=8.861e-01, mass_err=-1.548e-10
step= 65000, t=28.635131, dt=4.288e-04, KE=3.151414e-02, Mt=0.2532, A_K=0.037, Cuv=-0.146, P_in=9.923e-04, P_tgt=9.759e-04, A_F=0.212, K_low=0.106, P_drag=-6.588e-04, P_cool=-5.943e-04, WENO=0.039 (x=0.039, y=0.039), ReL2D=124.46, eps_nu=6.118e-04, P_hv=1.588e-06, rho_mean=1.000000, p_mean=0.715474, div_rms=1.357e-01, vort_rms=8.858e-01, mass_err=-1.572e-10
step= 66000, t=29.064308, dt=4.300e-04, KE=3.127165e-02, Mt=0.2518, A_K=0.074, Cuv=-0.180, P_in=8.781e-04, P_tgt=8.813e-04, A_F=0.121, K_low=0.108, P_drag=-6.659e-04, P_cool=-6.136e-04, WENO=0.044 (x=0.044, y=0.044), ReL2D=125.58, eps_nu=6.040e-04, P_hv=1.594e-06, rho_mean=1.000000, p_mean=0.715513, div_rms=1.256e-01, vort_rms=8.819e-01, mass_err=-1.596e-10
step= 67000, t=29.493189, dt=4.266e-04, KE=3.125727e-02, Mt=0.2516, A_K=0.084, Cuv=-0.223, P_in=8.253e-04, P_tgt=8.303e-04, A_F=0.017, K_low=0.109, P_drag=-6.724e-04, P_cool=-5.809e-04, WENO=0.036 (x=0.036, y=0.036), ReL2D=125.86, eps_nu=6.027e-04, P_hv=1.588e-06, rho_mean=1.000000, p_mean=0.715448, div_rms=1.299e-01, vort_rms=8.801e-01, mass_err=-1.620e-10
step= 68000, t=29.920171, dt=4.291e-04, KE=3.112851e-02, Mt=0.2515, A_K=0.058, Cuv=-0.258, P_in=7.751e-04, P_tgt=7.771e-04, A_F=0.072, K_low=0.110, P_drag=-6.773e-04, P_cool=-5.687e-04, WENO=0.052 (x=0.052, y=0.052), ReL2D=127.83, eps_nu=5.963e-04, P_hv=1.678e-06, rho_mean=1.000000, p_mean=0.715423, div_rms=1.299e-01, vort_rms=8.753e-01, mass_err=-1.645e-10
step= 69000, t=30.352805, dt=4.356e-04, KE=3.082014e-02, Mt=0.2501, A_K=0.048, Cuv=-0.241, P_in=7.526e-04, P_tgt=7.492e-04, A_F=0.111, K_low=0.111, P_drag=-6.766e-04, P_cool=-5.880e-04, WENO=0.051 (x=0.051, y=0.051), ReL2D=129.63, eps_nu=5.859e-04, P_hv=1.606e-06, rho_mean=1.000000, p_mean=0.715462, div_rms=1.229e-01, vort_rms=8.688e-01, mass_err=-1.669e-10
step= 70000, t=30.793989, dt=4.443e-04, KE=3.053210e-02, Mt=0.2485, A_K=0.059, Cuv=-0.220, P_in=7.531e-04, P_tgt=7.709e-04, A_F=0.091, K_low=0.111, P_drag=-6.703e-04, P_cool=-6.004e-04, WENO=0.040 (x=0.040, y=0.040), ReL2D=129.89, eps_nu=5.773e-04, P_hv=1.547e-06, rho_mean=1.000000, p_mean=0.715487, div_rms=1.225e-01, vort_rms=8.623e-01, mass_err=-1.693e-10
saved snapshot: results/hit2d/thesis_hit_campaign_v1/grid_Mt025_N512_seed1234/hit2d_step0070000.npz
step= 71000, t=31.237359, dt=4.435e-04, KE=3.039154e-02, Mt=0.2483, A_K=0.062, Cuv=-0.223, P_in=8.339e-04, P_tgt=8.293e-04, A_F=0.089, K_low=0.113, P_drag=-6.766e-04, P_cool=-5.875e-04, WENO=0.033 (x=0.033, y=0.033), ReL2D=129.53, eps_nu=5.722e-04, P_hv=1.601e-06, rho_mean=1.000000, p_mean=0.715461, div_rms=1.266e-01, vort_rms=8.576e-01, mass_err=-1.717e-10
step= 72000, t=31.682126, dt=4.441e-04, KE=3.028114e-02, Mt=0.2480, A_K=0.052, Cuv=-0.225, P_in=8.904e-04, P_tgt=8.889e-04, A_F=0.038, K_low=0.117, P_drag=-6.937e-04, P_cool=-5.736e-04, WENO=0.039 (x=0.039, y=0.039), ReL2D=129.63, eps_nu=5.636e-04, P_hv=1.600e-06, rho_mean=1.000000, p_mean=0.715433, div_rms=1.196e-01, vort_rms=8.523e-01, mass_err=-1.742e-10
step= 73000, t=32.121157, dt=4.329e-04, KE=3.022661e-02, Mt=0.2477, A_K=0.043, Cuv=-0.238, P_in=9.576e-04, P_tgt=9.701e-04, A_F=0.008, K_low=0.117, P_drag=-7.021e-04, P_cool=-5.551e-04, WENO=0.036 (x=0.036, y=0.036), ReL2D=128.39, eps_nu=5.565e-04, P_hv=1.587e-06, rho_mean=1.000000, p_mean=0.715396, div_rms=1.234e-01, vort_rms=8.460e-01, mass_err=-1.766e-10
step= 74000, t=32.549894, dt=4.258e-04, KE=3.012898e-02, Mt=0.2473, A_K=0.040, Cuv=-0.261, P_in=1.078e-03, P_tgt=1.073e-03, A_F=0.097, K_low=0.118, P_drag=-7.101e-04, P_cool=-5.540e-04, WENO=0.039 (x=0.039, y=0.039), ReL2D=128.21, eps_nu=5.522e-04, P_hv=1.578e-06, rho_mean=1.000000, p_mean=0.715394, div_rms=1.232e-01, vort_rms=8.427e-01, mass_err=-1.790e-10
step= 75000, t=32.974761, dt=4.301e-04, KE=2.997893e-02, Mt=0.2465, A_K=0.034, Cuv=-0.243, P_in=1.213e-03, P_tgt=1.218e-03, A_F=0.074, K_low=0.120, P_drag=-7.173e-04, P_cool=-5.725e-04, WENO=0.036 (x=0.036, y=0.036), ReL2D=129.69, eps_nu=5.466e-04, P_hv=1.634e-06, rho_mean=1.000000, p_mean=0.715431, div_rms=1.191e-01, vort_rms=8.390e-01, mass_err=-1.814e-10
step= 76000, t=33.408943, dt=4.361e-04, KE=2.996562e-02, Mt=0.2467, A_K=0.009, Cuv=-0.179, P_in=1.403e-03, P_tgt=1.401e-03, A_F=0.022, K_low=0.123, P_drag=-7.306e-04, P_cool=-5.766e-04, WENO=0.043 (x=0.043, y=0.043), ReL2D=128.20, eps_nu=5.507e-04, P_hv=1.620e-06, rho_mean=1.000000, p_mean=0.715439, div_rms=1.265e-01, vort_rms=8.408e-01, mass_err=-1.839e-10
step= 77000, t=33.850740, dt=4.507e-04, KE=3.004442e-02, Mt=0.2470, A_K=0.061, Cuv=-0.148, P_in=1.600e-03, P_tgt=1.600e-03, A_F=0.033, K_low=0.127, P_drag=-7.573e-04, P_cool=-5.765e-04, WENO=0.032 (x=0.032, y=0.032), ReL2D=127.28, eps_nu=5.567e-04, P_hv=1.614e-06, rho_mean=1.000000, p_mean=0.715439, div_rms=1.274e-01, vort_rms=8.454e-01, mass_err=-1.863e-10
step= 78000, t=34.306948, dt=4.519e-04, KE=3.010414e-02, Mt=0.2475, A_K=0.075, Cuv=-0.175, P_in=1.767e-03, P_tgt=1.789e-03, A_F=0.099, K_low=0.131, P_drag=-7.847e-04, P_cool=-5.960e-04, WENO=0.042 (x=0.042, y=0.042), ReL2D=127.38, eps_nu=5.556e-04, P_hv=1.552e-06, rho_mean=1.000000, p_mean=0.715478, div_rms=1.270e-01, vort_rms=8.446e-01, mass_err=-1.887e-10
step= 79000, t=34.754244, dt=4.444e-04, KE=3.024797e-02, Mt=0.2484, A_K=0.060, Cuv=-0.208, P_in=1.953e-03, P_tgt=1.951e-03, A_F=0.116, K_low=0.136, P_drag=-8.035e-04, P_cool=-6.095e-04, WENO=0.036 (x=0.036, y=0.036), ReL2D=128.07, eps_nu=5.607e-04, P_hv=1.566e-06, rho_mean=1.000000, p_mean=0.715505, div_rms=1.239e-01, vort_rms=8.492e-01, mass_err=-1.912e-10
step= 80000, t=35.193726, dt=4.348e-04, KE=3.067902e-02, Mt=0.2501, A_K=0.056, Cuv=-0.213, P_in=2.016e-03, P_tgt=2.013e-03, A_F=0.055, K_low=0.134, P_drag=-8.071e-04, P_cool=-5.755e-04, WENO=0.043 (x=0.043, y=0.043), ReL2D=131.29, eps_nu=5.707e-04, P_hv=1.562e-06, rho_mean=1.000000, p_mean=0.715437, div_rms=1.272e-01, vort_rms=8.563e-01, mass_err=-1.936e-10
saved snapshot: results/hit2d/thesis_hit_campaign_v1/grid_Mt025_N512_seed1234/hit2d_step0080000.npz
step= 81000, t=35.619847, dt=4.209e-04, KE=3.080012e-02, Mt=0.2504, A_K=0.098, Cuv=-0.219, P_in=2.005e-03, P_tgt=1.985e-03, A_F=0.040, K_low=0.130, P_drag=-7.896e-04, P_cool=-6.047e-04, WENO=0.043 (x=0.043, y=0.043), ReL2D=127.30, eps_nu=5.895e-04, P_hv=1.608e-06, rho_mean=1.000000, p_mean=0.715495, div_rms=1.312e-01, vort_rms=8.699e-01, mass_err=-1.960e-10
step= 82000, t=36.042516, dt=4.262e-04, KE=3.093341e-02, Mt=0.2511, A_K=0.109, Cuv=-0.199, P_in=1.927e-03, P_tgt=1.938e-03, A_F=0.033, K_low=0.126, P_drag=-7.638e-04, P_cool=-6.262e-04, WENO=0.031 (x=0.031, y=0.031), ReL2D=127.23, eps_nu=6.038e-04, P_hv=1.664e-06, rho_mean=1.000000, p_mean=0.715538, div_rms=1.339e-01, vort_rms=8.802e-01, mass_err=-1.984e-10
step= 83000, t=36.471090, dt=4.302e-04, KE=3.131400e-02, Mt=0.2524, A_K=0.096, Cuv=-0.196, P_in=1.793e-03, P_tgt=1.802e-03, A_F=0.003, K_low=0.119, P_drag=-7.320e-04, P_cool=-5.948e-04, WENO=0.046 (x=0.046, y=0.046), ReL2D=127.01, eps_nu=6.204e-04, P_hv=1.672e-06, rho_mean=1.000000, p_mean=0.715475, div_rms=1.339e-01, vort_rms=8.926e-01, mass_err=-2.009e-10
step= 84000, t=36.904827, dt=4.376e-04, KE=3.149536e-02, Mt=0.2527, A_K=0.100, Cuv=-0.191, P_in=1.622e-03, P_tgt=1.634e-03, A_F=0.058, K_low=0.113, P_drag=-6.966e-04, P_cool=-5.950e-04, WENO=0.028 (x=0.028, y=0.028), ReL2D=126.12, eps_nu=6.340e-04, P_hv=1.695e-06, rho_mean=1.000000, p_mean=0.715476, div_rms=1.294e-01, vort_rms=9.035e-01, mass_err=-2.033e-10
step= 85000, t=37.338924, dt=4.293e-04, KE=3.173962e-02, Mt=0.2537, A_K=0.127, Cuv=-0.177, P_in=1.445e-03, P_tgt=1.440e-03, A_F=0.078, K_low=0.106, P_drag=-6.550e-04, P_cool=-5.709e-04, WENO=0.033 (x=0.033, y=0.033), ReL2D=124.16, eps_nu=6.479e-04, P_hv=1.745e-06, rho_mean=1.000000, p_mean=0.715428, div_rms=1.459e-01, vort_rms=9.103e-01, mass_err=-2.057e-10
step= 86000, t=37.767086, dt=4.299e-04, KE=3.145645e-02, Mt=0.2529, A_K=0.144, Cuv=-0.174, P_in=1.259e-03, P_tgt=1.254e-03, A_F=0.241, K_low=0.098, P_drag=-6.031e-04, P_cool=-6.384e-04, WENO=0.034 (x=0.034, y=0.034), ReL2D=123.09, eps_nu=6.442e-04, P_hv=1.778e-06, rho_mean=1.000000, p_mean=0.715563, div_rms=1.362e-01, vort_rms=9.096e-01, mass_err=-2.081e-10
step= 87000, t=38.196474, dt=4.270e-04, KE=3.145504e-02, Mt=0.2529, A_K=0.132, Cuv=-0.185, P_in=1.135e-03, P_tgt=1.126e-03, A_F=0.013, K_low=0.090, P_drag=-5.513e-04, P_cool=-6.357e-04, WENO=0.027 (x=0.027, y=0.027), ReL2D=123.59, eps_nu=6.383e-04, P_hv=1.756e-06, rho_mean=1.000000, p_mean=0.715557, div_rms=1.441e-01, vort_rms=9.036e-01, mass_err=-2.105e-10
step= 88000, t=38.617835, dt=4.177e-04, KE=3.152775e-02, Mt=0.2530, A_K=0.151, Cuv=-0.178, P_in=1.004e-03, P_tgt=1.003e-03, A_F=0.100, K_low=0.082, P_drag=-5.066e-04, P_cool=-6.135e-04, WENO=0.033 (x=0.033, y=0.033), ReL2D=126.14, eps_nu=6.301e-04, P_hv=1.789e-06, rho_mean=1.000000, p_mean=0.715513, div_rms=1.374e-01, vort_rms=8.990e-01, mass_err=-2.130e-10
step= 89000, t=39.032237, dt=4.112e-04, KE=3.146206e-02, Mt=0.2524, A_K=0.171, Cuv=-0.140, P_in=8.953e-04, P_tgt=8.988e-04, A_F=0.167, K_low=0.074, P_drag=-4.575e-04, P_cool=-6.149e-04, WENO=0.042 (x=0.042, y=0.042), ReL2D=127.12, eps_nu=6.240e-04, P_hv=1.780e-06, rho_mean=1.000000, p_mean=0.715516, div_rms=1.304e-01, vort_rms=8.959e-01, mass_err=-2.154e-10
step= 90000, t=39.446009, dt=4.145e-04, KE=3.120546e-02, Mt=0.2516, A_K=0.184, Cuv=-0.117, P_in=8.313e-04, P_tgt=8.306e-04, A_F=0.054, K_low=0.067, P_drag=-4.141e-04, P_cool=-6.494e-04, WENO=0.034 (x=0.034, y=0.034), ReL2D=130.39, eps_nu=6.164e-04, P_hv=1.758e-06, rho_mean=1.000000, p_mean=0.715584, div_rms=1.347e-01, vort_rms=8.895e-01, mass_err=-2.178e-10
saved snapshot: results/hit2d/thesis_hit_campaign_v1/grid_Mt025_N512_seed1234/hit2d_step0090000.npz
step= 91000, t=39.859503, dt=4.148e-04, KE=3.107670e-02, Mt=0.2513, A_K=0.195, Cuv=-0.101, P_in=7.882e-04, P_tgt=7.873e-04, A_F=0.035, K_low=0.064, P_drag=-3.891e-04, P_cool=-6.545e-04, WENO=0.037 (x=0.037, y=0.037), ReL2D=130.74, eps_nu=6.135e-04, P_hv=1.748e-06, rho_mean=1.000000, p_mean=0.715595, div_rms=1.404e-01, vort_rms=8.861e-01, mass_err=-2.202e-10
step= 92000, t=40.280665, dt=4.246e-04, KE=3.113365e-02, Mt=0.2513, A_K=0.189, Cuv=-0.072, P_in=7.351e-04, P_tgt=7.478e-04, A_F=0.265, K_low=0.061, P_drag=-3.712e-04, P_cool=-6.219e-04, WENO=0.037 (x=0.037, y=0.037), ReL2D=131.72, eps_nu=6.077e-04, P_hv=1.673e-06, rho_mean=1.000000, p_mean=0.715529, div_rms=1.372e-01, vort_rms=8.824e-01, mass_err=-2.227e-10
step= 93000, t=40.702403, dt=4.212e-04, KE=3.104555e-02, Mt=0.2512, A_K=0.202, Cuv=-0.092, P_in=7.149e-04, P_tgt=7.111e-04, A_F=0.148, K_low=0.058, P_drag=-3.523e-04, P_cool=-6.184e-04, WENO=0.035 (x=0.035, y=0.035), ReL2D=131.44, eps_nu=6.042e-04, P_hv=1.638e-06, rho_mean=1.000000, p_mean=0.715523, div_rms=1.300e-01, vort_rms=8.813e-01, mass_err=-2.251e-10
warning: flow component anisotropy has increased over the last three diagnostic samples
step= 94000, t=41.125263, dt=4.259e-04, KE=3.100491e-02, Mt=0.2511, A_K=0.225, Cuv=-0.122, P_in=6.790e-04, P_tgt=6.769e-04, A_F=0.153, K_low=0.056, P_drag=-3.394e-04, P_cool=-6.046e-04, WENO=0.036 (x=0.036, y=0.036), ReL2D=132.98, eps_nu=6.049e-04, P_hv=1.627e-06, rho_mean=1.000000, p_mean=0.715495, div_rms=1.389e-01, vort_rms=8.800e-01, mass_err=-2.275e-10
warning: flow component anisotropy has increased over the last three diagnostic samples
step= 95000, t=41.556865, dt=4.365e-04, KE=3.071255e-02, Mt=0.2498, A_K=0.229, Cuv=-0.108, P_in=6.631e-04, P_tgt=6.628e-04, A_F=0.015, K_low=0.055, P_drag=-3.333e-04, P_cool=-6.383e-04, WENO=0.045 (x=0.045, y=0.045), ReL2D=134.36, eps_nu=5.973e-04, P_hv=1.584e-06, rho_mean=1.000000, p_mean=0.715562, div_rms=1.290e-01, vort_rms=8.763e-01, mass_err=-2.299e-10
step= 96000, t=41.997108, dt=4.442e-04, KE=3.061183e-02, Mt=0.2490, A_K=0.193, Cuv=-0.058, P_in=6.656e-04, P_tgt=6.800e-04, A_F=0.223, K_low=0.053, P_drag=-3.204e-04, P_cool=-6.323e-04, WENO=0.041 (x=0.041, y=0.041), ReL2D=132.94, eps_nu=5.963e-04, P_hv=1.566e-06, rho_mean=1.000000, p_mean=0.715550, div_rms=1.341e-01, vort_rms=8.745e-01, mass_err=-2.324e-10
step= 97000, t=42.440242, dt=4.374e-04, KE=3.049551e-02, Mt=0.2490, A_K=0.145, Cuv=-0.046, P_in=7.132e-04, P_tgt=7.106e-04, A_F=0.005, K_low=0.050, P_drag=-3.011e-04, P_cool=-6.351e-04, WENO=0.033 (x=0.033, y=0.033), ReL2D=134.43, eps_nu=5.859e-04, P_hv=1.556e-06, rho_mean=1.000000, p_mean=0.715556, div_rms=1.300e-01, vort_rms=8.674e-01, mass_err=-2.348e-10
step= 98000, t=42.870920, dt=4.288e-04, KE=3.022060e-02, Mt=0.2485, A_K=0.134, Cuv=-0.072, P_in=7.435e-04, P_tgt=7.431e-04, A_F=0.116, K_low=0.048, P_drag=-2.897e-04, P_cool=-6.716e-04, WENO=0.051 (x=0.051, y=0.051), ReL2D=135.05, eps_nu=5.767e-04, P_hv=1.604e-06, rho_mean=1.000000, p_mean=0.715629, div_rms=1.319e-01, vort_rms=8.599e-01, mass_err=-2.372e-10
step= 99000, t=43.300762, dt=4.299e-04, KE=3.011918e-02, Mt=0.2480, A_K=0.087, Cuv=-0.136, P_in=8.046e-04, P_tgt=8.042e-04, A_F=0.018, K_low=0.048, P_drag=-2.889e-04, P_cool=-6.744e-04, WENO=0.051 (x=0.051, y=0.051), ReL2D=132.61, eps_nu=5.658e-04, P_hv=1.541e-06, rho_mean=1.000000, p_mean=0.715635, div_rms=1.333e-01, vort_rms=8.513e-01, mass_err=-2.396e-10
step=100000, t=43.729024, dt=4.237e-04, KE=3.036013e-02, Mt=0.2490, A_K=0.049, Cuv=-0.150, P_in=8.524e-04, P_tgt=8.540e-04, A_F=0.114, K_low=0.048, P_drag=-2.880e-04, P_cool=-6.180e-04, WENO=0.036 (x=0.036, y=0.036), ReL2D=132.63, eps_nu=5.592e-04, P_hv=1.502e-06, rho_mean=1.000000, p_mean=0.715522, div_rms=1.394e-01, vort_rms=8.448e-01, mass_err=-2.420e-10
saved snapshot: results/hit2d/thesis_hit_campaign_v1/grid_Mt025_N512_seed1234/hit2d_step0100000.npz
step=101000, t=44.155365, dt=4.316e-04, KE=3.045641e-02, Mt=0.2493, A_K=0.047, Cuv=-0.143, P_in=8.827e-04, P_tgt=8.795e-04, A_F=0.061, K_low=0.047, P_drag=-2.795e-04, P_cool=-5.969e-04, WENO=0.040 (x=0.040, y=0.040), ReL2D=134.14, eps_nu=5.531e-04, P_hv=1.511e-06, rho_mean=1.000000, p_mean=0.715480, div_rms=1.392e-01, vort_rms=8.401e-01, mass_err=-2.445e-10
step=102000, t=44.589982, dt=4.333e-04, KE=3.046154e-02, Mt=0.2489, A_K=0.030, Cuv=-0.148, P_in=9.085e-04, P_tgt=9.099e-04, A_F=0.126, K_low=0.047, P_drag=-2.754e-04, P_cool=-5.977e-04, WENO=0.036 (x=0.036, y=0.036), ReL2D=134.25, eps_nu=5.495e-04, P_hv=1.484e-06, rho_mean=1.000000, p_mean=0.715481, div_rms=1.357e-01, vort_rms=8.380e-01, mass_err=-2.469e-10
step=103000, t=45.016517, dt=4.250e-04, KE=3.054179e-02, Mt=0.2492, A_K=0.004, Cuv=-0.142, P_in=9.580e-04, P_tgt=9.523e-04, A_F=0.082, K_low=0.047, P_drag=-2.818e-04, P_cool=-5.936e-04, WENO=0.034 (x=0.034, y=0.034), ReL2D=133.07, eps_nu=5.477e-04, P_hv=1.504e-06, rho_mean=1.000000, p_mean=0.715473, div_rms=1.351e-01, vort_rms=8.367e-01, mass_err=-2.493e-10
step=104000, t=45.445847, dt=4.355e-04, KE=3.075780e-02, Mt=0.2502, A_K=0.062, Cuv=-0.125, P_in=9.581e-04, P_tgt=9.639e-04, A_F=0.167, K_low=0.046, P_drag=-2.835e-04, P_cool=-5.695e-04, WENO=0.042 (x=0.042, y=0.042), ReL2D=133.10, eps_nu=5.458e-04, P_hv=1.475e-06, rho_mean=1.000000, p_mean=0.715425, div_rms=1.362e-01, vort_rms=8.350e-01, mass_err=-2.517e-10
step=105000, t=45.885455, dt=4.406e-04, KE=3.071298e-02, Mt=0.2497, A_K=0.067, Cuv=-0.145, P_in=9.593e-04, P_tgt=9.605e-04, A_F=0.157, K_low=0.047, P_drag=-2.911e-04, P_cool=-5.877e-04, WENO=0.043 (x=0.043, y=0.043), ReL2D=132.12, eps_nu=5.403e-04, P_hv=1.428e-06, rho_mean=1.000000, p_mean=0.715461, div_rms=1.310e-01, vort_rms=8.317e-01, mass_err=-2.542e-10
step=106000, t=46.326229, dt=4.404e-04, KE=3.067432e-02, Mt=0.2498, A_K=0.049, Cuv=-0.193, P_in=9.810e-04, P_tgt=9.764e-04, A_F=0.016, K_low=0.052, P_drag=-3.140e-04, P_cool=-6.013e-04, WENO=0.039 (x=0.039, y=0.039), ReL2D=131.58, eps_nu=5.361e-04, P_hv=1.410e-06, rho_mean=1.000000, p_mean=0.715488, div_rms=1.292e-01, vort_rms=8.287e-01, mass_err=-2.566e-10
step=107000, t=46.768018, dt=4.410e-04, KE=3.090745e-02, Mt=0.2511, A_K=0.017, Cuv=-0.209, P_in=9.489e-04, P_tgt=9.567e-04, A_F=0.078, K_low=0.057, P_drag=-3.460e-04, P_cool=-5.601e-04, WENO=0.035 (x=0.035, y=0.035), ReL2D=133.79, eps_nu=5.360e-04, P_hv=1.410e-06, rho_mean=1.000000, p_mean=0.715406, div_rms=1.321e-01, vort_rms=8.281e-01, mass_err=-2.590e-10
step=108000, t=47.207587, dt=4.400e-04, KE=3.092500e-02, Mt=0.2510, A_K=0.010, Cuv=-0.187, P_in=9.257e-04, P_tgt=9.160e-04, A_F=0.173, K_low=0.063, P_drag=-3.779e-04, P_cool=-5.582e-04, WENO=0.029 (x=0.029, y=0.029), ReL2D=133.55, eps_nu=5.348e-04, P_hv=1.408e-06, rho_mean=1.000000, p_mean=0.715402, div_rms=1.314e-01, vort_rms=8.272e-01, mass_err=-2.614e-10
step=109000, t=47.649081, dt=4.432e-04, KE=3.065177e-02, Mt=0.2498, A_K=0.040, Cuv=-0.149, P_in=9.034e-04, P_tgt=9.030e-04, A_F=0.161, K_low=0.070, P_drag=-4.173e-04, P_cool=-6.061e-04, WENO=0.038 (x=0.038, y=0.038), ReL2D=134.71, eps_nu=5.277e-04, P_hv=1.387e-06, rho_mean=1.000000, p_mean=0.715498, div_rms=1.193e-01, vort_rms=8.240e-01, mass_err=-2.639e-10
step=110000, t=48.090504, dt=4.407e-04, KE=3.074314e-02, Mt=0.2500, A_K=0.043, Cuv=-0.126, P_in=9.073e-04, P_tgt=9.098e-04, A_F=0.151, K_low=0.076, P_drag=-4.594e-04, P_cool=-5.767e-04, WENO=0.037 (x=0.037, y=0.037), ReL2D=138.46, eps_nu=5.275e-04, P_hv=1.384e-06, rho_mean=1.000000, p_mean=0.715439, div_rms=1.286e-01, vort_rms=8.220e-01, mass_err=-2.663e-10
saved snapshot: results/hit2d/thesis_hit_campaign_v1/grid_Mt025_N512_seed1234/hit2d_step0110000.npz
step=111000, t=48.532628, dt=4.391e-04, KE=3.070457e-02, Mt=0.2501, A_K=0.021, Cuv=-0.132, P_in=9.141e-04, P_tgt=9.056e-04, A_F=0.037, K_low=0.081, P_drag=-4.910e-04, P_cool=-5.723e-04, WENO=0.045 (x=0.045, y=0.045), ReL2D=138.57, eps_nu=5.240e-04, P_hv=1.363e-06, rho_mean=1.000000, p_mean=0.715430, div_rms=1.282e-01, vort_rms=8.193e-01, mass_err=-2.687e-10
step=112000, t=48.968691, dt=4.327e-04, KE=3.048790e-02, Mt=0.2494, A_K=0.016, Cuv=-0.167, P_in=9.110e-04, P_tgt=9.122e-04, A_F=0.082, K_low=0.088, P_drag=-5.204e-04, P_cool=-5.996e-04, WENO=0.036 (x=0.036, y=0.036), ReL2D=141.59, eps_nu=5.183e-04, P_hv=1.351e-06, rho_mean=1.000000, p_mean=0.715485, div_rms=1.239e-01, vort_rms=8.155e-01, mass_err=-2.711e-10
step=113000, t=49.404757, dt=4.412e-04, KE=3.038355e-02, Mt=0.2488, A_K=0.096, Cuv=-0.203, P_in=9.575e-04, P_tgt=9.469e-04, A_F=0.340, K_low=0.095, P_drag=-5.592e-04, P_cool=-6.018e-04, WENO=0.038 (x=0.038, y=0.038), ReL2D=141.96, eps_nu=5.161e-04, P_hv=1.362e-06, rho_mean=1.000000, p_mean=0.715489, div_rms=1.267e-01, vort_rms=8.131e-01, mass_err=-2.736e-10
step=114000, t=49.845361, dt=4.378e-04, KE=3.059663e-02, Mt=0.2496, A_K=0.170, Cuv=-0.201, P_in=9.813e-04, P_tgt=9.838e-04, A_F=0.071, K_low=0.102, P_drag=-6.089e-04, P_cool=-5.422e-04, WENO=0.030 (x=0.030, y=0.030), ReL2D=144.55, eps_nu=5.173e-04, P_hv=1.366e-06, rho_mean=1.000000, p_mean=0.715370, div_rms=1.304e-01, vort_rms=8.134e-01, mass_err=-2.760e-10
step=115000, t=50.283028, dt=4.393e-04, KE=3.068775e-02, Mt=0.2501, A_K=0.172, Cuv=-0.160, P_in=9.834e-04, P_tgt=9.839e-04, A_F=0.217, K_low=0.108, P_drag=-6.540e-04, P_cool=-5.098e-04, WENO=0.050 (x=0.050, y=0.050), ReL2D=147.29, eps_nu=5.184e-04, P_hv=1.334e-06, rho_mean=1.000000, p_mean=0.715305, div_rms=1.261e-01, vort_rms=8.151e-01, mass_err=-2.784e-10
step=116000, t=50.723705, dt=4.400e-04, KE=3.053528e-02, Mt=0.2493, A_K=0.149, Cuv=-0.123, P_in=9.879e-04, P_tgt=9.956e-04, A_F=0.100, K_low=0.115, P_drag=-6.957e-04, P_cool=-5.222e-04, WENO=0.036 (x=0.036, y=0.036), ReL2D=146.87, eps_nu=5.148e-04, P_hv=1.299e-06, rho_mean=1.000000, p_mean=0.715330, div_rms=1.252e-01, vort_rms=8.124e-01, mass_err=-2.808e-10
step=117000, t=51.155632, dt=4.255e-04, KE=3.029398e-02, Mt=0.2483, A_K=0.131, Cuv=-0.116, P_in=1.041e-03, P_tgt=1.046e-03, A_F=0.031, K_low=0.122, P_drag=-7.287e-04, P_cool=-5.507e-04, WENO=0.030 (x=0.030, y=0.030), ReL2D=139.52, eps_nu=5.132e-04, P_hv=1.333e-06, rho_mean=1.000000, p_mean=0.715387, div_rms=1.295e-01, vort_rms=8.102e-01, mass_err=-2.833e-10
step=118000, t=51.581486, dt=4.270e-04, KE=3.001130e-02, Mt=0.2476, A_K=0.128, Cuv=-0.135, P_in=1.151e-03, P_tgt=1.143e-03, A_F=0.062, K_low=0.127, P_drag=-7.418e-04, P_cool=-5.885e-04, WENO=0.026 (x=0.026, y=0.026), ReL2D=134.19, eps_nu=5.186e-04, P_hv=1.369e-06, rho_mean=1.000000, p_mean=0.715463, div_rms=1.252e-01, vort_rms=8.155e-01, mass_err=-2.857e-10
step=119000, t=52.002888, dt=4.226e-04, KE=2.998210e-02, Mt=0.2474, A_K=0.120, Cuv=-0.139, P_in=1.266e-03, P_tgt=1.268e-03, A_F=0.046, K_low=0.126, P_drag=-7.374e-04, P_cool=-5.840e-04, WENO=0.038 (x=0.038, y=0.038), ReL2D=133.20, eps_nu=5.198e-04, P_hv=1.364e-06, rho_mean=1.000000, p_mean=0.715454, div_rms=1.211e-01, vort_rms=8.173e-01, mass_err=-2.881e-10
step=120000, t=52.426828, dt=4.235e-04, KE=3.032119e-02, Mt=0.2487, A_K=0.068, Cuv=-0.142, P_in=1.376e-03, P_tgt=1.378e-03, A_F=0.035, K_low=0.125, P_drag=-7.415e-04, P_cool=-5.195e-04, WENO=0.040 (x=0.040, y=0.040), ReL2D=132.87, eps_nu=5.250e-04, P_hv=1.351e-06, rho_mean=1.000000, p_mean=0.715325, div_rms=1.306e-01, vort_rms=8.195e-01, mass_err=-2.905e-10
saved snapshot: results/hit2d/thesis_hit_campaign_v1/grid_Mt025_N512_seed1234/hit2d_step0120000.npz
step=121000, t=52.850471, dt=4.223e-04, KE=3.036615e-02, Mt=0.2493, A_K=0.069, Cuv=-0.157, P_in=1.439e-03, P_tgt=1.428e-03, A_F=0.054, K_low=0.127, P_drag=-7.489e-04, P_cool=-5.231e-04, WENO=0.033 (x=0.033, y=0.033), ReL2D=129.41, eps_nu=5.356e-04, P_hv=1.335e-06, rho_mean=1.000000, p_mean=0.715332, div_rms=1.256e-01, vort_rms=8.290e-01, mass_err=-2.930e-10
step=122000, t=53.272843, dt=4.222e-04, KE=3.034414e-02, Mt=0.2491, A_K=0.084, Cuv=-0.175, P_in=1.496e-03, P_tgt=1.474e-03, A_F=0.152, K_low=0.124, P_drag=-7.369e-04, P_cool=-5.416e-04, WENO=0.047 (x=0.047, y=0.047), ReL2D=126.44, eps_nu=5.408e-04, P_hv=1.299e-06, rho_mean=1.000000, p_mean=0.715369, div_rms=1.238e-01, vort_rms=8.336e-01, mass_err=-2.954e-10
step=123000, t=53.692088, dt=4.177e-04, KE=3.051017e-02, Mt=0.2494, A_K=0.063, Cuv=-0.201, P_in=1.535e-03, P_tgt=1.524e-03, A_F=0.066, K_low=0.118, P_drag=-7.096e-04, P_cool=-5.286e-04, WENO=0.036 (x=0.036, y=0.036), ReL2D=127.72, eps_nu=5.515e-04, P_hv=1.304e-06, rho_mean=1.000000, p_mean=0.715343, div_rms=1.215e-01, vort_rms=8.425e-01, mass_err=-2.978e-10
step=124000, t=54.108999, dt=4.184e-04, KE=3.053876e-02, Mt=0.2495, A_K=0.036, Cuv=-0.188, P_in=1.550e-03, P_tgt=1.554e-03, A_F=0.049, K_low=0.115, P_drag=-6.909e-04, P_cool=-5.486e-04, WENO=0.030 (x=0.030, y=0.030), ReL2D=129.09, eps_nu=5.511e-04, P_hv=1.390e-06, rho_mean=1.000000, p_mean=0.715383, div_rms=1.200e-01, vort_rms=8.425e-01, mass_err=-3.002e-10
step=125000, t=54.528647, dt=4.213e-04, KE=3.050450e-02, Mt=0.2500, A_K=0.044, Cuv=-0.158, P_in=1.576e-03, P_tgt=1.574e-03, A_F=0.133, K_low=0.116, P_drag=-6.855e-04, P_cool=-5.818e-04, WENO=0.040 (x=0.040, y=0.040), ReL2D=127.92, eps_nu=5.549e-04, P_hv=1.371e-06, rho_mean=1.000000, p_mean=0.715449, div_rms=1.227e-01, vort_rms=8.449e-01, mass_err=-3.027e-10
step=126000, t=54.954459, dt=4.263e-04, KE=3.062297e-02, Mt=0.2504, A_K=0.081, Cuv=-0.146, P_in=1.583e-03, P_tgt=1.562e-03, A_F=0.192, K_low=0.115, P_drag=-6.820e-04, P_cool=-5.837e-04, WENO=0.040 (x=0.040, y=0.040), ReL2D=127.75, eps_nu=5.612e-04, P_hv=1.356e-06, rho_mean=1.000000, p_mean=0.715453, div_rms=1.244e-01, vort_rms=8.495e-01, mass_err=-3.051e-10
step=127000, t=55.378796, dt=4.232e-04, KE=3.094343e-02, Mt=0.2514, A_K=0.126, Cuv=-0.150, P_in=1.512e-03, P_tgt=1.508e-03, A_F=0.096, K_low=0.111, P_drag=-6.762e-04, P_cool=-5.454e-04, WENO=0.050 (x=0.050, y=0.050), ReL2D=125.06, eps_nu=5.806e-04, P_hv=1.360e-06, rho_mean=1.000000, p_mean=0.715377, div_rms=1.335e-01, vort_rms=8.626e-01, mass_err=-3.075e-10
step=128000, t=55.802046, dt=4.226e-04, KE=3.099452e-02, Mt=0.2517, A_K=0.119, Cuv=-0.134, P_in=1.418e-03, P_tgt=1.419e-03, A_F=0.032, K_low=0.109, P_drag=-6.706e-04, P_cool=-5.555e-04, WENO=0.044 (x=0.044, y=0.044), ReL2D=121.75, eps_nu=5.866e-04, P_hv=1.413e-06, rho_mean=1.000000, p_mean=0.715397, div_rms=1.331e-01, vort_rms=8.673e-01, mass_err=-3.100e-10
step=129000, t=56.222680, dt=4.193e-04, KE=3.102175e-02, Mt=0.2519, A_K=0.108, Cuv=-0.120, P_in=1.330e-03, P_tgt=1.321e-03, A_F=0.126, K_low=0.110, P_drag=-6.752e-04, P_cool=-5.619e-04, WENO=0.043 (x=0.043, y=0.043), ReL2D=119.86, eps_nu=5.856e-04, P_hv=1.392e-06, rho_mean=1.000000, p_mean=0.715409, div_rms=1.267e-01, vort_rms=8.678e-01, mass_err=-3.124e-10
step=130000, t=56.642230, dt=4.199e-04, KE=3.112151e-02, Mt=0.2521, A_K=0.083, Cuv=-0.110, P_in=1.210e-03, P_tgt=1.222e-03, A_F=0.100, K_low=0.112, P_drag=-6.927e-04, P_cool=-5.451e-04, WENO=0.044 (x=0.044, y=0.044), ReL2D=118.82, eps_nu=5.877e-04, P_hv=1.402e-06, rho_mean=1.000000, p_mean=0.715376, div_rms=1.297e-01, vort_rms=8.689e-01, mass_err=-3.148e-10
saved snapshot: results/hit2d/thesis_hit_campaign_v1/grid_Mt025_N512_seed1234/hit2d_step0130000.npz
step=131000, t=57.064884, dt=4.240e-04, KE=3.101693e-02, Mt=0.2512, A_K=0.068, Cuv=-0.078, P_in=1.139e-03, P_tgt=1.142e-03, A_F=0.164, K_low=0.116, P_drag=-7.177e-04, P_cool=-5.595e-04, WENO=0.037 (x=0.037, y=0.037), ReL2D=118.98, eps_nu=5.856e-04, P_hv=1.401e-06, rho_mean=1.000000, p_mean=0.715405, div_rms=1.249e-01, vort_rms=8.682e-01, mass_err=-3.172e-10
step=132000, t=57.491003, dt=4.293e-04, KE=3.097198e-02, Mt=0.2508, A_K=0.084, Cuv=-0.034, P_in=1.098e-03, P_tgt=1.106e-03, A_F=0.208, K_low=0.120, P_drag=-7.489e-04, P_cool=-5.537e-04, WENO=0.039 (x=0.039, y=0.039), ReL2D=120.60, eps_nu=5.854e-04, P_hv=1.371e-06, rho_mean=1.000000, p_mean=0.715393, div_rms=1.202e-01, vort_rms=8.689e-01, mass_err=-3.196e-10
step=133000, t=57.919570, dt=4.258e-04, KE=3.091390e-02, Mt=0.2512, A_K=0.105, Cuv=-0.016, P_in=1.063e-03, P_tgt=1.059e-03, A_F=0.130, K_low=0.127, P_drag=-7.870e-04, P_cool=-5.459e-04, WENO=0.044 (x=0.044, y=0.044), ReL2D=120.90, eps_nu=5.838e-04, P_hv=1.341e-06, rho_mean=1.000000, p_mean=0.715377, div_rms=1.212e-01, vort_rms=8.675e-01, mass_err=-3.221e-10
step=134000, t=58.344935, dt=4.250e-04, KE=3.067529e-02, Mt=0.2504, A_K=0.113, Cuv=0.003, P_in=1.022e-03, P_tgt=1.025e-03, A_F=0.029, K_low=0.136, P_drag=-8.287e-04, P_cool=-5.666e-04, WENO=0.035 (x=0.035, y=0.035), ReL2D=119.00, eps_nu=5.793e-04, P_hv=1.322e-06, rho_mean=1.000000, p_mean=0.715419, div_rms=1.209e-01, vort_rms=8.642e-01, mass_err=-3.245e-10
step=135000, t=58.769966, dt=4.223e-04, KE=3.053381e-02, Mt=0.2495, A_K=0.074, Cuv=0.068, P_in=1.024e-03, P_tgt=1.028e-03, A_F=0.046, K_low=0.143, P_drag=-8.681e-04, P_cool=-5.618e-04, WENO=0.034 (x=0.034, y=0.034), ReL2D=119.19, eps_nu=5.724e-04, P_hv=1.306e-06, rho_mean=1.000000, p_mean=0.715409, div_rms=1.261e-01, vort_rms=8.578e-01, mass_err=-3.269e-10
step=136000, t=59.194529, dt=4.288e-04, KE=3.050228e-02, Mt=0.2490, A_K=0.043, Cuv=0.096, P_in=1.050e-03, P_tgt=1.059e-03, A_F=0.066, K_low=0.149, P_drag=-9.075e-04, P_cool=-5.350e-04, WENO=0.030 (x=0.030, y=0.030), ReL2D=121.02, eps_nu=5.691e-04, P_hv=1.288e-06, rho_mean=1.000000, p_mean=0.715356, div_rms=1.278e-01, vort_rms=8.549e-01, mass_err=-3.293e-10
step=137000, t=59.623207, dt=4.280e-04, KE=3.044920e-02, Mt=0.2485, A_K=0.053, Cuv=0.087, P_in=1.106e-03, P_tgt=1.111e-03, A_F=0.088, K_low=0.154, P_drag=-9.380e-04, P_cool=-5.146e-04, WENO=0.037 (x=0.037, y=0.037), ReL2D=123.20, eps_nu=5.681e-04, P_hv=1.297e-06, rho_mean=1.000000, p_mean=0.715315, div_rms=1.303e-01, vort_rms=8.536e-01, mass_err=-3.318e-10
step=138000, t=60.057797, dt=4.397e-04, KE=3.007671e-02, Mt=0.2469, A_K=0.059, Cuv=0.094, P_in=1.237e-03, P_tgt=1.221e-03, A_F=0.062, K_low=0.159, P_drag=-9.563e-04, P_cool=-5.610e-04, WENO=0.035 (x=0.035, y=0.035), ReL2D=121.44, eps_nu=5.667e-04, P_hv=1.272e-06, rho_mean=1.000000, p_mean=0.715408, div_rms=1.225e-01, vort_rms=8.541e-01, mass_err=-3.342e-10
step=139000, t=60.502135, dt=4.470e-04, KE=2.988917e-02, Mt=0.2461, A_K=0.057, Cuv=0.051, P_in=1.411e-03, P_tgt=1.417e-03, A_F=0.011, K_low=0.162, P_drag=-9.675e-04, P_cool=-5.800e-04, WENO=0.036 (x=0.036, y=0.036), ReL2D=118.75, eps_nu=5.692e-04, P_hv=1.265e-06, rho_mean=1.000000, p_mean=0.715446, div_rms=1.316e-01, vort_rms=8.542e-01, mass_err=-3.366e-10
step=140000, t=60.942153, dt=4.376e-04, KE=3.000087e-02, Mt=0.2470, A_K=0.033, Cuv=0.022, P_in=1.619e-03, P_tgt=1.635e-03, A_F=0.113, K_low=0.166, P_drag=-9.877e-04, P_cool=-5.562e-04, WENO=0.038 (x=0.038, y=0.038), ReL2D=118.74, eps_nu=5.734e-04, P_hv=1.255e-06, rho_mean=1.000000, p_mean=0.715398, div_rms=1.331e-01, vort_rms=8.572e-01, mass_err=-3.390e-10
saved snapshot: results/hit2d/thesis_hit_campaign_v1/grid_Mt025_N512_seed1234/hit2d_step0140000.npz
step=141000, t=61.385591, dt=4.426e-04, KE=3.003683e-02, Mt=0.2468, A_K=0.018, Cuv=0.034, P_in=1.841e-03, P_tgt=1.841e-03, A_F=0.259, K_low=0.169, P_drag=-1.005e-03, P_cool=-5.654e-04, WENO=0.029 (x=0.029, y=0.029), ReL2D=119.91, eps_nu=5.763e-04, P_hv=1.274e-06, rho_mean=1.000000, p_mean=0.715416, div_rms=1.270e-01, vort_rms=8.607e-01, mass_err=-3.414e-10
step=142000, t=61.820495, dt=4.331e-04, KE=3.014968e-02, Mt=0.2471, A_K=0.009, Cuv=0.055, P_in=2.099e-03, P_tgt=2.097e-03, A_F=0.204, K_low=0.167, P_drag=-1.000e-03, P_cool=-5.774e-04, WENO=0.036 (x=0.036, y=0.036), ReL2D=121.71, eps_nu=5.916e-04, P_hv=1.304e-06, rho_mean=1.000000, p_mean=0.715441, div_rms=1.359e-01, vort_rms=8.706e-01, mass_err=-3.439e-10
step=143000, t=62.254340, dt=4.330e-04, KE=3.047447e-02, Mt=0.2488, A_K=0.013, Cuv=0.051, P_in=2.288e-03, P_tgt=2.277e-03, A_F=0.129, K_low=0.163, P_drag=-9.925e-04, P_cool=-5.676e-04, WENO=0.034 (x=0.034, y=0.034), ReL2D=120.87, eps_nu=6.058e-04, P_hv=1.339e-06, rho_mean=1.000000, p_mean=0.715421, div_rms=1.434e-01, vort_rms=8.797e-01, mass_err=-3.463e-10
step=144000, t=62.688289, dt=4.330e-04, KE=3.066573e-02, Mt=0.2496, A_K=0.032, Cuv=0.089, P_in=2.363e-03, P_tgt=2.361e-03, A_F=0.092, K_low=0.161, P_drag=-9.889e-04, P_cool=-5.947e-04, WENO=0.040 (x=0.040, y=0.040), ReL2D=119.97, eps_nu=6.146e-04, P_hv=1.356e-06, rho_mean=1.000000, p_mean=0.715475, div_rms=1.333e-01, vort_rms=8.884e-01, mass_err=-3.487e-10
step=145000, t=63.117647, dt=4.262e-04, KE=3.100298e-02, Mt=0.2510, A_K=0.045, Cuv=0.166, P_in=2.360e-03, P_tgt=2.342e-03, A_F=0.158, K_low=0.158, P_drag=-9.794e-04, P_cool=-5.942e-04, WENO=0.031 (x=0.031, y=0.031), ReL2D=119.41, eps_nu=6.217e-04, P_hv=1.393e-06, rho_mean=1.000000, p_mean=0.715474, div_rms=1.294e-01, vort_rms=8.944e-01, mass_err=-3.512e-10
step=146000, t=63.546980, dt=4.297e-04, KE=3.132111e-02, Mt=0.2524, A_K=0.050, Cuv=0.222, P_in=2.190e-03, P_tgt=2.189e-03, A_F=0.102, K_low=0.154, P_drag=-9.644e-04, P_cool=-5.918e-04, WENO=0.031 (x=0.031, y=0.031), ReL2D=119.79, eps_nu=6.314e-04, P_hv=1.392e-06, rho_mean=1.000000, p_mean=0.715469, div_rms=1.198e-01, vort_rms=9.033e-01, mass_err=-3.536e-10
step=147000, t=63.973682, dt=4.228e-04, KE=3.150627e-02, Mt=0.2535, A_K=0.021, Cuv=0.248, P_in=1.942e-03, P_tgt=1.940e-03, A_F=0.124, K_low=0.150, P_drag=-9.379e-04, P_cool=-5.996e-04, WENO=0.035 (x=0.035, y=0.035), ReL2D=118.82, eps_nu=6.456e-04, P_hv=1.453e-06, rho_mean=1.000000, p_mean=0.715485, div_rms=1.317e-01, vort_rms=9.115e-01, mass_err=-3.560e-10
step=148000, t=64.401128, dt=4.334e-04, KE=3.145715e-02, Mt=0.2529, A_K=0.027, Cuv=0.276, P_in=1.720e-03, P_tgt=1.718e-03, A_F=0.019, K_low=0.144, P_drag=-8.968e-04, P_cool=-6.334e-04, WENO=0.041 (x=0.041, y=0.041), ReL2D=117.69, eps_nu=6.544e-04, P_hv=1.483e-06, rho_mean=1.000000, p_mean=0.715552, div_rms=1.256e-01, vort_rms=9.189e-01, mass_err=-3.584e-10
step=149000, t=64.837250, dt=4.360e-04, KE=3.173174e-02, Mt=0.2539, A_K=0.044, Cuv=0.270, P_in=1.523e-03, P_tgt=1.506e-03, A_F=0.206, K_low=0.136, P_drag=-8.608e-04, P_cool=-5.897e-04, WENO=0.044 (x=0.044, y=0.044), ReL2D=117.60, eps_nu=6.617e-04, P_hv=1.506e-06, rho_mean=1.000000, p_mean=0.715465, div_rms=1.271e-01, vort_rms=9.239e-01, mass_err=-3.608e-10
step=150000, t=65.272038, dt=4.323e-04, KE=3.163974e-02, Mt=0.2535, A_K=0.028, Cuv=0.255, P_in=1.283e-03, P_tgt=1.291e-03, A_F=0.083, K_low=0.133, P_drag=-8.356e-04, P_cool=-6.049e-04, WENO=0.041 (x=0.041, y=0.041), ReL2D=118.19, eps_nu=6.614e-04, P_hv=1.522e-06, rho_mean=1.000000, p_mean=0.715496, div_rms=1.316e-01, vort_rms=9.229e-01, mass_err=-3.633e-10
saved snapshot: results/hit2d/thesis_hit_campaign_v1/grid_Mt025_N512_seed1234/hit2d_step0150000.npz
step=151000, t=65.705078, dt=4.358e-04, KE=3.133985e-02, Mt=0.2527, A_K=0.053, Cuv=0.286, P_in=1.147e-03, P_tgt=1.156e-03, A_F=0.104, K_low=0.130, P_drag=-8.103e-04, P_cool=-6.443e-04, WENO=0.025 (x=0.025, y=0.025), ReL2D=121.16, eps_nu=6.572e-04, P_hv=1.542e-06, rho_mean=1.000000, p_mean=0.715574, div_rms=1.260e-01, vort_rms=9.209e-01, mass_err=-3.657e-10
step=152000, t=66.144361, dt=4.363e-04, KE=3.133182e-02, Mt=0.2527, A_K=0.074, Cuv=0.312, P_in=1.042e-03, P_tgt=1.034e-03, A_F=0.001, K_low=0.125, P_drag=-7.793e-04, P_cool=-6.169e-04, WENO=0.037 (x=0.037, y=0.037), ReL2D=122.26, eps_nu=6.551e-04, P_hv=1.546e-06, rho_mean=1.000000, p_mean=0.715519, div_rms=1.282e-01, vort_rms=9.190e-01, mass_err=-3.681e-10
step=153000, t=66.575925, dt=4.282e-04, KE=3.125894e-02, Mt=0.2523, A_K=0.060, Cuv=0.320, P_in=9.500e-04, P_tgt=9.370e-04, A_F=0.212, K_low=0.117, P_drag=-7.310e-04, P_cool=-6.062e-04, WENO=0.035 (x=0.035, y=0.035), ReL2D=120.10, eps_nu=6.550e-04, P_hv=1.617e-06, rho_mean=1.000000, p_mean=0.715498, div_rms=1.287e-01, vort_rms=9.188e-01, mass_err=-3.705e-10
step=154000, t=67.005546, dt=4.298e-04, KE=3.106110e-02, Mt=0.2510, A_K=0.059, Cuv=0.347, P_in=8.668e-04, P_tgt=8.756e-04, A_F=0.114, K_low=0.110, P_drag=-6.817e-04, P_cool=-6.109e-04, WENO=0.041 (x=0.041, y=0.041), ReL2D=119.87, eps_nu=6.442e-04, P_hv=1.631e-06, rho_mean=1.000000, p_mean=0.715508, div_rms=1.287e-01, vort_rms=9.110e-01, mass_err=-3.730e-10
step=155000, t=67.435646, dt=4.320e-04, KE=3.089853e-02, Mt=0.2505, A_K=0.075, Cuv=0.342, P_in=8.625e-04, P_tgt=8.532e-04, A_F=0.018, K_low=0.104, P_drag=-6.334e-04, P_cool=-6.084e-04, WENO=0.031 (x=0.031, y=0.031), ReL2D=122.71, eps_nu=6.427e-04, P_hv=1.615e-06, rho_mean=1.000000, p_mean=0.715503, div_rms=1.240e-01, vort_rms=9.108e-01, mass_err=-3.754e-10
step=156000, t=67.867438, dt=4.326e-04, KE=3.062858e-02, Mt=0.2498, A_K=0.112, Cuv=0.328, P_in=8.385e-04, P_tgt=8.453e-04, A_F=0.170, K_low=0.094, P_drag=-5.711e-04, P_cool=-6.307e-04, WENO=0.030 (x=0.030, y=0.030), ReL2D=123.91, eps_nu=6.384e-04, P_hv=1.687e-06, rho_mean=1.000000, p_mean=0.715547, div_rms=1.268e-01, vort_rms=9.072e-01, mass_err=-3.778e-10
step=157000, t=68.301201, dt=4.346e-04, KE=3.028895e-02, Mt=0.2489, A_K=0.155, Cuv=0.315, P_in=8.736e-04, P_tgt=8.699e-04, A_F=0.017, K_low=0.085, P_drag=-5.144e-04, P_cool=-6.693e-04, WENO=0.039 (x=0.039, y=0.039), ReL2D=121.42, eps_nu=6.319e-04, P_hv=1.704e-06, rho_mean=1.000000, p_mean=0.715624, div_rms=1.335e-01, vort_rms=9.011e-01, mass_err=-3.803e-10
step=158000, t=68.737700, dt=4.382e-04, KE=3.009290e-02, Mt=0.2481, A_K=0.175, Cuv=0.294, P_in=9.376e-04, P_tgt=9.265e-04, A_F=0.008, K_low=0.079, P_drag=-4.749e-04, P_cool=-6.843e-04, WENO=0.040 (x=0.040, y=0.040), ReL2D=120.35, eps_nu=6.201e-04, P_hv=1.677e-06, rho_mean=1.000000, p_mean=0.715654, div_rms=1.234e-01, vort_rms=8.943e-01, mass_err=-3.827e-10
warning: flow component anisotropy has increased over the last three diagnostic samples
step=159000, t=69.179138, dt=4.448e-04, KE=3.036828e-02, Mt=0.2485, A_K=0.213, Cuv=0.287, P_in=9.949e-04, P_tgt=9.926e-04, A_F=0.024, K_low=0.075, P_drag=-4.504e-04, P_cool=-6.159e-04, WENO=0.039 (x=0.039, y=0.039), ReL2D=123.69, eps_nu=6.133e-04, P_hv=1.646e-06, rho_mean=1.000000, p_mean=0.715518, div_rms=1.370e-01, vort_rms=8.866e-01, mass_err=-3.851e-10
warning: flow component anisotropy has increased over the last three diagnostic samples
step=160000, t=69.626591, dt=4.469e-04, KE=3.042689e-02, Mt=0.2482, A_K=0.225, Cuv=0.319, P_in=1.063e-03, P_tgt=1.068e-03, A_F=0.058, K_low=0.073, P_drag=-4.349e-04, P_cool=-6.019e-04, WENO=0.043 (x=0.043, y=0.043), ReL2D=124.81, eps_nu=6.130e-04, P_hv=1.620e-06, rho_mean=1.000000, p_mean=0.715489, div_rms=1.204e-01, vort_rms=8.897e-01, mass_err=-3.876e-10
saved snapshot: results/hit2d/thesis_hit_campaign_v1/grid_Mt025_N512_seed1234/hit2d_step0160000.npz
warning: flow component anisotropy has increased over the last three diagnostic samples
step=161000, t=70.067743, dt=4.364e-04, KE=3.062096e-02, Mt=0.2490, A_K=0.234, Cuv=0.328, P_in=1.121e-03, P_tgt=1.122e-03, A_F=0.200, K_low=0.070, P_drag=-4.243e-04, P_cool=-5.711e-04, WENO=0.038 (x=0.038, y=0.038), ReL2D=127.43, eps_nu=6.122e-04, P_hv=1.639e-06, rho_mean=1.000000, p_mean=0.715428, div_rms=1.287e-01, vort_rms=8.875e-01, mass_err=-3.900e-10
step=162000, t=70.509616, dt=4.478e-04, KE=3.050166e-02, Mt=0.2487, A_K=0.219, Cuv=0.298, P_in=1.172e-03, P_tgt=1.173e-03, A_F=0.042, K_low=0.068, P_drag=-4.140e-04, P_cool=-6.081e-04, WENO=0.032 (x=0.032, y=0.032), ReL2D=129.56, eps_nu=6.026e-04, P_hv=1.589e-06, rho_mean=1.000000, p_mean=0.715502, div_rms=1.347e-01, vort_rms=8.791e-01, mass_err=-3.924e-10
step=163000, t=70.958257, dt=4.446e-04, KE=3.037230e-02, Mt=0.2485, A_K=0.186, Cuv=0.280, P_in=1.254e-03, P_tgt=1.248e-03, A_F=0.056, K_low=0.066, P_drag=-4.034e-04, P_cool=-6.489e-04, WENO=0.028 (x=0.028, y=0.028), ReL2D=129.49, eps_nu=5.946e-04, P_hv=1.576e-06, rho_mean=1.000000, p_mean=0.715584, div_rms=1.328e-01, vort_rms=8.734e-01, mass_err=-3.948e-10
step=164000, t=71.392704, dt=4.243e-04, KE=3.060424e-02, Mt=0.2492, A_K=0.171, Cuv=0.273, P_in=1.298e-03, P_tgt=1.307e-03, A_F=0.255, K_low=0.065, P_drag=-3.976e-04, P_cool=-6.240e-04, WENO=0.034 (x=0.034, y=0.034), ReL2D=130.89, eps_nu=5.893e-04, P_hv=1.599e-06, rho_mean=1.000000, p_mean=0.715534, div_rms=1.341e-01, vort_rms=8.692e-01, mass_err=-3.972e-10
step=165000, t=71.815116, dt=4.256e-04, KE=3.076635e-02, Mt=0.2496, A_K=0.165, Cuv=0.267, P_in=1.362e-03, P_tgt=1.340e-03, A_F=0.052, K_low=0.064, P_drag=-3.994e-04, P_cool=-6.174e-04, WENO=0.035 (x=0.035, y=0.035), ReL2D=131.00, eps_nu=5.885e-04, P_hv=1.598e-06, rho_mean=1.000000, p_mean=0.715521, div_rms=1.244e-01, vort_rms=8.705e-01, mass_err=-3.997e-10
step=166000, t=72.244832, dt=4.330e-04, KE=3.092112e-02, Mt=0.2506, A_K=0.163, Cuv=0.263, P_in=1.335e-03, P_tgt=1.334e-03, A_F=0.092, K_low=0.064, P_drag=-4.005e-04, P_cool=-6.148e-04, WENO=0.037 (x=0.037, y=0.037), ReL2D=129.68, eps_nu=5.893e-04, P_hv=1.542e-06, rho_mean=1.000000, p_mean=0.715515, div_rms=1.343e-01, vort_rms=8.691e-01, mass_err=-4.021e-10
step=167000, t=72.681969, dt=4.436e-04, KE=3.092985e-02, Mt=0.2508, A_K=0.125, Cuv=0.243, P_in=1.303e-03, P_tgt=1.291e-03, A_F=0.034, K_low=0.065, P_drag=-4.028e-04, P_cool=-6.379e-04, WENO=0.038 (x=0.038, y=0.038), ReL2D=130.23, eps_nu=5.834e-04, P_hv=1.456e-06, rho_mean=1.000000, p_mean=0.715562, div_rms=1.221e-01, vort_rms=8.670e-01, mass_err=-4.045e-10
step=168000, t=73.127450, dt=4.455e-04, KE=3.104746e-02, Mt=0.2509, A_K=0.073, Cuv=0.181, P_in=1.249e-03, P_tgt=1.248e-03, A_F=0.297, K_low=0.065, P_drag=-4.042e-04, P_cool=-6.350e-04, WENO=0.042 (x=0.042, y=0.042), ReL2D=131.42, eps_nu=5.768e-04, P_hv=1.403e-06, rho_mean=1.000000, p_mean=0.715556, div_rms=1.210e-01, vort_rms=8.621e-01, mass_err=-4.069e-10
step=169000, t=73.573802, dt=4.466e-04, KE=3.106919e-02, Mt=0.2516, A_K=0.093, Cuv=0.121, P_in=1.185e-03, P_tgt=1.186e-03, A_F=0.061, K_low=0.066, P_drag=-4.031e-04, P_cool=-6.466e-04, WENO=0.042 (x=0.042, y=0.042), ReL2D=129.88, eps_nu=5.764e-04, P_hv=1.364e-06, rho_mean=1.000000, p_mean=0.715579, div_rms=1.284e-01, vort_rms=8.605e-01, mass_err=-4.094e-10
step=170000, t=74.022015, dt=4.477e-04, KE=3.101719e-02, Mt=0.2516, A_K=0.148, Cuv=0.105, P_in=1.113e-03, P_tgt=1.111e-03, A_F=0.066, K_low=0.067, P_drag=-4.099e-04, P_cool=-6.645e-04, WENO=0.043 (x=0.043, y=0.043), ReL2D=128.25, eps_nu=5.730e-04, P_hv=1.354e-06, rho_mean=1.000000, p_mean=0.715615, div_rms=1.226e-01, vort_rms=8.590e-01, mass_err=-4.118e-10
saved snapshot: results/hit2d/thesis_hit_campaign_v1/grid_Mt025_N512_seed1234/hit2d_step0170000.npz
step=171000, t=74.467216, dt=4.478e-04, KE=3.119819e-02, Mt=0.2520, A_K=0.166, Cuv=0.063, P_in=1.038e-03, P_tgt=1.038e-03, A_F=0.008, K_low=0.069, P_drag=-4.249e-04, P_cool=-6.292e-04, WENO=0.042 (x=0.042, y=0.042), ReL2D=129.25, eps_nu=5.689e-04, P_hv=1.358e-06, rho_mean=1.000000, p_mean=0.715544, div_rms=1.280e-01, vort_rms=8.548e-01, mass_err=-4.142e-10
step=172000, t=74.917458, dt=4.501e-04, KE=3.134212e-02, Mt=0.2523, A_K=0.163, Cuv=0.013, P_in=9.494e-04, P_tgt=9.502e-04, A_F=0.060, K_low=0.070, P_drag=-4.314e-04, P_cool=-5.961e-04, WENO=0.049 (x=0.049, y=0.049), ReL2D=130.00, eps_nu=5.706e-04, P_hv=1.314e-06, rho_mean=1.000000, p_mean=0.715478, div_rms=1.256e-01, vort_rms=8.565e-01, mass_err=-4.167e-10
step=173000, t=75.362630, dt=4.416e-04, KE=3.140911e-02, Mt=0.2521, A_K=0.153, Cuv=-0.027, P_in=8.636e-04, P_tgt=8.710e-04, A_F=0.076, K_low=0.068, P_drag=-4.223e-04, P_cool=-5.738e-04, WENO=0.038 (x=0.038, y=0.038), ReL2D=129.75, eps_nu=5.701e-04, P_hv=1.330e-06, rho_mean=1.000000, p_mean=0.715433, div_rms=1.241e-01, vort_rms=8.564e-01, mass_err=-4.191e-10
step=174000, t=75.802550, dt=4.402e-04, KE=3.132613e-02, Mt=0.2516, A_K=0.143, Cuv=-0.065, P_in=8.113e-04, P_tgt=8.060e-04, A_F=0.276, K_low=0.064, P_drag=-4.028e-04, P_cool=-5.777e-04, WENO=0.032 (x=0.032, y=0.032), ReL2D=130.90, eps_nu=5.682e-04, P_hv=1.335e-06, rho_mean=1.000000, p_mean=0.715441, div_rms=1.273e-01, vort_rms=8.543e-01, mass_err=-4.215e-10
step=175000, t=76.242676, dt=4.372e-04, KE=3.109126e-02, Mt=0.2507, A_K=0.174, Cuv=-0.098, P_in=7.814e-04, P_tgt=7.761e-04, A_F=0.263, K_low=0.063, P_drag=-3.897e-04, P_cool=-6.069e-04, WENO=0.029 (x=0.029, y=0.029), ReL2D=133.97, eps_nu=5.599e-04, P_hv=1.335e-06, rho_mean=1.000000, p_mean=0.715500, div_rms=1.217e-01, vort_rms=8.490e-01, mass_err=-4.239e-10
warning: flow component anisotropy has increased over the last three diagnostic samples
step=176000, t=76.680282, dt=4.351e-04, KE=3.103472e-02, Mt=0.2513, A_K=0.215, Cuv=-0.116, P_in=7.401e-04, P_tgt=7.434e-04, A_F=0.041, K_low=0.065, P_drag=-3.896e-04, P_cool=-5.985e-04, WENO=0.040 (x=0.040, y=0.040), ReL2D=134.94, eps_nu=5.565e-04, P_hv=1.356e-06, rho_mean=1.000000, p_mean=0.715483, div_rms=1.260e-01, vort_rms=8.455e-01, mass_err=-4.264e-10
step=177000, t=77.115716, dt=4.379e-04, KE=3.092876e-02, Mt=0.2505, A_K=0.183, Cuv=-0.134, P_in=7.207e-04, P_tgt=7.165e-04, A_F=0.031, K_low=0.063, P_drag=-3.852e-04, P_cool=-5.989e-04, WENO=0.050 (x=0.050, y=0.050), ReL2D=131.28, eps_nu=5.494e-04, P_hv=1.359e-06, rho_mean=1.000000, p_mean=0.715483, div_rms=1.180e-01, vort_rms=8.415e-01, mass_err=-4.288e-10
step=178000, t=77.554758, dt=4.398e-04, KE=3.092248e-02, Mt=0.2501, A_K=0.149, Cuv=-0.141, P_in=7.068e-04, P_tgt=7.097e-04, A_F=0.030, K_low=0.061, P_drag=-3.801e-04, P_cool=-5.774e-04, WENO=0.044 (x=0.044, y=0.044), ReL2D=130.26, eps_nu=5.460e-04, P_hv=1.352e-06, rho_mean=1.000000, p_mean=0.715440, div_rms=1.250e-01, vort_rms=8.374e-01, mass_err=-4.312e-10
step=179000, t=77.996382, dt=4.414e-04, KE=3.078887e-02, Mt=0.2497, A_K=0.158, Cuv=-0.161, P_in=7.144e-04, P_tgt=7.127e-04, A_F=0.120, K_low=0.062, P_drag=-3.852e-04, P_cool=-5.821e-04, WENO=0.039 (x=0.039, y=0.039), ReL2D=131.27, eps_nu=5.427e-04, P_hv=1.347e-06, rho_mean=1.000000, p_mean=0.715450, div_rms=1.287e-01, vort_rms=8.341e-01, mass_err=-4.336e-10
step=180000, t=78.439019, dt=4.453e-04, KE=3.066168e-02, Mt=0.2495, A_K=0.149, Cuv=-0.193, P_in=7.248e-04, P_tgt=7.269e-04, A_F=0.202, K_low=0.064, P_drag=-3.888e-04, P_cool=-5.850e-04, WENO=0.040 (x=0.040, y=0.040), ReL2D=131.36, eps_nu=5.359e-04, P_hv=1.325e-06, rho_mean=1.000000, p_mean=0.715456, div_rms=1.240e-01, vort_rms=8.296e-01, mass_err=-4.361e-10
saved snapshot: results/hit2d/thesis_hit_campaign_v1/grid_Mt025_N512_seed1234/hit2d_step0180000.npz
step=181000, t=78.882142, dt=4.400e-04, KE=3.064989e-02, Mt=0.2496, A_K=0.128, Cuv=-0.236, P_in=7.248e-04, P_tgt=7.390e-04, A_F=0.183, K_low=0.064, P_drag=-3.963e-04, P_cool=-5.665e-04, WENO=0.039 (x=0.039, y=0.039), ReL2D=132.65, eps_nu=5.309e-04, P_hv=1.260e-06, rho_mean=1.000000, p_mean=0.715419, div_rms=1.265e-01, vort_rms=8.252e-01, mass_err=-4.385e-10
step=182000, t=79.321895, dt=4.382e-04, KE=3.045166e-02, Mt=0.2486, A_K=0.094, Cuv=-0.275, P_in=7.622e-04, P_tgt=7.613e-04, A_F=0.022, K_low=0.067, P_drag=-4.131e-04, P_cool=-5.866e-04, WENO=0.039 (x=0.039, y=0.039), ReL2D=132.05, eps_nu=5.323e-04, P_hv=1.247e-06, rho_mean=1.000000, p_mean=0.715459, div_rms=1.273e-01, vort_rms=8.261e-01, mass_err=-4.409e-10
step=183000, t=79.761754, dt=4.474e-04, KE=3.040718e-02, Mt=0.2481, A_K=0.084, Cuv=-0.279, P_in=8.299e-04, P_tgt=8.190e-04, A_F=0.021, K_low=0.070, P_drag=-4.304e-04, P_cool=-5.760e-04, WENO=0.037 (x=0.037, y=0.037), ReL2D=131.39, eps_nu=5.313e-04, P_hv=1.251e-06, rho_mean=1.000000, p_mean=0.715438, div_rms=1.289e-01, vort_rms=8.250e-01, mass_err=-4.433e-10
step=184000, t=80.212501, dt=4.497e-04, KE=3.057247e-02, Mt=0.2486, A_K=0.062, Cuv=-0.280, P_in=8.794e-04, P_tgt=8.782e-04, A_F=0.058, K_low=0.072, P_drag=-4.416e-04, P_cool=-5.303e-04, WENO=0.039 (x=0.039, y=0.039), ReL2D=130.87, eps_nu=5.315e-04, P_hv=1.191e-06, rho_mean=1.000000, p_mean=0.715346, div_rms=1.288e-01, vort_rms=8.252e-01, mass_err=-4.458e-10
step=185000, t=80.663014, dt=4.456e-04, KE=3.054801e-02, Mt=0.2488, A_K=0.028, Cuv=-0.297, P_in=9.174e-04, P_tgt=9.248e-04, A_F=0.004, K_low=0.075, P_drag=-4.533e-04, P_cool=-5.292e-04, WENO=0.035 (x=0.035, y=0.035), ReL2D=128.45, eps_nu=5.320e-04, P_hv=1.199e-06, rho_mean=1.000000, p_mean=0.715344, div_rms=1.222e-01, vort_rms=8.269e-01, mass_err=-4.482e-10
step=186000, t=81.103826, dt=4.383e-04, KE=3.040814e-02, Mt=0.2482, A_K=0.018, Cuv=-0.314, P_in=9.786e-04, P_tgt=9.766e-04, A_F=0.098, K_low=0.077, P_drag=-4.623e-04, P_cool=-5.528e-04, WENO=0.030 (x=0.030, y=0.030), ReL2D=126.72, eps_nu=5.350e-04, P_hv=1.279e-06, rho_mean=1.000000, p_mean=0.715391, div_rms=1.269e-01, vort_rms=8.284e-01, mass_err=-4.506e-10
step=187000, t=81.540711, dt=4.385e-04, KE=3.022832e-02, Mt=0.2470, A_K=0.074, Cuv=-0.316, P_in=1.096e-03, P_tgt=1.079e-03, A_F=0.037, K_low=0.077, P_drag=-4.632e-04, P_cool=-5.877e-04, WENO=0.032 (x=0.032, y=0.032), ReL2D=126.51, eps_nu=5.302e-04, P_hv=1.302e-06, rho_mean=1.000000, p_mean=0.715461, div_rms=1.167e-01, vort_rms=8.265e-01, mass_err=-4.530e-10
step=188000, t=81.980112, dt=4.414e-04, KE=3.054622e-02, Mt=0.2483, A_K=0.130, Cuv=-0.344, P_in=1.209e-03, P_tgt=1.196e-03, A_F=0.103, K_low=0.077, P_drag=-4.635e-04, P_cool=-5.340e-04, WENO=0.032 (x=0.032, y=0.032), ReL2D=125.43, eps_nu=5.312e-04, P_hv=1.304e-06, rho_mean=1.000000, p_mean=0.715354, div_rms=1.205e-01, vort_rms=8.266e-01, mass_err=-4.555e-10
step=189000, t=82.415734, dt=4.283e-04, KE=3.075946e-02, Mt=0.2491, A_K=0.122, Cuv=-0.340, P_in=1.256e-03, P_tgt=1.254e-03, A_F=0.027, K_low=0.076, P_drag=-4.655e-04, P_cool=-5.131e-04, WENO=0.037 (x=0.037, y=0.037), ReL2D=126.24, eps_nu=5.323e-04, P_hv=1.321e-06, rho_mean=1.000000, p_mean=0.715312, div_rms=1.157e-01, vort_rms=8.284e-01, mass_err=-4.579e-10
step=190000, t=82.843967, dt=4.332e-04, KE=3.068560e-02, Mt=0.2488, A_K=0.107, Cuv=-0.324, P_in=1.313e-03, P_tgt=1.305e-03, A_F=0.157, K_low=0.077, P_drag=-4.714e-04, P_cool=-5.517e-04, WENO=0.034 (x=0.034, y=0.034), ReL2D=126.92, eps_nu=5.355e-04, P_hv=1.368e-06, rho_mean=1.000000, p_mean=0.715389, div_rms=1.141e-01, vort_rms=8.312e-01, mass_err=-4.603e-10
saved snapshot: results/hit2d/thesis_hit_campaign_v1/grid_Mt025_N512_seed1234/hit2d_step0190000.npz
step=191000, t=83.286301, dt=4.516e-04, KE=3.080791e-02, Mt=0.2495, A_K=0.083, Cuv=-0.324, P_in=1.370e-03, P_tgt=1.361e-03, A_F=0.036, K_low=0.077, P_drag=-4.755e-04, P_cool=-5.542e-04, WENO=0.038 (x=0.038, y=0.038), ReL2D=126.23, eps_nu=5.483e-04, P_hv=1.379e-06, rho_mean=1.000000, p_mean=0.715394, div_rms=1.251e-01, vort_rms=8.393e-01, mass_err=-4.627e-10
step=192000, t=83.741397, dt=4.544e-04, KE=3.092739e-02, Mt=0.2502, A_K=0.083, Cuv=-0.302, P_in=1.371e-03, P_tgt=1.364e-03, A_F=0.177, K_low=0.076, P_drag=-4.714e-04, P_cool=-5.611e-04, WENO=0.041 (x=0.041, y=0.041), ReL2D=124.20, eps_nu=5.610e-04, P_hv=1.381e-06, rho_mean=1.000000, p_mean=0.715408, div_rms=1.111e-01, vort_rms=8.518e-01, mass_err=-4.651e-10
step=193000, t=84.201709, dt=4.628e-04, KE=3.131686e-02, Mt=0.2515, A_K=0.122, Cuv=-0.306, P_in=1.319e-03, P_tgt=1.311e-03, A_F=0.130, K_low=0.074, P_drag=-4.645e-04, P_cool=-5.153e-04, WENO=0.042 (x=0.042, y=0.042), ReL2D=126.96, eps_nu=5.677e-04, P_hv=1.407e-06, rho_mean=1.000000, p_mean=0.715316, div_rms=1.231e-01, vort_rms=8.548e-01, mass_err=-4.675e-10
step=194000, t=84.657879, dt=4.506e-04, KE=3.128797e-02, Mt=0.2511, A_K=0.135, Cuv=-0.298, P_in=1.246e-03, P_tgt=1.245e-03, A_F=0.040, K_low=0.070, P_drag=-4.486e-04, P_cool=-5.478e-04, WENO=0.036 (x=0.036, y=0.036), ReL2D=129.27, eps_nu=5.659e-04, P_hv=1.449e-06, rho_mean=1.000000, p_mean=0.715381, div_rms=1.191e-01, vort_rms=8.541e-01, mass_err=-4.700e-10
step=195000, t=85.109984, dt=4.531e-04, KE=3.134585e-02, Mt=0.2518, A_K=0.126, Cuv=-0.281, P_in=1.173e-03, P_tgt=1.174e-03, A_F=0.011, K_low=0.068, P_drag=-4.311e-04, P_cool=-5.562e-04, WENO=0.043 (x=0.043, y=0.043), ReL2D=131.37, eps_nu=5.704e-04, P_hv=1.469e-06, rho_mean=1.000000, p_mean=0.715398, div_rms=1.251e-01, vort_rms=8.565e-01, mass_err=-4.724e-10
step=196000, t=85.558595, dt=4.454e-04, KE=3.129487e-02, Mt=0.2517, A_K=0.103, Cuv=-0.258, P_in=1.081e-03, P_tgt=1.094e-03, A_F=0.124, K_low=0.067, P_drag=-4.200e-04, P_cool=-5.790e-04, WENO=0.038 (x=0.038, y=0.038), ReL2D=132.37, eps_nu=5.673e-04, P_hv=1.485e-06, rho_mean=1.000000, p_mean=0.715444, div_rms=1.283e-01, vort_rms=8.534e-01, mass_err=-4.748e-10
step=197000, t=85.999096, dt=4.391e-04, KE=3.127989e-02, Mt=0.2518, A_K=0.078, Cuv=-0.250, P_in=1.024e-03, P_tgt=1.023e-03, A_F=0.055, K_low=0.066, P_drag=-4.145e-04, P_cool=-5.867e-04, WENO=0.044 (x=0.044, y=0.044), ReL2D=134.66, eps_nu=5.651e-04, P_hv=1.502e-06, rho_mean=1.000000, p_mean=0.715459, div_rms=1.191e-01, vort_rms=8.535e-01, mass_err=-4.772e-10
step=198000, t=86.442062, dt=4.482e-04, KE=3.162674e-02, Mt=0.2528, A_K=0.078, Cuv=-0.241, P_in=9.359e-04, P_tgt=9.307e-04, A_F=0.166, K_low=0.063, P_drag=-4.027e-04, P_cool=-5.193e-04, WENO=0.043 (x=0.043, y=0.043), ReL2D=137.77, eps_nu=5.678e-04, P_hv=1.510e-06, rho_mean=1.000000, p_mean=0.715324, div_rms=1.293e-01, vort_rms=8.536e-01, mass_err=-4.796e-10
step=199000, t=86.892005, dt=4.468e-04, KE=3.146653e-02, Mt=0.2522, A_K=0.068, Cuv=-0.205, P_in=8.447e-04, P_tgt=8.434e-04, A_F=0.234, K_low=0.060, P_drag=-3.823e-04, P_cool=-5.481e-04, WENO=0.026 (x=0.026, y=0.026), ReL2D=136.76, eps_nu=5.603e-04, P_hv=1.516e-06, rho_mean=1.000000, p_mean=0.715382, div_rms=1.261e-01, vort_rms=8.484e-01, mass_err=-4.821e-10
step=200000, t=87.342602, dt=4.571e-04, KE=3.110536e-02, Mt=0.2516, A_K=0.050, Cuv=-0.149, P_in=7.943e-04, P_tgt=7.823e-04, A_F=0.095, K_low=0.058, P_drag=-3.628e-04, P_cool=-6.076e-04, WENO=0.032 (x=0.032, y=0.032), ReL2D=136.27, eps_nu=5.476e-04, P_hv=1.499e-06, rho_mean=1.000000, p_mean=0.715501, div_rms=1.162e-01, vort_rms=8.404e-01, mass_err=-4.845e-10
saved snapshot: results/hit2d/thesis_hit_campaign_v1/grid_Mt025_N512_seed1234/hit2d_step0200000.npz
step=201000, t=87.801657, dt=4.580e-04, KE=3.105032e-02, Mt=0.2513, A_K=0.044, Cuv=-0.094, P_in=7.357e-04, P_tgt=7.369e-04, A_F=0.028, K_low=0.054, P_drag=-3.392e-04, P_cool=-6.004e-04, WENO=0.041 (x=0.041, y=0.041), ReL2D=134.66, eps_nu=5.426e-04, P_hv=1.453e-06, rho_mean=1.000000, p_mean=0.715487, div_rms=1.205e-01, vort_rms=8.356e-01, mass_err=-4.869e-10
step=202000, t=88.257581, dt=4.501e-04, KE=3.106516e-02, Mt=0.2507, A_K=0.022, Cuv=-0.089, P_in=7.052e-04, P_tgt=7.096e-04, A_F=0.022, K_low=0.050, P_drag=-3.161e-04, P_cool=-5.839e-04, WENO=0.036 (x=0.036, y=0.036), ReL2D=134.05, eps_nu=5.381e-04, P_hv=1.484e-06, rho_mean=1.000000, p_mean=0.715453, div_rms=1.179e-01, vort_rms=8.325e-01, mass_err=-4.893e-10
step=203000, t=88.702607, dt=4.431e-04, KE=3.111873e-02, Mt=0.2508, A_K=0.021, Cuv=-0.066, P_in=6.880e-04, P_tgt=6.926e-04, A_F=0.118, K_low=0.049, P_drag=-3.058e-04, P_cool=-5.572e-04, WENO=0.026 (x=0.026, y=0.026), ReL2D=136.21, eps_nu=5.282e-04, P_hv=1.507e-06, rho_mean=1.000000, p_mean=0.715400, div_rms=1.183e-01, vort_rms=8.246e-01, mass_err=-4.917e-10
step=204000, t=89.141427, dt=4.356e-04, KE=3.106792e-02, Mt=0.2509, A_K=0.050, Cuv=-0.027, P_in=6.685e-04, P_tgt=6.676e-04, A_F=0.078, K_low=0.049, P_drag=-3.026e-04, P_cool=-5.520e-04, WENO=0.031 (x=0.031, y=0.031), ReL2D=136.33, eps_nu=5.178e-04, P_hv=1.497e-06, rho_mean=1.000000, p_mean=0.715390, div_rms=1.167e-01, vort_rms=8.165e-01, mass_err=-4.942e-10
step=205000, t=89.575135, dt=4.338e-04, KE=3.096870e-02, Mt=0.2503, A_K=0.047, Cuv=0.028, P_in=6.470e-04, P_tgt=6.518e-04, A_F=0.056, K_low=0.048, P_drag=-2.981e-04, P_cool=-5.548e-04, WENO=0.027 (x=0.027, y=0.027), ReL2D=135.34, eps_nu=5.058e-04, P_hv=1.475e-06, rho_mean=1.000000, p_mean=0.715395, div_rms=1.154e-01, vort_rms=8.070e-01, mass_err=-4.966e-10
step=206000, t=90.008568, dt=4.298e-04, KE=3.079547e-02, Mt=0.2499, A_K=0.009, Cuv=0.061, P_in=6.580e-04, P_tgt=6.499e-04, A_F=0.054, K_low=0.049, P_drag=-3.022e-04, P_cool=-5.717e-04, WENO=0.033 (x=0.033, y=0.033), ReL2D=135.63, eps_nu=4.964e-04, P_hv=1.415e-06, rho_mean=1.000000, p_mean=0.715429, div_rms=1.106e-01, vort_rms=8.002e-01, mass_err=-4.990e-10
step=207000, t=90.436745, dt=4.248e-04, KE=3.066841e-02, Mt=0.2498, A_K=0.047, Cuv=0.075, P_in=6.500e-04, P_tgt=6.534e-04, A_F=0.131, K_low=0.051, P_drag=-3.069e-04, P_cool=-5.777e-04, WENO=0.035 (x=0.035, y=0.035), ReL2D=138.86, eps_nu=4.897e-04, P_hv=1.398e-06, rho_mean=1.000000, p_mean=0.715441, div_rms=1.146e-01, vort_rms=7.938e-01, mass_err=-5.014e-10
step=208000, t=90.855072, dt=4.120e-04, KE=3.067679e-02, Mt=0.2500, A_K=0.041, Cuv=0.108, P_in=6.522e-04, P_tgt=6.555e-04, A_F=0.055, K_low=0.051, P_drag=-3.071e-04, P_cool=-5.572e-04, WENO=0.038 (x=0.038, y=0.038), ReL2D=140.54, eps_nu=4.874e-04, P_hv=1.347e-06, rho_mean=1.000000, p_mean=0.715400, div_rms=1.141e-01, vort_rms=7.920e-01, mass_err=-5.038e-10
step=209000, t=91.264738, dt=4.110e-04, KE=3.064688e-02, Mt=0.2498, A_K=0.008, Cuv=0.147, P_in=6.550e-04, P_tgt=6.578e-04, A_F=0.048, K_low=0.050, P_drag=-3.038e-04, P_cool=-5.467e-04, WENO=0.042 (x=0.042, y=0.042), ReL2D=142.29, eps_nu=4.822e-04, P_hv=1.309e-06, rho_mean=1.000000, p_mean=0.715379, div_rms=1.108e-01, vort_rms=7.883e-01, mass_err=-5.063e-10
step=210000, t=91.682669, dt=4.248e-04, KE=3.053276e-02, Mt=0.2495, A_K=0.024, Cuv=0.168, P_in=6.715e-04, P_tgt=6.669e-04, A_F=0.114, K_low=0.050, P_drag=-3.025e-04, P_cool=-5.537e-04, WENO=0.022 (x=0.022, y=0.022), ReL2D=144.84, eps_nu=4.760e-04, P_hv=1.249e-06, rho_mean=1.000000, p_mean=0.715393, div_rms=1.086e-01, vort_rms=7.835e-01, mass_err=-5.087e-10
saved snapshot: results/hit2d/thesis_hit_campaign_v1/grid_Mt025_N512_seed1234/hit2d_step0210000.npz
step=211000, t=92.109590, dt=4.300e-04, KE=3.050058e-02, Mt=0.2492, A_K=0.004, Cuv=0.182, P_in=6.841e-04, P_tgt=6.848e-04, A_F=0.104, K_low=0.051, P_drag=-3.087e-04, P_cool=-5.447e-04, WENO=0.036 (x=0.036, y=0.036), ReL2D=147.69, eps_nu=4.713e-04, P_hv=1.181e-06, rho_mean=1.000000, p_mean=0.715375, div_rms=1.106e-01, vort_rms=7.791e-01, mass_err=-5.111e-10
step=212000, t=92.541340, dt=4.330e-04, KE=3.049747e-02, Mt=0.2491, A_K=0.059, Cuv=0.199, P_in=7.095e-04, P_tgt=7.095e-04, A_F=0.163, K_low=0.052, P_drag=-3.180e-04, P_cool=-5.323e-04, WENO=0.033 (x=0.033, y=0.033), ReL2D=149.94, eps_nu=4.688e-04, P_hv=1.120e-06, rho_mean=1.000000, p_mean=0.715350, div_rms=1.101e-01, vort_rms=7.771e-01, mass_err=-5.136e-10
step=213000, t=92.979012, dt=4.452e-04, KE=3.044323e-02, Mt=0.2491, A_K=0.083, Cuv=0.241, P_in=7.270e-04, P_tgt=7.344e-04, A_F=0.072, K_low=0.053, P_drag=-3.205e-04, P_cool=-5.321e-04, WENO=0.029 (x=0.029, y=0.029), ReL2D=150.22, eps_nu=4.655e-04, P_hv=1.076e-06, rho_mean=1.000000, p_mean=0.715350, div_rms=1.159e-01, vort_rms=7.732e-01, mass_err=-5.160e-10
step=214000, t=93.426215, dt=4.471e-04, KE=3.027475e-02, Mt=0.2486, A_K=0.065, Cuv=0.297, P_in=7.688e-04, P_tgt=7.700e-04, A_F=0.162, K_low=0.053, P_drag=-3.107e-04, P_cool=-5.556e-04, WENO=0.037 (x=0.037, y=0.037), ReL2D=148.43, eps_nu=4.583e-04, P_hv=1.031e-06, rho_mean=1.000000, p_mean=0.715397, div_rms=1.084e-01, vort_rms=7.685e-01, mass_err=-5.184e-10
step=215000, t=93.870218, dt=4.423e-04, KE=3.046067e-02, Mt=0.2491, A_K=0.053, Cuv=0.338, P_in=8.082e-04, P_tgt=8.082e-04, A_F=0.199, K_low=0.051, P_drag=-3.012e-04, P_cool=-5.136e-04, WENO=0.039 (x=0.039, y=0.039), ReL2D=148.47, eps_nu=4.590e-04, P_hv=1.010e-06, rho_mean=1.000000, p_mean=0.715313, div_rms=1.171e-01, vort_rms=7.673e-01, mass_err=-5.208e-10
step=216000, t=94.310448, dt=4.404e-04, KE=3.055107e-02, Mt=0.2492, A_K=0.034, Cuv=0.360, P_in=8.115e-04, P_tgt=8.327e-04, A_F=0.110, K_low=0.049, P_drag=-2.939e-04, P_cool=-4.975e-04, WENO=0.032 (x=0.032, y=0.032), ReL2D=149.58, eps_nu=4.589e-04, P_hv=1.004e-06, rho_mean=1.000000, p_mean=0.715281, div_rms=1.102e-01, vort_rms=7.686e-01, mass_err=-5.233e-10
step=217000, t=94.755997, dt=4.486e-04, KE=3.064951e-02, Mt=0.2492, A_K=0.038, Cuv=0.356, P_in=8.600e-04, P_tgt=8.615e-04, A_F=0.107, K_low=0.048, P_drag=-2.865e-04, P_cool=-4.839e-04, WENO=0.033 (x=0.033, y=0.033), ReL2D=148.79, eps_nu=4.680e-04, P_hv=1.000e-06, rho_mean=1.000000, p_mean=0.715253, div_rms=1.078e-01, vort_rms=7.769e-01, mass_err=-5.257e-10
step=218000, t=95.202483, dt=4.442e-04, KE=3.062104e-02, Mt=0.2492, A_K=0.065, Cuv=0.379, P_in=8.919e-04, P_tgt=8.889e-04, A_F=0.177, K_low=0.045, P_drag=-2.698e-04, P_cool=-4.995e-04, WENO=0.037 (x=0.037, y=0.037), ReL2D=145.17, eps_nu=4.719e-04, P_hv=1.014e-06, rho_mean=1.000000, p_mean=0.715285, div_rms=1.102e-01, vort_rms=7.797e-01, mass_err=-5.281e-10
step=219000, t=95.646380, dt=4.465e-04, KE=3.055607e-02, Mt=0.2495, A_K=0.081, Cuv=0.403, P_in=9.200e-04, P_tgt=9.162e-04, A_F=0.062, K_low=0.041, P_drag=-2.481e-04, P_cool=-5.238e-04, WENO=0.031 (x=0.031, y=0.031), ReL2D=143.35, eps_nu=4.703e-04, P_hv=1.023e-06, rho_mean=1.000000, p_mean=0.715333, div_rms=1.056e-01, vort_rms=7.792e-01, mass_err=-5.305e-10
step=220000, t=96.095280, dt=4.498e-04, KE=3.073472e-02, Mt=0.2500, A_K=0.090, Cuv=0.393, P_in=9.165e-04, P_tgt=9.227e-04, A_F=0.068, K_low=0.038, P_drag=-2.265e-04, P_cool=-5.033e-04, WENO=0.038 (x=0.038, y=0.038), ReL2D=140.52, eps_nu=4.697e-04, P_hv=1.013e-06, rho_mean=1.000000, p_mean=0.715292, div_rms=1.093e-01, vort_rms=7.780e-01, mass_err=-5.330e-10
saved snapshot: results/hit2d/thesis_hit_campaign_v1/grid_Mt025_N512_seed1234/hit2d_step0220000.npz
step=221000, t=96.545131, dt=4.478e-04, KE=3.092978e-02, Mt=0.2506, A_K=0.086, Cuv=0.386, P_in=8.945e-04, P_tgt=9.128e-04, A_F=0.033, K_low=0.035, P_drag=-2.118e-04, P_cool=-4.832e-04, WENO=0.036 (x=0.036, y=0.036), ReL2D=139.03, eps_nu=4.736e-04, P_hv=1.008e-06, rho_mean=1.000000, p_mean=0.715252, div_rms=1.105e-01, vort_rms=7.811e-01, mass_err=-5.354e-10
step=222000, t=96.990409, dt=4.456e-04, KE=3.099488e-02, Mt=0.2509, A_K=0.065, Cuv=0.366, P_in=8.780e-04, P_tgt=8.838e-04, A_F=0.328, K_low=0.033, P_drag=-2.013e-04, P_cool=-4.890e-04, WENO=0.040 (x=0.040, y=0.040), ReL2D=141.60, eps_nu=4.740e-04, P_hv=1.065e-06, rho_mean=1.000000, p_mean=0.715264, div_rms=1.092e-01, vort_rms=7.817e-01, mass_err=-5.378e-10
step=223000, t=97.437943, dt=4.478e-04, KE=3.103670e-02, Mt=0.2509, A_K=0.048, Cuv=0.319, P_in=8.515e-04, P_tgt=8.521e-04, A_F=0.157, K_low=0.031, P_drag=-1.939e-04, P_cool=-4.966e-04, WENO=0.033 (x=0.033, y=0.033), ReL2D=143.75, eps_nu=4.718e-04, P_hv=1.088e-06, rho_mean=1.000000, p_mean=0.715279, div_rms=1.165e-01, vort_rms=7.784e-01, mass_err=-5.403e-10
step=224000, t=97.887485, dt=4.519e-04, KE=3.112291e-02, Mt=0.2508, A_K=0.025, Cuv=0.259, P_in=8.279e-04, P_tgt=8.290e-04, A_F=0.132, K_low=0.031, P_drag=-1.927e-04, P_cool=-4.927e-04, WENO=0.034 (x=0.034, y=0.034), ReL2D=141.02, eps_nu=4.721e-04, P_hv=1.113e-06, rho_mean=1.000000, p_mean=0.715271, div_rms=1.107e-01, vort_rms=7.798e-01, mass_err=-5.427e-10
step=225000, t=98.341190, dt=4.556e-04, KE=3.137066e-02, Mt=0.2517, A_K=0.044, Cuv=0.245, P_in=7.934e-04, P_tgt=7.916e-04, A_F=0.137, K_low=0.032, P_drag=-2.001e-04, P_cool=-4.562e-04, WENO=0.042 (x=0.042, y=0.042), ReL2D=140.70, eps_nu=4.780e-04, P_hv=1.153e-06, rho_mean=1.000000, p_mean=0.715198, div_rms=1.114e-01, vort_rms=7.847e-01, mass_err=-5.451e-10
step=226000, t=98.797387, dt=4.563e-04, KE=3.139709e-02, Mt=0.2523, A_K=0.031, Cuv=0.251, P_in=7.234e-04, P_tgt=7.293e-04, A_F=0.208, K_low=0.034, P_drag=-2.083e-04, P_cool=-4.607e-04, WENO=0.040 (x=0.040, y=0.040), ReL2D=138.33, eps_nu=4.812e-04, P_hv=1.174e-06, rho_mean=1.000000, p_mean=0.715207, div_rms=1.127e-01, vort_rms=7.871e-01, mass_err=-5.475e-10
step=227000, t=99.251606, dt=4.496e-04, KE=3.105951e-02, Mt=0.2513, A_K=0.011, Cuv=0.235, P_in=6.812e-04, P_tgt=6.762e-04, A_F=0.069, K_low=0.034, P_drag=-2.096e-04, P_cool=-5.284e-04, WENO=0.039 (x=0.039, y=0.039), ReL2D=135.98, eps_nu=4.754e-04, P_hv=1.163e-06, rho_mean=1.000000, p_mean=0.715342, div_rms=1.183e-01, vort_rms=7.811e-01, mass_err=-5.500e-10
step=228000, t=99.702365, dt=4.558e-04, KE=3.087260e-02, Mt=0.2508, A_K=0.066, Cuv=0.159, P_in=6.470e-04, P_tgt=6.530e-04, A_F=0.086, K_low=0.035, P_drag=-2.121e-04, P_cool=-5.568e-04, WENO=0.038 (x=0.038, y=0.038), ReL2D=139.04, eps_nu=4.709e-04, P_hv=1.175e-06, rho_mean=1.000000, p_mean=0.715399, div_rms=1.151e-01, vort_rms=7.779e-01, mass_err=-5.524e-10
step=229000, t=100.159164, dt=4.554e-04, KE=3.107967e-02, Mt=0.2515, A_K=0.116, Cuv=0.093, P_in=6.195e-04, P_tgt=6.219e-04, A_F=0.029, K_low=0.036, P_drag=-2.233e-04, P_cool=-5.054e-04, WENO=0.041 (x=0.041, y=0.041), ReL2D=142.02, eps_nu=4.694e-04, P_hv=1.145e-06, rho_mean=1.000000, p_mean=0.715297, div_rms=1.120e-01, vort_rms=7.772e-01, mass_err=-5.548e-10
step=230000, t=100.611326, dt=4.492e-04, KE=3.116925e-02, Mt=0.2516, A_K=0.141, Cuv=0.070, P_in=5.809e-04, P_tgt=5.831e-04, A_F=0.020, K_low=0.040, P_drag=-2.439e-04, P_cool=-4.770e-04, WENO=0.050 (x=0.050, y=0.050), ReL2D=144.55, eps_nu=4.684e-04, P_hv=1.132e-06, rho_mean=1.000000, p_mean=0.715240, div_rms=1.140e-01, vort_rms=7.760e-01, mass_err=-5.573e-10
saved snapshot: results/hit2d/thesis_hit_campaign_v1/grid_Mt025_N512_seed1234/hit2d_step0230000.npz
step=231000, t=101.064838, dt=4.556e-04, KE=3.097762e-02, Mt=0.2508, A_K=0.141, Cuv=0.054, P_in=5.589e-04, P_tgt=5.558e-04, A_F=0.089, K_low=0.044, P_drag=-2.657e-04, P_cool=-4.995e-04, WENO=0.041 (x=0.041, y=0.041), ReL2D=147.10, eps_nu=4.624e-04, P_hv=1.099e-06, rho_mean=1.000000, p_mean=0.715285, div_rms=1.127e-01, vort_rms=7.711e-01, mass_err=-5.597e-10
step=232000, t=101.520217, dt=4.580e-04, KE=3.080299e-02, Mt=0.2506, A_K=0.118, Cuv=0.036, P_in=5.418e-04, P_tgt=5.415e-04, A_F=0.124, K_low=0.047, P_drag=-2.804e-04, P_cool=-5.131e-04, WENO=0.035 (x=0.035, y=0.035), ReL2D=147.70, eps_nu=4.586e-04, P_hv=1.086e-06, rho_mean=1.000000, p_mean=0.715312, div_rms=1.148e-01, vort_rms=7.674e-01, mass_err=-5.621e-10
step=233000, t=101.981061, dt=4.598e-04, KE=3.063852e-02, Mt=0.2498, A_K=0.116, Cuv=0.008, P_in=5.362e-04, P_tgt=5.362e-04, A_F=0.016, K_low=0.049, P_drag=-2.941e-04, P_cool=-5.213e-04, WENO=0.043 (x=0.043, y=0.043), ReL2D=148.09, eps_nu=4.524e-04, P_hv=1.038e-06, rho_mean=1.000000, p_mean=0.715328, div_rms=1.066e-01, vort_rms=7.637e-01, mass_err=-5.646e-10
step=234000, t=102.440269, dt=4.620e-04, KE=3.072580e-02, Mt=0.2497, A_K=0.136, Cuv=-0.003, P_in=5.543e-04, P_tgt=5.438e-04, A_F=0.088, K_low=0.052, P_drag=-3.146e-04, P_cool=-4.860e-04, WENO=0.038 (x=0.038, y=0.038), ReL2D=148.71, eps_nu=4.517e-04, P_hv=9.905e-07, rho_mean=1.000000, p_mean=0.715258, div_rms=1.101e-01, vort_rms=7.624e-01, mass_err=-5.670e-10
step=235000, t=102.902838, dt=4.642e-04, KE=3.075702e-02, Mt=0.2499, A_K=0.148, Cuv=-0.032, P_in=5.488e-04, P_tgt=5.496e-04, A_F=0.022, K_low=0.055, P_drag=-3.314e-04, P_cool=-4.567e-04, WENO=0.036 (x=0.036, y=0.036), ReL2D=152.21, eps_nu=4.413e-04, P_hv=9.844e-07, rho_mean=1.000000, p_mean=0.715199, div_rms=1.012e-01, vort_rms=7.550e-01, mass_err=-5.694e-10
step=236000, t=103.363358, dt=4.549e-04, KE=3.083269e-02, Mt=0.2502, A_K=0.158, Cuv=-0.052, P_in=5.468e-04, P_tgt=5.465e-04, A_F=0.036, K_low=0.054, P_drag=-3.307e-04, P_cool=-4.214e-04, WENO=0.027 (x=0.027, y=0.027), ReL2D=150.93, eps_nu=4.404e-04, P_hv=9.496e-07, rho_mean=1.000000, p_mean=0.715128, div_rms=1.056e-01, vort_rms=7.534e-01, mass_err=-5.718e-10
step=237000, t=103.817656, dt=4.522e-04, KE=3.043981e-02, Mt=0.2485, A_K=0.139, Cuv=-0.054, P_in=5.614e-04, P_tgt=5.583e-04, A_F=0.088, K_low=0.053, P_drag=-3.175e-04, P_cool=-4.804e-04, WENO=0.038 (x=0.038, y=0.038), ReL2D=145.47, eps_nu=4.350e-04, P_hv=9.632e-07, rho_mean=1.000000, p_mean=0.715246, div_rms=1.036e-01, vort_rms=7.490e-01, mass_err=-5.743e-10
step=238000, t=104.265491, dt=4.442e-04, KE=3.010745e-02, Mt=0.2474, A_K=0.100, Cuv=-0.023, P_in=6.210e-04, P_tgt=6.130e-04, A_F=0.203, K_low=0.051, P_drag=-3.017e-04, P_cool=-5.254e-04, WENO=0.027 (x=0.027, y=0.027), ReL2D=143.67, eps_nu=4.288e-04, P_hv=9.641e-07, rho_mean=1.000000, p_mean=0.715337, div_rms=9.956e-02, vort_rms=7.443e-01, mass_err=-5.767e-10
step=239000, t=104.705697, dt=4.383e-04, KE=3.027113e-02, Mt=0.2483, A_K=0.088, Cuv=0.019, P_in=6.868e-04, P_tgt=6.680e-04, A_F=0.044, K_low=0.048, P_drag=-2.871e-04, P_cool=-4.793e-04, WENO=0.036 (x=0.036, y=0.036), ReL2D=140.89, eps_nu=4.311e-04, P_hv=9.757e-07, rho_mean=1.000000, p_mean=0.715244, div_rms=1.088e-01, vort_rms=7.446e-01, mass_err=-5.791e-10
step=240000, t=105.141597, dt=4.326e-04, KE=3.039648e-02, Mt=0.2486, A_K=0.107, Cuv=0.038, P_in=7.405e-04, P_tgt=7.112e-04, A_F=0.106, K_low=0.046, P_drag=-2.732e-04, P_cool=-4.497e-04, WENO=0.037 (x=0.037, y=0.037), ReL2D=140.75, eps_nu=4.333e-04, P_hv=9.772e-07, rho_mean=1.000000, p_mean=0.715185, div_rms=1.057e-01, vort_rms=7.472e-01, mass_err=-5.815e-10
saved snapshot: results/hit2d/thesis_hit_campaign_v1/grid_Mt025_N512_seed1234/hit2d_step0240000.npz
step=241000, t=105.578092, dt=4.402e-04, KE=3.038023e-02, Mt=0.2481, A_K=0.122, Cuv=0.047, P_in=7.616e-04, P_tgt=7.587e-04, A_F=0.000, K_low=0.043, P_drag=-2.582e-04, P_cool=-4.547e-04, WENO=0.037 (x=0.037, y=0.037), ReL2D=141.74, eps_nu=4.314e-04, P_hv=9.794e-07, rho_mean=1.000000, p_mean=0.715195, div_rms=1.073e-01, vort_rms=7.451e-01, mass_err=-5.840e-10
step=242000, t=106.018223, dt=4.391e-04, KE=3.040794e-02, Mt=0.2484, A_K=0.144, Cuv=0.052, P_in=8.203e-04, P_tgt=8.196e-04, A_F=0.094, K_low=0.038, P_drag=-2.333e-04, P_cool=-4.563e-04, WENO=0.033 (x=0.033, y=0.033), ReL2D=142.21, eps_nu=4.313e-04, P_hv=9.579e-07, rho_mean=1.000000, p_mean=0.715198, div_rms=1.133e-01, vort_rms=7.439e-01, mass_err=-5.864e-10
step=243000, t=106.461450, dt=4.485e-04, KE=3.056268e-02, Mt=0.2490, A_K=0.155, Cuv=0.084, P_in=8.620e-04, P_tgt=8.625e-04, A_F=0.018, K_low=0.033, P_drag=-2.042e-04, P_cool=-4.410e-04, WENO=0.036 (x=0.036, y=0.036), ReL2D=144.48, eps_nu=4.278e-04, P_hv=9.214e-07, rho_mean=1.000000, p_mean=0.715168, div_rms=1.033e-01, vort_rms=7.427e-01, mass_err=-5.888e-10
step=244000, t=106.914823, dt=4.543e-04, KE=3.082228e-02, Mt=0.2497, A_K=0.150, Cuv=0.134, P_in=8.857e-04, P_tgt=8.858e-04, A_F=0.095, K_low=0.030, P_drag=-1.815e-04, P_cool=-4.126e-04, WENO=0.028 (x=0.028, y=0.028), ReL2D=144.84, eps_nu=4.274e-04, P_hv=8.759e-07, rho_mean=1.000000, p_mean=0.715111, div_rms=1.019e-01, vort_rms=7.426e-01, mass_err=-5.913e-10
step=245000, t=107.369822, dt=4.548e-04, KE=3.083433e-02, Mt=0.2501, A_K=0.150, Cuv=0.180, P_in=8.736e-04, P_tgt=8.857e-04, A_F=0.303, K_low=0.029, P_drag=-1.726e-04, P_cool=-4.366e-04, WENO=0.031 (x=0.031, y=0.031), ReL2D=144.35, eps_nu=4.255e-04, P_hv=8.642e-07, rho_mean=1.000000, p_mean=0.715159, div_rms=9.854e-02, vort_rms=7.415e-01, mass_err=-5.937e-10
step=246000, t=107.824686, dt=4.527e-04, KE=3.086648e-02, Mt=0.2501, A_K=0.156, Cuv=0.203, P_in=8.818e-04, P_tgt=8.826e-04, A_F=0.000, K_low=0.029, P_drag=-1.765e-04, P_cool=-4.544e-04, WENO=0.044 (x=0.044, y=0.044), ReL2D=145.05, eps_nu=4.243e-04, P_hv=8.427e-07, rho_mean=1.000000, p_mean=0.715195, div_rms=1.001e-01, vort_rms=7.402e-01, mass_err=-5.961e-10
step=247000, t=108.270912, dt=4.399e-04, KE=3.108058e-02, Mt=0.2510, A_K=0.179, Cuv=0.188, P_in=8.625e-04, P_tgt=8.647e-04, A_F=0.128, K_low=0.031, P_drag=-1.931e-04, P_cool=-4.335e-04, WENO=0.031 (x=0.031, y=0.031), ReL2D=144.90, eps_nu=4.310e-04, P_hv=8.190e-07, rho_mean=1.000000, p_mean=0.715153, div_rms=1.010e-01, vort_rms=7.460e-01, mass_err=-5.985e-10
step=248000, t=108.709024, dt=4.382e-04, KE=3.132130e-02, Mt=0.2521, A_K=0.186, Cuv=0.158, P_in=8.242e-04, P_tgt=8.119e-04, A_F=0.062, K_low=0.037, P_drag=-2.226e-04, P_cool=-4.044e-04, WENO=0.032 (x=0.032, y=0.032), ReL2D=144.28, eps_nu=4.372e-04, P_hv=8.197e-07, rho_mean=1.000000, p_mean=0.715094, div_rms=1.065e-01, vort_rms=7.504e-01, mass_err=-6.009e-10
step=249000, t=109.151507, dt=4.459e-04, KE=3.125989e-02, Mt=0.2517, A_K=0.199, Cuv=0.156, P_in=7.589e-04, P_tgt=7.499e-04, A_F=0.180, K_low=0.042, P_drag=-2.567e-04, P_cool=-4.280e-04, WENO=0.033 (x=0.033, y=0.033), ReL2D=140.85, eps_nu=4.388e-04, P_hv=8.131e-07, rho_mean=1.000000, p_mean=0.715142, div_rms=1.026e-01, vort_rms=7.525e-01, mass_err=-6.034e-10
warning: flow component anisotropy has increased over the last three diagnostic samples
step=250000, t=109.598724, dt=4.484e-04, KE=3.105850e-02, Mt=0.2511, A_K=0.208, Cuv=0.180, P_in=7.119e-04, P_tgt=7.103e-04, A_F=0.142, K_low=0.047, P_drag=-2.919e-04, P_cool=-4.688e-04, WENO=0.031 (x=0.031, y=0.031), ReL2D=140.26, eps_nu=4.351e-04, P_hv=8.290e-07, rho_mean=1.000000, p_mean=0.715223, div_rms=9.939e-02, vort_rms=7.499e-01, mass_err=-6.058e-10
saved snapshot: results/hit2d/thesis_hit_campaign_v1/grid_Mt025_N512_seed1234/hit2d_step0250000.npz
step=251000, t=110.045893, dt=4.424e-04, KE=3.101312e-02, Mt=0.2511, A_K=0.196, Cuv=0.215, P_in=6.805e-04, P_tgt=6.797e-04, A_F=0.051, K_low=0.054, P_drag=-3.355e-04, P_cool=-4.701e-04, WENO=0.027 (x=0.027, y=0.027), ReL2D=140.83, eps_nu=4.369e-04, P_hv=8.294e-07, rho_mean=1.000000, p_mean=0.715226, div_rms=1.028e-01, vort_rms=7.508e-01, mass_err=-6.082e-10
step=252000, t=110.489480, dt=4.470e-04, KE=3.102501e-02, Mt=0.2512, A_K=0.202, Cuv=0.237, P_in=6.514e-04, P_tgt=6.507e-04, A_F=0.108, K_low=0.065, P_drag=-3.967e-04, P_cool=-4.531e-04, WENO=0.021 (x=0.021, y=0.021), ReL2D=142.08, eps_nu=4.401e-04, P_hv=8.672e-07, rho_mean=1.000000, p_mean=0.715192, div_rms=1.051e-01, vort_rms=7.532e-01, mass_err=-6.106e-10
warning: flow component anisotropy has increased over the last three diagnostic samples
step=253000, t=110.937467, dt=4.487e-04, KE=3.101852e-02, Mt=0.2510, A_K=0.228, Cuv=0.253, P_in=6.254e-04, P_tgt=6.219e-04, A_F=0.099, K_low=0.077, P_drag=-4.704e-04, P_cool=-4.332e-04, WENO=0.029 (x=0.029, y=0.029), ReL2D=143.14, eps_nu=4.424e-04, P_hv=8.670e-07, rho_mean=1.000000, p_mean=0.715152, div_rms=1.049e-01, vort_rms=7.553e-01, mass_err=-6.131e-10
warning: flow component anisotropy has increased over the last three diagnostic samples
step=254000, t=111.384369, dt=4.444e-04, KE=3.087635e-02, Mt=0.2505, A_K=0.259, Cuv=0.254, P_in=6.067e-04, P_tgt=6.039e-04, A_F=0.179, K_low=0.088, P_drag=-5.426e-04, P_cool=-4.323e-04, WENO=0.025 (x=0.025, y=0.025), ReL2D=141.79, eps_nu=4.439e-04, P_hv=8.780e-07, rho_mean=1.000000, p_mean=0.715150, div_rms=1.080e-01, vort_rms=7.560e-01, mass_err=-6.155e-10
step=255000, t=111.828959, dt=4.469e-04, KE=3.062360e-02, Mt=0.2496, A_K=0.259, Cuv=0.252, P_in=6.083e-04, P_tgt=6.016e-04, A_F=0.177, K_low=0.100, P_drag=-6.116e-04, P_cool=-4.459e-04, WENO=0.029 (x=0.029, y=0.029), ReL2D=142.14, eps_nu=4.424e-04, P_hv=8.990e-07, rho_mean=1.000000, p_mean=0.715177, div_rms=1.035e-01, vort_rms=7.556e-01, mass_err=-6.179e-10
step=256000, t=112.276623, dt=4.460e-04, KE=3.037676e-02, Mt=0.2485, A_K=0.217, Cuv=0.274, P_in=6.209e-04, P_tgt=6.243e-04, A_F=0.180, K_low=0.113, P_drag=-6.863e-04, P_cool=-4.518e-04, WENO=0.027 (x=0.027, y=0.027), ReL2D=141.41, eps_nu=4.378e-04, P_hv=8.795e-07, rho_mean=1.000000, p_mean=0.715189, div_rms=9.871e-02, vort_rms=7.524e-01, mass_err=-6.204e-10
step=257000, t=112.725295, dt=4.494e-04, KE=3.009313e-02, Mt=0.2477, A_K=0.180, Cuv=0.308, P_in=6.707e-04, P_tgt=6.764e-04, A_F=0.112, K_low=0.129, P_drag=-7.663e-04, P_cool=-4.606e-04, WENO=0.029 (x=0.029, y=0.029), ReL2D=140.33, eps_nu=4.356e-04, P_hv=8.614e-07, rho_mean=1.000000, p_mean=0.715207, div_rms=9.350e-02, vort_rms=7.513e-01, mass_err=-6.228e-10
step=258000, t=113.172103, dt=4.459e-04, KE=2.995108e-02, Mt=0.2474, A_K=0.186, Cuv=0.340, P_in=7.365e-04, P_tgt=7.484e-04, A_F=0.072, K_low=0.145, P_drag=-8.509e-04, P_cool=-4.403e-04, WENO=0.030 (x=0.030, y=0.030), ReL2D=139.81, eps_nu=4.363e-04, P_hv=8.474e-07, rho_mean=1.000000, p_mean=0.715166, div_rms=1.039e-01, vort_rms=7.501e-01, mass_err=-6.252e-10
warning: flow component anisotropy has increased over the last three diagnostic samples
step=259000, t=113.615948, dt=4.422e-04, KE=2.963311e-02, Mt=0.2461, A_K=0.206, Cuv=0.364, P_in=8.442e-04, P_tgt=8.496e-04, A_F=0.081, K_low=0.160, P_drag=-9.319e-04, P_cool=-4.558e-04, WENO=0.028 (x=0.028, y=0.028), ReL2D=138.93, eps_nu=4.329e-04, P_hv=8.414e-07, rho_mean=1.000000, p_mean=0.715197, div_rms=9.876e-02, vort_rms=7.480e-01, mass_err=-6.276e-10
step=260000, t=114.057922, dt=4.401e-04, KE=2.935994e-02, Mt=0.2450, A_K=0.174, Cuv=0.342, P_in=1.021e-03, P_tgt=1.028e-03, A_F=0.127, K_low=0.175, P_drag=-1.012e-03, P_cool=-4.655e-04, WENO=0.029 (x=0.029, y=0.029), ReL2D=138.55, eps_nu=4.366e-04, P_hv=8.371e-07, rho_mean=1.000000, p_mean=0.715217, div_rms=9.691e-02, vort_rms=7.516e-01, mass_err=-6.300e-10
saved snapshot: results/hit2d/thesis_hit_campaign_v1/grid_Mt025_N512_seed1234/hit2d_step0260000.npz
step=261000, t=114.500402, dt=4.463e-04, KE=2.936346e-02, Mt=0.2446, A_K=0.111, Cuv=0.294, P_in=1.272e-03, P_tgt=1.276e-03, A_F=0.241, K_low=0.190, P_drag=-1.099e-03, P_cool=-4.331e-04, WENO=0.029 (x=0.029, y=0.029), ReL2D=136.32, eps_nu=4.430e-04, P_hv=8.435e-07, rho_mean=1.000000, p_mean=0.715152, div_rms=1.010e-01, vort_rms=7.565e-01, mass_err=-6.325e-10
step=262000, t=114.941572, dt=4.384e-04, KE=2.936045e-02, Mt=0.2446, A_K=0.065, Cuv=0.262, P_in=1.597e-03, P_tgt=1.594e-03, A_F=0.086, K_low=0.205, P_drag=-1.185e-03, P_cool=-4.214e-04, WENO=0.041 (x=0.041, y=0.041), ReL2D=132.77, eps_nu=4.511e-04, P_hv=8.509e-07, rho_mean=1.000000, p_mean=0.715129, div_rms=9.521e-02, vort_rms=7.646e-01, mass_err=-6.349e-10
step=263000, t=115.373502, dt=4.325e-04, KE=2.932995e-02, Mt=0.2448, A_K=0.021, Cuv=0.251, P_in=1.985e-03, P_tgt=1.984e-03, A_F=0.138, K_low=0.218, P_drag=-1.256e-03, P_cool=-4.393e-04, WENO=0.029 (x=0.029, y=0.029), ReL2D=131.88, eps_nu=4.595e-04, P_hv=8.883e-07, rho_mean=1.000000, p_mean=0.715164, div_rms=9.958e-02, vort_rms=7.711e-01, mass_err=-6.373e-10
step=264000, t=115.802583, dt=4.244e-04, KE=2.937739e-02, Mt=0.2454, A_K=0.019, Cuv=0.236, P_in=2.426e-03, P_tgt=2.424e-03, A_F=0.062, K_low=0.228, P_drag=-1.316e-03, P_cool=-4.694e-04, WENO=0.027 (x=0.027, y=0.027), ReL2D=130.88, eps_nu=4.771e-04, P_hv=9.329e-07, rho_mean=1.000000, p_mean=0.715224, div_rms=1.039e-01, vort_rms=7.853e-01, mass_err=-6.398e-10
step=264289, t=115.924769, dt=1.576e-04, KE=2.943227e-02, Mt=0.2454, A_K=0.029, Cuv=0.227, P_in=2.549e-03, P_tgt=2.560e-03, A_F=0.116, K_low=0.230, P_drag=-1.331e-03, P_cool=-4.754e-04, WENO=0.024 (x=0.024, y=0.024), ReL2D=130.09, eps_nu=4.836e-04, P_hv=9.673e-07, rho_mean=1.000000, p_mean=0.715237, div_rms=1.029e-01, vort_rms=7.909e-01, mass_err=-6.405e-10
saved snapshot: results/hit2d/thesis_hit_campaign_v1/grid_Mt025_N512_seed1234/hit2d_step0264289.npz
completed 2D HIT run at t=115.924769 in 264289 steps
Post-processing: results/hit2d/thesis_hit_campaign_v1/grid_Mt025_N512_seed1234
saved HIT diagnostic field plot: results/hit2d/thesis_hit_campaign_v1/grid_Mt025_N512_seed1234/postprocess/hit2d_physics_fields.png
/home/fatienza/github/HIT_Solver/2D/hit2d_viewer.py:405: UserWarning: No artists with labels found to put in legend.  Note that artists whose label start with an underscore are ignored when legend() is called with no argument.
  ax.legend()
saved HIT history plot: results/hit2d/thesis_hit_campaign_v1/grid_Mt025_N512_seed1234/postprocess/hit2d_history.png
saved isotropy diagnostics: results/hit2d/thesis_hit_campaign_v1/grid_Mt025_N512_seed1234/isotropy_diagnostics.npz
selected interval: t=[26.4451, 96.0953], Neddy=[4.21361, 15.3047], snapshots=17
turnover reference length: L_ref=1.570796e+00
isotropy mismatch: E_LL=3.790683e-02 (normalized=9.065492e-02), E_NN=3.258564e-02 (normalized=8.642170e-02)
selected means: K=3.077535e-02, Mt=2.501103e-01, A_K=8.287861e-02, C_uv=-3.722225e-02
saved isotropy plot: results/hit2d/thesis_hit_campaign_v1/grid_Mt025_N512_seed1234/postprocess/stationarity_K_Mt.png
saved isotropy plot: results/hit2d/thesis_hit_campaign_v1/grid_Mt025_N512_seed1234/postprocess/directional_isotropy_correlations.png
saved isotropy plot: results/hit2d/thesis_hit_campaign_v1/grid_Mt025_N512_seed1234/postprocess/component_energy_anisotropy.png
saved spectra diagnostics: results/hit2d/thesis_hit_campaign_v1/grid_Mt025_N512_seed1234/spectra_diagnostics.npz
saved spectra plot: results/hit2d/thesis_hit_campaign_v1/grid_Mt025_N512_seed1234/postprocess/energy_enstrophy_spectra.png
cutoff ratios: energy=0.000e+00, enstrophy=0.000e+00
spectral checks: Parseval=6.650e-16, Helmholtz closure=3.741e-16, <chi_d>=1.269e-02
saved PDF diagnostics: results/hit2d/thesis_hit_campaign_v1/grid_Mt025_N512_seed1234/pdf_diagnostics.npz
saved PDF plot: results/hit2d/thesis_hit_campaign_v1/grid_Mt025_N512_seed1234/postprocess/one_point_pdfs.png
PDF moments: S_theta=-6.094e-01, F_theta=5.765e+00, S_omega=-2.069e-01, F_omega=3.090e+00
COMPLETED: grid_Mt025_N512_seed1234 at Sun Aug 16 01:36:25 AM CEST 2026
Skipping completed case: grid_Mt025_N256_seed1234
Post-processing: results/hit2d/thesis_hit_campaign_v1/grid_Mt025_N256_seed1234
saved HIT diagnostic field plot: results/hit2d/thesis_hit_campaign_v1/grid_Mt025_N256_seed1234/postprocess/hit2d_physics_fields.png
/home/fatienza/github/HIT_Solver/2D/hit2d_viewer.py:405: UserWarning: No artists with labels found to put in legend.  Note that artists whose label start with an underscore are ignored when legend() is called with no argument.
  ax.legend()
saved HIT history plot: results/hit2d/thesis_hit_campaign_v1/grid_Mt025_N256_seed1234/postprocess/hit2d_history.png
saved isotropy diagnostics: results/hit2d/thesis_hit_campaign_v1/grid_Mt025_N256_seed1234/isotropy_diagnostics.npz
selected interval: t=[26.193, 100.168], Neddy=[4.16751, 15.9624], snapshots=18
turnover reference length: L_ref=1.570796e+00
isotropy mismatch: E_LL=6.412815e-02 (normalized=1.546172e-01), E_NN=8.940266e-02 (normalized=2.437237e-01)
selected means: K=3.091872e-02, Mt=2.502474e-01, A_K=1.354360e-01, C_uv=-4.139783e-02
saved isotropy plot: results/hit2d/thesis_hit_campaign_v1/grid_Mt025_N256_seed1234/postprocess/stationarity_K_Mt.png
saved isotropy plot: results/hit2d/thesis_hit_campaign_v1/grid_Mt025_N256_seed1234/postprocess/directional_isotropy_correlations.png
saved isotropy plot: results/hit2d/thesis_hit_campaign_v1/grid_Mt025_N256_seed1234/postprocess/component_energy_anisotropy.png
/home/fatienza/github/HIT_Solver/OOP/postprocess/spectra.py:152: RuntimeWarning: Enstrophy spectrum may be piling up near the complete-shell cutoff
  warnings.warn("Enstrophy spectrum may be piling up near the complete-shell cutoff", RuntimeWarning)
saved spectra diagnostics: results/hit2d/thesis_hit_campaign_v1/grid_Mt025_N256_seed1234/spectra_diagnostics.npz
saved spectra plot: results/hit2d/thesis_hit_campaign_v1/grid_Mt025_N256_seed1234/postprocess/energy_enstrophy_spectra.png
cutoff ratios: energy=0.000e+00, enstrophy=3.921e+00
spectral checks: Parseval=2.213e-16, Helmholtz closure=2.360e-16, <chi_d>=1.299e-02
saved PDF diagnostics: results/hit2d/thesis_hit_campaign_v1/grid_Mt025_N256_seed1234/pdf_diagnostics.npz
saved PDF plot: results/hit2d/thesis_hit_campaign_v1/grid_Mt025_N256_seed1234/postprocess/one_point_pdfs.png
PDF moments: S_theta=-6.226e-01, F_theta=8.550e+00, S_omega=-4.521e-02, F_omega=3.043e+00

============================================================
STARTING mach_Mt010_N256_seed1234 at Sun Aug 16 01:36:29 AM CEST 2026
N=256x256; Mt=0.10; Re_lambda,0=120; seed=1234
tfinal=289.81192229; target turnovers=18.0
CFL=0.10; sensor=legacy; WENO LF=local
HV: conservative_flux, mn=0.005, interval=5
snapshot_every=12500; diagnostics_every=1250
============================================================
Using array backend: cupy
saved run configuration: results/hit2d/thesis_hit_campaign_v1/mach_Mt010_N256_seed1234/config.json
resolved initial Re_lambda_2d=120.000000 with dynamic viscosity=3.024280e-04
step=     0, t=0.000000, dt=0.000e+00, KE=5.000000e-03, Mt=0.1000, A_K=0.000, Cuv=0.000, P_in=0.000e+00, P_tgt=0.000e+00, A_F=0.000, K_low=0.000, P_drag=0.000e+00, P_cool=0.000e+00, WENO=0.018 (x=0.018, y=0.018), ReL2D=120.00, eps_nu=4.599e-05, P_hv=0.000e+00, rho_mean=1.000000, p_mean=0.714286, div_rms=2.463e-15, vort_rms=3.900e-01, mass_err=0.000e+00
step=  1250, t=1.319441, dt=1.056e-03, KE=6.310837e-03, Mt=0.1125, A_K=0.071, Cuv=-0.095, P_in=4.623e-04, P_tgt=4.612e-04, A_F=0.008, K_low=0.001, P_drag=-1.034e-06, P_cool=-2.089e-05, WENO=0.019 (x=0.019, y=0.019), ReL2D=131.32, eps_nu=6.203e-05, P_hv=1.105e-06, rho_mean=1.000000, p_mean=0.714328, div_rms=1.929e-02, vort_rms=4.524e-01, mass_err=-3.034e-12
step=  2500, t=2.634321, dt=1.050e-03, KE=6.558864e-03, Mt=0.1146, A_K=0.107, Cuv=-0.111, P_in=1.093e-04, P_tgt=1.100e-04, A_F=0.129, K_low=0.002, P_drag=-2.031e-06, P_cool=-2.993e-05, WENO=0.033 (x=0.033, y=0.033), ReL2D=134.17, eps_nu=6.582e-05, P_hv=1.349e-06, rho_mean=1.000000, p_mean=0.714346, div_rms=2.122e-02, vort_rms=4.659e-01, mass_err=-6.054e-12
step=  3750, t=3.946485, dt=1.051e-03, KE=6.539555e-03, Mt=0.1145, A_K=0.148, Cuv=-0.102, P_in=2.867e-05, P_tgt=2.470e-05, A_F=0.041, K_low=0.003, P_drag=-3.747e-06, P_cool=-3.912e-05, WENO=0.020 (x=0.020, y=0.020), ReL2D=135.22, eps_nu=6.527e-05, P_hv=1.453e-06, rho_mean=1.000000, p_mean=0.714364, div_rms=2.142e-02, vort_rms=4.639e-01, mass_err=-9.081e-12
step=  5000, t=5.262077, dt=1.052e-03, KE=6.472704e-03, Mt=0.1139, A_K=0.190, Cuv=-0.096, P_in=5.661e-06, P_tgt=5.719e-06, A_F=0.193, K_low=0.004, P_drag=-5.518e-06, P_cool=-4.516e-05, WENO=0.012 (x=0.012, y=0.012), ReL2D=135.35, eps_nu=6.399e-05, P_hv=1.553e-06, rho_mean=1.000000, p_mean=0.714376, div_rms=1.967e-02, vort_rms=4.594e-01, mass_err=-1.212e-11
warning: flow component anisotropy has increased over the last three diagnostic samples
step=  6250, t=6.576431, dt=1.053e-03, KE=6.398347e-03, Mt=0.1132, A_K=0.209, Cuv=-0.074, P_in=1.386e-06, P_tgt=1.405e-06, A_F=0.085, K_low=0.006, P_drag=-7.277e-06, P_cool=-4.713e-05, WENO=0.019 (x=0.019, y=0.019), ReL2D=135.52, eps_nu=6.288e-05, P_hv=1.692e-06, rho_mean=1.000000, p_mean=0.714380, div_rms=2.158e-02, vort_rms=4.553e-01, mass_err=-1.514e-11
warning: flow component anisotropy has increased over the last three diagnostic samples
step=  7500, t=7.896849, dt=1.058e-03, KE=6.291168e-03, Mt=0.1123, A_K=0.215, Cuv=-0.074, P_in=3.617e-07, P_tgt=3.708e-07, A_F=0.077, K_low=0.008, P_drag=-1.001e-05, P_cool=-5.292e-05, WENO=0.030 (x=0.030, y=0.030), ReL2D=136.54, eps_nu=6.133e-05, P_hv=1.844e-06, rho_mean=1.000000, p_mean=0.714392, div_rms=2.070e-02, vort_rms=4.497e-01, mass_err=-1.817e-11
step=  8750, t=9.221439, dt=1.059e-03, KE=6.198415e-03, Mt=0.1114, A_K=0.207, Cuv=-0.077, P_in=1.058e-07, P_tgt=1.054e-07, A_F=0.093, K_low=0.011, P_drag=-1.319e-05, P_cool=-5.433e-05, WENO=0.025 (x=0.025, y=0.025), ReL2D=137.69, eps_nu=5.974e-05, P_hv=1.970e-06, rho_mean=1.000000, p_mean=0.714394, div_rms=2.053e-02, vort_rms=4.438e-01, mass_err=-2.121e-11
step= 10000, t=10.546185, dt=1.055e-03, KE=6.096251e-03, Mt=0.1105, A_K=0.196, Cuv=-0.077, P_in=3.240e-08, P_tgt=3.247e-08, A_F=0.020, K_low=0.014, P_drag=-1.749e-05, P_cool=-5.612e-05, WENO=0.025 (x=0.025, y=0.025), ReL2D=137.88, eps_nu=5.798e-05, P_hv=2.049e-06, rho_mean=1.000000, p_mean=0.714398, div_rms=1.924e-02, vort_rms=4.373e-01, mass_err=-2.423e-11
step= 11250, t=11.863306, dt=1.051e-03, KE=5.994547e-03, Mt=0.1096, A_K=0.173, Cuv=-0.097, P_in=1.130e-08, P_tgt=1.089e-08, A_F=0.093, K_low=0.018, P_drag=-2.186e-05, P_cool=-5.656e-05, WENO=0.042 (x=0.042, y=0.042), ReL2D=137.69, eps_nu=5.618e-05, P_hv=2.087e-06, rho_mean=1.000000, p_mean=0.714399, div_rms=1.799e-02, vort_rms=4.305e-01, mass_err=-2.726e-11
step= 12500, t=13.172324, dt=1.044e-03, KE=5.889162e-03, Mt=0.1086, A_K=0.141, Cuv=-0.119, P_in=4.239e-09, P_tgt=3.998e-09, A_F=0.149, K_low=0.022, P_drag=-2.634e-05, P_cool=-5.673e-05, WENO=0.013 (x=0.013, y=0.013), ReL2D=136.63, eps_nu=5.438e-05, P_hv=2.128e-06, rho_mean=1.000000, p_mean=0.714399, div_rms=2.049e-02, vort_rms=4.234e-01, mass_err=-3.028e-11
saved snapshot: results/hit2d/thesis_hit_campaign_v1/mach_Mt010_N256_seed1234/hit2d_step0012500.npz
step= 13750, t=14.475137, dt=1.041e-03, KE=5.786698e-03, Mt=0.1077, A_K=0.093, Cuv=-0.113, P_in=4.380e-09, P_tgt=1.615e-09, A_F=0.084, K_low=0.027, P_drag=-3.116e-05, P_cool=-5.519e-05, WENO=0.023 (x=0.023, y=0.023), ReL2D=135.23, eps_nu=5.261e-05, P_hv=2.086e-06, rho_mean=1.000000, p_mean=0.714396, div_rms=1.905e-02, vort_rms=4.165e-01, mass_err=-3.330e-11
step= 15000, t=15.774476, dt=1.033e-03, KE=5.670521e-03, Mt=0.1066, A_K=0.061, Cuv=-0.139, P_in=7.434e-10, P_tgt=7.224e-10, A_F=0.242, K_low=0.032, P_drag=-3.581e-05, P_cool=-5.538e-05, WENO=0.033 (x=0.033, y=0.033), ReL2D=132.63, eps_nu=5.085e-05, P_hv=2.021e-06, rho_mean=1.000000, p_mean=0.714396, div_rms=1.589e-02, vort_rms=4.097e-01, mass_err=-3.634e-11
step= 16250, t=17.065324, dt=1.037e-03, KE=5.558521e-03, Mt=0.1055, A_K=0.019, Cuv=-0.132, P_in=3.493e-10, P_tgt=3.615e-10, A_F=0.060, K_low=0.037, P_drag=-4.106e-05, P_cool=-5.373e-05, WENO=0.015 (x=0.015, y=0.015), ReL2D=129.36, eps_nu=4.913e-05, P_hv=2.003e-06, rho_mean=1.000000, p_mean=0.714393, div_rms=1.799e-02, vort_rms=4.025e-01, mass_err=-3.936e-11
step= 17500, t=18.358666, dt=1.034e-03, KE=5.437742e-03, Mt=0.1044, A_K=0.027, Cuv=-0.148, P_in=2.051e-10, P_tgt=2.034e-10, A_F=0.077, K_low=0.043, P_drag=-4.642e-05, P_cool=-5.278e-05, WENO=0.023 (x=0.023, y=0.023), ReL2D=127.40, eps_nu=4.741e-05, P_hv=2.004e-06, rho_mean=1.000000, p_mean=0.714391, div_rms=1.763e-02, vort_rms=3.954e-01, mass_err=-4.239e-11
step= 18750, t=19.655118, dt=1.036e-03, KE=5.319728e-03, Mt=0.1032, A_K=0.061, Cuv=-0.175, P_in=1.339e-10, P_tgt=1.304e-10, A_F=0.085, K_low=0.049, P_drag=-5.176e-05, P_cool=-5.011e-05, WENO=0.012 (x=0.012, y=0.012), ReL2D=126.27, eps_nu=4.573e-05, P_hv=1.989e-06, rho_mean=1.000000, p_mean=0.714386, div_rms=1.914e-02, vort_rms=3.882e-01, mass_err=-4.541e-11
step= 20000, t=20.960132, dt=1.047e-03, KE=5.180067e-03, Mt=0.1019, A_K=0.096, Cuv=-0.160, P_in=9.815e-11, P_tgt=9.629e-11, A_F=0.132, K_low=0.055, P_drag=-5.661e-05, P_cool=-5.059e-05, WENO=0.026 (x=0.026, y=0.026), ReL2D=124.55, eps_nu=4.391e-05, P_hv=1.974e-06, rho_mean=1.000000, p_mean=0.714387, div_rms=1.873e-02, vort_rms=3.804e-01, mass_err=-4.842e-11
step= 21250, t=22.275048, dt=1.052e-03, KE=5.046882e-03, Mt=0.1005, A_K=0.104, Cuv=-0.170, P_in=7.991e-11, P_tgt=8.298e-11, A_F=0.108, K_low=0.060, P_drag=-6.084e-05, P_cool=-4.875e-05, WENO=0.019 (x=0.019, y=0.019), ReL2D=122.56, eps_nu=4.214e-05, P_hv=1.893e-06, rho_mean=1.000000, p_mean=0.714383, div_rms=1.846e-02, vort_rms=3.727e-01, mass_err=-5.145e-11
step= 22500, t=23.592871, dt=1.058e-03, KE=4.906980e-03, Mt=0.0991, A_K=0.120, Cuv=-0.152, P_in=9.741e-11, P_tgt=8.461e-11, A_F=0.147, K_low=0.065, P_drag=-6.422e-05, P_cool=-4.757e-05, WENO=0.022 (x=0.022, y=0.022), ReL2D=120.73, eps_nu=4.038e-05, P_hv=1.835e-06, rho_mean=1.000000, p_mean=0.714381, div_rms=1.755e-02, vort_rms=3.648e-01, mass_err=-5.448e-11
step= 23750, t=24.916636, dt=1.062e-03, KE=4.764534e-03, Mt=0.0977, A_K=0.110, Cuv=-0.142, P_in=1.037e-10, P_tgt=1.034e-10, A_F=0.019, K_low=0.069, P_drag=-6.617e-05, P_cool=-4.639e-05, WENO=0.018 (x=0.018, y=0.018), ReL2D=118.83, eps_nu=3.874e-05, P_hv=1.710e-06, rho_mean=1.000000, p_mean=0.714379, div_rms=1.675e-02, vort_rms=3.574e-01, mass_err=-5.750e-11
step= 25000, t=26.243947, dt=1.065e-03, KE=4.626449e-03, Mt=0.0963, A_K=0.118, Cuv=-0.135, P_in=1.551e-10, P_tgt=1.529e-10, A_F=0.055, K_low=0.072, P_drag=-6.664e-05, P_cool=-4.456e-05, WENO=0.031 (x=0.031, y=0.031), ReL2D=117.25, eps_nu=3.717e-05, P_hv=1.612e-06, rho_mean=1.000000, p_mean=0.714375, div_rms=1.652e-02, vort_rms=3.500e-01, mass_err=-6.053e-11
saved snapshot: results/hit2d/thesis_hit_campaign_v1/mach_Mt010_N256_seed1234/hit2d_step0025000.npz
step= 26250, t=27.577416, dt=1.064e-03, KE=4.490530e-03, Mt=0.0948, A_K=0.088, Cuv=-0.123, P_in=2.876e-10, P_tgt=2.776e-10, A_F=0.092, K_low=0.073, P_drag=-6.531e-05, P_cool=-4.239e-05, WENO=0.006 (x=0.006, y=0.006), ReL2D=114.19, eps_nu=3.568e-05, P_hv=1.545e-06, rho_mean=1.000000, p_mean=0.714371, div_rms=1.672e-02, vort_rms=3.429e-01, mass_err=-6.357e-11
step= 27500, t=28.910284, dt=1.063e-03, KE=4.353839e-03, Mt=0.0934, A_K=0.082, Cuv=-0.109, P_in=6.070e-10, P_tgt=6.208e-10, A_F=0.031, K_low=0.072, P_drag=-6.274e-05, P_cool=-4.157e-05, WENO=0.022 (x=0.022, y=0.022), ReL2D=112.62, eps_nu=3.422e-05, P_hv=1.476e-06, rho_mean=1.000000, p_mean=0.714369, div_rms=1.605e-02, vort_rms=3.359e-01, mass_err=-6.658e-11
step= 28750, t=30.243346, dt=1.067e-03, KE=4.230890e-03, Mt=0.0921, A_K=0.070, Cuv=-0.086, P_in=1.689e-09, P_tgt=1.721e-09, A_F=0.117, K_low=0.070, P_drag=-5.917e-05, P_cool=-3.910e-05, WENO=0.020 (x=0.020, y=0.020), ReL2D=111.37, eps_nu=3.286e-05, P_hv=1.430e-06, rho_mean=1.000000, p_mean=0.714364, div_rms=1.579e-02, vort_rms=3.291e-01, mass_err=-6.962e-11
step= 30000, t=31.576349, dt=1.070e-03, KE=4.109691e-03, Mt=0.0907, A_K=0.052, Cuv=-0.067, P_in=6.070e-09, P_tgt=5.926e-09, A_F=0.150, K_low=0.067, P_drag=-5.511e-05, P_cool=-3.777e-05, WENO=0.016 (x=0.016, y=0.016), ReL2D=110.74, eps_nu=3.155e-05, P_hv=1.347e-06, rho_mean=1.000000, p_mean=0.714361, div_rms=1.626e-02, vort_rms=3.225e-01, mass_err=-7.265e-11
step= 31250, t=32.913151, dt=1.071e-03, KE=3.993700e-03, Mt=0.0895, A_K=0.036, Cuv=-0.045, P_in=2.534e-08, P_tgt=2.528e-08, A_F=0.001, K_low=0.065, P_drag=-5.144e-05, P_cool=-3.676e-05, WENO=0.015 (x=0.015, y=0.015), ReL2D=109.74, eps_nu=3.032e-05, P_hv=1.280e-06, rho_mean=1.000000, p_mean=0.714359, div_rms=1.553e-02, vort_rms=3.161e-01, mass_err=-7.568e-11
step= 32500, t=34.254133, dt=1.075e-03, KE=3.888958e-03, Mt=0.0883, A_K=0.023, Cuv=-0.014, P_in=1.341e-07, P_tgt=1.339e-07, A_F=0.055, K_low=0.062, P_drag=-4.785e-05, P_cool=-3.487e-05, WENO=0.017 (x=0.017, y=0.017), ReL2D=109.10, eps_nu=2.919e-05, P_hv=1.223e-06, rho_mean=1.000000, p_mean=0.714355, div_rms=1.729e-02, vort_rms=3.100e-01, mass_err=-7.871e-11
step= 33750, t=35.599814, dt=1.081e-03, KE=3.784165e-03, Mt=0.0871, A_K=0.007, Cuv=-0.004, P_in=8.629e-07, P_tgt=8.777e-07, A_F=0.069, K_low=0.060, P_drag=-4.513e-05, P_cool=-3.418e-05, WENO=0.024 (x=0.024, y=0.024), ReL2D=108.19, eps_nu=2.805e-05, P_hv=1.166e-06, rho_mean=1.000000, p_mean=0.714354, div_rms=1.468e-02, vort_rms=3.041e-01, mass_err=-8.175e-11
step= 35000, t=36.947924, dt=1.079e-03, KE=3.692024e-03, Mt=0.0860, A_K=0.028, Cuv=0.003, P_in=7.275e-06, P_tgt=7.129e-06, A_F=0.057, K_low=0.058, P_drag=-4.287e-05, P_cool=-3.280e-05, WENO=0.019 (x=0.019, y=0.019), ReL2D=107.33, eps_nu=2.704e-05, P_hv=1.128e-06, rho_mean=1.000000, p_mean=0.714351, div_rms=1.540e-02, vort_rms=2.985e-01, mass_err=-8.477e-11
step= 36250, t=38.296787, dt=1.080e-03, KE=3.638558e-03, Mt=0.0854, A_K=0.056, Cuv=0.024, P_in=6.896e-05, P_tgt=6.934e-05, A_F=0.010, K_low=0.057, P_drag=-4.118e-05, P_cool=-3.114e-05, WENO=0.035 (x=0.035, y=0.035), ReL2D=105.69, eps_nu=2.636e-05, P_hv=1.063e-06, rho_mean=1.000000, p_mean=0.714348, div_rms=1.564e-02, vort_rms=2.947e-01, mass_err=-8.780e-11
step= 37500, t=39.632772, dt=1.051e-03, KE=3.889330e-03, Mt=0.0883, A_K=0.092, Cuv=0.094, P_in=6.056e-04, P_tgt=6.057e-04, A_F=0.056, K_low=0.050, P_drag=-3.856e-05, P_cool=-3.104e-05, WENO=0.009 (x=0.009, y=0.009), ReL2D=102.92, eps_nu=3.052e-05, P_hv=1.096e-06, rho_mean=1.000000, p_mean=0.714348, div_rms=1.672e-02, vort_rms=3.171e-01, mass_err=-9.082e-11
saved snapshot: results/hit2d/thesis_hit_campaign_v1/mach_Mt010_N256_seed1234/hit2d_step0037500.npz
warning: cumulative forcing cross-correlation is high (|Fxy|/(Fxx+Fyy)=0.102)
step= 38750, t=40.920594, dt=1.014e-03, KE=5.198028e-03, Mt=0.1021, A_K=0.082, Cuv=0.173, P_in=1.328e-03, P_tgt=1.336e-03, A_F=0.131, K_low=0.034, P_drag=-3.499e-05, P_cool=-3.507e-05, WENO=0.027 (x=0.027, y=0.027), ReL2D=114.02, eps_nu=4.685e-05, P_hv=1.344e-06, rho_mean=1.000000, p_mean=0.714356, div_rms=1.768e-02, vort_rms=3.930e-01, mass_err=-9.386e-11
step= 40000, t=42.195977, dt=1.025e-03, KE=6.294880e-03, Mt=0.1124, A_K=0.087, Cuv=0.155, P_in=5.459e-04, P_tgt=5.465e-04, A_F=0.199, K_low=0.027, P_drag=-3.367e-05, P_cool=-4.270e-05, WENO=0.029 (x=0.029, y=0.029), ReL2D=121.82, eps_nu=6.007e-05, P_hv=1.766e-06, rho_mean=1.000000, p_mean=0.714371, div_rms=1.950e-02, vort_rms=4.451e-01, mass_err=-9.690e-11
step= 41250, t=43.477424, dt=1.029e-03, KE=6.555802e-03, Mt=0.1147, A_K=0.085, Cuv=0.144, P_in=1.320e-04, P_tgt=1.303e-04, A_F=0.115, K_low=0.025, P_drag=-3.280e-05, P_cool=-4.656e-05, WENO=0.020 (x=0.020, y=0.020), ReL2D=125.12, eps_nu=6.287e-05, P_hv=1.907e-06, rho_mean=1.000000, p_mean=0.714379, div_rms=1.711e-02, vort_rms=4.555e-01, mass_err=-9.994e-11
step= 42500, t=44.769372, dt=1.034e-03, KE=6.509407e-03, Mt=0.1143, A_K=0.094, Cuv=0.118, P_in=2.972e-05, P_tgt=2.940e-05, A_F=0.068, K_low=0.025, P_drag=-3.261e-05, P_cool=-5.180e-05, WENO=0.031 (x=0.031, y=0.031), ReL2D=126.00, eps_nu=6.226e-05, P_hv=2.023e-06, rho_mean=1.000000, p_mean=0.714389, div_rms=1.781e-02, vort_rms=4.533e-01, mass_err=-1.030e-10
step= 43750, t=46.067224, dt=1.041e-03, KE=6.416620e-03, Mt=0.1134, A_K=0.072, Cuv=0.089, P_in=6.996e-06, P_tgt=7.010e-06, A_F=0.100, K_low=0.025, P_drag=-3.271e-05, P_cool=-5.282e-05, WENO=0.018 (x=0.018, y=0.018), ReL2D=126.84, eps_nu=6.088e-05, P_hv=2.124e-06, rho_mean=1.000000, p_mean=0.714391, div_rms=1.892e-02, vort_rms=4.481e-01, mass_err=-1.060e-10
step= 45000, t=47.371949, dt=1.045e-03, KE=6.296569e-03, Mt=0.1124, A_K=0.075, Cuv=0.050, P_in=1.673e-06, P_tgt=1.822e-06, A_F=0.127, K_low=0.026, P_drag=-3.316e-05, P_cool=-5.512e-05, WENO=0.034 (x=0.034, y=0.034), ReL2D=128.00, eps_nu=5.902e-05, P_hv=2.228e-06, rho_mean=1.000000, p_mean=0.714396, div_rms=1.835e-02, vort_rms=4.412e-01, mass_err=-1.091e-10
step= 46250, t=48.673959, dt=1.043e-03, KE=6.172736e-03, Mt=0.1113, A_K=0.072, Cuv=0.004, P_in=5.318e-07, P_tgt=5.196e-07, A_F=0.017, K_low=0.029, P_drag=-3.523e-05, P_cool=-5.695e-05, WENO=0.026 (x=0.026, y=0.026), ReL2D=129.04, eps_nu=5.709e-05, P_hv=2.324e-06, rho_mean=1.000000, p_mean=0.714400, div_rms=1.601e-02, vort_rms=4.341e-01, mass_err=-1.121e-10
step= 47500, t=49.979847, dt=1.046e-03, KE=6.058278e-03, Mt=0.1102, A_K=0.054, Cuv=-0.049, P_in=1.604e-07, P_tgt=1.638e-07, A_F=0.118, K_low=0.031, P_drag=-3.806e-05, P_cool=-5.560e-05, WENO=0.034 (x=0.034, y=0.034), ReL2D=129.34, eps_nu=5.511e-05, P_hv=2.324e-06, rho_mean=1.000000, p_mean=0.714397, div_rms=1.731e-02, vort_rms=4.264e-01, mass_err=-1.151e-10
step= 48750, t=51.280161, dt=1.034e-03, KE=5.932726e-03, Mt=0.1091, A_K=0.053, Cuv=-0.092, P_in=5.625e-08, P_tgt=5.732e-08, A_F=0.175, K_low=0.035, P_drag=-4.133e-05, P_cool=-5.568e-05, WENO=0.022 (x=0.022, y=0.022), ReL2D=127.97, eps_nu=5.295e-05, P_hv=2.399e-06, rho_mean=1.000000, p_mean=0.714397, div_rms=1.636e-02, vort_rms=4.180e-01, mass_err=-1.181e-10
step= 50000, t=52.568161, dt=1.026e-03, KE=5.807972e-03, Mt=0.1079, A_K=0.054, Cuv=-0.143, P_in=2.236e-08, P_tgt=2.234e-08, A_F=0.116, K_low=0.038, P_drag=-4.426e-05, P_cool=-5.538e-05, WENO=0.016 (x=0.016, y=0.016), ReL2D=126.58, eps_nu=5.091e-05, P_hv=2.400e-06, rho_mean=1.000000, p_mean=0.714396, div_rms=1.699e-02, vort_rms=4.098e-01, mass_err=-1.212e-10
saved snapshot: results/hit2d/thesis_hit_campaign_v1/mach_Mt010_N256_seed1234/hit2d_step0050000.npz
step= 51250, t=53.849197, dt=1.024e-03, KE=5.691029e-03, Mt=0.1068, A_K=0.045, Cuv=-0.190, P_in=1.129e-08, P_tgt=9.797e-09, A_F=0.123, K_low=0.040, P_drag=-4.595e-05, P_cool=-5.306e-05, WENO=0.028 (x=0.028, y=0.028), ReL2D=126.22, eps_nu=4.890e-05, P_hv=2.318e-06, rho_mean=1.000000, p_mean=0.714392, div_rms=1.534e-02, vort_rms=4.017e-01, mass_err=-1.242e-10
step= 52500, t=55.128227, dt=1.023e-03, KE=5.557260e-03, Mt=0.1056, A_K=0.006, Cuv=-0.233, P_in=4.740e-09, P_tgt=4.827e-09, A_F=0.134, K_low=0.043, P_drag=-4.736e-05, P_cool=-5.418e-05, WENO=0.031 (x=0.031, y=0.031), ReL2D=125.97, eps_nu=4.697e-05, P_hv=2.214e-06, rho_mean=1.000000, p_mean=0.714394, div_rms=1.764e-02, vort_rms=3.936e-01, mass_err=-1.272e-10
step= 53750, t=56.410456, dt=1.031e-03, KE=5.443504e-03, Mt=0.1045, A_K=0.013, Cuv=-0.255, P_in=8.816e-10, P_tgt=2.686e-09, A_F=0.056, K_low=0.044, P_drag=-4.739e-05, P_cool=-5.139e-05, WENO=0.042 (x=0.042, y=0.042), ReL2D=126.19, eps_nu=4.517e-05, P_hv=2.035e-06, rho_mean=1.000000, p_mean=0.714388, div_rms=1.608e-02, vort_rms=3.860e-01, mass_err=-1.303e-10
step= 55000, t=57.698199, dt=1.032e-03, KE=5.325057e-03, Mt=0.1033, A_K=0.008, Cuv=-0.262, P_in=1.665e-09, P_tgt=1.697e-09, A_F=0.006, K_low=0.045, P_drag=-4.755e-05, P_cool=-4.972e-05, WENO=0.017 (x=0.017, y=0.017), ReL2D=126.46, eps_nu=4.349e-05, P_hv=1.918e-06, rho_mean=1.000000, p_mean=0.714385, div_rms=1.603e-02, vort_rms=3.788e-01, mass_err=-1.333e-10
step= 56250, t=58.992475, dt=1.036e-03, KE=5.206739e-03, Mt=0.1022, A_K=0.010, Cuv=-0.295, P_in=1.223e-09, P_tgt=1.222e-09, A_F=0.013, K_low=0.045, P_drag=-4.690e-05, P_cool=-4.840e-05, WENO=0.022 (x=0.022, y=0.022), ReL2D=126.67, eps_nu=4.192e-05, P_hv=1.784e-06, rho_mean=1.000000, p_mean=0.714383, div_rms=1.694e-02, vort_rms=3.718e-01, mass_err=-1.363e-10
step= 57500, t=60.291115, dt=1.040e-03, KE=5.092351e-03, Mt=0.1010, A_K=0.002, Cuv=-0.287, P_in=8.850e-10, P_tgt=1.006e-09, A_F=0.234, K_low=0.045, P_drag=-4.620e-05, P_cool=-4.682e-05, WENO=0.018 (x=0.018, y=0.018), ReL2D=127.64, eps_nu=4.039e-05, P_hv=1.740e-06, rho_mean=1.000000, p_mean=0.714379, div_rms=1.589e-02, vort_rms=3.650e-01, mass_err=-1.393e-10
step= 58750, t=61.594272, dt=1.045e-03, KE=4.977527e-03, Mt=0.0999, A_K=0.002, Cuv=-0.304, P_in=9.294e-10, P_tgt=9.527e-10, A_F=0.136, K_low=0.045, P_drag=-4.500e-05, P_cool=-4.576e-05, WENO=0.032 (x=0.032, y=0.032), ReL2D=127.33, eps_nu=3.888e-05, P_hv=1.685e-06, rho_mean=1.000000, p_mean=0.714377, div_rms=1.519e-02, vort_rms=3.581e-01, mass_err=-1.424e-10
step= 60000, t=62.908045, dt=1.051e-03, KE=4.871784e-03, Mt=0.0988, A_K=0.019, Cuv=-0.328, P_in=1.079e-09, P_tgt=1.034e-09, A_F=0.218, K_low=0.045, P_drag=-4.345e-05, P_cool=-4.355e-05, WENO=0.016 (x=0.016, y=0.016), ReL2D=127.82, eps_nu=3.744e-05, P_hv=1.642e-06, rho_mean=1.000000, p_mean=0.714373, div_rms=1.609e-02, vort_rms=3.513e-01, mass_err=-1.454e-10
step= 61250, t=64.229697, dt=1.064e-03, KE=4.758112e-03, Mt=0.0977, A_K=0.024, Cuv=-0.324, P_in=1.293e-09, P_tgt=1.295e-09, A_F=0.003, K_low=0.044, P_drag=-4.185e-05, P_cool=-4.344e-05, WENO=0.026 (x=0.026, y=0.026), ReL2D=128.34, eps_nu=3.598e-05, P_hv=1.572e-06, rho_mean=1.000000, p_mean=0.714373, div_rms=1.492e-02, vort_rms=3.445e-01, mass_err=-1.484e-10
step= 62500, t=65.560541, dt=1.067e-03, KE=4.662462e-03, Mt=0.0967, A_K=0.033, Cuv=-0.356, P_in=1.850e-09, P_tgt=1.870e-09, A_F=0.021, K_low=0.043, P_drag=-4.027e-05, P_cool=-4.065e-05, WENO=0.023 (x=0.023, y=0.023), ReL2D=126.97, eps_nu=3.462e-05, P_hv=1.536e-06, rho_mean=1.000000, p_mean=0.714367, div_rms=1.486e-02, vort_rms=3.379e-01, mass_err=-1.515e-10
saved snapshot: results/hit2d/thesis_hit_campaign_v1/mach_Mt010_N256_seed1234/hit2d_step0062500.npz
step= 63750, t=66.895373, dt=1.068e-03, KE=4.560323e-03, Mt=0.0956, A_K=0.030, Cuv=-0.366, P_in=2.462e-09, P_tgt=3.130e-09, A_F=0.005, K_low=0.042, P_drag=-3.811e-05, P_cool=-3.969e-05, WENO=0.023 (x=0.023, y=0.023), ReL2D=126.59, eps_nu=3.324e-05, P_hv=1.477e-06, rho_mean=1.000000, p_mean=0.714365, div_rms=1.495e-02, vort_rms=3.311e-01, mass_err=-1.545e-10
step= 65000, t=68.234351, dt=1.067e-03, KE=4.464118e-03, Mt=0.0946, A_K=0.048, Cuv=-0.370, P_in=6.278e-09, P_tgt=6.036e-09, A_F=0.070, K_low=0.040, P_drag=-3.583e-05, P_cool=-3.874e-05, WENO=0.033 (x=0.033, y=0.033), ReL2D=126.78, eps_nu=3.195e-05, P_hv=1.366e-06, rho_mean=1.000000, p_mean=0.714363, div_rms=1.566e-02, vort_rms=3.245e-01, mass_err=-1.576e-10
step= 66250, t=69.567765, dt=1.064e-03, KE=4.380989e-03, Mt=0.0937, A_K=0.027, Cuv=-0.360, P_in=1.342e-08, P_tgt=1.346e-08, A_F=0.145, K_low=0.038, P_drag=-3.336e-05, P_cool=-3.606e-05, WENO=0.017 (x=0.017, y=0.017), ReL2D=126.73, eps_nu=3.079e-05, P_hv=1.292e-06, rho_mean=1.000000, p_mean=0.714358, div_rms=1.466e-02, vort_rms=3.186e-01, mass_err=-1.606e-10
step= 67500, t=70.890442, dt=1.056e-03, KE=4.293640e-03, Mt=0.0928, A_K=0.047, Cuv=-0.375, P_in=3.423e-08, P_tgt=3.456e-08, A_F=0.039, K_low=0.036, P_drag=-3.118e-05, P_cool=-3.534e-05, WENO=0.011 (x=0.011, y=0.011), ReL2D=126.03, eps_nu=2.968e-05, P_hv=1.202e-06, rho_mean=1.000000, p_mean=0.714356, div_rms=1.550e-02, vort_rms=3.128e-01, mass_err=-1.636e-10
step= 68750, t=72.205322, dt=1.050e-03, KE=4.213108e-03, Mt=0.0919, A_K=0.033, Cuv=-0.336, P_in=1.029e-07, P_tgt=1.014e-07, A_F=0.099, K_low=0.035, P_drag=-2.914e-05, P_cool=-3.450e-05, WENO=0.017 (x=0.017, y=0.017), ReL2D=125.84, eps_nu=2.871e-05, P_hv=1.110e-06, rho_mean=1.000000, p_mean=0.714355, div_rms=1.532e-02, vort_rms=3.076e-01, mass_err=-1.667e-10
step= 70000, t=73.517616, dt=1.048e-03, KE=4.145107e-03, Mt=0.0911, A_K=0.061, Cuv=-0.337, P_in=3.630e-07, P_tgt=3.420e-07, A_F=0.175, K_low=0.033, P_drag=-2.728e-05, P_cool=-3.184e-05, WENO=0.025 (x=0.025, y=0.025), ReL2D=124.97, eps_nu=2.783e-05, P_hv=1.025e-06, rho_mean=1.000000, p_mean=0.714349, div_rms=1.432e-02, vort_rms=3.029e-01, mass_err=-1.697e-10
step= 71250, t=74.824173, dt=1.045e-03, KE=4.063051e-03, Mt=0.0903, A_K=0.049, Cuv=-0.313, P_in=1.301e-06, P_tgt=1.311e-06, A_F=0.056, K_low=0.031, P_drag=-2.559e-05, P_cool=-3.310e-05, WENO=0.036 (x=0.036, y=0.036), ReL2D=125.21, eps_nu=2.693e-05, P_hv=9.571e-07, rho_mean=1.000000, p_mean=0.714352, div_rms=1.400e-02, vort_rms=2.979e-01, mass_err=-1.727e-10
step= 72500, t=76.133840, dt=1.043e-03, KE=4.012039e-03, Mt=0.0897, A_K=0.073, Cuv=-0.290, P_in=5.538e-06, P_tgt=5.701e-06, A_F=0.119, K_low=0.030, P_drag=-2.421e-05, P_cool=-2.985e-05, WENO=0.021 (x=0.021, y=0.021), ReL2D=123.42, eps_nu=2.621e-05, P_hv=8.860e-07, rho_mean=1.000000, p_mean=0.714345, div_rms=1.528e-02, vort_rms=2.938e-01, mass_err=-1.758e-10
step= 73750, t=77.439889, dt=1.040e-03, KE=3.962330e-03, Mt=0.0891, A_K=0.049, Cuv=-0.291, P_in=2.772e-05, P_tgt=2.748e-05, A_F=0.157, K_low=0.029, P_drag=-2.330e-05, P_cool=-3.063e-05, WENO=0.017 (x=0.017, y=0.017), ReL2D=122.95, eps_nu=2.583e-05, P_hv=8.354e-07, rho_mean=1.000000, p_mean=0.714347, div_rms=1.406e-02, vort_rms=2.918e-01, mass_err=-1.788e-10
step= 75000, t=78.740262, dt=1.042e-03, KE=3.991455e-03, Mt=0.0895, A_K=0.070, Cuv=-0.221, P_in=1.390e-04, P_tgt=1.366e-04, A_F=0.287, K_low=0.028, P_drag=-2.279e-05, P_cool=-2.920e-05, WENO=0.030 (x=0.030, y=0.030), ReL2D=126.29, eps_nu=2.601e-05, P_hv=7.902e-07, rho_mean=1.000000, p_mean=0.714344, div_rms=1.448e-02, vort_rms=2.928e-01, mass_err=-1.818e-10
saved snapshot: results/hit2d/thesis_hit_campaign_v1/mach_Mt010_N256_seed1234/hit2d_step0075000.npz
step= 76250, t=80.042688, dt=1.038e-03, KE=4.317801e-03, Mt=0.0930, A_K=0.092, Cuv=-0.154, P_in=5.155e-04, P_tgt=5.179e-04, A_F=0.258, K_low=0.026, P_drag=-2.216e-05, P_cool=-2.895e-05, WENO=0.022 (x=0.022, y=0.022), ReL2D=130.90, eps_nu=2.985e-05, P_hv=8.054e-07, rho_mean=1.000000, p_mean=0.714344, div_rms=1.567e-02, vort_rms=3.136e-01, mass_err=-1.849e-10
step= 77500, t=81.325023, dt=1.009e-03, KE=5.129221e-03, Mt=0.1015, A_K=0.081, Cuv=-0.136, P_in=7.709e-04, P_tgt=7.708e-04, A_F=0.121, K_low=0.020, P_drag=-2.070e-05, P_cool=-3.334e-05, WENO=0.013 (x=0.013, y=0.013), ReL2D=137.21, eps_nu=3.876e-05, P_hv=9.615e-07, rho_mean=1.000000, p_mean=0.714352, div_rms=1.616e-02, vort_rms=3.575e-01, mass_err=-1.879e-10
step= 78750, t=82.572035, dt=9.891e-04, KE=5.806621e-03, Mt=0.1081, A_K=0.146, Cuv=-0.200, P_in=4.257e-04, P_tgt=4.237e-04, A_F=0.091, K_low=0.016, P_drag=-1.935e-05, P_cool=-3.810e-05, WENO=0.004 (x=0.004, y=0.004), ReL2D=135.88, eps_nu=4.601e-05, P_hv=1.226e-06, rho_mean=1.000000, p_mean=0.714362, div_rms=1.614e-02, vort_rms=3.896e-01, mass_err=-1.910e-10
step= 80000, t=83.819290, dt=1.007e-03, KE=6.058878e-03, Mt=0.1103, A_K=0.173, Cuv=-0.147, P_in=1.530e-04, P_tgt=1.505e-04, A_F=0.020, K_low=0.016, P_drag=-1.924e-05, P_cool=-4.026e-05, WENO=0.024 (x=0.024, y=0.024), ReL2D=141.26, eps_nu=4.808e-05, P_hv=1.336e-06, rho_mean=1.000000, p_mean=0.714366, div_rms=1.723e-02, vort_rms=3.982e-01, mass_err=-1.940e-10
warning: flow component anisotropy has increased over the last three diagnostic samples
step= 81250, t=85.083378, dt=1.021e-03, KE=6.099874e-03, Mt=0.1106, A_K=0.206, Cuv=-0.136, P_in=4.899e-05, P_tgt=4.817e-05, A_F=0.047, K_low=0.016, P_drag=-1.920e-05, P_cool=-4.157e-05, WENO=0.018 (x=0.018, y=0.018), ReL2D=146.25, eps_nu=4.799e-05, P_hv=1.378e-06, rho_mean=1.000000, p_mean=0.714369, div_rms=1.608e-02, vort_rms=3.979e-01, mass_err=-1.971e-10
step= 82500, t=86.371060, dt=1.035e-03, KE=6.050117e-03, Mt=0.1102, A_K=0.198, Cuv=-0.119, P_in=1.546e-05, P_tgt=1.555e-05, A_F=0.027, K_low=0.016, P_drag=-1.926e-05, P_cool=-4.305e-05, WENO=0.015 (x=0.015, y=0.015), ReL2D=145.40, eps_nu=4.727e-05, P_hv=1.434e-06, rho_mean=1.000000, p_mean=0.714372, div_rms=1.640e-02, vort_rms=3.949e-01, mass_err=-2.001e-10
step= 83750, t=87.675401, dt=1.044e-03, KE=5.971675e-03, Mt=0.1095, A_K=0.213, Cuv=-0.142, P_in=5.352e-06, P_tgt=5.315e-06, A_F=0.077, K_low=0.017, P_drag=-1.997e-05, P_cool=-4.488e-05, WENO=0.012 (x=0.012, y=0.012), ReL2D=146.83, eps_nu=4.611e-05, P_hv=1.490e-06, rho_mean=1.000000, p_mean=0.714375, div_rms=1.733e-02, vort_rms=3.900e-01, mass_err=-2.031e-10
step= 85000, t=88.978473, dt=1.036e-03, KE=5.897504e-03, Mt=0.1088, A_K=0.213, Cuv=-0.145, P_in=1.930e-06, P_tgt=1.945e-06, A_F=0.152, K_low=0.018, P_drag=-2.155e-05, P_cool=-4.355e-05, WENO=0.014 (x=0.014, y=0.014), ReL2D=148.57, eps_nu=4.489e-05, P_hv=1.563e-06, rho_mean=1.000000, p_mean=0.714373, div_rms=1.659e-02, vort_rms=3.848e-01, mass_err=-2.062e-10
step= 86250, t=90.268947, dt=1.032e-03, KE=5.812671e-03, Mt=0.1080, A_K=0.205, Cuv=-0.170, P_in=7.412e-07, P_tgt=7.692e-07, A_F=0.296, K_low=0.020, P_drag=-2.363e-05, P_cool=-4.347e-05, WENO=0.034 (x=0.034, y=0.034), ReL2D=147.87, eps_nu=4.352e-05, P_hv=1.617e-06, rho_mean=1.000000, p_mean=0.714373, div_rms=1.509e-02, vort_rms=3.789e-01, mass_err=-2.092e-10
step= 87500, t=91.552588, dt=1.025e-03, KE=5.720208e-03, Mt=0.1071, A_K=0.186, Cuv=-0.205, P_in=6.212e-07, P_tgt=3.281e-07, A_F=0.254, K_low=0.023, P_drag=-2.619e-05, P_cool=-4.468e-05, WENO=0.022 (x=0.022, y=0.022), ReL2D=147.31, eps_nu=4.212e-05, P_hv=1.641e-06, rho_mean=1.000000, p_mean=0.714375, div_rms=1.498e-02, vort_rms=3.728e-01, mass_err=-2.123e-10
saved snapshot: results/hit2d/thesis_hit_campaign_v1/mach_Mt010_N256_seed1234/hit2d_step0087500.npz
step= 88750, t=92.836672, dt=1.026e-03, KE=5.632427e-03, Mt=0.1063, A_K=0.172, Cuv=-0.223, P_in=1.413e-07, P_tgt=1.528e-07, A_F=0.060, K_low=0.026, P_drag=-2.881e-05, P_cool=-4.384e-05, WENO=0.020 (x=0.020, y=0.020), ReL2D=145.92, eps_nu=4.078e-05, P_hv=1.609e-06, rho_mean=1.000000, p_mean=0.714373, div_rms=1.627e-02, vort_rms=3.667e-01, mass_err=-2.153e-10
step= 90000, t=94.118189, dt=1.027e-03, KE=5.541651e-03, Mt=0.1055, A_K=0.146, Cuv=-0.252, P_in=7.776e-08, P_tgt=7.754e-08, A_F=0.122, K_low=0.028, P_drag=-3.146e-05, P_cool=-4.326e-05, WENO=0.036 (x=0.036, y=0.036), ReL2D=143.73, eps_nu=3.945e-05, P_hv=1.528e-06, rho_mean=1.000000, p_mean=0.714372, div_rms=1.657e-02, vort_rms=3.607e-01, mass_err=-2.184e-10
step= 91250, t=95.405638, dt=1.033e-03, KE=5.451342e-03, Mt=0.1046, A_K=0.129, Cuv=-0.258, P_in=4.320e-08, P_tgt=4.320e-08, A_F=0.073, K_low=0.031, P_drag=-3.380e-05, P_cool=-4.202e-05, WENO=0.023 (x=0.023, y=0.023), ReL2D=143.30, eps_nu=3.821e-05, P_hv=1.457e-06, rho_mean=1.000000, p_mean=0.714370, div_rms=1.497e-02, vort_rms=3.550e-01, mass_err=-2.214e-10
step= 92500, t=96.699898, dt=1.044e-03, KE=5.360553e-03, Mt=0.1037, A_K=0.102, Cuv=-0.282, P_in=2.633e-08, P_tgt=2.661e-08, A_F=0.002, K_low=0.033, P_drag=-3.552e-05, P_cool=-4.032e-05, WENO=0.033 (x=0.033, y=0.033), ReL2D=142.72, eps_nu=3.703e-05, P_hv=1.418e-06, rho_mean=1.000000, p_mean=0.714366, div_rms=1.618e-02, vort_rms=3.494e-01, mass_err=-2.245e-10
step= 93750, t=98.011750, dt=1.052e-03, KE=5.255847e-03, Mt=0.1027, A_K=0.075, Cuv=-0.287, P_in=1.783e-08, P_tgt=1.815e-08, A_F=0.208, K_low=0.035, P_drag=-3.627e-05, P_cool=-4.116e-05, WENO=0.010 (x=0.010, y=0.010), ReL2D=142.47, eps_nu=3.575e-05, P_hv=1.362e-06, rho_mean=1.000000, p_mean=0.714368, div_rms=1.551e-02, vort_rms=3.433e-01, mass_err=-2.275e-10
step= 95000, t=99.327975, dt=1.050e-03, KE=5.166617e-03, Mt=0.1018, A_K=0.064, Cuv=-0.304, P_in=1.383e-08, P_tgt=1.380e-08, A_F=0.131, K_low=0.035, P_drag=-3.572e-05, P_cool=-3.902e-05, WENO=0.005 (x=0.005, y=0.005), ReL2D=143.44, eps_nu=3.456e-05, P_hv=1.336e-06, rho_mean=1.000000, p_mean=0.714364, div_rms=1.521e-02, vort_rms=3.376e-01, mass_err=-2.306e-10
step= 96250, t=100.646274, dt=1.056e-03, KE=5.069486e-03, Mt=0.1009, A_K=0.061, Cuv=-0.286, P_in=1.167e-08, P_tgt=1.169e-08, A_F=0.005, K_low=0.034, P_drag=-3.397e-05, P_cool=-3.903e-05, WENO=0.013 (x=0.013, y=0.013), ReL2D=142.48, eps_nu=3.340e-05, P_hv=1.277e-06, rho_mean=1.000000, p_mean=0.714364, div_rms=1.502e-02, vort_rms=3.319e-01, mass_err=-2.336e-10
step= 97500, t=101.959464, dt=1.052e-03, KE=4.984461e-03, Mt=0.1000, A_K=0.045, Cuv=-0.299, P_in=1.090e-08, P_tgt=1.104e-08, A_F=0.053, K_low=0.032, P_drag=-3.163e-05, P_cool=-3.740e-05, WENO=0.025 (x=0.025, y=0.025), ReL2D=140.59, eps_nu=3.228e-05, P_hv=1.250e-06, rho_mean=1.000000, p_mean=0.714361, div_rms=1.478e-02, vort_rms=3.263e-01, mass_err=-2.367e-10
step= 98750, t=103.272856, dt=1.053e-03, KE=4.903252e-03, Mt=0.0992, A_K=0.048, Cuv=-0.286, P_in=1.136e-08, P_tgt=1.160e-08, A_F=0.101, K_low=0.029, P_drag=-2.854e-05, P_cool=-3.614e-05, WENO=0.011 (x=0.011, y=0.011), ReL2D=141.02, eps_nu=3.122e-05, P_hv=1.196e-06, rho_mean=1.000000, p_mean=0.714358, div_rms=1.510e-02, vort_rms=3.208e-01, mass_err=-2.397e-10
step=100000, t=104.588730, dt=1.056e-03, KE=4.827746e-03, Mt=0.0984, A_K=0.060, Cuv=-0.249, P_in=1.352e-08, P_tgt=1.351e-08, A_F=0.172, K_low=0.027, P_drag=-2.588e-05, P_cool=-3.466e-05, WENO=0.023 (x=0.023, y=0.023), ReL2D=140.26, eps_nu=3.020e-05, P_hv=1.143e-06, rho_mean=1.000000, p_mean=0.714355, div_rms=1.535e-02, vort_rms=3.155e-01, mass_err=-2.427e-10
saved snapshot: results/hit2d/thesis_hit_campaign_v1/mach_Mt010_N256_seed1234/hit2d_step0100000.npz
step=101250, t=105.909827, dt=1.057e-03, KE=4.748739e-03, Mt=0.0977, A_K=0.050, Cuv=-0.240, P_in=1.669e-08, P_tgt=1.737e-08, A_F=0.006, K_low=0.025, P_drag=-2.347e-05, P_cool=-3.484e-05, WENO=0.011 (x=0.011, y=0.011), ReL2D=140.10, eps_nu=2.920e-05, P_hv=1.089e-06, rho_mean=1.000000, p_mean=0.714355, div_rms=1.479e-02, vort_rms=3.102e-01, mass_err=-2.458e-10
step=102500, t=107.229651, dt=1.052e-03, KE=4.688270e-03, Mt=0.0970, A_K=0.043, Cuv=-0.206, P_in=2.385e-08, P_tgt=2.462e-08, A_F=0.024, K_low=0.023, P_drag=-2.185e-05, P_cool=-3.206e-05, WENO=0.018 (x=0.018, y=0.018), ReL2D=140.32, eps_nu=2.832e-05, P_hv=1.021e-06, rho_mean=1.000000, p_mean=0.714350, div_rms=1.443e-02, vort_rms=3.055e-01, mass_err=-2.488e-10
step=103750, t=108.544558, dt=1.052e-03, KE=4.618274e-03, Mt=0.0963, A_K=0.031, Cuv=-0.160, P_in=3.801e-08, P_tgt=3.838e-08, A_F=0.061, K_low=0.022, P_drag=-2.067e-05, P_cool=-3.190e-05, WENO=0.024 (x=0.024, y=0.024), ReL2D=140.46, eps_nu=2.745e-05, P_hv=9.410e-07, rho_mean=1.000000, p_mean=0.714350, div_rms=1.537e-02, vort_rms=3.007e-01, mass_err=-2.519e-10
step=105000, t=109.855896, dt=1.050e-03, KE=4.550325e-03, Mt=0.0956, A_K=0.020, Cuv=-0.148, P_in=6.926e-08, P_tgt=6.562e-08, A_F=0.171, K_low=0.022, P_drag=-1.988e-05, P_cool=-3.198e-05, WENO=0.034 (x=0.034, y=0.034), ReL2D=139.90, eps_nu=2.663e-05, P_hv=8.812e-07, rho_mean=1.000000, p_mean=0.714350, div_rms=1.396e-02, vort_rms=2.963e-01, mass_err=-2.549e-10
step=106250, t=111.168350, dt=1.052e-03, KE=4.494851e-03, Mt=0.0950, A_K=0.013, Cuv=-0.116, P_in=1.196e-07, P_tgt=1.231e-07, A_F=0.104, K_low=0.022, P_drag=-1.952e-05, P_cool=-2.992e-05, WENO=0.027 (x=0.027, y=0.027), ReL2D=141.66, eps_nu=2.594e-05, P_hv=8.163e-07, rho_mean=1.000000, p_mean=0.714346, div_rms=1.374e-02, vort_rms=2.924e-01, mass_err=-2.580e-10
step=107500, t=112.485740, dt=1.059e-03, KE=4.432680e-03, Mt=0.0943, A_K=0.007, Cuv=-0.080, P_in=2.500e-07, P_tgt=2.535e-07, A_F=0.140, K_low=0.022, P_drag=-1.943e-05, P_cool=-2.940e-05, WENO=0.021 (x=0.021, y=0.021), ReL2D=142.41, eps_nu=2.524e-05, P_hv=7.720e-07, rho_mean=1.000000, p_mean=0.714345, div_rms=1.447e-02, vort_rms=2.884e-01, mass_err=-2.610e-10
step=108750, t=113.812848, dt=1.065e-03, KE=4.379049e-03, Mt=0.0938, A_K=0.006, Cuv=-0.095, P_in=6.304e-07, P_tgt=5.719e-07, A_F=0.042, K_low=0.023, P_drag=-1.987e-05, P_cool=-2.755e-05, WENO=0.023 (x=0.023, y=0.023), ReL2D=142.73, eps_nu=2.465e-05, P_hv=7.133e-07, rho_mean=1.000000, p_mean=0.714341, div_rms=1.526e-02, vort_rms=2.850e-01, mass_err=-2.641e-10
step=110000, t=115.149645, dt=1.074e-03, KE=4.313664e-03, Mt=0.0931, A_K=0.019, Cuv=-0.046, P_in=1.454e-06, P_tgt=1.425e-06, A_F=0.024, K_low=0.024, P_drag=-2.083e-05, P_cool=-2.792e-05, WENO=0.027 (x=0.027, y=0.027), ReL2D=143.99, eps_nu=2.401e-05, P_hv=6.807e-07, rho_mean=1.000000, p_mean=0.714342, div_rms=1.314e-02, vort_rms=2.813e-01, mass_err=-2.671e-10
step=111250, t=116.491766, dt=1.075e-03, KE=4.258960e-03, Mt=0.0925, A_K=0.051, Cuv=-0.031, P_in=3.928e-06, P_tgt=3.896e-06, A_F=0.013, K_low=0.026, P_drag=-2.212e-05, P_cool=-2.670e-05, WENO=0.020 (x=0.020, y=0.020), ReL2D=143.85, eps_nu=2.348e-05, P_hv=6.411e-07, rho_mean=1.000000, p_mean=0.714339, div_rms=1.419e-02, vort_rms=2.781e-01, mass_err=-2.702e-10
step=112500, t=117.832031, dt=1.070e-03, KE=4.208937e-03, Mt=0.0919, A_K=0.060, Cuv=-0.025, P_in=1.172e-05, P_tgt=1.175e-05, A_F=0.065, K_low=0.028, P_drag=-2.387e-05, P_cool=-2.556e-05, WENO=0.038 (x=0.038, y=0.038), ReL2D=141.59, eps_nu=2.308e-05, P_hv=6.133e-07, rho_mean=1.000000, p_mean=0.714337, div_rms=1.448e-02, vort_rms=2.757e-01, mass_err=-2.732e-10
saved snapshot: results/hit2d/thesis_hit_campaign_v1/mach_Mt010_N256_seed1234/hit2d_step0112500.npz
step=113750, t=119.168916, dt=1.072e-03, KE=4.186557e-03, Mt=0.0917, A_K=0.088, Cuv=0.018, P_in=3.796e-05, P_tgt=3.821e-05, A_F=0.063, K_low=0.030, P_drag=-2.547e-05, P_cool=-2.514e-05, WENO=0.033 (x=0.033, y=0.033), ReL2D=141.90, eps_nu=2.282e-05, P_hv=5.931e-07, rho_mean=1.000000, p_mean=0.714336, div_rms=1.347e-02, vort_rms=2.743e-01, mass_err=-2.763e-10
step=115000, t=120.514743, dt=1.085e-03, KE=4.218824e-03, Mt=0.0920, A_K=0.122, Cuv=0.098, P_in=1.241e-04, P_tgt=1.235e-04, A_F=0.193, K_low=0.032, P_drag=-2.712e-05, P_cool=-2.468e-05, WENO=0.029 (x=0.029, y=0.029), ReL2D=136.76, eps_nu=2.380e-05, P_hv=5.759e-07, rho_mean=1.000000, p_mean=0.714335, div_rms=1.279e-02, vort_rms=2.802e-01, mass_err=-2.793e-10
step=116250, t=121.866845, dt=1.075e-03, KE=4.440339e-03, Mt=0.0944, A_K=0.166, Cuv=0.072, P_in=3.263e-04, P_tgt=3.302e-04, A_F=0.285, K_low=0.031, P_drag=-2.764e-05, P_cool=-2.504e-05, WENO=0.022 (x=0.022, y=0.022), ReL2D=133.87, eps_nu=2.665e-05, P_hv=6.044e-07, rho_mean=1.000000, p_mean=0.714336, div_rms=1.501e-02, vort_rms=2.963e-01, mass_err=-2.824e-10
step=117500, t=123.201183, dt=1.055e-03, KE=4.942631e-03, Mt=0.0996, A_K=0.084, Cuv=0.114, P_in=5.036e-04, P_tgt=5.037e-04, A_F=0.071, K_low=0.028, P_drag=-2.777e-05, P_cool=-2.704e-05, WENO=0.022 (x=0.022, y=0.022), ReL2D=138.16, eps_nu=3.194e-05, P_hv=7.020e-07, rho_mean=1.000000, p_mean=0.714340, div_rms=1.503e-02, vort_rms=3.245e-01, mass_err=-2.854e-10
step=118750, t=124.522337, dt=1.056e-03, KE=5.471777e-03, Mt=0.1048, A_K=0.034, Cuv=0.103, P_in=3.818e-04, P_tgt=3.831e-04, A_F=0.110, K_low=0.028, P_drag=-3.023e-05, P_cool=-2.855e-05, WENO=0.030 (x=0.030, y=0.030), ReL2D=139.24, eps_nu=3.794e-05, P_hv=8.222e-07, rho_mean=1.000000, p_mean=0.714343, div_rms=1.560e-02, vort_rms=3.537e-01, mass_err=-2.884e-10
step=120000, t=125.831757, dt=1.039e-03, KE=5.949396e-03, Mt=0.1093, A_K=0.041, Cuv=0.102, P_in=1.752e-04, P_tgt=1.765e-04, A_F=0.016, K_low=0.028, P_drag=-3.323e-05, P_cool=-3.389e-05, WENO=0.013 (x=0.013, y=0.013), ReL2D=139.10, eps_nu=4.318e-05, P_hv=9.709e-07, rho_mean=1.000000, p_mean=0.714353, div_rms=1.593e-02, vort_rms=3.774e-01, mass_err=-2.915e-10
step=121250, t=127.128817, dt=1.041e-03, KE=5.993921e-03, Mt=0.1097, A_K=0.020, Cuv=0.118, P_in=6.710e-05, P_tgt=6.198e-05, A_F=0.051, K_low=0.031, P_drag=-3.708e-05, P_cool=-3.540e-05, WENO=0.019 (x=0.019, y=0.019), ReL2D=138.21, eps_nu=4.397e-05, P_hv=1.098e-06, rho_mean=1.000000, p_mean=0.714357, div_rms=1.545e-02, vort_rms=3.809e-01, mass_err=-2.945e-10
step=122500, t=128.429963, dt=1.041e-03, KE=5.930782e-03, Mt=0.1091, A_K=0.005, Cuv=0.130, P_in=2.233e-05, P_tgt=2.212e-05, A_F=0.154, K_low=0.035, P_drag=-4.139e-05, P_cool=-3.830e-05, WENO=0.013 (x=0.013, y=0.013), ReL2D=136.67, eps_nu=4.359e-05, P_hv=1.167e-06, rho_mean=1.000000, p_mean=0.714362, div_rms=1.541e-02, vort_rms=3.792e-01, mass_err=-2.976e-10
step=123750, t=129.735081, dt=1.049e-03, KE=5.922157e-03, Mt=0.1090, A_K=0.017, Cuv=0.136, P_in=8.083e-06, P_tgt=8.141e-06, A_F=0.025, K_low=0.039, P_drag=-4.572e-05, P_cool=-3.890e-05, WENO=0.016 (x=0.016, y=0.016), ReL2D=136.25, eps_nu=4.318e-05, P_hv=1.228e-06, rho_mean=1.000000, p_mean=0.714364, div_rms=1.536e-02, vort_rms=3.775e-01, mass_err=-3.006e-10
step=125000, t=131.045684, dt=1.049e-03, KE=5.805924e-03, Mt=0.1079, A_K=0.003, Cuv=0.160, P_in=3.206e-06, P_tgt=3.185e-06, A_F=0.103, K_low=0.043, P_drag=-5.018e-05, P_cool=-4.053e-05, WENO=0.014 (x=0.014, y=0.014), ReL2D=134.88, eps_nu=4.211e-05, P_hv=1.260e-06, rho_mean=1.000000, p_mean=0.714367, div_rms=1.441e-02, vort_rms=3.728e-01, mass_err=-3.036e-10
saved snapshot: results/hit2d/thesis_hit_campaign_v1/mach_Mt010_N256_seed1234/hit2d_step0125000.npz
step=126250, t=132.358328, dt=1.052e-03, KE=5.687050e-03, Mt=0.1068, A_K=0.020, Cuv=0.198, P_in=1.388e-06, P_tgt=1.388e-06, A_F=0.121, K_low=0.048, P_drag=-5.488e-05, P_cool=-4.045e-05, WENO=0.023 (x=0.023, y=0.023), ReL2D=132.62, eps_nu=4.099e-05, P_hv=1.274e-06, rho_mean=1.000000, p_mean=0.714367, div_rms=1.420e-02, vort_rms=3.678e-01, mass_err=-3.067e-10
step=127500, t=133.673201, dt=1.054e-03, KE=5.557786e-03, Mt=0.1056, A_K=0.016, Cuv=0.208, P_in=6.877e-07, P_tgt=6.827e-07, A_F=0.069, K_low=0.054, P_drag=-5.969e-05, P_cool=-4.083e-05, WENO=0.038 (x=0.038, y=0.038), ReL2D=132.02, eps_nu=3.984e-05, P_hv=1.263e-06, rho_mean=1.000000, p_mean=0.714367, div_rms=1.420e-02, vort_rms=3.626e-01, mass_err=-3.097e-10
step=128750, t=134.987366, dt=1.051e-03, KE=5.430363e-03, Mt=0.1043, A_K=0.021, Cuv=0.257, P_in=3.852e-07, P_tgt=3.827e-07, A_F=0.181, K_low=0.060, P_drag=-6.461e-05, P_cool=-3.952e-05, WENO=0.008 (x=0.008, y=0.008), ReL2D=130.64, eps_nu=3.869e-05, P_hv=1.268e-06, rho_mean=1.000000, p_mean=0.714365, div_rms=1.437e-02, vort_rms=3.573e-01, mass_err=-3.128e-10
step=130000, t=136.301740, dt=1.051e-03, KE=5.287553e-03, Mt=0.1030, A_K=0.012, Cuv=0.259, P_in=2.499e-07, P_tgt=2.477e-07, A_F=0.098, K_low=0.065, P_drag=-6.837e-05, P_cool=-4.025e-05, WENO=0.017 (x=0.017, y=0.017), ReL2D=129.79, eps_nu=3.746e-05, P_hv=1.247e-06, rho_mean=1.000000, p_mean=0.714366, div_rms=1.393e-02, vort_rms=3.516e-01, mass_err=-3.158e-10
step=131250, t=137.615853, dt=1.054e-03, KE=5.150190e-03, Mt=0.1016, A_K=0.027, Cuv=0.282, P_in=1.785e-07, P_tgt=1.871e-07, A_F=0.227, K_low=0.069, P_drag=-7.121e-05, P_cool=-3.903e-05, WENO=0.028 (x=0.028, y=0.028), ReL2D=128.01, eps_nu=3.633e-05, P_hv=1.209e-06, rho_mean=1.000000, p_mean=0.714364, div_rms=1.488e-02, vort_rms=3.462e-01, mass_err=-3.188e-10
step=132500, t=138.932442, dt=1.055e-03, KE=5.009625e-03, Mt=0.1002, A_K=0.001, Cuv=0.284, P_in=1.633e-07, P_tgt=1.670e-07, A_F=0.180, K_low=0.073, P_drag=-7.292e-05, P_cool=-3.806e-05, WENO=0.017 (x=0.017, y=0.017), ReL2D=126.95, eps_nu=3.515e-05, P_hv=1.197e-06, rho_mean=1.000000, p_mean=0.714362, div_rms=1.408e-02, vort_rms=3.405e-01, mass_err=-3.219e-10
step=133750, t=140.251698, dt=1.059e-03, KE=4.868619e-03, Mt=0.0988, A_K=0.017, Cuv=0.300, P_in=1.767e-07, P_tgt=1.780e-07, A_F=0.124, K_low=0.075, P_drag=-7.309e-05, P_cool=-3.693e-05, WENO=0.031 (x=0.031, y=0.031), ReL2D=125.20, eps_nu=3.399e-05, P_hv=1.187e-06, rho_mean=1.000000, p_mean=0.714360, div_rms=1.393e-02, vort_rms=3.349e-01, mass_err=-3.249e-10
step=135000, t=141.574242, dt=1.060e-03, KE=4.725568e-03, Mt=0.0973, A_K=0.030, Cuv=0.295, P_in=2.278e-07, P_tgt=2.286e-07, A_F=0.161, K_low=0.077, P_drag=-7.202e-05, P_cool=-3.666e-05, WENO=0.013 (x=0.013, y=0.013), ReL2D=123.01, eps_nu=3.281e-05, P_hv=1.177e-06, rho_mean=1.000000, p_mean=0.714359, div_rms=1.368e-02, vort_rms=3.290e-01, mass_err=-3.280e-10
step=136250, t=142.901001, dt=1.061e-03, KE=4.591433e-03, Mt=0.0959, A_K=0.002, Cuv=0.317, P_in=3.533e-07, P_tgt=3.561e-07, A_F=0.069, K_low=0.077, P_drag=-7.006e-05, P_cool=-3.515e-05, WENO=0.020 (x=0.020, y=0.020), ReL2D=120.16, eps_nu=3.169e-05, P_hv=1.138e-06, rho_mean=1.000000, p_mean=0.714356, div_rms=1.445e-02, vort_rms=3.233e-01, mass_err=-3.310e-10
step=137500, t=144.232779, dt=1.067e-03, KE=4.459629e-03, Mt=0.0945, A_K=0.049, Cuv=0.304, P_in=6.759e-07, P_tgt=6.784e-07, A_F=0.065, K_low=0.076, P_drag=-6.741e-05, P_cool=-3.399e-05, WENO=0.016 (x=0.016, y=0.016), ReL2D=118.66, eps_nu=3.059e-05, P_hv=1.084e-06, rho_mean=1.000000, p_mean=0.714354, div_rms=1.465e-02, vort_rms=3.176e-01, mass_err=-3.340e-10
saved snapshot: results/hit2d/thesis_hit_campaign_v1/mach_Mt010_N256_seed1234/hit2d_step0137500.npz
step=138750, t=145.570516, dt=1.072e-03, KE=4.329903e-03, Mt=0.0932, A_K=0.012, Cuv=0.329, P_in=1.591e-06, P_tgt=1.587e-06, A_F=0.186, K_low=0.076, P_drag=-6.514e-05, P_cool=-3.335e-05, WENO=0.026 (x=0.026, y=0.026), ReL2D=117.47, eps_nu=2.949e-05, P_hv=1.060e-06, rho_mean=1.000000, p_mean=0.714352, div_rms=1.382e-02, vort_rms=3.119e-01, mass_err=-3.371e-10
step=140000, t=146.914494, dt=1.077e-03, KE=4.206803e-03, Mt=0.0918, A_K=0.036, Cuv=0.326, P_in=4.584e-06, P_tgt=4.558e-06, A_F=0.233, K_low=0.074, P_drag=-6.198e-05, P_cool=-3.279e-05, WENO=0.013 (x=0.013, y=0.013), ReL2D=117.05, eps_nu=2.846e-05, P_hv=1.022e-06, rho_mean=1.000000, p_mean=0.714351, div_rms=1.310e-02, vort_rms=3.064e-01, mass_err=-3.401e-10
step=141250, t=148.263061, dt=1.078e-03, KE=4.109139e-03, Mt=0.0908, A_K=0.016, Cuv=0.332, P_in=1.540e-05, P_tgt=1.588e-05, A_F=0.005, K_low=0.073, P_drag=-5.947e-05, P_cool=-3.153e-05, WENO=0.019 (x=0.019, y=0.019), ReL2D=117.55, eps_nu=2.784e-05, P_hv=9.724e-07, rho_mean=1.000000, p_mean=0.714349, div_rms=1.326e-02, vort_rms=3.030e-01, mass_err=-3.431e-10
step=142500, t=149.609251, dt=1.078e-03, KE=4.042170e-03, Mt=0.0900, A_K=0.009, Cuv=0.333, P_in=6.385e-05, P_tgt=6.501e-05, A_F=0.110, K_low=0.070, P_drag=-5.664e-05, P_cool=-3.104e-05, WENO=0.036 (x=0.036, y=0.036), ReL2D=116.14, eps_nu=2.759e-05, P_hv=9.218e-07, rho_mean=1.000000, p_mean=0.714348, div_rms=1.352e-02, vort_rms=3.016e-01, mass_err=-3.462e-10
step=143750, t=150.951225, dt=1.067e-03, KE=4.122717e-03, Mt=0.0909, A_K=0.054, Cuv=0.344, P_in=2.725e-04, P_tgt=2.705e-04, A_F=0.044, K_low=0.066, P_drag=-5.456e-05, P_cool=-3.097e-05, WENO=0.030 (x=0.030, y=0.030), ReL2D=116.85, eps_nu=2.846e-05, P_hv=9.009e-07, rho_mean=1.000000, p_mean=0.714348, div_rms=1.331e-02, vort_rms=3.064e-01, mass_err=-3.492e-10
step=145000, t=152.281676, dt=1.056e-03, KE=4.650077e-03, Mt=0.0966, A_K=0.118, Cuv=0.264, P_in=6.918e-04, P_tgt=6.914e-04, A_F=0.120, K_low=0.055, P_drag=-5.130e-05, P_cool=-3.159e-05, WENO=0.008 (x=0.008, y=0.008), ReL2D=126.79, eps_nu=3.387e-05, P_hv=9.262e-07, rho_mean=1.000000, p_mean=0.714349, div_rms=1.481e-02, vort_rms=3.342e-01, mass_err=-3.522e-10
step=146250, t=153.607790, dt=1.056e-03, KE=5.479228e-03, Mt=0.1048, A_K=0.101, Cuv=0.124, P_in=6.224e-04, P_tgt=6.298e-04, A_F=0.001, K_low=0.045, P_drag=-4.899e-05, P_cool=-3.546e-05, WENO=0.021 (x=0.021, y=0.021), ReL2D=132.51, eps_nu=4.502e-05, P_hv=1.098e-06, rho_mean=1.000000, p_mean=0.714357, div_rms=1.661e-02, vort_rms=3.853e-01, mass_err=-3.553e-10
step=147500, t=154.925166, dt=1.054e-03, KE=5.933717e-03, Mt=0.1091, A_K=0.111, Cuv=0.085, P_in=2.787e-04, P_tgt=2.762e-04, A_F=0.142, K_low=0.040, P_drag=-4.790e-05, P_cool=-3.947e-05, WENO=0.013 (x=0.013, y=0.013), ReL2D=136.17, eps_nu=5.162e-05, P_hv=1.347e-06, rho_mean=1.000000, p_mean=0.714365, div_rms=1.690e-02, vort_rms=4.127e-01, mass_err=-3.583e-10
step=148750, t=156.237491, dt=1.040e-03, KE=6.022580e-03, Mt=0.1099, A_K=0.146, Cuv=0.018, P_in=9.559e-05, P_tgt=9.601e-05, A_F=0.030, K_low=0.039, P_drag=-4.657e-05, P_cool=-4.451e-05, WENO=0.022 (x=0.022, y=0.022), ReL2D=127.41, eps_nu=5.446e-05, P_hv=1.529e-06, rho_mean=1.000000, p_mean=0.714375, div_rms=1.849e-02, vort_rms=4.238e-01, mass_err=-3.613e-10
step=150000, t=157.532368, dt=1.038e-03, KE=5.990910e-03, Mt=0.1096, A_K=0.196, Cuv=-0.032, P_in=3.226e-05, P_tgt=3.297e-05, A_F=0.169, K_low=0.037, P_drag=-4.435e-05, P_cool=-4.517e-05, WENO=0.024 (x=0.024, y=0.024), ReL2D=125.31, eps_nu=5.361e-05, P_hv=1.648e-06, rho_mean=1.000000, p_mean=0.714376, div_rms=1.827e-02, vort_rms=4.205e-01, mass_err=-3.644e-10
saved snapshot: results/hit2d/thesis_hit_campaign_v1/mach_Mt010_N256_seed1234/hit2d_step0150000.npz
warning: flow component anisotropy has increased over the last three diagnostic samples
step=151250, t=158.830787, dt=1.042e-03, KE=5.881749e-03, Mt=0.1086, A_K=0.241, Cuv=-0.053, P_in=1.209e-05, P_tgt=1.209e-05, A_F=0.084, K_low=0.037, P_drag=-4.270e-05, P_cool=-4.899e-05, WENO=0.022 (x=0.022, y=0.022), ReL2D=124.69, eps_nu=5.247e-05, P_hv=1.714e-06, rho_mean=1.000000, p_mean=0.714384, div_rms=1.758e-02, vort_rms=4.160e-01, mass_err=-3.674e-10
warning: flow component anisotropy has increased over the last three diagnostic samples
step=152500, t=160.132275, dt=1.043e-03, KE=5.777833e-03, Mt=0.1076, A_K=0.270, Cuv=-0.098, P_in=4.795e-06, P_tgt=4.896e-06, A_F=0.156, K_low=0.034, P_drag=-3.972e-05, P_cool=-4.853e-05, WENO=0.038 (x=0.038, y=0.038), ReL2D=124.61, eps_nu=5.111e-05, P_hv=1.779e-06, rho_mean=1.000000, p_mean=0.714383, div_rms=1.809e-02, vort_rms=4.106e-01, mass_err=-3.704e-10
warning: flow component anisotropy has increased over the last three diagnostic samples
step=153750, t=161.432921, dt=1.041e-03, KE=5.663866e-03, Mt=0.1066, A_K=0.271, Cuv=-0.115, P_in=1.816e-06, P_tgt=2.200e-06, A_F=0.058, K_low=0.034, P_drag=-3.801e-05, P_cool=-4.938e-05, WENO=0.026 (x=0.026, y=0.026), ReL2D=126.10, eps_nu=4.956e-05, P_hv=1.838e-06, rho_mean=1.000000, p_mean=0.714384, div_rms=1.877e-02, vort_rms=4.042e-01, mass_err=-3.735e-10
warning: flow component anisotropy has increased over the last three diagnostic samples
step=155000, t=162.730646, dt=1.038e-03, KE=5.554746e-03, Mt=0.1055, A_K=0.293, Cuv=-0.126, P_in=1.034e-06, P_tgt=1.101e-06, A_F=0.134, K_low=0.033, P_drag=-3.639e-05, P_cool=-4.906e-05, WENO=0.028 (x=0.028, y=0.028), ReL2D=128.11, eps_nu=4.801e-05, P_hv=1.854e-06, rho_mean=1.000000, p_mean=0.714384, div_rms=1.900e-02, vort_rms=3.978e-01, mass_err=-3.765e-10
step=156250, t=164.033815, dt=1.040e-03, KE=5.444119e-03, Mt=0.1045, A_K=0.285, Cuv=-0.128, P_in=6.184e-07, P_tgt=6.170e-07, A_F=0.058, K_low=0.033, P_drag=-3.594e-05, P_cool=-4.920e-05, WENO=0.027 (x=0.027, y=0.027), ReL2D=129.56, eps_nu=4.644e-05, P_hv=1.810e-06, rho_mean=1.000000, p_mean=0.714384, div_rms=1.838e-02, vort_rms=3.913e-01, mass_err=-3.795e-10
step=157500, t=165.333609, dt=1.043e-03, KE=5.342133e-03, Mt=0.1035, A_K=0.306, Cuv=-0.134, P_in=3.847e-07, P_tgt=3.876e-07, A_F=0.006, K_low=0.035, P_drag=-3.688e-05, P_cool=-4.736e-05, WENO=0.016 (x=0.016, y=0.016), ReL2D=130.34, eps_nu=4.496e-05, P_hv=1.732e-06, rho_mean=1.000000, p_mean=0.714380, div_rms=1.749e-02, vort_rms=3.850e-01, mass_err=-3.826e-10
step=158750, t=166.641018, dt=1.046e-03, KE=5.232559e-03, Mt=0.1024, A_K=0.299, Cuv=-0.139, P_in=2.711e-07, P_tgt=2.728e-07, A_F=0.001, K_low=0.038, P_drag=-3.956e-05, P_cool=-4.710e-05, WENO=0.029 (x=0.029, y=0.029), ReL2D=130.45, eps_nu=4.352e-05, P_hv=1.637e-06, rho_mean=1.000000, p_mean=0.714380, div_rms=1.825e-02, vort_rms=3.788e-01, mass_err=-3.856e-10
step=160000, t=167.951069, dt=1.050e-03, KE=5.119312e-03, Mt=0.1013, A_K=0.325, Cuv=-0.133, P_in=2.183e-07, P_tgt=2.182e-07, A_F=0.269, K_low=0.043, P_drag=-4.381e-05, P_cool=-4.645e-05, WENO=0.048 (x=0.048, y=0.048), ReL2D=129.55, eps_nu=4.212e-05, P_hv=1.576e-06, rho_mean=1.000000, p_mean=0.714379, div_rms=1.864e-02, vort_rms=3.726e-01, mass_err=-3.886e-10
step=161250, t=169.267685, dt=1.056e-03, KE=4.999003e-03, Mt=0.1001, A_K=0.301, Cuv=-0.155, P_in=1.582e-07, P_tgt=1.996e-07, A_F=0.038, K_low=0.049, P_drag=-4.893e-05, P_cool=-4.623e-05, WENO=0.037 (x=0.037, y=0.037), ReL2D=128.41, eps_nu=4.073e-05, P_hv=1.527e-06, rho_mean=1.000000, p_mean=0.714378, div_rms=1.613e-02, vort_rms=3.665e-01, mass_err=-3.916e-10
step=162500, t=170.587246, dt=1.057e-03, KE=4.879656e-03, Mt=0.0989, A_K=0.325, Cuv=-0.144, P_in=2.027e-07, P_tgt=2.117e-07, A_F=0.085, K_low=0.056, P_drag=-5.433e-05, P_cool=-4.451e-05, WENO=0.017 (x=0.017, y=0.017), ReL2D=126.92, eps_nu=3.940e-05, P_hv=1.485e-06, rho_mean=1.000000, p_mean=0.714375, div_rms=1.687e-02, vort_rms=3.604e-01, mass_err=-3.947e-10
saved snapshot: results/hit2d/thesis_hit_campaign_v1/mach_Mt010_N256_seed1234/hit2d_step0162500.npz
step=163750, t=171.906576, dt=1.059e-03, KE=4.756398e-03, Mt=0.0976, A_K=0.311, Cuv=-0.147, P_in=2.617e-07, P_tgt=2.633e-07, A_F=0.068, K_low=0.062, P_drag=-5.873e-05, P_cool=-4.294e-05, WENO=0.006 (x=0.006, y=0.006), ReL2D=124.61, eps_nu=3.809e-05, P_hv=1.434e-06, rho_mean=1.000000, p_mean=0.714372, div_rms=1.745e-02, vort_rms=3.543e-01, mass_err=-3.977e-10
step=165000, t=173.228457, dt=1.054e-03, KE=4.622560e-03, Mt=0.0963, A_K=0.329, Cuv=-0.170, P_in=3.970e-07, P_tgt=3.927e-07, A_F=0.137, K_low=0.067, P_drag=-6.155e-05, P_cool=-4.253e-05, WENO=0.005 (x=0.005, y=0.005), ReL2D=123.53, eps_nu=3.681e-05, P_hv=1.398e-06, rho_mean=1.000000, p_mean=0.714371, div_rms=1.689e-02, vort_rms=3.483e-01, mass_err=-4.007e-10
step=166250, t=174.548355, dt=1.055e-03, KE=4.496408e-03, Mt=0.0949, A_K=0.319, Cuv=-0.174, P_in=7.050e-07, P_tgt=7.065e-07, A_F=0.256, K_low=0.070, P_drag=-6.267e-05, P_cool=-4.057e-05, WENO=0.013 (x=0.013, y=0.013), ReL2D=122.62, eps_nu=3.555e-05, P_hv=1.372e-06, rho_mean=1.000000, p_mean=0.714367, div_rms=1.661e-02, vort_rms=3.423e-01, mass_err=-4.038e-10
step=167500, t=175.871287, dt=1.060e-03, KE=4.365316e-03, Mt=0.0935, A_K=0.295, Cuv=-0.153, P_in=1.554e-06, P_tgt=1.553e-06, A_F=0.011, K_low=0.071, P_drag=-6.229e-05, P_cool=-3.994e-05, WENO=0.009 (x=0.009, y=0.009), ReL2D=121.75, eps_nu=3.427e-05, P_hv=1.333e-06, rho_mean=1.000000, p_mean=0.714366, div_rms=1.583e-02, vort_rms=3.361e-01, mass_err=-4.068e-10
step=168750, t=177.196436, dt=1.062e-03, KE=4.246838e-03, Mt=0.0922, A_K=0.291, Cuv=-0.177, P_in=4.172e-06, P_tgt=4.196e-06, A_F=0.020, K_low=0.070, P_drag=-5.945e-05, P_cool=-3.787e-05, WENO=0.022 (x=0.022, y=0.022), ReL2D=121.20, eps_nu=3.310e-05, P_hv=1.310e-06, rho_mean=1.000000, p_mean=0.714361, div_rms=1.669e-02, vort_rms=3.302e-01, mass_err=-4.098e-10
step=170000, t=178.531744, dt=1.073e-03, KE=4.130736e-03, Mt=0.0910, A_K=0.284, Cuv=-0.132, P_in=1.392e-05, P_tgt=1.388e-05, A_F=0.002, K_low=0.068, P_drag=-5.632e-05, P_cool=-3.788e-05, WENO=0.013 (x=0.013, y=0.013), ReL2D=122.15, eps_nu=3.198e-05, P_hv=1.270e-06, rho_mean=1.000000, p_mean=0.714361, div_rms=1.466e-02, vort_rms=3.247e-01, mass_err=-4.128e-10
step=171250, t=179.879361, dt=1.086e-03, KE=4.058864e-03, Mt=0.0902, A_K=0.264, Cuv=-0.107, P_in=5.630e-05, P_tgt=5.482e-05, A_F=0.150, K_low=0.063, P_drag=-5.165e-05, P_cool=-3.587e-05, WENO=0.017 (x=0.017, y=0.017), ReL2D=122.42, eps_nu=3.107e-05, P_hv=1.226e-06, rho_mean=1.000000, p_mean=0.714357, div_rms=1.510e-02, vort_rms=3.201e-01, mass_err=-4.159e-10
step=172500, t=181.235146, dt=1.086e-03, KE=4.109448e-03, Mt=0.0907, A_K=0.196, Cuv=-0.086, P_in=2.280e-04, P_tgt=2.269e-04, A_F=0.189, K_low=0.057, P_drag=-4.682e-05, P_cool=-3.610e-05, WENO=0.017 (x=0.017, y=0.017), ReL2D=122.98, eps_nu=3.198e-05, P_hv=1.176e-06, rho_mean=1.000000, p_mean=0.714358, div_rms=1.689e-02, vort_rms=3.246e-01, mass_err=-4.189e-10
step=173750, t=182.597376, dt=1.091e-03, KE=4.577140e-03, Mt=0.0957, A_K=0.194, Cuv=-0.086, P_in=6.356e-04, P_tgt=6.257e-04, A_F=0.154, K_low=0.047, P_drag=-4.269e-05, P_cool=-3.535e-05, WENO=0.012 (x=0.012, y=0.012), ReL2D=130.93, eps_nu=3.626e-05, P_hv=1.197e-06, rho_mean=1.000000, p_mean=0.714356, div_rms=1.589e-02, vort_rms=3.458e-01, mass_err=-4.219e-10
step=175000, t=183.942019, dt=1.053e-03, KE=5.392555e-03, Mt=0.1040, A_K=0.152, Cuv=-0.082, P_in=6.322e-04, P_tgt=6.394e-04, A_F=0.234, K_low=0.038, P_drag=-4.145e-05, P_cool=-3.749e-05, WENO=0.026 (x=0.026, y=0.026), ReL2D=132.85, eps_nu=4.386e-05, P_hv=1.339e-06, rho_mean=1.000000, p_mean=0.714361, div_rms=1.833e-02, vort_rms=3.802e-01, mass_err=-4.250e-10
saved snapshot: results/hit2d/thesis_hit_campaign_v1/mach_Mt010_N256_seed1234/hit2d_step0175000.npz
step=176250, t=185.251425, dt=1.042e-03, KE=5.875532e-03, Mt=0.1086, A_K=0.118, Cuv=-0.047, P_in=3.029e-04, P_tgt=3.030e-04, A_F=0.017, K_low=0.033, P_drag=-3.945e-05, P_cool=-4.228e-05, WENO=0.041 (x=0.041, y=0.041), ReL2D=129.82, eps_nu=5.021e-05, P_hv=1.514e-06, rho_mean=1.000000, p_mean=0.714370, div_rms=1.992e-02, vort_rms=4.068e-01, mass_err=-4.280e-10
step=177500, t=186.549084, dt=1.037e-03, KE=5.996737e-03, Mt=0.1098, A_K=0.089, Cuv=-0.010, P_in=1.101e-04, P_tgt=1.087e-04, A_F=0.080, K_low=0.032, P_drag=-3.777e-05, P_cool=-4.630e-05, WENO=0.025 (x=0.025, y=0.025), ReL2D=131.67, eps_nu=5.183e-05, P_hv=1.613e-06, rho_mean=1.000000, p_mean=0.714378, div_rms=1.757e-02, vort_rms=4.135e-01, mass_err=-4.310e-10
step=178750, t=187.845984, dt=1.034e-03, KE=5.992426e-03, Mt=0.1097, A_K=0.056, Cuv=-0.006, P_in=3.594e-05, P_tgt=3.746e-05, A_F=0.099, K_low=0.031, P_drag=-3.697e-05, P_cool=-4.586e-05, WENO=0.031 (x=0.031, y=0.031), ReL2D=131.92, eps_nu=5.247e-05, P_hv=1.601e-06, rho_mean=1.000000, p_mean=0.714377, div_rms=1.826e-02, vort_rms=4.160e-01, mass_err=-4.341e-10
step=180000, t=189.133011, dt=1.030e-03, KE=5.912569e-03, Mt=0.1089, A_K=0.026, Cuv=0.007, P_in=1.362e-05, P_tgt=1.349e-05, A_F=0.039, K_low=0.031, P_drag=-3.681e-05, P_cool=-4.808e-05, WENO=0.015 (x=0.015, y=0.015), ReL2D=133.45, eps_nu=5.149e-05, P_hv=1.595e-06, rho_mean=1.000000, p_mean=0.714382, div_rms=1.783e-02, vort_rms=4.121e-01, mass_err=-4.371e-10
step=181250, t=190.422004, dt=1.032e-03, KE=5.818676e-03, Mt=0.1081, A_K=0.011, Cuv=0.007, P_in=5.209e-06, P_tgt=5.263e-06, A_F=0.013, K_low=0.032, P_drag=-3.779e-05, P_cool=-4.777e-05, WENO=0.005 (x=0.005, y=0.005), ReL2D=134.08, eps_nu=5.029e-05, P_hv=1.593e-06, rho_mean=1.000000, p_mean=0.714381, div_rms=1.778e-02, vort_rms=4.073e-01, mass_err=-4.401e-10
step=182500, t=191.713543, dt=1.035e-03, KE=5.713794e-03, Mt=0.1071, A_K=0.012, Cuv=-0.004, P_in=2.261e-06, P_tgt=2.263e-06, A_F=0.133, K_low=0.034, P_drag=-3.943e-05, P_cool=-4.749e-05, WENO=0.027 (x=0.027, y=0.027), ReL2D=132.80, eps_nu=4.905e-05, P_hv=1.581e-06, rho_mean=1.000000, p_mean=0.714381, div_rms=1.834e-02, vort_rms=4.022e-01, mass_err=-4.432e-10
step=183750, t=193.010838, dt=1.039e-03, KE=5.595691e-03, Mt=0.1059, A_K=0.017, Cuv=-0.012, P_in=1.110e-06, P_tgt=1.082e-06, A_F=0.141, K_low=0.037, P_drag=-4.110e-05, P_cool=-4.852e-05, WENO=0.012 (x=0.012, y=0.012), ReL2D=131.13, eps_nu=4.773e-05, P_hv=1.603e-06, rho_mean=1.000000, p_mean=0.714383, div_rms=1.760e-02, vort_rms=3.968e-01, mass_err=-4.462e-10
step=185000, t=194.305226, dt=1.036e-03, KE=5.483553e-03, Mt=0.1048, A_K=0.027, Cuv=-0.032, P_in=5.800e-07, P_tgt=5.806e-07, A_F=0.083, K_low=0.039, P_drag=-4.257e-05, P_cool=-4.788e-05, WENO=0.024 (x=0.024, y=0.024), ReL2D=127.29, eps_nu=4.647e-05, P_hv=1.593e-06, rho_mean=1.000000, p_mean=0.714381, div_rms=1.586e-02, vort_rms=3.915e-01, mass_err=-4.492e-10
step=186250, t=195.598620, dt=1.031e-03, KE=5.369131e-03, Mt=0.1038, A_K=0.058, Cuv=-0.057, P_in=3.495e-07, P_tgt=3.502e-07, A_F=0.128, K_low=0.040, P_drag=-4.246e-05, P_cool=-4.752e-05, WENO=0.024 (x=0.024, y=0.024), ReL2D=125.55, eps_nu=4.510e-05, P_hv=1.625e-06, rho_mean=1.000000, p_mean=0.714381, div_rms=1.726e-02, vort_rms=3.856e-01, mass_err=-4.523e-10
step=187500, t=196.895048, dt=1.039e-03, KE=5.258829e-03, Mt=0.1026, A_K=0.108, Cuv=-0.057, P_in=2.386e-07, P_tgt=2.394e-07, A_F=0.142, K_low=0.039, P_drag=-4.070e-05, P_cool=-4.664e-05, WENO=0.018 (x=0.018, y=0.018), ReL2D=124.30, eps_nu=4.379e-05, P_hv=1.653e-06, rho_mean=1.000000, p_mean=0.714379, div_rms=1.729e-02, vort_rms=3.800e-01, mass_err=-4.553e-10
saved snapshot: results/hit2d/thesis_hit_campaign_v1/mach_Mt010_N256_seed1234/hit2d_step0187500.npz
step=188750, t=198.197223, dt=1.045e-03, KE=5.145146e-03, Mt=0.1016, A_K=0.134, Cuv=-0.102, P_in=1.831e-07, P_tgt=1.854e-07, A_F=0.109, K_low=0.038, P_drag=-3.905e-05, P_cool=-4.687e-05, WENO=0.029 (x=0.029, y=0.029), ReL2D=124.99, eps_nu=4.231e-05, P_hv=1.708e-06, rho_mean=1.000000, p_mean=0.714379, div_rms=1.665e-02, vort_rms=3.735e-01, mass_err=-4.583e-10
step=190000, t=199.506162, dt=1.052e-03, KE=5.037732e-03, Mt=0.1005, A_K=0.182, Cuv=-0.101, P_in=1.643e-07, P_tgt=1.632e-07, A_F=0.464, K_low=0.037, P_drag=-3.686e-05, P_cool=-4.643e-05, WENO=0.020 (x=0.020, y=0.020), ReL2D=126.58, eps_nu=4.089e-05, P_hv=1.708e-06, rho_mean=1.000000, p_mean=0.714379, div_rms=1.564e-02, vort_rms=3.672e-01, mass_err=-4.613e-10
warning: flow component anisotropy has increased over the last three diagnostic samples
step=191250, t=200.822529, dt=1.049e-03, KE=4.942955e-03, Mt=0.0995, A_K=0.214, Cuv=-0.077, P_in=1.530e-07, P_tgt=1.633e-07, A_F=0.189, K_low=0.036, P_drag=-3.579e-05, P_cool=-4.385e-05, WENO=0.016 (x=0.016, y=0.016), ReL2D=126.69, eps_nu=3.937e-05, P_hv=1.748e-06, rho_mean=1.000000, p_mean=0.714373, div_rms=1.750e-02, vort_rms=3.603e-01, mass_err=-4.644e-10
warning: flow component anisotropy has increased over the last three diagnostic samples
step=192500, t=202.138459, dt=1.058e-03, KE=4.840977e-03, Mt=0.0985, A_K=0.255, Cuv=-0.122, P_in=1.883e-07, P_tgt=1.852e-07, A_F=0.116, K_low=0.036, P_drag=-3.497e-05, P_cool=-4.343e-05, WENO=0.026 (x=0.026, y=0.026), ReL2D=126.21, eps_nu=3.783e-05, P_hv=1.770e-06, rho_mean=1.000000, p_mean=0.714373, div_rms=1.664e-02, vort_rms=3.531e-01, mass_err=-4.674e-10
warning: flow component anisotropy has increased over the last three diagnostic samples
step=193750, t=203.464205, dt=1.064e-03, KE=4.740001e-03, Mt=0.0975, A_K=0.270, Cuv=-0.077, P_in=2.377e-07, P_tgt=2.398e-07, A_F=0.044, K_low=0.036, P_drag=-3.421e-05, P_cool=-4.308e-05, WENO=0.015 (x=0.015, y=0.015), ReL2D=125.61, eps_nu=3.618e-05, P_hv=1.756e-06, rho_mean=1.000000, p_mean=0.714372, div_rms=1.591e-02, vort_rms=3.454e-01, mass_err=-4.704e-10
warning: flow component anisotropy has increased over the last three diagnostic samples
step=195000, t=204.792354, dt=1.063e-03, KE=4.652726e-03, Mt=0.0966, A_K=0.302, Cuv=-0.096, P_in=3.620e-07, P_tgt=3.541e-07, A_F=0.140, K_low=0.035, P_drag=-3.299e-05, P_cool=-4.054e-05, WENO=0.028 (x=0.028, y=0.028), ReL2D=126.38, eps_nu=3.470e-05, P_hv=1.647e-06, rho_mean=1.000000, p_mean=0.714367, div_rms=1.713e-02, vort_rms=3.382e-01, mass_err=-4.735e-10
step=196250, t=206.120626, dt=1.064e-03, KE=4.560703e-03, Mt=0.0956, A_K=0.292, Cuv=-0.072, P_in=5.926e-07, P_tgt=5.959e-07, A_F=0.015, K_low=0.035, P_drag=-3.165e-05, P_cool=-3.972e-05, WENO=0.022 (x=0.022, y=0.022), ReL2D=125.20, eps_nu=3.317e-05, P_hv=1.596e-06, rho_mean=1.000000, p_mean=0.714365, div_rms=1.710e-02, vort_rms=3.306e-01, mass_err=-4.765e-10
step=197500, t=207.445602, dt=1.059e-03, KE=4.477363e-03, Mt=0.0947, A_K=0.297, Cuv=-0.071, P_in=1.143e-06, P_tgt=1.139e-06, A_F=0.034, K_low=0.033, P_drag=-2.968e-05, P_cool=-3.832e-05, WENO=0.015 (x=0.015, y=0.015), ReL2D=127.32, eps_nu=3.180e-05, P_hv=1.493e-06, rho_mean=1.000000, p_mean=0.714362, div_rms=1.573e-02, vort_rms=3.238e-01, mass_err=-4.795e-10
step=198750, t=208.772295, dt=1.056e-03, KE=4.401254e-03, Mt=0.0939, A_K=0.289, Cuv=0.003, P_in=2.624e-06, P_tgt=2.477e-06, A_F=0.175, K_low=0.031, P_drag=-2.773e-05, P_cool=-3.632e-05, WENO=0.037 (x=0.037, y=0.037), ReL2D=127.26, eps_nu=3.055e-05, P_hv=1.358e-06, rho_mean=1.000000, p_mean=0.714358, div_rms=1.720e-02, vort_rms=3.172e-01, mass_err=-4.826e-10
step=200000, t=210.094686, dt=1.062e-03, KE=4.330677e-03, Mt=0.0932, A_K=0.261, Cuv=-0.021, P_in=6.090e-06, P_tgt=6.075e-06, A_F=0.007, K_low=0.030, P_drag=-2.585e-05, P_cool=-3.492e-05, WENO=0.031 (x=0.031, y=0.031), ReL2D=127.80, eps_nu=2.942e-05, P_hv=1.268e-06, rho_mean=1.000000, p_mean=0.714356, div_rms=1.725e-02, vort_rms=3.113e-01, mass_err=-4.856e-10
saved snapshot: results/hit2d/thesis_hit_campaign_v1/mach_Mt010_N256_seed1234/hit2d_step0200000.npz
step=201250, t=211.416777, dt=1.054e-03, KE=4.273494e-03, Mt=0.0926, A_K=0.240, Cuv=0.062, P_in=1.587e-05, P_tgt=1.654e-05, A_F=0.210, K_low=0.028, P_drag=-2.380e-05, P_cool=-3.391e-05, WENO=0.014 (x=0.014, y=0.014), ReL2D=128.85, eps_nu=2.843e-05, P_hv=1.166e-06, rho_mean=1.000000, p_mean=0.714354, div_rms=1.567e-02, vort_rms=3.061e-01, mass_err=-4.886e-10
step=202500, t=212.734098, dt=1.054e-03, KE=4.243299e-03, Mt=0.0922, A_K=0.203, Cuv=0.083, P_in=4.829e-05, P_tgt=4.863e-05, A_F=0.078, K_low=0.026, P_drag=-2.217e-05, P_cool=-3.305e-05, WENO=0.029 (x=0.029, y=0.029), ReL2D=128.98, eps_nu=2.788e-05, P_hv=1.090e-06, rho_mean=1.000000, p_mean=0.714352, div_rms=1.594e-02, vort_rms=3.030e-01, mass_err=-4.916e-10
step=203750, t=214.053011, dt=1.055e-03, KE=4.293636e-03, Mt=0.0928, A_K=0.152, Cuv=0.124, P_in=1.418e-04, P_tgt=1.420e-04, A_F=0.002, K_low=0.023, P_drag=-2.013e-05, P_cool=-3.205e-05, WENO=0.014 (x=0.014, y=0.014), ReL2D=125.43, eps_nu=2.851e-05, P_hv=1.030e-06, rho_mean=1.000000, p_mean=0.714350, div_rms=1.630e-02, vort_rms=3.064e-01, mass_err=-4.947e-10
step=205000, t=215.370099, dt=1.047e-03, KE=4.528207e-03, Mt=0.0953, A_K=0.117, Cuv=0.123, P_in=3.312e-04, P_tgt=3.333e-04, A_F=0.003, K_low=0.021, P_drag=-1.870e-05, P_cool=-3.251e-05, WENO=0.012 (x=0.012, y=0.012), ReL2D=124.39, eps_nu=3.163e-05, P_hv=1.028e-06, rho_mean=1.000000, p_mean=0.714351, div_rms=1.563e-02, vort_rms=3.229e-01, mass_err=-4.977e-10
step=206250, t=216.681478, dt=1.052e-03, KE=5.006147e-03, Mt=0.1001, A_K=0.064, Cuv=0.154, P_in=4.634e-04, P_tgt=4.578e-04, A_F=0.215, K_low=0.018, P_drag=-1.802e-05, P_cool=-3.232e-05, WENO=0.029 (x=0.029, y=0.029), ReL2D=122.79, eps_nu=3.731e-05, P_hv=1.149e-06, rho_mean=1.000000, p_mean=0.714350, div_rms=1.743e-02, vort_rms=3.507e-01, mass_err=-5.007e-10
step=207500, t=217.992807, dt=1.046e-03, KE=5.464495e-03, Mt=0.1046, A_K=0.057, Cuv=0.179, P_in=3.477e-04, P_tgt=3.379e-04, A_F=0.173, K_low=0.017, P_drag=-1.839e-05, P_cool=-3.538e-05, WENO=0.015 (x=0.015, y=0.015), ReL2D=123.75, eps_nu=4.271e-05, P_hv=1.280e-06, rho_mean=1.000000, p_mean=0.714356, div_rms=1.741e-02, vort_rms=3.753e-01, mass_err=-5.037e-10
step=208750, t=219.311509, dt=1.062e-03, KE=5.699420e-03, Mt=0.1069, A_K=0.056, Cuv=0.161, P_in=1.689e-04, P_tgt=1.704e-04, A_F=0.058, K_low=0.018, P_drag=-2.073e-05, P_cool=-3.965e-05, WENO=0.016 (x=0.016, y=0.016), ReL2D=128.88, eps_nu=4.489e-05, P_hv=1.369e-06, rho_mean=1.000000, p_mean=0.714365, div_rms=1.677e-02, vort_rms=3.848e-01, mass_err=-5.068e-10
step=210000, t=220.641075, dt=1.071e-03, KE=5.769265e-03, Mt=0.1075, A_K=0.050, Cuv=0.133, P_in=7.524e-05, P_tgt=7.466e-05, A_F=0.036, K_low=0.022, P_drag=-2.586e-05, P_cool=-4.029e-05, WENO=0.018 (x=0.018, y=0.018), ReL2D=131.73, eps_nu=4.537e-05, P_hv=1.446e-06, rho_mean=1.000000, p_mean=0.714366, div_rms=1.812e-02, vort_rms=3.868e-01, mass_err=-5.098e-10
step=211250, t=221.979187, dt=1.072e-03, KE=5.740040e-03, Mt=0.1072, A_K=0.056, Cuv=0.068, P_in=3.274e-05, P_tgt=3.248e-05, A_F=0.055, K_low=0.027, P_drag=-3.159e-05, P_cool=-4.085e-05, WENO=0.035 (x=0.035, y=0.035), ReL2D=134.35, eps_nu=4.475e-05, P_hv=1.504e-06, rho_mean=1.000000, p_mean=0.714367, div_rms=1.952e-02, vort_rms=3.840e-01, mass_err=-5.128e-10
step=212500, t=223.313549, dt=1.067e-03, KE=5.668309e-03, Mt=0.1066, A_K=0.055, Cuv=0.044, P_in=1.465e-05, P_tgt=1.481e-05, A_F=0.255, K_low=0.034, P_drag=-3.871e-05, P_cool=-4.374e-05, WENO=0.021 (x=0.021, y=0.021), ReL2D=136.32, eps_nu=4.343e-05, P_hv=1.563e-06, rho_mean=1.000000, p_mean=0.714373, div_rms=1.670e-02, vort_rms=3.785e-01, mass_err=-5.158e-10
saved snapshot: results/hit2d/thesis_hit_campaign_v1/mach_Mt010_N256_seed1234/hit2d_step0212500.npz
step=213750, t=224.651024, dt=1.067e-03, KE=5.579855e-03, Mt=0.1057, A_K=0.029, Cuv=0.003, P_in=7.286e-06, P_tgt=7.324e-06, A_F=0.073, K_low=0.041, P_drag=-4.579e-05, P_cool=-4.140e-05, WENO=0.012 (x=0.012, y=0.012), ReL2D=138.63, eps_nu=4.223e-05, P_hv=1.607e-06, rho_mean=1.000000, p_mean=0.714369, div_rms=1.745e-02, vort_rms=3.731e-01, mass_err=-5.189e-10
step=215000, t=225.987386, dt=1.071e-03, KE=5.455496e-03, Mt=0.1046, A_K=0.004, Cuv=-0.034, P_in=3.934e-06, P_tgt=4.031e-06, A_F=0.039, K_low=0.048, P_drag=-5.279e-05, P_cool=-4.342e-05, WENO=0.016 (x=0.016, y=0.016), ReL2D=138.43, eps_nu=4.081e-05, P_hv=1.627e-06, rho_mean=1.000000, p_mean=0.714373, div_rms=1.858e-02, vort_rms=3.667e-01, mass_err=-5.219e-10
step=216250, t=227.328341, dt=1.072e-03, KE=5.329190e-03, Mt=0.1034, A_K=0.033, Cuv=-0.067, P_in=2.688e-06, P_tgt=2.514e-06, A_F=0.027, K_low=0.055, P_drag=-5.851e-05, P_cool=-4.314e-05, WENO=0.021 (x=0.021, y=0.021), ReL2D=138.42, eps_nu=3.930e-05, P_hv=1.617e-06, rho_mean=1.000000, p_mean=0.714372, div_rms=1.671e-02, vort_rms=3.600e-01, mass_err=-5.249e-10
step=217500, t=228.671424, dt=1.073e-03, KE=5.204241e-03, Mt=0.1021, A_K=0.064, Cuv=-0.069, P_in=1.874e-06, P_tgt=1.809e-06, A_F=0.036, K_low=0.061, P_drag=-6.393e-05, P_cool=-4.116e-05, WENO=0.018 (x=0.018, y=0.018), ReL2D=137.84, eps_nu=3.784e-05, P_hv=1.634e-06, rho_mean=1.000000, p_mean=0.714368, div_rms=1.707e-02, vort_rms=3.532e-01, mass_err=-5.280e-10
step=218750, t=230.008228, dt=1.065e-03, KE=5.061837e-03, Mt=0.1007, A_K=0.097, Cuv=-0.107, P_in=1.524e-06, P_tgt=1.522e-06, A_F=0.096, K_low=0.068, P_drag=-6.837e-05, P_cool=-4.123e-05, WENO=0.019 (x=0.019, y=0.019), ReL2D=135.43, eps_nu=3.635e-05, P_hv=1.615e-06, rho_mean=1.000000, p_mean=0.714368, div_rms=1.733e-02, vort_rms=3.461e-01, mass_err=-5.310e-10
step=220000, t=231.343851, dt=1.066e-03, KE=4.931613e-03, Mt=0.0994, A_K=0.096, Cuv=-0.116, P_in=1.529e-06, P_tgt=1.514e-06, A_F=0.073, K_low=0.073, P_drag=-7.205e-05, P_cool=-3.834e-05, WENO=0.029 (x=0.029, y=0.029), ReL2D=133.64, eps_nu=3.490e-05, P_hv=1.593e-06, rho_mean=1.000000, p_mean=0.714362, div_rms=1.917e-02, vort_rms=3.390e-01, mass_err=-5.340e-10
step=221250, t=232.678454, dt=1.067e-03, KE=4.782434e-03, Mt=0.0979, A_K=0.120, Cuv=-0.131, P_in=1.812e-06, P_tgt=1.808e-06, A_F=0.068, K_low=0.079, P_drag=-7.543e-05, P_cool=-3.837e-05, WENO=0.031 (x=0.031, y=0.031), ReL2D=132.42, eps_nu=3.336e-05, P_hv=1.549e-06, rho_mean=1.000000, p_mean=0.714362, div_rms=1.791e-02, vort_rms=3.315e-01, mass_err=-5.370e-10
step=222500, t=234.014696, dt=1.072e-03, KE=4.637176e-03, Mt=0.0964, A_K=0.093, Cuv=-0.160, P_in=3.308e-06, P_tgt=2.622e-06, A_F=0.045, K_low=0.084, P_drag=-7.761e-05, P_cool=-3.762e-05, WENO=0.019 (x=0.019, y=0.019), ReL2D=130.12, eps_nu=3.194e-05, P_hv=1.473e-06, rho_mean=1.000000, p_mean=0.714361, div_rms=1.653e-02, vort_rms=3.244e-01, mass_err=-5.401e-10
step=223750, t=235.358479, dt=1.079e-03, KE=4.496853e-03, Mt=0.0950, A_K=0.086, Cuv=-0.174, P_in=4.842e-06, P_tgt=4.672e-06, A_F=0.212, K_low=0.088, P_drag=-7.935e-05, P_cool=-3.639e-05, WENO=0.021 (x=0.021, y=0.021), ReL2D=127.20, eps_nu=3.064e-05, P_hv=1.382e-06, rho_mean=1.000000, p_mean=0.714358, div_rms=1.634e-02, vort_rms=3.177e-01, mass_err=-5.431e-10
step=225000, t=236.705043, dt=1.069e-03, KE=4.396902e-03, Mt=0.0938, A_K=0.046, Cuv=-0.162, P_in=1.034e-05, P_tgt=1.031e-05, A_F=0.152, K_low=0.091, P_drag=-7.975e-05, P_cool=-3.339e-05, WENO=0.009 (x=0.009, y=0.009), ReL2D=126.50, eps_nu=2.975e-05, P_hv=1.275e-06, rho_mean=1.000000, p_mean=0.714352, div_rms=1.874e-02, vort_rms=3.129e-01, mass_err=-5.461e-10
saved snapshot: results/hit2d/thesis_hit_campaign_v1/mach_Mt010_N256_seed1234/hit2d_step0225000.npz
step=226250, t=238.039365, dt=1.069e-03, KE=4.273243e-03, Mt=0.0925, A_K=0.026, Cuv=-0.207, P_in=2.669e-05, P_tgt=2.671e-05, A_F=0.076, K_low=0.094, P_drag=-7.984e-05, P_cool=-3.414e-05, WENO=0.025 (x=0.025, y=0.025), ReL2D=121.85, eps_nu=2.889e-05, P_hv=1.207e-06, rho_mean=1.000000, p_mean=0.714354, div_rms=1.643e-02, vort_rms=3.085e-01, mass_err=-5.491e-10
step=227500, t=239.374771, dt=1.071e-03, KE=4.199704e-03, Mt=0.0917, A_K=0.017, Cuv=-0.206, P_in=1.096e-04, P_tgt=8.245e-05, A_F=0.101, K_low=0.093, P_drag=-7.849e-05, P_cool=-3.216e-05, WENO=0.016 (x=0.016, y=0.016), ReL2D=119.74, eps_nu=2.890e-05, P_hv=1.137e-06, rho_mean=1.000000, p_mean=0.714350, div_rms=1.708e-02, vort_rms=3.085e-01, mass_err=-5.521e-10
step=228750, t=240.716732, dt=1.062e-03, KE=4.259938e-03, Mt=0.0924, A_K=0.023, Cuv=-0.202, P_in=2.658e-04, P_tgt=2.639e-04, A_F=0.045, K_low=0.089, P_drag=-7.581e-05, P_cool=-3.292e-05, WENO=0.015 (x=0.015, y=0.015), ReL2D=123.63, eps_nu=2.963e-05, P_hv=1.091e-06, rho_mean=1.000000, p_mean=0.714352, div_rms=1.810e-02, vort_rms=3.123e-01, mass_err=-5.552e-10
step=230000, t=242.026824, dt=1.042e-03, KE=4.669544e-03, Mt=0.0967, A_K=0.000, Cuv=-0.145, P_in=5.829e-04, P_tgt=5.790e-04, A_F=0.034, K_low=0.076, P_drag=-7.128e-05, P_cool=-3.411e-05, WENO=0.026 (x=0.026, y=0.026), ReL2D=123.59, eps_nu=3.565e-05, P_hv=1.099e-06, rho_mean=1.000000, p_mean=0.714354, div_rms=1.630e-02, vort_rms=3.428e-01, mass_err=-5.582e-10
step=231250, t=243.319850, dt=1.029e-03, KE=5.322367e-03, Mt=0.1034, A_K=0.021, Cuv=-0.177, P_in=5.775e-04, P_tgt=5.738e-04, A_F=0.003, K_low=0.062, P_drag=-6.534e-05, P_cool=-3.719e-05, WENO=0.016 (x=0.016, y=0.016), ReL2D=130.56, eps_nu=4.227e-05, P_hv=1.273e-06, rho_mean=1.000000, p_mean=0.714360, div_rms=1.740e-02, vort_rms=3.733e-01, mass_err=-5.613e-10
step=232500, t=244.599648, dt=1.019e-03, KE=5.745528e-03, Mt=0.1073, A_K=0.014, Cuv=-0.181, P_in=3.049e-04, P_tgt=3.000e-04, A_F=0.166, K_low=0.051, P_drag=-5.920e-05, P_cool=-3.874e-05, WENO=0.000 (x=0.000, y=0.000), ReL2D=137.75, eps_nu=4.646e-05, P_hv=1.334e-06, rho_mean=1.000000, p_mean=0.714363, div_rms=2.003e-02, vort_rms=3.913e-01, mass_err=-5.643e-10
step=233750, t=245.868780, dt=1.012e-03, KE=5.859292e-03, Mt=0.1085, A_K=0.024, Cuv=-0.190, P_in=1.220e-04, P_tgt=1.213e-04, A_F=0.333, K_low=0.047, P_drag=-5.462e-05, P_cool=-4.335e-05, WENO=0.039 (x=0.039, y=0.039), ReL2D=139.52, eps_nu=4.796e-05, P_hv=1.419e-06, rho_mean=1.000000, p_mean=0.714372, div_rms=1.775e-02, vort_rms=3.977e-01, mass_err=-5.673e-10
step=235000, t=247.140522, dt=1.024e-03, KE=5.843815e-03, Mt=0.1083, A_K=0.044, Cuv=-0.177, P_in=5.030e-05, P_tgt=4.761e-05, A_F=0.066, K_low=0.045, P_drag=-5.242e-05, P_cool=-4.212e-05, WENO=0.036 (x=0.036, y=0.036), ReL2D=139.06, eps_nu=4.855e-05, P_hv=1.479e-06, rho_mean=1.000000, p_mean=0.714370, div_rms=1.918e-02, vort_rms=4.001e-01, mass_err=-5.704e-10
step=236250, t=248.423512, dt=1.032e-03, KE=5.748919e-03, Mt=0.1074, A_K=0.052, Cuv=-0.179, P_in=1.976e-05, P_tgt=1.981e-05, A_F=0.208, K_low=0.044, P_drag=-5.085e-05, P_cool=-4.484e-05, WENO=0.013 (x=0.013, y=0.013), ReL2D=139.39, eps_nu=4.747e-05, P_hv=1.525e-06, rho_mean=1.000000, p_mean=0.714375, div_rms=1.912e-02, vort_rms=3.956e-01, mass_err=-5.734e-10
step=237500, t=249.719075, dt=1.045e-03, KE=5.645119e-03, Mt=0.1064, A_K=0.025, Cuv=-0.172, P_in=9.194e-06, P_tgt=9.063e-06, A_F=0.103, K_low=0.044, P_drag=-4.944e-05, P_cool=-4.440e-05, WENO=0.019 (x=0.019, y=0.019), ReL2D=138.07, eps_nu=4.630e-05, P_hv=1.540e-06, rho_mean=1.000000, p_mean=0.714375, div_rms=1.751e-02, vort_rms=3.908e-01, mass_err=-5.764e-10
saved snapshot: results/hit2d/thesis_hit_campaign_v1/mach_Mt010_N256_seed1234/hit2d_step0237500.npz
step=238750, t=251.028486, dt=1.049e-03, KE=5.529232e-03, Mt=0.1053, A_K=0.033, Cuv=-0.126, P_in=4.636e-06, P_tgt=4.625e-06, A_F=0.031, K_low=0.044, P_drag=-4.873e-05, P_cool=-4.484e-05, WENO=0.020 (x=0.020, y=0.020), ReL2D=137.30, eps_nu=4.505e-05, P_hv=1.526e-06, rho_mean=1.000000, p_mean=0.714375, div_rms=1.777e-02, vort_rms=3.854e-01, mass_err=-5.794e-10
step=240000, t=252.336354, dt=1.043e-03, KE=5.410570e-03, Mt=0.1042, A_K=0.002, Cuv=-0.125, P_in=2.644e-06, P_tgt=2.664e-06, A_F=0.120, K_low=0.044, P_drag=-4.794e-05, P_cool=-4.485e-05, WENO=0.017 (x=0.017, y=0.017), ReL2D=134.59, eps_nu=4.374e-05, P_hv=1.520e-06, rho_mean=1.000000, p_mean=0.714375, div_rms=1.854e-02, vort_rms=3.797e-01, mass_err=-5.825e-10
step=241250, t=253.637611, dt=1.043e-03, KE=5.296455e-03, Mt=0.1030, A_K=0.005, Cuv=-0.085, P_in=1.791e-06, P_tgt=1.738e-06, A_F=0.155, K_low=0.044, P_drag=-4.703e-05, P_cool=-4.423e-05, WENO=0.027 (x=0.027, y=0.027), ReL2D=131.63, eps_nu=4.247e-05, P_hv=1.536e-06, rho_mean=1.000000, p_mean=0.714374, div_rms=1.849e-02, vort_rms=3.741e-01, mass_err=-5.855e-10
step=242500, t=254.947185, dt=1.049e-03, KE=5.174627e-03, Mt=0.1019, A_K=0.047, Cuv=-0.078, P_in=1.465e-06, P_tgt=1.288e-06, A_F=0.095, K_low=0.046, P_drag=-4.737e-05, P_cool=-4.497e-05, WENO=0.036 (x=0.036, y=0.036), ReL2D=129.25, eps_nu=4.106e-05, P_hv=1.584e-06, rho_mean=1.000000, p_mean=0.714376, div_rms=1.665e-02, vort_rms=3.680e-01, mass_err=-5.886e-10
step=243750, t=256.261150, dt=1.046e-03, KE=5.069147e-03, Mt=0.1008, A_K=0.029, Cuv=-0.052, P_in=1.354e-06, P_tgt=1.092e-06, A_F=0.155, K_low=0.047, P_drag=-4.800e-05, P_cool=-4.242e-05, WENO=0.012 (x=0.012, y=0.012), ReL2D=127.39, eps_nu=3.975e-05, P_hv=1.567e-06, rho_mean=1.000000, p_mean=0.714371, div_rms=1.727e-02, vort_rms=3.620e-01, mass_err=-5.916e-10
step=245000, t=257.561612, dt=1.035e-03, KE=4.948475e-03, Mt=0.0997, A_K=0.088, Cuv=-0.027, P_in=1.048e-06, P_tgt=1.065e-06, A_F=0.055, K_low=0.051, P_drag=-4.997e-05, P_cool=-4.288e-05, WENO=0.024 (x=0.024, y=0.024), ReL2D=126.21, eps_nu=3.834e-05, P_hv=1.558e-06, rho_mean=1.000000, p_mean=0.714371, div_rms=1.892e-02, vort_rms=3.554e-01, mass_err=-5.946e-10
step=246250, t=258.853999, dt=1.032e-03, KE=4.832562e-03, Mt=0.0984, A_K=0.062, Cuv=0.003, P_in=1.194e-06, P_tgt=1.198e-06, A_F=0.154, K_low=0.054, P_drag=-5.170e-05, P_cool=-4.242e-05, WENO=0.027 (x=0.027, y=0.027), ReL2D=124.85, eps_nu=3.705e-05, P_hv=1.485e-06, rho_mean=1.000000, p_mean=0.714371, div_rms=1.761e-02, vort_rms=3.494e-01, mass_err=-5.977e-10
step=247500, t=260.142492, dt=1.035e-03, KE=4.722527e-03, Mt=0.0973, A_K=0.098, Cuv=0.025, P_in=1.573e-06, P_tgt=1.571e-06, A_F=0.068, K_low=0.058, P_drag=-5.444e-05, P_cool=-4.050e-05, WENO=0.022 (x=0.022, y=0.022), ReL2D=124.61, eps_nu=3.578e-05, P_hv=1.434e-06, rho_mean=1.000000, p_mean=0.714367, div_rms=1.531e-02, vort_rms=3.435e-01, mass_err=-6.007e-10
step=248750, t=261.435998, dt=1.039e-03, KE=4.601951e-03, Mt=0.0961, A_K=0.108, Cuv=0.073, P_in=2.399e-06, P_tgt=2.422e-06, A_F=0.024, K_low=0.061, P_drag=-5.648e-05, P_cool=-4.034e-05, WENO=0.027 (x=0.027, y=0.027), ReL2D=122.88, eps_nu=3.456e-05, P_hv=1.374e-06, rho_mean=1.000000, p_mean=0.714366, div_rms=1.664e-02, vort_rms=3.375e-01, mass_err=-6.037e-10
step=250000, t=262.733040, dt=1.041e-03, KE=4.493207e-03, Mt=0.0949, A_K=0.091, Cuv=0.096, P_in=4.433e-06, P_tgt=4.409e-06, A_F=0.137, K_low=0.065, P_drag=-5.867e-05, P_cool=-3.819e-05, WENO=0.021 (x=0.021, y=0.021), ReL2D=120.96, eps_nu=3.345e-05, P_hv=1.309e-06, rho_mean=1.000000, p_mean=0.714362, div_rms=1.842e-02, vort_rms=3.319e-01, mass_err=-6.068e-10
saved snapshot: results/hit2d/thesis_hit_campaign_v1/mach_Mt010_N256_seed1234/hit2d_step0250000.npz
step=251250, t=264.039223, dt=1.046e-03, KE=4.385181e-03, Mt=0.0937, A_K=0.127, Cuv=0.143, P_in=9.584e-06, P_tgt=9.616e-06, A_F=0.069, K_low=0.069, P_drag=-6.005e-05, P_cool=-3.606e-05, WENO=0.031 (x=0.031, y=0.031), ReL2D=119.07, eps_nu=3.238e-05, P_hv=1.256e-06, rho_mean=1.000000, p_mean=0.714358, div_rms=1.639e-02, vort_rms=3.266e-01, mass_err=-6.098e-10
step=252500, t=265.348008, dt=1.048e-03, KE=4.304842e-03, Mt=0.0929, A_K=0.095, Cuv=0.184, P_in=2.457e-05, P_tgt=2.462e-05, A_F=0.018, K_low=0.070, P_drag=-6.066e-05, P_cool=-3.718e-05, WENO=0.015 (x=0.015, y=0.015), ReL2D=117.30, eps_nu=3.208e-05, P_hv=1.203e-06, rho_mean=1.000000, p_mean=0.714360, div_rms=1.721e-02, vort_rms=3.251e-01, mass_err=-6.128e-10
step=253750, t=266.663569, dt=1.052e-03, KE=4.249119e-03, Mt=0.0923, A_K=0.099, Cuv=0.200, P_in=6.922e-05, P_tgt=6.996e-05, A_F=0.140, K_low=0.071, P_drag=-6.007e-05, P_cool=-3.499e-05, WENO=0.030 (x=0.030, y=0.030), ReL2D=114.62, eps_nu=3.182e-05, P_hv=1.184e-06, rho_mean=1.000000, p_mean=0.714356, div_rms=1.723e-02, vort_rms=3.238e-01, mass_err=-6.158e-10
step=255000, t=267.975090, dt=1.042e-03, KE=4.298309e-03, Mt=0.0928, A_K=0.095, Cuv=0.264, P_in=2.065e-04, P_tgt=2.051e-04, A_F=0.101, K_low=0.068, P_drag=-5.849e-05, P_cool=-3.416e-05, WENO=0.012 (x=0.012, y=0.012), ReL2D=113.04, eps_nu=3.274e-05, P_hv=1.189e-06, rho_mean=1.000000, p_mean=0.714354, div_rms=1.633e-02, vort_rms=3.285e-01, mass_err=-6.189e-10
step=256250, t=269.272096, dt=1.040e-03, KE=4.596652e-03, Mt=0.0960, A_K=0.083, Cuv=0.328, P_in=4.598e-04, P_tgt=4.591e-04, A_F=0.044, K_low=0.063, P_drag=-5.764e-05, P_cool=-3.563e-05, WENO=0.021 (x=0.021, y=0.021), ReL2D=111.65, eps_nu=3.710e-05, P_hv=1.245e-06, rho_mean=1.000000, p_mean=0.714357, div_rms=1.721e-02, vort_rms=3.497e-01, mass_err=-6.219e-10
step=257500, t=270.560728, dt=1.020e-03, KE=5.147532e-03, Mt=0.1016, A_K=0.012, Cuv=0.375, P_in=5.322e-04, P_tgt=5.378e-04, A_F=0.172, K_low=0.055, P_drag=-5.695e-05, P_cool=-3.795e-05, WENO=0.023 (x=0.023, y=0.023), ReL2D=115.80, eps_nu=4.415e-05, P_hv=1.381e-06, rho_mean=1.000000, p_mean=0.714362, div_rms=1.764e-02, vort_rms=3.815e-01, mass_err=-6.249e-10
step=258750, t=271.823928, dt=1.008e-03, KE=5.578049e-03, Mt=0.1058, A_K=0.006, Cuv=0.344, P_in=3.397e-04, P_tgt=3.394e-04, A_F=0.099, K_low=0.050, P_drag=-5.610e-05, P_cool=-4.092e-05, WENO=0.025 (x=0.025, y=0.025), ReL2D=124.12, eps_nu=4.761e-05, P_hv=1.551e-06, rho_mean=1.000000, p_mean=0.714368, div_rms=1.616e-02, vort_rms=3.964e-01, mass_err=-6.280e-10
step=260000, t=273.086213, dt=1.015e-03, KE=5.734824e-03, Mt=0.1073, A_K=0.031, Cuv=0.391, P_in=1.546e-04, P_tgt=1.575e-04, A_F=0.153, K_low=0.048, P_drag=-5.434e-05, P_cool=-4.528e-05, WENO=0.022 (x=0.022, y=0.022), ReL2D=125.17, eps_nu=4.951e-05, P_hv=1.672e-06, rho_mean=1.000000, p_mean=0.714376, div_rms=1.746e-02, vort_rms=4.041e-01, mass_err=-6.310e-10
step=261250, t=274.356766, dt=1.019e-03, KE=5.756888e-03, Mt=0.1075, A_K=0.046, Cuv=0.400, P_in=6.730e-05, P_tgt=6.776e-05, A_F=0.091, K_low=0.048, P_drag=-5.546e-05, P_cool=-4.315e-05, WENO=0.024 (x=0.024, y=0.024), ReL2D=125.23, eps_nu=4.985e-05, P_hv=1.781e-06, rho_mean=1.000000, p_mean=0.714372, div_rms=1.855e-02, vort_rms=4.054e-01, mass_err=-6.340e-10
step=262500, t=275.627665, dt=1.016e-03, KE=5.779166e-03, Mt=0.1076, A_K=0.058, Cuv=0.433, P_in=2.926e-05, P_tgt=2.969e-05, A_F=0.011, K_low=0.049, P_drag=-5.703e-05, P_cool=-4.522e-05, WENO=0.019 (x=0.019, y=0.019), ReL2D=123.60, eps_nu=5.006e-05, P_hv=1.869e-06, rho_mean=1.000000, p_mean=0.714376, div_rms=1.750e-02, vort_rms=4.063e-01, mass_err=-6.371e-10
saved snapshot: results/hit2d/thesis_hit_campaign_v1/mach_Mt010_N256_seed1234/hit2d_step0262500.npz
step=263750, t=276.897934, dt=1.018e-03, KE=5.664424e-03, Mt=0.1065, A_K=0.049, Cuv=0.422, P_in=1.402e-05, P_tgt=1.326e-05, A_F=0.090, K_low=0.051, P_drag=-5.813e-05, P_cool=-4.784e-05, WENO=0.029 (x=0.029, y=0.029), ReL2D=123.38, eps_nu=4.862e-05, P_hv=1.996e-06, rho_mean=1.000000, p_mean=0.714381, div_rms=1.629e-02, vort_rms=4.005e-01, mass_err=-6.401e-10
step=265000, t=278.171251, dt=1.021e-03, KE=5.570088e-03, Mt=0.1057, A_K=0.036, Cuv=0.394, P_in=6.633e-06, P_tgt=6.602e-06, A_F=0.166, K_low=0.054, P_drag=-5.957e-05, P_cool=-4.665e-05, WENO=0.017 (x=0.017, y=0.017), ReL2D=122.81, eps_nu=4.728e-05, P_hv=2.079e-06, rho_mean=1.000000, p_mean=0.714379, div_rms=1.822e-02, vort_rms=3.948e-01, mass_err=-6.431e-10
step=266250, t=279.449227, dt=1.025e-03, KE=5.436653e-03, Mt=0.1044, A_K=0.028, Cuv=0.383, P_in=3.675e-06, P_tgt=3.686e-06, A_F=0.173, K_low=0.054, P_drag=-5.896e-05, P_cool=-4.737e-05, WENO=0.013 (x=0.013, y=0.013), ReL2D=121.17, eps_nu=4.550e-05, P_hv=2.114e-06, rho_mean=1.000000, p_mean=0.714380, div_rms=1.772e-02, vort_rms=3.873e-01, mass_err=-6.461e-10
step=267500, t=280.733916, dt=1.028e-03, KE=5.302237e-03, Mt=0.1031, A_K=0.001, Cuv=0.339, P_in=2.409e-06, P_tgt=2.358e-06, A_F=0.059, K_low=0.055, P_drag=-5.852e-05, P_cool=-4.788e-05, WENO=0.030 (x=0.030, y=0.030), ReL2D=120.41, eps_nu=4.366e-05, P_hv=2.072e-06, rho_mean=1.000000, p_mean=0.714381, div_rms=1.705e-02, vort_rms=3.794e-01, mass_err=-6.492e-10
step=268750, t=282.016742, dt=1.028e-03, KE=5.185389e-03, Mt=0.1019, A_K=0.007, Cuv=0.318, P_in=1.746e-06, P_tgt=1.747e-06, A_F=0.288, K_low=0.054, P_drag=-5.590e-05, P_cool=-4.520e-05, WENO=0.031 (x=0.031, y=0.031), ReL2D=120.27, eps_nu=4.201e-05, P_hv=1.998e-06, rho_mean=1.000000, p_mean=0.714376, div_rms=1.731e-02, vort_rms=3.722e-01, mass_err=-6.522e-10
step=270000, t=283.306408, dt=1.028e-03, KE=5.056918e-03, Mt=0.1007, A_K=0.050, Cuv=0.272, P_in=1.529e-06, P_tgt=1.497e-06, A_F=0.004, K_low=0.053, P_drag=-5.327e-05, P_cool=-4.547e-05, WENO=0.009 (x=0.009, y=0.009), ReL2D=119.90, eps_nu=4.030e-05, P_hv=1.889e-06, rho_mean=1.000000, p_mean=0.714377, div_rms=1.772e-02, vort_rms=3.645e-01, mass_err=-6.552e-10
step=271250, t=284.594546, dt=1.035e-03, KE=4.941740e-03, Mt=0.0995, A_K=0.021, Cuv=0.236, P_in=1.519e-06, P_tgt=1.483e-06, A_F=0.066, K_low=0.051, P_drag=-5.062e-05, P_cool=-4.397e-05, WENO=0.024 (x=0.024, y=0.024), ReL2D=120.83, eps_nu=3.874e-05, P_hv=1.788e-06, rho_mean=1.000000, p_mean=0.714374, div_rms=1.667e-02, vort_rms=3.574e-01, mass_err=-6.583e-10
step=272500, t=285.891938, dt=1.040e-03, KE=4.826961e-03, Mt=0.0983, A_K=0.080, Cuv=0.176, P_in=1.700e-06, P_tgt=1.700e-06, A_F=0.072, K_low=0.049, P_drag=-4.699e-05, P_cool=-4.337e-05, WENO=0.025 (x=0.025, y=0.025), ReL2D=121.84, eps_nu=3.723e-05, P_hv=1.681e-06, rho_mean=1.000000, p_mean=0.714372, div_rms=1.694e-02, vort_rms=3.503e-01, mass_err=-6.613e-10
step=273750, t=287.196189, dt=1.048e-03, KE=4.727786e-03, Mt=0.0973, A_K=0.048, Cuv=0.150, P_in=2.423e-06, P_tgt=2.257e-06, A_F=0.057, K_low=0.047, P_drag=-4.407e-05, P_cool=-4.080e-05, WENO=0.016 (x=0.016, y=0.016), ReL2D=122.85, eps_nu=3.591e-05, P_hv=1.557e-06, rho_mean=1.000000, p_mean=0.714367, div_rms=1.791e-02, vort_rms=3.440e-01, mass_err=-6.643e-10
step=275000, t=288.512636, dt=1.057e-03, KE=4.622207e-03, Mt=0.0962, A_K=0.094, Cuv=0.092, P_in=3.275e-06, P_tgt=3.450e-06, A_F=0.160, K_low=0.043, P_drag=-4.013e-05, P_cool=-4.094e-05, WENO=0.027 (x=0.027, y=0.027), ReL2D=123.62, eps_nu=3.457e-05, P_hv=1.458e-06, rho_mean=1.000000, p_mean=0.714368, div_rms=1.616e-02, vort_rms=3.376e-01, mass_err=-6.673e-10
saved snapshot: results/hit2d/thesis_hit_campaign_v1/mach_Mt010_N256_seed1234/hit2d_step0275000.npz
step=276227, t=289.811922, dt=7.320e-04, KE=4.536553e-03, Mt=0.0953, A_K=0.052, Cuv=0.078, P_in=6.135e-06, P_tgt=6.005e-06, A_F=0.004, K_low=0.041, P_drag=-3.702e-05, P_cool=-3.900e-05, WENO=0.024 (x=0.024, y=0.024), ReL2D=122.79, eps_nu=3.341e-05, P_hv=1.408e-06, rho_mean=1.000000, p_mean=0.714364, div_rms=1.544e-02, vort_rms=3.319e-01, mass_err=-6.703e-10
saved snapshot: results/hit2d/thesis_hit_campaign_v1/mach_Mt010_N256_seed1234/hit2d_step0276227.npz
completed 2D HIT run at t=289.811922 in 276227 steps
Post-processing: results/hit2d/thesis_hit_campaign_v1/mach_Mt010_N256_seed1234
saved HIT diagnostic field plot: results/hit2d/thesis_hit_campaign_v1/mach_Mt010_N256_seed1234/postprocess/hit2d_physics_fields.png
/home/fatienza/github/HIT_Solver/2D/hit2d_viewer.py:405: UserWarning: No artists with labels found to put in legend.  Note that artists whose label start with an underscore are ignored when legend() is called with no argument.
  ax.legend()
saved HIT history plot: results/hit2d/thesis_hit_campaign_v1/mach_Mt010_N256_seed1234/postprocess/hit2d_history.png
saved isotropy diagnostics: results/hit2d/thesis_hit_campaign_v1/mach_Mt010_N256_seed1234/isotropy_diagnostics.npz
selected interval: t=[65.5605, 249.719], Neddy=[4.16777, 15.8885], snapshots=15
turnover reference length: L_ref=1.570796e+00
isotropy mismatch: E_LL=4.577138e-02 (normalized=1.098915e-01), E_NN=1.392152e-02 (normalized=3.669343e-02)
selected means: K=5.015955e-03, Mt=1.000772e-01, A_K=1.085764e-01, C_uv=-8.124061e-02
saved isotropy plot: results/hit2d/thesis_hit_campaign_v1/mach_Mt010_N256_seed1234/postprocess/stationarity_K_Mt.png
saved isotropy plot: results/hit2d/thesis_hit_campaign_v1/mach_Mt010_N256_seed1234/postprocess/directional_isotropy_correlations.png
saved isotropy plot: results/hit2d/thesis_hit_campaign_v1/mach_Mt010_N256_seed1234/postprocess/component_energy_anisotropy.png
saved spectra diagnostics: results/hit2d/thesis_hit_campaign_v1/mach_Mt010_N256_seed1234/spectra_diagnostics.npz
saved spectra plot: results/hit2d/thesis_hit_campaign_v1/mach_Mt010_N256_seed1234/postprocess/energy_enstrophy_spectra.png
cutoff ratios: energy=0.000e+00, enstrophy=0.000e+00
spectral checks: Parseval=1.725e-16, Helmholtz closure=1.381e-16, <chi_d>=2.050e-03
saved PDF diagnostics: results/hit2d/thesis_hit_campaign_v1/mach_Mt010_N256_seed1234/pdf_diagnostics.npz
saved PDF plot: results/hit2d/thesis_hit_campaign_v1/mach_Mt010_N256_seed1234/postprocess/one_point_pdfs.png
PDF moments: S_theta=-9.191e-02, F_theta=3.028e+00, S_omega=5.888e-02, F_omega=3.556e+00
COMPLETED: mach_Mt010_N256_seed1234 at Sun Aug 16 04:12:12 AM CEST 2026

============================================================
STARTING mach_Mt050_N256_seed1234 at Sun Aug 16 04:12:12 AM CEST 2026
N=256x256; Mt=0.50; Re_lambda,0=120; seed=1234
tfinal=57.96238446; target turnovers=18.0
CFL=0.10; sensor=legacy; WENO LF=local
HV: conservative_flux, mn=0.005, interval=5
snapshot_every=2500; diagnostics_every=250
============================================================
Using array backend: cupy
saved run configuration: results/hit2d/thesis_hit_campaign_v1/mach_Mt050_N256_seed1234/config.json
resolved initial Re_lambda_2d=120.000000 with dynamic viscosity=1.512140e-03
step=     0, t=0.000000, dt=0.000e+00, KE=1.250000e-01, Mt=0.5000, A_K=0.000, Cuv=0.000, P_in=0.000e+00, P_tgt=0.000e+00, A_F=0.000, K_low=0.000, P_drag=0.000e+00, P_cool=0.000e+00, WENO=0.018 (x=0.018, y=0.018), ReL2D=120.00, eps_nu=5.749e-03, P_hv=0.000e+00, rho_mean=1.000000, p_mean=0.714286, div_rms=1.223e-14, vort_rms=1.950e+00, mass_err=0.000e+00
step=   250, t=0.172789, dt=6.924e-04, KE=1.233066e-01, Mt=0.4967, A_K=0.001, Cuv=-0.001, P_in=1.006e-03, P_tgt=1.006e-03, A_F=0.003, K_low=0.003, P_drag=-7.093e-05, P_cool=-3.712e-04, WENO=0.033 (x=0.033, y=0.033), ReL2D=112.85, eps_nu=5.868e-03, P_hv=3.215e-05, rho_mean=1.000000, p_mean=0.715028, div_rms=4.372e-01, vort_rms=1.904e+00, mass_err=-6.040e-13
step=   500, t=0.346678, dt=7.003e-04, KE=1.156863e-01, Mt=0.4831, A_K=0.004, Cuv=-0.007, P_in=1.055e-03, P_tgt=1.055e-03, A_F=0.176, K_low=0.010, P_drag=-2.379e-04, P_cool=-1.890e-03, WENO=0.041 (x=0.041, y=0.041), ReL2D=109.29, eps_nu=5.593e-03, P_hv=3.282e-05, rho_mean=1.000000, p_mean=0.718065, div_rms=4.897e-01, vort_rms=1.838e+00, mass_err=-1.215e-12
step=   750, t=0.524057, dt=7.215e-04, KE=1.074965e-01, Mt=0.4715, A_K=0.005, Cuv=-0.016, P_in=1.204e-03, P_tgt=1.200e-03, A_F=0.117, K_low=0.019, P_drag=-3.946e-04, P_cool=-3.458e-03, WENO=0.087 (x=0.087, y=0.087), ReL2D=103.02, eps_nu=5.657e-03, P_hv=3.343e-05, rho_mean=1.000000, p_mean=0.721202, div_rms=5.819e-01, vort_rms=1.814e+00, mass_err=-1.812e-12
step=  1000, t=0.708088, dt=7.510e-04, KE=1.046280e-01, Mt=0.4739, A_K=0.008, Cuv=-0.030, P_in=1.341e-03, P_tgt=1.399e-03, A_F=0.033, K_low=0.024, P_drag=-4.690e-04, P_cool=-3.926e-03, WENO=0.110 (x=0.110, y=0.110), ReL2D=95.59, eps_nu=6.294e-03, P_hv=3.710e-05, rho_mean=1.000000, p_mean=0.722137, div_rms=7.879e-01, vort_rms=1.826e+00, mass_err=-2.380e-12
step=  1250, t=0.897281, dt=7.580e-04, KE=1.046771e-01, Mt=0.4793, A_K=0.009, Cuv=-0.036, P_in=1.589e-03, P_tgt=1.583e-03, A_F=0.018, K_low=0.026, P_drag=-4.684e-04, P_cool=-3.810e-03, WENO=0.141 (x=0.141, y=0.141), ReL2D=92.81, eps_nu=6.745e-03, P_hv=3.948e-05, rho_mean=1.000000, p_mean=0.721907, div_rms=9.044e-01, vort_rms=1.836e+00, mass_err=-2.970e-12
step=  1500, t=1.086008, dt=7.491e-04, KE=1.048110e-01, Mt=0.4781, A_K=0.001, Cuv=-0.036, P_in=1.805e-03, P_tgt=1.768e-03, A_F=0.020, K_low=0.027, P_drag=-4.437e-04, P_cool=-3.690e-03, WENO=0.144 (x=0.144, y=0.144), ReL2D=93.40, eps_nu=6.667e-03, P_hv=4.083e-05, rho_mean=1.000000, p_mean=0.721665, div_rms=8.935e-01, vort_rms=1.829e+00, mass_err=-3.560e-12
step=  1750, t=1.270831, dt=7.281e-04, KE=1.046554e-01, Mt=0.4730, A_K=0.007, Cuv=-0.015, P_in=1.980e-03, P_tgt=2.017e-03, A_F=0.137, K_low=0.028, P_drag=-4.420e-04, P_cool=-3.640e-03, WENO=0.140 (x=0.140, y=0.140), ReL2D=95.41, eps_nu=6.304e-03, P_hv=4.149e-05, rho_mean=1.000000, p_mean=0.721566, div_rms=8.138e-01, vort_rms=1.813e+00, mass_err=-4.150e-12
step=  2000, t=1.448949, dt=7.105e-04, KE=1.047138e-01, Mt=0.4695, A_K=0.033, Cuv=0.015, P_in=2.411e-03, P_tgt=2.363e-03, A_F=0.101, K_low=0.029, P_drag=-4.894e-04, P_cool=-3.560e-03, WENO=0.141 (x=0.141, y=0.141), ReL2D=97.20, eps_nu=6.097e-03, P_hv=4.483e-05, rho_mean=1.000000, p_mean=0.721406, div_rms=7.557e-01, vort_rms=1.808e+00, mass_err=-4.746e-12
step=  2250, t=1.629712, dt=7.381e-04, KE=1.045110e-01, Mt=0.4676, A_K=0.052, Cuv=0.044, P_in=2.789e-03, P_tgt=2.811e-03, A_F=0.150, K_low=0.033, P_drag=-5.848e-04, P_cool=-3.550e-03, WENO=0.160 (x=0.160, y=0.160), ReL2D=98.45, eps_nu=5.995e-03, P_hv=4.687e-05, rho_mean=1.000000, p_mean=0.721386, div_rms=7.198e-01, vort_rms=1.809e+00, mass_err=-5.322e-12
step=  2500, t=1.816791, dt=7.476e-04, KE=1.038085e-01, Mt=0.4652, A_K=0.063, Cuv=0.048, P_in=3.361e-03, P_tgt=3.385e-03, A_F=0.062, K_low=0.038, P_drag=-7.057e-04, P_cool=-3.650e-03, WENO=0.173 (x=0.173, y=0.173), ReL2D=99.93, eps_nu=5.889e-03, P_hv=4.879e-05, rho_mean=1.000000, p_mean=0.721586, div_rms=6.944e-01, vort_rms=1.803e+00, mass_err=-5.919e-12
saved snapshot: results/hit2d/thesis_hit_campaign_v1/mach_Mt050_N256_seed1234/hit2d_step0002500.npz
step=  2750, t=2.001615, dt=7.329e-04, KE=1.033778e-01, Mt=0.4630, A_K=0.069, Cuv=0.034, P_in=4.144e-03, P_tgt=4.140e-03, A_F=0.253, K_low=0.042, P_drag=-7.956e-04, P_cool=-3.711e-03, WENO=0.188 (x=0.188, y=0.188), ReL2D=98.83, eps_nu=5.867e-03, P_hv=5.284e-05, rho_mean=1.000000, p_mean=0.721708, div_rms=7.026e-01, vort_rms=1.795e+00, mass_err=-6.516e-12
step=  3000, t=2.184958, dt=7.362e-04, KE=1.033666e-01, Mt=0.4620, A_K=0.079, Cuv=0.026, P_in=5.210e-03, P_tgt=5.119e-03, A_F=0.024, K_low=0.041, P_drag=-7.986e-04, P_cool=-3.715e-03, WENO=0.197 (x=0.197, y=0.197), ReL2D=97.46, eps_nu=5.867e-03, P_hv=5.769e-05, rho_mean=1.000000, p_mean=0.721716, div_rms=7.070e-01, vort_rms=1.793e+00, mass_err=-7.113e-12
step=  3250, t=2.369688, dt=7.390e-04, KE=1.034835e-01, Mt=0.4616, A_K=0.096, Cuv=0.023, P_in=6.320e-03, P_tgt=6.342e-03, A_F=0.119, K_low=0.036, P_drag=-7.152e-04, P_cool=-3.736e-03, WENO=0.202 (x=0.202, y=0.202), ReL2D=96.14, eps_nu=5.904e-03, P_hv=6.134e-05, rho_mean=1.000000, p_mean=0.721757, div_rms=7.206e-01, vort_rms=1.792e+00, mass_err=-7.709e-12
step=  3500, t=2.553863, dt=7.385e-04, KE=1.029923e-01, Mt=0.4595, A_K=0.127, Cuv=0.027, P_in=7.906e-03, P_tgt=7.923e-03, A_F=0.094, K_low=0.030, P_drag=-6.182e-04, P_cool=-3.931e-03, WENO=0.191 (x=0.191, y=0.191), ReL2D=95.03, eps_nu=5.862e-03, P_hv=5.928e-05, rho_mean=1.000000, p_mean=0.722148, div_rms=7.116e-01, vort_rms=1.789e+00, mass_err=-8.306e-12
step=  3750, t=2.738895, dt=7.355e-04, KE=1.027570e-01, Mt=0.4586, A_K=0.154, Cuv=0.043, P_in=9.952e-03, P_tgt=1.002e-02, A_F=0.082, K_low=0.029, P_drag=-5.868e-04, P_cool=-4.139e-03, WENO=0.174 (x=0.174, y=0.174), ReL2D=95.19, eps_nu=5.816e-03, P_hv=5.962e-05, rho_mean=1.000000, p_mean=0.722563, div_rms=7.082e-01, vort_rms=1.783e+00, mass_err=-8.889e-12
step=  4000, t=2.923265, dt=7.394e-04, KE=1.037692e-01, Mt=0.4617, A_K=0.173, Cuv=0.056, P_in=1.255e-02, P_tgt=1.259e-02, A_F=0.127, K_low=0.033, P_drag=-6.626e-04, P_cool=-4.176e-03, WENO=0.157 (x=0.157, y=0.157), ReL2D=96.73, eps_nu=5.841e-03, P_hv=6.417e-05, rho_mean=1.000000, p_mean=0.722638, div_rms=7.250e-01, vort_rms=1.778e+00, mass_err=-9.493e-12
step=  4250, t=3.106794, dt=7.264e-04, KE=1.055341e-01, Mt=0.4668, A_K=0.179, Cuv=0.055, P_in=1.536e-02, P_tgt=1.537e-02, A_F=0.108, K_low=0.042, P_drag=-8.464e-04, P_cool=-4.156e-03, WENO=0.159 (x=0.159, y=0.159), ReL2D=98.79, eps_nu=5.908e-03, P_hv=6.429e-05, rho_mean=1.000000, p_mean=0.722597, div_rms=7.454e-01, vort_rms=1.779e+00, mass_err=-1.008e-11
step=  4500, t=3.286451, dt=7.156e-04, KE=1.071456e-01, Mt=0.4712, A_K=0.168, Cuv=0.024, P_in=1.831e-02, P_tgt=1.822e-02, A_F=0.143, K_low=0.054, P_drag=-1.085e-03, P_cool=-4.251e-03, WENO=0.148 (x=0.148, y=0.148), ReL2D=100.53, eps_nu=5.963e-03, P_hv=6.488e-05, rho_mean=1.000000, p_mean=0.722787, div_rms=7.505e-01, vort_rms=1.787e+00, mass_err=-1.068e-11
step=  4750, t=3.466001, dt=7.202e-04, KE=1.089251e-01, Mt=0.4754, A_K=0.131, Cuv=-0.021, P_in=2.102e-02, P_tgt=2.108e-02, A_F=0.076, K_low=0.067, P_drag=-1.314e-03, P_cool=-4.403e-03, WENO=0.144 (x=0.144, y=0.144), ReL2D=102.16, eps_nu=6.023e-03, P_hv=6.704e-05, rho_mean=1.000000, p_mean=0.723091, div_rms=7.439e-01, vort_rms=1.802e+00, mass_err=-1.128e-11
step=  5000, t=3.647555, dt=7.268e-04, KE=1.111162e-01, Mt=0.4806, A_K=0.091, Cuv=-0.047, P_in=2.359e-02, P_tgt=2.372e-02, A_F=0.223, K_low=0.075, P_drag=-1.491e-03, P_cool=-4.566e-03, WENO=0.154 (x=0.154, y=0.154), ReL2D=103.88, eps_nu=6.069e-03, P_hv=6.826e-05, rho_mean=1.000000, p_mean=0.723418, div_rms=7.286e-01, vort_rms=1.818e+00, mass_err=-1.187e-11
saved snapshot: results/hit2d/thesis_hit_campaign_v1/mach_Mt050_N256_seed1234/hit2d_step0005000.npz
step=  5250, t=3.827308, dt=7.138e-04, KE=1.133849e-01, Mt=0.4863, A_K=0.059, Cuv=-0.049, P_in=2.603e-02, P_tgt=2.588e-02, A_F=0.137, K_low=0.079, P_drag=-1.602e-03, P_cool=-4.782e-03, WENO=0.162 (x=0.162, y=0.162), ReL2D=106.34, eps_nu=6.067e-03, P_hv=6.535e-05, rho_mean=1.000000, p_mean=0.723849, div_rms=6.962e-01, vort_rms=1.835e+00, mass_err=-1.246e-11
step=  5500, t=4.004889, dt=7.134e-04, KE=1.159960e-01, Mt=0.4926, A_K=0.023, Cuv=-0.045, P_in=2.749e-02, P_tgt=2.735e-02, A_F=0.101, K_low=0.081, P_drag=-1.671e-03, P_cool=-4.976e-03, WENO=0.151 (x=0.151, y=0.151), ReL2D=107.84, eps_nu=6.129e-03, P_hv=6.565e-05, rho_mean=1.000000, p_mean=0.724239, div_rms=6.670e-01, vort_rms=1.860e+00, mass_err=-1.305e-11
step=  5750, t=4.184059, dt=7.124e-04, KE=1.189990e-01, Mt=0.4998, A_K=0.017, Cuv=-0.023, P_in=2.779e-02, P_tgt=2.788e-02, A_F=0.142, K_low=0.081, P_drag=-1.736e-03, P_cool=-5.128e-03, WENO=0.168 (x=0.168, y=0.168), ReL2D=108.29, eps_nu=6.233e-03, P_hv=6.634e-05, rho_mean=1.000000, p_mean=0.724541, div_rms=6.659e-01, vort_rms=1.879e+00, mass_err=-1.364e-11
step=  6000, t=4.363803, dt=7.246e-04, KE=1.220821e-01, Mt=0.5062, A_K=0.062, Cuv=-0.002, P_in=2.755e-02, P_tgt=2.747e-02, A_F=0.171, K_low=0.082, P_drag=-1.843e-03, P_cool=-5.258e-03, WENO=0.174 (x=0.174, y=0.174), ReL2D=108.04, eps_nu=6.403e-03, P_hv=6.855e-05, rho_mean=1.000000, p_mean=0.724802, div_rms=6.804e-01, vort_rms=1.902e+00, mass_err=-1.423e-11
step=  6250, t=4.545537, dt=7.304e-04, KE=1.252931e-01, Mt=0.5129, A_K=0.108, Cuv=0.015, P_in=2.619e-02, P_tgt=2.623e-02, A_F=0.040, K_low=0.084, P_drag=-1.994e-03, P_cool=-5.332e-03, WENO=0.163 (x=0.163, y=0.163), ReL2D=107.06, eps_nu=6.688e-03, P_hv=7.160e-05, rho_mean=1.000000, p_mean=0.724950, div_rms=7.336e-01, vort_rms=1.925e+00, mass_err=-1.481e-11
step=  6500, t=4.728178, dt=7.329e-04, KE=1.281098e-01, Mt=0.5195, A_K=0.152, Cuv=0.041, P_in=2.421e-02, P_tgt=2.427e-02, A_F=0.168, K_low=0.087, P_drag=-2.167e-03, P_cool=-5.421e-03, WENO=0.162 (x=0.162, y=0.162), ReL2D=106.81, eps_nu=6.985e-03, P_hv=7.706e-05, rho_mean=1.000000, p_mean=0.725127, div_rms=7.832e-01, vort_rms=1.950e+00, mass_err=-1.540e-11
step=  6750, t=4.906187, dt=7.019e-04, KE=1.301482e-01, Mt=0.5245, A_K=0.179, Cuv=0.064, P_in=2.173e-02, P_tgt=2.188e-02, A_F=0.158, K_low=0.092, P_drag=-2.344e-03, P_cool=-5.562e-03, WENO=0.166 (x=0.166, y=0.166), ReL2D=105.09, eps_nu=7.255e-03, P_hv=8.379e-05, rho_mean=1.000000, p_mean=0.725409, div_rms=8.209e-01, vort_rms=1.975e+00, mass_err=-1.600e-11
step=  7000, t=5.079603, dt=6.875e-04, KE=1.312327e-01, Mt=0.5271, A_K=0.190, Cuv=0.076, P_in=1.932e-02, P_tgt=1.940e-02, A_F=0.079, K_low=0.097, P_drag=-2.460e-03, P_cool=-5.786e-03, WENO=0.182 (x=0.182, y=0.182), ReL2D=102.98, eps_nu=7.429e-03, P_hv=8.978e-05, rho_mean=1.000000, p_mean=0.725857, div_rms=8.520e-01, vort_rms=1.986e+00, mass_err=-1.660e-11
step=  7250, t=5.250910, dt=6.830e-04, KE=1.315354e-01, Mt=0.5289, A_K=0.198, Cuv=0.096, P_in=1.714e-02, P_tgt=1.704e-02, A_F=0.002, K_low=0.099, P_drag=-2.485e-03, P_cool=-6.063e-03, WENO=0.182 (x=0.182, y=0.182), ReL2D=101.70, eps_nu=7.558e-03, P_hv=9.255e-05, rho_mean=1.000000, p_mean=0.726412, div_rms=8.786e-01, vort_rms=1.992e+00, mass_err=-1.718e-11
step=  7500, t=5.420865, dt=6.798e-04, KE=1.320988e-01, Mt=0.5302, A_K=0.186, Cuv=0.110, P_in=1.499e-02, P_tgt=1.488e-02, A_F=0.014, K_low=0.097, P_drag=-2.437e-03, P_cool=-6.196e-03, WENO=0.181 (x=0.181, y=0.181), ReL2D=100.03, eps_nu=7.614e-03, P_hv=9.614e-05, rho_mean=1.000000, p_mean=0.726678, div_rms=8.956e-01, vort_rms=1.991e+00, mass_err=-1.776e-11
saved snapshot: results/hit2d/thesis_hit_campaign_v1/mach_Mt050_N256_seed1234/hit2d_step0007500.npz
step=  7750, t=5.591593, dt=6.859e-04, KE=1.331789e-01, Mt=0.5306, A_K=0.175, Cuv=0.113, P_in=1.279e-02, P_tgt=1.294e-02, A_F=0.244, K_low=0.092, P_drag=-2.374e-03, P_cool=-6.155e-03, WENO=0.167 (x=0.167, y=0.167), ReL2D=98.77, eps_nu=7.632e-03, P_hv=1.014e-04, rho_mean=1.000000, p_mean=0.726596, div_rms=9.063e-01, vort_rms=1.988e+00, mass_err=-1.835e-11
step=  8000, t=5.761481, dt=6.808e-04, KE=1.339533e-01, Mt=0.5303, A_K=0.161, Cuv=0.125, P_in=1.123e-02, P_tgt=1.125e-02, A_F=0.232, K_low=0.090, P_drag=-2.354e-03, P_cool=-6.120e-03, WENO=0.161 (x=0.161, y=0.161), ReL2D=98.78, eps_nu=7.567e-03, P_hv=1.030e-04, rho_mean=1.000000, p_mean=0.726525, div_rms=8.948e-01, vort_rms=1.984e+00, mass_err=-1.894e-11
step=  8250, t=5.931932, dt=6.772e-04, KE=1.339837e-01, Mt=0.5289, A_K=0.137, Cuv=0.138, P_in=9.744e-03, P_tgt=9.823e-03, A_F=0.154, K_low=0.091, P_drag=-2.406e-03, P_cool=-6.182e-03, WENO=0.166 (x=0.166, y=0.166), ReL2D=98.84, eps_nu=7.482e-03, P_hv=9.850e-05, rho_mean=1.000000, p_mean=0.726651, div_rms=8.731e-01, vort_rms=1.983e+00, mass_err=-1.953e-11
step=  8500, t=6.099804, dt=6.700e-04, KE=1.333902e-01, Mt=0.5278, A_K=0.106, Cuv=0.156, P_in=8.698e-03, P_tgt=8.624e-03, A_F=0.033, K_low=0.098, P_drag=-2.540e-03, P_cool=-6.318e-03, WENO=0.165 (x=0.165, y=0.165), ReL2D=98.74, eps_nu=7.387e-03, P_hv=9.883e-05, rho_mean=1.000000, p_mean=0.726922, div_rms=8.444e-01, vort_rms=1.984e+00, mass_err=-2.011e-11
step=  8750, t=6.267949, dt=6.754e-04, KE=1.332083e-01, Mt=0.5277, A_K=0.073, Cuv=0.170, P_in=7.641e-03, P_tgt=7.588e-03, A_F=0.071, K_low=0.106, P_drag=-2.735e-03, P_cool=-6.325e-03, WENO=0.169 (x=0.169, y=0.169), ReL2D=99.14, eps_nu=7.291e-03, P_hv=1.003e-04, rho_mean=1.000000, p_mean=0.726936, div_rms=8.289e-01, vort_rms=1.976e+00, mass_err=-2.070e-11
step=  9000, t=6.436926, dt=6.727e-04, KE=1.331292e-01, Mt=0.5266, A_K=0.039, Cuv=0.169, P_in=6.539e-03, P_tgt=6.691e-03, A_F=0.151, K_low=0.115, P_drag=-2.946e-03, P_cool=-6.273e-03, WENO=0.170 (x=0.170, y=0.170), ReL2D=100.28, eps_nu=7.147e-03, P_hv=1.007e-04, rho_mean=1.000000, p_mean=0.726833, div_rms=8.173e-01, vort_rms=1.959e+00, mass_err=-2.129e-11
step=  9250, t=6.603162, dt=6.610e-04, KE=1.330444e-01, Mt=0.5253, A_K=0.000, Cuv=0.151, P_in=5.973e-03, P_tgt=5.936e-03, A_F=0.047, K_low=0.124, P_drag=-3.122e-03, P_cool=-6.197e-03, WENO=0.167 (x=0.167, y=0.167), ReL2D=100.24, eps_nu=7.084e-03, P_hv=1.011e-04, rho_mean=1.000000, p_mean=0.726679, div_rms=8.200e-01, vort_rms=1.946e+00, mass_err=-2.188e-11
step=  9500, t=6.768524, dt=6.566e-04, KE=1.325144e-01, Mt=0.5243, A_K=0.032, Cuv=0.147, P_in=5.320e-03, P_tgt=5.289e-03, A_F=0.005, K_low=0.129, P_drag=-3.240e-03, P_cool=-6.181e-03, WENO=0.167 (x=0.167, y=0.167), ReL2D=100.35, eps_nu=6.988e-03, P_hv=1.024e-04, rho_mean=1.000000, p_mean=0.726648, div_rms=8.037e-01, vort_rms=1.939e+00, mass_err=-2.247e-11
step=  9750, t=6.931143, dt=6.444e-04, KE=1.315321e-01, Mt=0.5228, A_K=0.064, Cuv=0.143, P_in=4.708e-03, P_tgt=4.735e-03, A_F=0.006, K_low=0.133, P_drag=-3.315e-03, P_cool=-6.234e-03, WENO=0.167 (x=0.167, y=0.167), ReL2D=100.88, eps_nu=6.842e-03, P_hv=1.100e-04, rho_mean=1.000000, p_mean=0.726753, div_rms=7.856e-01, vort_rms=1.924e+00, mass_err=-2.307e-11
step= 10000, t=7.091063, dt=6.338e-04, KE=1.304505e-01, Mt=0.5209, A_K=0.094, Cuv=0.142, P_in=4.304e-03, P_tgt=4.274e-03, A_F=0.038, K_low=0.135, P_drag=-3.375e-03, P_cool=-6.288e-03, WENO=0.172 (x=0.172, y=0.172), ReL2D=102.19, eps_nu=6.638e-03, P_hv=1.122e-04, rho_mean=1.000000, p_mean=0.726861, div_rms=7.602e-01, vort_rms=1.902e+00, mass_err=-2.366e-11
saved snapshot: results/hit2d/thesis_hit_campaign_v1/mach_Mt050_N256_seed1234/hit2d_step0010000.npz
step= 10250, t=7.249996, dt=6.414e-04, KE=1.298911e-01, Mt=0.5195, A_K=0.122, Cuv=0.147, P_in=3.897e-03, P_tgt=3.887e-03, A_F=0.034, K_low=0.137, P_drag=-3.445e-03, P_cool=-6.221e-03, WENO=0.181 (x=0.181, y=0.181), ReL2D=102.84, eps_nu=6.496e-03, P_hv=1.168e-04, rho_mean=1.000000, p_mean=0.726729, div_rms=7.515e-01, vort_rms=1.882e+00, mass_err=-2.425e-11
step= 10500, t=7.412669, dt=6.600e-04, KE=1.294916e-01, Mt=0.5182, A_K=0.137, Cuv=0.159, P_in=3.536e-03, P_tgt=3.554e-03, A_F=0.061, K_low=0.141, P_drag=-3.530e-03, P_cool=-6.108e-03, WENO=0.182 (x=0.182, y=0.182), ReL2D=104.12, eps_nu=6.388e-03, P_hv=1.052e-04, rho_mean=1.000000, p_mean=0.726501, div_rms=7.524e-01, vort_rms=1.863e+00, mass_err=-2.485e-11
step= 10750, t=7.577107, dt=6.543e-04, KE=1.286001e-01, Mt=0.5160, A_K=0.140, Cuv=0.182, P_in=3.282e-03, P_tgt=3.275e-03, A_F=0.019, K_low=0.145, P_drag=-3.614e-03, P_cool=-6.081e-03, WENO=0.176 (x=0.176, y=0.176), ReL2D=104.69, eps_nu=6.312e-03, P_hv=9.949e-05, rho_mean=1.000000, p_mean=0.726447, div_rms=7.572e-01, vort_rms=1.847e+00, mass_err=-2.544e-11
step= 11000, t=7.739325, dt=6.461e-04, KE=1.269749e-01, Mt=0.5123, A_K=0.137, Cuv=0.213, P_in=3.062e-03, P_tgt=3.059e-03, A_F=0.205, K_low=0.151, P_drag=-3.672e-03, P_cool=-6.191e-03, WENO=0.172 (x=0.172, y=0.172), ReL2D=104.58, eps_nu=6.179e-03, P_hv=9.947e-05, rho_mean=1.000000, p_mean=0.726668, div_rms=7.449e-01, vort_rms=1.829e+00, mass_err=-2.604e-11
step= 11250, t=7.901512, dt=6.576e-04, KE=1.256548e-01, Mt=0.5090, A_K=0.131, Cuv=0.240, P_in=2.882e-03, P_tgt=2.906e-03, A_F=0.047, K_low=0.155, P_drag=-3.691e-03, P_cool=-6.230e-03, WENO=0.167 (x=0.167, y=0.167), ReL2D=104.15, eps_nu=6.078e-03, P_hv=1.082e-04, rho_mean=1.000000, p_mean=0.726746, div_rms=7.476e-01, vort_rms=1.809e+00, mass_err=-2.663e-11
step= 11500, t=8.067276, dt=6.650e-04, KE=1.249948e-01, Mt=0.5071, A_K=0.128, Cuv=0.258, P_in=2.805e-03, P_tgt=2.795e-03, A_F=0.086, K_low=0.155, P_drag=-3.661e-03, P_cool=-6.129e-03, WENO=0.161 (x=0.161, y=0.161), ReL2D=104.28, eps_nu=6.022e-03, P_hv=1.021e-04, rho_mean=1.000000, p_mean=0.726543, div_rms=7.587e-01, vort_rms=1.793e+00, mass_err=-2.723e-11
step= 11750, t=8.233730, dt=6.646e-04, KE=1.242755e-01, Mt=0.5056, A_K=0.134, Cuv=0.266, P_in=2.693e-03, P_tgt=2.709e-03, A_F=0.189, K_low=0.154, P_drag=-3.597e-03, P_cool=-6.039e-03, WENO=0.155 (x=0.155, y=0.155), ReL2D=104.37, eps_nu=6.006e-03, P_hv=9.429e-05, rho_mean=1.000000, p_mean=0.726363, div_rms=7.848e-01, vort_rms=1.775e+00, mass_err=-2.782e-11
step= 12000, t=8.400777, dt=6.687e-04, KE=1.226917e-01, Mt=0.5028, A_K=0.147, Cuv=0.269, P_in=2.640e-03, P_tgt=2.652e-03, A_F=0.127, K_low=0.153, P_drag=-3.523e-03, P_cool=-6.121e-03, WENO=0.149 (x=0.149, y=0.149), ReL2D=105.02, eps_nu=5.864e-03, P_hv=8.681e-05, rho_mean=1.000000, p_mean=0.726528, div_rms=7.819e-01, vort_rms=1.750e+00, mass_err=-2.842e-11
step= 12250, t=8.567913, dt=6.680e-04, KE=1.203621e-01, Mt=0.4988, A_K=0.158, Cuv=0.274, P_in=2.636e-03, P_tgt=2.640e-03, A_F=0.151, K_low=0.154, P_drag=-3.455e-03, P_cool=-6.351e-03, WENO=0.146 (x=0.146, y=0.146), ReL2D=105.98, eps_nu=5.653e-03, P_hv=8.273e-05, rho_mean=1.000000, p_mean=0.726987, div_rms=7.575e-01, vort_rms=1.724e+00, mass_err=-2.901e-11
step= 12500, t=8.735292, dt=6.724e-04, KE=1.172751e-01, Mt=0.4939, A_K=0.156, Cuv=0.285, P_in=2.682e-03, P_tgt=2.689e-03, A_F=0.147, K_low=0.158, P_drag=-3.427e-03, P_cool=-6.725e-03, WENO=0.143 (x=0.143, y=0.143), ReL2D=107.09, eps_nu=5.399e-03, P_hv=8.061e-05, rho_mean=1.000000, p_mean=0.727737, div_rms=7.123e-01, vort_rms=1.701e+00, mass_err=-2.961e-11
saved snapshot: results/hit2d/thesis_hit_campaign_v1/mach_Mt050_N256_seed1234/hit2d_step0012500.npz
step= 12750, t=8.904379, dt=6.802e-04, KE=1.142836e-01, Mt=0.4896, A_K=0.145, Cuv=0.294, P_in=2.831e-03, P_tgt=2.807e-03, A_F=0.031, K_low=0.166, P_drag=-3.463e-03, P_cool=-7.069e-03, WENO=0.151 (x=0.151, y=0.151), ReL2D=108.29, eps_nu=5.218e-03, P_hv=7.422e-05, rho_mean=1.000000, p_mean=0.728424, div_rms=6.875e-01, vort_rms=1.679e+00, mass_err=-3.020e-11
step= 13000, t=9.075883, dt=6.918e-04, KE=1.123756e-01, Mt=0.4876, A_K=0.133, Cuv=0.295, P_in=2.983e-03, P_tgt=2.980e-03, A_F=0.000, K_low=0.176, P_drag=-3.568e-03, P_cool=-7.187e-03, WENO=0.140 (x=0.140, y=0.140), ReL2D=108.86, eps_nu=5.145e-03, P_hv=7.398e-05, rho_mean=1.000000, p_mean=0.728659, div_rms=6.961e-01, vort_rms=1.660e+00, mass_err=-3.078e-11
step= 13250, t=9.248678, dt=6.925e-04, KE=1.117103e-01, Mt=0.4878, A_K=0.127, Cuv=0.288, P_in=3.234e-03, P_tgt=3.179e-03, A_F=0.061, K_low=0.186, P_drag=-3.726e-03, P_cool=-7.055e-03, WENO=0.142 (x=0.142, y=0.142), ReL2D=108.74, eps_nu=5.158e-03, P_hv=7.314e-05, rho_mean=1.000000, p_mean=0.728395, div_rms=7.247e-01, vort_rms=1.647e+00, mass_err=-3.136e-11
step= 13500, t=9.423443, dt=7.116e-04, KE=1.114876e-01, Mt=0.4879, A_K=0.132, Cuv=0.276, P_in=3.383e-03, P_tgt=3.385e-03, A_F=0.184, K_low=0.195, P_drag=-3.916e-03, P_cool=-6.837e-03, WENO=0.142 (x=0.142, y=0.142), ReL2D=108.34, eps_nu=5.131e-03, P_hv=6.900e-05, rho_mean=1.000000, p_mean=0.727959, div_rms=7.312e-01, vort_rms=1.637e+00, mass_err=-3.195e-11
step= 13750, t=9.602056, dt=7.145e-04, KE=1.114372e-01, Mt=0.4868, A_K=0.139, Cuv=0.259, P_in=3.703e-03, P_tgt=3.612e-03, A_F=0.151, K_low=0.202, P_drag=-4.094e-03, P_cool=-6.585e-03, WENO=0.135 (x=0.135, y=0.135), ReL2D=107.71, eps_nu=5.093e-03, P_hv=6.423e-05, rho_mean=1.000000, p_mean=0.727456, div_rms=7.343e-01, vort_rms=1.628e+00, mass_err=-3.254e-11
step= 14000, t=9.781616, dt=7.244e-04, KE=1.114591e-01, Mt=0.4847, A_K=0.136, Cuv=0.236, P_in=3.877e-03, P_tgt=3.889e-03, A_F=0.180, K_low=0.204, P_drag=-4.201e-03, P_cool=-6.332e-03, WENO=0.134 (x=0.134, y=0.134), ReL2D=107.03, eps_nu=4.998e-03, P_hv=6.115e-05, rho_mean=1.000000, p_mean=0.726950, div_rms=7.257e-01, vort_rms=1.613e+00, mass_err=-3.314e-11
step= 14250, t=9.963108, dt=7.270e-04, KE=1.113445e-01, Mt=0.4820, A_K=0.129, Cuv=0.215, P_in=4.257e-03, P_tgt=4.244e-03, A_F=0.071, K_low=0.201, P_drag=-4.238e-03, P_cool=-6.122e-03, WENO=0.140 (x=0.140, y=0.140), ReL2D=107.28, eps_nu=4.839e-03, P_hv=5.810e-05, rho_mean=1.000000, p_mean=0.726530, div_rms=6.996e-01, vort_rms=1.596e+00, mass_err=-3.373e-11
step= 14500, t=10.143821, dt=7.213e-04, KE=1.106943e-01, Mt=0.4789, A_K=0.132, Cuv=0.202, P_in=4.705e-03, P_tgt=4.707e-03, A_F=0.068, K_low=0.199, P_drag=-4.243e-03, P_cool=-6.041e-03, WENO=0.140 (x=0.140, y=0.140), ReL2D=107.72, eps_nu=4.667e-03, P_hv=5.246e-05, rho_mean=1.000000, p_mean=0.726368, div_rms=6.696e-01, vort_rms=1.577e+00, mass_err=-3.431e-11
step= 14750, t=10.323846, dt=7.192e-04, KE=1.095812e-01, Mt=0.4766, A_K=0.146, Cuv=0.196, P_in=5.322e-03, P_tgt=5.306e-03, A_F=0.156, K_low=0.199, P_drag=-4.238e-03, P_cool=-6.073e-03, WENO=0.145 (x=0.145, y=0.145), ReL2D=107.09, eps_nu=4.534e-03, P_hv=5.074e-05, rho_mean=1.000000, p_mean=0.726431, div_rms=6.443e-01, vort_rms=1.564e+00, mass_err=-3.492e-11
step= 15000, t=10.504230, dt=7.268e-04, KE=1.087792e-01, Mt=0.4757, A_K=0.171, Cuv=0.196, P_in=6.042e-03, P_tgt=6.036e-03, A_F=0.234, K_low=0.199, P_drag=-4.213e-03, P_cool=-6.066e-03, WENO=0.140 (x=0.140, y=0.140), ReL2D=105.98, eps_nu=4.515e-03, P_hv=5.070e-05, rho_mean=1.000000, p_mean=0.726418, div_rms=6.430e-01, vort_rms=1.560e+00, mass_err=-3.551e-11
saved snapshot: results/hit2d/thesis_hit_campaign_v1/mach_Mt050_N256_seed1234/hit2d_step0015000.npz
step= 15250, t=10.687106, dt=7.329e-04, KE=1.081411e-01, Mt=0.4751, A_K=0.192, Cuv=0.203, P_in=6.937e-03, P_tgt=6.896e-03, A_F=0.191, K_low=0.198, P_drag=-4.152e-03, P_cool=-6.056e-03, WENO=0.151 (x=0.151, y=0.151), ReL2D=106.44, eps_nu=4.491e-03, P_hv=5.142e-05, rho_mean=1.000000, p_mean=0.726397, div_rms=6.248e-01, vort_rms=1.565e+00, mass_err=-3.610e-11
warning: flow component anisotropy has increased over the last three diagnostic samples
step= 15500, t=10.869282, dt=7.170e-04, KE=1.077752e-01, Mt=0.4750, A_K=0.216, Cuv=0.212, P_in=8.043e-03, P_tgt=7.890e-03, A_F=0.099, K_low=0.194, P_drag=-4.043e-03, P_cool=-6.029e-03, WENO=0.148 (x=0.148, y=0.148), ReL2D=106.30, eps_nu=4.524e-03, P_hv=5.219e-05, rho_mean=1.000000, p_mean=0.726344, div_rms=6.166e-01, vort_rms=1.576e+00, mass_err=-3.669e-11
warning: flow component anisotropy has increased over the last three diagnostic samples
step= 15750, t=11.045624, dt=6.999e-04, KE=1.075854e-01, Mt=0.4748, A_K=0.227, Cuv=0.214, P_in=9.264e-03, P_tgt=9.028e-03, A_F=0.029, K_low=0.188, P_drag=-3.900e-03, P_cool=-6.014e-03, WENO=0.139 (x=0.139, y=0.139), ReL2D=106.29, eps_nu=4.569e-03, P_hv=5.689e-05, rho_mean=1.000000, p_mean=0.726313, div_rms=6.111e-01, vort_rms=1.589e+00, mass_err=-3.729e-11
warning: flow component anisotropy has increased over the last three diagnostic samples
step= 16000, t=11.222528, dt=7.185e-04, KE=1.075113e-01, Mt=0.4736, A_K=0.236, Cuv=0.202, P_in=1.026e-02, P_tgt=1.038e-02, A_F=0.211, K_low=0.180, P_drag=-3.747e-03, P_cool=-6.023e-03, WENO=0.146 (x=0.146, y=0.146), ReL2D=108.20, eps_nu=4.505e-03, P_hv=5.487e-05, rho_mean=1.000000, p_mean=0.726333, div_rms=5.901e-01, vort_rms=1.586e+00, mass_err=-3.789e-11
step= 16250, t=11.405323, dt=7.415e-04, KE=1.078805e-01, Mt=0.4739, A_K=0.232, Cuv=0.189, P_in=1.197e-02, P_tgt=1.198e-02, A_F=0.036, K_low=0.170, P_drag=-3.578e-03, P_cool=-6.006e-03, WENO=0.144 (x=0.144, y=0.144), ReL2D=110.16, eps_nu=4.561e-03, P_hv=5.197e-05, rho_mean=1.000000, p_mean=0.726297, div_rms=5.856e-01, vort_rms=1.600e+00, mass_err=-3.848e-11
step= 16500, t=11.588381, dt=7.244e-04, KE=1.083484e-01, Mt=0.4750, A_K=0.223, Cuv=0.171, P_in=1.384e-02, P_tgt=1.376e-02, A_F=0.095, K_low=0.160, P_drag=-3.404e-03, P_cool=-6.037e-03, WENO=0.153 (x=0.153, y=0.153), ReL2D=109.20, eps_nu=4.626e-03, P_hv=5.093e-05, rho_mean=1.000000, p_mean=0.726360, div_rms=5.962e-01, vort_rms=1.608e+00, mass_err=-3.907e-11
step= 16750, t=11.771604, dt=7.451e-04, KE=1.088528e-01, Mt=0.4757, A_K=0.233, Cuv=0.141, P_in=1.565e-02, P_tgt=1.572e-02, A_F=0.158, K_low=0.149, P_drag=-3.242e-03, P_cool=-6.133e-03, WENO=0.149 (x=0.149, y=0.149), ReL2D=106.25, eps_nu=4.710e-03, P_hv=4.925e-05, rho_mean=1.000000, p_mean=0.726551, div_rms=6.027e-01, vort_rms=1.622e+00, mass_err=-3.967e-11
warning: flow component anisotropy has increased over the last three diagnostic samples
step= 17000, t=11.958457, dt=7.501e-04, KE=1.101526e-01, Mt=0.4779, A_K=0.246, Cuv=0.115, P_in=1.787e-02, P_tgt=1.782e-02, A_F=0.138, K_low=0.142, P_drag=-3.134e-03, P_cool=-6.154e-03, WENO=0.146 (x=0.146, y=0.146), ReL2D=103.86, eps_nu=4.869e-03, P_hv=5.190e-05, rho_mean=1.000000, p_mean=0.726593, div_rms=6.218e-01, vort_rms=1.645e+00, mass_err=-4.025e-11
step= 17250, t=12.142617, dt=7.307e-04, KE=1.122989e-01, Mt=0.4813, A_K=0.239, Cuv=0.118, P_in=1.985e-02, P_tgt=1.987e-02, A_F=0.091, K_low=0.138, P_drag=-3.102e-03, P_cool=-6.081e-03, WENO=0.141 (x=0.141, y=0.141), ReL2D=103.69, eps_nu=5.035e-03, P_hv=5.905e-05, rho_mean=1.000000, p_mean=0.726448, div_rms=6.453e-01, vort_rms=1.666e+00, mass_err=-4.084e-11
step= 17500, t=12.326083, dt=7.278e-04, KE=1.147634e-01, Mt=0.4848, A_K=0.211, Cuv=0.125, P_in=2.173e-02, P_tgt=2.173e-02, A_F=0.102, K_low=0.136, P_drag=-3.123e-03, P_cool=-6.016e-03, WENO=0.145 (x=0.145, y=0.145), ReL2D=105.83, eps_nu=5.172e-03, P_hv=5.993e-05, rho_mean=1.000000, p_mean=0.726317, div_rms=6.548e-01, vort_rms=1.688e+00, mass_err=-4.144e-11
saved snapshot: results/hit2d/thesis_hit_campaign_v1/mach_Mt050_N256_seed1234/hit2d_step0017500.npz
step= 17750, t=12.504908, dt=7.108e-04, KE=1.177584e-01, Mt=0.4901, A_K=0.179, Cuv=0.112, P_in=2.326e-02, P_tgt=2.322e-02, A_F=0.071, K_low=0.136, P_drag=-3.172e-03, P_cool=-5.897e-03, WENO=0.136 (x=0.136, y=0.136), ReL2D=107.94, eps_nu=5.324e-03, P_hv=6.406e-05, rho_mean=1.000000, p_mean=0.726080, div_rms=6.690e-01, vort_rms=1.710e+00, mass_err=-4.204e-11
step= 18000, t=12.684022, dt=7.044e-04, KE=1.210986e-01, Mt=0.4968, A_K=0.149, Cuv=0.084, P_in=2.394e-02, P_tgt=2.401e-02, A_F=0.025, K_low=0.135, P_drag=-3.220e-03, P_cool=-5.756e-03, WENO=0.133 (x=0.133, y=0.133), ReL2D=110.82, eps_nu=5.442e-03, P_hv=7.004e-05, rho_mean=1.000000, p_mean=0.725797, div_rms=6.761e-01, vort_rms=1.729e+00, mass_err=-4.263e-11
step= 18250, t=12.856701, dt=6.790e-04, KE=1.242295e-01, Mt=0.5036, A_K=0.119, Cuv=0.060, P_in=2.402e-02, P_tgt=2.399e-02, A_F=0.161, K_low=0.134, P_drag=-3.241e-03, P_cool=-5.655e-03, WENO=0.132 (x=0.132, y=0.132), ReL2D=113.36, eps_nu=5.553e-03, P_hv=7.484e-05, rho_mean=1.000000, p_mean=0.725596, div_rms=6.879e-01, vort_rms=1.744e+00, mass_err=-4.323e-11
step= 18500, t=13.025589, dt=6.718e-04, KE=1.265129e-01, Mt=0.5093, A_K=0.098, Cuv=0.060, P_in=2.317e-02, P_tgt=2.322e-02, A_F=0.262, K_low=0.132, P_drag=-3.238e-03, P_cool=-5.700e-03, WENO=0.131 (x=0.131, y=0.131), ReL2D=115.55, eps_nu=5.636e-03, P_hv=8.027e-05, rho_mean=1.000000, p_mean=0.725686, div_rms=6.972e-01, vort_rms=1.755e+00, mass_err=-4.382e-11
step= 18750, t=13.193921, dt=6.774e-04, KE=1.275084e-01, Mt=0.5125, A_K=0.091, Cuv=0.086, P_in=2.200e-02, P_tgt=2.200e-02, A_F=0.107, K_low=0.130, P_drag=-3.224e-03, P_cool=-5.961e-03, WENO=0.142 (x=0.142, y=0.142), ReL2D=117.80, eps_nu=5.679e-03, P_hv=8.189e-05, rho_mean=1.000000, p_mean=0.726207, div_rms=6.928e-01, vort_rms=1.765e+00, mass_err=-4.441e-11
step= 19000, t=13.364548, dt=6.885e-04, KE=1.280036e-01, Mt=0.5144, A_K=0.095, Cuv=0.112, P_in=2.058e-02, P_tgt=2.062e-02, A_F=0.065, K_low=0.131, P_drag=-3.224e-03, P_cool=-6.270e-03, WENO=0.154 (x=0.154, y=0.154), ReL2D=119.24, eps_nu=5.704e-03, P_hv=8.203e-05, rho_mean=1.000000, p_mean=0.726826, div_rms=6.808e-01, vort_rms=1.776e+00, mass_err=-4.501e-11
step= 19250, t=13.538194, dt=6.981e-04, KE=1.292549e-01, Mt=0.5173, A_K=0.100, Cuv=0.132, P_in=1.920e-02, P_tgt=1.912e-02, A_F=0.100, K_low=0.132, P_drag=-3.258e-03, P_cool=-6.377e-03, WENO=0.160 (x=0.160, y=0.160), ReL2D=120.35, eps_nu=5.795e-03, P_hv=8.187e-05, rho_mean=1.000000, p_mean=0.727039, div_rms=6.929e-01, vort_rms=1.787e+00, mass_err=-4.560e-11
step= 19500, t=13.713426, dt=6.987e-04, KE=1.310924e-01, Mt=0.5213, A_K=0.101, Cuv=0.143, P_in=1.742e-02, P_tgt=1.746e-02, A_F=0.072, K_low=0.134, P_drag=-3.319e-03, P_cool=-6.312e-03, WENO=0.155 (x=0.155, y=0.155), ReL2D=121.12, eps_nu=5.874e-03, P_hv=8.154e-05, rho_mean=1.000000, p_mean=0.726911, div_rms=6.972e-01, vort_rms=1.799e+00, mass_err=-4.619e-11
step= 19750, t=13.887183, dt=6.894e-04, KE=1.328231e-01, Mt=0.5247, A_K=0.093, Cuv=0.157, P_in=1.574e-02, P_tgt=1.568e-02, A_F=0.187, K_low=0.136, P_drag=-3.379e-03, P_cool=-6.209e-03, WENO=0.164 (x=0.164, y=0.164), ReL2D=121.23, eps_nu=5.932e-03, P_hv=8.503e-05, rho_mean=1.000000, p_mean=0.726703, div_rms=7.040e-01, vort_rms=1.806e+00, mass_err=-4.677e-11
step= 20000, t=14.058748, dt=6.871e-04, KE=1.337128e-01, Mt=0.5259, A_K=0.078, Cuv=0.180, P_in=1.395e-02, P_tgt=1.393e-02, A_F=0.166, K_low=0.137, P_drag=-3.409e-03, P_cool=-6.208e-03, WENO=0.154 (x=0.154, y=0.154), ReL2D=120.59, eps_nu=5.959e-03, P_hv=8.893e-05, rho_mean=1.000000, p_mean=0.726702, div_rms=7.135e-01, vort_rms=1.806e+00, mass_err=-4.736e-11
saved snapshot: results/hit2d/thesis_hit_campaign_v1/mach_Mt050_N256_seed1234/hit2d_step0020000.npz
step= 20250, t=14.229109, dt=6.754e-04, KE=1.341364e-01, Mt=0.5261, A_K=0.064, Cuv=0.206, P_in=1.233e-02, P_tgt=1.235e-02, A_F=0.009, K_low=0.137, P_drag=-3.406e-03, P_cool=-6.242e-03, WENO=0.138 (x=0.138, y=0.138), ReL2D=119.74, eps_nu=5.979e-03, P_hv=9.652e-05, rho_mean=1.000000, p_mean=0.726770, div_rms=7.187e-01, vort_rms=1.807e+00, mass_err=-4.795e-11
step= 20500, t=14.396822, dt=6.672e-04, KE=1.344011e-01, Mt=0.5260, A_K=0.055, Cuv=0.230, P_in=1.097e-02, P_tgt=1.094e-02, A_F=0.010, K_low=0.135, P_drag=-3.392e-03, P_cool=-6.257e-03, WENO=0.140 (x=0.140, y=0.140), ReL2D=118.66, eps_nu=5.979e-03, P_hv=1.019e-04, rho_mean=1.000000, p_mean=0.726800, div_rms=7.262e-01, vort_rms=1.803e+00, mass_err=-4.855e-11
step= 20750, t=14.563117, dt=6.633e-04, KE=1.339598e-01, Mt=0.5246, A_K=0.046, Cuv=0.248, P_in=9.793e-03, P_tgt=9.721e-03, A_F=0.098, K_low=0.136, P_drag=-3.404e-03, P_cool=-6.366e-03, WENO=0.132 (x=0.132, y=0.132), ReL2D=119.05, eps_nu=5.895e-03, P_hv=1.060e-04, rho_mean=1.000000, p_mean=0.727018, div_rms=7.142e-01, vort_rms=1.794e+00, mass_err=-4.914e-11
step= 21000, t=14.728438, dt=6.590e-04, KE=1.330040e-01, Mt=0.5225, A_K=0.038, Cuv=0.262, P_in=8.760e-03, P_tgt=8.710e-03, A_F=0.107, K_low=0.141, P_drag=-3.467e-03, P_cool=-6.533e-03, WENO=0.156 (x=0.156, y=0.156), ReL2D=121.39, eps_nu=5.735e-03, P_hv=1.037e-04, rho_mean=1.000000, p_mean=0.727352, div_rms=6.831e-01, vort_rms=1.781e+00, mass_err=-4.973e-11
step= 21250, t=14.892635, dt=6.547e-04, KE=1.327325e-01, Mt=0.5220, A_K=0.034, Cuv=0.266, P_in=7.853e-03, P_tgt=7.851e-03, A_F=0.081, K_low=0.146, P_drag=-3.575e-03, P_cool=-6.527e-03, WENO=0.170 (x=0.170, y=0.170), ReL2D=123.33, eps_nu=5.676e-03, P_hv=9.711e-05, rho_mean=1.000000, p_mean=0.727339, div_rms=6.840e-01, vort_rms=1.769e+00, mass_err=-5.032e-11
step= 21500, t=15.056457, dt=6.578e-04, KE=1.329740e-01, Mt=0.5228, A_K=0.037, Cuv=0.270, P_in=7.074e-03, P_tgt=7.071e-03, A_F=0.142, K_low=0.151, P_drag=-3.722e-03, P_cool=-6.391e-03, WENO=0.172 (x=0.172, y=0.172), ReL2D=124.79, eps_nu=5.655e-03, P_hv=9.337e-05, rho_mean=1.000000, p_mean=0.727067, div_rms=6.915e-01, vort_rms=1.761e+00, mass_err=-5.090e-11
step= 21750, t=15.223894, dt=6.868e-04, KE=1.332878e-01, Mt=0.5243, A_K=0.038, Cuv=0.267, P_in=6.311e-03, P_tgt=6.335e-03, A_F=0.090, K_low=0.158, P_drag=-3.916e-03, P_cool=-6.213e-03, WENO=0.162 (x=0.162, y=0.162), ReL2D=126.68, eps_nu=5.580e-03, P_hv=8.884e-05, rho_mean=1.000000, p_mean=0.726712, div_rms=6.810e-01, vort_rms=1.753e+00, mass_err=-5.150e-11
step= 22000, t=15.397396, dt=6.926e-04, KE=1.333989e-01, Mt=0.5254, A_K=0.043, Cuv=0.252, P_in=5.567e-03, P_tgt=5.641e-03, A_F=0.053, K_low=0.165, P_drag=-4.128e-03, P_cool=-6.047e-03, WENO=0.151 (x=0.151, y=0.151), ReL2D=126.48, eps_nu=5.515e-03, P_hv=8.820e-05, rho_mean=1.000000, p_mean=0.726379, div_rms=6.875e-01, vort_rms=1.737e+00, mass_err=-5.209e-11
step= 22250, t=15.568479, dt=6.779e-04, KE=1.323371e-01, Mt=0.5248, A_K=0.048, Cuv=0.241, P_in=5.003e-03, P_tgt=5.016e-03, A_F=0.010, K_low=0.173, P_drag=-4.298e-03, P_cool=-6.090e-03, WENO=0.150 (x=0.150, y=0.150), ReL2D=126.14, eps_nu=5.420e-03, P_hv=8.483e-05, rho_mean=1.000000, p_mean=0.726467, div_rms=6.923e-01, vort_rms=1.716e+00, mass_err=-5.267e-11
step= 22500, t=15.737689, dt=6.773e-04, KE=1.301860e-01, Mt=0.5221, A_K=0.052, Cuv=0.239, P_in=4.482e-03, P_tgt=4.492e-03, A_F=0.120, K_low=0.180, P_drag=-4.403e-03, P_cool=-6.325e-03, WENO=0.163 (x=0.163, y=0.163), ReL2D=124.94, eps_nu=5.331e-03, P_hv=8.116e-05, rho_mean=1.000000, p_mean=0.726935, div_rms=6.953e-01, vort_rms=1.697e+00, mass_err=-5.327e-11
saved snapshot: results/hit2d/thesis_hit_campaign_v1/mach_Mt050_N256_seed1234/hit2d_step0022500.npz
step= 22750, t=15.908320, dt=6.877e-04, KE=1.277903e-01, Mt=0.5180, A_K=0.058, Cuv=0.246, P_in=4.102e-03, P_tgt=4.085e-03, A_F=0.032, K_low=0.184, P_drag=-4.435e-03, P_cool=-6.580e-03, WENO=0.156 (x=0.156, y=0.156), ReL2D=122.85, eps_nu=5.277e-03, P_hv=7.962e-05, rho_mean=1.000000, p_mean=0.727446, div_rms=7.095e-01, vort_rms=1.679e+00, mass_err=-5.386e-11
step= 23000, t=16.078695, dt=6.719e-04, KE=1.257227e-01, Mt=0.5138, A_K=0.070, Cuv=0.259, P_in=3.801e-03, P_tgt=3.788e-03, A_F=0.049, K_low=0.186, P_drag=-4.409e-03, P_cool=-6.750e-03, WENO=0.156 (x=0.156, y=0.156), ReL2D=121.62, eps_nu=5.199e-03, P_hv=7.858e-05, rho_mean=1.000000, p_mean=0.727786, div_rms=7.105e-01, vort_rms=1.663e+00, mass_err=-5.444e-11
step= 23250, t=16.245151, dt=6.604e-04, KE=1.245529e-01, Mt=0.5109, A_K=0.078, Cuv=0.270, P_in=3.560e-03, P_tgt=3.570e-03, A_F=0.164, K_low=0.185, P_drag=-4.368e-03, P_cool=-6.735e-03, WENO=0.152 (x=0.152, y=0.152), ReL2D=120.26, eps_nu=5.172e-03, P_hv=7.601e-05, rho_mean=1.000000, p_mean=0.727756, div_rms=7.172e-01, vort_rms=1.654e+00, mass_err=-5.504e-11
step= 23500, t=16.409989, dt=6.617e-04, KE=1.239712e-01, Mt=0.5084, A_K=0.082, Cuv=0.269, P_in=3.404e-03, P_tgt=3.406e-03, A_F=0.078, K_low=0.184, P_drag=-4.346e-03, P_cool=-6.602e-03, WENO=0.151 (x=0.151, y=0.151), ReL2D=119.13, eps_nu=5.141e-03, P_hv=7.391e-05, rho_mean=1.000000, p_mean=0.727490, div_rms=7.211e-01, vort_rms=1.645e+00, mass_err=-5.563e-11
step= 23750, t=16.576546, dt=6.741e-04, KE=1.233455e-01, Mt=0.5057, A_K=0.085, Cuv=0.258, P_in=3.281e-03, P_tgt=3.291e-03, A_F=0.001, K_low=0.185, P_drag=-4.387e-03, P_cool=-6.476e-03, WENO=0.155 (x=0.155, y=0.155), ReL2D=118.12, eps_nu=5.064e-03, P_hv=6.901e-05, rho_mean=1.000000, p_mean=0.727239, div_rms=7.094e-01, vort_rms=1.636e+00, mass_err=-5.621e-11
step= 24000, t=16.748116, dt=6.845e-04, KE=1.221754e-01, Mt=0.5015, A_K=0.099, Cuv=0.250, P_in=3.240e-03, P_tgt=3.230e-03, A_F=0.065, K_low=0.192, P_drag=-4.515e-03, P_cool=-6.468e-03, WENO=0.141 (x=0.141, y=0.141), ReL2D=117.96, eps_nu=4.894e-03, P_hv=6.482e-05, rho_mean=1.000000, p_mean=0.727222, div_rms=6.738e-01, vort_rms=1.622e+00, mass_err=-5.679e-11
step= 24250, t=16.918379, dt=6.876e-04, KE=1.209343e-01, Mt=0.4975, A_K=0.111, Cuv=0.241, P_in=3.207e-03, P_tgt=3.240e-03, A_F=0.104, K_low=0.201, P_drag=-4.710e-03, P_cool=-6.452e-03, WENO=0.153 (x=0.153, y=0.153), ReL2D=116.88, eps_nu=4.787e-03, P_hv=6.152e-05, rho_mean=1.000000, p_mean=0.727190, div_rms=6.584e-01, vort_rms=1.609e+00, mass_err=-5.738e-11
step= 24500, t=17.092387, dt=7.016e-04, KE=1.201965e-01, Mt=0.4950, A_K=0.116, Cuv=0.235, P_in=3.273e-03, P_tgt=3.304e-03, A_F=0.002, K_low=0.212, P_drag=-4.956e-03, P_cool=-6.325e-03, WENO=0.132 (x=0.132, y=0.132), ReL2D=116.62, eps_nu=4.709e-03, P_hv=6.084e-05, rho_mean=1.000000, p_mean=0.726936, div_rms=6.495e-01, vort_rms=1.597e+00, mass_err=-5.798e-11
step= 24750, t=17.269206, dt=7.130e-04, KE=1.198701e-01, Mt=0.4940, A_K=0.119, Cuv=0.229, P_in=3.405e-03, P_tgt=3.400e-03, A_F=0.135, K_low=0.224, P_drag=-5.231e-03, P_cool=-6.110e-03, WENO=0.125 (x=0.125, y=0.125), ReL2D=116.23, eps_nu=4.621e-03, P_hv=6.204e-05, rho_mean=1.000000, p_mean=0.726505, div_rms=6.454e-01, vort_rms=1.581e+00, mass_err=-5.856e-11
step= 25000, t=17.448285, dt=7.159e-04, KE=1.195419e-01, Mt=0.4937, A_K=0.114, Cuv=0.228, P_in=3.464e-03, P_tgt=3.509e-03, A_F=0.028, K_low=0.238, P_drag=-5.521e-03, P_cool=-5.890e-03, WENO=0.140 (x=0.140, y=0.140), ReL2D=115.95, eps_nu=4.534e-03, P_hv=6.032e-05, rho_mean=1.000000, p_mean=0.726067, div_rms=6.434e-01, vort_rms=1.564e+00, mass_err=-5.916e-11
saved snapshot: results/hit2d/thesis_hit_campaign_v1/mach_Mt050_N256_seed1234/hit2d_step0025000.npz
step= 25250, t=17.627519, dt=7.173e-04, KE=1.187696e-01, Mt=0.4930, A_K=0.104, Cuv=0.228, P_in=3.622e-03, P_tgt=3.629e-03, A_F=0.290, K_low=0.253, P_drag=-5.792e-03, P_cool=-5.758e-03, WENO=0.137 (x=0.137, y=0.137), ReL2D=117.77, eps_nu=4.441e-03, P_hv=5.751e-05, rho_mean=1.000000, p_mean=0.725801, div_rms=6.285e-01, vort_rms=1.552e+00, mass_err=-5.975e-11
step= 25500, t=17.807135, dt=7.241e-04, KE=1.183153e-01, Mt=0.4927, A_K=0.088, Cuv=0.218, P_in=3.796e-03, P_tgt=3.765e-03, A_F=0.128, K_low=0.264, P_drag=-6.023e-03, P_cool=-5.574e-03, WENO=0.147 (x=0.147, y=0.147), ReL2D=118.08, eps_nu=4.427e-03, P_hv=5.567e-05, rho_mean=1.000000, p_mean=0.725434, div_rms=6.252e-01, vort_rms=1.551e+00, mass_err=-6.035e-11
step= 25750, t=17.989804, dt=7.325e-04, KE=1.179718e-01, Mt=0.4906, A_K=0.072, Cuv=0.186, P_in=4.000e-03, P_tgt=3.928e-03, A_F=0.204, K_low=0.272, P_drag=-6.227e-03, P_cool=-5.359e-03, WENO=0.147 (x=0.147, y=0.147), ReL2D=119.33, eps_nu=4.303e-03, P_hv=5.512e-05, rho_mean=1.000000, p_mean=0.725004, div_rms=6.138e-01, vort_rms=1.531e+00, mass_err=-6.094e-11
step= 26000, t=18.171832, dt=7.223e-04, KE=1.175338e-01, Mt=0.4878, A_K=0.053, Cuv=0.161, P_in=4.154e-03, P_tgt=4.153e-03, A_F=0.044, K_low=0.279, P_drag=-6.432e-03, P_cool=-5.172e-03, WENO=0.146 (x=0.146, y=0.146), ReL2D=119.83, eps_nu=4.196e-03, P_hv=5.365e-05, rho_mean=1.000000, p_mean=0.724629, div_rms=5.936e-01, vort_rms=1.518e+00, mass_err=-6.153e-11
step= 26250, t=18.351947, dt=7.090e-04, KE=1.166682e-01, Mt=0.4848, A_K=0.034, Cuv=0.140, P_in=4.481e-03, P_tgt=4.459e-03, A_F=0.074, K_low=0.287, P_drag=-6.645e-03, P_cool=-5.081e-03, WENO=0.140 (x=0.140, y=0.140), ReL2D=120.60, eps_nu=4.097e-03, P_hv=5.278e-05, rho_mean=1.000000, p_mean=0.724447, div_rms=5.722e-01, vort_rms=1.508e+00, mass_err=-6.214e-11
step= 26500, t=18.527330, dt=7.021e-04, KE=1.152703e-01, Mt=0.4820, A_K=0.016, Cuv=0.122, P_in=4.888e-03, P_tgt=4.867e-03, A_F=0.100, K_low=0.298, P_drag=-6.863e-03, P_cool=-5.109e-03, WENO=0.138 (x=0.138, y=0.138), ReL2D=120.55, eps_nu=4.000e-03, P_hv=5.478e-05, rho_mean=1.000000, p_mean=0.724503, div_rms=5.521e-01, vort_rms=1.496e+00, mass_err=-6.274e-11
step= 26750, t=18.704067, dt=7.134e-04, KE=1.135670e-01, Mt=0.4795, A_K=0.009, Cuv=0.100, P_in=5.333e-03, P_tgt=5.390e-03, A_F=0.120, K_low=0.313, P_drag=-7.094e-03, P_cool=-5.201e-03, WENO=0.151 (x=0.151, y=0.151), ReL2D=120.93, eps_nu=3.911e-03, P_hv=5.275e-05, rho_mean=1.000000, p_mean=0.724688, div_rms=5.358e-01, vort_rms=1.485e+00, mass_err=-6.334e-11
step= 27000, t=18.884801, dt=7.268e-04, KE=1.120915e-01, Mt=0.4775, A_K=0.038, Cuv=0.080, P_in=6.082e-03, P_tgt=6.049e-03, A_F=0.292, K_low=0.328, P_drag=-7.318e-03, P_cool=-5.253e-03, WENO=0.153 (x=0.153, y=0.153), ReL2D=120.18, eps_nu=3.856e-03, P_hv=4.872e-05, rho_mean=1.000000, p_mean=0.724792, div_rms=5.364e-01, vort_rms=1.472e+00, mass_err=-6.393e-11
step= 27250, t=19.067242, dt=7.345e-04, KE=1.111402e-01, Mt=0.4769, A_K=0.068, Cuv=0.070, P_in=6.785e-03, P_tgt=6.838e-03, A_F=0.057, K_low=0.342, P_drag=-7.509e-03, P_cool=-5.218e-03, WENO=0.161 (x=0.161, y=0.161), ReL2D=118.79, eps_nu=3.874e-03, P_hv=4.984e-05, rho_mean=1.000000, p_mean=0.724721, div_rms=5.522e-01, vort_rms=1.468e+00, mass_err=-6.453e-11
step= 27500, t=19.252714, dt=7.459e-04, KE=1.103288e-01, Mt=0.4765, A_K=0.095, Cuv=0.076, P_in=7.731e-03, P_tgt=7.749e-03, A_F=0.006, K_low=0.355, P_drag=-7.660e-03, P_cool=-5.177e-03, WENO=0.164 (x=0.164, y=0.164), ReL2D=118.09, eps_nu=3.913e-03, P_hv=4.814e-05, rho_mean=1.000000, p_mean=0.724640, div_rms=5.585e-01, vort_rms=1.474e+00, mass_err=-6.512e-11
saved snapshot: results/hit2d/thesis_hit_campaign_v1/mach_Mt050_N256_seed1234/hit2d_step0027500.npz
step= 27750, t=19.438820, dt=7.436e-04, KE=1.095556e-01, Mt=0.4756, A_K=0.111, Cuv=0.079, P_in=8.843e-03, P_tgt=8.809e-03, A_F=0.066, K_low=0.364, P_drag=-7.745e-03, P_cool=-5.160e-03, WENO=0.159 (x=0.159, y=0.159), ReL2D=117.01, eps_nu=3.941e-03, P_hv=4.853e-05, rho_mean=1.000000, p_mean=0.724606, div_rms=5.556e-01, vort_rms=1.481e+00, mass_err=-6.572e-11
step= 28000, t=19.624896, dt=7.446e-04, KE=1.088761e-01, Mt=0.4739, A_K=0.130, Cuv=0.072, P_in=1.011e-02, P_tgt=1.009e-02, A_F=0.179, K_low=0.369, P_drag=-7.788e-03, P_cool=-5.166e-03, WENO=0.172 (x=0.172, y=0.172), ReL2D=115.09, eps_nu=3.964e-03, P_hv=4.843e-05, rho_mean=1.000000, p_mean=0.724618, div_rms=5.592e-01, vort_rms=1.485e+00, mass_err=-6.631e-11
step= 28250, t=19.810323, dt=7.404e-04, KE=1.084090e-01, Mt=0.4726, A_K=0.144, Cuv=0.060, P_in=1.171e-02, P_tgt=1.168e-02, A_F=0.057, K_low=0.373, P_drag=-7.825e-03, P_cool=-5.180e-03, WENO=0.166 (x=0.166, y=0.166), ReL2D=113.98, eps_nu=4.019e-03, P_hv=5.041e-05, rho_mean=1.000000, p_mean=0.724646, div_rms=5.573e-01, vort_rms=1.498e+00, mass_err=-6.691e-11
step= 28500, t=19.996782, dt=7.564e-04, KE=1.081526e-01, Mt=0.4723, A_K=0.159, Cuv=0.045, P_in=1.365e-02, P_tgt=1.358e-02, A_F=0.047, K_low=0.379, P_drag=-7.874e-03, P_cool=-5.215e-03, WENO=0.161 (x=0.161, y=0.161), ReL2D=114.62, eps_nu=4.058e-03, P_hv=5.226e-05, rho_mean=1.000000, p_mean=0.724716, div_rms=5.486e-01, vort_rms=1.511e+00, mass_err=-6.751e-11
step= 28750, t=20.185941, dt=7.424e-04, KE=1.082588e-01, Mt=0.4733, A_K=0.172, Cuv=0.025, P_in=1.568e-02, P_tgt=1.575e-02, A_F=0.124, K_low=0.381, P_drag=-7.888e-03, P_cool=-5.252e-03, WENO=0.161 (x=0.161, y=0.161), ReL2D=114.40, eps_nu=4.134e-03, P_hv=5.162e-05, rho_mean=1.000000, p_mean=0.724790, div_rms=5.433e-01, vort_rms=1.530e+00, mass_err=-6.810e-11
step= 29000, t=20.370270, dt=7.378e-04, KE=1.090722e-01, Mt=0.4749, A_K=0.180, Cuv=-0.010, P_in=1.806e-02, P_tgt=1.812e-02, A_F=0.112, K_low=0.375, P_drag=-7.820e-03, P_cool=-5.232e-03, WENO=0.152 (x=0.152, y=0.152), ReL2D=113.91, eps_nu=4.229e-03, P_hv=5.556e-05, rho_mean=1.000000, p_mean=0.724750, div_rms=5.516e-01, vort_rms=1.546e+00, mass_err=-6.870e-11
step= 29250, t=20.554112, dt=7.324e-04, KE=1.103254e-01, Mt=0.4772, A_K=0.172, Cuv=-0.040, P_in=2.064e-02, P_tgt=2.062e-02, A_F=0.037, K_low=0.361, P_drag=-7.659e-03, P_cool=-5.219e-03, WENO=0.152 (x=0.152, y=0.152), ReL2D=113.80, eps_nu=4.337e-03, P_hv=5.795e-05, rho_mean=1.000000, p_mean=0.724724, div_rms=5.631e-01, vort_rms=1.564e+00, mass_err=-6.929e-11
step= 29500, t=20.735891, dt=7.244e-04, KE=1.119956e-01, Mt=0.4807, A_K=0.151, Cuv=-0.058, P_in=2.307e-02, P_tgt=2.308e-02, A_F=0.141, K_low=0.344, P_drag=-7.436e-03, P_cool=-5.219e-03, WENO=0.157 (x=0.157, y=0.157), ReL2D=114.58, eps_nu=4.454e-03, P_hv=5.838e-05, rho_mean=1.000000, p_mean=0.724723, div_rms=5.711e-01, vort_rms=1.584e+00, mass_err=-6.988e-11
step= 29750, t=20.916677, dt=7.251e-04, KE=1.142034e-01, Mt=0.4853, A_K=0.142, Cuv=-0.072, P_in=2.555e-02, P_tgt=2.525e-02, A_F=0.079, K_low=0.325, P_drag=-7.195e-03, P_cool=-5.201e-03, WENO=0.158 (x=0.158, y=0.158), ReL2D=113.86, eps_nu=4.612e-03, P_hv=5.590e-05, rho_mean=1.000000, p_mean=0.724688, div_rms=5.994e-01, vort_rms=1.603e+00, mass_err=-7.048e-11
step= 30000, t=21.098003, dt=7.225e-04, KE=1.161536e-01, Mt=0.4896, A_K=0.137, Cuv=-0.077, P_in=2.692e-02, P_tgt=2.696e-02, A_F=0.126, K_low=0.308, P_drag=-6.932e-03, P_cool=-5.316e-03, WENO=0.145 (x=0.145, y=0.145), ReL2D=113.26, eps_nu=4.698e-03, P_hv=5.580e-05, rho_mean=1.000000, p_mean=0.724918, div_rms=5.993e-01, vort_rms=1.621e+00, mass_err=-7.108e-11
saved snapshot: results/hit2d/thesis_hit_campaign_v1/mach_Mt050_N256_seed1234/hit2d_step0030000.npz
step= 30250, t=21.278465, dt=7.196e-04, KE=1.182365e-01, Mt=0.4952, A_K=0.119, Cuv=-0.077, P_in=2.801e-02, P_tgt=2.805e-02, A_F=0.022, K_low=0.293, P_drag=-6.714e-03, P_cool=-5.456e-03, WENO=0.142 (x=0.142, y=0.142), ReL2D=113.63, eps_nu=4.823e-03, P_hv=5.691e-05, rho_mean=1.000000, p_mean=0.725197, div_rms=6.031e-01, vort_rms=1.645e+00, mass_err=-7.166e-11
step= 30500, t=21.459257, dt=7.261e-04, KE=1.208407e-01, Mt=0.5019, A_K=0.108, Cuv=-0.056, P_in=2.837e-02, P_tgt=2.826e-02, A_F=0.066, K_low=0.280, P_drag=-6.556e-03, P_cool=-5.520e-03, WENO=0.151 (x=0.151, y=0.151), ReL2D=114.19, eps_nu=5.030e-03, P_hv=6.108e-05, rho_mean=1.000000, p_mean=0.725325, div_rms=6.310e-01, vort_rms=1.672e+00, mass_err=-7.226e-11
step= 30750, t=21.637707, dt=7.026e-04, KE=1.236273e-01, Mt=0.5088, A_K=0.120, Cuv=-0.019, P_in=2.746e-02, P_tgt=2.753e-02, A_F=0.033, K_low=0.268, P_drag=-6.444e-03, P_cool=-5.534e-03, WENO=0.160 (x=0.160, y=0.160), ReL2D=114.97, eps_nu=5.215e-03, P_hv=6.196e-05, rho_mean=1.000000, p_mean=0.725353, div_rms=6.414e-01, vort_rms=1.703e+00, mass_err=-7.285e-11
step= 31000, t=21.810971, dt=6.809e-04, KE=1.267024e-01, Mt=0.5152, A_K=0.146, Cuv=0.030, P_in=2.591e-02, P_tgt=2.598e-02, A_F=0.189, K_low=0.255, P_drag=-6.329e-03, P_cool=-5.436e-03, WENO=0.150 (x=0.150, y=0.150), ReL2D=115.27, eps_nu=5.403e-03, P_hv=6.945e-05, rho_mean=1.000000, p_mean=0.725157, div_rms=6.539e-01, vort_rms=1.733e+00, mass_err=-7.345e-11
step= 31250, t=21.979052, dt=6.676e-04, KE=1.297132e-01, Mt=0.5202, A_K=0.179, Cuv=0.063, P_in=2.376e-02, P_tgt=2.387e-02, A_F=0.044, K_low=0.241, P_drag=-6.185e-03, P_cool=-5.281e-03, WENO=0.159 (x=0.159, y=0.159), ReL2D=115.34, eps_nu=5.589e-03, P_hv=7.129e-05, rho_mean=1.000000, p_mean=0.724847, div_rms=6.753e-01, vort_rms=1.757e+00, mass_err=-7.404e-11
warning: flow component anisotropy has increased over the last three diagnostic samples
step= 31500, t=22.145619, dt=6.656e-04, KE=1.318212e-01, Mt=0.5235, A_K=0.211, Cuv=0.085, P_in=2.137e-02, P_tgt=2.153e-02, A_F=0.137, K_low=0.228, P_drag=-6.015e-03, P_cool=-5.236e-03, WENO=0.159 (x=0.159, y=0.159), ReL2D=115.43, eps_nu=5.785e-03, P_hv=7.265e-05, rho_mean=1.000000, p_mean=0.724757, div_rms=6.982e-01, vort_rms=1.782e+00, mass_err=-7.463e-11
warning: flow component anisotropy has increased over the last three diagnostic samples
step= 31750, t=22.310438, dt=6.518e-04, KE=1.326591e-01, Mt=0.5246, A_K=0.223, Cuv=0.102, P_in=1.926e-02, P_tgt=1.923e-02, A_F=0.095, K_low=0.219, P_drag=-5.860e-03, P_cool=-5.371e-03, WENO=0.172 (x=0.172, y=0.172), ReL2D=115.03, eps_nu=5.937e-03, P_hv=7.306e-05, rho_mean=1.000000, p_mean=0.725027, div_rms=7.136e-01, vort_rms=1.802e+00, mass_err=-7.522e-11
step= 32000, t=22.473702, dt=6.538e-04, KE=1.324699e-01, Mt=0.5248, A_K=0.221, Cuv=0.116, P_in=1.714e-02, P_tgt=1.714e-02, A_F=0.160, K_low=0.215, P_drag=-5.748e-03, P_cool=-5.635e-03, WENO=0.169 (x=0.169, y=0.169), ReL2D=115.71, eps_nu=6.008e-03, P_hv=7.550e-05, rho_mean=1.000000, p_mean=0.725555, div_rms=7.242e-01, vort_rms=1.809e+00, mass_err=-7.581e-11
step= 32250, t=22.636445, dt=6.498e-04, KE=1.319886e-01, Mt=0.5254, A_K=0.207, Cuv=0.134, P_in=1.509e-02, P_tgt=1.525e-02, A_F=0.111, K_low=0.215, P_drag=-5.681e-03, P_cool=-5.887e-03, WENO=0.160 (x=0.160, y=0.160), ReL2D=116.42, eps_nu=6.037e-03, P_hv=8.273e-05, rho_mean=1.000000, p_mean=0.726060, div_rms=7.349e-01, vort_rms=1.809e+00, mass_err=-7.640e-11
step= 32500, t=22.798966, dt=6.527e-04, KE=1.314805e-01, Mt=0.5260, A_K=0.178, Cuv=0.145, P_in=1.351e-02, P_tgt=1.354e-02, A_F=0.120, K_low=0.217, P_drag=-5.648e-03, P_cool=-6.081e-03, WENO=0.154 (x=0.154, y=0.154), ReL2D=117.15, eps_nu=6.019e-03, P_hv=8.839e-05, rho_mean=1.000000, p_mean=0.726448, div_rms=7.356e-01, vort_rms=1.805e+00, mass_err=-7.699e-11
saved snapshot: results/hit2d/thesis_hit_campaign_v1/mach_Mt050_N256_seed1234/hit2d_step0032500.npz
step= 32750, t=22.962937, dt=6.587e-04, KE=1.311804e-01, Mt=0.5263, A_K=0.149, Cuv=0.153, P_in=1.198e-02, P_tgt=1.199e-02, A_F=0.257, K_low=0.218, P_drag=-5.632e-03, P_cool=-6.176e-03, WENO=0.152 (x=0.152, y=0.152), ReL2D=118.09, eps_nu=5.974e-03, P_hv=8.937e-05, rho_mean=1.000000, p_mean=0.726638, div_rms=7.234e-01, vort_rms=1.804e+00, mass_err=-7.758e-11
step= 33000, t=23.127660, dt=6.582e-04, KE=1.313829e-01, Mt=0.5264, A_K=0.121, Cuv=0.159, P_in=1.062e-02, P_tgt=1.061e-02, A_F=0.137, K_low=0.218, P_drag=-5.619e-03, P_cool=-6.120e-03, WENO=0.170 (x=0.170, y=0.170), ReL2D=118.76, eps_nu=5.990e-03, P_hv=8.495e-05, rho_mean=1.000000, p_mean=0.726526, div_rms=7.388e-01, vort_rms=1.798e+00, mass_err=-7.817e-11
step= 33250, t=23.291651, dt=6.520e-04, KE=1.311323e-01, Mt=0.5247, A_K=0.092, Cuv=0.171, P_in=9.442e-03, P_tgt=9.418e-03, A_F=0.201, K_low=0.218, P_drag=-5.598e-03, P_cool=-6.111e-03, WENO=0.172 (x=0.172, y=0.172), ReL2D=119.25, eps_nu=5.956e-03, P_hv=8.151e-05, rho_mean=1.000000, p_mean=0.726508, div_rms=7.383e-01, vort_rms=1.792e+00, mass_err=-7.876e-11
step= 33500, t=23.454149, dt=6.479e-04, KE=1.301078e-01, Mt=0.5218, A_K=0.066, Cuv=0.181, P_in=8.428e-03, P_tgt=8.444e-03, A_F=0.127, K_low=0.220, P_drag=-5.558e-03, P_cool=-6.220e-03, WENO=0.167 (x=0.167, y=0.167), ReL2D=118.33, eps_nu=5.958e-03, P_hv=8.288e-05, rho_mean=1.000000, p_mean=0.726726, div_rms=7.386e-01, vort_rms=1.792e+00, mass_err=-7.934e-11
step= 33750, t=23.615268, dt=6.461e-04, KE=1.282887e-01, Mt=0.5183, A_K=0.043, Cuv=0.194, P_in=7.700e-03, P_tgt=7.681e-03, A_F=0.112, K_low=0.224, P_drag=-5.492e-03, P_cool=-6.458e-03, WENO=0.174 (x=0.174, y=0.174), ReL2D=116.24, eps_nu=5.967e-03, P_hv=8.374e-05, rho_mean=1.000000, p_mean=0.727201, div_rms=7.400e-01, vort_rms=1.793e+00, mass_err=-7.993e-11
step= 34000, t=23.776844, dt=6.471e-04, KE=1.260950e-01, Mt=0.5148, A_K=0.018, Cuv=0.217, P_in=7.170e-03, P_tgt=7.102e-03, A_F=0.042, K_low=0.226, P_drag=-5.393e-03, P_cool=-6.744e-03, WENO=0.177 (x=0.177, y=0.177), ReL2D=114.14, eps_nu=5.938e-03, P_hv=8.956e-05, rho_mean=1.000000, p_mean=0.727774, div_rms=7.283e-01, vort_rms=1.794e+00, mass_err=-8.052e-11
step= 34250, t=23.938184, dt=6.433e-04, KE=1.246801e-01, Mt=0.5135, A_K=0.001, Cuv=0.239, P_in=6.603e-03, P_tgt=6.640e-03, A_F=0.220, K_low=0.225, P_drag=-5.265e-03, P_cool=-6.857e-03, WENO=0.170 (x=0.170, y=0.170), ReL2D=111.39, eps_nu=5.959e-03, P_hv=9.786e-05, rho_mean=1.000000, p_mean=0.728001, div_rms=7.363e-01, vort_rms=1.794e+00, mass_err=-8.109e-11
step= 34500, t=24.099665, dt=6.494e-04, KE=1.236601e-01, Mt=0.5125, A_K=0.011, Cuv=0.255, P_in=6.247e-03, P_tgt=6.237e-03, A_F=0.211, K_low=0.223, P_drag=-5.137e-03, P_cool=-6.881e-03, WENO=0.166 (x=0.166, y=0.166), ReL2D=110.68, eps_nu=5.873e-03, P_hv=1.033e-04, rho_mean=1.000000, p_mean=0.728048, div_rms=7.290e-01, vort_rms=1.782e+00, mass_err=-8.168e-11
step= 34750, t=24.263318, dt=6.598e-04, KE=1.228780e-01, Mt=0.5114, A_K=0.018, Cuv=0.264, P_in=5.774e-03, P_tgt=5.889e-03, A_F=0.144, K_low=0.220, P_drag=-5.034e-03, P_cool=-6.848e-03, WENO=0.170 (x=0.170, y=0.170), ReL2D=111.89, eps_nu=5.756e-03, P_hv=1.014e-04, rho_mean=1.000000, p_mean=0.727981, div_rms=7.227e-01, vort_rms=1.764e+00, mass_err=-8.226e-11
step= 35000, t=24.430041, dt=6.755e-04, KE=1.222524e-01, Mt=0.5114, A_K=0.021, Cuv=0.266, P_in=5.577e-03, P_tgt=5.577e-03, A_F=0.040, K_low=0.218, P_drag=-4.962e-03, P_cool=-6.774e-03, WENO=0.179 (x=0.179, y=0.179), ReL2D=113.62, eps_nu=5.660e-03, P_hv=9.771e-05, rho_mean=1.000000, p_mean=0.727834, div_rms=7.151e-01, vort_rms=1.750e+00, mass_err=-8.284e-11
saved snapshot: results/hit2d/thesis_hit_campaign_v1/mach_Mt050_N256_seed1234/hit2d_step0035000.npz
step= 35250, t=24.601620, dt=6.956e-04, KE=1.218439e-01, Mt=0.5128, A_K=0.018, Cuv=0.260, P_in=5.303e-03, P_tgt=5.263e-03, A_F=0.059, K_low=0.217, P_drag=-4.912e-03, P_cool=-6.645e-03, WENO=0.166 (x=0.166, y=0.166), ReL2D=113.21, eps_nu=5.661e-03, P_hv=9.521e-05, rho_mean=1.000000, p_mean=0.727576, div_rms=7.321e-01, vort_rms=1.740e+00, mass_err=-8.342e-11
step= 35500, t=24.777287, dt=7.022e-04, KE=1.211553e-01, Mt=0.5132, A_K=0.018, Cuv=0.244, P_in=4.931e-03, P_tgt=4.939e-03, A_F=0.067, K_low=0.216, P_drag=-4.865e-03, P_cool=-6.560e-03, WENO=0.155 (x=0.155, y=0.155), ReL2D=111.70, eps_nu=5.688e-03, P_hv=9.698e-05, rho_mean=1.000000, p_mean=0.727406, div_rms=7.638e-01, vort_rms=1.727e+00, mass_err=-8.401e-11
step= 35750, t=24.953175, dt=7.039e-04, KE=1.200787e-01, Mt=0.5109, A_K=0.025, Cuv=0.218, P_in=4.646e-03, P_tgt=4.655e-03, A_F=0.085, K_low=0.215, P_drag=-4.806e-03, P_cool=-6.544e-03, WENO=0.147 (x=0.147, y=0.147), ReL2D=110.23, eps_nu=5.677e-03, P_hv=9.785e-05, rho_mean=1.000000, p_mean=0.727374, div_rms=7.921e-01, vort_rms=1.708e+00, mass_err=-8.458e-11
step= 36000, t=25.126628, dt=6.868e-04, KE=1.191233e-01, Mt=0.5067, A_K=0.033, Cuv=0.205, P_in=4.531e-03, P_tgt=4.457e-03, A_F=0.010, K_low=0.211, P_drag=-4.722e-03, P_cool=-6.502e-03, WENO=0.157 (x=0.157, y=0.157), ReL2D=109.38, eps_nu=5.592e-03, P_hv=9.471e-05, rho_mean=1.000000, p_mean=0.727291, div_rms=8.022e-01, vort_rms=1.685e+00, mass_err=-8.517e-11
step= 36250, t=25.296586, dt=6.749e-04, KE=1.182881e-01, Mt=0.5017, A_K=0.041, Cuv=0.201, P_in=4.381e-03, P_tgt=4.366e-03, A_F=0.005, K_low=0.207, P_drag=-4.624e-03, P_cool=-6.440e-03, WENO=0.150 (x=0.150, y=0.150), ReL2D=109.53, eps_nu=5.424e-03, P_hv=8.976e-05, rho_mean=1.000000, p_mean=0.727166, div_rms=7.759e-01, vort_rms=1.669e+00, mass_err=-8.576e-11
step= 36500, t=25.465175, dt=6.745e-04, KE=1.177955e-01, Mt=0.4980, A_K=0.053, Cuv=0.201, P_in=4.356e-03, P_tgt=4.372e-03, A_F=0.142, K_low=0.203, P_drag=-4.538e-03, P_cool=-6.314e-03, WENO=0.144 (x=0.144, y=0.144), ReL2D=109.10, eps_nu=5.303e-03, P_hv=8.524e-05, rho_mean=1.000000, p_mean=0.726913, div_rms=7.561e-01, vort_rms=1.657e+00, mass_err=-8.634e-11
step= 36750, t=25.634599, dt=6.847e-04, KE=1.173739e-01, Mt=0.4965, A_K=0.070, Cuv=0.203, P_in=4.430e-03, P_tgt=4.436e-03, A_F=0.048, K_low=0.203, P_drag=-4.482e-03, P_cool=-6.178e-03, WENO=0.154 (x=0.154, y=0.154), ReL2D=108.91, eps_nu=5.219e-03, P_hv=8.128e-05, rho_mean=1.000000, p_mean=0.726643, div_rms=7.430e-01, vort_rms=1.648e+00, mass_err=-8.693e-11
step= 37000, t=25.808410, dt=6.995e-04, KE=1.168385e-01, Mt=0.4963, A_K=0.078, Cuv=0.209, P_in=4.475e-03, P_tgt=4.518e-03, A_F=0.040, K_low=0.205, P_drag=-4.461e-03, P_cool=-6.069e-03, WENO=0.156 (x=0.156, y=0.156), ReL2D=108.46, eps_nu=5.171e-03, P_hv=7.535e-05, rho_mean=1.000000, p_mean=0.726424, div_rms=7.394e-01, vort_rms=1.640e+00, mass_err=-8.751e-11
step= 37250, t=25.982259, dt=6.928e-04, KE=1.159557e-01, Mt=0.4957, A_K=0.072, Cuv=0.226, P_in=4.559e-03, P_tgt=4.609e-03, A_F=0.024, K_low=0.207, P_drag=-4.447e-03, P_cool=-6.036e-03, WENO=0.164 (x=0.164, y=0.164), ReL2D=108.65, eps_nu=5.060e-03, P_hv=7.266e-05, rho_mean=1.000000, p_mean=0.726359, div_rms=7.216e-01, vort_rms=1.629e+00, mass_err=-8.811e-11
step= 37500, t=26.154629, dt=6.844e-04, KE=1.151271e-01, Mt=0.4944, A_K=0.059, Cuv=0.242, P_in=4.753e-03, P_tgt=4.724e-03, A_F=0.043, K_low=0.207, P_drag=-4.404e-03, P_cool=-6.001e-03, WENO=0.168 (x=0.168, y=0.168), ReL2D=108.36, eps_nu=4.950e-03, P_hv=7.033e-05, rho_mean=1.000000, p_mean=0.726288, div_rms=7.047e-01, vort_rms=1.616e+00, mass_err=-8.869e-11
saved snapshot: results/hit2d/thesis_hit_campaign_v1/mach_Mt050_N256_seed1234/hit2d_step0037500.npz
step= 37750, t=26.325042, dt=6.786e-04, KE=1.145281e-01, Mt=0.4918, A_K=0.044, Cuv=0.252, P_in=4.834e-03, P_tgt=4.888e-03, A_F=0.017, K_low=0.204, P_drag=-4.319e-03, P_cool=-5.933e-03, WENO=0.157 (x=0.157, y=0.157), ReL2D=107.15, eps_nu=4.885e-03, P_hv=7.104e-05, rho_mean=1.000000, p_mean=0.726153, div_rms=7.041e-01, vort_rms=1.603e+00, mass_err=-8.928e-11
step= 38000, t=26.494223, dt=6.724e-04, KE=1.138852e-01, Mt=0.4879, A_K=0.030, Cuv=0.254, P_in=5.184e-03, P_tgt=5.149e-03, A_F=0.046, K_low=0.198, P_drag=-4.207e-03, P_cool=-5.891e-03, WENO=0.159 (x=0.159, y=0.159), ReL2D=105.72, eps_nu=4.842e-03, P_hv=6.902e-05, rho_mean=1.000000, p_mean=0.726067, div_rms=7.023e-01, vort_rms=1.595e+00, mass_err=-8.986e-11
step= 38250, t=26.660640, dt=6.602e-04, KE=1.134207e-01, Mt=0.4850, A_K=0.023, Cuv=0.246, P_in=5.510e-03, P_tgt=5.530e-03, A_F=0.006, K_low=0.191, P_drag=-4.080e-03, P_cool=-5.834e-03, WENO=0.168 (x=0.168, y=0.168), ReL2D=104.38, eps_nu=4.855e-03, P_hv=6.851e-05, rho_mean=1.000000, p_mean=0.725954, div_rms=7.048e-01, vort_rms=1.596e+00, mass_err=-9.046e-11
step= 38500, t=26.825257, dt=6.582e-04, KE=1.130370e-01, Mt=0.4834, A_K=0.027, Cuv=0.229, P_in=5.901e-03, P_tgt=6.012e-03, A_F=0.047, K_low=0.186, P_drag=-3.965e-03, P_cool=-5.781e-03, WENO=0.170 (x=0.170, y=0.170), ReL2D=104.50, eps_nu=4.855e-03, P_hv=6.822e-05, rho_mean=1.000000, p_mean=0.725848, div_rms=7.002e-01, vort_rms=1.599e+00, mass_err=-9.104e-11
step= 38750, t=26.992084, dt=6.754e-04, KE=1.129054e-01, Mt=0.4843, A_K=0.045, Cuv=0.199, P_in=6.548e-03, P_tgt=6.553e-03, A_F=0.098, K_low=0.181, P_drag=-3.831e-03, P_cool=-5.698e-03, WENO=0.165 (x=0.165, y=0.165), ReL2D=105.68, eps_nu=4.934e-03, P_hv=6.986e-05, rho_mean=1.000000, p_mean=0.725681, div_rms=7.134e-01, vort_rms=1.608e+00, mass_err=-9.164e-11
step= 39000, t=27.162192, dt=6.837e-04, KE=1.126782e-01, Mt=0.4852, A_K=0.065, Cuv=0.182, P_in=7.102e-03, P_tgt=7.095e-03, A_F=0.303, K_low=0.176, P_drag=-3.696e-03, P_cool=-5.652e-03, WENO=0.156 (x=0.156, y=0.156), ReL2D=106.73, eps_nu=4.978e-03, P_hv=6.809e-05, rho_mean=1.000000, p_mean=0.725589, div_rms=7.267e-01, vort_rms=1.609e+00, mass_err=-9.223e-11
step= 39250, t=27.333988, dt=6.903e-04, KE=1.122552e-01, Mt=0.4851, A_K=0.087, Cuv=0.171, P_in=7.684e-03, P_tgt=7.665e-03, A_F=0.216, K_low=0.170, P_drag=-3.570e-03, P_cool=-5.666e-03, WENO=0.150 (x=0.150, y=0.150), ReL2D=107.29, eps_nu=4.969e-03, P_hv=6.813e-05, rho_mean=1.000000, p_mean=0.725619, div_rms=7.259e-01, vort_rms=1.607e+00, mass_err=-9.282e-11
step= 39500, t=27.505305, dt=6.804e-04, KE=1.118925e-01, Mt=0.4843, A_K=0.103, Cuv=0.173, P_in=8.302e-03, P_tgt=8.302e-03, A_F=0.312, K_low=0.166, P_drag=-3.471e-03, P_cool=-5.694e-03, WENO=0.140 (x=0.140, y=0.140), ReL2D=107.62, eps_nu=4.918e-03, P_hv=6.984e-05, rho_mean=1.000000, p_mean=0.725673, div_rms=7.182e-01, vort_rms=1.601e+00, mass_err=-9.341e-11
step= 39750, t=27.673283, dt=6.683e-04, KE=1.115195e-01, Mt=0.4833, A_K=0.121, Cuv=0.192, P_in=9.047e-03, P_tgt=9.043e-03, A_F=0.024, K_low=0.164, P_drag=-3.408e-03, P_cool=-5.750e-03, WENO=0.145 (x=0.145, y=0.145), ReL2D=108.15, eps_nu=4.851e-03, P_hv=7.010e-05, rho_mean=1.000000, p_mean=0.725786, div_rms=7.068e-01, vort_rms=1.594e+00, mass_err=-9.400e-11
step= 40000, t=27.840332, dt=6.672e-04, KE=1.112469e-01, Mt=0.4827, A_K=0.141, Cuv=0.218, P_in=9.890e-03, P_tgt=9.893e-03, A_F=0.145, K_low=0.161, P_drag=-3.372e-03, P_cool=-5.814e-03, WENO=0.133 (x=0.133, y=0.133), ReL2D=109.58, eps_nu=4.758e-03, P_hv=6.826e-05, rho_mean=1.000000, p_mean=0.725914, div_rms=6.832e-01, vort_rms=1.589e+00, mass_err=-9.459e-11
saved snapshot: results/hit2d/thesis_hit_campaign_v1/mach_Mt050_N256_seed1234/hit2d_step0040000.npz
step= 40250, t=28.007779, dt=6.751e-04, KE=1.114474e-01, Mt=0.4830, A_K=0.165, Cuv=0.242, P_in=1.087e-02, P_tgt=1.084e-02, A_F=0.085, K_low=0.159, P_drag=-3.357e-03, P_cool=-5.815e-03, WENO=0.129 (x=0.129, y=0.129), ReL2D=111.15, eps_nu=4.673e-03, P_hv=6.612e-05, rho_mean=1.000000, p_mean=0.725917, div_rms=6.640e-01, vort_rms=1.582e+00, mass_err=-9.517e-11
step= 40500, t=28.177854, dt=6.856e-04, KE=1.120541e-01, Mt=0.4850, A_K=0.191, Cuv=0.257, P_in=1.175e-02, P_tgt=1.179e-02, A_F=0.044, K_low=0.157, P_drag=-3.360e-03, P_cool=-5.770e-03, WENO=0.128 (x=0.128, y=0.128), ReL2D=112.95, eps_nu=4.627e-03, P_hv=6.303e-05, rho_mean=1.000000, p_mean=0.725826, div_rms=6.458e-01, vort_rms=1.582e+00, mass_err=-9.577e-11
warning: flow component anisotropy has increased over the last three diagnostic samples
step= 40750, t=28.350647, dt=6.977e-04, KE=1.130238e-01, Mt=0.4879, A_K=0.213, Cuv=0.253, P_in=1.266e-02, P_tgt=1.266e-02, A_F=0.057, K_low=0.157, P_drag=-3.386e-03, P_cool=-5.686e-03, WENO=0.140 (x=0.140, y=0.140), ReL2D=114.42, eps_nu=4.654e-03, P_hv=5.851e-05, rho_mean=1.000000, p_mean=0.725658, div_rms=6.409e-01, vort_rms=1.591e+00, mass_err=-9.636e-11
warning: flow component anisotropy has increased over the last three diagnostic samples
step= 41000, t=28.525417, dt=6.988e-04, KE=1.141262e-01, Mt=0.4909, A_K=0.227, Cuv=0.235, P_in=1.338e-02, P_tgt=1.337e-02, A_F=0.181, K_low=0.158, P_drag=-3.426e-03, P_cool=-5.606e-03, WENO=0.154 (x=0.154, y=0.154), ReL2D=114.56, eps_nu=4.715e-03, P_hv=5.534e-05, rho_mean=1.000000, p_mean=0.725497, div_rms=6.426e-01, vort_rms=1.602e+00, mass_err=-9.695e-11
warning: flow component anisotropy has increased over the last three diagnostic samples
step= 41250, t=28.699149, dt=6.899e-04, KE=1.149636e-01, Mt=0.4927, A_K=0.229, Cuv=0.210, P_in=1.387e-02, P_tgt=1.394e-02, A_F=0.203, K_low=0.160, P_drag=-3.479e-03, P_cool=-5.599e-03, WENO=0.160 (x=0.160, y=0.160), ReL2D=113.90, eps_nu=4.746e-03, P_hv=5.388e-05, rho_mean=1.000000, p_mean=0.725483, div_rms=6.284e-01, vort_rms=1.616e+00, mass_err=-9.754e-11
step= 41500, t=28.870817, dt=6.852e-04, KE=1.157230e-01, Mt=0.4948, A_K=0.207, Cuv=0.190, P_in=1.420e-02, P_tgt=1.440e-02, A_F=0.416, K_low=0.162, P_drag=-3.552e-03, P_cool=-5.620e-03, WENO=0.158 (x=0.158, y=0.158), ReL2D=113.66, eps_nu=4.786e-03, P_hv=5.702e-05, rho_mean=1.000000, p_mean=0.725525, div_rms=6.141e-01, vort_rms=1.632e+00, mass_err=-9.813e-11
step= 41750, t=29.041735, dt=6.801e-04, KE=1.167024e-01, Mt=0.4970, A_K=0.173, Cuv=0.169, P_in=1.464e-02, P_tgt=1.470e-02, A_F=0.079, K_low=0.165, P_drag=-3.671e-03, P_cool=-5.606e-03, WENO=0.142 (x=0.142, y=0.142), ReL2D=114.40, eps_nu=4.828e-03, P_hv=6.068e-05, rho_mean=1.000000, p_mean=0.725497, div_rms=6.230e-01, vort_rms=1.636e+00, mass_err=-9.872e-11
step= 42000, t=29.211158, dt=6.792e-04, KE=1.175142e-01, Mt=0.4988, A_K=0.134, Cuv=0.140, P_in=1.488e-02, P_tgt=1.485e-02, A_F=0.219, K_low=0.171, P_drag=-3.841e-03, P_cool=-5.627e-03, WENO=0.128 (x=0.128, y=0.128), ReL2D=115.08, eps_nu=4.888e-03, P_hv=5.969e-05, rho_mean=1.000000, p_mean=0.725541, div_rms=6.380e-01, vort_rms=1.640e+00, mass_err=-9.931e-11
step= 42250, t=29.383903, dt=7.024e-04, KE=1.181783e-01, Mt=0.5007, A_K=0.092, Cuv=0.122, P_in=1.481e-02, P_tgt=1.488e-02, A_F=0.137, K_low=0.180, P_drag=-4.073e-03, P_cool=-5.678e-03, WENO=0.112 (x=0.112, y=0.112), ReL2D=116.10, eps_nu=4.952e-03, P_hv=5.980e-05, rho_mean=1.000000, p_mean=0.725641, div_rms=6.329e-01, vort_rms=1.656e+00, mass_err=-9.990e-11
step= 42500, t=29.560889, dt=7.109e-04, KE=1.190001e-01, Mt=0.5043, A_K=0.072, Cuv=0.129, P_in=1.473e-02, P_tgt=1.470e-02, A_F=0.072, K_low=0.191, P_drag=-4.337e-03, P_cool=-5.689e-03, WENO=0.123 (x=0.123, y=0.123), ReL2D=116.40, eps_nu=5.074e-03, P_hv=6.040e-05, rho_mean=1.000000, p_mean=0.725664, div_rms=6.476e-01, vort_rms=1.672e+00, mass_err=-1.005e-10
saved snapshot: results/hit2d/thesis_hit_campaign_v1/mach_Mt050_N256_seed1234/hit2d_step0042500.npz
step= 42750, t=29.736145, dt=6.823e-04, KE=1.194340e-01, Mt=0.5061, A_K=0.069, Cuv=0.144, P_in=1.409e-02, P_tgt=1.432e-02, A_F=0.038, K_low=0.202, P_drag=-4.602e-03, P_cool=-5.755e-03, WENO=0.130 (x=0.130, y=0.130), ReL2D=117.18, eps_nu=5.141e-03, P_hv=6.217e-05, rho_mean=1.000000, p_mean=0.725796, div_rms=6.418e-01, vort_rms=1.688e+00, mass_err=-1.011e-10
step= 43000, t=29.901918, dt=6.503e-04, KE=1.200849e-01, Mt=0.5076, A_K=0.080, Cuv=0.158, P_in=1.390e-02, P_tgt=1.386e-02, A_F=0.246, K_low=0.210, P_drag=-4.838e-03, P_cool=-5.748e-03, WENO=0.140 (x=0.140, y=0.140), ReL2D=116.33, eps_nu=5.254e-03, P_hv=6.542e-05, rho_mean=1.000000, p_mean=0.725782, div_rms=6.564e-01, vort_rms=1.703e+00, mass_err=-1.017e-10
step= 43250, t=30.064428, dt=6.448e-04, KE=1.208171e-01, Mt=0.5091, A_K=0.092, Cuv=0.173, P_in=1.331e-02, P_tgt=1.329e-02, A_F=0.065, K_low=0.215, P_drag=-5.040e-03, P_cool=-5.701e-03, WENO=0.142 (x=0.142, y=0.142), ReL2D=114.47, eps_nu=5.443e-03, P_hv=6.562e-05, rho_mean=1.000000, p_mean=0.725688, div_rms=6.921e-01, vort_rms=1.721e+00, mass_err=-1.023e-10
step= 43500, t=30.224495, dt=6.446e-04, KE=1.211447e-01, Mt=0.5085, A_K=0.091, Cuv=0.174, P_in=1.271e-02, P_tgt=1.273e-02, A_F=0.081, K_low=0.218, P_drag=-5.219e-03, P_cool=-5.709e-03, WENO=0.134 (x=0.134, y=0.134), ReL2D=112.39, eps_nu=5.563e-03, P_hv=6.966e-05, rho_mean=1.000000, p_mean=0.725704, div_rms=7.147e-01, vort_rms=1.731e+00, mass_err=-1.029e-10
step= 43750, t=30.387223, dt=6.527e-04, KE=1.211461e-01, Mt=0.5064, A_K=0.097, Cuv=0.170, P_in=1.220e-02, P_tgt=1.227e-02, A_F=0.072, K_low=0.223, P_drag=-5.431e-03, P_cool=-5.758e-03, WENO=0.134 (x=0.134, y=0.134), ReL2D=109.57, eps_nu=5.661e-03, P_hv=6.939e-05, rho_mean=1.000000, p_mean=0.725803, div_rms=7.339e-01, vort_rms=1.739e+00, mass_err=-1.034e-10
step= 44000, t=30.551146, dt=6.593e-04, KE=1.209236e-01, Mt=0.5038, A_K=0.090, Cuv=0.162, P_in=1.193e-02, P_tgt=1.196e-02, A_F=0.094, K_low=0.233, P_drag=-5.702e-03, P_cool=-5.828e-03, WENO=0.143 (x=0.143, y=0.143), ReL2D=108.68, eps_nu=5.693e-03, P_hv=6.825e-05, rho_mean=1.000000, p_mean=0.725943, div_rms=7.418e-01, vort_rms=1.741e+00, mass_err=-1.040e-10
step= 44250, t=30.717458, dt=6.712e-04, KE=1.203407e-01, Mt=0.5011, A_K=0.077, Cuv=0.150, P_in=1.182e-02, P_tgt=1.182e-02, A_F=0.108, K_low=0.249, P_drag=-6.037e-03, P_cool=-5.950e-03, WENO=0.156 (x=0.156, y=0.156), ReL2D=108.69, eps_nu=5.625e-03, P_hv=7.062e-05, rho_mean=1.000000, p_mean=0.726186, div_rms=7.230e-01, vort_rms=1.739e+00, mass_err=-1.046e-10
step= 44500, t=30.887702, dt=6.980e-04, KE=1.195215e-01, Mt=0.5000, A_K=0.059, Cuv=0.135, P_in=1.187e-02, P_tgt=1.181e-02, A_F=0.058, K_low=0.269, P_drag=-6.411e-03, P_cool=-6.100e-03, WENO=0.174 (x=0.174, y=0.174), ReL2D=109.92, eps_nu=5.549e-03, P_hv=7.059e-05, rho_mean=1.000000, p_mean=0.726486, div_rms=6.917e-01, vort_rms=1.741e+00, mass_err=-1.052e-10
step= 44750, t=31.066360, dt=7.182e-04, KE=1.187692e-01, Mt=0.5011, A_K=0.032, Cuv=0.107, P_in=1.181e-02, P_tgt=1.178e-02, A_F=0.112, K_low=0.291, P_drag=-6.792e-03, P_cool=-6.216e-03, WENO=0.186 (x=0.186, y=0.186), ReL2D=112.03, eps_nu=5.489e-03, P_hv=6.688e-05, rho_mean=1.000000, p_mean=0.726718, div_rms=6.683e-01, vort_rms=1.742e+00, mass_err=-1.058e-10
step= 45000, t=31.243520, dt=7.000e-04, KE=1.183258e-01, Mt=0.5027, A_K=0.010, Cuv=0.077, P_in=1.165e-02, P_tgt=1.166e-02, A_F=0.154, K_low=0.310, P_drag=-7.136e-03, P_cool=-6.251e-03, WENO=0.173 (x=0.173, y=0.173), ReL2D=113.93, eps_nu=5.453e-03, P_hv=6.977e-05, rho_mean=1.000000, p_mean=0.726788, div_rms=6.722e-01, vort_rms=1.733e+00, mass_err=-1.064e-10
saved snapshot: results/hit2d/thesis_hit_campaign_v1/mach_Mt050_N256_seed1234/hit2d_step0045000.npz
step= 45250, t=31.417040, dt=6.910e-04, KE=1.178851e-01, Mt=0.5026, A_K=0.004, Cuv=0.052, P_in=1.153e-02, P_tgt=1.151e-02, A_F=0.149, K_low=0.327, P_drag=-7.428e-03, P_cool=-6.269e-03, WENO=0.184 (x=0.184, y=0.184), ReL2D=115.22, eps_nu=5.396e-03, P_hv=7.285e-05, rho_mean=1.000000, p_mean=0.726824, div_rms=6.800e-01, vort_rms=1.718e+00, mass_err=-1.070e-10
step= 45500, t=31.590191, dt=7.009e-04, KE=1.172741e-01, Mt=0.5022, A_K=0.006, Cuv=0.038, P_in=1.136e-02, P_tgt=1.137e-02, A_F=0.219, K_low=0.341, P_drag=-7.670e-03, P_cool=-6.306e-03, WENO=0.177 (x=0.177, y=0.177), ReL2D=114.65, eps_nu=5.387e-03, P_hv=7.369e-05, rho_mean=1.000000, p_mean=0.726898, div_rms=6.906e-01, vort_rms=1.711e+00, mass_err=-1.076e-10
step= 45750, t=31.768283, dt=7.124e-04, KE=1.165009e-01, Mt=0.5006, A_K=0.030, Cuv=0.023, P_in=1.137e-02, P_tgt=1.128e-02, A_F=0.013, K_low=0.352, P_drag=-7.886e-03, P_cool=-6.361e-03, WENO=0.173 (x=0.173, y=0.173), ReL2D=113.35, eps_nu=5.373e-03, P_hv=6.684e-05, rho_mean=1.000000, p_mean=0.727008, div_rms=7.075e-01, vort_rms=1.699e+00, mass_err=-1.082e-10
step= 46000, t=31.945842, dt=7.010e-04, KE=1.157643e-01, Mt=0.4990, A_K=0.059, Cuv=0.023, P_in=1.130e-02, P_tgt=1.129e-02, A_F=0.101, K_low=0.362, P_drag=-8.069e-03, P_cool=-6.398e-03, WENO=0.175 (x=0.175, y=0.175), ReL2D=110.44, eps_nu=5.381e-03, P_hv=6.844e-05, rho_mean=1.000000, p_mean=0.727082, div_rms=7.176e-01, vort_rms=1.695e+00, mass_err=-1.087e-10
step= 46250, t=32.121203, dt=7.050e-04, KE=1.153349e-01, Mt=0.4979, A_K=0.087, Cuv=0.030, P_in=1.131e-02, P_tgt=1.139e-02, A_F=0.004, K_low=0.369, P_drag=-8.197e-03, P_cool=-6.371e-03, WENO=0.172 (x=0.172, y=0.172), ReL2D=108.54, eps_nu=5.410e-03, P_hv=7.225e-05, rho_mean=1.000000, p_mean=0.727027, div_rms=7.254e-01, vort_rms=1.696e+00, mass_err=-1.093e-10
step= 46500, t=32.298906, dt=7.071e-04, KE=1.153869e-01, Mt=0.4978, A_K=0.114, Cuv=0.034, P_in=1.150e-02, P_tgt=1.152e-02, A_F=0.047, K_low=0.370, P_drag=-8.238e-03, P_cool=-6.249e-03, WENO=0.177 (x=0.177, y=0.177), ReL2D=107.84, eps_nu=5.452e-03, P_hv=7.403e-05, rho_mean=1.000000, p_mean=0.726784, div_rms=7.276e-01, vort_rms=1.703e+00, mass_err=-1.099e-10
step= 46750, t=32.476788, dt=7.181e-04, KE=1.158080e-01, Mt=0.4977, A_K=0.133, Cuv=0.028, P_in=1.159e-02, P_tgt=1.165e-02, A_F=0.067, K_low=0.364, P_drag=-8.165e-03, P_cool=-6.067e-03, WENO=0.171 (x=0.171, y=0.171), ReL2D=107.10, eps_nu=5.482e-03, P_hv=7.378e-05, rho_mean=1.000000, p_mean=0.726419, div_rms=7.338e-01, vort_rms=1.705e+00, mass_err=-1.105e-10
step= 47000, t=32.655311, dt=7.025e-04, KE=1.161546e-01, Mt=0.4967, A_K=0.149, Cuv=0.016, P_in=1.184e-02, P_tgt=1.181e-02, A_F=0.103, K_low=0.353, P_drag=-7.988e-03, P_cool=-5.916e-03, WENO=0.180 (x=0.180, y=0.180), ReL2D=105.63, eps_nu=5.540e-03, P_hv=7.282e-05, rho_mean=1.000000, p_mean=0.726119, div_rms=7.689e-01, vort_rms=1.696e+00, mass_err=-1.111e-10
step= 47250, t=32.829306, dt=6.935e-04, KE=1.161321e-01, Mt=0.4953, A_K=0.164, Cuv=0.007, P_in=1.203e-02, P_tgt=1.205e-02, A_F=0.067, K_low=0.341, P_drag=-7.726e-03, P_cool=-5.860e-03, WENO=0.179 (x=0.179, y=0.179), ReL2D=102.79, eps_nu=5.707e-03, P_hv=7.454e-05, rho_mean=1.000000, p_mean=0.726005, div_rms=8.303e-01, vort_rms=1.690e+00, mass_err=-1.117e-10
step= 47500, t=33.003059, dt=6.913e-04, KE=1.155208e-01, Mt=0.4936, A_K=0.172, Cuv=0.005, P_in=1.239e-02, P_tgt=1.239e-02, A_F=0.162, K_low=0.327, P_drag=-7.390e-03, P_cool=-5.937e-03, WENO=0.188 (x=0.188, y=0.188), ReL2D=101.43, eps_nu=5.849e-03, P_hv=7.570e-05, rho_mean=1.000000, p_mean=0.726160, div_rms=8.653e-01, vort_rms=1.694e+00, mass_err=-1.123e-10
saved snapshot: results/hit2d/thesis_hit_campaign_v1/mach_Mt050_N256_seed1234/hit2d_step0047500.npz
step= 47750, t=33.173403, dt=6.715e-04, KE=1.148528e-01, Mt=0.4919, A_K=0.182, Cuv=0.012, P_in=1.280e-02, P_tgt=1.286e-02, A_F=0.231, K_low=0.312, P_drag=-7.033e-03, P_cool=-6.047e-03, WENO=0.184 (x=0.184, y=0.184), ReL2D=100.87, eps_nu=5.851e-03, P_hv=7.821e-05, rho_mean=1.000000, p_mean=0.726379, div_rms=8.570e-01, vort_rms=1.700e+00, mass_err=-1.129e-10
step= 48000, t=33.341285, dt=6.744e-04, KE=1.144295e-01, Mt=0.4906, A_K=0.187, Cuv=0.018, P_in=1.345e-02, P_tgt=1.345e-02, A_F=0.103, K_low=0.298, P_drag=-6.692e-03, P_cool=-6.136e-03, WENO=0.175 (x=0.175, y=0.175), ReL2D=102.41, eps_nu=5.742e-03, P_hv=8.248e-05, rho_mean=1.000000, p_mean=0.726557, div_rms=8.239e-01, vort_rms=1.701e+00, mass_err=-1.135e-10
step= 48250, t=33.511081, dt=6.863e-04, KE=1.143522e-01, Mt=0.4894, A_K=0.181, Cuv=0.023, P_in=1.428e-02, P_tgt=1.417e-02, A_F=0.151, K_low=0.284, P_drag=-6.395e-03, P_cool=-6.187e-03, WENO=0.181 (x=0.181, y=0.181), ReL2D=105.19, eps_nu=5.571e-03, P_hv=8.116e-05, rho_mean=1.000000, p_mean=0.726661, div_rms=7.759e-01, vort_rms=1.697e+00, mass_err=-1.141e-10
step= 48500, t=33.684663, dt=7.022e-04, KE=1.151581e-01, Mt=0.4906, A_K=0.165, Cuv=0.028, P_in=1.492e-02, P_tgt=1.494e-02, A_F=0.075, K_low=0.271, P_drag=-6.165e-03, P_cool=-6.101e-03, WENO=0.192 (x=0.192, y=0.192), ReL2D=107.77, eps_nu=5.522e-03, P_hv=7.643e-05, rho_mean=1.000000, p_mean=0.726487, div_rms=7.546e-01, vort_rms=1.701e+00, mass_err=-1.146e-10
step= 48750, t=33.861494, dt=7.086e-04, KE=1.160879e-01, Mt=0.4938, A_K=0.142, Cuv=0.036, P_in=1.557e-02, P_tgt=1.555e-02, A_F=0.139, K_low=0.262, P_drag=-6.013e-03, P_cool=-6.026e-03, WENO=0.195 (x=0.195, y=0.195), ReL2D=110.71, eps_nu=5.520e-03, P_hv=7.709e-05, rho_mean=1.000000, p_mean=0.726337, div_rms=7.370e-01, vort_rms=1.711e+00, mass_err=-1.152e-10
step= 49000, t=34.039417, dt=7.109e-04, KE=1.162702e-01, Mt=0.4962, A_K=0.119, Cuv=0.045, P_in=1.603e-02, P_tgt=1.595e-02, A_F=0.200, K_low=0.259, P_drag=-5.927e-03, P_cool=-6.123e-03, WENO=0.203 (x=0.203, y=0.203), ReL2D=112.30, eps_nu=5.552e-03, P_hv=7.317e-05, rho_mean=1.000000, p_mean=0.726533, div_rms=7.348e-01, vort_rms=1.718e+00, mass_err=-1.158e-10
step= 49250, t=34.214505, dt=6.916e-04, KE=1.161519e-01, Mt=0.4978, A_K=0.096, Cuv=0.050, P_in=1.614e-02, P_tgt=1.620e-02, A_F=0.024, K_low=0.258, P_drag=-5.873e-03, P_cool=-6.290e-03, WENO=0.181 (x=0.181, y=0.181), ReL2D=111.60, eps_nu=5.637e-03, P_hv=7.609e-05, rho_mean=1.000000, p_mean=0.726865, div_rms=7.477e-01, vort_rms=1.727e+00, mass_err=-1.164e-10
step= 49500, t=34.386174, dt=6.822e-04, KE=1.163855e-01, Mt=0.4989, A_K=0.072, Cuv=0.049, P_in=1.637e-02, P_tgt=1.633e-02, A_F=0.015, K_low=0.256, P_drag=-5.836e-03, P_cool=-6.389e-03, WENO=0.163 (x=0.163, y=0.163), ReL2D=108.52, eps_nu=5.777e-03, P_hv=8.005e-05, rho_mean=1.000000, p_mean=0.727065, div_rms=7.768e-01, vort_rms=1.737e+00, mass_err=-1.170e-10
step= 49750, t=34.556147, dt=6.781e-04, KE=1.170504e-01, Mt=0.5003, A_K=0.044, Cuv=0.033, P_in=1.637e-02, P_tgt=1.637e-02, A_F=0.072, K_low=0.255, P_drag=-5.820e-03, P_cool=-6.403e-03, WENO=0.155 (x=0.155, y=0.155), ReL2D=106.77, eps_nu=5.853e-03, P_hv=8.185e-05, rho_mean=1.000000, p_mean=0.727092, div_rms=7.934e-01, vort_rms=1.741e+00, mass_err=-1.176e-10
step= 50000, t=34.725675, dt=6.793e-04, KE=1.180165e-01, Mt=0.5024, A_K=0.019, Cuv=0.007, P_in=1.620e-02, P_tgt=1.626e-02, A_F=0.089, K_low=0.256, P_drag=-5.834e-03, P_cool=-6.350e-03, WENO=0.150 (x=0.150, y=0.150), ReL2D=107.26, eps_nu=5.833e-03, P_hv=7.943e-05, rho_mean=1.000000, p_mean=0.726985, div_rms=7.903e-01, vort_rms=1.739e+00, mass_err=-1.182e-10
saved snapshot: results/hit2d/thesis_hit_campaign_v1/mach_Mt050_N256_seed1234/hit2d_step0050000.npz
step= 50250, t=34.897586, dt=7.005e-04, KE=1.188308e-01, Mt=0.5044, A_K=0.001, Cuv=-0.021, P_in=1.596e-02, P_tgt=1.598e-02, A_F=0.101, K_low=0.260, P_drag=-5.867e-03, P_cool=-6.317e-03, WENO=0.157 (x=0.157, y=0.157), ReL2D=109.56, eps_nu=5.752e-03, P_hv=7.496e-05, rho_mean=1.000000, p_mean=0.726920, div_rms=7.712e-01, vort_rms=1.735e+00, mass_err=-1.188e-10
step= 50500, t=35.076728, dt=7.246e-04, KE=1.191804e-01, Mt=0.5054, A_K=0.017, Cuv=-0.049, P_in=1.555e-02, P_tgt=1.560e-02, A_F=0.068, K_low=0.263, P_drag=-5.867e-03, P_cool=-6.369e-03, WENO=0.157 (x=0.157, y=0.157), ReL2D=111.12, eps_nu=5.656e-03, P_hv=6.978e-05, rho_mean=1.000000, p_mean=0.727024, div_rms=7.357e-01, vort_rms=1.738e+00, mass_err=-1.193e-10
step= 50750, t=35.258358, dt=7.228e-04, KE=1.195205e-01, Mt=0.5056, A_K=0.033, Cuv=-0.070, P_in=1.518e-02, P_tgt=1.517e-02, A_F=0.045, K_low=0.259, P_drag=-5.797e-03, P_cool=-6.412e-03, WENO=0.152 (x=0.152, y=0.152), ReL2D=111.43, eps_nu=5.636e-03, P_hv=6.559e-05, rho_mean=1.000000, p_mean=0.727110, div_rms=7.208e-01, vort_rms=1.742e+00, mass_err=-1.199e-10
step= 51000, t=35.438717, dt=7.141e-04, KE=1.198315e-01, Mt=0.5048, A_K=0.048, Cuv=-0.080, P_in=1.485e-02, P_tgt=1.478e-02, A_F=0.045, K_low=0.250, P_drag=-5.680e-03, P_cool=-6.450e-03, WENO=0.167 (x=0.167, y=0.167), ReL2D=112.05, eps_nu=5.598e-03, P_hv=6.694e-05, rho_mean=1.000000, p_mean=0.727185, div_rms=7.217e-01, vort_rms=1.734e+00, mass_err=-1.205e-10
step= 51250, t=35.614089, dt=6.924e-04, KE=1.199912e-01, Mt=0.5031, A_K=0.059, Cuv=-0.092, P_in=1.456e-02, P_tgt=1.449e-02, A_F=0.136, K_low=0.240, P_drag=-5.560e-03, P_cool=-6.507e-03, WENO=0.165 (x=0.165, y=0.165), ReL2D=112.23, eps_nu=5.555e-03, P_hv=6.736e-05, rho_mean=1.000000, p_mean=0.727300, div_rms=7.269e-01, vort_rms=1.723e+00, mass_err=-1.211e-10
step= 51500, t=35.785201, dt=6.755e-04, KE=1.200826e-01, Mt=0.5021, A_K=0.068, Cuv=-0.109, P_in=1.429e-02, P_tgt=1.431e-02, A_F=0.175, K_low=0.234, P_drag=-5.466e-03, P_cool=-6.570e-03, WENO=0.160 (x=0.160, y=0.160), ReL2D=113.15, eps_nu=5.578e-03, P_hv=7.018e-05, rho_mean=1.000000, p_mean=0.727425, div_rms=7.399e-01, vort_rms=1.720e+00, mass_err=-1.217e-10
step= 51750, t=35.954588, dt=6.802e-04, KE=1.201477e-01, Mt=0.5014, A_K=0.086, Cuv=-0.129, P_in=1.420e-02, P_tgt=1.419e-02, A_F=0.005, K_low=0.232, P_drag=-5.430e-03, P_cool=-6.632e-03, WENO=0.169 (x=0.169, y=0.169), ReL2D=113.89, eps_nu=5.568e-03, P_hv=6.938e-05, rho_mean=1.000000, p_mean=0.727551, div_rms=7.332e-01, vort_rms=1.722e+00, mass_err=-1.223e-10
step= 52000, t=36.125368, dt=6.860e-04, KE=1.206963e-01, Mt=0.5016, A_K=0.105, Cuv=-0.149, P_in=1.410e-02, P_tgt=1.409e-02, A_F=0.262, K_low=0.232, P_drag=-5.462e-03, P_cool=-6.594e-03, WENO=0.165 (x=0.165, y=0.165), ReL2D=113.68, eps_nu=5.637e-03, P_hv=6.736e-05, rho_mean=1.000000, p_mean=0.727475, div_rms=7.484e-01, vort_rms=1.726e+00, mass_err=-1.229e-10
step= 52250, t=36.298041, dt=6.919e-04, KE=1.215039e-01, Mt=0.5017, A_K=0.121, Cuv=-0.167, P_in=1.403e-02, P_tgt=1.397e-02, A_F=0.156, K_low=0.233, P_drag=-5.528e-03, P_cool=-6.502e-03, WENO=0.168 (x=0.168, y=0.168), ReL2D=113.92, eps_nu=5.671e-03, P_hv=6.876e-05, rho_mean=1.000000, p_mean=0.727289, div_rms=7.542e-01, vort_rms=1.730e+00, mass_err=-1.235e-10
step= 52500, t=36.471226, dt=6.938e-04, KE=1.223252e-01, Mt=0.5024, A_K=0.135, Cuv=-0.180, P_in=1.379e-02, P_tgt=1.384e-02, A_F=0.114, K_low=0.234, P_drag=-5.609e-03, P_cool=-6.403e-03, WENO=0.179 (x=0.179, y=0.179), ReL2D=114.76, eps_nu=5.696e-03, P_hv=6.966e-05, rho_mean=1.000000, p_mean=0.727092, div_rms=7.566e-01, vort_rms=1.733e+00, mass_err=-1.240e-10
saved snapshot: results/hit2d/thesis_hit_campaign_v1/mach_Mt050_N256_seed1234/hit2d_step0052500.npz
step= 52750, t=36.644733, dt=6.936e-04, KE=1.232016e-01, Mt=0.5044, A_K=0.138, Cuv=-0.194, P_in=1.372e-02, P_tgt=1.361e-02, A_F=0.065, K_low=0.236, P_drag=-5.715e-03, P_cool=-6.289e-03, WENO=0.176 (x=0.176, y=0.176), ReL2D=115.26, eps_nu=5.694e-03, P_hv=7.144e-05, rho_mean=1.000000, p_mean=0.726864, div_rms=7.473e-01, vort_rms=1.738e+00, mass_err=-1.246e-10
step= 53000, t=36.818290, dt=6.949e-04, KE=1.244695e-01, Mt=0.5075, A_K=0.132, Cuv=-0.204, P_in=1.330e-02, P_tgt=1.323e-02, A_F=0.059, K_low=0.238, P_drag=-5.819e-03, P_cool=-6.090e-03, WENO=0.178 (x=0.178, y=0.178), ReL2D=116.14, eps_nu=5.741e-03, P_hv=7.164e-05, rho_mean=1.000000, p_mean=0.726466, div_rms=7.538e-01, vort_rms=1.743e+00, mass_err=-1.252e-10
step= 53250, t=36.991674, dt=6.906e-04, KE=1.250540e-01, Mt=0.5097, A_K=0.137, Cuv=-0.211, P_in=1.256e-02, P_tgt=1.268e-02, A_F=0.012, K_low=0.240, P_drag=-5.873e-03, P_cool=-6.015e-03, WENO=0.164 (x=0.164, y=0.164), ReL2D=117.15, eps_nu=5.840e-03, P_hv=7.207e-05, rho_mean=1.000000, p_mean=0.726316, div_rms=7.723e-01, vort_rms=1.751e+00, mass_err=-1.258e-10
step= 53500, t=37.163587, dt=6.847e-04, KE=1.245250e-01, Mt=0.5090, A_K=0.158, Cuv=-0.211, P_in=1.202e-02, P_tgt=1.210e-02, A_F=0.117, K_low=0.242, P_drag=-5.871e-03, P_cool=-6.139e-03, WENO=0.161 (x=0.161, y=0.161), ReL2D=119.02, eps_nu=5.823e-03, P_hv=7.321e-05, rho_mean=1.000000, p_mean=0.726563, div_rms=7.555e-01, vort_rms=1.758e+00, mass_err=-1.264e-10
step= 53750, t=37.333310, dt=6.705e-04, KE=1.241309e-01, Mt=0.5082, A_K=0.186, Cuv=-0.205, P_in=1.173e-02, P_tgt=1.161e-02, A_F=0.106, K_low=0.241, P_drag=-5.816e-03, P_cool=-6.212e-03, WENO=0.167 (x=0.167, y=0.167), ReL2D=120.24, eps_nu=5.813e-03, P_hv=7.880e-05, rho_mean=1.000000, p_mean=0.726711, div_rms=7.399e-01, vort_rms=1.765e+00, mass_err=-1.270e-10
warning: flow component anisotropy has increased over the last three diagnostic samples
step= 54000, t=37.500385, dt=6.688e-04, KE=1.240428e-01, Mt=0.5076, A_K=0.207, Cuv=-0.193, P_in=1.109e-02, P_tgt=1.117e-02, A_F=0.048, K_low=0.237, P_drag=-5.724e-03, P_cool=-6.211e-03, WENO=0.164 (x=0.164, y=0.164), ReL2D=121.62, eps_nu=5.797e-03, P_hv=8.083e-05, rho_mean=1.000000, p_mean=0.726707, div_rms=7.313e-01, vort_rms=1.766e+00, mass_err=-1.276e-10
warning: flow component anisotropy has increased over the last three diagnostic samples
step= 54250, t=37.668732, dt=6.794e-04, KE=1.239657e-01, Mt=0.5061, A_K=0.209, Cuv=-0.168, P_in=1.084e-02, P_tgt=1.080e-02, A_F=0.049, K_low=0.232, P_drag=-5.602e-03, P_cool=-6.196e-03, WENO=0.165 (x=0.165, y=0.165), ReL2D=120.05, eps_nu=5.820e-03, P_hv=8.138e-05, rho_mean=1.000000, p_mean=0.726679, div_rms=7.335e-01, vort_rms=1.770e+00, mass_err=-1.282e-10
step= 54500, t=37.841748, dt=7.076e-04, KE=1.236697e-01, Mt=0.5037, A_K=0.194, Cuv=-0.133, P_in=1.048e-02, P_tgt=1.054e-02, A_F=0.033, K_low=0.227, P_drag=-5.490e-03, P_cool=-6.217e-03, WENO=0.169 (x=0.169, y=0.169), ReL2D=118.95, eps_nu=5.799e-03, P_hv=8.099e-05, rho_mean=1.000000, p_mean=0.726720, div_rms=7.240e-01, vort_rms=1.771e+00, mass_err=-1.288e-10
step= 54750, t=38.018015, dt=7.002e-04, KE=1.231741e-01, Mt=0.5017, A_K=0.176, Cuv=-0.090, P_in=1.040e-02, P_tgt=1.040e-02, A_F=0.062, K_low=0.224, P_drag=-5.412e-03, P_cool=-6.271e-03, WENO=0.166 (x=0.166, y=0.166), ReL2D=117.26, eps_nu=5.732e-03, P_hv=8.107e-05, rho_mean=1.000000, p_mean=0.726827, div_rms=7.051e-01, vort_rms=1.768e+00, mass_err=-1.294e-10
step= 55000, t=38.192093, dt=6.963e-04, KE=1.227660e-01, Mt=0.5011, A_K=0.156, Cuv=-0.057, P_in=1.031e-02, P_tgt=1.034e-02, A_F=0.049, K_low=0.223, P_drag=-5.372e-03, P_cool=-6.303e-03, WENO=0.167 (x=0.167, y=0.167), ReL2D=117.16, eps_nu=5.654e-03, P_hv=8.139e-05, rho_mean=1.000000, p_mean=0.726893, div_rms=6.902e-01, vort_rms=1.762e+00, mass_err=-1.299e-10
saved snapshot: results/hit2d/thesis_hit_campaign_v1/mach_Mt050_N256_seed1234/hit2d_step0055000.npz
step= 55250, t=38.365375, dt=6.905e-04, KE=1.229422e-01, Mt=0.5027, A_K=0.147, Cuv=-0.031, P_in=1.030e-02, P_tgt=1.025e-02, A_F=0.208, K_low=0.223, P_drag=-5.357e-03, P_cool=-6.220e-03, WENO=0.167 (x=0.167, y=0.167), ReL2D=117.49, eps_nu=5.684e-03, P_hv=8.149e-05, rho_mean=1.000000, p_mean=0.726725, div_rms=7.049e-01, vort_rms=1.760e+00, mass_err=-1.305e-10
step= 55500, t=38.535687, dt=6.814e-04, KE=1.227956e-01, Mt=0.5044, A_K=0.149, Cuv=-0.010, P_in=1.017e-02, P_tgt=1.007e-02, A_F=0.132, K_low=0.224, P_drag=-5.341e-03, P_cool=-6.201e-03, WENO=0.185 (x=0.185, y=0.185), ReL2D=118.93, eps_nu=5.732e-03, P_hv=8.069e-05, rho_mean=1.000000, p_mean=0.726688, div_rms=7.102e-01, vort_rms=1.766e+00, mass_err=-1.311e-10
step= 55750, t=38.709388, dt=7.038e-04, KE=1.220823e-01, Mt=0.5044, A_K=0.150, Cuv=0.012, P_in=9.880e-03, P_tgt=9.848e-03, A_F=0.157, K_low=0.223, P_drag=-5.275e-03, P_cool=-6.290e-03, WENO=0.184 (x=0.184, y=0.184), ReL2D=118.43, eps_nu=5.777e-03, P_hv=7.672e-05, rho_mean=1.000000, p_mean=0.726865, div_rms=6.935e-01, vort_rms=1.783e+00, mass_err=-1.317e-10
step= 56000, t=38.886243, dt=7.083e-04, KE=1.220465e-01, Mt=0.5042, A_K=0.131, Cuv=0.018, P_in=9.709e-03, P_tgt=9.639e-03, A_F=0.159, K_low=0.216, P_drag=-5.144e-03, P_cool=-6.238e-03, WENO=0.179 (x=0.179, y=0.179), ReL2D=114.87, eps_nu=5.890e-03, P_hv=7.431e-05, rho_mean=1.000000, p_mean=0.726762, div_rms=7.129e-01, vort_rms=1.794e+00, mass_err=-1.323e-10
step= 56250, t=39.061788, dt=6.968e-04, KE=1.223398e-01, Mt=0.5033, A_K=0.115, Cuv=0.021, P_in=9.474e-03, P_tgt=9.459e-03, A_F=0.021, K_low=0.206, P_drag=-4.954e-03, P_cool=-6.123e-03, WENO=0.174 (x=0.174, y=0.174), ReL2D=112.67, eps_nu=5.914e-03, P_hv=7.792e-05, rho_mean=1.000000, p_mean=0.726532, div_rms=7.381e-01, vort_rms=1.785e+00, mass_err=-1.329e-10
step= 56500, t=39.236874, dt=7.046e-04, KE=1.221077e-01, Mt=0.5018, A_K=0.104, Cuv=0.024, P_in=9.288e-03, P_tgt=9.338e-03, A_F=0.004, K_low=0.196, P_drag=-4.748e-03, P_cool=-6.115e-03, WENO=0.166 (x=0.166, y=0.166), ReL2D=110.79, eps_nu=5.911e-03, P_hv=7.647e-05, rho_mean=1.000000, p_mean=0.726517, div_rms=7.529e-01, vort_rms=1.776e+00, mass_err=-1.335e-10
step= 56750, t=39.410986, dt=6.836e-04, KE=1.211225e-01, Mt=0.5002, A_K=0.099, Cuv=0.027, P_in=9.200e-03, P_tgt=9.298e-03, A_F=0.063, K_low=0.188, P_drag=-4.554e-03, P_cool=-6.259e-03, WENO=0.155 (x=0.155, y=0.155), ReL2D=109.57, eps_nu=5.865e-03, P_hv=7.732e-05, rho_mean=1.000000, p_mean=0.726804, div_rms=7.322e-01, vort_rms=1.779e+00, mass_err=-1.341e-10
step= 57000, t=39.580527, dt=6.745e-04, KE=1.204215e-01, Mt=0.5000, A_K=0.086, Cuv=0.017, P_in=9.217e-03, P_tgt=9.293e-03, A_F=0.300, K_low=0.182, P_drag=-4.379e-03, P_cool=-6.349e-03, WENO=0.151 (x=0.151, y=0.151), ReL2D=108.22, eps_nu=5.879e-03, P_hv=8.372e-05, rho_mean=1.000000, p_mean=0.726984, div_rms=7.288e-01, vort_rms=1.783e+00, mass_err=-1.347e-10
step= 57250, t=39.748623, dt=6.734e-04, KE=1.198344e-01, Mt=0.4997, A_K=0.074, Cuv=-0.004, P_in=9.289e-03, P_tgt=9.295e-03, A_F=0.114, K_low=0.177, P_drag=-4.224e-03, P_cool=-6.422e-03, WENO=0.145 (x=0.145, y=0.145), ReL2D=106.01, eps_nu=5.922e-03, P_hv=8.837e-05, rho_mean=1.000000, p_mean=0.727130, div_rms=7.389e-01, vort_rms=1.786e+00, mass_err=-1.353e-10
step= 57500, t=39.918326, dt=6.854e-04, KE=1.189518e-01, Mt=0.4977, A_K=0.070, Cuv=-0.013, P_in=9.260e-03, P_tgt=9.350e-03, A_F=0.235, K_low=0.174, P_drag=-4.095e-03, P_cool=-6.557e-03, WENO=0.144 (x=0.144, y=0.144), ReL2D=103.26, eps_nu=5.941e-03, P_hv=8.975e-05, rho_mean=1.000000, p_mean=0.727399, div_rms=7.508e-01, vort_rms=1.782e+00, mass_err=-1.359e-10
saved snapshot: results/hit2d/thesis_hit_campaign_v1/mach_Mt050_N256_seed1234/hit2d_step0057500.npz
step= 57750, t=40.091553, dt=7.005e-04, KE=1.181370e-01, Mt=0.4950, A_K=0.075, Cuv=-0.008, P_in=9.591e-03, P_tgt=9.523e-03, A_F=0.032, K_low=0.171, P_drag=-4.000e-03, P_cool=-6.680e-03, WENO=0.149 (x=0.149, y=0.149), ReL2D=101.60, eps_nu=5.906e-03, P_hv=8.918e-05, rho_mean=1.000000, p_mean=0.727645, div_rms=7.501e-01, vort_rms=1.776e+00, mass_err=-1.365e-10
step= 58000, t=40.269140, dt=7.157e-04, KE=1.179125e-01, Mt=0.4936, A_K=0.087, Cuv=0.004, P_in=9.783e-03, P_tgt=9.808e-03, A_F=0.093, K_low=0.171, P_drag=-3.978e-03, P_cool=-6.690e-03, WENO=0.160 (x=0.160, y=0.160), ReL2D=101.07, eps_nu=5.876e-03, P_hv=8.504e-05, rho_mean=1.000000, p_mean=0.727666, div_rms=7.396e-01, vort_rms=1.777e+00, mass_err=-1.371e-10
step= 58250, t=40.446207, dt=7.004e-04, KE=1.181448e-01, Mt=0.4936, A_K=0.085, Cuv=0.020, P_in=1.020e-02, P_tgt=1.014e-02, A_F=0.135, K_low=0.174, P_drag=-4.049e-03, P_cool=-6.620e-03, WENO=0.159 (x=0.159, y=0.159), ReL2D=102.27, eps_nu=5.790e-03, P_hv=8.135e-05, rho_mean=1.000000, p_mean=0.727527, div_rms=7.168e-01, vort_rms=1.773e+00, mass_err=-1.376e-10
step= 58500, t=40.621512, dt=7.035e-04, KE=1.183211e-01, Mt=0.4948, A_K=0.082, Cuv=0.036, P_in=1.042e-02, P_tgt=1.045e-02, A_F=0.093, K_low=0.181, P_drag=-4.203e-03, P_cool=-6.571e-03, WENO=0.173 (x=0.173, y=0.173), ReL2D=104.02, eps_nu=5.698e-03, P_hv=7.792e-05, rho_mean=1.000000, p_mean=0.727428, div_rms=7.016e-01, vort_rms=1.764e+00, mass_err=-1.382e-10
step= 58750, t=40.797414, dt=7.066e-04, KE=1.182979e-01, Mt=0.4963, A_K=0.074, Cuv=0.053, P_in=1.066e-02, P_tgt=1.069e-02, A_F=0.137, K_low=0.193, P_drag=-4.421e-03, P_cool=-6.565e-03, WENO=0.165 (x=0.165, y=0.165), ReL2D=105.97, eps_nu=5.622e-03, P_hv=7.985e-05, rho_mean=1.000000, p_mean=0.727415, div_rms=6.848e-01, vort_rms=1.759e+00, mass_err=-1.388e-10
step= 59000, t=40.973556, dt=7.005e-04, KE=1.185716e-01, Mt=0.4980, A_K=0.057, Cuv=0.069, P_in=1.081e-02, P_tgt=1.084e-02, A_F=0.236, K_low=0.206, P_drag=-4.670e-03, P_cool=-6.496e-03, WENO=0.154 (x=0.154, y=0.154), ReL2D=106.64, eps_nu=5.621e-03, P_hv=8.381e-05, rho_mean=1.000000, p_mean=0.727278, div_rms=6.875e-01, vort_rms=1.757e+00, mass_err=-1.394e-10
step= 59250, t=41.146428, dt=6.892e-04, KE=1.189552e-01, Mt=0.4988, A_K=0.036, Cuv=0.080, P_in=1.095e-02, P_tgt=1.092e-02, A_F=0.022, K_low=0.219, P_drag=-4.916e-03, P_cool=-6.403e-03, WENO=0.155 (x=0.155, y=0.155), ReL2D=105.69, eps_nu=5.638e-03, P_hv=8.587e-05, rho_mean=1.000000, p_mean=0.727092, div_rms=7.020e-01, vort_rms=1.753e+00, mass_err=-1.400e-10
step= 59500, t=41.316877, dt=6.743e-04, KE=1.190480e-01, Mt=0.4991, A_K=0.018, Cuv=0.077, P_in=1.103e-02, P_tgt=1.098e-02, A_F=0.061, K_low=0.230, P_drag=-5.114e-03, P_cool=-6.367e-03, WENO=0.159 (x=0.159, y=0.159), ReL2D=105.93, eps_nu=5.604e-03, P_hv=8.576e-05, rho_mean=1.000000, p_mean=0.727019, div_rms=6.933e-01, vort_rms=1.751e+00, mass_err=-1.406e-10
step= 59750, t=41.483733, dt=6.619e-04, KE=1.192471e-01, Mt=0.4995, A_K=0.003, Cuv=0.065, P_in=1.107e-02, P_tgt=1.101e-02, A_F=0.016, K_low=0.236, P_drag=-5.257e-03, P_cool=-6.308e-03, WENO=0.151 (x=0.151, y=0.151), ReL2D=105.74, eps_nu=5.619e-03, P_hv=8.815e-05, rho_mean=1.000000, p_mean=0.726902, div_rms=6.973e-01, vort_rms=1.752e+00, mass_err=-1.412e-10
step= 60000, t=41.648004, dt=6.530e-04, KE=1.195603e-01, Mt=0.4991, A_K=0.008, Cuv=0.048, P_in=1.104e-02, P_tgt=1.104e-02, A_F=0.259, K_low=0.238, P_drag=-5.357e-03, P_cool=-6.228e-03, WENO=0.166 (x=0.166, y=0.166), ReL2D=104.21, eps_nu=5.638e-03, P_hv=8.498e-05, rho_mean=1.000000, p_mean=0.726741, div_rms=7.056e-01, vort_rms=1.751e+00, mass_err=-1.418e-10
saved snapshot: results/hit2d/thesis_hit_campaign_v1/mach_Mt050_N256_seed1234/hit2d_step0060000.npz
step= 60250, t=41.810871, dt=6.490e-04, KE=1.197866e-01, Mt=0.4974, A_K=0.016, Cuv=0.026, P_in=1.109e-02, P_tgt=1.114e-02, A_F=0.008, K_low=0.238, P_drag=-5.431e-03, P_cool=-6.167e-03, WENO=0.164 (x=0.164, y=0.164), ReL2D=103.45, eps_nu=5.579e-03, P_hv=8.625e-05, rho_mean=1.000000, p_mean=0.726619, div_rms=6.999e-01, vort_rms=1.743e+00, mass_err=-1.424e-10
step= 60500, t=41.973512, dt=6.540e-04, KE=1.198785e-01, Mt=0.4955, A_K=0.024, Cuv=0.006, P_in=1.135e-02, P_tgt=1.134e-02, A_F=0.070, K_low=0.237, P_drag=-5.485e-03, P_cool=-6.138e-03, WENO=0.161 (x=0.161, y=0.161), ReL2D=103.86, eps_nu=5.509e-03, P_hv=8.611e-05, rho_mean=1.000000, p_mean=0.726561, div_rms=6.897e-01, vort_rms=1.735e+00, mass_err=-1.430e-10
step= 60750, t=42.139114, dt=6.722e-04, KE=1.198701e-01, Mt=0.4943, A_K=0.035, Cuv=-0.008, P_in=1.159e-02, P_tgt=1.165e-02, A_F=0.145, K_low=0.237, P_drag=-5.550e-03, P_cool=-6.134e-03, WENO=0.157 (x=0.157, y=0.157), ReL2D=104.93, eps_nu=5.432e-03, P_hv=8.305e-05, rho_mean=1.000000, p_mean=0.726554, div_rms=6.741e-01, vort_rms=1.728e+00, mass_err=-1.436e-10
step= 61000, t=42.307998, dt=6.735e-04, KE=1.201582e-01, Mt=0.4954, A_K=0.046, Cuv=-0.029, P_in=1.201e-02, P_tgt=1.197e-02, A_F=0.144, K_low=0.241, P_drag=-5.646e-03, P_cool=-6.079e-03, WENO=0.170 (x=0.170, y=0.170), ReL2D=105.10, eps_nu=5.465e-03, P_hv=8.003e-05, rho_mean=1.000000, p_mean=0.726444, div_rms=6.906e-01, vort_rms=1.726e+00, mass_err=-1.442e-10
step= 61250, t=42.475739, dt=6.718e-04, KE=1.204862e-01, Mt=0.4983, A_K=0.053, Cuv=-0.045, P_in=1.220e-02, P_tgt=1.217e-02, A_F=0.028, K_low=0.247, P_drag=-5.731e-03, P_cool=-6.024e-03, WENO=0.154 (x=0.154, y=0.154), ReL2D=105.36, eps_nu=5.537e-03, P_hv=8.075e-05, rho_mean=1.000000, p_mean=0.726335, div_rms=7.078e-01, vort_rms=1.730e+00, mass_err=-1.448e-10
step= 61500, t=42.644540, dt=6.815e-04, KE=1.207808e-01, Mt=0.5013, A_K=0.058, Cuv=-0.067, P_in=1.219e-02, P_tgt=1.218e-02, A_F=0.045, K_low=0.250, P_drag=-5.749e-03, P_cool=-5.979e-03, WENO=0.149 (x=0.149, y=0.149), ReL2D=105.06, eps_nu=5.624e-03, P_hv=8.280e-05, rho_mean=1.000000, p_mean=0.726245, div_rms=7.335e-01, vort_rms=1.733e+00, mass_err=-1.453e-10
step= 61750, t=42.816955, dt=6.933e-04, KE=1.207371e-01, Mt=0.5025, A_K=0.061, Cuv=-0.086, P_in=1.186e-02, P_tgt=1.205e-02, A_F=0.020, K_low=0.249, P_drag=-5.669e-03, P_cool=-6.002e-03, WENO=0.150 (x=0.150, y=0.150), ReL2D=105.18, eps_nu=5.614e-03, P_hv=7.978e-05, rho_mean=1.000000, p_mean=0.726289, div_rms=7.359e-01, vort_rms=1.729e+00, mass_err=-1.459e-10
step= 62000, t=42.989673, dt=6.877e-04, KE=1.203284e-01, Mt=0.5008, A_K=0.065, Cuv=-0.101, P_in=1.188e-02, P_tgt=1.194e-02, A_F=0.061, K_low=0.242, P_drag=-5.501e-03, P_cool=-6.097e-03, WENO=0.151 (x=0.151, y=0.151), ReL2D=104.21, eps_nu=5.565e-03, P_hv=7.744e-05, rho_mean=1.000000, p_mean=0.726480, div_rms=7.343e-01, vort_rms=1.721e+00, mass_err=-1.465e-10
step= 62250, t=43.160538, dt=6.802e-04, KE=1.197639e-01, Mt=0.4984, A_K=0.089, Cuv=-0.103, P_in=1.198e-02, P_tgt=1.197e-02, A_F=0.155, K_low=0.232, P_drag=-5.281e-03, P_cool=-6.224e-03, WENO=0.146 (x=0.146, y=0.146), ReL2D=104.17, eps_nu=5.504e-03, P_hv=7.815e-05, rho_mean=1.000000, p_mean=0.726733, div_rms=7.294e-01, vort_rms=1.712e+00, mass_err=-1.471e-10
step= 62500, t=43.330219, dt=6.746e-04, KE=1.198122e-01, Mt=0.4964, A_K=0.104, Cuv=-0.089, P_in=1.213e-02, P_tgt=1.213e-02, A_F=0.017, K_low=0.219, P_drag=-5.072e-03, P_cool=-6.235e-03, WENO=0.148 (x=0.148, y=0.148), ReL2D=104.72, eps_nu=5.460e-03, P_hv=8.016e-05, rho_mean=1.000000, p_mean=0.726756, div_rms=7.307e-01, vort_rms=1.703e+00, mass_err=-1.477e-10
saved snapshot: results/hit2d/thesis_hit_campaign_v1/mach_Mt050_N256_seed1234/hit2d_step0062500.npz
step= 62750, t=43.498484, dt=6.757e-04, KE=1.205068e-01, Mt=0.4956, A_K=0.118, Cuv=-0.075, P_in=1.233e-02, P_tgt=1.239e-02, A_F=0.134, K_low=0.207, P_drag=-4.898e-03, P_cool=-6.134e-03, WENO=0.138 (x=0.138, y=0.138), ReL2D=105.27, eps_nu=5.439e-03, P_hv=8.232e-05, rho_mean=1.000000, p_mean=0.726553, div_rms=7.313e-01, vort_rms=1.698e+00, mass_err=-1.483e-10
step= 63000, t=43.668357, dt=6.783e-04, KE=1.212388e-01, Mt=0.4970, A_K=0.125, Cuv=-0.065, P_in=1.251e-02, P_tgt=1.264e-02, A_F=0.003, K_low=0.198, P_drag=-4.770e-03, P_cool=-6.043e-03, WENO=0.129 (x=0.129, y=0.129), ReL2D=106.37, eps_nu=5.380e-03, P_hv=8.353e-05, rho_mean=1.000000, p_mean=0.726371, div_rms=7.123e-01, vort_rms=1.697e+00, mass_err=-1.489e-10
step= 63250, t=43.836114, dt=6.694e-04, KE=1.215329e-01, Mt=0.4995, A_K=0.121, Cuv=-0.056, P_in=1.296e-02, P_tgt=1.274e-02, A_F=0.406, K_low=0.194, P_drag=-4.704e-03, P_cool=-6.050e-03, WENO=0.136 (x=0.136, y=0.136), ReL2D=108.37, eps_nu=5.282e-03, P_hv=8.195e-05, rho_mean=1.000000, p_mean=0.726386, div_rms=6.879e-01, vort_rms=1.692e+00, mass_err=-1.495e-10
step= 63500, t=44.003502, dt=6.661e-04, KE=1.211912e-01, Mt=0.5015, A_K=0.116, Cuv=-0.056, P_in=1.262e-02, P_tgt=1.271e-02, A_F=0.085, K_low=0.195, P_drag=-4.703e-03, P_cool=-6.185e-03, WENO=0.156 (x=0.156, y=0.156), ReL2D=110.89, eps_nu=5.172e-03, P_hv=7.608e-05, rho_mean=1.000000, p_mean=0.726655, div_rms=6.601e-01, vort_rms=1.685e+00, mass_err=-1.501e-10
step= 63750, t=44.168483, dt=6.557e-04, KE=1.210295e-01, Mt=0.5026, A_K=0.103, Cuv=-0.059, P_in=1.255e-02, P_tgt=1.258e-02, A_F=0.051, K_low=0.199, P_drag=-4.755e-03, P_cool=-6.274e-03, WENO=0.158 (x=0.158, y=0.158), ReL2D=111.54, eps_nu=5.158e-03, P_hv=7.182e-05, rho_mean=1.000000, p_mean=0.726833, div_rms=6.667e-01, vort_rms=1.679e+00, mass_err=-1.507e-10
step= 64000, t=44.329122, dt=6.347e-04, KE=1.208657e-01, Mt=0.5028, A_K=0.091, Cuv=-0.058, P_in=1.247e-02, P_tgt=1.240e-02, A_F=0.148, K_low=0.205, P_drag=-4.840e-03, P_cool=-6.352e-03, WENO=0.165 (x=0.165, y=0.165), ReL2D=111.83, eps_nu=5.163e-03, P_hv=7.209e-05, rho_mean=1.000000, p_mean=0.726989, div_rms=6.779e-01, vort_rms=1.674e+00, mass_err=-1.513e-10
step= 64250, t=44.489543, dt=6.506e-04, KE=1.202824e-01, Mt=0.5019, A_K=0.077, Cuv=-0.049, P_in=1.231e-02, P_tgt=1.226e-02, A_F=0.193, K_low=0.212, P_drag=-4.946e-03, P_cool=-6.501e-03, WENO=0.163 (x=0.163, y=0.163), ReL2D=111.67, eps_nu=5.158e-03, P_hv=7.085e-05, rho_mean=1.000000, p_mean=0.727288, div_rms=6.820e-01, vort_rms=1.670e+00, mass_err=-1.519e-10
step= 64500, t=44.653877, dt=6.628e-04, KE=1.198082e-01, Mt=0.5014, A_K=0.058, Cuv=-0.029, P_in=1.216e-02, P_tgt=1.216e-02, A_F=0.140, K_low=0.218, P_drag=-5.065e-03, P_cool=-6.619e-03, WENO=0.177 (x=0.177, y=0.177), ReL2D=111.86, eps_nu=5.164e-03, P_hv=7.419e-05, rho_mean=1.000000, p_mean=0.727525, div_rms=6.812e-01, vort_rms=1.672e+00, mass_err=-1.525e-10
step= 64750, t=44.821001, dt=6.750e-04, KE=1.200547e-01, Mt=0.5023, A_K=0.031, Cuv=-0.015, P_in=1.205e-02, P_tgt=1.205e-02, A_F=0.093, K_low=0.223, P_drag=-5.199e-03, P_cool=-6.586e-03, WENO=0.180 (x=0.180, y=0.180), ReL2D=112.82, eps_nu=5.228e-03, P_hv=7.512e-05, rho_mean=1.000000, p_mean=0.727458, div_rms=6.933e-01, vort_rms=1.678e+00, mass_err=-1.531e-10
step= 65000, t=44.990730, dt=6.810e-04, KE=1.208611e-01, Mt=0.5034, A_K=0.003, Cuv=-0.005, P_in=1.186e-02, P_tgt=1.189e-02, A_F=0.088, K_low=0.227, P_drag=-5.360e-03, P_cool=-6.433e-03, WENO=0.180 (x=0.180, y=0.180), ReL2D=113.74, eps_nu=5.256e-03, P_hv=7.413e-05, rho_mean=1.000000, p_mean=0.727152, div_rms=6.965e-01, vort_rms=1.682e+00, mass_err=-1.536e-10
saved snapshot: results/hit2d/thesis_hit_campaign_v1/mach_Mt050_N256_seed1234/hit2d_step0065000.npz
step= 65250, t=45.162286, dt=6.911e-04, KE=1.218573e-01, Mt=0.5042, A_K=0.026, Cuv=-0.006, P_in=1.165e-02, P_tgt=1.166e-02, A_F=0.110, K_low=0.233, P_drag=-5.566e-03, P_cool=-6.233e-03, WENO=0.185 (x=0.185, y=0.185), ReL2D=114.14, eps_nu=5.235e-03, P_hv=7.302e-05, rho_mean=1.000000, p_mean=0.726751, div_rms=6.967e-01, vort_rms=1.678e+00, mass_err=-1.542e-10
step= 65500, t=45.332678, dt=6.753e-04, KE=1.226406e-01, Mt=0.5049, A_K=0.048, Cuv=-0.024, P_in=1.137e-02, P_tgt=1.141e-02, A_F=0.048, K_low=0.243, P_drag=-5.815e-03, P_cool=-6.062e-03, WENO=0.183 (x=0.183, y=0.183), ReL2D=114.76, eps_nu=5.224e-03, P_hv=6.778e-05, rho_mean=1.000000, p_mean=0.726409, div_rms=7.004e-01, vort_rms=1.674e+00, mass_err=-1.548e-10
step= 65750, t=45.499398, dt=6.579e-04, KE=1.232223e-01, Mt=0.5062, A_K=0.055, Cuv=-0.045, P_in=1.113e-02, P_tgt=1.110e-02, A_F=0.056, K_low=0.254, P_drag=-6.079e-03, P_cool=-5.919e-03, WENO=0.185 (x=0.185, y=0.185), ReL2D=114.67, eps_nu=5.272e-03, P_hv=6.715e-05, rho_mean=1.000000, p_mean=0.726125, div_rms=7.139e-01, vort_rms=1.675e+00, mass_err=-1.554e-10
step= 66000, t=45.662396, dt=6.489e-04, KE=1.234329e-01, Mt=0.5066, A_K=0.048, Cuv=-0.059, P_in=1.075e-02, P_tgt=1.075e-02, A_F=0.268, K_low=0.264, P_drag=-6.332e-03, P_cool=-5.840e-03, WENO=0.166 (x=0.166, y=0.166), ReL2D=114.48, eps_nu=5.298e-03, P_hv=7.103e-05, rho_mean=1.000000, p_mean=0.725965, div_rms=7.262e-01, vort_rms=1.673e+00, mass_err=-1.560e-10
step= 66250, t=45.823992, dt=6.442e-04, KE=1.231375e-01, Mt=0.5059, A_K=0.034, Cuv=-0.059, P_in=1.047e-02, P_tgt=1.042e-02, A_F=0.161, K_low=0.275, P_drag=-6.558e-03, P_cool=-5.845e-03, WENO=0.158 (x=0.158, y=0.158), ReL2D=114.04, eps_nu=5.286e-03, P_hv=7.336e-05, rho_mean=1.000000, p_mean=0.725976, div_rms=7.347e-01, vort_rms=1.666e+00, mass_err=-1.566e-10
step= 66500, t=45.985210, dt=6.440e-04, KE=1.226613e-01, Mt=0.5055, A_K=0.029, Cuv=-0.050, P_in=1.018e-02, P_tgt=1.014e-02, A_F=0.027, K_low=0.284, P_drag=-6.747e-03, P_cool=-5.869e-03, WENO=0.149 (x=0.149, y=0.149), ReL2D=114.11, eps_nu=5.297e-03, P_hv=7.549e-05, rho_mean=1.000000, p_mean=0.726023, div_rms=7.428e-01, vort_rms=1.664e+00, mass_err=-1.572e-10
step= 66750, t=46.146751, dt=6.499e-04, KE=1.222977e-01, Mt=0.5050, A_K=0.034, Cuv=-0.042, P_in=9.841e-03, P_tgt=9.876e-03, A_F=0.133, K_low=0.292, P_drag=-6.893e-03, P_cool=-5.855e-03, WENO=0.148 (x=0.148, y=0.148), ReL2D=114.84, eps_nu=5.262e-03, P_hv=7.498e-05, rho_mean=1.000000, p_mean=0.725995, div_rms=7.317e-01, vort_rms=1.663e+00, mass_err=-1.578e-10
step= 67000, t=46.310706, dt=6.624e-04, KE=1.217447e-01, Mt=0.5031, A_K=0.041, Cuv=-0.039, P_in=9.701e-03, P_tgt=9.676e-03, A_F=0.176, K_low=0.297, P_drag=-6.990e-03, P_cool=-5.866e-03, WENO=0.152 (x=0.152, y=0.152), ReL2D=116.16, eps_nu=5.171e-03, P_hv=7.043e-05, rho_mean=1.000000, p_mean=0.726018, div_rms=7.030e-01, vort_rms=1.662e+00, mass_err=-1.584e-10
step= 67250, t=46.477694, dt=6.734e-04, KE=1.212358e-01, Mt=0.5005, A_K=0.050, Cuv=-0.041, P_in=9.605e-03, P_tgt=9.590e-03, A_F=0.253, K_low=0.299, P_drag=-7.047e-03, P_cool=-5.860e-03, WENO=0.161 (x=0.161, y=0.161), ReL2D=116.84, eps_nu=5.088e-03, P_hv=6.970e-05, rho_mean=1.000000, p_mean=0.726007, div_rms=6.790e-01, vort_rms=1.658e+00, mass_err=-1.590e-10
step= 67500, t=46.647071, dt=6.819e-04, KE=1.205483e-01, Mt=0.4984, A_K=0.055, Cuv=-0.046, P_in=9.578e-03, P_tgt=9.620e-03, A_F=0.061, K_low=0.303, P_drag=-7.094e-03, P_cool=-5.887e-03, WENO=0.152 (x=0.152, y=0.152), ReL2D=118.43, eps_nu=4.998e-03, P_hv=6.797e-05, rho_mean=1.000000, p_mean=0.726060, div_rms=6.513e-01, vort_rms=1.655e+00, mass_err=-1.596e-10
saved snapshot: results/hit2d/thesis_hit_campaign_v1/mach_Mt050_N256_seed1234/hit2d_step0067500.npz
step= 67750, t=46.818503, dt=6.919e-04, KE=1.195749e-01, Mt=0.4973, A_K=0.054, Cuv=-0.049, P_in=9.690e-03, P_tgt=9.725e-03, A_F=0.134, K_low=0.308, P_drag=-7.143e-03, P_cool=-5.969e-03, WENO=0.145 (x=0.145, y=0.145), ReL2D=119.83, eps_nu=4.968e-03, P_hv=6.449e-05, rho_mean=1.000000, p_mean=0.726225, div_rms=6.400e-01, vort_rms=1.655e+00, mass_err=-1.602e-10
step= 68000, t=46.993339, dt=7.047e-04, KE=1.182227e-01, Mt=0.4956, A_K=0.061, Cuv=-0.053, P_in=9.893e-03, P_tgt=9.900e-03, A_F=0.239, K_low=0.315, P_drag=-7.192e-03, P_cool=-6.123e-03, WENO=0.132 (x=0.132, y=0.132), ReL2D=122.04, eps_nu=4.901e-03, P_hv=6.471e-05, rho_mean=1.000000, p_mean=0.726531, div_rms=6.171e-01, vort_rms=1.653e+00, mass_err=-1.608e-10
step= 68250, t=47.170547, dt=7.111e-04, KE=1.170713e-01, Mt=0.4935, A_K=0.075, Cuv=-0.055, P_in=1.026e-02, P_tgt=1.018e-02, A_F=0.021, K_low=0.321, P_drag=-7.241e-03, P_cool=-6.236e-03, WENO=0.153 (x=0.153, y=0.153), ReL2D=122.58, eps_nu=4.856e-03, P_hv=6.361e-05, rho_mean=1.000000, p_mean=0.726758, div_rms=6.040e-01, vort_rms=1.651e+00, mass_err=-1.614e-10
step= 68500, t=47.348332, dt=7.072e-04, KE=1.163960e-01, Mt=0.4925, A_K=0.081, Cuv=-0.057, P_in=1.051e-02, P_tgt=1.056e-02, A_F=0.026, K_low=0.326, P_drag=-7.284e-03, P_cool=-6.260e-03, WENO=0.168 (x=0.168, y=0.168), ReL2D=120.80, eps_nu=4.877e-03, P_hv=6.159e-05, rho_mean=1.000000, p_mean=0.726807, div_rms=6.036e-01, vort_rms=1.655e+00, mass_err=-1.620e-10
step= 68750, t=47.524489, dt=7.015e-04, KE=1.161784e-01, Mt=0.4927, A_K=0.086, Cuv=-0.067, P_in=1.098e-02, P_tgt=1.097e-02, A_F=0.121, K_low=0.331, P_drag=-7.344e-03, P_cool=-6.206e-03, WENO=0.166 (x=0.166, y=0.166), ReL2D=119.89, eps_nu=4.916e-03, P_hv=6.226e-05, rho_mean=1.000000, p_mean=0.726697, div_rms=6.060e-01, vort_rms=1.662e+00, mass_err=-1.626e-10
step= 69000, t=47.698265, dt=6.893e-04, KE=1.161661e-01, Mt=0.4924, A_K=0.093, Cuv=-0.090, P_in=1.134e-02, P_tgt=1.139e-02, A_F=0.090, K_low=0.335, P_drag=-7.404e-03, P_cool=-6.123e-03, WENO=0.153 (x=0.153, y=0.153), ReL2D=118.95, eps_nu=4.936e-03, P_hv=6.331e-05, rho_mean=1.000000, p_mean=0.726532, div_rms=6.078e-01, vort_rms=1.665e+00, mass_err=-1.631e-10
step= 69250, t=47.869214, dt=6.764e-04, KE=1.161921e-01, Mt=0.4913, A_K=0.095, Cuv=-0.115, P_in=1.185e-02, P_tgt=1.187e-02, A_F=0.079, K_low=0.334, P_drag=-7.439e-03, P_cool=-6.050e-03, WENO=0.148 (x=0.148, y=0.148), ReL2D=117.13, eps_nu=4.950e-03, P_hv=6.782e-05, rho_mean=1.000000, p_mean=0.726385, div_rms=6.165e-01, vort_rms=1.663e+00, mass_err=-1.637e-10
step= 69500, t=48.034650, dt=6.543e-04, KE=1.160807e-01, Mt=0.4900, A_K=0.093, Cuv=-0.126, P_in=1.241e-02, P_tgt=1.245e-02, A_F=0.181, K_low=0.332, P_drag=-7.459e-03, P_cool=-6.027e-03, WENO=0.153 (x=0.153, y=0.153), ReL2D=115.99, eps_nu=4.945e-03, P_hv=6.973e-05, rho_mean=1.000000, p_mean=0.726339, div_rms=6.177e-01, vort_rms=1.662e+00, mass_err=-1.643e-10
step= 69750, t=48.198555, dt=6.592e-04, KE=1.157744e-01, Mt=0.4889, A_K=0.089, Cuv=-0.133, P_in=1.311e-02, P_tgt=1.315e-02, A_F=0.042, K_low=0.332, P_drag=-7.483e-03, P_cool=-6.065e-03, WENO=0.168 (x=0.168, y=0.168), ReL2D=114.29, eps_nu=4.930e-03, P_hv=6.603e-05, rho_mean=1.000000, p_mean=0.726415, div_rms=6.106e-01, vort_rms=1.662e+00, mass_err=-1.649e-10
step= 70000, t=48.364659, dt=6.720e-04, KE=1.157910e-01, Mt=0.4893, A_K=0.073, Cuv=-0.135, P_in=1.401e-02, P_tgt=1.393e-02, A_F=0.156, K_low=0.333, P_drag=-7.510e-03, P_cool=-6.062e-03, WENO=0.167 (x=0.167, y=0.167), ReL2D=113.55, eps_nu=4.939e-03, P_hv=6.178e-05, rho_mean=1.000000, p_mean=0.726411, div_rms=6.036e-01, vort_rms=1.667e+00, mass_err=-1.655e-10
saved snapshot: results/hit2d/thesis_hit_campaign_v1/mach_Mt050_N256_seed1234/hit2d_step0070000.npz
step= 70250, t=48.534308, dt=6.857e-04, KE=1.164992e-01, Mt=0.4919, A_K=0.054, Cuv=-0.136, P_in=1.456e-02, P_tgt=1.463e-02, A_F=0.026, K_low=0.332, P_drag=-7.512e-03, P_cool=-5.948e-03, WENO=0.164 (x=0.164, y=0.164), ReL2D=113.84, eps_nu=4.997e-03, P_hv=6.156e-05, rho_mean=1.000000, p_mean=0.726182, div_rms=6.118e-01, vort_rms=1.675e+00, mass_err=-1.661e-10
step= 70500, t=48.707030, dt=6.914e-04, KE=1.172411e-01, Mt=0.4947, A_K=0.044, Cuv=-0.155, P_in=1.521e-02, P_tgt=1.514e-02, A_F=0.082, K_low=0.329, P_drag=-7.438e-03, P_cool=-5.853e-03, WENO=0.167 (x=0.167, y=0.167), ReL2D=114.98, eps_nu=5.049e-03, P_hv=6.370e-05, rho_mean=1.000000, p_mean=0.725991, div_rms=6.174e-01, vort_rms=1.682e+00, mass_err=-1.667e-10
step= 70750, t=48.880212, dt=6.955e-04, KE=1.178719e-01, Mt=0.4965, A_K=0.057, Cuv=-0.181, P_in=1.549e-02, P_tgt=1.548e-02, A_F=0.185, K_low=0.321, P_drag=-7.250e-03, P_cool=-5.801e-03, WENO=0.171 (x=0.171, y=0.171), ReL2D=115.78, eps_nu=5.065e-03, P_hv=6.581e-05, rho_mean=1.000000, p_mean=0.725888, div_rms=6.066e-01, vort_rms=1.691e+00, mass_err=-1.673e-10
step= 71000, t=49.055600, dt=7.083e-04, KE=1.191720e-01, Mt=0.4990, A_K=0.078, Cuv=-0.185, P_in=1.587e-02, P_tgt=1.566e-02, A_F=0.161, K_low=0.306, P_drag=-6.958e-03, P_cool=-5.639e-03, WENO=0.179 (x=0.179, y=0.179), ReL2D=116.08, eps_nu=5.154e-03, P_hv=6.593e-05, rho_mean=1.000000, p_mean=0.725564, div_rms=6.235e-01, vort_rms=1.700e+00, mass_err=-1.679e-10
step= 71250, t=49.234412, dt=7.164e-04, KE=1.203401e-01, Mt=0.5013, A_K=0.098, Cuv=-0.178, P_in=1.562e-02, P_tgt=1.564e-02, A_F=0.079, K_low=0.286, P_drag=-6.583e-03, P_cool=-5.527e-03, WENO=0.170 (x=0.170, y=0.170), ReL2D=115.94, eps_nu=5.213e-03, P_hv=6.502e-05, rho_mean=1.000000, p_mean=0.725340, div_rms=6.240e-01, vort_rms=1.711e+00, mass_err=-1.685e-10
step= 71500, t=49.412762, dt=7.103e-04, KE=1.211670e-01, Mt=0.5025, A_K=0.104, Cuv=-0.169, P_in=1.555e-02, P_tgt=1.548e-02, A_F=0.213, K_low=0.265, P_drag=-6.175e-03, P_cool=-5.495e-03, WENO=0.163 (x=0.163, y=0.163), ReL2D=114.81, eps_nu=5.313e-03, P_hv=6.682e-05, rho_mean=1.000000, p_mean=0.725276, div_rms=6.472e-01, vort_rms=1.719e+00, mass_err=-1.691e-10
step= 71750, t=49.588306, dt=6.915e-04, KE=1.211531e-01, Mt=0.5017, A_K=0.104, Cuv=-0.152, P_in=1.547e-02, P_tgt=1.531e-02, A_F=0.055, K_low=0.246, P_drag=-5.772e-03, P_cool=-5.634e-03, WENO=0.159 (x=0.159, y=0.159), ReL2D=112.87, eps_nu=5.402e-03, P_hv=7.114e-05, rho_mean=1.000000, p_mean=0.725553, div_rms=6.677e-01, vort_rms=1.726e+00, mass_err=-1.696e-10
step= 72000, t=49.758738, dt=6.746e-04, KE=1.205717e-01, Mt=0.5002, A_K=0.100, Cuv=-0.134, P_in=1.523e-02, P_tgt=1.524e-02, A_F=0.041, K_low=0.228, P_drag=-5.382e-03, P_cool=-5.882e-03, WENO=0.162 (x=0.162, y=0.162), ReL2D=110.54, eps_nu=5.489e-03, P_hv=7.491e-05, rho_mean=1.000000, p_mean=0.726050, div_rms=6.808e-01, vort_rms=1.735e+00, mass_err=-1.702e-10
step= 72250, t=49.926705, dt=6.695e-04, KE=1.202855e-01, Mt=0.4994, A_K=0.097, Cuv=-0.119, P_in=1.525e-02, P_tgt=1.526e-02, A_F=0.179, K_low=0.211, P_drag=-5.001e-03, P_cool=-6.073e-03, WENO=0.156 (x=0.156, y=0.156), ReL2D=109.25, eps_nu=5.601e-03, P_hv=7.800e-05, rho_mean=1.000000, p_mean=0.726432, div_rms=6.954e-01, vort_rms=1.749e+00, mass_err=-1.708e-10
step= 72500, t=50.093571, dt=6.675e-04, KE=1.207349e-01, Mt=0.4997, A_K=0.091, Cuv=-0.110, P_in=1.491e-02, P_tgt=1.530e-02, A_F=0.149, K_low=0.196, P_drag=-4.671e-03, P_cool=-6.127e-03, WENO=0.159 (x=0.159, y=0.159), ReL2D=109.59, eps_nu=5.669e-03, P_hv=8.137e-05, rho_mean=1.000000, p_mean=0.726540, div_rms=7.014e-01, vort_rms=1.759e+00, mass_err=-1.714e-10
saved snapshot: results/hit2d/thesis_hit_campaign_v1/mach_Mt050_N256_seed1234/hit2d_step0072500.npz
step= 72750, t=50.259791, dt=6.620e-04, KE=1.219990e-01, Mt=0.5025, A_K=0.079, Cuv=-0.117, P_in=1.540e-02, P_tgt=1.523e-02, A_F=0.015, K_low=0.184, P_drag=-4.438e-03, P_cool=-6.029e-03, WENO=0.171 (x=0.171, y=0.171), ReL2D=111.09, eps_nu=5.712e-03, P_hv=8.304e-05, rho_mean=1.000000, p_mean=0.726343, div_rms=7.073e-01, vort_rms=1.764e+00, mass_err=-1.720e-10
step= 73000, t=50.426068, dt=6.700e-04, KE=1.238138e-01, Mt=0.5060, A_K=0.056, Cuv=-0.141, P_in=1.473e-02, P_tgt=1.491e-02, A_F=0.034, K_low=0.177, P_drag=-4.330e-03, P_cool=-5.826e-03, WENO=0.152 (x=0.152, y=0.152), ReL2D=112.07, eps_nu=5.764e-03, P_hv=8.089e-05, rho_mean=1.000000, p_mean=0.725937, div_rms=7.301e-01, vort_rms=1.761e+00, mass_err=-1.726e-10
step= 73250, t=50.595427, dt=6.836e-04, KE=1.254691e-01, Mt=0.5091, A_K=0.035, Cuv=-0.159, P_in=1.440e-02, P_tgt=1.437e-02, A_F=0.227, K_low=0.174, P_drag=-4.315e-03, P_cool=-5.652e-03, WENO=0.148 (x=0.148, y=0.148), ReL2D=112.98, eps_nu=5.792e-03, P_hv=7.770e-05, rho_mean=1.000000, p_mean=0.725590, div_rms=7.429e-01, vort_rms=1.759e+00, mass_err=-1.732e-10
step= 73500, t=50.767692, dt=6.938e-04, KE=1.264708e-01, Mt=0.5107, A_K=0.023, Cuv=-0.168, P_in=1.367e-02, P_tgt=1.368e-02, A_F=0.161, K_low=0.175, P_drag=-4.369e-03, P_cool=-5.593e-03, WENO=0.153 (x=0.153, y=0.153), ReL2D=113.01, eps_nu=5.814e-03, P_hv=7.404e-05, rho_mean=1.000000, p_mean=0.725472, div_rms=7.425e-01, vort_rms=1.763e+00, mass_err=-1.738e-10
step= 73750, t=50.942463, dt=6.952e-04, KE=1.267040e-01, Mt=0.5103, A_K=0.007, Cuv=-0.169, P_in=1.298e-02, P_tgt=1.299e-02, A_F=0.167, K_low=0.177, P_drag=-4.448e-03, P_cool=-5.662e-03, WENO=0.155 (x=0.155, y=0.155), ReL2D=112.91, eps_nu=5.800e-03, P_hv=7.269e-05, rho_mean=1.000000, p_mean=0.725610, div_rms=7.258e-01, vort_rms=1.770e+00, mass_err=-1.744e-10
step= 74000, t=51.114700, dt=6.841e-04, KE=1.268725e-01, Mt=0.5101, A_K=0.007, Cuv=-0.164, P_in=1.227e-02, P_tgt=1.237e-02, A_F=0.182, K_low=0.180, P_drag=-4.524e-03, P_cool=-5.715e-03, WENO=0.167 (x=0.167, y=0.167), ReL2D=113.19, eps_nu=5.789e-03, P_hv=7.534e-05, rho_mean=1.000000, p_mean=0.725715, div_rms=7.143e-01, vort_rms=1.774e+00, mass_err=-1.750e-10
step= 74250, t=51.284733, dt=6.789e-04, KE=1.268365e-01, Mt=0.5101, A_K=0.015, Cuv=-0.159, P_in=1.181e-02, P_tgt=1.177e-02, A_F=0.155, K_low=0.184, P_drag=-4.606e-03, P_cool=-5.782e-03, WENO=0.173 (x=0.173, y=0.173), ReL2D=114.90, eps_nu=5.766e-03, P_hv=7.870e-05, rho_mean=1.000000, p_mean=0.725851, div_rms=7.019e-01, vort_rms=1.777e+00, mass_err=-1.756e-10
step= 74500, t=51.454730, dt=6.817e-04, KE=1.267530e-01, Mt=0.5100, A_K=0.015, Cuv=-0.145, P_in=1.118e-02, P_tgt=1.121e-02, A_F=0.252, K_low=0.190, P_drag=-4.713e-03, P_cool=-5.834e-03, WENO=0.177 (x=0.177, y=0.177), ReL2D=116.19, eps_nu=5.729e-03, P_hv=7.943e-05, rho_mean=1.000000, p_mean=0.725953, div_rms=6.908e-01, vort_rms=1.776e+00, mass_err=-1.762e-10
step= 74750, t=51.624900, dt=6.800e-04, KE=1.266949e-01, Mt=0.5098, A_K=0.009, Cuv=-0.122, P_in=1.062e-02, P_tgt=1.069e-02, A_F=0.147, K_low=0.197, P_drag=-4.859e-03, P_cool=-5.856e-03, WENO=0.176 (x=0.176, y=0.176), ReL2D=116.72, eps_nu=5.693e-03, P_hv=8.014e-05, rho_mean=1.000000, p_mean=0.725997, div_rms=6.767e-01, vort_rms=1.776e+00, mass_err=-1.768e-10
step= 75000, t=51.792201, dt=6.568e-04, KE=1.265167e-01, Mt=0.5096, A_K=0.005, Cuv=-0.096, P_in=1.026e-02, P_tgt=1.019e-02, A_F=0.230, K_low=0.206, P_drag=-5.056e-03, P_cool=-5.878e-03, WENO=0.169 (x=0.169, y=0.169), ReL2D=116.19, eps_nu=5.696e-03, P_hv=8.136e-05, rho_mean=1.000000, p_mean=0.726043, div_rms=6.792e-01, vort_rms=1.775e+00, mass_err=-1.774e-10
saved snapshot: results/hit2d/thesis_hit_campaign_v1/mach_Mt050_N256_seed1234/hit2d_step0075000.npz
step= 75250, t=51.954871, dt=6.459e-04, KE=1.257420e-01, Mt=0.5078, A_K=0.026, Cuv=-0.072, P_in=9.870e-03, P_tgt=9.762e-03, A_F=0.394, K_low=0.217, P_drag=-5.303e-03, P_cool=-5.997e-03, WENO=0.168 (x=0.168, y=0.168), ReL2D=116.01, eps_nu=5.631e-03, P_hv=7.844e-05, rho_mean=1.000000, p_mean=0.726279, div_rms=6.734e-01, vort_rms=1.766e+00, mass_err=-1.780e-10
step= 75500, t=52.115559, dt=6.406e-04, KE=1.248032e-01, Mt=0.5067, A_K=0.036, Cuv=-0.052, P_in=9.483e-03, P_tgt=9.432e-03, A_F=0.097, K_low=0.230, P_drag=-5.582e-03, P_cool=-6.124e-03, WENO=0.155 (x=0.155, y=0.155), ReL2D=114.65, eps_nu=5.618e-03, P_hv=7.677e-05, rho_mean=1.000000, p_mean=0.726533, div_rms=6.674e-01, vort_rms=1.767e+00, mass_err=-1.786e-10
step= 75750, t=52.276460, dt=6.465e-04, KE=1.241694e-01, Mt=0.5071, A_K=0.042, Cuv=-0.037, P_in=9.103e-03, P_tgt=9.121e-03, A_F=0.018, K_low=0.242, P_drag=-5.838e-03, P_cool=-6.168e-03, WENO=0.161 (x=0.161, y=0.161), ReL2D=113.79, eps_nu=5.624e-03, P_hv=8.391e-05, rho_mean=1.000000, p_mean=0.726622, div_rms=6.717e-01, vort_rms=1.766e+00, mass_err=-1.791e-10
step= 76000, t=52.438790, dt=6.539e-04, KE=1.237370e-01, Mt=0.5073, A_K=0.039, Cuv=-0.035, P_in=8.842e-03, P_tgt=8.805e-03, A_F=0.071, K_low=0.251, P_drag=-6.046e-03, P_cool=-6.155e-03, WENO=0.161 (x=0.161, y=0.161), ReL2D=114.70, eps_nu=5.580e-03, P_hv=8.795e-05, rho_mean=1.000000, p_mean=0.726596, div_rms=6.725e-01, vort_rms=1.757e+00, mass_err=-1.797e-10
step= 76250, t=52.603856, dt=6.608e-04, KE=1.233335e-01, Mt=0.5069, A_K=0.033, Cuv=-0.038, P_in=8.553e-03, P_tgt=8.503e-03, A_F=0.254, K_low=0.258, P_drag=-6.209e-03, P_cool=-6.118e-03, WENO=0.168 (x=0.168, y=0.168), ReL2D=114.68, eps_nu=5.549e-03, P_hv=8.589e-05, rho_mean=1.000000, p_mean=0.726522, div_rms=6.800e-01, vort_rms=1.747e+00, mass_err=-1.803e-10
step= 76500, t=52.769763, dt=6.682e-04, KE=1.221950e-01, Mt=0.5049, A_K=0.023, Cuv=-0.052, P_in=8.234e-03, P_tgt=8.254e-03, A_F=0.052, K_low=0.266, P_drag=-6.342e-03, P_cool=-6.209e-03, WENO=0.163 (x=0.163, y=0.163), ReL2D=114.60, eps_nu=5.461e-03, P_hv=8.999e-05, rho_mean=1.000000, p_mean=0.726705, div_rms=6.703e-01, vort_rms=1.736e+00, mass_err=-1.809e-10
step= 76750, t=52.938252, dt=6.758e-04, KE=1.206346e-01, Mt=0.5017, A_K=0.011, Cuv=-0.069, P_in=8.138e-03, P_tgt=8.120e-03, A_F=0.068, K_low=0.275, P_drag=-6.448e-03, P_cool=-6.367e-03, WENO=0.158 (x=0.158, y=0.158), ReL2D=114.47, eps_nu=5.342e-03, P_hv=8.641e-05, rho_mean=1.000000, p_mean=0.727021, div_rms=6.534e-01, vort_rms=1.722e+00, mass_err=-1.815e-10
step= 77000, t=53.107859, dt=6.835e-04, KE=1.194483e-01, Mt=0.4993, A_K=0.001, Cuv=-0.080, P_in=8.044e-03, P_tgt=8.106e-03, A_F=0.129, K_low=0.283, P_drag=-6.538e-03, P_cool=-6.443e-03, WENO=0.154 (x=0.154, y=0.154), ReL2D=113.46, eps_nu=5.289e-03, P_hv=8.531e-05, rho_mean=1.000000, p_mean=0.727172, div_rms=6.538e-01, vort_rms=1.711e+00, mass_err=-1.821e-10
step= 77250, t=53.280770, dt=7.007e-04, KE=1.185194e-01, Mt=0.4981, A_K=0.007, Cuv=-0.088, P_in=8.169e-03, P_tgt=8.161e-03, A_F=0.135, K_low=0.291, P_drag=-6.623e-03, P_cool=-6.465e-03, WENO=0.164 (x=0.164, y=0.164), ReL2D=113.33, eps_nu=5.211e-03, P_hv=8.285e-05, rho_mean=1.000000, p_mean=0.727215, div_rms=6.437e-01, vort_rms=1.701e+00, mass_err=-1.827e-10
step= 77500, t=53.456976, dt=7.091e-04, KE=1.178558e-01, Mt=0.4975, A_K=0.008, Cuv=-0.102, P_in=8.236e-03, P_tgt=8.253e-03, A_F=0.145, K_low=0.299, P_drag=-6.707e-03, P_cool=-6.429e-03, WENO=0.142 (x=0.142, y=0.142), ReL2D=111.82, eps_nu=5.192e-03, P_hv=8.382e-05, rho_mean=1.000000, p_mean=0.727145, div_rms=6.519e-01, vort_rms=1.693e+00, mass_err=-1.833e-10
saved snapshot: results/hit2d/thesis_hit_campaign_v1/mach_Mt050_N256_seed1234/hit2d_step0077500.npz
step= 77750, t=53.633992, dt=7.040e-04, KE=1.172948e-01, Mt=0.4959, A_K=0.010, Cuv=-0.115, P_in=8.346e-03, P_tgt=8.388e-03, A_F=0.134, K_low=0.304, P_drag=-6.770e-03, P_cool=-6.374e-03, WENO=0.135 (x=0.135, y=0.135), ReL2D=110.82, eps_nu=5.149e-03, P_hv=8.320e-05, rho_mean=1.000000, p_mean=0.727033, div_rms=6.487e-01, vort_rms=1.686e+00, mass_err=-1.839e-10
step= 78000, t=53.808974, dt=6.971e-04, KE=1.170313e-01, Mt=0.4937, A_K=0.013, Cuv=-0.119, P_in=8.671e-03, P_tgt=8.615e-03, A_F=0.048, K_low=0.305, P_drag=-6.810e-03, P_cool=-6.269e-03, WENO=0.144 (x=0.144, y=0.144), ReL2D=109.55, eps_nu=5.119e-03, P_hv=8.391e-05, rho_mean=1.000000, p_mean=0.726823, div_rms=6.464e-01, vort_rms=1.682e+00, mass_err=-1.845e-10
step= 78250, t=53.982746, dt=6.972e-04, KE=1.169598e-01, Mt=0.4926, A_K=0.014, Cuv=-0.121, P_in=8.907e-03, P_tgt=8.924e-03, A_F=0.122, K_low=0.304, P_drag=-6.832e-03, P_cool=-6.139e-03, WENO=0.141 (x=0.141, y=0.141), ReL2D=108.31, eps_nu=5.126e-03, P_hv=8.341e-05, rho_mean=1.000000, p_mean=0.726564, div_rms=6.539e-01, vort_rms=1.679e+00, mass_err=-1.850e-10
step= 78500, t=54.156486, dt=6.914e-04, KE=1.166728e-01, Mt=0.4914, A_K=0.030, Cuv=-0.115, P_in=9.192e-03, P_tgt=9.292e-03, A_F=0.002, K_low=0.304, P_drag=-6.838e-03, P_cool=-6.066e-03, WENO=0.146 (x=0.146, y=0.146), ReL2D=106.98, eps_nu=5.173e-03, P_hv=7.755e-05, rho_mean=1.000000, p_mean=0.726417, div_rms=6.625e-01, vort_rms=1.684e+00, mass_err=-1.856e-10
step= 78750, t=54.326835, dt=6.673e-04, KE=1.156900e-01, Mt=0.4887, A_K=0.050, Cuv=-0.099, P_in=9.962e-03, P_tgt=9.775e-03, A_F=0.045, K_low=0.305, P_drag=-6.808e-03, P_cool=-6.145e-03, WENO=0.138 (x=0.138, y=0.138), ReL2D=107.40, eps_nu=5.128e-03, P_hv=7.679e-05, rho_mean=1.000000, p_mean=0.726576, div_rms=6.577e-01, vort_rms=1.678e+00, mass_err=-1.862e-10
step= 79000, t=54.488962, dt=6.429e-04, KE=1.146896e-01, Mt=0.4862, A_K=0.068, Cuv=-0.085, P_in=1.033e-02, P_tgt=1.043e-02, A_F=0.219, K_low=0.306, P_drag=-6.779e-03, P_cool=-6.249e-03, WENO=0.141 (x=0.141, y=0.141), ReL2D=106.57, eps_nu=5.122e-03, P_hv=8.290e-05, rho_mean=1.000000, p_mean=0.726783, div_rms=6.748e-01, vort_rms=1.667e+00, mass_err=-1.868e-10
step= 79250, t=54.649939, dt=6.444e-04, KE=1.138527e-01, Mt=0.4850, A_K=0.077, Cuv=-0.071, P_in=1.129e-02, P_tgt=1.126e-02, A_F=0.071, K_low=0.309, P_drag=-6.754e-03, P_cool=-6.342e-03, WENO=0.134 (x=0.134, y=0.134), ReL2D=106.82, eps_nu=5.091e-03, P_hv=9.244e-05, rho_mean=1.000000, p_mean=0.726969, div_rms=6.702e-01, vort_rms=1.664e+00, mass_err=-1.874e-10
step= 79500, t=54.811222, dt=6.454e-04, KE=1.138943e-01, Mt=0.4859, A_K=0.084, Cuv=-0.053, P_in=1.217e-02, P_tgt=1.216e-02, A_F=0.069, K_low=0.309, P_drag=-6.728e-03, P_cool=-6.286e-03, WENO=0.152 (x=0.152, y=0.152), ReL2D=108.64, eps_nu=5.087e-03, P_hv=8.993e-05, rho_mean=1.000000, p_mean=0.726858, div_rms=6.730e-01, vort_rms=1.661e+00, mass_err=-1.880e-10
step= 79750, t=54.972394, dt=6.448e-04, KE=1.145960e-01, Mt=0.4875, A_K=0.088, Cuv=-0.028, P_in=1.310e-02, P_tgt=1.302e-02, A_F=0.077, K_low=0.304, P_drag=-6.679e-03, P_cool=-6.131e-03, WENO=0.160 (x=0.160, y=0.160), ReL2D=109.79, eps_nu=5.120e-03, P_hv=8.621e-05, rho_mean=1.000000, p_mean=0.726548, div_rms=6.929e-01, vort_rms=1.657e+00, mass_err=-1.886e-10
step= 80000, t=55.133742, dt=6.451e-04, KE=1.152228e-01, Mt=0.4885, A_K=0.097, Cuv=-0.003, P_in=1.397e-02, P_tgt=1.386e-02, A_F=0.038, K_low=0.297, P_drag=-6.583e-03, P_cool=-6.025e-03, WENO=0.159 (x=0.159, y=0.159), ReL2D=111.73, eps_nu=5.120e-03, P_hv=8.042e-05, rho_mean=1.000000, p_mean=0.726336, div_rms=6.909e-01, vort_rms=1.658e+00, mass_err=-1.892e-10
saved snapshot: results/hit2d/thesis_hit_campaign_v1/mach_Mt050_N256_seed1234/hit2d_step0080000.npz
step= 80250, t=55.295503, dt=6.488e-04, KE=1.158842e-01, Mt=0.4887, A_K=0.134, Cuv=0.023, P_in=1.489e-02, P_tgt=1.469e-02, A_F=0.068, K_low=0.286, P_drag=-6.448e-03, P_cool=-5.951e-03, WENO=0.156 (x=0.156, y=0.156), ReL2D=109.53, eps_nu=5.240e-03, P_hv=7.512e-05, rho_mean=1.000000, p_mean=0.726188, div_rms=7.127e-01, vort_rms=1.670e+00, mass_err=-1.898e-10
step= 80500, t=55.457451, dt=6.504e-04, KE=1.160277e-01, Mt=0.4885, A_K=0.171, Cuv=0.043, P_in=1.557e-02, P_tgt=1.558e-02, A_F=0.168, K_low=0.276, P_drag=-6.276e-03, P_cool=-6.016e-03, WENO=0.158 (x=0.158, y=0.158), ReL2D=107.07, eps_nu=5.392e-03, P_hv=7.539e-05, rho_mean=1.000000, p_mean=0.726318, div_rms=7.331e-01, vort_rms=1.688e+00, mass_err=-1.904e-10
step= 80750, t=55.622091, dt=6.736e-04, KE=1.158134e-01, Mt=0.4880, A_K=0.189, Cuv=0.057, P_in=1.668e-02, P_tgt=1.656e-02, A_F=0.094, K_low=0.268, P_drag=-6.117e-03, P_cool=-6.192e-03, WENO=0.159 (x=0.159, y=0.159), ReL2D=106.37, eps_nu=5.479e-03, P_hv=7.707e-05, rho_mean=1.000000, p_mean=0.726669, div_rms=7.254e-01, vort_rms=1.709e+00, mass_err=-1.910e-10
step= 81000, t=55.792120, dt=6.769e-04, KE=1.159924e-01, Mt=0.4889, A_K=0.182, Cuv=0.065, P_in=1.768e-02, P_tgt=1.759e-02, A_F=0.194, K_low=0.264, P_drag=-6.032e-03, P_cool=-6.328e-03, WENO=0.170 (x=0.170, y=0.170), ReL2D=106.62, eps_nu=5.558e-03, P_hv=7.727e-05, rho_mean=1.000000, p_mean=0.726941, div_rms=7.159e-01, vort_rms=1.730e+00, mass_err=-1.915e-10
step= 81250, t=55.960995, dt=6.733e-04, KE=1.167771e-01, Mt=0.4921, A_K=0.167, Cuv=0.077, P_in=1.843e-02, P_tgt=1.849e-02, A_F=0.050, K_low=0.264, P_drag=-6.029e-03, P_cool=-6.370e-03, WENO=0.171 (x=0.171, y=0.171), ReL2D=107.25, eps_nu=5.671e-03, P_hv=7.951e-05, rho_mean=1.000000, p_mean=0.727026, div_rms=7.208e-01, vort_rms=1.749e+00, mass_err=-1.921e-10
step= 81500, t=56.127433, dt=6.582e-04, KE=1.178072e-01, Mt=0.4965, A_K=0.156, Cuv=0.085, P_in=1.910e-02, P_tgt=1.904e-02, A_F=0.050, K_low=0.268, P_drag=-6.091e-03, P_cool=-6.379e-03, WENO=0.166 (x=0.166, y=0.166), ReL2D=108.02, eps_nu=5.778e-03, P_hv=7.982e-05, rho_mean=1.000000, p_mean=0.727043, div_rms=7.260e-01, vort_rms=1.766e+00, mass_err=-1.927e-10
step= 81750, t=56.289837, dt=6.418e-04, KE=1.189981e-01, Mt=0.5010, A_K=0.146, Cuv=0.082, P_in=1.922e-02, P_tgt=1.916e-02, A_F=0.017, K_low=0.272, P_drag=-6.174e-03, P_cool=-6.354e-03, WENO=0.143 (x=0.143, y=0.143), ReL2D=108.09, eps_nu=5.888e-03, P_hv=8.370e-05, rho_mean=1.000000, p_mean=0.726994, div_rms=7.435e-01, vort_rms=1.777e+00, mass_err=-1.933e-10
step= 82000, t=56.448995, dt=6.335e-04, KE=1.197828e-01, Mt=0.5049, A_K=0.136, Cuv=0.064, P_in=1.887e-02, P_tgt=1.887e-02, A_F=0.030, K_low=0.278, P_drag=-6.265e-03, P_cool=-6.399e-03, WENO=0.143 (x=0.143, y=0.143), ReL2D=107.58, eps_nu=5.969e-03, P_hv=8.999e-05, rho_mean=1.000000, p_mean=0.727084, div_rms=7.573e-01, vort_rms=1.784e+00, mass_err=-1.939e-10
step= 82250, t=56.607469, dt=6.354e-04, KE=1.200099e-01, Mt=0.5076, A_K=0.121, Cuv=0.051, P_in=1.829e-02, P_tgt=1.829e-02, A_F=0.059, K_low=0.283, P_drag=-6.343e-03, P_cool=-6.536e-03, WENO=0.162 (x=0.162, y=0.162), ReL2D=106.29, eps_nu=6.022e-03, P_hv=8.905e-05, rho_mean=1.000000, p_mean=0.727358, div_rms=7.561e-01, vort_rms=1.795e+00, mass_err=-1.945e-10
step= 82500, t=56.766206, dt=6.366e-04, KE=1.204352e-01, Mt=0.5092, A_K=0.104, Cuv=0.048, P_in=1.763e-02, P_tgt=1.755e-02, A_F=0.024, K_low=0.282, P_drag=-6.358e-03, P_cool=-6.605e-03, WENO=0.167 (x=0.167, y=0.167), ReL2D=104.02, eps_nu=6.111e-03, P_hv=8.606e-05, rho_mean=1.000000, p_mean=0.727496, div_rms=7.743e-01, vort_rms=1.800e+00, mass_err=-1.951e-10
saved snapshot: results/hit2d/thesis_hit_campaign_v1/mach_Mt050_N256_seed1234/hit2d_step0082500.npz
step= 82750, t=56.925724, dt=6.356e-04, KE=1.214087e-01, Mt=0.5100, A_K=0.087, Cuv=0.054, P_in=1.681e-02, P_tgt=1.675e-02, A_F=0.059, K_low=0.275, P_drag=-6.296e-03, P_cool=-6.542e-03, WENO=0.160 (x=0.160, y=0.160), ReL2D=101.27, eps_nu=6.279e-03, P_hv=8.368e-05, rho_mean=1.000000, p_mean=0.727370, div_rms=8.094e-01, vort_rms=1.811e+00, mass_err=-1.957e-10
step= 83000, t=57.086003, dt=6.462e-04, KE=1.226147e-01, Mt=0.5097, A_K=0.079, Cuv=0.057, P_in=1.591e-02, P_tgt=1.596e-02, A_F=0.149, K_low=0.265, P_drag=-6.187e-03, P_cool=-6.416e-03, WENO=0.150 (x=0.150, y=0.150), ReL2D=99.44, eps_nu=6.428e-03, P_hv=8.560e-05, rho_mean=1.000000, p_mean=0.727118, div_rms=8.347e-01, vort_rms=1.823e+00, mass_err=-1.962e-10
step= 83250, t=57.248004, dt=6.463e-04, KE=1.236159e-01, Mt=0.5076, A_K=0.085, Cuv=0.046, P_in=1.526e-02, P_tgt=1.530e-02, A_F=0.084, K_low=0.256, P_drag=-6.071e-03, P_cool=-6.320e-03, WENO=0.139 (x=0.139, y=0.139), ReL2D=98.78, eps_nu=6.430e-03, P_hv=8.762e-05, rho_mean=1.000000, p_mean=0.726925, div_rms=8.308e-01, vort_rms=1.825e+00, mass_err=-1.968e-10
step= 83500, t=57.409417, dt=6.465e-04, KE=1.243671e-01, Mt=0.5062, A_K=0.103, Cuv=0.027, P_in=1.494e-02, P_tgt=1.479e-02, A_F=0.136, K_low=0.249, P_drag=-5.967e-03, P_cool=-6.260e-03, WENO=0.141 (x=0.141, y=0.141), ReL2D=99.49, eps_nu=6.376e-03, P_hv=8.316e-05, rho_mean=1.000000, p_mean=0.726806, div_rms=8.069e-01, vort_rms=1.830e+00, mass_err=-1.974e-10
step= 83750, t=57.572243, dt=6.555e-04, KE=1.248839e-01, Mt=0.5068, A_K=0.121, Cuv=0.029, P_in=1.443e-02, P_tgt=1.434e-02, A_F=0.091, K_low=0.245, P_drag=-5.899e-03, P_cool=-6.234e-03, WENO=0.148 (x=0.148, y=0.148), ReL2D=101.30, eps_nu=6.304e-03, P_hv=8.320e-05, rho_mean=1.000000, p_mean=0.726754, div_rms=7.726e-01, vort_rms=1.837e+00, mass_err=-1.980e-10
step= 84000, t=57.737030, dt=6.601e-04, KE=1.250486e-01, Mt=0.5078, A_K=0.139, Cuv=0.042, P_in=1.396e-02, P_tgt=1.384e-02, A_F=0.081, K_low=0.243, P_drag=-5.860e-03, P_cool=-6.262e-03, WENO=0.157 (x=0.157, y=0.157), ReL2D=105.44, eps_nu=6.174e-03, P_hv=8.542e-05, rho_mean=1.000000, p_mean=0.726811, div_rms=7.218e-01, vort_rms=1.841e+00, mass_err=-1.986e-10
step= 84250, t=57.901099, dt=6.504e-04, KE=1.254223e-01, Mt=0.5098, A_K=0.145, Cuv=0.055, P_in=1.310e-02, P_tgt=1.326e-02, A_F=0.014, K_low=0.239, P_drag=-5.819e-03, P_cool=-6.233e-03, WENO=0.168 (x=0.168, y=0.168), ReL2D=108.66, eps_nu=6.131e-03, P_hv=8.775e-05, rho_mean=1.000000, p_mean=0.726752, div_rms=6.977e-01, vort_rms=1.845e+00, mass_err=-1.992e-10
step= 84345, t=57.962384, dt=3.950e-04, KE=1.255523e-01, Mt=0.5104, A_K=0.145, Cuv=0.059, P_in=1.289e-02, P_tgt=1.302e-02, A_F=0.057, K_low=0.238, P_drag=-5.797e-03, P_cool=-6.220e-03, WENO=0.173 (x=0.173, y=0.173), ReL2D=109.89, eps_nu=6.113e-03, P_hv=8.733e-05, rho_mean=1.000000, p_mean=0.726726, div_rms=6.913e-01, vort_rms=1.845e+00, mass_err=-1.994e-10
saved snapshot: results/hit2d/thesis_hit_campaign_v1/mach_Mt050_N256_seed1234/hit2d_step0084345.npz
completed 2D HIT run at t=57.962384 in 84345 steps
Post-processing: results/hit2d/thesis_hit_campaign_v1/mach_Mt050_N256_seed1234
saved HIT diagnostic field plot: results/hit2d/thesis_hit_campaign_v1/mach_Mt050_N256_seed1234/postprocess/hit2d_physics_fields.png
/home/fatienza/github/HIT_Solver/2D/hit2d_viewer.py:405: UserWarning: No artists with labels found to put in legend.  Note that artists whose label start with an underscore are ignored when legend() is called with no argument.
  ax.legend()
saved HIT history plot: results/hit2d/thesis_hit_campaign_v1/mach_Mt050_N256_seed1234/postprocess/hit2d_history.png
saved isotropy diagnostics: results/hit2d/thesis_hit_campaign_v1/mach_Mt050_N256_seed1234/isotropy_diagnostics.npz
selected interval: t=[14.0587, 50.0936], Neddy=[4.44224, 15.9459], snapshots=22
turnover reference length: L_ref=1.570796e+00
isotropy mismatch: E_LL=1.427109e-02 (normalized=3.423136e-02), E_NN=3.951695e-02 (normalized=1.116271e-01)
selected means: K=1.201020e-01, Mt=5.005086e-01, A_K=8.370783e-02, C_uv=5.222415e-02
saved isotropy plot: results/hit2d/thesis_hit_campaign_v1/mach_Mt050_N256_seed1234/postprocess/stationarity_K_Mt.png
saved isotropy plot: results/hit2d/thesis_hit_campaign_v1/mach_Mt050_N256_seed1234/postprocess/directional_isotropy_correlations.png
saved isotropy plot: results/hit2d/thesis_hit_campaign_v1/mach_Mt050_N256_seed1234/postprocess/component_energy_anisotropy.png
/home/fatienza/github/HIT_Solver/OOP/postprocess/spectra.py:152: RuntimeWarning: Enstrophy spectrum may be piling up near the complete-shell cutoff
  warnings.warn("Enstrophy spectrum may be piling up near the complete-shell cutoff", RuntimeWarning)
saved spectra diagnostics: results/hit2d/thesis_hit_campaign_v1/mach_Mt050_N256_seed1234/spectra_diagnostics.npz
saved spectra plot: results/hit2d/thesis_hit_campaign_v1/mach_Mt050_N256_seed1234/postprocess/energy_enstrophy_spectra.png
cutoff ratios: energy=7.468e-01, enstrophy=2.187e+00
spectral checks: Parseval=2.200e-16, Helmholtz closure=2.691e-16, <chi_d>=4.968e-02
saved PDF diagnostics: results/hit2d/thesis_hit_campaign_v1/mach_Mt050_N256_seed1234/pdf_diagnostics.npz
saved PDF plot: results/hit2d/thesis_hit_campaign_v1/mach_Mt050_N256_seed1234/postprocess/one_point_pdfs.png
PDF moments: S_theta=-4.413e+00, F_theta=5.101e+01, S_omega=-6.040e-03, F_omega=2.772e+00
COMPLETED: mach_Mt050_N256_seed1234 at Sun Aug 16 05:00:04 AM CEST 2026

============================================================
STARTING mach_Mt060_N256_seed1234 at Sun Aug 16 05:00:04 AM CEST 2026
N=256x256; Mt=0.60; Re_lambda,0=120; seed=1234
tfinal=48.30198705; target turnovers=18.0
CFL=0.10; sensor=legacy; WENO LF=local
HV: conservative_flux, mn=0.005, interval=5
snapshot_every=2100; diagnostics_every=200
============================================================
Using array backend: cupy
saved run configuration: results/hit2d/thesis_hit_campaign_v1/mach_Mt060_N256_seed1234/config.json
resolved initial Re_lambda_2d=120.000000 with dynamic viscosity=1.814568e-03
step=     0, t=0.000000, dt=0.000e+00, KE=1.800000e-01, Mt=0.6000, A_K=0.000, Cuv=0.000, P_in=0.000e+00, P_tgt=0.000e+00, A_F=0.000, K_low=0.000, P_drag=0.000e+00, P_cool=0.000e+00, WENO=0.018 (x=0.018, y=0.018), ReL2D=120.00, eps_nu=9.934e-03, P_hv=0.000e+00, rho_mean=1.000000, p_mean=0.714286, div_rms=1.473e-14, vort_rms=2.340e+00, mass_err=0.000e+00
warning: cumulative forcing anisotropy is high (A_F=0.230)
step=   200, t=0.127081, dt=6.362e-04, KE=1.782871e-01, Mt=0.5971, A_K=0.000, Cuv=-0.000, P_in=9.945e-04, P_tgt=1.004e-03, A_F=0.230, K_low=0.002, P_drag=-8.141e-05, P_cool=-3.673e-04, WENO=0.033 (x=0.033, y=0.033), ReL2D=113.37, eps_nu=1.016e-02, P_hv=5.038e-05, rho_mean=1.000000, p_mean=0.715020, div_rms=5.049e-01, vort_rms=2.293e+00, mass_err=-4.903e-13
step=   400, t=0.254671, dt=6.406e-04, KE=1.710900e-01, Mt=0.5862, A_K=0.002, Cuv=-0.003, P_in=1.021e-03, P_tgt=1.029e-03, A_F=0.090, K_low=0.009, P_drag=-2.934e-04, P_cool=-1.804e-03, WENO=0.041 (x=0.041, y=0.041), ReL2D=106.49, eps_nu=1.009e-02, P_hv=5.156e-05, rho_mean=1.000000, p_mean=0.717893, div_rms=7.085e-01, vort_rms=2.212e+00, mass_err=-9.734e-13
step=   600, t=0.383710, dt=6.515e-04, KE=1.581264e-01, Mt=0.5675, A_K=0.005, Cuv=-0.008, P_in=1.120e-03, P_tgt=1.117e-03, A_F=0.092, K_low=0.017, P_drag=-5.474e-04, P_cool=-4.334e-03, WENO=0.118 (x=0.118, y=0.118), ReL2D=102.41, eps_nu=9.694e-03, P_hv=5.216e-05, rho_mean=1.000000, p_mean=0.722954, div_rms=7.211e-01, vort_rms=2.156e+00, mass_err=-1.442e-12
step=   800, t=0.516031, dt=6.733e-04, KE=1.482677e-01, Mt=0.5574, A_K=0.005, Cuv=-0.014, P_in=1.307e-03, P_tgt=1.289e-03, A_F=0.151, K_low=0.026, P_drag=-7.489e-04, P_cool=-6.179e-03, WENO=0.175 (x=0.175, y=0.175), ReL2D=90.69, eps_nu=1.063e-02, P_hv=5.335e-05, rho_mean=1.000000, p_mean=0.726643, div_rms=9.724e-01, vort_rms=2.144e+00, mass_err=-1.911e-12
step=  1000, t=0.653715, dt=7.038e-04, KE=1.438988e-01, Mt=0.5598, A_K=0.007, Cuv=-0.021, P_in=1.442e-03, P_tgt=1.508e-03, A_F=0.033, K_low=0.031, P_drag=-8.516e-04, P_cool=-6.888e-03, WENO=0.221 (x=0.221, y=0.221), ReL2D=81.94, eps_nu=1.228e-02, P_hv=5.871e-05, rho_mean=1.000000, p_mean=0.728062, div_rms=1.254e+00, vort_rms=2.160e+00, mass_err=-2.373e-12
step=  1200, t=0.796234, dt=7.142e-04, KE=1.428014e-01, Mt=0.5662, A_K=0.011, Cuv=-0.031, P_in=1.767e-03, P_tgt=1.727e-03, A_F=0.049, K_low=0.035, P_drag=-8.635e-04, P_cool=-6.939e-03, WENO=0.242 (x=0.242, y=0.242), ReL2D=79.24, eps_nu=1.334e-02, P_hv=6.238e-05, rho_mean=1.000000, p_mean=0.728164, div_rms=1.402e+00, vort_rms=2.175e+00, mass_err=-2.828e-12
step=  1400, t=0.936877, dt=6.949e-04, KE=1.426332e-01, Mt=0.5682, A_K=0.011, Cuv=-0.038, P_in=1.914e-03, P_tgt=1.941e-03, A_F=0.098, K_low=0.037, P_drag=-8.303e-04, P_cool=-6.810e-03, WENO=0.255 (x=0.255, y=0.255), ReL2D=80.12, eps_nu=1.337e-02, P_hv=6.565e-05, rho_mean=1.000000, p_mean=0.727906, div_rms=1.412e+00, vort_rms=2.171e+00, mass_err=-3.290e-12
step=  1600, t=1.076354, dt=7.019e-04, KE=1.422811e-01, Mt=0.5646, A_K=0.001, Cuv=-0.032, P_in=2.106e-03, P_tgt=2.189e-03, A_F=0.127, K_low=0.039, P_drag=-7.987e-04, P_cool=-6.727e-03, WENO=0.249 (x=0.249, y=0.249), ReL2D=81.67, eps_nu=1.280e-02, P_hv=6.603e-05, rho_mean=1.000000, p_mean=0.727740, div_rms=1.341e+00, vort_rms=2.158e+00, mass_err=-3.752e-12
step=  1800, t=1.215147, dt=6.787e-04, KE=1.418377e-01, Mt=0.5578, A_K=0.014, Cuv=-0.013, P_in=2.498e-03, P_tgt=2.525e-03, A_F=0.076, K_low=0.040, P_drag=-8.004e-04, P_cool=-6.674e-03, WENO=0.231 (x=0.231, y=0.231), ReL2D=83.66, eps_nu=1.196e-02, P_hv=6.797e-05, rho_mean=1.000000, p_mean=0.727633, div_rms=1.227e+00, vort_rms=2.140e+00, mass_err=-4.206e-12
step=  2000, t=1.347859, dt=6.562e-04, KE=1.417533e-01, Mt=0.5524, A_K=0.038, Cuv=0.013, P_in=3.056e-03, P_tgt=2.990e-03, A_F=0.098, K_low=0.041, P_drag=-8.514e-04, P_cool=-6.563e-03, WENO=0.227 (x=0.227, y=0.227), ReL2D=84.84, eps_nu=1.145e-02, P_hv=7.549e-05, rho_mean=1.000000, p_mean=0.727411, div_rms=1.154e+00, vort_rms=2.129e+00, mass_err=-4.668e-12
saved snapshot: results/hit2d/thesis_hit_campaign_v1/mach_Mt060_N256_seed1234/hit2d_step0002100.npz
step=  2200, t=1.480708, dt=6.752e-04, KE=1.414416e-01, Mt=0.5485, A_K=0.060, Cuv=0.043, P_in=3.569e-03, P_tgt=3.610e-03, A_F=0.158, K_low=0.043, P_drag=-9.531e-04, P_cool=-6.514e-03, WENO=0.251 (x=0.251, y=0.251), ReL2D=85.87, eps_nu=1.112e-02, P_hv=7.875e-05, rho_mean=1.000000, p_mean=0.727315, div_rms=1.101e+00, vort_rms=2.125e+00, mass_err=-5.137e-12
step=  2400, t=1.618262, dt=7.026e-04, KE=1.406685e-01, Mt=0.5454, A_K=0.075, Cuv=0.064, P_in=4.426e-03, P_tgt=4.423e-03, A_F=0.078, K_low=0.047, P_drag=-1.098e-03, P_cool=-6.573e-03, WENO=0.262 (x=0.262, y=0.262), ReL2D=86.45, eps_nu=1.096e-02, P_hv=8.255e-05, rho_mean=1.000000, p_mean=0.727432, div_rms=1.079e+00, vort_rms=2.118e+00, mass_err=-5.606e-12
step=  2600, t=1.761111, dt=7.188e-04, KE=1.393083e-01, Mt=0.5418, A_K=0.083, Cuv=0.065, P_in=5.488e-03, P_tgt=5.501e-03, A_F=0.077, K_low=0.053, P_drag=-1.264e-03, P_cool=-6.766e-03, WENO=0.296 (x=0.296, y=0.296), ReL2D=87.43, eps_nu=1.071e-02, P_hv=8.285e-05, rho_mean=1.000000, p_mean=0.727818, div_rms=1.048e+00, vort_rms=2.107e+00, mass_err=-6.075e-12
step=  2800, t=1.902469, dt=6.940e-04, KE=1.383912e-01, Mt=0.5384, A_K=0.088, Cuv=0.052, P_in=6.831e-03, P_tgt=6.952e-03, A_F=0.150, K_low=0.057, P_drag=-1.390e-03, P_cool=-6.895e-03, WENO=0.304 (x=0.304, y=0.304), ReL2D=86.22, eps_nu=1.065e-02, P_hv=8.649e-05, rho_mean=1.000000, p_mean=0.728077, div_rms=1.057e+00, vort_rms=2.093e+00, mass_err=-6.544e-12
step=  3000, t=2.041733, dt=6.951e-04, KE=1.377433e-01, Mt=0.5358, A_K=0.094, Cuv=0.041, P_in=9.083e-03, P_tgt=8.913e-03, A_F=0.027, K_low=0.058, P_drag=-1.421e-03, P_cool=-7.010e-03, WENO=0.302 (x=0.302, y=0.302), ReL2D=85.34, eps_nu=1.055e-02, P_hv=9.014e-05, rho_mean=1.000000, p_mean=0.728306, div_rms=1.049e+00, vort_rms=2.085e+00, mass_err=-7.013e-12
step=  3200, t=2.181338, dt=7.011e-04, KE=1.377057e-01, Mt=0.5347, A_K=0.101, Cuv=0.032, P_in=1.153e-02, P_tgt=1.152e-02, A_F=0.081, K_low=0.052, P_drag=-1.336e-03, P_cool=-7.063e-03, WENO=0.299 (x=0.299, y=0.299), ReL2D=84.22, eps_nu=1.061e-02, P_hv=9.841e-05, rho_mean=1.000000, p_mean=0.728412, div_rms=1.060e+00, vort_rms=2.086e+00, mass_err=-7.482e-12
step=  3400, t=2.320452, dt=6.896e-04, KE=1.378824e-01, Mt=0.5334, A_K=0.116, Cuv=0.029, P_in=1.503e-02, P_tgt=1.497e-02, A_F=0.109, K_low=0.045, P_drag=-1.174e-03, P_cool=-7.159e-03, WENO=0.291 (x=0.291, y=0.291), ReL2D=83.54, eps_nu=1.058e-02, P_hv=1.008e-04, rho_mean=1.000000, p_mean=0.728603, div_rms=1.054e+00, vort_rms=2.086e+00, mass_err=-7.958e-12
step=  3600, t=2.458217, dt=6.890e-04, KE=1.382226e-01, Mt=0.5321, A_K=0.141, Cuv=0.027, P_in=1.962e-02, P_tgt=1.958e-02, A_F=0.045, K_low=0.038, P_drag=-1.014e-03, P_cool=-7.336e-03, WENO=0.274 (x=0.274, y=0.274), ReL2D=83.35, eps_nu=1.054e-02, P_hv=9.525e-05, rho_mean=1.000000, p_mean=0.728957, div_rms=1.048e+00, vort_rms=2.085e+00, mass_err=-8.427e-12
step=  3800, t=2.595009, dt=6.816e-04, KE=1.390182e-01, Mt=0.5329, A_K=0.161, Cuv=0.032, P_in=2.578e-02, P_tgt=2.567e-02, A_F=0.018, K_low=0.034, P_drag=-9.207e-04, P_cool=-7.566e-03, WENO=0.269 (x=0.269, y=0.269), ReL2D=83.92, eps_nu=1.049e-02, P_hv=9.854e-05, rho_mean=1.000000, p_mean=0.729417, div_rms=1.035e+00, vort_rms=2.087e+00, mass_err=-8.896e-12
step=  4000, t=2.730539, dt=6.694e-04, KE=1.410908e-01, Mt=0.5376, A_K=0.176, Cuv=0.042, P_in=3.316e-02, P_tgt=3.324e-02, A_F=0.128, K_low=0.034, P_drag=-9.340e-04, P_cool=-7.717e-03, WENO=0.255 (x=0.255, y=0.255), ReL2D=85.31, eps_nu=1.055e-02, P_hv=1.036e-04, rho_mean=1.000000, p_mean=0.729720, div_rms=1.040e+00, vort_rms=2.091e+00, mass_err=-9.365e-12
step=  4200, t=2.862683, dt=6.537e-04, KE=1.446443e-01, Mt=0.5458, A_K=0.191, Cuv=0.049, P_in=4.182e-02, P_tgt=4.175e-02, A_F=0.209, K_low=0.038, P_drag=-1.068e-03, P_cool=-7.767e-03, WENO=0.233 (x=0.233, y=0.233), ReL2D=87.39, eps_nu=1.074e-02, P_hv=1.145e-04, rho_mean=1.000000, p_mean=0.729819, div_rms=1.056e+00, vort_rms=2.105e+00, mass_err=-9.827e-12
saved snapshot: results/hit2d/thesis_hit_campaign_v1/mach_Mt060_N256_seed1234/hit2d_step0004200.npz
step=  4400, t=2.992355, dt=6.439e-04, KE=1.489003e-01, Mt=0.5559, A_K=0.198, Cuv=0.040, P_in=5.014e-02, P_tgt=5.033e-02, A_F=0.272, K_low=0.046, P_drag=-1.306e-03, P_cool=-7.876e-03, WENO=0.223 (x=0.223, y=0.223), ReL2D=90.40, eps_nu=1.096e-02, P_hv=1.186e-04, rho_mean=1.000000, p_mean=0.730038, div_rms=1.068e+00, vort_rms=2.127e+00, mass_err=-1.030e-11
step=  4600, t=3.120769, dt=6.404e-04, KE=1.536582e-01, Mt=0.5668, A_K=0.197, Cuv=0.012, P_in=5.801e-02, P_tgt=5.804e-02, A_F=0.174, K_low=0.056, P_drag=-1.600e-03, P_cool=-8.075e-03, WENO=0.218 (x=0.218, y=0.218), ReL2D=92.61, eps_nu=1.133e-02, P_hv=1.178e-04, rho_mean=1.000000, p_mean=0.730436, div_rms=1.094e+00, vort_rms=2.156e+00, mass_err=-1.076e-11
step=  4800, t=3.248703, dt=6.424e-04, KE=1.586467e-01, Mt=0.5774, A_K=0.174, Cuv=-0.028, P_in=6.436e-02, P_tgt=6.414e-02, A_F=0.028, K_low=0.067, P_drag=-1.894e-03, P_cool=-8.389e-03, WENO=0.211 (x=0.211, y=0.211), ReL2D=94.73, eps_nu=1.171e-02, P_hv=1.261e-04, rho_mean=1.000000, p_mean=0.731064, div_rms=1.107e+00, vort_rms=2.196e+00, mass_err=-1.123e-11
step=  5000, t=3.377381, dt=6.458e-04, KE=1.638700e-01, Mt=0.5878, A_K=0.147, Cuv=-0.055, P_in=6.790e-02, P_tgt=6.818e-02, A_F=0.230, K_low=0.075, P_drag=-2.146e-03, P_cool=-8.780e-03, WENO=0.223 (x=0.223, y=0.223), ReL2D=96.21, eps_nu=1.212e-02, P_hv=1.357e-04, rho_mean=1.000000, p_mean=0.731846, div_rms=1.121e+00, vort_rms=2.236e+00, mass_err=-1.170e-11
step=  5200, t=3.507384, dt=6.515e-04, KE=1.691289e-01, Mt=0.5982, A_K=0.108, Cuv=-0.066, P_in=6.987e-02, P_tgt=6.982e-02, A_F=0.034, K_low=0.081, P_drag=-2.332e-03, P_cool=-9.236e-03, WENO=0.256 (x=0.256, y=0.256), ReL2D=97.47, eps_nu=1.250e-02, P_hv=1.275e-04, rho_mean=1.000000, p_mean=0.732759, div_rms=1.126e+00, vort_rms=2.280e+00, mass_err=-1.216e-11
step=  5400, t=3.637840, dt=6.549e-04, KE=1.740347e-01, Mt=0.6074, A_K=0.061, Cuv=-0.074, P_in=6.892e-02, P_tgt=6.915e-02, A_F=0.165, K_low=0.084, P_drag=-2.452e-03, P_cool=-9.764e-03, WENO=0.280 (x=0.280, y=0.280), ReL2D=99.39, eps_nu=1.280e-02, P_hv=1.136e-04, rho_mean=1.000000, p_mean=0.733814, div_rms=1.110e+00, vort_rms=2.326e+00, mass_err=-1.263e-11
step=  5600, t=3.769466, dt=6.580e-04, KE=1.789307e-01, Mt=0.6159, A_K=0.015, Cuv=-0.076, P_in=6.638e-02, P_tgt=6.659e-02, A_F=0.119, K_low=0.085, P_drag=-2.528e-03, P_cool=-1.025e-02, WENO=0.280 (x=0.280, y=0.280), ReL2D=100.34, eps_nu=1.312e-02, P_hv=1.107e-04, rho_mean=1.000000, p_mean=0.734785, div_rms=1.113e+00, vort_rms=2.362e+00, mass_err=-1.310e-11
step=  5800, t=3.900631, dt=6.553e-04, KE=1.836748e-01, Mt=0.6247, A_K=0.037, Cuv=-0.064, P_in=6.242e-02, P_tgt=6.244e-02, A_F=0.022, K_low=0.084, P_drag=-2.599e-03, P_cool=-1.066e-02, WENO=0.279 (x=0.279, y=0.279), ReL2D=100.52, eps_nu=1.349e-02, P_hv=1.165e-04, rho_mean=1.000000, p_mean=0.735604, div_rms=1.127e+00, vort_rms=2.396e+00, mass_err=-1.355e-11
step=  6000, t=4.028509, dt=6.336e-04, KE=1.884109e-01, Mt=0.6328, A_K=0.085, Cuv=-0.062, P_in=5.721e-02, P_tgt=5.709e-02, A_F=0.155, K_low=0.084, P_drag=-2.718e-03, P_cool=-1.090e-02, WENO=0.281 (x=0.281, y=0.281), ReL2D=99.18, eps_nu=1.412e-02, P_hv=1.336e-04, rho_mean=1.000000, p_mean=0.736091, div_rms=1.195e+00, vort_rms=2.424e+00, mass_err=-1.402e-11
step=  6200, t=4.156694, dt=6.498e-04, KE=1.924843e-01, Mt=0.6402, A_K=0.129, Cuv=-0.064, P_in=5.097e-02, P_tgt=5.106e-02, A_F=0.030, K_low=0.085, P_drag=-2.883e-03, P_cool=-1.112e-02, WENO=0.293 (x=0.293, y=0.293), ReL2D=98.24, eps_nu=1.468e-02, P_hv=1.434e-04, rho_mean=1.000000, p_mean=0.736531, div_rms=1.255e+00, vort_rms=2.447e+00, mass_err=-1.448e-11
saved snapshot: results/hit2d/thesis_hit_campaign_v1/mach_Mt060_N256_seed1234/hit2d_step0006300.npz
step=  6400, t=4.287892, dt=6.631e-04, KE=1.954025e-01, Mt=0.6468, A_K=0.169, Cuv=-0.052, P_in=4.526e-02, P_tgt=4.481e-02, A_F=0.072, K_low=0.086, P_drag=-3.090e-03, P_cool=-1.142e-02, WENO=0.297 (x=0.297, y=0.297), ReL2D=97.94, eps_nu=1.523e-02, P_hv=1.460e-04, rho_mean=1.000000, p_mean=0.737122, div_rms=1.307e+00, vort_rms=2.473e+00, mass_err=-1.494e-11
warning: flow component anisotropy has increased over the last three diagnostic samples
step=  6600, t=4.420852, dt=6.624e-04, KE=1.973901e-01, Mt=0.6519, A_K=0.204, Cuv=-0.023, P_in=3.893e-02, P_tgt=3.869e-02, A_F=0.059, K_low=0.091, P_drag=-3.333e-03, P_cool=-1.173e-02, WENO=0.307 (x=0.307, y=0.307), ReL2D=95.72, eps_nu=1.614e-02, P_hv=1.547e-04, rho_mean=1.000000, p_mean=0.737751, div_rms=1.413e+00, vort_rms=2.496e+00, mass_err=-1.540e-11
warning: flow component anisotropy has increased over the last three diagnostic samples
step=  6800, t=4.553002, dt=6.628e-04, KE=1.985819e-01, Mt=0.6554, A_K=0.227, Cuv=0.013, P_in=3.322e-02, P_tgt=3.304e-02, A_F=0.224, K_low=0.096, P_drag=-3.591e-03, P_cool=-1.204e-02, WENO=0.299 (x=0.299, y=0.299), ReL2D=95.27, eps_nu=1.653e-02, P_hv=1.643e-04, rho_mean=1.000000, p_mean=0.738362, div_rms=1.444e+00, vort_rms=2.516e+00, mass_err=-1.587e-11
warning: flow component anisotropy has increased over the last three diagnostic samples
step=  7000, t=4.683580, dt=6.427e-04, KE=1.990128e-01, Mt=0.6577, A_K=0.249, Cuv=0.048, P_in=2.791e-02, P_tgt=2.802e-02, A_F=0.083, K_low=0.101, P_drag=-3.771e-03, P_cool=-1.234e-02, WENO=0.313 (x=0.313, y=0.313), ReL2D=94.05, eps_nu=1.682e-02, P_hv=1.699e-04, rho_mean=1.000000, p_mean=0.738975, div_rms=1.474e+00, vort_rms=2.524e+00, mass_err=-1.632e-11
warning: flow component anisotropy has increased over the last three diagnostic samples
step=  7200, t=4.810075, dt=6.192e-04, KE=1.989461e-01, Mt=0.6592, A_K=0.265, Cuv=0.079, P_in=2.359e-02, P_tgt=2.363e-02, A_F=0.021, K_low=0.104, P_drag=-3.829e-03, P_cool=-1.261e-02, WENO=0.319 (x=0.319, y=0.319), ReL2D=92.21, eps_nu=1.725e-02, P_hv=1.769e-04, rho_mean=1.000000, p_mean=0.739506, div_rms=1.529e+00, vort_rms=2.528e+00, mass_err=-1.678e-11
step=  7400, t=4.932327, dt=6.069e-04, KE=1.978841e-01, Mt=0.6576, A_K=0.258, Cuv=0.104, P_in=2.005e-02, P_tgt=1.993e-02, A_F=0.051, K_low=0.102, P_drag=-3.759e-03, P_cool=-1.295e-02, WENO=0.318 (x=0.318, y=0.318), ReL2D=90.06, eps_nu=1.744e-02, P_hv=1.854e-04, rho_mean=1.000000, p_mean=0.740189, div_rms=1.561e+00, vort_rms=2.521e+00, mass_err=-1.723e-11
step=  7600, t=5.053703, dt=6.080e-04, KE=1.964742e-01, Mt=0.6537, A_K=0.236, Cuv=0.117, P_in=1.679e-02, P_tgt=1.693e-02, A_F=0.019, K_low=0.097, P_drag=-3.594e-03, P_cool=-1.327e-02, WENO=0.303 (x=0.303, y=0.303), ReL2D=87.54, eps_nu=1.741e-02, P_hv=2.063e-04, rho_mean=1.000000, p_mean=0.740819, div_rms=1.577e+00, vort_rms=2.505e+00, mass_err=-1.770e-11
step=  7800, t=5.175902, dt=6.156e-04, KE=1.949320e-01, Mt=0.6482, A_K=0.214, Cuv=0.123, P_in=1.451e-02, P_tgt=1.457e-02, A_F=0.254, K_low=0.091, P_drag=-3.406e-03, P_cool=-1.353e-02, WENO=0.290 (x=0.290, y=0.290), ReL2D=85.83, eps_nu=1.708e-02, P_hv=2.135e-04, rho_mean=1.000000, p_mean=0.741353, div_rms=1.556e+00, vort_rms=2.486e+00, mass_err=-1.816e-11
step=  8000, t=5.299412, dt=6.180e-04, KE=1.933549e-01, Mt=0.6430, A_K=0.194, Cuv=0.132, P_in=1.267e-02, P_tgt=1.271e-02, A_F=0.232, K_low=0.087, P_drag=-3.249e-03, P_cool=-1.375e-02, WENO=0.287 (x=0.287, y=0.287), ReL2D=85.15, eps_nu=1.663e-02, P_hv=2.079e-04, rho_mean=1.000000, p_mean=0.741791, div_rms=1.511e+00, vort_rms=2.474e+00, mass_err=-1.862e-11
step=  8200, t=5.422899, dt=6.164e-04, KE=1.922731e-01, Mt=0.6391, A_K=0.170, Cuv=0.141, P_in=1.126e-02, P_tgt=1.123e-02, A_F=0.140, K_low=0.085, P_drag=-3.149e-03, P_cool=-1.383e-02, WENO=0.262 (x=0.262, y=0.262), ReL2D=84.95, eps_nu=1.621e-02, P_hv=2.119e-04, rho_mean=1.000000, p_mean=0.741955, div_rms=1.473e+00, vort_rms=2.457e+00, mass_err=-1.909e-11
step=  8400, t=5.545652, dt=6.107e-04, KE=1.909500e-01, Mt=0.6359, A_K=0.140, Cuv=0.153, P_in=9.963e-03, P_tgt=1.002e-02, A_F=0.080, K_low=0.086, P_drag=-3.113e-03, P_cool=-1.394e-02, WENO=0.253 (x=0.253, y=0.253), ReL2D=85.02, eps_nu=1.578e-02, P_hv=2.030e-04, rho_mean=1.000000, p_mean=0.742160, div_rms=1.432e+00, vort_rms=2.442e+00, mass_err=-1.955e-11
saved snapshot: results/hit2d/thesis_hit_campaign_v1/mach_Mt060_N256_seed1234/hit2d_step0008400.npz
step=  8600, t=5.667540, dt=6.094e-04, KE=1.888326e-01, Mt=0.6317, A_K=0.103, Cuv=0.166, P_in=9.188e-03, P_tgt=9.029e-03, A_F=0.024, K_low=0.090, P_drag=-3.137e-03, P_cool=-1.417e-02, WENO=0.255 (x=0.255, y=0.255), ReL2D=85.97, eps_nu=1.519e-02, P_hv=1.882e-04, rho_mean=1.000000, p_mean=0.742633, div_rms=1.372e+00, vort_rms=2.421e+00, mass_err=-2.002e-11
step=  8800, t=5.788750, dt=6.025e-04, KE=1.866958e-01, Mt=0.6275, A_K=0.070, Cuv=0.174, P_in=8.199e-03, P_tgt=8.237e-03, A_F=0.123, K_low=0.095, P_drag=-3.215e-03, P_cool=-1.439e-02, WENO=0.255 (x=0.255, y=0.255), ReL2D=86.49, eps_nu=1.472e-02, P_hv=2.058e-04, rho_mean=1.000000, p_mean=0.743068, div_rms=1.335e+00, vort_rms=2.395e+00, mass_err=-2.048e-11
step=  9000, t=5.909228, dt=6.032e-04, KE=1.851201e-01, Mt=0.6236, A_K=0.041, Cuv=0.172, P_in=7.441e-03, P_tgt=7.605e-03, A_F=0.139, K_low=0.099, P_drag=-3.332e-03, P_cool=-1.447e-02, WENO=0.258 (x=0.258, y=0.258), ReL2D=87.31, eps_nu=1.430e-02, P_hv=2.263e-04, rho_mean=1.000000, p_mean=0.743233, div_rms=1.302e+00, vort_rms=2.370e+00, mass_err=-2.095e-11
step=  9200, t=6.030706, dt=6.156e-04, KE=1.845199e-01, Mt=0.6217, A_K=0.017, Cuv=0.171, P_in=7.100e-03, P_tgt=7.087e-03, A_F=0.115, K_low=0.102, P_drag=-3.492e-03, P_cool=-1.436e-02, WENO=0.261 (x=0.261, y=0.261), ReL2D=88.81, eps_nu=1.395e-02, P_hv=2.220e-04, rho_mean=1.000000, p_mean=0.742996, div_rms=1.286e+00, vort_rms=2.341e+00, mass_err=-2.141e-11
step=  9400, t=6.154944, dt=6.266e-04, KE=1.841789e-01, Mt=0.6208, A_K=0.003, Cuv=0.162, P_in=6.586e-03, P_tgt=6.627e-03, A_F=0.010, K_low=0.107, P_drag=-3.675e-03, P_cool=-1.415e-02, WENO=0.262 (x=0.262, y=0.262), ReL2D=90.78, eps_nu=1.348e-02, P_hv=2.076e-04, rho_mean=1.000000, p_mean=0.742586, div_rms=1.251e+00, vort_rms=2.311e+00, mass_err=-2.188e-11
step=  9600, t=6.281686, dt=6.420e-04, KE=1.838159e-01, Mt=0.6204, A_K=0.021, Cuv=0.149, P_in=6.268e-03, P_tgt=6.206e-03, A_F=0.110, K_low=0.113, P_drag=-3.863e-03, P_cool=-1.394e-02, WENO=0.254 (x=0.254, y=0.254), ReL2D=91.25, eps_nu=1.327e-02, P_hv=1.963e-04, rho_mean=1.000000, p_mean=0.742156, div_rms=1.259e+00, vort_rms=2.280e+00, mass_err=-2.233e-11
step=  9800, t=6.411765, dt=6.544e-04, KE=1.822677e-01, Mt=0.6183, A_K=0.031, Cuv=0.129, P_in=5.876e-03, P_tgt=5.832e-03, A_F=0.061, K_low=0.120, P_drag=-4.055e-03, P_cool=-1.394e-02, WENO=0.258 (x=0.258, y=0.258), ReL2D=92.08, eps_nu=1.292e-02, P_hv=1.802e-04, rho_mean=1.000000, p_mean=0.742161, div_rms=1.240e+00, vort_rms=2.251e+00, mass_err=-2.280e-11
step= 10000, t=6.542039, dt=6.469e-04, KE=1.803464e-01, Mt=0.6159, A_K=0.041, Cuv=0.110, P_in=5.382e-03, P_tgt=5.523e-03, A_F=0.039, K_low=0.127, P_drag=-4.237e-03, P_cool=-1.400e-02, WENO=0.274 (x=0.274, y=0.274), ReL2D=92.78, eps_nu=1.271e-02, P_hv=1.631e-04, rho_mean=1.000000, p_mean=0.742282, div_rms=1.244e+00, vort_rms=2.223e+00, mass_err=-2.326e-11
step= 10200, t=6.669377, dt=6.281e-04, KE=1.787356e-01, Mt=0.6160, A_K=0.057, Cuv=0.088, P_in=5.324e-03, P_tgt=5.245e-03, A_F=0.045, K_low=0.131, P_drag=-4.368e-03, P_cool=-1.400e-02, WENO=0.266 (x=0.266, y=0.266), ReL2D=92.86, eps_nu=1.278e-02, P_hv=1.650e-04, rho_mean=1.000000, p_mean=0.742283, div_rms=1.270e+00, vort_rms=2.212e+00, mass_err=-2.373e-11
step= 10400, t=6.793851, dt=6.121e-04, KE=1.769059e-01, Mt=0.6134, A_K=0.056, Cuv=0.071, P_in=4.979e-03, P_tgt=5.000e-03, A_F=0.020, K_low=0.135, P_drag=-4.470e-03, P_cool=-1.403e-02, WENO=0.258 (x=0.258, y=0.258), ReL2D=91.84, eps_nu=1.272e-02, P_hv=1.631e-04, rho_mean=1.000000, p_mean=0.742350, div_rms=1.282e+00, vort_rms=2.195e+00, mass_err=-2.419e-11
saved snapshot: results/hit2d/thesis_hit_campaign_v1/mach_Mt060_N256_seed1234/hit2d_step0010500.npz
step= 10600, t=6.914706, dt=6.006e-04, KE=1.748406e-01, Mt=0.6091, A_K=0.051, Cuv=0.055, P_in=4.835e-03, P_tgt=4.819e-03, A_F=0.043, K_low=0.138, P_drag=-4.568e-03, P_cool=-1.411e-02, WENO=0.250 (x=0.250, y=0.250), ReL2D=91.38, eps_nu=1.249e-02, P_hv=1.627e-04, rho_mean=1.000000, p_mean=0.742512, div_rms=1.270e+00, vort_rms=2.176e+00, mass_err=-2.467e-11
step= 10800, t=7.036025, dt=6.181e-04, KE=1.729380e-01, Mt=0.6040, A_K=0.046, Cuv=0.040, P_in=4.758e-03, P_tgt=4.716e-03, A_F=0.083, K_low=0.142, P_drag=-4.692e-03, P_cool=-1.415e-02, WENO=0.241 (x=0.241, y=0.241), ReL2D=91.73, eps_nu=1.219e-02, P_hv=1.546e-04, rho_mean=1.000000, p_mean=0.742593, div_rms=1.255e+00, vort_rms=2.149e+00, mass_err=-2.513e-11
step= 11000, t=7.162248, dt=6.385e-04, KE=1.715074e-01, Mt=0.5994, A_K=0.040, Cuv=0.026, P_in=4.693e-03, P_tgt=4.691e-03, A_F=0.204, K_low=0.148, P_drag=-4.848e-03, P_cool=-1.408e-02, WENO=0.240 (x=0.240, y=0.240), ReL2D=93.48, eps_nu=1.177e-02, P_hv=1.562e-04, rho_mean=1.000000, p_mean=0.742450, div_rms=1.219e+00, vort_rms=2.122e+00, mass_err=-2.559e-11
step= 11200, t=7.289866, dt=6.330e-04, KE=1.709067e-01, Mt=0.5963, A_K=0.036, Cuv=0.013, P_in=4.737e-03, P_tgt=4.726e-03, A_F=0.024, K_low=0.154, P_drag=-5.005e-03, P_cool=-1.384e-02, WENO=0.242 (x=0.242, y=0.242), ReL2D=95.35, eps_nu=1.141e-02, P_hv=1.666e-04, rho_mean=1.000000, p_mean=0.741970, div_rms=1.193e+00, vort_rms=2.095e+00, mass_err=-2.605e-11
step= 11400, t=7.415617, dt=6.255e-04, KE=1.706381e-01, Mt=0.5943, A_K=0.033, Cuv=0.001, P_in=4.822e-03, P_tgt=4.803e-03, A_F=0.126, K_low=0.160, P_drag=-5.143e-03, P_cool=-1.354e-02, WENO=0.243 (x=0.243, y=0.243), ReL2D=97.08, eps_nu=1.107e-02, P_hv=1.675e-04, rho_mean=1.000000, p_mean=0.741376, div_rms=1.167e+00, vort_rms=2.069e+00, mass_err=-2.652e-11
step= 11600, t=7.539876, dt=6.180e-04, KE=1.703696e-01, Mt=0.5935, A_K=0.033, Cuv=-0.008, P_in=4.921e-03, P_tgt=4.904e-03, A_F=0.125, K_low=0.166, P_drag=-5.249e-03, P_cool=-1.326e-02, WENO=0.234 (x=0.234, y=0.234), ReL2D=98.31, eps_nu=1.077e-02, P_hv=1.642e-04, rho_mean=1.000000, p_mean=0.740798, div_rms=1.137e+00, vort_rms=2.052e+00, mass_err=-2.699e-11
step= 11800, t=7.663642, dt=6.214e-04, KE=1.692837e-01, Mt=0.5925, A_K=0.035, Cuv=-0.009, P_in=5.031e-03, P_tgt=5.019e-03, A_F=0.221, K_low=0.171, P_drag=-5.312e-03, P_cool=-1.314e-02, WENO=0.235 (x=0.235, y=0.235), ReL2D=99.71, eps_nu=1.050e-02, P_hv=1.537e-04, rho_mean=1.000000, p_mean=0.740559, div_rms=1.102e+00, vort_rms=2.042e+00, mass_err=-2.746e-11
step= 12000, t=7.789002, dt=6.328e-04, KE=1.674347e-01, Mt=0.5907, A_K=0.039, Cuv=0.000, P_in=5.205e-03, P_tgt=5.164e-03, A_F=0.134, K_low=0.174, P_drag=-5.343e-03, P_cool=-1.317e-02, WENO=0.235 (x=0.235, y=0.235), ReL2D=99.48, eps_nu=1.029e-02, P_hv=1.512e-04, rho_mean=1.000000, p_mean=0.740623, div_rms=1.079e+00, vort_rms=2.030e+00, mass_err=-2.793e-11
step= 12200, t=7.916212, dt=6.376e-04, KE=1.650958e-01, Mt=0.5875, A_K=0.042, Cuv=0.014, P_in=5.311e-03, P_tgt=5.358e-03, A_F=0.195, K_low=0.176, P_drag=-5.365e-03, P_cool=-1.330e-02, WENO=0.238 (x=0.238, y=0.238), ReL2D=99.94, eps_nu=9.899e-03, P_hv=1.513e-04, rho_mean=1.000000, p_mean=0.740879, div_rms=1.031e+00, vort_rms=2.010e+00, mass_err=-2.839e-11
step= 12400, t=8.043888, dt=6.361e-04, KE=1.630526e-01, Mt=0.5834, A_K=0.045, Cuv=0.027, P_in=5.686e-03, P_tgt=5.634e-03, A_F=0.045, K_low=0.177, P_drag=-5.417e-03, P_cool=-1.337e-02, WENO=0.229 (x=0.229, y=0.229), ReL2D=99.66, eps_nu=9.570e-03, P_hv=1.448e-04, rho_mean=1.000000, p_mean=0.741022, div_rms=9.986e-01, vort_rms=1.986e+00, mass_err=-2.886e-11
step= 12600, t=8.171480, dt=6.412e-04, KE=1.616446e-01, Mt=0.5788, A_K=0.043, Cuv=0.032, P_in=6.106e-03, P_tgt=6.017e-03, A_F=0.044, K_low=0.178, P_drag=-5.504e-03, P_cool=-1.332e-02, WENO=0.218 (x=0.218, y=0.218), ReL2D=98.64, eps_nu=9.386e-03, P_hv=1.344e-04, rho_mean=1.000000, p_mean=0.740925, div_rms=9.973e-01, vort_rms=1.961e+00, mass_err=-2.932e-11
saved snapshot: results/hit2d/thesis_hit_campaign_v1/mach_Mt060_N256_seed1234/hit2d_step0012600.npz
step= 12800, t=8.300881, dt=6.573e-04, KE=1.602084e-01, Mt=0.5737, A_K=0.036, Cuv=0.031, P_in=6.540e-03, P_tgt=6.546e-03, A_F=0.072, K_low=0.181, P_drag=-5.654e-03, P_cool=-1.328e-02, WENO=0.211 (x=0.211, y=0.211), ReL2D=99.26, eps_nu=9.094e-03, P_hv=1.245e-04, rho_mean=1.000000, p_mean=0.740851, div_rms=9.679e-01, vort_rms=1.940e+00, mass_err=-2.979e-11
step= 13000, t=8.434572, dt=6.791e-04, KE=1.590982e-01, Mt=0.5706, A_K=0.022, Cuv=0.026, P_in=7.227e-03, P_tgt=7.241e-03, A_F=0.002, K_low=0.188, P_drag=-5.891e-03, P_cool=-1.318e-02, WENO=0.216 (x=0.216, y=0.216), ReL2D=100.31, eps_nu=8.811e-03, P_hv=1.161e-04, rho_mean=1.000000, p_mean=0.740654, div_rms=9.397e-01, vort_rms=1.918e+00, mass_err=-3.025e-11
step= 13200, t=8.569152, dt=6.665e-04, KE=1.585874e-01, Mt=0.5708, A_K=0.009, Cuv=0.010, P_in=8.080e-03, P_tgt=8.049e-03, A_F=0.007, K_low=0.198, P_drag=-6.191e-03, P_cool=-1.298e-02, WENO=0.219 (x=0.219, y=0.219), ReL2D=101.90, eps_nu=8.682e-03, P_hv=1.074e-04, rho_mean=1.000000, p_mean=0.740252, div_rms=9.327e-01, vort_rms=1.904e+00, mass_err=-3.072e-11
step= 13400, t=8.701617, dt=6.606e-04, KE=1.582553e-01, Mt=0.5721, A_K=0.002, Cuv=-0.016, P_in=9.016e-03, P_tgt=8.918e-03, A_F=0.062, K_low=0.210, P_drag=-6.523e-03, P_cool=-1.277e-02, WENO=0.215 (x=0.215, y=0.215), ReL2D=103.82, eps_nu=8.554e-03, P_hv=1.001e-04, rho_mean=1.000000, p_mean=0.739831, div_rms=9.143e-01, vort_rms=1.897e+00, mass_err=-3.119e-11
step= 13600, t=8.833842, dt=6.640e-04, KE=1.579485e-01, Mt=0.5726, A_K=0.003, Cuv=-0.044, P_in=9.922e-03, P_tgt=9.840e-03, A_F=0.186, K_low=0.222, P_drag=-6.840e-03, P_cool=-1.258e-02, WENO=0.208 (x=0.208, y=0.208), ReL2D=104.22, eps_nu=8.533e-03, P_hv=9.806e-05, rho_mean=1.000000, p_mean=0.739442, div_rms=9.182e-01, vort_rms=1.892e+00, mass_err=-3.165e-11
step= 13800, t=8.967414, dt=6.712e-04, KE=1.572277e-01, Mt=0.5713, A_K=0.017, Cuv=-0.069, P_in=1.090e-02, P_tgt=1.087e-02, A_F=0.231, K_low=0.233, P_drag=-7.112e-03, P_cool=-1.248e-02, WENO=0.200 (x=0.200, y=0.200), ReL2D=103.35, eps_nu=8.582e-03, P_hv=9.301e-05, rho_mean=1.000000, p_mean=0.739250, div_rms=9.288e-01, vort_rms=1.892e+00, mass_err=-3.213e-11
step= 14000, t=9.101628, dt=6.695e-04, KE=1.558515e-01, Mt=0.5683, A_K=0.041, Cuv=-0.090, P_in=1.207e-02, P_tgt=1.212e-02, A_F=0.187, K_low=0.242, P_drag=-7.306e-03, P_cool=-1.253e-02, WENO=0.204 (x=0.204, y=0.204), ReL2D=103.22, eps_nu=8.560e-03, P_hv=8.866e-05, rho_mean=1.000000, p_mean=0.739355, div_rms=9.210e-01, vort_rms=1.894e+00, mass_err=-3.259e-11
step= 14200, t=9.234436, dt=6.595e-04, KE=1.546982e-01, Mt=0.5655, A_K=0.062, Cuv=-0.101, P_in=1.370e-02, P_tgt=1.367e-02, A_F=0.111, K_low=0.248, P_drag=-7.421e-03, P_cool=-1.257e-02, WENO=0.184 (x=0.184, y=0.184), ReL2D=101.97, eps_nu=8.537e-03, P_hv=8.662e-05, rho_mean=1.000000, p_mean=0.739426, div_rms=9.253e-01, vort_rms=1.888e+00, mass_err=-3.306e-11
step= 14400, t=9.365403, dt=6.504e-04, KE=1.538934e-01, Mt=0.5638, A_K=0.075, Cuv=-0.117, P_in=1.555e-02, P_tgt=1.556e-02, A_F=0.077, K_low=0.251, P_drag=-7.435e-03, P_cool=-1.258e-02, WENO=0.173 (x=0.173, y=0.173), ReL2D=101.77, eps_nu=8.475e-03, P_hv=8.798e-05, rho_mean=1.000000, p_mean=0.739446, div_rms=9.115e-01, vort_rms=1.887e+00, mass_err=-3.354e-11
step= 14600, t=9.494301, dt=6.360e-04, KE=1.536734e-01, Mt=0.5631, A_K=0.083, Cuv=-0.139, P_in=1.785e-02, P_tgt=1.780e-02, A_F=0.006, K_low=0.249, P_drag=-7.386e-03, P_cool=-1.253e-02, WENO=0.168 (x=0.168, y=0.168), ReL2D=102.04, eps_nu=8.491e-03, P_hv=9.308e-05, rho_mean=1.000000, p_mean=0.739350, div_rms=9.032e-01, vort_rms=1.895e+00, mass_err=-3.401e-11
saved snapshot: results/hit2d/thesis_hit_campaign_v1/mach_Mt060_N256_seed1234/hit2d_step0014700.npz
step= 14800, t=9.619862, dt=6.225e-04, KE=1.538862e-01, Mt=0.5629, A_K=0.084, Cuv=-0.164, P_in=2.042e-02, P_tgt=2.039e-02, A_F=0.040, K_low=0.244, P_drag=-7.294e-03, P_cool=-1.247e-02, WENO=0.169 (x=0.169, y=0.169), ReL2D=102.55, eps_nu=8.503e-03, P_hv=1.000e-04, rho_mean=1.000000, p_mean=0.739221, div_rms=8.871e-01, vort_rms=1.907e+00, mass_err=-3.448e-11
step= 15000, t=9.744207, dt=6.223e-04, KE=1.543358e-01, Mt=0.5626, A_K=0.080, Cuv=-0.190, P_in=2.337e-02, P_tgt=2.338e-02, A_F=0.228, K_low=0.239, P_drag=-7.195e-03, P_cool=-1.243e-02, WENO=0.176 (x=0.176, y=0.176), ReL2D=102.80, eps_nu=8.529e-03, P_hv=1.002e-04, rho_mean=1.000000, p_mean=0.739147, div_rms=8.806e-01, vort_rms=1.915e+00, mass_err=-3.494e-11
step= 15200, t=9.868028, dt=6.203e-04, KE=1.547122e-01, Mt=0.5621, A_K=0.075, Cuv=-0.213, P_in=2.688e-02, P_tgt=2.684e-02, A_F=0.131, K_low=0.234, P_drag=-7.105e-03, P_cool=-1.249e-02, WENO=0.172 (x=0.172, y=0.172), ReL2D=102.92, eps_nu=8.519e-03, P_hv=9.920e-05, rho_mean=1.000000, p_mean=0.739270, div_rms=8.664e-01, vort_rms=1.922e+00, mass_err=-3.541e-11
step= 15400, t=9.993218, dt=6.276e-04, KE=1.550125e-01, Mt=0.5621, A_K=0.069, Cuv=-0.233, P_in=3.078e-02, P_tgt=3.086e-02, A_F=0.205, K_low=0.231, P_drag=-7.040e-03, P_cool=-1.266e-02, WENO=0.180 (x=0.180, y=0.180), ReL2D=102.62, eps_nu=8.503e-03, P_hv=1.009e-04, rho_mean=1.000000, p_mean=0.739613, div_rms=8.496e-01, vort_rms=1.930e+00, mass_err=-3.588e-11
step= 15600, t=10.118117, dt=6.254e-04, KE=1.556329e-01, Mt=0.5635, A_K=0.056, Cuv=-0.249, P_in=3.558e-02, P_tgt=3.541e-02, A_F=0.271, K_low=0.228, P_drag=-7.014e-03, P_cool=-1.287e-02, WENO=0.188 (x=0.188, y=0.188), ReL2D=103.07, eps_nu=8.531e-03, P_hv=1.044e-04, rho_mean=1.000000, p_mean=0.740032, div_rms=8.394e-01, vort_rms=1.940e+00, mass_err=-3.634e-11
step= 15800, t=10.245045, dt=6.426e-04, KE=1.568310e-01, Mt=0.5676, A_K=0.037, Cuv=-0.250, P_in=4.048e-02, P_tgt=4.017e-02, A_F=0.058, K_low=0.226, P_drag=-7.021e-03, P_cool=-1.309e-02, WENO=0.190 (x=0.190, y=0.190), ReL2D=104.10, eps_nu=8.676e-03, P_hv=1.064e-04, rho_mean=1.000000, p_mean=0.740457, div_rms=8.490e-01, vort_rms=1.955e+00, mass_err=-3.681e-11
step= 16000, t=10.373388, dt=6.428e-04, KE=1.588059e-01, Mt=0.5745, A_K=0.021, Cuv=-0.237, P_in=4.440e-02, P_tgt=4.462e-02, A_F=0.194, K_low=0.224, P_drag=-7.051e-03, P_cool=-1.326e-02, WENO=0.191 (x=0.191, y=0.191), ReL2D=105.84, eps_nu=8.927e-03, P_hv=1.058e-04, rho_mean=1.000000, p_mean=0.740810, div_rms=8.696e-01, vort_rms=1.978e+00, mass_err=-3.728e-11
step= 16200, t=10.502715, dt=6.495e-04, KE=1.616925e-01, Mt=0.5829, A_K=0.009, Cuv=-0.214, P_in=4.851e-02, P_tgt=4.810e-02, A_F=0.016, K_low=0.222, P_drag=-7.071e-03, P_cool=-1.336e-02, WENO=0.183 (x=0.183, y=0.183), ReL2D=106.60, eps_nu=9.383e-03, P_hv=1.047e-04, rho_mean=1.000000, p_mean=0.741005, div_rms=9.146e-01, vort_rms=2.014e+00, mass_err=-3.774e-11
step= 16400, t=10.631155, dt=6.331e-04, KE=1.648866e-01, Mt=0.5894, A_K=0.004, Cuv=-0.198, P_in=5.016e-02, P_tgt=5.044e-02, A_F=0.164, K_low=0.219, P_drag=-7.068e-03, P_cool=-1.347e-02, WENO=0.193 (x=0.193, y=0.193), ReL2D=104.96, eps_nu=9.856e-03, P_hv=1.061e-04, rho_mean=1.000000, p_mean=0.741221, div_rms=9.765e-01, vort_rms=2.040e+00, mass_err=-3.821e-11
step= 16600, t=10.755961, dt=6.163e-04, KE=1.676824e-01, Mt=0.5946, A_K=0.006, Cuv=-0.198, P_in=5.204e-02, P_tgt=5.184e-02, A_F=0.063, K_low=0.215, P_drag=-6.999e-03, P_cool=-1.369e-02, WENO=0.208 (x=0.208, y=0.208), ReL2D=104.72, eps_nu=1.017e-02, P_hv=1.039e-04, rho_mean=1.000000, p_mean=0.741656, div_rms=1.006e+00, vort_rms=2.063e+00, mass_err=-3.866e-11
step= 16800, t=10.877924, dt=6.062e-04, KE=1.707334e-01, Mt=0.6011, A_K=0.001, Cuv=-0.210, P_in=5.241e-02, P_tgt=5.224e-02, A_F=0.121, K_low=0.210, P_drag=-6.886e-03, P_cool=-1.386e-02, WENO=0.227 (x=0.227, y=0.227), ReL2D=103.42, eps_nu=1.069e-02, P_hv=1.103e-04, rho_mean=1.000000, p_mean=0.742002, div_rms=1.059e+00, vort_rms=2.097e+00, mass_err=-3.912e-11
saved snapshot: results/hit2d/thesis_hit_campaign_v1/mach_Mt060_N256_seed1234/hit2d_step0016800.npz
step= 17000, t=10.997987, dt=5.946e-04, KE=1.740569e-01, Mt=0.6093, A_K=0.003, Cuv=-0.218, P_in=5.132e-02, P_tgt=5.137e-02, A_F=0.134, K_low=0.204, P_drag=-6.777e-03, P_cool=-1.396e-02, WENO=0.235 (x=0.235, y=0.235), ReL2D=101.68, eps_nu=1.136e-02, P_hv=1.167e-04, rho_mean=1.000000, p_mean=0.742203, div_rms=1.124e+00, vort_rms=2.139e+00, mass_err=-3.959e-11
step= 17200, t=11.116132, dt=5.881e-04, KE=1.773681e-01, Mt=0.6176, A_K=0.006, Cuv=-0.217, P_in=4.926e-02, P_tgt=4.919e-02, A_F=0.093, K_low=0.199, P_drag=-6.687e-03, P_cool=-1.401e-02, WENO=0.238 (x=0.238, y=0.238), ReL2D=99.88, eps_nu=1.205e-02, P_hv=1.229e-04, rho_mean=1.000000, p_mean=0.742310, div_rms=1.196e+00, vort_rms=2.176e+00, mass_err=-4.005e-11
step= 17400, t=11.233778, dt=5.897e-04, KE=1.803612e-01, Mt=0.6246, A_K=0.008, Cuv=-0.209, P_in=4.603e-02, P_tgt=4.600e-02, A_F=0.037, K_low=0.196, P_drag=-6.608e-03, P_cool=-1.406e-02, WENO=0.246 (x=0.246, y=0.246), ReL2D=97.50, eps_nu=1.280e-02, P_hv=1.256e-04, rho_mean=1.000000, p_mean=0.742398, div_rms=1.289e+00, vort_rms=2.199e+00, mass_err=-4.052e-11
step= 17600, t=11.352064, dt=5.946e-04, KE=1.827946e-01, Mt=0.6300, A_K=0.017, Cuv=-0.199, P_in=4.235e-02, P_tgt=4.223e-02, A_F=0.113, K_low=0.194, P_drag=-6.548e-03, P_cool=-1.412e-02, WENO=0.246 (x=0.246, y=0.246), ReL2D=95.96, eps_nu=1.333e-02, P_hv=1.310e-04, rho_mean=1.000000, p_mean=0.742531, div_rms=1.358e+00, vort_rms=2.211e+00, mass_err=-4.098e-11
step= 17800, t=11.472020, dt=6.042e-04, KE=1.845553e-01, Mt=0.6334, A_K=0.030, Cuv=-0.190, P_in=3.833e-02, P_tgt=3.828e-02, A_F=0.085, K_low=0.193, P_drag=-6.510e-03, P_cool=-1.423e-02, WENO=0.244 (x=0.244, y=0.244), ReL2D=96.24, eps_nu=1.356e-02, P_hv=1.393e-04, rho_mean=1.000000, p_mean=0.742742, div_rms=1.379e+00, vort_rms=2.222e+00, mass_err=-4.144e-11
step= 18000, t=11.593767, dt=6.148e-04, KE=1.855626e-01, Mt=0.6349, A_K=0.053, Cuv=-0.184, P_in=3.426e-02, P_tgt=3.445e-02, A_F=0.052, K_low=0.193, P_drag=-6.482e-03, P_cool=-1.439e-02, WENO=0.241 (x=0.241, y=0.241), ReL2D=96.55, eps_nu=1.370e-02, P_hv=1.373e-04, rho_mean=1.000000, p_mean=0.743065, div_rms=1.388e+00, vort_rms=2.232e+00, mass_err=-4.191e-11
step= 18200, t=11.718899, dt=6.341e-04, KE=1.865396e-01, Mt=0.6349, A_K=0.087, Cuv=-0.183, P_in=3.107e-02, P_tgt=3.095e-02, A_F=0.201, K_low=0.192, P_drag=-6.483e-03, P_cool=-1.447e-02, WENO=0.241 (x=0.241, y=0.241), ReL2D=97.93, eps_nu=1.362e-02, P_hv=1.291e-04, rho_mean=1.000000, p_mean=0.743227, div_rms=1.365e+00, vort_rms=2.240e+00, mass_err=-4.236e-11
step= 18400, t=11.846078, dt=6.386e-04, KE=1.880421e-01, Mt=0.6341, A_K=0.122, Cuv=-0.178, P_in=2.782e-02, P_tgt=2.784e-02, A_F=0.047, K_low=0.190, P_drag=-6.516e-03, P_cool=-1.437e-02, WENO=0.254 (x=0.254, y=0.254), ReL2D=99.21, eps_nu=1.348e-02, P_hv=1.191e-04, rho_mean=1.000000, p_mean=0.743028, div_rms=1.336e+00, vort_rms=2.247e+00, mass_err=-4.282e-11
step= 18600, t=11.974187, dt=6.426e-04, KE=1.891815e-01, Mt=0.6328, A_K=0.150, Cuv=-0.174, P_in=2.512e-02, P_tgt=2.512e-02, A_F=0.131, K_low=0.185, P_drag=-6.538e-03, P_cool=-1.428e-02, WENO=0.258 (x=0.258, y=0.258), ReL2D=100.55, eps_nu=1.327e-02, P_hv=1.117e-04, rho_mean=1.000000, p_mean=0.742853, div_rms=1.294e+00, vort_rms=2.254e+00, mass_err=-4.329e-11
step= 18800, t=12.101490, dt=6.288e-04, KE=1.897114e-01, Mt=0.6311, A_K=0.168, Cuv=-0.176, P_in=2.269e-02, P_tgt=2.276e-02, A_F=0.081, K_low=0.180, P_drag=-6.554e-03, P_cool=-1.426e-02, WENO=0.273 (x=0.273, y=0.273), ReL2D=100.24, eps_nu=1.319e-02, P_hv=1.158e-04, rho_mean=1.000000, p_mean=0.742813, div_rms=1.263e+00, vort_rms=2.267e+00, mass_err=-4.375e-11
saved snapshot: results/hit2d/thesis_hit_campaign_v1/mach_Mt060_N256_seed1234/hit2d_step0018900.npz
step= 19000, t=12.224471, dt=6.013e-04, KE=1.901195e-01, Mt=0.6302, A_K=0.179, Cuv=-0.182, P_in=2.070e-02, P_tgt=2.071e-02, A_F=0.049, K_low=0.176, P_drag=-6.557e-03, P_cool=-1.422e-02, WENO=0.276 (x=0.276, y=0.276), ReL2D=99.08, eps_nu=1.333e-02, P_hv=1.263e-04, rho_mean=1.000000, p_mean=0.742719, div_rms=1.267e+00, vort_rms=2.281e+00, mass_err=-4.421e-11
step= 19200, t=12.344176, dt=6.008e-04, KE=1.904470e-01, Mt=0.6301, A_K=0.178, Cuv=-0.184, P_in=1.890e-02, P_tgt=1.886e-02, A_F=0.075, K_low=0.173, P_drag=-6.553e-03, P_cool=-1.413e-02, WENO=0.271 (x=0.271, y=0.271), ReL2D=98.46, eps_nu=1.352e-02, P_hv=1.323e-04, rho_mean=1.000000, p_mean=0.742555, div_rms=1.277e+00, vort_rms=2.298e+00, mass_err=-4.468e-11
step= 19400, t=12.465558, dt=6.130e-04, KE=1.905025e-01, Mt=0.6296, A_K=0.164, Cuv=-0.181, P_in=1.719e-02, P_tgt=1.719e-02, A_F=0.026, K_low=0.170, P_drag=-6.527e-03, P_cool=-1.406e-02, WENO=0.268 (x=0.268, y=0.268), ReL2D=98.62, eps_nu=1.365e-02, P_hv=1.418e-04, rho_mean=1.000000, p_mean=0.742405, div_rms=1.274e+00, vort_rms=2.315e+00, mass_err=-4.515e-11
step= 19600, t=12.590421, dt=6.353e-04, KE=1.899828e-01, Mt=0.6279, A_K=0.142, Cuv=-0.175, P_in=1.561e-02, P_tgt=1.571e-02, A_F=0.175, K_low=0.167, P_drag=-6.470e-03, P_cool=-1.406e-02, WENO=0.279 (x=0.279, y=0.279), ReL2D=100.18, eps_nu=1.354e-02, P_hv=1.440e-04, rho_mean=1.000000, p_mean=0.742401, div_rms=1.242e+00, vort_rms=2.324e+00, mass_err=-4.560e-11
step= 19800, t=12.718801, dt=6.499e-04, KE=1.891291e-01, Mt=0.6248, A_K=0.117, Cuv=-0.169, P_in=1.454e-02, P_tgt=1.446e-02, A_F=0.132, K_low=0.164, P_drag=-6.396e-03, P_cool=-1.409e-02, WENO=0.272 (x=0.272, y=0.272), ReL2D=100.10, eps_nu=1.333e-02, P_hv=1.494e-04, rho_mean=1.000000, p_mean=0.742457, div_rms=1.223e+00, vort_rms=2.313e+00, mass_err=-4.607e-11
step= 20000, t=12.849125, dt=6.530e-04, KE=1.875978e-01, Mt=0.6205, A_K=0.097, Cuv=-0.164, P_in=1.350e-02, P_tgt=1.346e-02, A_F=0.165, K_low=0.162, P_drag=-6.313e-03, P_cool=-1.422e-02, WENO=0.263 (x=0.263, y=0.263), ReL2D=99.65, eps_nu=1.299e-02, P_hv=1.530e-04, rho_mean=1.000000, p_mean=0.742717, div_rms=1.192e+00, vort_rms=2.294e+00, mass_err=-4.654e-11
step= 20200, t=12.980529, dt=6.637e-04, KE=1.853062e-01, Mt=0.6151, A_K=0.081, Cuv=-0.159, P_in=1.273e-02, P_tgt=1.271e-02, A_F=0.016, K_low=0.162, P_drag=-6.249e-03, P_cool=-1.447e-02, WENO=0.268 (x=0.268, y=0.268), ReL2D=99.39, eps_nu=1.260e-02, P_hv=1.517e-04, rho_mean=1.000000, p_mean=0.743221, div_rms=1.155e+00, vort_rms=2.273e+00, mass_err=-4.700e-11
step= 20400, t=13.113806, dt=6.688e-04, KE=1.825721e-01, Mt=0.6094, A_K=0.066, Cuv=-0.148, P_in=1.222e-02, P_tgt=1.222e-02, A_F=0.015, K_low=0.163, P_drag=-6.238e-03, P_cool=-1.478e-02, WENO=0.269 (x=0.269, y=0.269), ReL2D=98.63, eps_nu=1.233e-02, P_hv=1.517e-04, rho_mean=1.000000, p_mean=0.743849, div_rms=1.137e+00, vort_rms=2.252e+00, mass_err=-4.746e-11
step= 20600, t=13.248047, dt=6.761e-04, KE=1.797676e-01, Mt=0.6048, A_K=0.055, Cuv=-0.131, P_in=1.199e-02, P_tgt=1.195e-02, A_F=0.007, K_low=0.169, P_drag=-6.313e-03, P_cool=-1.509e-02, WENO=0.275 (x=0.275, y=0.275), ReL2D=97.80, eps_nu=1.209e-02, P_hv=1.517e-04, rho_mean=1.000000, p_mean=0.744466, div_rms=1.127e+00, vort_rms=2.229e+00, mass_err=-4.793e-11
step= 20800, t=13.383175, dt=6.695e-04, KE=1.780791e-01, Mt=0.6038, A_K=0.044, Cuv=-0.113, P_in=1.177e-02, P_tgt=1.179e-02, A_F=0.056, K_low=0.178, P_drag=-6.479e-03, P_cool=-1.516e-02, WENO=0.278 (x=0.278, y=0.278), ReL2D=96.07, eps_nu=1.223e-02, P_hv=1.466e-04, rho_mean=1.000000, p_mean=0.744612, div_rms=1.176e+00, vort_rms=2.213e+00, mass_err=-4.840e-11
step= 21000, t=13.515697, dt=6.601e-04, KE=1.768019e-01, Mt=0.6053, A_K=0.026, Cuv=-0.103, P_in=1.162e-02, P_tgt=1.162e-02, A_F=0.110, K_low=0.189, P_drag=-6.690e-03, P_cool=-1.515e-02, WENO=0.266 (x=0.266, y=0.266), ReL2D=95.64, eps_nu=1.228e-02, P_hv=1.479e-04, rho_mean=1.000000, p_mean=0.744591, div_rms=1.201e+00, vort_rms=2.201e+00, mass_err=-4.885e-11
saved snapshot: results/hit2d/thesis_hit_campaign_v1/mach_Mt060_N256_seed1234/hit2d_step0021000.npz
step= 21200, t=13.647335, dt=6.603e-04, KE=1.756355e-01, Mt=0.6080, A_K=0.000, Cuv=-0.098, P_in=1.118e-02, P_tgt=1.137e-02, A_F=0.067, K_low=0.200, P_drag=-6.877e-03, P_cool=-1.511e-02, WENO=0.259 (x=0.259, y=0.259), ReL2D=96.65, eps_nu=1.225e-02, P_hv=1.649e-04, rho_mean=1.000000, p_mean=0.744514, div_rms=1.212e+00, vort_rms=2.190e+00, mass_err=-4.932e-11
step= 21400, t=13.779646, dt=6.525e-04, KE=1.745201e-01, Mt=0.6106, A_K=0.029, Cuv=-0.093, P_in=1.090e-02, P_tgt=1.103e-02, A_F=0.032, K_low=0.210, P_drag=-6.997e-03, P_cool=-1.505e-02, WENO=0.263 (x=0.263, y=0.263), ReL2D=98.56, eps_nu=1.212e-02, P_hv=1.778e-04, rho_mean=1.000000, p_mean=0.744388, div_rms=1.206e+00, vort_rms=2.177e+00, mass_err=-4.979e-11
step= 21600, t=13.909343, dt=6.459e-04, KE=1.740107e-01, Mt=0.6122, A_K=0.058, Cuv=-0.087, P_in=1.053e-02, P_tgt=1.063e-02, A_F=0.031, K_low=0.213, P_drag=-7.009e-03, P_cool=-1.486e-02, WENO=0.260 (x=0.260, y=0.260), ReL2D=98.31, eps_nu=1.213e-02, P_hv=1.667e-04, rho_mean=1.000000, p_mean=0.744012, div_rms=1.234e+00, vort_rms=2.158e+00, mass_err=-5.025e-11
step= 21800, t=14.037814, dt=6.398e-04, KE=1.732418e-01, Mt=0.6109, A_K=0.088, Cuv=-0.084, P_in=1.031e-02, P_tgt=1.023e-02, A_F=0.100, K_low=0.210, P_drag=-6.893e-03, P_cool=-1.472e-02, WENO=0.264 (x=0.264, y=0.264), ReL2D=97.89, eps_nu=1.208e-02, P_hv=1.507e-04, rho_mean=1.000000, p_mean=0.743734, div_rms=1.250e+00, vort_rms=2.138e+00, mass_err=-5.070e-11
step= 22000, t=14.165181, dt=6.332e-04, KE=1.720377e-01, Mt=0.6070, A_K=0.121, Cuv=-0.081, P_in=9.943e-03, P_tgt=9.928e-03, A_F=0.040, K_low=0.203, P_drag=-6.683e-03, P_cool=-1.467e-02, WENO=0.254 (x=0.254, y=0.254), ReL2D=97.23, eps_nu=1.196e-02, P_hv=1.418e-04, rho_mean=1.000000, p_mean=0.743630, div_rms=1.254e+00, vort_rms=2.120e+00, mass_err=-5.117e-11
step= 22200, t=14.291132, dt=6.278e-04, KE=1.707058e-01, Mt=0.6020, A_K=0.161, Cuv=-0.082, P_in=9.795e-03, P_tgt=9.777e-03, A_F=0.072, K_low=0.194, P_drag=-6.440e-03, P_cool=-1.465e-02, WENO=0.241 (x=0.241, y=0.241), ReL2D=95.78, eps_nu=1.192e-02, P_hv=1.439e-04, rho_mean=1.000000, p_mean=0.743590, div_rms=1.265e+00, vort_rms=2.107e+00, mass_err=-5.164e-11
step= 22400, t=14.416518, dt=6.225e-04, KE=1.687497e-01, Mt=0.5957, A_K=0.196, Cuv=-0.088, P_in=9.883e-03, P_tgt=9.812e-03, A_F=0.059, K_low=0.187, P_drag=-6.219e-03, P_cool=-1.476e-02, WENO=0.247 (x=0.247, y=0.247), ReL2D=95.26, eps_nu=1.167e-02, P_hv=1.438e-04, rho_mean=1.000000, p_mean=0.743811, div_rms=1.236e+00, vort_rms=2.097e+00, mass_err=-5.210e-11
warning: flow component anisotropy has increased over the last three diagnostic samples
step= 22600, t=14.540738, dt=6.257e-04, KE=1.671999e-01, Mt=0.5902, A_K=0.210, Cuv=-0.094, P_in=1.010e-02, P_tgt=1.006e-02, A_F=0.025, K_low=0.184, P_drag=-6.065e-03, P_cool=-1.480e-02, WENO=0.246 (x=0.246, y=0.246), ReL2D=94.80, eps_nu=1.146e-02, P_hv=1.403e-04, rho_mean=1.000000, p_mean=0.743891, div_rms=1.217e+00, vort_rms=2.083e+00, mass_err=-5.257e-11
step= 22800, t=14.667540, dt=6.369e-04, KE=1.664745e-01, Mt=0.5879, A_K=0.207, Cuv=-0.094, P_in=1.044e-02, P_tgt=1.045e-02, A_F=0.094, K_low=0.185, P_drag=-6.009e-03, P_cool=-1.468e-02, WENO=0.239 (x=0.239, y=0.239), ReL2D=96.14, eps_nu=1.120e-02, P_hv=1.427e-04, rho_mean=1.000000, p_mean=0.743655, div_rms=1.185e+00, vort_rms=2.074e+00, mass_err=-5.303e-11
step= 23000, t=14.795031, dt=6.385e-04, KE=1.661801e-01, Mt=0.5882, A_K=0.197, Cuv=-0.092, P_in=1.094e-02, P_tgt=1.089e-02, A_F=0.045, K_low=0.190, P_drag=-6.056e-03, P_cool=-1.449e-02, WENO=0.231 (x=0.231, y=0.231), ReL2D=98.29, eps_nu=1.096e-02, P_hv=1.462e-04, rho_mean=1.000000, p_mean=0.743274, div_rms=1.158e+00, vort_rms=2.062e+00, mass_err=-5.350e-11
saved snapshot: results/hit2d/thesis_hit_campaign_v1/mach_Mt060_N256_seed1234/hit2d_step0023100.npz
step= 23200, t=14.923226, dt=6.441e-04, KE=1.655326e-01, Mt=0.5883, A_K=0.176, Cuv=-0.087, P_in=1.139e-02, P_tgt=1.134e-02, A_F=0.081, K_low=0.196, P_drag=-6.180e-03, P_cool=-1.438e-02, WENO=0.221 (x=0.221, y=0.221), ReL2D=100.58, eps_nu=1.060e-02, P_hv=1.440e-04, rho_mean=1.000000, p_mean=0.743053, div_rms=1.125e+00, vort_rms=2.039e+00, mass_err=-5.397e-11
step= 23400, t=15.051625, dt=6.406e-04, KE=1.647139e-01, Mt=0.5879, A_K=0.143, Cuv=-0.079, P_in=1.192e-02, P_tgt=1.181e-02, A_F=0.078, K_low=0.204, P_drag=-6.344e-03, P_cool=-1.431e-02, WENO=0.226 (x=0.226, y=0.226), ReL2D=102.00, eps_nu=1.027e-02, P_hv=1.416e-04, rho_mean=1.000000, p_mean=0.742915, div_rms=1.102e+00, vort_rms=2.011e+00, mass_err=-5.444e-11
step= 23600, t=15.180018, dt=6.431e-04, KE=1.637875e-01, Mt=0.5869, A_K=0.103, Cuv=-0.072, P_in=1.236e-02, P_tgt=1.233e-02, A_F=0.067, K_low=0.210, P_drag=-6.509e-03, P_cool=-1.427e-02, WENO=0.222 (x=0.222, y=0.222), ReL2D=101.96, eps_nu=1.006e-02, P_hv=1.311e-04, rho_mean=1.000000, p_mean=0.742836, div_rms=1.098e+00, vort_rms=1.985e+00, mass_err=-5.491e-11
step= 23800, t=15.308687, dt=6.433e-04, KE=1.624959e-01, Mt=0.5855, A_K=0.070, Cuv=-0.065, P_in=1.301e-02, P_tgt=1.293e-02, A_F=0.003, K_low=0.215, P_drag=-6.644e-03, P_cool=-1.432e-02, WENO=0.235 (x=0.235, y=0.235), ReL2D=102.58, eps_nu=9.867e-03, P_hv=1.232e-04, rho_mean=1.000000, p_mean=0.742921, div_rms=1.083e+00, vort_rms=1.968e+00, mass_err=-5.538e-11
step= 24000, t=15.437699, dt=6.508e-04, KE=1.612781e-01, Mt=0.5844, A_K=0.048, Cuv=-0.063, P_in=1.363e-02, P_tgt=1.363e-02, A_F=0.065, K_low=0.218, P_drag=-6.717e-03, P_cool=-1.436e-02, WENO=0.239 (x=0.239, y=0.239), ReL2D=103.30, eps_nu=9.740e-03, P_hv=1.135e-04, rho_mean=1.000000, p_mean=0.743007, div_rms=1.068e+00, vort_rms=1.961e+00, mass_err=-5.583e-11
step= 24200, t=15.569259, dt=6.604e-04, KE=1.604455e-01, Mt=0.5833, A_K=0.042, Cuv=-0.067, P_in=1.447e-02, P_tgt=1.441e-02, A_F=0.086, K_low=0.219, P_drag=-6.716e-03, P_cool=-1.435e-02, WENO=0.234 (x=0.234, y=0.234), ReL2D=103.29, eps_nu=9.755e-03, P_hv=1.194e-04, rho_mean=1.000000, p_mean=0.742979, div_rms=1.070e+00, vort_rms=1.962e+00, mass_err=-5.630e-11
step= 24400, t=15.700920, dt=6.561e-04, KE=1.599249e-01, Mt=0.5819, A_K=0.049, Cuv=-0.080, P_in=1.525e-02, P_tgt=1.531e-02, A_F=0.164, K_low=0.217, P_drag=-6.641e-03, P_cool=-1.430e-02, WENO=0.235 (x=0.235, y=0.235), ReL2D=103.49, eps_nu=9.706e-03, P_hv=1.094e-04, rho_mean=1.000000, p_mean=0.742878, div_rms=1.066e+00, vort_rms=1.958e+00, mass_err=-5.677e-11
step= 24600, t=15.831545, dt=6.508e-04, KE=1.599958e-01, Mt=0.5803, A_K=0.066, Cuv=-0.097, P_in=1.623e-02, P_tgt=1.635e-02, A_F=0.112, K_low=0.212, P_drag=-6.517e-03, P_cool=-1.416e-02, WENO=0.214 (x=0.214, y=0.214), ReL2D=103.33, eps_nu=9.665e-03, P_hv=1.042e-04, rho_mean=1.000000, p_mean=0.742600, div_rms=1.066e+00, vort_rms=1.952e+00, mass_err=-5.723e-11
step= 24800, t=15.961090, dt=6.464e-04, KE=1.601800e-01, Mt=0.5783, A_K=0.088, Cuv=-0.113, P_in=1.760e-02, P_tgt=1.758e-02, A_F=0.211, K_low=0.207, P_drag=-6.387e-03, P_cool=-1.403e-02, WENO=0.212 (x=0.212, y=0.212), ReL2D=104.11, eps_nu=9.577e-03, P_hv=1.012e-04, rho_mean=1.000000, p_mean=0.742345, div_rms=1.058e+00, vort_rms=1.946e+00, mass_err=-5.770e-11
step= 25000, t=16.091185, dt=6.555e-04, KE=1.601201e-01, Mt=0.5759, A_K=0.107, Cuv=-0.117, P_in=1.899e-02, P_tgt=1.905e-02, A_F=0.020, K_low=0.203, P_drag=-6.283e-03, P_cool=-1.399e-02, WENO=0.211 (x=0.211, y=0.211), ReL2D=103.61, eps_nu=9.601e-03, P_hv=1.017e-04, rho_mean=1.000000, p_mean=0.742262, div_rms=1.073e+00, vort_rms=1.938e+00, mass_err=-5.816e-11
step= 25200, t=16.222930, dt=6.611e-04, KE=1.597626e-01, Mt=0.5727, A_K=0.116, Cuv=-0.107, P_in=2.080e-02, P_tgt=2.088e-02, A_F=0.300, K_low=0.201, P_drag=-6.223e-03, P_cool=-1.405e-02, WENO=0.219 (x=0.219, y=0.219), ReL2D=104.61, eps_nu=9.409e-03, P_hv=1.048e-04, rho_mean=1.000000, p_mean=0.742380, div_rms=1.041e+00, vort_rms=1.934e+00, mass_err=-5.862e-11
saved snapshot: results/hit2d/thesis_hit_campaign_v1/mach_Mt060_N256_seed1234/hit2d_step0025200.npz
step= 25400, t=16.353745, dt=6.505e-04, KE=1.599027e-01, Mt=0.5709, A_K=0.109, Cuv=-0.090, P_in=2.313e-02, P_tgt=2.312e-02, A_F=0.164, K_low=0.201, P_drag=-6.221e-03, P_cool=-1.406e-02, WENO=0.215 (x=0.215, y=0.215), ReL2D=106.08, eps_nu=9.213e-03, P_hv=1.050e-04, rho_mean=1.000000, p_mean=0.742404, div_rms=9.982e-01, vort_rms=1.936e+00, mass_err=-5.907e-11
step= 25600, t=16.485884, dt=6.689e-04, KE=1.607503e-01, Mt=0.5722, A_K=0.082, Cuv=-0.081, P_in=2.567e-02, P_tgt=2.563e-02, A_F=0.079, K_low=0.201, P_drag=-6.268e-03, P_cool=-1.399e-02, WENO=0.213 (x=0.213, y=0.213), ReL2D=106.33, eps_nu=9.187e-03, P_hv=1.016e-04, rho_mean=1.000000, p_mean=0.742275, div_rms=9.765e-01, vort_rms=1.947e+00, mass_err=-5.954e-11
step= 25800, t=16.619482, dt=6.678e-04, KE=1.620256e-01, Mt=0.5765, A_K=0.048, Cuv=-0.077, P_in=2.787e-02, P_tgt=2.810e-02, A_F=0.167, K_low=0.203, P_drag=-6.332e-03, P_cool=-1.391e-02, WENO=0.223 (x=0.223, y=0.223), ReL2D=106.33, eps_nu=9.206e-03, P_hv=1.042e-04, rho_mean=1.000000, p_mean=0.742116, div_rms=9.619e-01, vort_rms=1.960e+00, mass_err=-6.001e-11
step= 26000, t=16.752195, dt=6.578e-04, KE=1.633328e-01, Mt=0.5822, A_K=0.023, Cuv=-0.084, P_in=3.049e-02, P_tgt=3.022e-02, A_F=0.058, K_low=0.207, P_drag=-6.431e-03, P_cool=-1.389e-02, WENO=0.232 (x=0.232, y=0.232), ReL2D=106.51, eps_nu=9.229e-03, P_hv=1.068e-04, rho_mean=1.000000, p_mean=0.742066, div_rms=9.577e-01, vort_rms=1.966e+00, mass_err=-6.047e-11
step= 26200, t=16.883178, dt=6.521e-04, KE=1.648326e-01, Mt=0.5889, A_K=0.016, Cuv=-0.091, P_in=3.167e-02, P_tgt=3.178e-02, A_F=0.047, K_low=0.211, P_drag=-6.532e-03, P_cool=-1.387e-02, WENO=0.229 (x=0.229, y=0.229), ReL2D=106.87, eps_nu=9.333e-03, P_hv=1.150e-04, rho_mean=1.000000, p_mean=0.742025, div_rms=9.653e-01, vort_rms=1.975e+00, mass_err=-6.094e-11
step= 26400, t=17.012973, dt=6.423e-04, KE=1.665701e-01, Mt=0.5960, A_K=0.019, Cuv=-0.106, P_in=3.257e-02, P_tgt=3.259e-02, A_F=0.097, K_low=0.214, P_drag=-6.609e-03, P_cool=-1.383e-02, WENO=0.219 (x=0.219, y=0.219), ReL2D=105.39, eps_nu=9.746e-03, P_hv=1.200e-04, rho_mean=1.000000, p_mean=0.741943, div_rms=1.026e+00, vort_rms=1.992e+00, mass_err=-6.140e-11
step= 26600, t=17.141914, dt=6.442e-04, KE=1.679991e-01, Mt=0.6013, A_K=0.029, Cuv=-0.133, P_in=3.290e-02, P_tgt=3.272e-02, A_F=0.034, K_low=0.217, P_drag=-6.651e-03, P_cool=-1.386e-02, WENO=0.215 (x=0.215, y=0.215), ReL2D=103.39, eps_nu=1.031e-02, P_hv=1.182e-04, rho_mean=1.000000, p_mean=0.742000, div_rms=1.106e+00, vort_rms=2.013e+00, mass_err=-6.186e-11
step= 26800, t=17.270470, dt=6.418e-04, KE=1.694109e-01, Mt=0.6043, A_K=0.039, Cuv=-0.157, P_in=3.236e-02, P_tgt=3.240e-02, A_F=0.012, K_low=0.216, P_drag=-6.646e-03, P_cool=-1.388e-02, WENO=0.222 (x=0.222, y=0.222), ReL2D=100.90, eps_nu=1.080e-02, P_hv=1.150e-04, rho_mean=1.000000, p_mean=0.742053, div_rms=1.173e+00, vort_rms=2.030e+00, mass_err=-6.232e-11
step= 27000, t=17.398289, dt=6.369e-04, KE=1.710133e-01, Mt=0.6056, A_K=0.055, Cuv=-0.171, P_in=3.203e-02, P_tgt=3.187e-02, A_F=0.293, K_low=0.212, P_drag=-6.607e-03, P_cool=-1.386e-02, WENO=0.220 (x=0.220, y=0.220), ReL2D=98.61, eps_nu=1.110e-02, P_hv=1.192e-04, rho_mean=1.000000, p_mean=0.742007, div_rms=1.218e+00, vort_rms=2.035e+00, mass_err=-6.279e-11
step= 27200, t=17.525685, dt=6.362e-04, KE=1.723889e-01, Mt=0.6059, A_K=0.071, Cuv=-0.171, P_in=3.138e-02, P_tgt=3.126e-02, A_F=0.099, K_low=0.207, P_drag=-6.561e-03, P_cool=-1.387e-02, WENO=0.215 (x=0.215, y=0.215), ReL2D=97.85, eps_nu=1.116e-02, P_hv=1.230e-04, rho_mean=1.000000, p_mean=0.742025, div_rms=1.230e+00, vort_rms=2.034e+00, mass_err=-6.326e-11
saved snapshot: results/hit2d/thesis_hit_campaign_v1/mach_Mt060_N256_seed1234/hit2d_step0027300.npz
step= 27400, t=17.652146, dt=6.285e-04, KE=1.732658e-01, Mt=0.6061, A_K=0.080, Cuv=-0.152, P_in=3.076e-02, P_tgt=3.066e-02, A_F=0.050, K_low=0.202, P_drag=-6.530e-03, P_cool=-1.396e-02, WENO=0.207 (x=0.207, y=0.207), ReL2D=98.17, eps_nu=1.112e-02, P_hv=1.228e-04, rho_mean=1.000000, p_mean=0.742202, div_rms=1.215e+00, vort_rms=2.039e+00, mass_err=-6.372e-11
step= 27600, t=17.776757, dt=6.172e-04, KE=1.739663e-01, Mt=0.6067, A_K=0.085, Cuv=-0.128, P_in=2.981e-02, P_tgt=3.003e-02, A_F=0.011, K_low=0.198, P_drag=-6.507e-03, P_cool=-1.406e-02, WENO=0.220 (x=0.220, y=0.220), ReL2D=99.21, eps_nu=1.105e-02, P_hv=1.231e-04, rho_mean=1.000000, p_mean=0.742408, div_rms=1.192e+00, vort_rms=2.048e+00, mass_err=-6.418e-11
step= 27800, t=17.899152, dt=6.073e-04, KE=1.747622e-01, Mt=0.6084, A_K=0.079, Cuv=-0.108, P_in=2.920e-02, P_tgt=2.929e-02, A_F=0.079, K_low=0.194, P_drag=-6.483e-03, P_cool=-1.413e-02, WENO=0.228 (x=0.228, y=0.228), ReL2D=100.14, eps_nu=1.105e-02, P_hv=1.248e-04, rho_mean=1.000000, p_mean=0.742536, div_rms=1.186e+00, vort_rms=2.052e+00, mass_err=-6.464e-11
step= 28000, t=18.020571, dt=6.086e-04, KE=1.755888e-01, Mt=0.6097, A_K=0.067, Cuv=-0.086, P_in=2.841e-02, P_tgt=2.844e-02, A_F=0.164, K_low=0.190, P_drag=-6.455e-03, P_cool=-1.416e-02, WENO=0.231 (x=0.231, y=0.231), ReL2D=99.11, eps_nu=1.117e-02, P_hv=1.269e-04, rho_mean=1.000000, p_mean=0.742609, div_rms=1.203e+00, vort_rms=2.055e+00, mass_err=-6.510e-11
step= 28200, t=18.142702, dt=6.125e-04, KE=1.767956e-01, Mt=0.6113, A_K=0.059, Cuv=-0.061, P_in=2.748e-02, P_tgt=2.749e-02, A_F=0.046, K_low=0.186, P_drag=-6.428e-03, P_cool=-1.410e-02, WENO=0.236 (x=0.236, y=0.236), ReL2D=98.98, eps_nu=1.122e-02, P_hv=1.233e-04, rho_mean=1.000000, p_mean=0.742488, div_rms=1.204e+00, vort_rms=2.062e+00, mass_err=-6.556e-11
step= 28400, t=18.265729, dt=6.156e-04, KE=1.785579e-01, Mt=0.6130, A_K=0.059, Cuv=-0.023, P_in=2.654e-02, P_tgt=2.642e-02, A_F=0.024, K_low=0.183, P_drag=-6.415e-03, P_cool=-1.391e-02, WENO=0.228 (x=0.228, y=0.228), ReL2D=98.89, eps_nu=1.134e-02, P_hv=1.178e-04, rho_mean=1.000000, p_mean=0.742098, div_rms=1.215e+00, vort_rms=2.069e+00, mass_err=-6.602e-11
step= 28600, t=18.388778, dt=6.147e-04, KE=1.801851e-01, Mt=0.6135, A_K=0.059, Cuv=0.016, P_in=2.528e-02, P_tgt=2.530e-02, A_F=0.103, K_low=0.181, P_drag=-6.410e-03, P_cool=-1.372e-02, WENO=0.229 (x=0.229, y=0.229), ReL2D=99.68, eps_nu=1.138e-02, P_hv=1.133e-04, rho_mean=1.000000, p_mean=0.741718, div_rms=1.205e+00, vort_rms=2.082e+00, mass_err=-6.648e-11
step= 28800, t=18.511387, dt=6.091e-04, KE=1.812531e-01, Mt=0.6122, A_K=0.057, Cuv=0.051, P_in=2.417e-02, P_tgt=2.427e-02, A_F=0.120, K_low=0.179, P_drag=-6.398e-03, P_cool=-1.362e-02, WENO=0.245 (x=0.245, y=0.245), ReL2D=101.50, eps_nu=1.129e-02, P_hv=1.128e-04, rho_mean=1.000000, p_mean=0.741517, div_rms=1.176e+00, vort_rms=2.092e+00, mass_err=-6.695e-11
step= 29000, t=18.634577, dt=6.266e-04, KE=1.819832e-01, Mt=0.6105, A_K=0.061, Cuv=0.077, P_in=2.319e-02, P_tgt=2.339e-02, A_F=0.107, K_low=0.177, P_drag=-6.376e-03, P_cool=-1.357e-02, WENO=0.233 (x=0.233, y=0.233), ReL2D=103.11, eps_nu=1.121e-02, P_hv=1.158e-04, rho_mean=1.000000, p_mean=0.741416, div_rms=1.160e+00, vort_rms=2.093e+00, mass_err=-6.741e-11
step= 29200, t=18.761282, dt=6.350e-04, KE=1.818862e-01, Mt=0.6080, A_K=0.074, Cuv=0.092, P_in=2.261e-02, P_tgt=2.270e-02, A_F=0.052, K_low=0.175, P_drag=-6.365e-03, P_cool=-1.366e-02, WENO=0.220 (x=0.220, y=0.220), ReL2D=104.43, eps_nu=1.105e-02, P_hv=1.153e-04, rho_mean=1.000000, p_mean=0.741613, div_rms=1.128e+00, vort_rms=2.096e+00, mass_err=-6.789e-11
step= 29400, t=18.889498, dt=6.487e-04, KE=1.814848e-01, Mt=0.6065, A_K=0.084, Cuv=0.103, P_in=2.214e-02, P_tgt=2.218e-02, A_F=0.030, K_low=0.175, P_drag=-6.402e-03, P_cool=-1.380e-02, WENO=0.203 (x=0.203, y=0.203), ReL2D=105.13, eps_nu=1.096e-02, P_hv=1.191e-04, rho_mean=1.000000, p_mean=0.741895, div_rms=1.098e+00, vort_rms=2.105e+00, mass_err=-6.835e-11
saved snapshot: results/hit2d/thesis_hit_campaign_v1/mach_Mt060_N256_seed1234/hit2d_step0029400.npz
step= 29600, t=19.019287, dt=6.471e-04, KE=1.810122e-01, Mt=0.6066, A_K=0.090, Cuv=0.110, P_in=2.193e-02, P_tgt=2.171e-02, A_F=0.041, K_low=0.179, P_drag=-6.550e-03, P_cool=-1.394e-02, WENO=0.194 (x=0.194, y=0.194), ReL2D=106.48, eps_nu=1.087e-02, P_hv=1.234e-04, rho_mean=1.000000, p_mean=0.742166, div_rms=1.068e+00, vort_rms=2.114e+00, mass_err=-6.882e-11
step= 29800, t=19.147595, dt=6.365e-04, KE=1.806283e-01, Mt=0.6070, A_K=0.097, Cuv=0.108, P_in=2.109e-02, P_tgt=2.124e-02, A_F=0.009, K_low=0.188, P_drag=-6.804e-03, P_cool=-1.404e-02, WENO=0.206 (x=0.206, y=0.206), ReL2D=107.41, eps_nu=1.083e-02, P_hv=1.267e-04, rho_mean=1.000000, p_mean=0.742365, div_rms=1.050e+00, vort_rms=2.121e+00, mass_err=-6.929e-11
step= 30000, t=19.274176, dt=6.324e-04, KE=1.804789e-01, Mt=0.6071, A_K=0.094, Cuv=0.100, P_in=2.079e-02, P_tgt=2.075e-02, A_F=0.117, K_low=0.199, P_drag=-7.139e-03, P_cool=-1.407e-02, WENO=0.226 (x=0.226, y=0.226), ReL2D=108.13, eps_nu=1.073e-02, P_hv=1.249e-04, rho_mean=1.000000, p_mean=0.742430, div_rms=1.030e+00, vort_rms=2.121e+00, mass_err=-6.976e-11
step= 30200, t=19.399973, dt=6.214e-04, KE=1.806044e-01, Mt=0.6071, A_K=0.092, Cuv=0.094, P_in=2.040e-02, P_tgt=2.027e-02, A_F=0.021, K_low=0.211, P_drag=-7.534e-03, P_cool=-1.403e-02, WENO=0.227 (x=0.227, y=0.227), ReL2D=108.65, eps_nu=1.060e-02, P_hv=1.291e-04, rho_mean=1.000000, p_mean=0.742343, div_rms=1.007e+00, vort_rms=2.119e+00, mass_err=-7.023e-11
step= 30400, t=19.522806, dt=6.075e-04, KE=1.811340e-01, Mt=0.6075, A_K=0.087, Cuv=0.100, P_in=1.973e-02, P_tgt=1.979e-02, A_F=0.018, K_low=0.223, P_drag=-7.956e-03, P_cool=-1.389e-02, WENO=0.240 (x=0.240, y=0.240), ReL2D=108.52, eps_nu=1.047e-02, P_hv=1.416e-04, rho_mean=1.000000, p_mean=0.742059, div_rms=9.912e-01, vort_rms=2.112e+00, mass_err=-7.070e-11
step= 30600, t=19.643017, dt=5.958e-04, KE=1.820152e-01, Mt=0.6090, A_K=0.082, Cuv=0.116, P_in=1.927e-02, P_tgt=1.927e-02, A_F=0.049, K_low=0.234, P_drag=-8.372e-03, P_cool=-1.366e-02, WENO=0.238 (x=0.238, y=0.238), ReL2D=108.09, eps_nu=1.041e-02, P_hv=1.466e-04, rho_mean=1.000000, p_mean=0.741600, div_rms=9.940e-01, vort_rms=2.102e+00, mass_err=-7.116e-11
step= 30800, t=19.762059, dt=5.954e-04, KE=1.827622e-01, Mt=0.6118, A_K=0.079, Cuv=0.137, P_in=1.870e-02, P_tgt=1.864e-02, A_F=0.035, K_low=0.246, P_drag=-8.773e-03, P_cool=-1.344e-02, WENO=0.243 (x=0.243, y=0.243), ReL2D=108.00, eps_nu=1.041e-02, P_hv=1.439e-04, rho_mean=1.000000, p_mean=0.741156, div_rms=1.008e+00, vort_rms=2.094e+00, mass_err=-7.163e-11
step= 31000, t=19.881528, dt=5.999e-04, KE=1.827302e-01, Mt=0.6150, A_K=0.083, Cuv=0.164, P_in=1.773e-02, P_tgt=1.785e-02, A_F=0.190, K_low=0.259, P_drag=-9.152e-03, P_cool=-1.334e-02, WENO=0.231 (x=0.231, y=0.231), ReL2D=108.75, eps_nu=1.042e-02, P_hv=1.425e-04, rho_mean=1.000000, p_mean=0.740971, div_rms=1.018e+00, vort_rms=2.088e+00, mass_err=-7.209e-11
step= 31200, t=20.001970, dt=6.041e-04, KE=1.817768e-01, Mt=0.6173, A_K=0.092, Cuv=0.199, P_in=1.695e-02, P_tgt=1.694e-02, A_F=0.064, K_low=0.273, P_drag=-9.501e-03, P_cool=-1.340e-02, WENO=0.225 (x=0.225, y=0.225), ReL2D=109.58, eps_nu=1.042e-02, P_hv=1.397e-04, rho_mean=1.000000, p_mean=0.741091, div_rms=1.025e+00, vort_rms=2.083e+00, mass_err=-7.257e-11
step= 31400, t=20.123068, dt=6.075e-04, KE=1.800559e-01, Mt=0.6177, A_K=0.099, Cuv=0.243, P_in=1.632e-02, P_tgt=1.601e-02, A_F=0.191, K_low=0.288, P_drag=-9.806e-03, P_cool=-1.358e-02, WENO=0.222 (x=0.222, y=0.222), ReL2D=110.68, eps_nu=1.027e-02, P_hv=1.398e-04, rho_mean=1.000000, p_mean=0.741446, div_rms=1.004e+00, vort_rms=2.077e+00, mass_err=-7.304e-11
saved snapshot: results/hit2d/thesis_hit_campaign_v1/mach_Mt060_N256_seed1234/hit2d_step0031500.npz
step= 31600, t=20.244733, dt=6.094e-04, KE=1.784836e-01, Mt=0.6173, A_K=0.096, Cuv=0.284, P_in=1.519e-02, P_tgt=1.514e-02, A_F=0.037, K_low=0.301, P_drag=-1.007e-02, P_cool=-1.370e-02, WENO=0.229 (x=0.229, y=0.229), ReL2D=110.52, eps_nu=1.016e-02, P_hv=1.395e-04, rho_mean=1.000000, p_mean=0.741677, div_rms=9.984e-01, vort_rms=2.067e+00, mass_err=-7.351e-11
step= 31800, t=20.366899, dt=6.142e-04, KE=1.769725e-01, Mt=0.6157, A_K=0.094, Cuv=0.314, P_in=1.442e-02, P_tgt=1.435e-02, A_F=0.082, K_low=0.311, P_drag=-1.027e-02, P_cool=-1.377e-02, WENO=0.232 (x=0.232, y=0.232), ReL2D=108.78, eps_nu=1.014e-02, P_hv=1.383e-04, rho_mean=1.000000, p_mean=0.741827, div_rms=1.011e+00, vort_rms=2.055e+00, mass_err=-7.397e-11
step= 32000, t=20.490432, dt=6.186e-04, KE=1.749752e-01, Mt=0.6126, A_K=0.086, Cuv=0.339, P_in=1.372e-02, P_tgt=1.371e-02, A_F=0.140, K_low=0.321, P_drag=-1.042e-02, P_cool=-1.392e-02, WENO=0.221 (x=0.221, y=0.221), ReL2D=107.78, eps_nu=1.002e-02, P_hv=1.370e-04, rho_mean=1.000000, p_mean=0.742119, div_rms=1.001e+00, vort_rms=2.046e+00, mass_err=-7.444e-11
step= 32200, t=20.614683, dt=6.262e-04, KE=1.729256e-01, Mt=0.6095, A_K=0.075, Cuv=0.361, P_in=1.322e-02, P_tgt=1.323e-02, A_F=0.094, K_low=0.328, P_drag=-1.051e-02, P_cool=-1.405e-02, WENO=0.200 (x=0.200, y=0.200), ReL2D=106.48, eps_nu=9.995e-03, P_hv=1.451e-04, rho_mean=1.000000, p_mean=0.742394, div_rms=1.011e+00, vort_rms=2.036e+00, mass_err=-7.489e-11
step= 32400, t=20.739568, dt=6.219e-04, KE=1.711057e-01, Mt=0.6065, A_K=0.070, Cuv=0.386, P_in=1.289e-02, P_tgt=1.289e-02, A_F=0.155, K_low=0.332, P_drag=-1.055e-02, P_cool=-1.413e-02, WENO=0.200 (x=0.200, y=0.200), ReL2D=105.81, eps_nu=9.942e-03, P_hv=1.467e-04, rho_mean=1.000000, p_mean=0.742551, div_rms=1.005e+00, vort_rms=2.033e+00, mass_err=-7.535e-11
step= 32600, t=20.864504, dt=6.316e-04, KE=1.701952e-01, Mt=0.6043, A_K=0.076, Cuv=0.403, P_in=1.272e-02, P_tgt=1.266e-02, A_F=0.236, K_low=0.333, P_drag=-1.054e-02, P_cool=-1.403e-02, WENO=0.203 (x=0.203, y=0.203), ReL2D=105.07, eps_nu=9.981e-03, P_hv=1.433e-04, rho_mean=1.000000, p_mean=0.742337, div_rms=1.014e+00, vort_rms=2.032e+00, mass_err=-7.581e-11
step= 32800, t=20.990798, dt=6.297e-04, KE=1.700642e-01, Mt=0.6029, A_K=0.089, Cuv=0.413, P_in=1.246e-02, P_tgt=1.252e-02, A_F=0.305, K_low=0.332, P_drag=-1.048e-02, P_cool=-1.376e-02, WENO=0.201 (x=0.201, y=0.201), ReL2D=104.20, eps_nu=9.994e-03, P_hv=1.405e-04, rho_mean=1.000000, p_mean=0.741802, div_rms=1.023e+00, vort_rms=2.028e+00, mass_err=-7.628e-11
step= 33000, t=21.116439, dt=6.265e-04, KE=1.701252e-01, Mt=0.6018, A_K=0.101, Cuv=0.415, P_in=1.241e-02, P_tgt=1.242e-02, A_F=0.137, K_low=0.328, P_drag=-1.039e-02, P_cool=-1.345e-02, WENO=0.202 (x=0.202, y=0.202), ReL2D=103.80, eps_nu=9.960e-03, P_hv=1.419e-04, rho_mean=1.000000, p_mean=0.741195, div_rms=1.019e+00, vort_rms=2.026e+00, mass_err=-7.675e-11
step= 33200, t=21.241115, dt=6.207e-04, KE=1.699967e-01, Mt=0.6001, A_K=0.104, Cuv=0.406, P_in=1.236e-02, P_tgt=1.237e-02, A_F=0.229, K_low=0.324, P_drag=-1.026e-02, P_cool=-1.320e-02, WENO=0.196 (x=0.196, y=0.196), ReL2D=103.24, eps_nu=9.898e-03, P_hv=1.392e-04, rho_mean=1.000000, p_mean=0.740677, div_rms=1.012e+00, vort_rms=2.022e+00, mass_err=-7.720e-11
step= 33400, t=21.365393, dt=6.231e-04, KE=1.692472e-01, Mt=0.5973, A_K=0.104, Cuv=0.388, P_in=1.244e-02, P_tgt=1.243e-02, A_F=0.118, K_low=0.320, P_drag=-1.010e-02, P_cool=-1.307e-02, WENO=0.210 (x=0.210, y=0.210), ReL2D=102.70, eps_nu=9.865e-03, P_hv=1.378e-04, rho_mean=1.000000, p_mean=0.740425, div_rms=1.013e+00, vort_rms=2.017e+00, mass_err=-7.766e-11
step= 33600, t=21.490054, dt=6.238e-04, KE=1.680511e-01, Mt=0.5945, A_K=0.103, Cuv=0.366, P_in=1.261e-02, P_tgt=1.260e-02, A_F=0.042, K_low=0.317, P_drag=-9.930e-03, P_cool=-1.304e-02, WENO=0.235 (x=0.235, y=0.235), ReL2D=101.79, eps_nu=9.869e-03, P_hv=1.319e-04, rho_mean=1.000000, p_mean=0.740369, div_rms=1.027e+00, vort_rms=2.008e+00, mass_err=-7.813e-11
saved snapshot: results/hit2d/thesis_hit_campaign_v1/mach_Mt060_N256_seed1234/hit2d_step0033600.npz
step= 33800, t=21.615320, dt=6.241e-04, KE=1.667743e-01, Mt=0.5927, A_K=0.105, Cuv=0.344, P_in=1.293e-02, P_tgt=1.288e-02, A_F=0.136, K_low=0.315, P_drag=-9.777e-03, P_cool=-1.304e-02, WENO=0.255 (x=0.255, y=0.255), ReL2D=101.28, eps_nu=9.837e-03, P_hv=1.296e-04, rho_mean=1.000000, p_mean=0.740368, div_rms=1.036e+00, vort_rms=1.997e+00, mass_err=-7.860e-11
step= 34000, t=21.738374, dt=6.068e-04, KE=1.658001e-01, Mt=0.5923, A_K=0.109, Cuv=0.320, P_in=1.322e-02, P_tgt=1.322e-02, A_F=0.047, K_low=0.314, P_drag=-9.657e-03, P_cool=-1.300e-02, WENO=0.261 (x=0.261, y=0.261), ReL2D=100.93, eps_nu=9.798e-03, P_hv=1.301e-04, rho_mean=1.000000, p_mean=0.740282, div_rms=1.041e+00, vort_rms=1.989e+00, mass_err=-7.906e-11
step= 34200, t=21.859612, dt=6.101e-04, KE=1.652308e-01, Mt=0.5926, A_K=0.123, Cuv=0.296, P_in=1.350e-02, P_tgt=1.356e-02, A_F=0.135, K_low=0.312, P_drag=-9.559e-03, P_cool=-1.289e-02, WENO=0.259 (x=0.259, y=0.259), ReL2D=101.98, eps_nu=9.694e-03, P_hv=1.341e-04, rho_mean=1.000000, p_mean=0.740062, div_rms=1.034e+00, vort_rms=1.979e+00, mass_err=-7.954e-11
step= 34400, t=21.982349, dt=6.178e-04, KE=1.651085e-01, Mt=0.5928, A_K=0.139, Cuv=0.273, P_in=1.379e-02, P_tgt=1.390e-02, A_F=0.346, K_low=0.309, P_drag=-9.473e-03, P_cool=-1.270e-02, WENO=0.245 (x=0.245, y=0.245), ReL2D=101.77, eps_nu=9.720e-03, P_hv=1.337e-04, rho_mean=1.000000, p_mean=0.739685, div_rms=1.056e+00, vort_rms=1.967e+00, mass_err=-8.001e-11
step= 34600, t=22.107010, dt=6.287e-04, KE=1.650581e-01, Mt=0.5923, A_K=0.153, Cuv=0.249, P_in=1.420e-02, P_tgt=1.425e-02, A_F=0.175, K_low=0.307, P_drag=-9.400e-03, P_cool=-1.251e-02, WENO=0.233 (x=0.233, y=0.233), ReL2D=102.34, eps_nu=9.603e-03, P_hv=1.340e-04, rho_mean=1.000000, p_mean=0.739308, div_rms=1.052e+00, vort_rms=1.954e+00, mass_err=-8.046e-11
step= 34800, t=22.233769, dt=6.383e-04, KE=1.649607e-01, Mt=0.5909, A_K=0.166, Cuv=0.232, P_in=1.469e-02, P_tgt=1.466e-02, A_F=0.130, K_low=0.303, P_drag=-9.331e-03, P_cool=-1.234e-02, WENO=0.216 (x=0.216, y=0.216), ReL2D=102.97, eps_nu=9.428e-03, P_hv=1.325e-04, rho_mean=1.000000, p_mean=0.738973, div_rms=1.042e+00, vort_rms=1.936e+00, mass_err=-8.093e-11
step= 35000, t=22.362214, dt=6.470e-04, KE=1.646013e-01, Mt=0.5889, A_K=0.174, Cuv=0.216, P_in=1.515e-02, P_tgt=1.517e-02, A_F=0.041, K_low=0.300, P_drag=-9.261e-03, P_cool=-1.224e-02, WENO=0.221 (x=0.221, y=0.221), ReL2D=104.12, eps_nu=9.183e-03, P_hv=1.313e-04, rho_mean=1.000000, p_mean=0.738775, div_rms=1.013e+00, vort_rms=1.921e+00, mass_err=-8.140e-11
step= 35200, t=22.492630, dt=6.568e-04, KE=1.640636e-01, Mt=0.5868, A_K=0.176, Cuv=0.203, P_in=1.578e-02, P_tgt=1.582e-02, A_F=0.034, K_low=0.298, P_drag=-9.193e-03, P_cool=-1.220e-02, WENO=0.223 (x=0.223, y=0.223), ReL2D=104.26, eps_nu=9.060e-03, P_hv=1.226e-04, rho_mean=1.000000, p_mean=0.738681, div_rms=1.002e+00, vort_rms=1.912e+00, mass_err=-8.187e-11
step= 35400, t=22.625171, dt=6.625e-04, KE=1.630360e-01, Mt=0.5840, A_K=0.168, Cuv=0.196, P_in=1.653e-02, P_tgt=1.663e-02, A_F=0.026, K_low=0.296, P_drag=-9.125e-03, P_cool=-1.226e-02, WENO=0.214 (x=0.214, y=0.214), ReL2D=104.25, eps_nu=8.894e-03, P_hv=1.204e-04, rho_mean=1.000000, p_mean=0.738815, div_rms=9.765e-01, vort_rms=1.905e+00, mass_err=-8.233e-11
step= 35600, t=22.756758, dt=6.563e-04, KE=1.616553e-01, Mt=0.5807, A_K=0.157, Cuv=0.195, P_in=1.775e-02, P_tgt=1.769e-02, A_F=0.095, K_low=0.295, P_drag=-9.061e-03, P_cool=-1.242e-02, WENO=0.208 (x=0.208, y=0.208), ReL2D=104.38, eps_nu=8.715e-03, P_hv=1.209e-04, rho_mean=1.000000, p_mean=0.739130, div_rms=9.450e-01, vort_rms=1.901e+00, mass_err=-8.279e-11
saved snapshot: results/hit2d/thesis_hit_campaign_v1/mach_Mt060_N256_seed1234/hit2d_step0035700.npz
step= 35800, t=22.889352, dt=6.731e-04, KE=1.603941e-01, Mt=0.5778, A_K=0.139, Cuv=0.205, P_in=1.926e-02, P_tgt=1.903e-02, A_F=0.079, K_low=0.293, P_drag=-9.026e-03, P_cool=-1.258e-02, WENO=0.202 (x=0.202, y=0.202), ReL2D=104.26, eps_nu=8.637e-03, P_hv=1.191e-04, rho_mean=1.000000, p_mean=0.739454, div_rms=9.238e-01, vort_rms=1.903e+00, mass_err=-8.325e-11
step= 36000, t=23.022347, dt=6.542e-04, KE=1.595580e-01, Mt=0.5751, A_K=0.124, Cuv=0.224, P_in=2.083e-02, P_tgt=2.070e-02, A_F=0.012, K_low=0.293, P_drag=-9.010e-03, P_cool=-1.271e-02, WENO=0.197 (x=0.197, y=0.197), ReL2D=103.10, eps_nu=8.572e-03, P_hv=1.194e-04, rho_mean=1.000000, p_mean=0.739697, div_rms=9.104e-01, vort_rms=1.902e+00, mass_err=-8.373e-11
step= 36200, t=23.151690, dt=6.455e-04, KE=1.592022e-01, Mt=0.5737, A_K=0.104, Cuv=0.240, P_in=2.276e-02, P_tgt=2.268e-02, A_F=0.024, K_low=0.294, P_drag=-9.052e-03, P_cool=-1.278e-02, WENO=0.197 (x=0.197, y=0.197), ReL2D=101.21, eps_nu=8.629e-03, P_hv=1.199e-04, rho_mean=1.000000, p_mean=0.739844, div_rms=9.151e-01, vort_rms=1.908e+00, mass_err=-8.419e-11
step= 36400, t=23.280834, dt=6.474e-04, KE=1.597457e-01, Mt=0.5744, A_K=0.085, Cuv=0.253, P_in=2.486e-02, P_tgt=2.489e-02, A_F=0.188, K_low=0.296, P_drag=-9.165e-03, P_cool=-1.272e-02, WENO=0.185 (x=0.185, y=0.185), ReL2D=99.53, eps_nu=8.817e-03, P_hv=1.261e-04, rho_mean=1.000000, p_mean=0.739734, div_rms=9.400e-01, vort_rms=1.918e+00, mass_err=-8.466e-11
step= 36600, t=23.410902, dt=6.510e-04, KE=1.612619e-01, Mt=0.5765, A_K=0.063, Cuv=0.258, P_in=2.717e-02, P_tgt=2.717e-02, A_F=0.042, K_low=0.297, P_drag=-9.337e-03, P_cool=-1.253e-02, WENO=0.189 (x=0.189, y=0.189), ReL2D=98.19, eps_nu=9.096e-03, P_hv=1.267e-04, rho_mean=1.000000, p_mean=0.739352, div_rms=9.790e-01, vort_rms=1.933e+00, mass_err=-8.512e-11
step= 36800, t=23.540399, dt=6.428e-04, KE=1.631338e-01, Mt=0.5788, A_K=0.042, Cuv=0.252, P_in=2.943e-02, P_tgt=2.939e-02, A_F=0.085, K_low=0.298, P_drag=-9.592e-03, P_cool=-1.233e-02, WENO=0.184 (x=0.184, y=0.184), ReL2D=98.95, eps_nu=9.212e-03, P_hv=1.248e-04, rho_mean=1.000000, p_mean=0.738937, div_rms=9.799e-01, vort_rms=1.948e+00, mass_err=-8.559e-11
step= 37000, t=23.668610, dt=6.413e-04, KE=1.654563e-01, Mt=0.5816, A_K=0.029, Cuv=0.239, P_in=3.148e-02, P_tgt=3.152e-02, A_F=0.040, K_low=0.301, P_drag=-9.905e-03, P_cool=-1.208e-02, WENO=0.186 (x=0.186, y=0.186), ReL2D=100.76, eps_nu=9.255e-03, P_hv=1.247e-04, rho_mean=1.000000, p_mean=0.738437, div_rms=9.662e-01, vort_rms=1.964e+00, mass_err=-8.605e-11
step= 37200, t=23.797450, dt=6.446e-04, KE=1.680939e-01, Mt=0.5860, A_K=0.018, Cuv=0.227, P_in=3.313e-02, P_tgt=3.335e-02, A_F=0.012, K_low=0.307, P_drag=-1.026e-02, P_cool=-1.181e-02, WENO=0.182 (x=0.182, y=0.182), ReL2D=102.79, eps_nu=9.366e-03, P_hv=1.239e-04, rho_mean=1.000000, p_mean=0.737911, div_rms=9.613e-01, vort_rms=1.982e+00, mass_err=-8.653e-11
step= 37400, t=23.925706, dt=6.410e-04, KE=1.702732e-01, Mt=0.5902, A_K=0.007, Cuv=0.221, P_in=3.465e-02, P_tgt=3.474e-02, A_F=0.079, K_low=0.315, P_drag=-1.063e-02, P_cool=-1.168e-02, WENO=0.185 (x=0.185, y=0.185), ReL2D=105.41, eps_nu=9.406e-03, P_hv=1.198e-04, rho_mean=1.000000, p_mean=0.737644, div_rms=9.311e-01, vort_rms=2.007e+00, mass_err=-8.700e-11
step= 37600, t=24.054447, dt=6.502e-04, KE=1.722191e-01, Mt=0.5945, A_K=0.003, Cuv=0.212, P_in=3.551e-02, P_tgt=3.565e-02, A_F=0.067, K_low=0.324, P_drag=-1.094e-02, P_cool=-1.162e-02, WENO=0.180 (x=0.180, y=0.180), ReL2D=107.52, eps_nu=9.504e-03, P_hv=1.176e-04, rho_mean=1.000000, p_mean=0.737522, div_rms=9.221e-01, vort_rms=2.026e+00, mass_err=-8.747e-11
step= 37800, t=24.185889, dt=6.564e-04, KE=1.738443e-01, Mt=0.5987, A_K=0.014, Cuv=0.208, P_in=3.609e-02, P_tgt=3.606e-02, A_F=0.049, K_low=0.330, P_drag=-1.117e-02, P_cool=-1.164e-02, WENO=0.188 (x=0.188, y=0.188), ReL2D=109.02, eps_nu=9.653e-03, P_hv=1.154e-04, rho_mean=1.000000, p_mean=0.737567, div_rms=9.397e-01, vort_rms=2.035e+00, mass_err=-8.794e-11
saved snapshot: results/hit2d/thesis_hit_campaign_v1/mach_Mt060_N256_seed1234/hit2d_step0037800.npz
step= 38000, t=24.315463, dt=6.396e-04, KE=1.747143e-01, Mt=0.6027, A_K=0.020, Cuv=0.212, P_in=3.597e-02, P_tgt=3.597e-02, A_F=0.045, K_low=0.336, P_drag=-1.132e-02, P_cool=-1.181e-02, WENO=0.184 (x=0.184, y=0.184), ReL2D=109.54, eps_nu=9.804e-03, P_hv=1.162e-04, rho_mean=1.000000, p_mean=0.737897, div_rms=9.543e-01, vort_rms=2.047e+00, mass_err=-8.841e-11
step= 38200, t=24.442357, dt=6.298e-04, KE=1.749292e-01, Mt=0.6066, A_K=0.032, Cuv=0.223, P_in=3.552e-02, P_tgt=3.542e-02, A_F=0.017, K_low=0.339, P_drag=-1.138e-02, P_cool=-1.208e-02, WENO=0.194 (x=0.194, y=0.194), ReL2D=108.33, eps_nu=1.003e-02, P_hv=1.271e-04, rho_mean=1.000000, p_mean=0.738444, div_rms=9.841e-01, vort_rms=2.058e+00, mass_err=-8.887e-11
step= 38400, t=24.567303, dt=6.189e-04, KE=1.745940e-01, Mt=0.6097, A_K=0.048, Cuv=0.232, P_in=3.474e-02, P_tgt=3.449e-02, A_F=0.104, K_low=0.343, P_drag=-1.139e-02, P_cool=-1.243e-02, WENO=0.206 (x=0.206, y=0.206), ReL2D=107.70, eps_nu=1.015e-02, P_hv=1.318e-04, rho_mean=1.000000, p_mean=0.739143, div_rms=1.001e+00, vort_rms=2.063e+00, mass_err=-8.934e-11
step= 38600, t=24.690915, dt=6.163e-04, KE=1.741860e-01, Mt=0.6126, A_K=0.068, Cuv=0.235, P_in=3.327e-02, P_tgt=3.326e-02, A_F=0.080, K_low=0.345, P_drag=-1.133e-02, P_cool=-1.275e-02, WENO=0.195 (x=0.195, y=0.195), ReL2D=107.20, eps_nu=1.035e-02, P_hv=1.331e-04, rho_mean=1.000000, p_mean=0.739795, div_rms=1.026e+00, vort_rms=2.074e+00, mass_err=-8.980e-11
step= 38800, t=24.813934, dt=6.162e-04, KE=1.739532e-01, Mt=0.6142, A_K=0.085, Cuv=0.235, P_in=3.167e-02, P_tgt=3.183e-02, A_F=0.009, K_low=0.342, P_drag=-1.121e-02, P_cool=-1.301e-02, WENO=0.195 (x=0.195, y=0.195), ReL2D=106.37, eps_nu=1.063e-02, P_hv=1.396e-04, rho_mean=1.000000, p_mean=0.740301, div_rms=1.050e+00, vort_rms=2.094e+00, mass_err=-9.026e-11
step= 39000, t=24.937919, dt=6.240e-04, KE=1.741203e-01, Mt=0.6144, A_K=0.100, Cuv=0.227, P_in=3.037e-02, P_tgt=3.039e-02, A_F=0.294, K_low=0.334, P_drag=-1.100e-02, P_cool=-1.315e-02, WENO=0.184 (x=0.184, y=0.184), ReL2D=104.70, eps_nu=1.088e-02, P_hv=1.492e-04, rho_mean=1.000000, p_mean=0.740577, div_rms=1.076e+00, vort_rms=2.111e+00, mass_err=-9.073e-11
step= 39200, t=25.062777, dt=6.229e-04, KE=1.744106e-01, Mt=0.6130, A_K=0.113, Cuv=0.213, P_in=2.877e-02, P_tgt=2.907e-02, A_F=0.317, K_low=0.321, P_drag=-1.073e-02, P_cool=-1.323e-02, WENO=0.199 (x=0.199, y=0.199), ReL2D=103.44, eps_nu=1.094e-02, P_hv=1.458e-04, rho_mean=1.000000, p_mean=0.740746, div_rms=1.076e+00, vort_rms=2.118e+00, mass_err=-9.120e-11
step= 39400, t=25.187250, dt=6.156e-04, KE=1.748591e-01, Mt=0.6113, A_K=0.123, Cuv=0.186, P_in=2.791e-02, P_tgt=2.796e-02, A_F=0.228, K_low=0.308, P_drag=-1.043e-02, P_cool=-1.326e-02, WENO=0.220 (x=0.220, y=0.220), ReL2D=102.32, eps_nu=1.096e-02, P_hv=1.377e-04, rho_mean=1.000000, p_mean=0.740802, div_rms=1.074e+00, vort_rms=2.122e+00, mass_err=-9.166e-11
step= 39600, t=25.309834, dt=6.115e-04, KE=1.755476e-01, Mt=0.6108, A_K=0.130, Cuv=0.154, P_in=2.706e-02, P_tgt=2.698e-02, A_F=0.209, K_low=0.297, P_drag=-1.018e-02, P_cool=-1.322e-02, WENO=0.213 (x=0.213, y=0.213), ReL2D=101.09, eps_nu=1.112e-02, P_hv=1.286e-04, rho_mean=1.000000, p_mean=0.740721, div_rms=1.098e+00, vort_rms=2.126e+00, mass_err=-9.214e-11
step= 39800, t=25.431780, dt=6.081e-04, KE=1.762402e-01, Mt=0.6116, A_K=0.133, Cuv=0.118, P_in=2.611e-02, P_tgt=2.602e-02, A_F=0.067, K_low=0.290, P_drag=-9.989e-03, P_cool=-1.316e-02, WENO=0.201 (x=0.201, y=0.201), ReL2D=99.50, eps_nu=1.142e-02, P_hv=1.371e-04, rho_mean=1.000000, p_mean=0.740608, div_rms=1.137e+00, vort_rms=2.137e+00, mass_err=-9.259e-11
saved snapshot: results/hit2d/thesis_hit_campaign_v1/mach_Mt060_N256_seed1234/hit2d_step0039900.npz
step= 40000, t=25.552914, dt=6.034e-04, KE=1.767872e-01, Mt=0.6127, A_K=0.137, Cuv=0.084, P_in=2.513e-02, P_tgt=2.502e-02, A_F=0.131, K_low=0.287, P_drag=-9.898e-03, P_cool=-1.312e-02, WENO=0.199 (x=0.199, y=0.199), ReL2D=99.49, eps_nu=1.157e-02, P_hv=1.400e-04, rho_mean=1.000000, p_mean=0.740518, div_rms=1.150e+00, vort_rms=2.148e+00, mass_err=-9.306e-11
step= 40200, t=25.673043, dt=5.982e-04, KE=1.773101e-01, Mt=0.6137, A_K=0.136, Cuv=0.049, P_in=2.394e-02, P_tgt=2.397e-02, A_F=0.043, K_low=0.288, P_drag=-9.903e-03, P_cool=-1.305e-02, WENO=0.198 (x=0.198, y=0.198), ReL2D=99.49, eps_nu=1.166e-02, P_hv=1.419e-04, rho_mean=1.000000, p_mean=0.740394, div_rms=1.143e+00, vort_rms=2.164e+00, mass_err=-9.353e-11
step= 40400, t=25.792212, dt=5.944e-04, KE=1.776545e-01, Mt=0.6136, A_K=0.134, Cuv=0.012, P_in=2.267e-02, P_tgt=2.293e-02, A_F=0.014, K_low=0.291, P_drag=-9.967e-03, P_cool=-1.300e-02, WENO=0.198 (x=0.198, y=0.198), ReL2D=98.87, eps_nu=1.171e-02, P_hv=1.443e-04, rho_mean=1.000000, p_mean=0.740285, div_rms=1.131e+00, vort_rms=2.179e+00, mass_err=-9.400e-11
step= 40600, t=25.910788, dt=5.869e-04, KE=1.775307e-01, Mt=0.6126, A_K=0.132, Cuv=-0.018, P_in=2.205e-02, P_tgt=2.198e-02, A_F=0.086, K_low=0.295, P_drag=-1.006e-02, P_cool=-1.301e-02, WENO=0.201 (x=0.201, y=0.201), ReL2D=98.70, eps_nu=1.164e-02, P_hv=1.464e-04, rho_mean=1.000000, p_mean=0.740308, div_rms=1.104e+00, vort_rms=2.188e+00, mass_err=-9.447e-11
step= 40800, t=26.028387, dt=5.926e-04, KE=1.770834e-01, Mt=0.6111, A_K=0.126, Cuv=-0.040, P_in=2.129e-02, P_tgt=2.115e-02, A_F=0.111, K_low=0.299, P_drag=-1.016e-02, P_cool=-1.306e-02, WENO=0.208 (x=0.208, y=0.208), ReL2D=98.50, eps_nu=1.159e-02, P_hv=1.453e-04, rho_mean=1.000000, p_mean=0.740404, div_rms=1.097e+00, vort_rms=2.187e+00, mass_err=-9.493e-11
step= 41000, t=26.147920, dt=6.019e-04, KE=1.764311e-01, Mt=0.6091, A_K=0.115, Cuv=-0.053, P_in=2.043e-02, P_tgt=2.047e-02, A_F=0.167, K_low=0.302, P_drag=-1.024e-02, P_cool=-1.313e-02, WENO=0.219 (x=0.219, y=0.219), ReL2D=98.12, eps_nu=1.153e-02, P_hv=1.411e-04, rho_mean=1.000000, p_mean=0.740539, div_rms=1.093e+00, vort_rms=2.182e+00, mass_err=-9.539e-11
step= 41200, t=26.268920, dt=6.051e-04, KE=1.756772e-01, Mt=0.6073, A_K=0.104, Cuv=-0.056, P_in=1.993e-02, P_tgt=1.993e-02, A_F=0.158, K_low=0.303, P_drag=-1.026e-02, P_cool=-1.320e-02, WENO=0.204 (x=0.204, y=0.204), ReL2D=97.54, eps_nu=1.150e-02, P_hv=1.468e-04, rho_mean=1.000000, p_mean=0.740690, div_rms=1.095e+00, vort_rms=2.177e+00, mass_err=-9.586e-11
step= 41400, t=26.389595, dt=6.083e-04, KE=1.750016e-01, Mt=0.6067, A_K=0.093, Cuv=-0.050, P_in=1.956e-02, P_tgt=1.948e-02, A_F=0.299, K_low=0.302, P_drag=-1.021e-02, P_cool=-1.325e-02, WENO=0.205 (x=0.205, y=0.205), ReL2D=97.55, eps_nu=1.147e-02, P_hv=1.544e-04, rho_mean=1.000000, p_mean=0.740792, div_rms=1.095e+00, vort_rms=2.173e+00, mass_err=-9.631e-11
step= 41600, t=26.513103, dt=6.234e-04, KE=1.741830e-01, Mt=0.6072, A_K=0.082, Cuv=-0.034, P_in=1.874e-02, P_tgt=1.905e-02, A_F=0.413, K_low=0.300, P_drag=-1.009e-02, P_cool=-1.332e-02, WENO=0.211 (x=0.211, y=0.211), ReL2D=98.03, eps_nu=1.155e-02, P_hv=1.511e-04, rho_mean=1.000000, p_mean=0.740924, div_rms=1.104e+00, vort_rms=2.177e+00, mass_err=-9.678e-11
step= 41800, t=26.638663, dt=6.289e-04, KE=1.724738e-01, Mt=0.6063, A_K=0.071, Cuv=-0.008, P_in=1.860e-02, P_tgt=1.861e-02, A_F=0.163, K_low=0.299, P_drag=-9.908e-03, P_cool=-1.355e-02, WENO=0.209 (x=0.209, y=0.209), ReL2D=98.88, eps_nu=1.156e-02, P_hv=1.615e-04, rho_mean=1.000000, p_mean=0.741382, div_rms=1.101e+00, vort_rms=2.181e+00, mass_err=-9.724e-11
step= 42000, t=26.764068, dt=6.250e-04, KE=1.699917e-01, Mt=0.6035, A_K=0.063, Cuv=0.008, P_in=1.816e-02, P_tgt=1.831e-02, A_F=0.224, K_low=0.299, P_drag=-9.702e-03, P_cool=-1.392e-02, WENO=0.217 (x=0.217, y=0.217), ReL2D=98.81, eps_nu=1.152e-02, P_hv=1.576e-04, rho_mean=1.000000, p_mean=0.742117, div_rms=1.088e+00, vort_rms=2.184e+00, mass_err=-9.771e-11
saved snapshot: results/hit2d/thesis_hit_campaign_v1/mach_Mt060_N256_seed1234/hit2d_step0042000.npz
step= 42200, t=26.889301, dt=6.296e-04, KE=1.673537e-01, Mt=0.5995, A_K=0.060, Cuv=0.025, P_in=1.820e-02, P_tgt=1.821e-02, A_F=0.126, K_low=0.301, P_drag=-9.506e-03, P_cool=-1.430e-02, WENO=0.205 (x=0.205, y=0.205), ReL2D=98.13, eps_nu=1.143e-02, P_hv=1.610e-04, rho_mean=1.000000, p_mean=0.742886, div_rms=1.073e+00, vort_rms=2.183e+00, mass_err=-9.817e-11
step= 42400, t=27.015835, dt=6.342e-04, KE=1.652648e-01, Mt=0.5962, A_K=0.058, Cuv=0.041, P_in=1.848e-02, P_tgt=1.835e-02, A_F=0.170, K_low=0.302, P_drag=-9.366e-03, P_cool=-1.457e-02, WENO=0.196 (x=0.196, y=0.196), ReL2D=97.69, eps_nu=1.131e-02, P_hv=1.729e-04, rho_mean=1.000000, p_mean=0.743429, div_rms=1.063e+00, vort_rms=2.174e+00, mass_err=-9.863e-11
step= 42600, t=27.141826, dt=6.205e-04, KE=1.635979e-01, Mt=0.5938, A_K=0.053, Cuv=0.055, P_in=1.852e-02, P_tgt=1.866e-02, A_F=0.129, K_low=0.306, P_drag=-9.313e-03, P_cool=-1.477e-02, WENO=0.202 (x=0.202, y=0.202), ReL2D=97.70, eps_nu=1.115e-02, P_hv=1.814e-04, rho_mean=1.000000, p_mean=0.743823, div_rms=1.058e+00, vort_rms=2.156e+00, mass_err=-9.909e-11
step= 42800, t=27.264309, dt=6.079e-04, KE=1.622487e-01, Mt=0.5922, A_K=0.052, Cuv=0.068, P_in=1.923e-02, P_tgt=1.911e-02, A_F=0.098, K_low=0.312, P_drag=-9.338e-03, P_cool=-1.492e-02, WENO=0.221 (x=0.221, y=0.221), ReL2D=97.78, eps_nu=1.105e-02, P_hv=1.721e-04, rho_mean=1.000000, p_mean=0.744119, div_rms=1.067e+00, vort_rms=2.138e+00, mass_err=-9.955e-11
step= 43000, t=27.385888, dt=6.099e-04, KE=1.606212e-01, Mt=0.5907, A_K=0.053, Cuv=0.087, P_in=1.968e-02, P_tgt=1.968e-02, A_F=0.247, K_low=0.319, P_drag=-9.406e-03, P_cool=-1.513e-02, WENO=0.234 (x=0.234, y=0.234), ReL2D=98.36, eps_nu=1.094e-02, P_hv=1.572e-04, rho_mean=1.000000, p_mean=0.744549, div_rms=1.060e+00, vort_rms=2.128e+00, mass_err=-1.000e-10
step= 43200, t=27.508261, dt=6.149e-04, KE=1.594764e-01, Mt=0.5901, A_K=0.045, Cuv=0.107, P_in=2.039e-02, P_tgt=2.035e-02, A_F=0.122, K_low=0.326, P_drag=-9.495e-03, P_cool=-1.526e-02, WENO=0.235 (x=0.235, y=0.235), ReL2D=98.72, eps_nu=1.086e-02, P_hv=1.654e-04, rho_mean=1.000000, p_mean=0.744806, div_rms=1.052e+00, vort_rms=2.123e+00, mass_err=-1.005e-10
step= 43400, t=27.632123, dt=6.211e-04, KE=1.596788e-01, Mt=0.5901, A_K=0.036, Cuv=0.124, P_in=2.108e-02, P_tgt=2.105e-02, A_F=0.064, K_low=0.329, P_drag=-9.605e-03, P_cool=-1.513e-02, WENO=0.233 (x=0.233, y=0.233), ReL2D=99.45, eps_nu=1.075e-02, P_hv=1.722e-04, rho_mean=1.000000, p_mean=0.744548, div_rms=1.040e+00, vort_rms=2.118e+00, mass_err=-1.009e-10
step= 43600, t=27.756910, dt=6.262e-04, KE=1.610963e-01, Mt=0.5914, A_K=0.028, Cuv=0.133, P_in=2.171e-02, P_tgt=2.173e-02, A_F=0.030, K_low=0.329, P_drag=-9.691e-03, P_cool=-1.477e-02, WENO=0.229 (x=0.229, y=0.229), ReL2D=99.95, eps_nu=1.069e-02, P_hv=1.755e-04, rho_mean=1.000000, p_mean=0.743827, div_rms=1.045e+00, vort_rms=2.105e+00, mass_err=-1.014e-10
step= 43800, t=27.882196, dt=6.259e-04, KE=1.629288e-01, Mt=0.5944, A_K=0.021, Cuv=0.131, P_in=2.230e-02, P_tgt=2.227e-02, A_F=0.063, K_low=0.326, P_drag=-9.735e-03, P_cool=-1.434e-02, WENO=0.226 (x=0.226, y=0.226), ReL2D=100.04, eps_nu=1.069e-02, P_hv=1.679e-04, rho_mean=1.000000, p_mean=0.742958, div_rms=1.060e+00, vort_rms=2.096e+00, mass_err=-1.019e-10
step= 44000, t=28.007281, dt=6.258e-04, KE=1.643485e-01, Mt=0.5977, A_K=0.023, Cuv=0.124, P_in=2.262e-02, P_tgt=2.257e-02, A_F=0.091, K_low=0.323, P_drag=-9.705e-03, P_cool=-1.400e-02, WENO=0.218 (x=0.218, y=0.218), ReL2D=100.35, eps_nu=1.070e-02, P_hv=1.627e-04, rho_mean=1.000000, p_mean=0.742282, div_rms=1.067e+00, vort_rms=2.092e+00, mass_err=-1.023e-10
saved snapshot: results/hit2d/thesis_hit_campaign_v1/mach_Mt060_N256_seed1234/hit2d_step0044100.npz
step= 44200, t=28.132387, dt=6.261e-04, KE=1.652142e-01, Mt=0.6005, A_K=0.029, Cuv=0.115, P_in=2.261e-02, P_tgt=2.264e-02, A_F=0.096, K_low=0.319, P_drag=-9.599e-03, P_cool=-1.379e-02, WENO=0.213 (x=0.213, y=0.213), ReL2D=101.91, eps_nu=1.058e-02, P_hv=1.558e-04, rho_mean=1.000000, p_mean=0.741858, div_rms=1.050e+00, vort_rms=2.088e+00, mass_err=-1.028e-10
step= 44400, t=28.257550, dt=6.228e-04, KE=1.658516e-01, Mt=0.6030, A_K=0.037, Cuv=0.112, P_in=2.252e-02, P_tgt=2.250e-02, A_F=0.042, K_low=0.313, P_drag=-9.417e-03, P_cool=-1.363e-02, WENO=0.206 (x=0.206, y=0.206), ReL2D=103.20, eps_nu=1.055e-02, P_hv=1.543e-04, rho_mean=1.000000, p_mean=0.741552, div_rms=1.047e+00, vort_rms=2.087e+00, mass_err=-1.033e-10
step= 44600, t=28.381975, dt=6.213e-04, KE=1.661232e-01, Mt=0.6039, A_K=0.045, Cuv=0.112, P_in=2.217e-02, P_tgt=2.224e-02, A_F=0.013, K_low=0.305, P_drag=-9.176e-03, P_cool=-1.356e-02, WENO=0.210 (x=0.210, y=0.210), ReL2D=103.64, eps_nu=1.056e-02, P_hv=1.468e-04, rho_mean=1.000000, p_mean=0.741415, div_rms=1.052e+00, vort_rms=2.084e+00, mass_err=-1.037e-10
step= 44800, t=28.506086, dt=6.210e-04, KE=1.655732e-01, Mt=0.6029, A_K=0.060, Cuv=0.115, P_in=2.216e-02, P_tgt=2.197e-02, A_F=0.027, K_low=0.297, P_drag=-8.938e-03, P_cool=-1.367e-02, WENO=0.219 (x=0.219, y=0.219), ReL2D=104.17, eps_nu=1.054e-02, P_hv=1.385e-04, rho_mean=1.000000, p_mean=0.741620, div_rms=1.058e+00, vort_rms=2.077e+00, mass_err=-1.042e-10
step= 45000, t=28.629919, dt=6.112e-04, KE=1.642317e-01, Mt=0.5994, A_K=0.082, Cuv=0.118, P_in=2.199e-02, P_tgt=2.187e-02, A_F=0.156, K_low=0.292, P_drag=-8.778e-03, P_cool=-1.392e-02, WENO=0.225 (x=0.225, y=0.225), ReL2D=104.31, eps_nu=1.047e-02, P_hv=1.324e-04, rho_mean=1.000000, p_mean=0.742135, div_rms=1.065e+00, vort_rms=2.064e+00, mass_err=-1.046e-10
step= 45200, t=28.751671, dt=6.118e-04, KE=1.630908e-01, Mt=0.5951, A_K=0.106, Cuv=0.118, P_in=2.203e-02, P_tgt=2.209e-02, A_F=0.171, K_low=0.290, P_drag=-8.723e-03, P_cool=-1.414e-02, WENO=0.227 (x=0.227, y=0.227), ReL2D=103.92, eps_nu=1.047e-02, P_hv=1.350e-04, rho_mean=1.000000, p_mean=0.742571, div_rms=1.086e+00, vort_rms=2.048e+00, mass_err=-1.051e-10
step= 45400, t=28.875786, dt=6.234e-04, KE=1.625626e-01, Mt=0.5927, A_K=0.115, Cuv=0.120, P_in=2.245e-02, P_tgt=2.256e-02, A_F=0.243, K_low=0.289, P_drag=-8.699e-03, P_cool=-1.424e-02, WENO=0.233 (x=0.233, y=0.233), ReL2D=102.60, eps_nu=1.052e-02, P_hv=1.399e-04, rho_mean=1.000000, p_mean=0.742765, div_rms=1.108e+00, vort_rms=2.040e+00, mass_err=-1.056e-10
step= 45600, t=28.999165, dt=6.080e-04, KE=1.626751e-01, Mt=0.5933, A_K=0.117, Cuv=0.120, P_in=2.322e-02, P_tgt=2.312e-02, A_F=0.098, K_low=0.288, P_drag=-8.677e-03, P_cool=-1.421e-02, WENO=0.242 (x=0.242, y=0.242), ReL2D=102.09, eps_nu=1.058e-02, P_hv=1.446e-04, rho_mean=1.000000, p_mean=0.742715, div_rms=1.115e+00, vort_rms=2.042e+00, mass_err=-1.060e-10
step= 45800, t=29.119607, dt=5.971e-04, KE=1.633252e-01, Mt=0.5963, A_K=0.108, Cuv=0.118, P_in=2.350e-02, P_tgt=2.355e-02, A_F=0.030, K_low=0.286, P_drag=-8.637e-03, P_cool=-1.409e-02, WENO=0.251 (x=0.251, y=0.251), ReL2D=103.21, eps_nu=1.052e-02, P_hv=1.425e-04, rho_mean=1.000000, p_mean=0.742466, div_rms=1.098e+00, vort_rms=2.047e+00, mass_err=-1.065e-10
step= 46000, t=29.237658, dt=5.829e-04, KE=1.644396e-01, Mt=0.6008, A_K=0.091, Cuv=0.119, P_in=2.377e-02, P_tgt=2.367e-02, A_F=0.098, K_low=0.283, P_drag=-8.553e-03, P_cool=-1.388e-02, WENO=0.235 (x=0.235, y=0.235), ReL2D=103.44, eps_nu=1.052e-02, P_hv=1.435e-04, rho_mean=1.000000, p_mean=0.742052, div_rms=1.090e+00, vort_rms=2.053e+00, mass_err=-1.069e-10
step= 46200, t=29.353228, dt=5.746e-04, KE=1.653729e-01, Mt=0.6050, A_K=0.080, Cuv=0.117, P_in=2.352e-02, P_tgt=2.344e-02, A_F=0.023, K_low=0.279, P_drag=-8.406e-03, P_cool=-1.372e-02, WENO=0.235 (x=0.235, y=0.235), ReL2D=103.38, eps_nu=1.054e-02, P_hv=1.484e-04, rho_mean=1.000000, p_mean=0.741726, div_rms=1.086e+00, vort_rms=2.058e+00, mass_err=-1.074e-10
saved snapshot: results/hit2d/thesis_hit_campaign_v1/mach_Mt060_N256_seed1234/hit2d_step0046200.npz
step= 46400, t=29.467843, dt=5.718e-04, KE=1.657435e-01, Mt=0.6072, A_K=0.079, Cuv=0.119, P_in=2.287e-02, P_tgt=2.296e-02, A_F=0.170, K_low=0.273, P_drag=-8.188e-03, P_cool=-1.367e-02, WENO=0.232 (x=0.232, y=0.232), ReL2D=103.21, eps_nu=1.057e-02, P_hv=1.431e-04, rho_mean=1.000000, p_mean=0.741626, div_rms=1.088e+00, vort_rms=2.061e+00, mass_err=-1.078e-10
step= 46600, t=29.581989, dt=5.698e-04, KE=1.657216e-01, Mt=0.6072, A_K=0.085, Cuv=0.122, P_in=2.240e-02, P_tgt=2.242e-02, A_F=0.025, K_low=0.264, P_drag=-7.909e-03, P_cool=-1.369e-02, WENO=0.228 (x=0.228, y=0.228), ReL2D=102.02, eps_nu=1.065e-02, P_hv=1.385e-04, rho_mean=1.000000, p_mean=0.741675, div_rms=1.101e+00, vort_rms=2.062e+00, mass_err=-1.083e-10
step= 46800, t=29.695499, dt=5.641e-04, KE=1.658509e-01, Mt=0.6065, A_K=0.102, Cuv=0.125, P_in=2.203e-02, P_tgt=2.192e-02, A_F=0.060, K_low=0.254, P_drag=-7.598e-03, P_cool=-1.369e-02, WENO=0.231 (x=0.231, y=0.231), ReL2D=100.72, eps_nu=1.077e-02, P_hv=1.353e-04, rho_mean=1.000000, p_mean=0.741657, div_rms=1.120e+00, vort_rms=2.064e+00, mass_err=-1.088e-10
step= 47000, t=29.807562, dt=5.575e-04, KE=1.665140e-01, Mt=0.6061, A_K=0.126, Cuv=0.124, P_in=2.150e-02, P_tgt=2.148e-02, A_F=0.096, K_low=0.243, P_drag=-7.295e-03, P_cool=-1.357e-02, WENO=0.215 (x=0.215, y=0.215), ReL2D=99.05, eps_nu=1.090e-02, P_hv=1.339e-04, rho_mean=1.000000, p_mean=0.741425, div_rms=1.140e+00, vort_rms=2.067e+00, mass_err=-1.092e-10
step= 47200, t=29.919611, dt=5.651e-04, KE=1.675354e-01, Mt=0.6063, A_K=0.158, Cuv=0.114, P_in=2.113e-02, P_tgt=2.105e-02, A_F=0.172, K_low=0.232, P_drag=-7.025e-03, P_cool=-1.339e-02, WENO=0.209 (x=0.209, y=0.209), ReL2D=97.79, eps_nu=1.102e-02, P_hv=1.354e-04, rho_mean=1.000000, p_mean=0.741060, div_rms=1.153e+00, vort_rms=2.073e+00, mass_err=-1.097e-10
step= 47400, t=30.033507, dt=5.724e-04, KE=1.682127e-01, Mt=0.6062, A_K=0.186, Cuv=0.107, P_in=2.077e-02, P_tgt=2.062e-02, A_F=0.126, K_low=0.222, P_drag=-6.791e-03, P_cool=-1.327e-02, WENO=0.204 (x=0.204, y=0.204), ReL2D=97.41, eps_nu=1.103e-02, P_hv=1.332e-04, rho_mean=1.000000, p_mean=0.740829, div_rms=1.147e+00, vort_rms=2.080e+00, mass_err=-1.101e-10
warning: flow component anisotropy has increased over the last three diagnostic samples
step= 47600, t=30.147154, dt=5.678e-04, KE=1.683475e-01, Mt=0.6055, A_K=0.206, Cuv=0.102, P_in=2.020e-02, P_tgt=2.023e-02, A_F=0.180, K_low=0.215, P_drag=-6.620e-03, P_cool=-1.326e-02, WENO=0.199 (x=0.199, y=0.199), ReL2D=98.21, eps_nu=1.089e-02, P_hv=1.373e-04, rho_mean=1.000000, p_mean=0.740809, div_rms=1.111e+00, vort_rms=2.087e+00, mass_err=-1.106e-10
warning: flow component anisotropy has increased over the last three diagnostic samples
step= 47800, t=30.261736, dt=5.812e-04, KE=1.685927e-01, Mt=0.6052, A_K=0.223, Cuv=0.096, P_in=1.984e-02, P_tgt=1.988e-02, A_F=0.208, K_low=0.211, P_drag=-6.523e-03, P_cool=-1.322e-02, WENO=0.196 (x=0.196, y=0.196), ReL2D=98.08, eps_nu=1.087e-02, P_hv=1.375e-04, rho_mean=1.000000, p_mean=0.740730, div_rms=1.107e+00, vort_rms=2.087e+00, mass_err=-1.111e-10
warning: flow component anisotropy has increased over the last three diagnostic samples
step= 48000, t=30.379652, dt=5.952e-04, KE=1.687041e-01, Mt=0.6053, A_K=0.236, Cuv=0.086, P_in=1.960e-02, P_tgt=1.954e-02, A_F=0.121, K_low=0.210, P_drag=-6.490e-03, P_cool=-1.320e-02, WENO=0.196 (x=0.196, y=0.196), ReL2D=98.79, eps_nu=1.076e-02, P_hv=1.365e-04, rho_mean=1.000000, p_mean=0.740694, div_rms=1.096e+00, vort_rms=2.081e+00, mass_err=-1.115e-10
warning: flow component anisotropy has increased over the last three diagnostic samples
step= 48200, t=30.499413, dt=6.021e-04, KE=1.688218e-01, Mt=0.6054, A_K=0.246, Cuv=0.070, P_in=1.918e-02, P_tgt=1.920e-02, A_F=0.098, K_low=0.210, P_drag=-6.496e-03, P_cool=-1.318e-02, WENO=0.187 (x=0.187, y=0.187), ReL2D=99.37, eps_nu=1.067e-02, P_hv=1.379e-04, rho_mean=1.000000, p_mean=0.740644, div_rms=1.092e+00, vort_rms=2.071e+00, mass_err=-1.120e-10
saved snapshot: results/hit2d/thesis_hit_campaign_v1/mach_Mt060_N256_seed1234/hit2d_step0048300.npz
warning: flow component anisotropy has increased over the last three diagnostic samples
step= 48400, t=30.620642, dt=6.119e-04, KE=1.690665e-01, Mt=0.6057, A_K=0.251, Cuv=0.055, P_in=1.886e-02, P_tgt=1.885e-02, A_F=0.172, K_low=0.210, P_drag=-6.507e-03, P_cool=-1.312e-02, WENO=0.193 (x=0.193, y=0.193), ReL2D=100.07, eps_nu=1.065e-02, P_hv=1.410e-04, rho_mean=1.000000, p_mean=0.740534, div_rms=1.100e+00, vort_rms=2.063e+00, mass_err=-1.125e-10
step= 48600, t=30.743036, dt=6.063e-04, KE=1.689132e-01, Mt=0.6055, A_K=0.249, Cuv=0.041, P_in=1.840e-02, P_tgt=1.851e-02, A_F=0.138, K_low=0.211, P_drag=-6.489e-03, P_cool=-1.314e-02, WENO=0.196 (x=0.196, y=0.196), ReL2D=101.06, eps_nu=1.063e-02, P_hv=1.383e-04, rho_mean=1.000000, p_mean=0.740569, div_rms=1.099e+00, vort_rms=2.062e+00, mass_err=-1.129e-10
step= 48800, t=30.863512, dt=6.033e-04, KE=1.681972e-01, Mt=0.6048, A_K=0.242, Cuv=0.029, P_in=1.831e-02, P_tgt=1.819e-02, A_F=0.221, K_low=0.210, P_drag=-6.430e-03, P_cool=-1.326e-02, WENO=0.200 (x=0.200, y=0.200), ReL2D=102.58, eps_nu=1.056e-02, P_hv=1.378e-04, rho_mean=1.000000, p_mean=0.740808, div_rms=1.082e+00, vort_rms=2.064e+00, mass_err=-1.134e-10
step= 49000, t=30.985226, dt=6.142e-04, KE=1.669808e-01, Mt=0.6033, A_K=0.230, Cuv=0.017, P_in=1.803e-02, P_tgt=1.794e-02, A_F=0.170, K_low=0.209, P_drag=-6.317e-03, P_cool=-1.347e-02, WENO=0.212 (x=0.212, y=0.212), ReL2D=102.10, eps_nu=1.058e-02, P_hv=1.342e-04, rho_mean=1.000000, p_mean=0.741220, div_rms=1.090e+00, vort_rms=2.060e+00, mass_err=-1.138e-10
step= 49200, t=31.109206, dt=6.242e-04, KE=1.654458e-01, Mt=0.6015, A_K=0.209, Cuv=0.006, P_in=1.788e-02, P_tgt=1.781e-02, A_F=0.070, K_low=0.206, P_drag=-6.150e-03, P_cool=-1.372e-02, WENO=0.216 (x=0.216, y=0.216), ReL2D=101.84, eps_nu=1.052e-02, P_hv=1.313e-04, rho_mean=1.000000, p_mean=0.741733, div_rms=1.087e+00, vort_rms=2.055e+00, mass_err=-1.143e-10
step= 49400, t=31.234797, dt=6.336e-04, KE=1.641479e-01, Mt=0.6007, A_K=0.177, Cuv=-0.002, P_in=1.783e-02, P_tgt=1.774e-02, A_F=0.111, K_low=0.201, P_drag=-5.936e-03, P_cool=-1.393e-02, WENO=0.212 (x=0.212, y=0.212), ReL2D=101.39, eps_nu=1.058e-02, P_hv=1.304e-04, rho_mean=1.000000, p_mean=0.742138, div_rms=1.099e+00, vort_rms=2.055e+00, mass_err=-1.148e-10
step= 49600, t=31.362278, dt=6.418e-04, KE=1.633644e-01, Mt=0.5997, A_K=0.138, Cuv=-0.009, P_in=1.782e-02, P_tgt=1.773e-02, A_F=0.117, K_low=0.194, P_drag=-5.697e-03, P_cool=-1.403e-02, WENO=0.222 (x=0.222, y=0.222), ReL2D=100.89, eps_nu=1.067e-02, P_hv=1.301e-04, rho_mean=1.000000, p_mean=0.742343, div_rms=1.111e+00, vort_rms=2.058e+00, mass_err=-1.152e-10
step= 49800, t=31.490872, dt=6.420e-04, KE=1.633121e-01, Mt=0.5985, A_K=0.100, Cuv=-0.024, P_in=1.766e-02, P_tgt=1.778e-02, A_F=0.044, K_low=0.186, P_drag=-5.483e-03, P_cool=-1.400e-02, WENO=0.225 (x=0.225, y=0.225), ReL2D=100.73, eps_nu=1.065e-02, P_hv=1.255e-04, rho_mean=1.000000, p_mean=0.742279, div_rms=1.108e+00, vort_rms=2.057e+00, mass_err=-1.157e-10
step= 50000, t=31.618909, dt=6.381e-04, KE=1.637974e-01, Mt=0.5977, A_K=0.068, Cuv=-0.039, P_in=1.784e-02, P_tgt=1.790e-02, A_F=0.075, K_low=0.179, P_drag=-5.316e-03, P_cool=-1.387e-02, WENO=0.216 (x=0.216, y=0.216), ReL2D=101.24, eps_nu=1.054e-02, P_hv=1.261e-04, rho_mean=1.000000, p_mean=0.742026, div_rms=1.088e+00, vort_rms=2.056e+00, mass_err=-1.161e-10
step= 50200, t=31.746113, dt=6.340e-04, KE=1.647306e-01, Mt=0.5974, A_K=0.034, Cuv=-0.053, P_in=1.824e-02, P_tgt=1.805e-02, A_F=0.024, K_low=0.173, P_drag=-5.232e-03, P_cool=-1.367e-02, WENO=0.203 (x=0.203, y=0.203), ReL2D=101.53, eps_nu=1.053e-02, P_hv=1.274e-04, rho_mean=1.000000, p_mean=0.741626, div_rms=1.086e+00, vort_rms=2.057e+00, mass_err=-1.166e-10
step= 50400, t=31.869237, dt=6.045e-04, KE=1.653573e-01, Mt=0.5973, A_K=0.010, Cuv=-0.066, P_in=1.809e-02, P_tgt=1.821e-02, A_F=0.045, K_low=0.170, P_drag=-5.249e-03, P_cool=-1.354e-02, WENO=0.195 (x=0.195, y=0.195), ReL2D=101.12, eps_nu=1.059e-02, P_hv=1.289e-04, rho_mean=1.000000, p_mean=0.741362, div_rms=1.087e+00, vort_rms=2.064e+00, mass_err=-1.171e-10
saved snapshot: results/hit2d/thesis_hit_campaign_v1/mach_Mt060_N256_seed1234/hit2d_step0050400.npz
step= 50600, t=31.989008, dt=5.948e-04, KE=1.654239e-01, Mt=0.5965, A_K=0.001, Cuv=-0.079, P_in=1.845e-02, P_tgt=1.840e-02, A_F=0.101, K_low=0.171, P_drag=-5.349e-03, P_cool=-1.351e-02, WENO=0.192 (x=0.192, y=0.192), ReL2D=99.55, eps_nu=1.067e-02, P_hv=1.317e-04, rho_mean=1.000000, p_mean=0.741307, div_rms=1.093e+00, vort_rms=2.070e+00, mass_err=-1.175e-10
step= 50800, t=32.108569, dt=6.027e-04, KE=1.650645e-01, Mt=0.5952, A_K=0.001, Cuv=-0.088, P_in=1.875e-02, P_tgt=1.865e-02, A_F=0.005, K_low=0.175, P_drag=-5.517e-03, P_cool=-1.356e-02, WENO=0.189 (x=0.189, y=0.189), ReL2D=99.22, eps_nu=1.063e-02, P_hv=1.394e-04, rho_mean=1.000000, p_mean=0.741407, div_rms=1.084e+00, vort_rms=2.072e+00, mass_err=-1.180e-10
step= 51000, t=32.229569, dt=6.064e-04, KE=1.646271e-01, Mt=0.5936, A_K=0.004, Cuv=-0.101, P_in=1.899e-02, P_tgt=1.900e-02, A_F=0.047, K_low=0.182, P_drag=-5.718e-03, P_cool=-1.362e-02, WENO=0.192 (x=0.192, y=0.192), ReL2D=99.01, eps_nu=1.063e-02, P_hv=1.397e-04, rho_mean=1.000000, p_mean=0.741529, div_rms=1.087e+00, vort_rms=2.070e+00, mass_err=-1.185e-10
step= 51200, t=32.350993, dt=6.080e-04, KE=1.644657e-01, Mt=0.5924, A_K=0.004, Cuv=-0.116, P_in=1.943e-02, P_tgt=1.946e-02, A_F=0.159, K_low=0.189, P_drag=-5.910e-03, P_cool=-1.364e-02, WENO=0.192 (x=0.192, y=0.192), ReL2D=97.69, eps_nu=1.072e-02, P_hv=1.412e-04, rho_mean=1.000000, p_mean=0.741558, div_rms=1.106e+00, vort_rms=2.068e+00, mass_err=-1.189e-10
step= 51400, t=32.472574, dt=6.071e-04, KE=1.648319e-01, Mt=0.5917, A_K=0.004, Cuv=-0.132, P_in=1.999e-02, P_tgt=2.000e-02, A_F=0.058, K_low=0.194, P_drag=-6.060e-03, P_cool=-1.356e-02, WENO=0.194 (x=0.194, y=0.194), ReL2D=96.88, eps_nu=1.077e-02, P_hv=1.404e-04, rho_mean=1.000000, p_mean=0.741407, div_rms=1.118e+00, vort_rms=2.067e+00, mass_err=-1.194e-10
step= 51600, t=32.593936, dt=6.078e-04, KE=1.654594e-01, Mt=0.5920, A_K=0.008, Cuv=-0.155, P_in=2.082e-02, P_tgt=2.057e-02, A_F=0.112, K_low=0.198, P_drag=-6.155e-03, P_cool=-1.345e-02, WENO=0.206 (x=0.206, y=0.206), ReL2D=97.66, eps_nu=1.069e-02, P_hv=1.413e-04, rho_mean=1.000000, p_mean=0.741191, div_rms=1.099e+00, vort_rms=2.068e+00, mass_err=-1.198e-10
step= 51800, t=32.715642, dt=6.081e-04, KE=1.663456e-01, Mt=0.5942, A_K=0.014, Cuv=-0.179, P_in=2.113e-02, P_tgt=2.107e-02, A_F=0.009, K_low=0.199, P_drag=-6.183e-03, P_cool=-1.331e-02, WENO=0.222 (x=0.222, y=0.222), ReL2D=98.25, eps_nu=1.070e-02, P_hv=1.353e-04, rho_mean=1.000000, p_mean=0.740900, div_rms=1.086e+00, vort_rms=2.080e+00, mass_err=-1.203e-10
step= 52000, t=32.837349, dt=6.115e-04, KE=1.670987e-01, Mt=0.5973, A_K=0.025, Cuv=-0.200, P_in=2.145e-02, P_tgt=2.138e-02, A_F=0.252, K_low=0.198, P_drag=-6.188e-03, P_cool=-1.320e-02, WENO=0.224 (x=0.224, y=0.224), ReL2D=98.25, eps_nu=1.082e-02, P_hv=1.320e-04, rho_mean=1.000000, p_mean=0.740685, div_rms=1.091e+00, vort_rms=2.092e+00, mass_err=-1.208e-10
step= 52200, t=32.960138, dt=6.136e-04, KE=1.669241e-01, Mt=0.5991, A_K=0.048, Cuv=-0.213, P_in=2.162e-02, P_tgt=2.149e-02, A_F=0.209, K_low=0.196, P_drag=-6.176e-03, P_cool=-1.328e-02, WENO=0.233 (x=0.233, y=0.233), ReL2D=97.64, eps_nu=1.093e-02, P_hv=1.385e-04, rho_mean=1.000000, p_mean=0.740852, div_rms=1.101e+00, vort_rms=2.100e+00, mass_err=-1.212e-10
step= 52400, t=33.081745, dt=5.978e-04, KE=1.656856e-01, Mt=0.5980, A_K=0.070, Cuv=-0.219, P_in=2.144e-02, P_tgt=2.158e-02, A_F=0.176, K_low=0.195, P_drag=-6.137e-03, P_cool=-1.358e-02, WENO=0.245 (x=0.245, y=0.245), ReL2D=96.36, eps_nu=1.107e-02, P_hv=1.359e-04, rho_mean=1.000000, p_mean=0.741441, div_rms=1.123e+00, vort_rms=2.103e+00, mass_err=-1.217e-10
saved snapshot: results/hit2d/thesis_hit_campaign_v1/mach_Mt060_N256_seed1234/hit2d_step0052500.npz
step= 52600, t=33.199723, dt=5.828e-04, KE=1.641412e-01, Mt=0.5946, A_K=0.082, Cuv=-0.211, P_in=2.184e-02, P_tgt=2.184e-02, A_F=0.044, K_low=0.193, P_drag=-6.057e-03, P_cool=-1.393e-02, WENO=0.259 (x=0.259, y=0.259), ReL2D=93.40, eps_nu=1.139e-02, P_hv=1.477e-04, rho_mean=1.000000, p_mean=0.742149, div_rms=1.180e+00, vort_rms=2.102e+00, mass_err=-1.222e-10
step= 52800, t=33.315304, dt=5.750e-04, KE=1.625553e-01, Mt=0.5907, A_K=0.081, Cuv=-0.196, P_in=2.238e-02, P_tgt=2.239e-02, A_F=0.113, K_low=0.190, P_drag=-5.956e-03, P_cool=-1.430e-02, WENO=0.266 (x=0.266, y=0.266), ReL2D=91.01, eps_nu=1.160e-02, P_hv=1.539e-04, rho_mean=1.000000, p_mean=0.742889, div_rms=1.225e+00, vort_rms=2.096e+00, mass_err=-1.226e-10
step= 53000, t=33.431080, dt=5.838e-04, KE=1.611275e-01, Mt=0.5878, A_K=0.069, Cuv=-0.174, P_in=2.341e-02, P_tgt=2.325e-02, A_F=0.063, K_low=0.188, P_drag=-5.836e-03, P_cool=-1.465e-02, WENO=0.290 (x=0.290, y=0.290), ReL2D=90.07, eps_nu=1.163e-02, P_hv=1.502e-04, rho_mean=1.000000, p_mean=0.743588, div_rms=1.234e+00, vort_rms=2.093e+00, mass_err=-1.231e-10
step= 53200, t=33.549434, dt=5.995e-04, KE=1.603858e-01, Mt=0.5870, A_K=0.049, Cuv=-0.152, P_in=2.429e-02, P_tgt=2.430e-02, A_F=0.072, K_low=0.184, P_drag=-5.719e-03, P_cool=-1.488e-02, WENO=0.289 (x=0.289, y=0.289), ReL2D=89.89, eps_nu=1.166e-02, P_hv=1.496e-04, rho_mean=1.000000, p_mean=0.744050, div_rms=1.236e+00, vort_rms=2.095e+00, mass_err=-1.236e-10
step= 53400, t=33.671139, dt=6.149e-04, KE=1.605856e-01, Mt=0.5887, A_K=0.033, Cuv=-0.129, P_in=2.533e-02, P_tgt=2.535e-02, A_F=0.022, K_low=0.180, P_drag=-5.622e-03, P_cool=-1.495e-02, WENO=0.282 (x=0.282, y=0.282), ReL2D=89.73, eps_nu=1.177e-02, P_hv=1.563e-04, rho_mean=1.000000, p_mean=0.744180, div_rms=1.249e+00, vort_rms=2.098e+00, mass_err=-1.240e-10
step= 53600, t=33.794409, dt=6.188e-04, KE=1.615495e-01, Mt=0.5924, A_K=0.026, Cuv=-0.109, P_in=2.619e-02, P_tgt=2.620e-02, A_F=0.127, K_low=0.177, P_drag=-5.570e-03, P_cool=-1.488e-02, WENO=0.284 (x=0.284, y=0.284), ReL2D=90.08, eps_nu=1.189e-02, P_hv=1.477e-04, rho_mean=1.000000, p_mean=0.744046, div_rms=1.263e+00, vort_rms=2.104e+00, mass_err=-1.245e-10
step= 53800, t=33.919260, dt=6.294e-04, KE=1.626388e-01, Mt=0.5964, A_K=0.025, Cuv=-0.097, P_in=2.665e-02, P_tgt=2.669e-02, A_F=0.105, K_low=0.176, P_drag=-5.572e-03, P_cool=-1.481e-02, WENO=0.283 (x=0.283, y=0.283), ReL2D=91.42, eps_nu=1.194e-02, P_hv=1.490e-04, rho_mean=1.000000, p_mean=0.743897, div_rms=1.263e+00, vort_rms=2.110e+00, mass_err=-1.249e-10
step= 54000, t=34.045842, dt=6.342e-04, KE=1.633739e-01, Mt=0.5985, A_K=0.028, Cuv=-0.091, P_in=2.697e-02, P_tgt=2.690e-02, A_F=0.062, K_low=0.177, P_drag=-5.642e-03, P_cool=-1.481e-02, WENO=0.277 (x=0.277, y=0.277), ReL2D=92.44, eps_nu=1.195e-02, P_hv=1.478e-04, rho_mean=1.000000, p_mean=0.743912, div_rms=1.264e+00, vort_rms=2.111e+00, mass_err=-1.254e-10
step= 54200, t=34.172560, dt=6.352e-04, KE=1.638682e-01, Mt=0.5989, A_K=0.024, Cuv=-0.082, P_in=2.719e-02, P_tgt=2.701e-02, A_F=0.029, K_low=0.181, P_drag=-5.763e-03, P_cool=-1.487e-02, WENO=0.263 (x=0.263, y=0.263), ReL2D=92.97, eps_nu=1.190e-02, P_hv=1.525e-04, rho_mean=1.000000, p_mean=0.744030, div_rms=1.264e+00, vort_rms=2.104e+00, mass_err=-1.259e-10
step= 54400, t=34.300421, dt=6.408e-04, KE=1.642291e-01, Mt=0.5987, A_K=0.018, Cuv=-0.068, P_in=2.733e-02, P_tgt=2.712e-02, A_F=0.067, K_low=0.186, P_drag=-5.931e-03, P_cool=-1.496e-02, WENO=0.268 (x=0.268, y=0.268), ReL2D=94.02, eps_nu=1.182e-02, P_hv=1.515e-04, rho_mean=1.000000, p_mean=0.744203, div_rms=1.258e+00, vort_rms=2.098e+00, mass_err=-1.263e-10
step= 54600, t=34.427866, dt=6.336e-04, KE=1.648321e-01, Mt=0.5993, A_K=0.012, Cuv=-0.047, P_in=2.734e-02, P_tgt=2.722e-02, A_F=0.155, K_low=0.193, P_drag=-6.126e-03, P_cool=-1.499e-02, WENO=0.272 (x=0.272, y=0.272), ReL2D=95.76, eps_nu=1.175e-02, P_hv=1.439e-04, rho_mean=1.000000, p_mean=0.744274, div_rms=1.244e+00, vort_rms=2.100e+00, mass_err=-1.268e-10
saved snapshot: results/hit2d/thesis_hit_campaign_v1/mach_Mt060_N256_seed1234/hit2d_step0054600.npz
step= 54800, t=34.554632, dt=6.375e-04, KE=1.663092e-01, Mt=0.6014, A_K=0.011, Cuv=-0.026, P_in=2.723e-02, P_tgt=2.719e-02, A_F=0.073, K_low=0.200, P_drag=-6.329e-03, P_cool=-1.485e-02, WENO=0.257 (x=0.257, y=0.257), ReL2D=97.06, eps_nu=1.181e-02, P_hv=1.418e-04, rho_mean=1.000000, p_mean=0.743993, div_rms=1.243e+00, vort_rms=2.109e+00, mass_err=-1.272e-10
step= 55000, t=34.681977, dt=6.330e-04, KE=1.679884e-01, Mt=0.6037, A_K=0.011, Cuv=-0.000, P_in=2.689e-02, P_tgt=2.696e-02, A_F=0.054, K_low=0.208, P_drag=-6.500e-03, P_cool=-1.467e-02, WENO=0.247 (x=0.247, y=0.247), ReL2D=98.12, eps_nu=1.190e-02, P_hv=1.420e-04, rho_mean=1.000000, p_mean=0.743630, div_rms=1.249e+00, vort_rms=2.116e+00, mass_err=-1.277e-10
step= 55200, t=34.807363, dt=6.252e-04, KE=1.696001e-01, Mt=0.6062, A_K=0.006, Cuv=0.027, P_in=2.638e-02, P_tgt=2.654e-02, A_F=0.216, K_low=0.213, P_drag=-6.598e-03, P_cool=-1.450e-02, WENO=0.250 (x=0.250, y=0.250), ReL2D=95.94, eps_nu=1.235e-02, P_hv=1.406e-04, rho_mean=1.000000, p_mean=0.743277, div_rms=1.316e+00, vort_rms=2.121e+00, mass_err=-1.281e-10
step= 55400, t=34.933125, dt=6.353e-04, KE=1.711338e-01, Mt=0.6091, A_K=0.006, Cuv=0.047, P_in=2.590e-02, P_tgt=2.588e-02, A_F=0.204, K_low=0.214, P_drag=-6.586e-03, P_cool=-1.433e-02, WENO=0.240 (x=0.240, y=0.240), ReL2D=94.97, eps_nu=1.265e-02, P_hv=1.351e-04, rho_mean=1.000000, p_mean=0.742942, div_rms=1.342e+00, vort_rms=2.137e+00, mass_err=-1.286e-10
step= 55600, t=35.061274, dt=6.465e-04, KE=1.718786e-01, Mt=0.6112, A_K=0.018, Cuv=0.064, P_in=2.514e-02, P_tgt=2.503e-02, A_F=0.068, K_low=0.211, P_drag=-6.457e-03, P_cool=-1.430e-02, WENO=0.225 (x=0.225, y=0.225), ReL2D=95.73, eps_nu=1.269e-02, P_hv=1.273e-04, rho_mean=1.000000, p_mean=0.742891, div_rms=1.331e+00, vort_rms=2.152e+00, mass_err=-1.290e-10
step= 55800, t=35.192089, dt=6.571e-04, KE=1.724140e-01, Mt=0.6114, A_K=0.025, Cuv=0.078, P_in=2.405e-02, P_tgt=2.412e-02, A_F=0.209, K_low=0.203, P_drag=-6.243e-03, P_cool=-1.430e-02, WENO=0.213 (x=0.213, y=0.213), ReL2D=96.34, eps_nu=1.263e-02, P_hv=1.322e-04, rho_mean=1.000000, p_mean=0.742879, div_rms=1.310e+00, vort_rms=2.161e+00, mass_err=-1.295e-10
step= 56000, t=35.323591, dt=6.643e-04, KE=1.727587e-01, Mt=0.6095, A_K=0.028, Cuv=0.096, P_in=2.351e-02, P_tgt=2.330e-02, A_F=0.141, K_low=0.192, P_drag=-5.977e-03, P_cool=-1.431e-02, WENO=0.213 (x=0.213, y=0.213), ReL2D=97.11, eps_nu=1.237e-02, P_hv=1.346e-04, rho_mean=1.000000, p_mean=0.742913, div_rms=1.268e+00, vort_rms=2.162e+00, mass_err=-1.300e-10
step= 56200, t=35.457070, dt=6.642e-04, KE=1.731024e-01, Mt=0.6063, A_K=0.023, Cuv=0.116, P_in=2.317e-02, P_tgt=2.270e-02, A_F=0.213, K_low=0.179, P_drag=-5.705e-03, P_cool=-1.432e-02, WENO=0.216 (x=0.216, y=0.216), ReL2D=97.98, eps_nu=1.206e-02, P_hv=1.256e-04, rho_mean=1.000000, p_mean=0.742927, div_rms=1.216e+00, vort_rms=2.161e+00, mass_err=-1.304e-10
step= 56400, t=35.589304, dt=6.580e-04, KE=1.735576e-01, Mt=0.6037, A_K=0.012, Cuv=0.141, P_in=2.230e-02, P_tgt=2.234e-02, A_F=0.000, K_low=0.167, P_drag=-5.465e-03, P_cool=-1.430e-02, WENO=0.210 (x=0.210, y=0.210), ReL2D=98.83, eps_nu=1.181e-02, P_hv=1.235e-04, rho_mean=1.000000, p_mean=0.742884, div_rms=1.180e+00, vort_rms=2.156e+00, mass_err=-1.309e-10
step= 56600, t=35.720095, dt=6.521e-04, KE=1.739155e-01, Mt=0.6020, A_K=0.004, Cuv=0.160, P_in=2.215e-02, P_tgt=2.213e-02, A_F=0.000, K_low=0.158, P_drag=-5.317e-03, P_cool=-1.430e-02, WENO=0.208 (x=0.208, y=0.208), ReL2D=99.25, eps_nu=1.165e-02, P_hv=1.262e-04, rho_mean=1.000000, p_mean=0.742877, div_rms=1.161e+00, vort_rms=2.150e+00, mass_err=-1.314e-10
saved snapshot: results/hit2d/thesis_hit_campaign_v1/mach_Mt060_N256_seed1234/hit2d_step0056700.npz
step= 56800, t=35.850806, dt=6.562e-04, KE=1.738746e-01, Mt=0.6008, A_K=0.018, Cuv=0.175, P_in=2.201e-02, P_tgt=2.203e-02, A_F=0.140, K_low=0.153, P_drag=-5.278e-03, P_cool=-1.437e-02, WENO=0.206 (x=0.206, y=0.206), ReL2D=99.53, eps_nu=1.154e-02, P_hv=1.303e-04, rho_mean=1.000000, p_mean=0.743027, div_rms=1.145e+00, vort_rms=2.147e+00, mass_err=-1.318e-10
step= 57000, t=35.980912, dt=6.463e-04, KE=1.735180e-01, Mt=0.6004, A_K=0.031, Cuv=0.184, P_in=2.191e-02, P_tgt=2.199e-02, A_F=0.292, K_low=0.154, P_drag=-5.345e-03, P_cool=-1.451e-02, WENO=0.232 (x=0.232, y=0.232), ReL2D=99.97, eps_nu=1.142e-02, P_hv=1.338e-04, rho_mean=1.000000, p_mean=0.743296, div_rms=1.119e+00, vort_rms=2.150e+00, mass_err=-1.323e-10
step= 57200, t=36.111162, dt=6.561e-04, KE=1.732731e-01, Mt=0.6012, A_K=0.041, Cuv=0.189, P_in=2.195e-02, P_tgt=2.193e-02, A_F=0.003, K_low=0.158, P_drag=-5.478e-03, P_cool=-1.461e-02, WENO=0.249 (x=0.249, y=0.249), ReL2D=100.04, eps_nu=1.141e-02, P_hv=1.319e-04, rho_mean=1.000000, p_mean=0.743507, div_rms=1.102e+00, vort_rms=2.160e+00, mass_err=-1.328e-10
step= 57400, t=36.242048, dt=6.539e-04, KE=1.735123e-01, Mt=0.6026, A_K=0.045, Cuv=0.194, P_in=2.179e-02, P_tgt=2.180e-02, A_F=0.177, K_low=0.163, P_drag=-5.647e-03, P_cool=-1.461e-02, WENO=0.251 (x=0.251, y=0.251), ReL2D=99.81, eps_nu=1.145e-02, P_hv=1.352e-04, rho_mean=1.000000, p_mean=0.743510, div_rms=1.099e+00, vort_rms=2.168e+00, mass_err=-1.332e-10
step= 57600, t=36.372760, dt=6.545e-04, KE=1.746549e-01, Mt=0.6058, A_K=0.046, Cuv=0.207, P_in=2.162e-02, P_tgt=2.152e-02, A_F=0.207, K_low=0.168, P_drag=-5.820e-03, P_cool=-1.443e-02, WENO=0.255 (x=0.255, y=0.255), ReL2D=100.78, eps_nu=1.145e-02, P_hv=1.401e-04, rho_mean=1.000000, p_mean=0.743136, div_rms=1.098e+00, vort_rms=2.168e+00, mass_err=-1.337e-10
step= 57800, t=36.504567, dt=6.636e-04, KE=1.768483e-01, Mt=0.6112, A_K=0.046, Cuv=0.221, P_in=2.098e-02, P_tgt=2.094e-02, A_F=0.126, K_low=0.172, P_drag=-5.959e-03, P_cool=-1.402e-02, WENO=0.261 (x=0.261, y=0.261), ReL2D=101.93, eps_nu=1.160e-02, P_hv=1.393e-04, rho_mean=1.000000, p_mean=0.742323, div_rms=1.121e+00, vort_rms=2.171e+00, mass_err=-1.341e-10
step= 58000, t=36.637641, dt=6.590e-04, KE=1.792398e-01, Mt=0.6164, A_K=0.046, Cuv=0.227, P_in=1.995e-02, P_tgt=2.002e-02, A_F=0.096, K_low=0.173, P_drag=-6.029e-03, P_cool=-1.356e-02, WENO=0.245 (x=0.245, y=0.245), ReL2D=102.15, eps_nu=1.180e-02, P_hv=1.310e-04, rho_mean=1.000000, p_mean=0.741400, div_rms=1.157e+00, vort_rms=2.172e+00, mass_err=-1.346e-10
step= 58200, t=36.767647, dt=6.417e-04, KE=1.803742e-01, Mt=0.6184, A_K=0.048, Cuv=0.222, P_in=1.894e-02, P_tgt=1.891e-02, A_F=0.077, K_low=0.171, P_drag=-6.014e-03, P_cool=-1.333e-02, WENO=0.229 (x=0.229, y=0.229), ReL2D=102.40, eps_nu=1.189e-02, P_hv=1.272e-04, rho_mean=1.000000, p_mean=0.740939, div_rms=1.166e+00, vort_rms=2.177e+00, mass_err=-1.351e-10
step= 58400, t=36.894682, dt=6.302e-04, KE=1.797143e-01, Mt=0.6163, A_K=0.049, Cuv=0.209, P_in=1.781e-02, P_tgt=1.788e-02, A_F=0.103, K_low=0.168, P_drag=-5.916e-03, P_cool=-1.343e-02, WENO=0.215 (x=0.215, y=0.215), ReL2D=102.57, eps_nu=1.180e-02, P_hv=1.279e-04, rho_mean=1.000000, p_mean=0.741145, div_rms=1.154e+00, vort_rms=2.174e+00, mass_err=-1.355e-10
step= 58600, t=37.019919, dt=6.244e-04, KE=1.779920e-01, Mt=0.6113, A_K=0.048, Cuv=0.191, P_in=1.719e-02, P_tgt=1.709e-02, A_F=0.046, K_low=0.164, P_drag=-5.774e-03, P_cool=-1.372e-02, WENO=0.208 (x=0.208, y=0.208), ReL2D=102.11, eps_nu=1.163e-02, P_hv=1.404e-04, rho_mean=1.000000, p_mean=0.741726, div_rms=1.146e+00, vort_rms=2.158e+00, mass_err=-1.360e-10
step= 58800, t=37.145818, dt=6.362e-04, KE=1.760511e-01, Mt=0.6060, A_K=0.050, Cuv=0.167, P_in=1.652e-02, P_tgt=1.662e-02, A_F=0.070, K_low=0.160, P_drag=-5.611e-03, P_cool=-1.404e-02, WENO=0.214 (x=0.214, y=0.214), ReL2D=101.92, eps_nu=1.140e-02, P_hv=1.445e-04, rho_mean=1.000000, p_mean=0.742362, div_rms=1.130e+00, vort_rms=2.140e+00, mass_err=-1.365e-10
saved snapshot: results/hit2d/thesis_hit_campaign_v1/mach_Mt060_N256_seed1234/hit2d_step0058800.npz
step= 59000, t=37.274683, dt=6.518e-04, KE=1.740030e-01, Mt=0.6019, A_K=0.052, Cuv=0.142, P_in=1.641e-02, P_tgt=1.641e-02, A_F=0.238, K_low=0.156, P_drag=-5.433e-03, P_cool=-1.437e-02, WENO=0.218 (x=0.218, y=0.218), ReL2D=102.03, eps_nu=1.117e-02, P_hv=1.460e-04, rho_mean=1.000000, p_mean=0.743019, div_rms=1.107e+00, vort_rms=2.126e+00, mass_err=-1.370e-10
step= 59200, t=37.405552, dt=6.542e-04, KE=1.715851e-01, Mt=0.5987, A_K=0.052, Cuv=0.120, P_in=1.649e-02, P_tgt=1.640e-02, A_F=0.061, K_low=0.154, P_drag=-5.245e-03, P_cool=-1.476e-02, WENO=0.234 (x=0.234, y=0.234), ReL2D=101.83, eps_nu=1.096e-02, P_hv=1.442e-04, rho_mean=1.000000, p_mean=0.743810, div_rms=1.092e+00, vort_rms=2.110e+00, mass_err=-1.374e-10
step= 59400, t=37.535985, dt=6.500e-04, KE=1.688802e-01, Mt=0.5966, A_K=0.047, Cuv=0.103, P_in=1.654e-02, P_tgt=1.653e-02, A_F=0.069, K_low=0.153, P_drag=-5.053e-03, P_cool=-1.521e-02, WENO=0.236 (x=0.236, y=0.236), ReL2D=102.48, eps_nu=1.077e-02, P_hv=1.422e-04, rho_mean=1.000000, p_mean=0.744708, div_rms=1.070e+00, vort_rms=2.100e+00, mass_err=-1.379e-10
step= 59600, t=37.665965, dt=6.501e-04, KE=1.666870e-01, Mt=0.5954, A_K=0.036, Cuv=0.090, P_in=1.673e-02, P_tgt=1.676e-02, A_F=0.055, K_low=0.152, P_drag=-4.862e-03, P_cool=-1.555e-02, WENO=0.234 (x=0.234, y=0.234), ReL2D=101.79, eps_nu=1.077e-02, P_hv=1.459e-04, rho_mean=1.000000, p_mean=0.745393, div_rms=1.078e+00, vort_rms=2.094e+00, mass_err=-1.383e-10
step= 59800, t=37.795849, dt=6.480e-04, KE=1.650891e-01, Mt=0.5947, A_K=0.017, Cuv=0.080, P_in=1.714e-02, P_tgt=1.705e-02, A_F=0.076, K_low=0.151, P_drag=-4.686e-03, P_cool=-1.578e-02, WENO=0.232 (x=0.232, y=0.232), ReL2D=99.83, eps_nu=1.081e-02, P_hv=1.468e-04, rho_mean=1.000000, p_mean=0.745844, div_rms=1.098e+00, vort_rms=2.085e+00, mass_err=-1.388e-10
step= 60000, t=37.925489, dt=6.457e-04, KE=1.638561e-01, Mt=0.5943, A_K=0.007, Cuv=0.071, P_in=1.734e-02, P_tgt=1.737e-02, A_F=0.264, K_low=0.150, P_drag=-4.533e-03, P_cool=-1.594e-02, WENO=0.226 (x=0.226, y=0.226), ReL2D=97.42, eps_nu=1.090e-02, P_hv=1.612e-04, rho_mean=1.000000, p_mean=0.746157, div_rms=1.128e+00, vort_rms=2.076e+00, mass_err=-1.393e-10
step= 60200, t=38.052188, dt=6.265e-04, KE=1.628296e-01, Mt=0.5934, A_K=0.038, Cuv=0.060, P_in=1.770e-02, P_tgt=1.773e-02, A_F=0.004, K_low=0.148, P_drag=-4.423e-03, P_cool=-1.606e-02, WENO=0.220 (x=0.220, y=0.220), ReL2D=95.60, eps_nu=1.096e-02, P_hv=1.641e-04, rho_mean=1.000000, p_mean=0.746412, div_rms=1.155e+00, vort_rms=2.065e+00, mass_err=-1.397e-10
step= 60400, t=38.176850, dt=6.224e-04, KE=1.625578e-01, Mt=0.5927, A_K=0.069, Cuv=0.045, P_in=1.805e-02, P_tgt=1.816e-02, A_F=0.055, K_low=0.146, P_drag=-4.361e-03, P_cool=-1.606e-02, WENO=0.209 (x=0.209, y=0.209), ReL2D=95.09, eps_nu=1.097e-02, P_hv=1.684e-04, rho_mean=1.000000, p_mean=0.746399, div_rms=1.180e+00, vort_rms=2.047e+00, mass_err=-1.402e-10
step= 60600, t=38.302353, dt=6.315e-04, KE=1.626703e-01, Mt=0.5928, A_K=0.099, Cuv=0.026, P_in=1.878e-02, P_tgt=1.861e-02, A_F=0.105, K_low=0.144, P_drag=-4.353e-03, P_cool=-1.599e-02, WENO=0.213 (x=0.213, y=0.213), ReL2D=95.08, eps_nu=1.096e-02, P_hv=1.520e-04, rho_mean=1.000000, p_mean=0.746268, div_rms=1.201e+00, vort_rms=2.029e+00, mass_err=-1.407e-10
step= 60800, t=38.428465, dt=6.273e-04, KE=1.629206e-01, Mt=0.5935, A_K=0.119, Cuv=0.011, P_in=1.905e-02, P_tgt=1.905e-02, A_F=0.164, K_low=0.145, P_drag=-4.413e-03, P_cool=-1.591e-02, WENO=0.206 (x=0.206, y=0.206), ReL2D=94.86, eps_nu=1.099e-02, P_hv=1.445e-04, rho_mean=1.000000, p_mean=0.746103, div_rms=1.220e+00, vort_rms=2.018e+00, mass_err=-1.411e-10
saved snapshot: results/hit2d/thesis_hit_campaign_v1/mach_Mt060_N256_seed1234/hit2d_step0060900.npz
step= 61000, t=38.553601, dt=6.237e-04, KE=1.635636e-01, Mt=0.5949, A_K=0.133, Cuv=-0.001, P_in=1.947e-02, P_tgt=1.943e-02, A_F=0.141, K_low=0.146, P_drag=-4.517e-03, P_cool=-1.576e-02, WENO=0.217 (x=0.217, y=0.217), ReL2D=93.85, eps_nu=1.111e-02, P_hv=1.312e-04, rho_mean=1.000000, p_mean=0.745797, div_rms=1.246e+00, vort_rms=2.014e+00, mass_err=-1.416e-10
step= 61200, t=38.678284, dt=6.246e-04, KE=1.646447e-01, Mt=0.5961, A_K=0.143, Cuv=-0.011, P_in=1.962e-02, P_tgt=1.973e-02, A_F=0.012, K_low=0.148, P_drag=-4.622e-03, P_cool=-1.552e-02, WENO=0.208 (x=0.208, y=0.208), ReL2D=93.47, eps_nu=1.117e-02, P_hv=1.227e-04, rho_mean=1.000000, p_mean=0.745335, div_rms=1.261e+00, vort_rms=2.009e+00, mass_err=-1.420e-10
step= 61400, t=38.803505, dt=6.289e-04, KE=1.659513e-01, Mt=0.5975, A_K=0.153, Cuv=-0.010, P_in=1.989e-02, P_tgt=1.994e-02, A_F=0.019, K_low=0.149, P_drag=-4.692e-03, P_cool=-1.526e-02, WENO=0.203 (x=0.203, y=0.203), ReL2D=93.64, eps_nu=1.129e-02, P_hv=1.218e-04, rho_mean=1.000000, p_mean=0.744807, div_rms=1.282e+00, vort_rms=2.007e+00, mass_err=-1.425e-10
step= 61600, t=38.930007, dt=6.331e-04, KE=1.674764e-01, Mt=0.5989, A_K=0.164, Cuv=0.000, P_in=2.008e-02, P_tgt=2.007e-02, A_F=0.094, K_low=0.149, P_drag=-4.696e-03, P_cool=-1.496e-02, WENO=0.208 (x=0.208, y=0.208), ReL2D=96.29, eps_nu=1.113e-02, P_hv=1.127e-04, rho_mean=1.000000, p_mean=0.744211, div_rms=1.252e+00, vort_rms=2.010e+00, mass_err=-1.430e-10
step= 61800, t=39.056303, dt=6.307e-04, KE=1.691000e-01, Mt=0.6002, A_K=0.171, Cuv=0.006, P_in=2.015e-02, P_tgt=2.009e-02, A_F=0.059, K_low=0.147, P_drag=-4.623e-03, P_cool=-1.466e-02, WENO=0.205 (x=0.205, y=0.205), ReL2D=100.20, eps_nu=1.083e-02, P_hv=1.096e-04, rho_mean=1.000000, p_mean=0.743597, div_rms=1.200e+00, vort_rms=2.012e+00, mass_err=-1.434e-10
step= 62000, t=39.181964, dt=6.231e-04, KE=1.705744e-01, Mt=0.6011, A_K=0.169, Cuv=0.005, P_in=2.012e-02, P_tgt=2.005e-02, A_F=0.055, K_low=0.143, P_drag=-4.474e-03, P_cool=-1.439e-02, WENO=0.203 (x=0.203, y=0.203), ReL2D=105.54, eps_nu=1.044e-02, P_hv=1.080e-04, rho_mean=1.000000, p_mean=0.743064, div_rms=1.132e+00, vort_rms=2.011e+00, mass_err=-1.439e-10
step= 62200, t=39.306877, dt=6.268e-04, KE=1.721768e-01, Mt=0.6019, A_K=0.157, Cuv=-0.002, P_in=1.991e-02, P_tgt=1.995e-02, A_F=0.027, K_low=0.137, P_drag=-4.283e-03, P_cool=-1.411e-02, WENO=0.194 (x=0.194, y=0.194), ReL2D=109.46, eps_nu=1.014e-02, P_hv=1.055e-04, rho_mean=1.000000, p_mean=0.742500, div_rms=1.079e+00, vort_rms=2.008e+00, mass_err=-1.443e-10
step= 62400, t=39.433392, dt=6.377e-04, KE=1.737271e-01, Mt=0.6028, A_K=0.141, Cuv=-0.002, P_in=1.974e-02, P_tgt=1.979e-02, A_F=0.098, K_low=0.129, P_drag=-4.071e-03, P_cool=-1.384e-02, WENO=0.183 (x=0.183, y=0.183), ReL2D=112.44, eps_nu=9.908e-03, P_hv=1.081e-04, rho_mean=1.000000, p_mean=0.741974, div_rms=1.039e+00, vort_rms=2.005e+00, mass_err=-1.448e-10
step= 62600, t=39.561390, dt=6.423e-04, KE=1.747025e-01, Mt=0.6027, A_K=0.127, Cuv=-0.000, P_in=1.968e-02, P_tgt=1.961e-02, A_F=0.057, K_low=0.122, P_drag=-3.892e-03, P_cool=-1.370e-02, WENO=0.191 (x=0.191, y=0.191), ReL2D=115.75, eps_nu=9.619e-03, P_hv=1.019e-04, rho_mean=1.000000, p_mean=0.741690, div_rms=9.817e-01, vort_rms=2.004e+00, mass_err=-1.453e-10
step= 62800, t=39.690194, dt=6.500e-04, KE=1.756057e-01, Mt=0.6029, A_K=0.127, Cuv=-0.001, P_in=1.927e-02, P_tgt=1.943e-02, A_F=0.132, K_low=0.117, P_drag=-3.773e-03, P_cool=-1.358e-02, WENO=0.194 (x=0.194, y=0.194), ReL2D=117.71, eps_nu=9.477e-03, P_hv=1.015e-04, rho_mean=1.000000, p_mean=0.741438, div_rms=9.540e-01, vort_rms=2.002e+00, mass_err=-1.457e-10
step= 63000, t=39.820664, dt=6.545e-04, KE=1.765983e-01, Mt=0.6038, A_K=0.129, Cuv=-0.006, P_in=1.921e-02, P_tgt=1.922e-02, A_F=0.001, K_low=0.114, P_drag=-3.730e-03, P_cool=-1.343e-02, WENO=0.209 (x=0.209, y=0.209), ReL2D=117.24, eps_nu=9.542e-03, P_hv=9.637e-05, rho_mean=1.000000, p_mean=0.741154, div_rms=9.764e-01, vort_rms=1.997e+00, mass_err=-1.462e-10
saved snapshot: results/hit2d/thesis_hit_campaign_v1/mach_Mt060_N256_seed1234/hit2d_step0063000.npz
step= 63200, t=39.951856, dt=6.600e-04, KE=1.766319e-01, Mt=0.6042, A_K=0.132, Cuv=-0.008, P_in=1.906e-02, P_tgt=1.896e-02, A_F=0.446, K_low=0.114, P_drag=-3.769e-03, P_cool=-1.348e-02, WENO=0.210 (x=0.210, y=0.210), ReL2D=117.04, eps_nu=9.549e-03, P_hv=9.473e-05, rho_mean=1.000000, p_mean=0.741245, div_rms=9.835e-01, vort_rms=1.993e+00, mass_err=-1.467e-10
step= 63400, t=40.084379, dt=6.641e-04, KE=1.758792e-01, Mt=0.6048, A_K=0.131, Cuv=-0.009, P_in=1.854e-02, P_tgt=1.868e-02, A_F=0.308, K_low=0.116, P_drag=-3.873e-03, P_cool=-1.367e-02, WENO=0.215 (x=0.215, y=0.215), ReL2D=116.80, eps_nu=9.521e-03, P_hv=9.483e-05, rho_mean=1.000000, p_mean=0.741629, div_rms=9.875e-01, vort_rms=1.987e+00, mass_err=-1.471e-10
step= 63600, t=40.217978, dt=6.707e-04, KE=1.753660e-01, Mt=0.6066, A_K=0.134, Cuv=-0.001, P_in=1.832e-02, P_tgt=1.835e-02, A_F=0.254, K_low=0.121, P_drag=-4.018e-03, P_cool=-1.380e-02, WENO=0.207 (x=0.207, y=0.207), ReL2D=115.16, eps_nu=9.634e-03, P_hv=9.543e-05, rho_mean=1.000000, p_mean=0.741883, div_rms=1.020e+00, vort_rms=1.980e+00, mass_err=-1.476e-10
step= 63800, t=40.352747, dt=6.772e-04, KE=1.753242e-01, Mt=0.6088, A_K=0.137, Cuv=0.010, P_in=1.799e-02, P_tgt=1.789e-02, A_F=0.054, K_low=0.126, P_drag=-4.172e-03, P_cool=-1.381e-02, WENO=0.192 (x=0.192, y=0.192), ReL2D=112.73, eps_nu=9.830e-03, P_hv=9.456e-05, rho_mean=1.000000, p_mean=0.741916, div_rms=1.072e+00, vort_rms=1.971e+00, mass_err=-1.480e-10
step= 64000, t=40.487459, dt=6.660e-04, KE=1.748647e-01, Mt=0.6097, A_K=0.134, Cuv=0.016, P_in=1.734e-02, P_tgt=1.735e-02, A_F=0.151, K_low=0.130, P_drag=-4.283e-03, P_cool=-1.389e-02, WENO=0.190 (x=0.190, y=0.190), ReL2D=111.85, eps_nu=9.869e-03, P_hv=9.281e-05, rho_mean=1.000000, p_mean=0.742075, div_rms=1.088e+00, vort_rms=1.965e+00, mass_err=-1.485e-10
step= 64200, t=40.619751, dt=6.580e-04, KE=1.738504e-01, Mt=0.6091, A_K=0.127, Cuv=0.020, P_in=1.685e-02, P_tgt=1.682e-02, A_F=0.086, K_low=0.134, P_drag=-4.350e-03, P_cool=-1.407e-02, WENO=0.185 (x=0.185, y=0.185), ReL2D=110.35, eps_nu=9.904e-03, P_hv=9.476e-05, rho_mean=1.000000, p_mean=0.742417, div_rms=1.102e+00, vort_rms=1.959e+00, mass_err=-1.490e-10
step= 64400, t=40.751485, dt=6.546e-04, KE=1.729541e-01, Mt=0.6082, A_K=0.114, Cuv=0.021, P_in=1.630e-02, P_tgt=1.635e-02, A_F=0.141, K_low=0.136, P_drag=-4.398e-03, P_cool=-1.420e-02, WENO=0.188 (x=0.188, y=0.188), ReL2D=107.23, eps_nu=1.018e-02, P_hv=9.503e-05, rho_mean=1.000000, p_mean=0.742676, div_rms=1.156e+00, vort_rms=1.956e+00, mass_err=-1.494e-10
step= 64600, t=40.881198, dt=6.449e-04, KE=1.719529e-01, Mt=0.6069, A_K=0.101, Cuv=0.018, P_in=1.600e-02, P_tgt=1.595e-02, A_F=0.149, K_low=0.140, P_drag=-4.454e-03, P_cool=-1.433e-02, WENO=0.197 (x=0.197, y=0.197), ReL2D=105.75, eps_nu=1.025e-02, P_hv=9.579e-05, rho_mean=1.000000, p_mean=0.742947, div_rms=1.173e+00, vort_rms=1.953e+00, mass_err=-1.499e-10
step= 64800, t=41.009223, dt=6.348e-04, KE=1.710148e-01, Mt=0.6053, A_K=0.085, Cuv=0.016, P_in=1.562e-02, P_tgt=1.563e-02, A_F=0.060, K_low=0.146, P_drag=-4.541e-03, P_cool=-1.444e-02, WENO=0.206 (x=0.206, y=0.206), ReL2D=105.26, eps_nu=1.017e-02, P_hv=1.015e-04, rho_mean=1.000000, p_mean=0.743164, div_rms=1.163e+00, vort_rms=1.950e+00, mass_err=-1.503e-10
step= 65000, t=41.135508, dt=6.300e-04, KE=1.702183e-01, Mt=0.6039, A_K=0.070, Cuv=0.014, P_in=1.540e-02, P_tgt=1.540e-02, A_F=0.090, K_low=0.153, P_drag=-4.655e-03, P_cool=-1.451e-02, WENO=0.207 (x=0.207, y=0.207), ReL2D=104.41, eps_nu=1.008e-02, P_hv=1.028e-04, rho_mean=1.000000, p_mean=0.743301, div_rms=1.143e+00, vort_rms=1.953e+00, mass_err=-1.508e-10
saved snapshot: results/hit2d/thesis_hit_campaign_v1/mach_Mt060_N256_seed1234/hit2d_step0065100.npz
step= 65200, t=41.261774, dt=6.328e-04, KE=1.692420e-01, Mt=0.6022, A_K=0.059, Cuv=0.014, P_in=1.521e-02, P_tgt=1.524e-02, A_F=0.131, K_low=0.161, P_drag=-4.800e-03, P_cool=-1.460e-02, WENO=0.213 (x=0.213, y=0.213), ReL2D=104.35, eps_nu=9.924e-03, P_hv=1.036e-04, rho_mean=1.000000, p_mean=0.743487, div_rms=1.111e+00, vort_rms=1.955e+00, mass_err=-1.512e-10
step= 65400, t=41.388641, dt=6.398e-04, KE=1.682139e-01, Mt=0.6007, A_K=0.052, Cuv=0.026, P_in=1.522e-02, P_tgt=1.517e-02, A_F=0.049, K_low=0.169, P_drag=-4.965e-03, P_cool=-1.469e-02, WENO=0.221 (x=0.221, y=0.221), ReL2D=104.39, eps_nu=9.833e-03, P_hv=1.061e-04, rho_mean=1.000000, p_mean=0.743673, div_rms=1.099e+00, vort_rms=1.952e+00, mass_err=-1.517e-10
step= 65600, t=41.516721, dt=6.412e-04, KE=1.669235e-01, Mt=0.5992, A_K=0.044, Cuv=0.048, P_in=1.508e-02, P_tgt=1.517e-02, A_F=0.040, K_low=0.179, P_drag=-5.140e-03, P_cool=-1.483e-02, WENO=0.221 (x=0.221, y=0.221), ReL2D=105.58, eps_nu=9.668e-03, P_hv=1.063e-04, rho_mean=1.000000, p_mean=0.743947, div_rms=1.075e+00, vort_rms=1.946e+00, mass_err=-1.521e-10
step= 65800, t=41.643628, dt=6.277e-04, KE=1.660903e-01, Mt=0.5982, A_K=0.029, Cuv=0.071, P_in=1.522e-02, P_tgt=1.524e-02, A_F=0.018, K_low=0.187, P_drag=-5.316e-03, P_cool=-1.487e-02, WENO=0.215 (x=0.215, y=0.215), ReL2D=105.80, eps_nu=9.623e-03, P_hv=1.072e-04, rho_mean=1.000000, p_mean=0.744031, div_rms=1.069e+00, vort_rms=1.944e+00, mass_err=-1.526e-10
step= 66000, t=41.768070, dt=6.183e-04, KE=1.658922e-01, Mt=0.5984, A_K=0.007, Cuv=0.096, P_in=1.536e-02, P_tgt=1.534e-02, A_F=0.260, K_low=0.193, P_drag=-5.477e-03, P_cool=-1.479e-02, WENO=0.207 (x=0.207, y=0.207), ReL2D=105.64, eps_nu=9.618e-03, P_hv=1.072e-04, rho_mean=1.000000, p_mean=0.743865, div_rms=1.067e+00, vort_rms=1.945e+00, mass_err=-1.531e-10
step= 66200, t=41.890750, dt=6.107e-04, KE=1.661079e-01, Mt=0.5988, A_K=0.019, Cuv=0.118, P_in=1.544e-02, P_tgt=1.541e-02, A_F=0.149, K_low=0.198, P_drag=-5.613e-03, P_cool=-1.463e-02, WENO=0.206 (x=0.206, y=0.206), ReL2D=104.33, eps_nu=9.684e-03, P_hv=1.111e-04, rho_mean=1.000000, p_mean=0.743539, div_rms=1.089e+00, vort_rms=1.938e+00, mass_err=-1.535e-10
step= 66400, t=42.012800, dt=6.094e-04, KE=1.663126e-01, Mt=0.5987, A_K=0.042, Cuv=0.138, P_in=1.547e-02, P_tgt=1.547e-02, A_F=0.166, K_low=0.201, P_drag=-5.717e-03, P_cool=-1.447e-02, WENO=0.203 (x=0.203, y=0.203), ReL2D=103.74, eps_nu=9.757e-03, P_hv=1.060e-04, rho_mean=1.000000, p_mean=0.743222, div_rms=1.111e+00, vort_rms=1.932e+00, mass_err=-1.539e-10
step= 66600, t=42.135596, dt=6.180e-04, KE=1.668579e-01, Mt=0.5990, A_K=0.057, Cuv=0.157, P_in=1.557e-02, P_tgt=1.553e-02, A_F=0.015, K_low=0.201, P_drag=-5.785e-03, P_cool=-1.424e-02, WENO=0.199 (x=0.199, y=0.199), ReL2D=104.24, eps_nu=9.796e-03, P_hv=1.036e-04, rho_mean=1.000000, p_mean=0.742771, div_rms=1.119e+00, vort_rms=1.931e+00, mass_err=-1.544e-10
step= 66800, t=42.260329, dt=6.284e-04, KE=1.676671e-01, Mt=0.6002, A_K=0.065, Cuv=0.180, P_in=1.554e-02, P_tgt=1.556e-02, A_F=0.032, K_low=0.198, P_drag=-5.824e-03, P_cool=-1.397e-02, WENO=0.202 (x=0.202, y=0.202), ReL2D=105.91, eps_nu=9.719e-03, P_hv=9.890e-05, rho_mean=1.000000, p_mean=0.742226, div_rms=1.098e+00, vort_rms=1.936e+00, mass_err=-1.549e-10
step= 67000, t=42.386915, dt=6.371e-04, KE=1.687434e-01, Mt=0.6015, A_K=0.073, Cuv=0.203, P_in=1.551e-02, P_tgt=1.551e-02, A_F=0.175, K_low=0.194, P_drag=-5.859e-03, P_cool=-1.365e-02, WENO=0.197 (x=0.197, y=0.197), ReL2D=107.40, eps_nu=9.570e-03, P_hv=9.546e-05, rho_mean=1.000000, p_mean=0.741585, div_rms=1.067e+00, vort_rms=1.938e+00, mass_err=-1.553e-10
step= 67200, t=42.513565, dt=6.278e-04, KE=1.701415e-01, Mt=0.6029, A_K=0.080, Cuv=0.221, P_in=1.548e-02, P_tgt=1.540e-02, A_F=0.289, K_low=0.190, P_drag=-5.894e-03, P_cool=-1.327e-02, WENO=0.182 (x=0.182, y=0.182), ReL2D=107.97, eps_nu=9.473e-03, P_hv=9.478e-05, rho_mean=1.000000, p_mean=0.740827, div_rms=1.053e+00, vort_rms=1.935e+00, mass_err=-1.558e-10
saved snapshot: results/hit2d/thesis_hit_campaign_v1/mach_Mt060_N256_seed1234/hit2d_step0067200.npz
step= 67400, t=42.638317, dt=6.197e-04, KE=1.713688e-01, Mt=0.6028, A_K=0.090, Cuv=0.233, P_in=1.516e-02, P_tgt=1.525e-02, A_F=0.102, K_low=0.185, P_drag=-5.931e-03, P_cool=-1.293e-02, WENO=0.176 (x=0.176, y=0.176), ReL2D=107.90, eps_nu=9.416e-03, P_hv=1.001e-04, rho_mean=1.000000, p_mean=0.740152, div_rms=1.054e+00, vort_rms=1.926e+00, mass_err=-1.562e-10
step= 67600, t=42.761979, dt=6.188e-04, KE=1.720046e-01, Mt=0.6012, A_K=0.099, Cuv=0.243, P_in=1.502e-02, P_tgt=1.515e-02, A_F=0.068, K_low=0.182, P_drag=-5.949e-03, P_cool=-1.272e-02, WENO=0.169 (x=0.169, y=0.169), ReL2D=108.09, eps_nu=9.339e-03, P_hv=9.471e-05, rho_mean=1.000000, p_mean=0.739723, div_rms=1.048e+00, vort_rms=1.919e+00, mass_err=-1.567e-10
step= 67800, t=42.886002, dt=6.208e-04, KE=1.721483e-01, Mt=0.5994, A_K=0.105, Cuv=0.251, P_in=1.514e-02, P_tgt=1.513e-02, A_F=0.255, K_low=0.180, P_drag=-5.952e-03, P_cool=-1.261e-02, WENO=0.183 (x=0.183, y=0.183), ReL2D=109.55, eps_nu=9.188e-03, P_hv=8.941e-05, rho_mean=1.000000, p_mean=0.739496, div_rms=1.017e+00, vort_rms=1.920e+00, mass_err=-1.572e-10
step= 68000, t=43.010241, dt=6.233e-04, KE=1.726358e-01, Mt=0.5992, A_K=0.113, Cuv=0.253, P_in=1.513e-02, P_tgt=1.518e-02, A_F=0.245, K_low=0.180, P_drag=-5.964e-03, P_cool=-1.243e-02, WENO=0.185 (x=0.185, y=0.185), ReL2D=111.29, eps_nu=9.117e-03, P_hv=8.919e-05, rho_mean=1.000000, p_mean=0.739137, div_rms=9.991e-01, vort_rms=1.922e+00, mass_err=-1.576e-10
step= 68200, t=43.135426, dt=6.250e-04, KE=1.734384e-01, Mt=0.6005, A_K=0.123, Cuv=0.247, P_in=1.510e-02, P_tgt=1.519e-02, A_F=0.109, K_low=0.181, P_drag=-5.976e-03, P_cool=-1.219e-02, WENO=0.181 (x=0.181, y=0.181), ReL2D=111.48, eps_nu=9.157e-03, P_hv=8.784e-05, rho_mean=1.000000, p_mean=0.738662, div_rms=1.002e+00, vort_rms=1.925e+00, mass_err=-1.581e-10
step= 68400, t=43.259993, dt=6.210e-04, KE=1.735349e-01, Mt=0.6010, A_K=0.136, Cuv=0.242, P_in=1.514e-02, P_tgt=1.514e-02, A_F=0.079, K_low=0.183, P_drag=-5.978e-03, P_cool=-1.210e-02, WENO=0.189 (x=0.189, y=0.189), ReL2D=111.65, eps_nu=9.171e-03, P_hv=8.254e-05, rho_mean=1.000000, p_mean=0.738479, div_rms=9.983e-01, vort_rms=1.930e+00, mass_err=-1.585e-10
step= 68600, t=43.383821, dt=6.172e-04, KE=1.728015e-01, Mt=0.5997, A_K=0.151, Cuv=0.241, P_in=1.511e-02, P_tgt=1.512e-02, A_F=0.007, K_low=0.186, P_drag=-5.972e-03, P_cool=-1.217e-02, WENO=0.185 (x=0.185, y=0.185), ReL2D=110.52, eps_nu=9.261e-03, P_hv=8.113e-05, rho_mean=1.000000, p_mean=0.738626, div_rms=1.014e+00, vort_rms=1.932e+00, mass_err=-1.590e-10
step= 68800, t=43.507203, dt=6.189e-04, KE=1.715562e-01, Mt=0.5974, A_K=0.162, Cuv=0.241, P_in=1.521e-02, P_tgt=1.519e-02, A_F=0.171, K_low=0.189, P_drag=-5.956e-03, P_cool=-1.234e-02, WENO=0.188 (x=0.188, y=0.188), ReL2D=109.23, eps_nu=9.257e-03, P_hv=7.924e-05, rho_mean=1.000000, p_mean=0.738973, div_rms=1.009e+00, vort_rms=1.935e+00, mass_err=-1.595e-10
step= 69000, t=43.632009, dt=6.300e-04, KE=1.704645e-01, Mt=0.5951, A_K=0.169, Cuv=0.237, P_in=1.541e-02, P_tgt=1.538e-02, A_F=0.103, K_low=0.190, P_drag=-5.941e-03, P_cool=-1.249e-02, WENO=0.186 (x=0.186, y=0.186), ReL2D=108.52, eps_nu=9.208e-03, P_hv=8.345e-05, rho_mean=1.000000, p_mean=0.739256, div_rms=9.956e-01, vort_rms=1.937e+00, mass_err=-1.599e-10
step= 69200, t=43.758221, dt=6.340e-04, KE=1.697658e-01, Mt=0.5935, A_K=0.174, Cuv=0.232, P_in=1.561e-02, P_tgt=1.569e-02, A_F=0.040, K_low=0.191, P_drag=-5.937e-03, P_cool=-1.255e-02, WENO=0.182 (x=0.182, y=0.182), ReL2D=108.07, eps_nu=9.119e-03, P_hv=9.369e-05, rho_mean=1.000000, p_mean=0.739392, div_rms=9.736e-01, vort_rms=1.939e+00, mass_err=-1.604e-10
saved snapshot: results/hit2d/thesis_hit_campaign_v1/mach_Mt060_N256_seed1234/hit2d_step0069300.npz
step= 69400, t=43.886718, dt=6.502e-04, KE=1.694608e-01, Mt=0.5925, A_K=0.179, Cuv=0.224, P_in=1.593e-02, P_tgt=1.606e-02, A_F=0.166, K_low=0.193, P_drag=-5.980e-03, P_cool=-1.255e-02, WENO=0.173 (x=0.173, y=0.173), ReL2D=106.77, eps_nu=9.116e-03, P_hv=9.821e-05, rho_mean=1.000000, p_mean=0.739385, div_rms=9.658e-01, vort_rms=1.944e+00, mass_err=-1.609e-10
step= 69600, t=44.017857, dt=6.561e-04, KE=1.692714e-01, Mt=0.5903, A_K=0.185, Cuv=0.221, P_in=1.676e-02, P_tgt=1.653e-02, A_F=0.101, K_low=0.195, P_drag=-6.090e-03, P_cool=-1.253e-02, WENO=0.167 (x=0.167, y=0.167), ReL2D=104.35, eps_nu=9.259e-03, P_hv=9.763e-05, rho_mean=1.000000, p_mean=0.739347, div_rms=9.908e-01, vort_rms=1.948e+00, mass_err=-1.613e-10
step= 69800, t=44.148645, dt=6.533e-04, KE=1.689164e-01, Mt=0.5866, A_K=0.183, Cuv=0.224, P_in=1.725e-02, P_tgt=1.720e-02, A_F=0.054, K_low=0.199, P_drag=-6.240e-03, P_cool=-1.255e-02, WENO=0.173 (x=0.173, y=0.173), ReL2D=104.86, eps_nu=9.118e-03, P_hv=9.590e-05, rho_mean=1.000000, p_mean=0.739394, div_rms=9.632e-01, vort_rms=1.946e+00, mass_err=-1.618e-10
step= 70000, t=44.278261, dt=6.450e-04, KE=1.687084e-01, Mt=0.5848, A_K=0.168, Cuv=0.223, P_in=1.800e-02, P_tgt=1.809e-02, A_F=0.158, K_low=0.203, P_drag=-6.424e-03, P_cool=-1.256e-02, WENO=0.177 (x=0.177, y=0.177), ReL2D=105.17, eps_nu=9.089e-03, P_hv=9.349e-05, rho_mean=1.000000, p_mean=0.739409, div_rms=9.519e-01, vort_rms=1.950e+00, mass_err=-1.623e-10
step= 70200, t=44.407571, dt=6.458e-04, KE=1.689271e-01, Mt=0.5858, A_K=0.141, Cuv=0.223, P_in=1.900e-02, P_tgt=1.905e-02, A_F=0.049, K_low=0.207, P_drag=-6.626e-03, P_cool=-1.250e-02, WENO=0.178 (x=0.178, y=0.178), ReL2D=104.38, eps_nu=9.210e-03, P_hv=9.383e-05, rho_mean=1.000000, p_mean=0.739295, div_rms=9.720e-01, vort_rms=1.953e+00, mass_err=-1.627e-10
step= 70400, t=44.537020, dt=6.528e-04, KE=1.690554e-01, Mt=0.5877, A_K=0.111, Cuv=0.222, P_in=2.003e-02, P_tgt=1.994e-02, A_F=0.014, K_low=0.212, P_drag=-6.816e-03, P_cool=-1.249e-02, WENO=0.180 (x=0.180, y=0.180), ReL2D=104.15, eps_nu=9.255e-03, P_hv=1.077e-04, rho_mean=1.000000, p_mean=0.739256, div_rms=9.793e-01, vort_rms=1.955e+00, mass_err=-1.632e-10
step= 70600, t=44.668729, dt=6.626e-04, KE=1.688419e-01, Mt=0.5894, A_K=0.077, Cuv=0.212, P_in=2.078e-02, P_tgt=2.073e-02, A_F=0.096, K_low=0.217, P_drag=-6.970e-03, P_cool=-1.255e-02, WENO=0.179 (x=0.179, y=0.179), ReL2D=104.33, eps_nu=9.253e-03, P_hv=1.161e-04, rho_mean=1.000000, p_mean=0.739388, div_rms=9.711e-01, vort_rms=1.960e+00, mass_err=-1.636e-10
step= 70800, t=44.801498, dt=6.634e-04, KE=1.686460e-01, Mt=0.5907, A_K=0.045, Cuv=0.194, P_in=2.142e-02, P_tgt=2.145e-02, A_F=0.164, K_low=0.221, P_drag=-7.069e-03, P_cool=-1.263e-02, WENO=0.180 (x=0.180, y=0.180), ReL2D=105.38, eps_nu=9.223e-03, P_hv=1.154e-04, rho_mean=1.000000, p_mean=0.739544, div_rms=9.557e-01, vort_rms=1.966e+00, mass_err=-1.641e-10
step= 71000, t=44.932771, dt=6.503e-04, KE=1.687039e-01, Mt=0.5921, A_K=0.018, Cuv=0.173, P_in=2.237e-02, P_tgt=2.208e-02, A_F=0.167, K_low=0.223, P_drag=-7.121e-03, P_cool=-1.267e-02, WENO=0.187 (x=0.187, y=0.187), ReL2D=106.24, eps_nu=9.262e-03, P_hv=1.186e-04, rho_mean=1.000000, p_mean=0.739626, div_rms=9.550e-01, vort_rms=1.972e+00, mass_err=-1.646e-10
step= 71200, t=45.061642, dt=6.390e-04, KE=1.689087e-01, Mt=0.5939, A_K=0.003, Cuv=0.146, P_in=2.258e-02, P_tgt=2.261e-02, A_F=0.082, K_low=0.223, P_drag=-7.117e-03, P_cool=-1.269e-02, WENO=0.182 (x=0.182, y=0.182), ReL2D=107.53, eps_nu=9.249e-03, P_hv=1.202e-04, rho_mean=1.000000, p_mean=0.739674, div_rms=9.497e-01, vort_rms=1.973e+00, mass_err=-1.650e-10
step= 71400, t=45.188779, dt=6.323e-04, KE=1.690807e-01, Mt=0.5955, A_K=0.004, Cuv=0.111, P_in=2.302e-02, P_tgt=2.303e-02, A_F=0.256, K_low=0.220, P_drag=-7.051e-03, P_cool=-1.274e-02, WENO=0.178 (x=0.178, y=0.178), ReL2D=108.02, eps_nu=9.258e-03, P_hv=1.227e-04, rho_mean=1.000000, p_mean=0.739759, div_rms=9.526e-01, vort_rms=1.973e+00, mass_err=-1.655e-10
saved snapshot: results/hit2d/thesis_hit_campaign_v1/mach_Mt060_N256_seed1234/hit2d_step0071400.npz
step= 71600, t=45.314429, dt=6.250e-04, KE=1.690075e-01, Mt=0.5971, A_K=0.011, Cuv=0.079, P_in=2.334e-02, P_tgt=2.331e-02, A_F=0.080, K_low=0.217, P_drag=-6.949e-03, P_cool=-1.284e-02, WENO=0.167 (x=0.167, y=0.167), ReL2D=107.61, eps_nu=9.411e-03, P_hv=1.277e-04, rho_mean=1.000000, p_mean=0.739963, div_rms=9.765e-01, vort_rms=1.979e+00, mass_err=-1.660e-10
step= 71800, t=45.438562, dt=6.150e-04, KE=1.685544e-01, Mt=0.5977, A_K=0.019, Cuv=0.045, P_in=2.348e-02, P_tgt=2.351e-02, A_F=0.040, K_low=0.214, P_drag=-6.854e-03, P_cool=-1.302e-02, WENO=0.177 (x=0.177, y=0.177), ReL2D=107.44, eps_nu=9.505e-03, P_hv=1.294e-04, rho_mean=1.000000, p_mean=0.740331, div_rms=9.931e-01, vort_rms=1.981e+00, mass_err=-1.664e-10
step= 72000, t=45.560373, dt=6.041e-04, KE=1.681483e-01, Mt=0.5981, A_K=0.027, Cuv=0.014, P_in=2.397e-02, P_tgt=2.367e-02, A_F=0.053, K_low=0.211, P_drag=-6.785e-03, P_cool=-1.320e-02, WENO=0.182 (x=0.182, y=0.182), ReL2D=106.60, eps_nu=9.667e-03, P_hv=1.277e-04, rho_mean=1.000000, p_mean=0.740683, div_rms=1.025e+00, vort_rms=1.981e+00, mass_err=-1.669e-10
step= 72200, t=45.679940, dt=5.948e-04, KE=1.677092e-01, Mt=0.5989, A_K=0.038, Cuv=-0.013, P_in=2.369e-02, P_tgt=2.379e-02, A_F=0.149, K_low=0.210, P_drag=-6.747e-03, P_cool=-1.338e-02, WENO=0.192 (x=0.192, y=0.192), ReL2D=106.42, eps_nu=9.762e-03, P_hv=1.245e-04, rho_mean=1.000000, p_mean=0.741048, div_rms=1.030e+00, vort_rms=1.991e+00, mass_err=-1.674e-10
step= 72400, t=45.798449, dt=5.946e-04, KE=1.673993e-01, Mt=0.5996, A_K=0.053, Cuv=-0.039, P_in=2.380e-02, P_tgt=2.385e-02, A_F=0.019, K_low=0.208, P_drag=-6.719e-03, P_cool=-1.353e-02, WENO=0.188 (x=0.188, y=0.188), ReL2D=106.03, eps_nu=9.838e-03, P_hv=1.221e-04, rho_mean=1.000000, p_mean=0.741352, div_rms=1.027e+00, vort_rms=2.004e+00, mass_err=-1.678e-10
step= 72600, t=45.918461, dt=6.083e-04, KE=1.673917e-01, Mt=0.6008, A_K=0.064, Cuv=-0.061, P_in=2.405e-02, P_tgt=2.383e-02, A_F=0.154, K_low=0.208, P_drag=-6.715e-03, P_cool=-1.362e-02, WENO=0.197 (x=0.197, y=0.197), ReL2D=105.81, eps_nu=9.880e-03, P_hv=1.208e-04, rho_mean=1.000000, p_mean=0.741522, div_rms=1.019e+00, vort_rms=2.015e+00, mass_err=-1.683e-10
step= 72800, t=46.042432, dt=6.321e-04, KE=1.677412e-01, Mt=0.6029, A_K=0.071, Cuv=-0.085, P_in=2.386e-02, P_tgt=2.369e-02, A_F=0.116, K_low=0.209, P_drag=-6.758e-03, P_cool=-1.363e-02, WENO=0.209 (x=0.209, y=0.209), ReL2D=106.24, eps_nu=9.883e-03, P_hv=1.169e-04, rho_mean=1.000000, p_mean=0.741542, div_rms=1.007e+00, vort_rms=2.023e+00, mass_err=-1.687e-10
step= 73000, t=46.170426, dt=6.409e-04, KE=1.685835e-01, Mt=0.6056, A_K=0.079, Cuv=-0.113, P_in=2.350e-02, P_tgt=2.337e-02, A_F=0.035, K_low=0.210, P_drag=-6.828e-03, P_cool=-1.353e-02, WENO=0.216 (x=0.216, y=0.216), ReL2D=105.85, eps_nu=1.002e-02, P_hv=1.116e-04, rho_mean=1.000000, p_mean=0.741356, div_rms=1.025e+00, vort_rms=2.030e+00, mass_err=-1.692e-10
step= 73200, t=46.298052, dt=6.336e-04, KE=1.696593e-01, Mt=0.6081, A_K=0.087, Cuv=-0.131, P_in=2.312e-02, P_tgt=2.285e-02, A_F=0.143, K_low=0.211, P_drag=-6.896e-03, P_cool=-1.339e-02, WENO=0.209 (x=0.209, y=0.209), ReL2D=105.07, eps_nu=1.019e-02, P_hv=1.127e-04, rho_mean=1.000000, p_mean=0.741063, div_rms=1.049e+00, vort_rms=2.037e+00, mass_err=-1.696e-10
step= 73400, t=46.423885, dt=6.256e-04, KE=1.705729e-01, Mt=0.6101, A_K=0.090, Cuv=-0.135, P_in=2.197e-02, P_tgt=2.218e-02, A_F=0.147, K_low=0.211, P_drag=-6.957e-03, P_cool=-1.326e-02, WENO=0.215 (x=0.215, y=0.215), ReL2D=104.41, eps_nu=1.038e-02, P_hv=1.161e-04, rho_mean=1.000000, p_mean=0.740807, div_rms=1.076e+00, vort_rms=2.044e+00, mass_err=-1.701e-10
saved snapshot: results/hit2d/thesis_hit_campaign_v1/mach_Mt060_N256_seed1234/hit2d_step0073500.npz
step= 73600, t=46.548075, dt=6.177e-04, KE=1.713133e-01, Mt=0.6114, A_K=0.095, Cuv=-0.129, P_in=2.137e-02, P_tgt=2.142e-02, A_F=0.166, K_low=0.211, P_drag=-7.005e-03, P_cool=-1.315e-02, WENO=0.209 (x=0.209, y=0.209), ReL2D=103.29, eps_nu=1.062e-02, P_hv=1.133e-04, rho_mean=1.000000, p_mean=0.740589, div_rms=1.107e+00, vort_rms=2.053e+00, mass_err=-1.705e-10
step= 73800, t=46.671372, dt=6.177e-04, KE=1.720728e-01, Mt=0.6122, A_K=0.105, Cuv=-0.110, P_in=2.059e-02, P_tgt=2.061e-02, A_F=0.031, K_low=0.211, P_drag=-7.063e-03, P_cool=-1.302e-02, WENO=0.200 (x=0.200, y=0.200), ReL2D=101.38, eps_nu=1.090e-02, P_hv=1.170e-04, rho_mean=1.000000, p_mean=0.740330, div_rms=1.150e+00, vort_rms=2.061e+00, mass_err=-1.710e-10
step= 74000, t=46.793731, dt=6.086e-04, KE=1.728981e-01, Mt=0.6125, A_K=0.117, Cuv=-0.088, P_in=1.955e-02, P_tgt=1.980e-02, A_F=0.180, K_low=0.211, P_drag=-7.138e-03, P_cool=-1.286e-02, WENO=0.199 (x=0.199, y=0.199), ReL2D=100.03, eps_nu=1.107e-02, P_hv=1.182e-04, rho_mean=1.000000, p_mean=0.740014, div_rms=1.172e+00, vort_rms=2.066e+00, mass_err=-1.715e-10
step= 74200, t=46.916278, dt=6.201e-04, KE=1.737587e-01, Mt=0.6119, A_K=0.126, Cuv=-0.068, P_in=1.918e-02, P_tgt=1.903e-02, A_F=0.036, K_low=0.212, P_drag=-7.215e-03, P_cool=-1.268e-02, WENO=0.197 (x=0.197, y=0.197), ReL2D=99.12, eps_nu=1.123e-02, P_hv=1.173e-04, rho_mean=1.000000, p_mean=0.739653, div_rms=1.188e+00, vort_rms=2.075e+00, mass_err=-1.719e-10
step= 74400, t=47.042354, dt=6.391e-04, KE=1.743692e-01, Mt=0.6103, A_K=0.126, Cuv=-0.064, P_in=1.842e-02, P_tgt=1.836e-02, A_F=0.137, K_low=0.215, P_drag=-7.307e-03, P_cool=-1.253e-02, WENO=0.192 (x=0.192, y=0.192), ReL2D=99.15, eps_nu=1.124e-02, P_hv=1.145e-04, rho_mean=1.000000, p_mean=0.739353, div_rms=1.184e+00, vort_rms=2.080e+00, mass_err=-1.724e-10
step= 74600, t=47.170041, dt=6.367e-04, KE=1.742836e-01, Mt=0.6079, A_K=0.119, Cuv=-0.070, P_in=1.784e-02, P_tgt=1.782e-02, A_F=0.285, K_low=0.221, P_drag=-7.418e-03, P_cool=-1.250e-02, WENO=0.192 (x=0.192, y=0.192), ReL2D=99.85, eps_nu=1.116e-02, P_hv=1.109e-04, rho_mean=1.000000, p_mean=0.739290, div_rms=1.165e+00, vort_rms=2.084e+00, mass_err=-1.728e-10
step= 74800, t=47.296872, dt=6.310e-04, KE=1.736166e-01, Mt=0.6058, A_K=0.104, Cuv=-0.083, P_in=1.736e-02, P_tgt=1.742e-02, A_F=0.051, K_low=0.230, P_drag=-7.547e-03, P_cool=-1.257e-02, WENO=0.197 (x=0.197, y=0.197), ReL2D=101.26, eps_nu=1.100e-02, P_hv=1.088e-04, rho_mean=1.000000, p_mean=0.739428, div_rms=1.129e+00, vort_rms=2.089e+00, mass_err=-1.733e-10
step= 75000, t=47.422564, dt=6.267e-04, KE=1.727102e-01, Mt=0.6043, A_K=0.084, Cuv=-0.097, P_in=1.719e-02, P_tgt=1.713e-02, A_F=0.217, K_low=0.239, P_drag=-7.682e-03, P_cool=-1.268e-02, WENO=0.197 (x=0.197, y=0.197), ReL2D=102.67, eps_nu=1.087e-02, P_hv=1.120e-04, rho_mean=1.000000, p_mean=0.739640, div_rms=1.092e+00, vort_rms=2.097e+00, mass_err=-1.738e-10
step= 75200, t=47.547729, dt=6.252e-04, KE=1.719976e-01, Mt=0.6030, A_K=0.067, Cuv=-0.113, P_in=1.695e-02, P_tgt=1.693e-02, A_F=0.389, K_low=0.246, P_drag=-7.816e-03, P_cool=-1.274e-02, WENO=0.204 (x=0.204, y=0.204), ReL2D=103.07, eps_nu=1.082e-02, P_hv=1.127e-04, rho_mean=1.000000, p_mean=0.739759, div_rms=1.071e+00, vort_rms=2.106e+00, mass_err=-1.742e-10
step= 75400, t=47.672939, dt=6.277e-04, KE=1.714497e-01, Mt=0.6012, A_K=0.052, Cuv=-0.121, P_in=1.672e-02, P_tgt=1.681e-02, A_F=0.099, K_low=0.251, P_drag=-7.936e-03, P_cool=-1.276e-02, WENO=0.215 (x=0.215, y=0.215), ReL2D=103.61, eps_nu=1.069e-02, P_hv=1.115e-04, rho_mean=1.000000, p_mean=0.739800, div_rms=1.043e+00, vort_rms=2.108e+00, mass_err=-1.747e-10
step= 75600, t=47.797979, dt=6.245e-04, KE=1.711324e-01, Mt=0.5994, A_K=0.031, Cuv=-0.119, P_in=1.673e-02, P_tgt=1.680e-02, A_F=0.156, K_low=0.254, P_drag=-8.027e-03, P_cool=-1.272e-02, WENO=0.222 (x=0.222, y=0.222), ReL2D=103.51, eps_nu=1.059e-02, P_hv=1.107e-04, rho_mean=1.000000, p_mean=0.739734, div_rms=1.032e+00, vort_rms=2.101e+00, mass_err=-1.752e-10
saved snapshot: results/hit2d/thesis_hit_campaign_v1/mach_Mt060_N256_seed1234/hit2d_step0075600.npz
step= 75800, t=47.924141, dt=6.421e-04, KE=1.712305e-01, Mt=0.5986, A_K=0.000, Cuv=-0.111, P_in=1.671e-02, P_tgt=1.686e-02, A_F=0.002, K_low=0.254, P_drag=-8.081e-03, P_cool=-1.260e-02, WENO=0.223 (x=0.223, y=0.223), ReL2D=104.24, eps_nu=1.038e-02, P_hv=1.130e-04, rho_mean=1.000000, p_mean=0.739494, div_rms=1.010e+00, vort_rms=2.087e+00, mass_err=-1.756e-10
step= 76000, t=48.054044, dt=6.572e-04, KE=1.720056e-01, Mt=0.5997, A_K=0.033, Cuv=-0.104, P_in=1.690e-02, P_tgt=1.691e-02, A_F=0.069, K_low=0.252, P_drag=-8.103e-03, P_cool=-1.235e-02, WENO=0.225 (x=0.225, y=0.225), ReL2D=104.66, eps_nu=1.030e-02, P_hv=1.122e-04, rho_mean=1.000000, p_mean=0.738985, div_rms=1.015e+00, vort_rms=2.075e+00, mass_err=-1.761e-10
step= 76200, t=48.185549, dt=6.531e-04, KE=1.729883e-01, Mt=0.6017, A_K=0.059, Cuv=-0.097, P_in=1.687e-02, P_tgt=1.687e-02, A_F=0.298, K_low=0.249, P_drag=-8.085e-03, P_cool=-1.206e-02, WENO=0.217 (x=0.217, y=0.217), ReL2D=104.05, eps_nu=1.038e-02, P_hv=1.151e-04, rho_mean=1.000000, p_mean=0.738407, div_rms=1.043e+00, vort_rms=2.066e+00, mass_err=-1.766e-10
step= 76385, t=48.301987, dt=1.718e-04, KE=1.736523e-01, Mt=0.6027, A_K=0.079, Cuv=-0.096, P_in=1.669e-02, P_tgt=1.676e-02, A_F=0.023, K_low=0.246, P_drag=-8.054e-03, P_cool=-1.186e-02, WENO=0.221 (x=0.221, y=0.221), ReL2D=103.11, eps_nu=1.052e-02, P_hv=1.219e-04, rho_mean=1.000000, p_mean=0.737996, div_rms=1.075e+00, vort_rms=2.063e+00, mass_err=-1.770e-10
saved snapshot: results/hit2d/thesis_hit_campaign_v1/mach_Mt060_N256_seed1234/hit2d_step0076385.npz
completed 2D HIT run at t=48.301987 in 76385 steps
Post-processing: results/hit2d/thesis_hit_campaign_v1/mach_Mt060_N256_seed1234
saved HIT diagnostic field plot: results/hit2d/thesis_hit_campaign_v1/mach_Mt060_N256_seed1234/postprocess/hit2d_physics_fields.png
/home/fatienza/github/HIT_Solver/2D/hit2d_viewer.py:405: UserWarning: No artists with labels found to put in legend.  Note that artists whose label start with an underscore are ignored when legend() is called with no argument.
  ax.legend()
saved HIT history plot: results/hit2d/thesis_hit_campaign_v1/mach_Mt060_N256_seed1234/postprocess/hit2d_history.png
saved isotropy diagnostics: results/hit2d/thesis_hit_campaign_v1/mach_Mt060_N256_seed1234/isotropy_diagnostics.npz
selected interval: t=[10.8779, 41.1985], Neddy=[4.11564, 15.8205], snapshots=24
turnover reference length: L_ref=1.570796e+00
isotropy mismatch: E_LL=7.724052e-02 (normalized=1.876453e-01), E_NN=8.541933e-02 (normalized=2.431071e-01)
selected means: K=1.708274e-01, Mt=6.005558e-01, A_K=8.588577e-02, C_uv=2.955617e-02
saved isotropy plot: results/hit2d/thesis_hit_campaign_v1/mach_Mt060_N256_seed1234/postprocess/stationarity_K_Mt.png
saved isotropy plot: results/hit2d/thesis_hit_campaign_v1/mach_Mt060_N256_seed1234/postprocess/directional_isotropy_correlations.png
saved isotropy plot: results/hit2d/thesis_hit_campaign_v1/mach_Mt060_N256_seed1234/postprocess/component_energy_anisotropy.png
saved spectra diagnostics: results/hit2d/thesis_hit_campaign_v1/mach_Mt060_N256_seed1234/spectra_diagnostics.npz
saved spectra plot: results/hit2d/thesis_hit_campaign_v1/mach_Mt060_N256_seed1234/postprocess/energy_enstrophy_spectra.png
cutoff ratios: energy=6.646e-01, enstrophy=1.985e+00
spectral checks: Parseval=0.000e+00, Helmholtz closure=3.012e-16, <chi_d>=6.987e-02
saved PDF diagnostics: results/hit2d/thesis_hit_campaign_v1/mach_Mt060_N256_seed1234/pdf_diagnostics.npz
saved PDF plot: results/hit2d/thesis_hit_campaign_v1/mach_Mt060_N256_seed1234/postprocess/one_point_pdfs.png
PDF moments: S_theta=-5.176e+00, F_theta=5.652e+01, S_omega=-1.468e-02, F_omega=2.927e+00
COMPLETED: mach_Mt060_N256_seed1234 at Sun Aug 16 05:43:27 AM CEST 2026

============================================================
STARTING repeat_Mt025_N256_seed5678 at Sun Aug 16 05:43:27 AM CEST 2026
N=256x256; Mt=0.25; Re_lambda,0=120; seed=5678
tfinal=115.92476892; target turnovers=18.0
CFL=0.10; sensor=legacy; WENO LF=local
HV: conservative_flux, mn=0.005, interval=5
snapshot_every=5000; diagnostics_every=500
============================================================
Using array backend: cupy
saved run configuration: results/hit2d/thesis_hit_campaign_v1/repeat_Mt025_N256_seed5678/config.json
resolved initial Re_lambda_2d=120.000000 with dynamic viscosity=7.560701e-04
step=     0, t=0.000000, dt=0.000e+00, KE=3.125000e-02, Mt=0.2500, A_K=0.000, Cuv=-0.000, P_in=0.000e+00, P_tgt=0.000e+00, A_F=0.000, K_low=0.000, P_drag=0.000e+00, P_cool=0.000e+00, WENO=0.006 (x=0.006, y=0.006), ReL2D=120.00, eps_nu=7.186e-04, P_hv=0.000e+00, rho_mean=1.000000, p_mean=0.714286, div_rms=5.623e-15, vort_rms=9.749e-01, mass_err=0.000e+00
step=   500, t=0.442471, dt=8.915e-04, KE=3.062609e-02, Mt=0.2483, A_K=0.020, Cuv=-0.034, P_in=1.056e-03, P_tgt=9.960e-04, A_F=0.168, K_low=0.002, P_drag=-1.353e-05, P_cool=-2.674e-04, WENO=0.017 (x=0.017, y=0.017), ReL2D=117.97, eps_nu=7.020e-04, P_hv=6.479e-06, rho_mean=1.000000, p_mean=0.714820, div_rms=1.262e-01, vort_rms=9.525e-01, mass_err=-1.215e-12
step=  1000, t=0.893430, dt=8.982e-04, KE=3.012388e-02, Mt=0.2490, A_K=0.016, Cuv=-0.061, P_in=1.045e-03, P_tgt=1.039e-03, A_F=0.015, K_low=0.006, P_drag=-3.289e-05, P_cool=-4.292e-04, WENO=0.040 (x=0.040, y=0.040), ReL2D=116.62, eps_nu=7.191e-04, P_hv=6.449e-06, rho_mean=1.000000, p_mean=0.715144, div_rms=1.352e-01, vort_rms=9.626e-01, mass_err=-2.430e-12
step=  1500, t=1.337993, dt=8.824e-04, KE=3.076886e-02, Mt=0.2505, A_K=0.004, Cuv=-0.084, P_in=1.045e-03, P_tgt=1.038e-03, A_F=0.044, K_low=0.008, P_drag=-4.639e-05, P_cool=-3.551e-04, WENO=0.059 (x=0.059, y=0.059), ReL2D=118.42, eps_nu=7.306e-04, P_hv=6.700e-06, rho_mean=1.000000, p_mean=0.714996, div_rms=1.365e-01, vort_rms=9.703e-01, mass_err=-3.645e-12
step=  2000, t=1.780006, dt=8.832e-04, KE=3.090188e-02, Mt=0.2507, A_K=0.029, Cuv=-0.105, P_in=1.032e-03, P_tgt=1.028e-03, A_F=0.002, K_low=0.010, P_drag=-6.127e-05, P_cool=-3.826e-04, WENO=0.048 (x=0.048, y=0.048), ReL2D=119.57, eps_nu=7.356e-04, P_hv=7.197e-06, rho_mean=1.000000, p_mean=0.715051, div_rms=1.354e-01, vort_rms=9.739e-01, mass_err=-4.853e-12
step=  2500, t=2.222951, dt=8.882e-04, KE=3.097327e-02, Mt=0.2510, A_K=0.045, Cuv=-0.113, P_in=9.911e-04, P_tgt=1.010e-03, A_F=0.141, K_low=0.013, P_drag=-8.223e-05, P_cool=-4.169e-04, WENO=0.060 (x=0.060, y=0.060), ReL2D=116.15, eps_nu=7.406e-04, P_hv=7.851e-06, rho_mean=1.000000, p_mean=0.715120, div_rms=1.357e-01, vort_rms=9.773e-01, mass_err=-6.054e-12
step=  3000, t=2.666735, dt=8.848e-04, KE=3.107644e-02, Mt=0.2514, A_K=0.063, Cuv=-0.084, P_in=1.002e-03, P_tgt=9.848e-04, A_F=0.181, K_low=0.018, P_drag=-1.109e-04, P_cool=-4.553e-04, WENO=0.062 (x=0.062, y=0.062), ReL2D=116.82, eps_nu=7.565e-04, P_hv=8.781e-06, rho_mean=1.000000, p_mean=0.715196, div_rms=1.367e-01, vort_rms=9.877e-01, mass_err=-7.269e-12
step=  3500, t=3.108279, dt=8.839e-04, KE=3.109624e-02, Mt=0.2511, A_K=0.113, Cuv=-0.090, P_in=9.307e-04, P_tgt=9.623e-04, A_F=0.117, K_low=0.023, P_drag=-1.408e-04, P_cool=-4.852e-04, WENO=0.070 (x=0.070, y=0.070), ReL2D=116.96, eps_nu=7.607e-04, P_hv=9.604e-06, rho_mean=1.000000, p_mean=0.715256, div_rms=1.297e-01, vort_rms=9.918e-01, mass_err=-8.470e-12
step=  4000, t=3.549029, dt=8.930e-04, KE=3.136833e-02, Mt=0.2523, A_K=0.150, Cuv=-0.136, P_in=9.179e-04, P_tgt=9.310e-04, A_F=0.295, K_low=0.027, P_drag=-1.682e-04, P_cool=-4.593e-04, WENO=0.047 (x=0.047, y=0.047), ReL2D=116.09, eps_nu=7.647e-04, P_hv=1.043e-05, rho_mean=1.000000, p_mean=0.715204, div_rms=1.391e-01, vort_rms=9.928e-01, mass_err=-9.670e-12
step=  4500, t=3.995398, dt=8.939e-04, KE=3.108066e-02, Mt=0.2512, A_K=0.152, Cuv=-0.152, P_in=8.872e-04, P_tgt=8.967e-04, A_F=0.245, K_low=0.032, P_drag=-1.980e-04, P_cool=-5.393e-04, WENO=0.067 (x=0.067, y=0.067), ReL2D=114.29, eps_nu=7.607e-04, P_hv=1.106e-05, rho_mean=1.000000, p_mean=0.715364, div_rms=1.276e-01, vort_rms=9.922e-01, mass_err=-1.088e-11
step=  5000, t=4.440637, dt=8.867e-04, KE=3.095759e-02, Mt=0.2512, A_K=0.108, Cuv=-0.118, P_in=8.778e-04, P_tgt=8.752e-04, A_F=0.077, K_low=0.038, P_drag=-2.328e-04, P_cool=-5.744e-04, WENO=0.050 (x=0.050, y=0.050), ReL2D=116.28, eps_nu=7.570e-04, P_hv=1.175e-05, rho_mean=1.000000, p_mean=0.715435, div_rms=1.385e-01, vort_rms=9.878e-01, mass_err=-1.209e-11
saved snapshot: results/hit2d/thesis_hit_campaign_v1/repeat_Mt025_N256_seed5678/hit2d_step0005000.npz
step=  5500, t=4.886878, dt=8.966e-04, KE=3.090418e-02, Mt=0.2510, A_K=0.066, Cuv=-0.115, P_in=8.430e-04, P_tgt=8.563e-04, A_F=0.243, K_low=0.043, P_drag=-2.639e-04, P_cool=-5.964e-04, WENO=0.077 (x=0.077, y=0.077), ReL2D=116.54, eps_nu=7.604e-04, P_hv=1.223e-05, rho_mean=1.000000, p_mean=0.715479, div_rms=1.373e-01, vort_rms=9.902e-01, mass_err=-1.330e-11
step=  6000, t=5.336621, dt=8.982e-04, KE=3.094730e-02, Mt=0.2506, A_K=0.077, Cuv=-0.102, P_in=8.408e-04, P_tgt=8.429e-04, A_F=0.117, K_low=0.047, P_drag=-2.892e-04, P_cool=-5.861e-04, WENO=0.073 (x=0.073, y=0.073), ReL2D=114.66, eps_nu=7.601e-04, P_hv=1.235e-05, rho_mean=1.000000, p_mean=0.715458, div_rms=1.394e-01, vort_rms=9.897e-01, mass_err=-1.452e-11
step=  6500, t=5.781092, dt=8.776e-04, KE=3.100577e-02, Mt=0.2500, A_K=0.091, Cuv=-0.040, P_in=8.729e-04, P_tgt=8.402e-04, A_F=0.026, K_low=0.050, P_drag=-3.106e-04, P_cool=-5.906e-04, WENO=0.070 (x=0.070, y=0.070), ReL2D=112.78, eps_nu=7.598e-04, P_hv=1.319e-05, rho_mean=1.000000, p_mean=0.715467, div_rms=1.355e-01, vort_rms=9.902e-01, mass_err=-1.573e-11
step=  7000, t=6.216751, dt=8.693e-04, KE=3.095467e-02, Mt=0.2501, A_K=0.093, Cuv=-0.048, P_in=8.464e-04, P_tgt=8.391e-04, A_F=0.135, K_low=0.055, P_drag=-3.333e-04, P_cool=-5.949e-04, WENO=0.074 (x=0.074, y=0.074), ReL2D=112.85, eps_nu=7.512e-04, P_hv=1.421e-05, rho_mean=1.000000, p_mean=0.715476, div_rms=1.367e-01, vort_rms=9.842e-01, mass_err=-1.695e-11
step=  7500, t=6.653223, dt=8.832e-04, KE=3.071383e-02, Mt=0.2499, A_K=0.103, Cuv=-0.063, P_in=8.411e-04, P_tgt=8.375e-04, A_F=0.364, K_low=0.060, P_drag=-3.643e-04, P_cool=-6.448e-04, WENO=0.049 (x=0.049, y=0.049), ReL2D=111.60, eps_nu=7.297e-04, P_hv=1.398e-05, rho_mean=1.000000, p_mean=0.715575, div_rms=1.410e-01, vort_rms=9.688e-01, mass_err=-1.815e-11
step=  8000, t=7.095997, dt=8.717e-04, KE=3.047281e-02, Mt=0.2493, A_K=0.092, Cuv=-0.006, P_in=8.446e-04, P_tgt=8.454e-04, A_F=0.135, K_low=0.067, P_drag=-4.003e-04, P_cool=-6.773e-04, WENO=0.073 (x=0.073, y=0.073), ReL2D=111.20, eps_nu=7.169e-04, P_hv=1.374e-05, rho_mean=1.000000, p_mean=0.715640, div_rms=1.344e-01, vort_rms=9.613e-01, mass_err=-1.936e-11
step=  8500, t=7.527476, dt=8.650e-04, KE=3.069605e-02, Mt=0.2498, A_K=0.087, Cuv=0.050, P_in=8.699e-04, P_tgt=8.523e-04, A_F=0.120, K_low=0.071, P_drag=-4.260e-04, P_cool=-6.145e-04, WENO=0.061 (x=0.061, y=0.061), ReL2D=110.27, eps_nu=7.185e-04, P_hv=1.359e-05, rho_mean=1.000000, p_mean=0.715515, div_rms=1.379e-01, vort_rms=9.618e-01, mass_err=-2.056e-11
step=  9000, t=7.962434, dt=8.732e-04, KE=3.057235e-02, Mt=0.2491, A_K=0.098, Cuv=0.044, P_in=8.080e-04, P_tgt=8.585e-04, A_F=0.004, K_low=0.073, P_drag=-4.456e-04, P_cool=-6.246e-04, WENO=0.072 (x=0.072, y=0.072), ReL2D=110.60, eps_nu=7.139e-04, P_hv=1.333e-05, rho_mean=1.000000, p_mean=0.715535, div_rms=1.369e-01, vort_rms=9.588e-01, mass_err=-2.178e-11
step=  9500, t=8.393981, dt=8.578e-04, KE=3.027001e-02, Mt=0.2479, A_K=0.138, Cuv=0.076, P_in=8.936e-04, P_tgt=8.879e-04, A_F=0.101, K_low=0.077, P_drag=-4.654e-04, P_cool=-6.658e-04, WENO=0.050 (x=0.050, y=0.050), ReL2D=110.80, eps_nu=7.000e-04, P_hv=1.381e-05, rho_mean=1.000000, p_mean=0.715617, div_rms=1.357e-01, vort_rms=9.494e-01, mass_err=-2.299e-11
step= 10000, t=8.824299, dt=8.628e-04, KE=3.019720e-02, Mt=0.2480, A_K=0.144, Cuv=0.140, P_in=9.288e-04, P_tgt=9.268e-04, A_F=0.161, K_low=0.081, P_drag=-4.825e-04, P_cool=-6.604e-04, WENO=0.070 (x=0.070, y=0.070), ReL2D=110.80, eps_nu=6.905e-04, P_hv=1.368e-05, rho_mean=1.000000, p_mean=0.715607, div_rms=1.404e-01, vort_rms=9.418e-01, mass_err=-2.421e-11
saved snapshot: results/hit2d/thesis_hit_campaign_v1/repeat_Mt025_N256_seed5678/hit2d_step0010000.npz
step= 10500, t=9.253541, dt=8.614e-04, KE=3.010186e-02, Mt=0.2474, A_K=0.102, Cuv=0.191, P_in=9.700e-04, P_tgt=9.710e-04, A_F=0.057, K_low=0.085, P_drag=-4.983e-04, P_cool=-6.632e-04, WENO=0.062 (x=0.062, y=0.062), ReL2D=112.65, eps_nu=6.783e-04, P_hv=1.374e-05, rho_mean=1.000000, p_mean=0.715612, div_rms=1.416e-01, vort_rms=9.330e-01, mass_err=-2.542e-11
step= 11000, t=9.683649, dt=8.544e-04, KE=3.003334e-02, Mt=0.2471, A_K=0.096, Cuv=0.221, P_in=1.125e-03, P_tgt=1.028e-03, A_F=0.133, K_low=0.087, P_drag=-5.132e-04, P_cool=-6.633e-04, WENO=0.066 (x=0.066, y=0.066), ReL2D=112.31, eps_nu=6.791e-04, P_hv=1.369e-05, rho_mean=1.000000, p_mean=0.715612, div_rms=1.438e-01, vort_rms=9.331e-01, mass_err=-2.663e-11
step= 11500, t=10.110230, dt=8.564e-04, KE=3.001150e-02, Mt=0.2467, A_K=0.109, Cuv=0.208, P_in=1.104e-03, P_tgt=1.094e-03, A_F=0.129, K_low=0.092, P_drag=-5.390e-04, P_cool=-6.578e-04, WENO=0.068 (x=0.068, y=0.068), ReL2D=115.77, eps_nu=6.786e-04, P_hv=1.388e-05, rho_mean=1.000000, p_mean=0.715601, div_rms=1.480e-01, vort_rms=9.318e-01, mass_err=-2.785e-11
step= 12000, t=10.545235, dt=8.888e-04, KE=3.011292e-02, Mt=0.2469, A_K=0.091, Cuv=0.219, P_in=1.127e-03, P_tgt=1.168e-03, A_F=0.045, K_low=0.094, P_drag=-5.564e-04, P_cool=-6.319e-04, WENO=0.069 (x=0.069, y=0.069), ReL2D=118.66, eps_nu=6.782e-04, P_hv=1.387e-05, rho_mean=1.000000, p_mean=0.715550, div_rms=1.488e-01, vort_rms=9.314e-01, mass_err=-2.905e-11
step= 12500, t=10.988596, dt=8.827e-04, KE=3.019831e-02, Mt=0.2465, A_K=0.066, Cuv=0.252, P_in=1.244e-03, P_tgt=1.249e-03, A_F=0.059, K_low=0.093, P_drag=-5.623e-04, P_cool=-6.199e-04, WENO=0.068 (x=0.068, y=0.068), ReL2D=122.27, eps_nu=6.763e-04, P_hv=1.380e-05, rho_mean=1.000000, p_mean=0.715525, div_rms=1.439e-01, vort_rms=9.311e-01, mass_err=-3.027e-11
step= 13000, t=11.432232, dt=8.892e-04, KE=3.024303e-02, Mt=0.2469, A_K=0.093, Cuv=0.175, P_in=1.369e-03, P_tgt=1.336e-03, A_F=0.018, K_low=0.097, P_drag=-5.813e-04, P_cool=-6.219e-04, WENO=0.063 (x=0.063, y=0.063), ReL2D=120.87, eps_nu=6.927e-04, P_hv=1.354e-05, rho_mean=1.000000, p_mean=0.715529, div_rms=1.428e-01, vort_rms=9.429e-01, mass_err=-3.148e-11
step= 13500, t=11.873852, dt=8.767e-04, KE=3.018360e-02, Mt=0.2468, A_K=0.134, Cuv=0.105, P_in=1.417e-03, P_tgt=1.422e-03, A_F=0.066, K_low=0.099, P_drag=-5.909e-04, P_cool=-6.485e-04, WENO=0.075 (x=0.075, y=0.075), ReL2D=118.46, eps_nu=6.911e-04, P_hv=1.357e-05, rho_mean=1.000000, p_mean=0.715583, div_rms=1.421e-01, vort_rms=9.418e-01, mass_err=-3.268e-11
step= 14000, t=12.313748, dt=8.754e-04, KE=3.003480e-02, Mt=0.2465, A_K=0.145, Cuv=0.044, P_in=1.525e-03, P_tgt=1.521e-03, A_F=0.003, K_low=0.099, P_drag=-5.917e-04, P_cool=-6.968e-04, WENO=0.066 (x=0.066, y=0.066), ReL2D=119.38, eps_nu=6.880e-04, P_hv=1.384e-05, rho_mean=1.000000, p_mean=0.715679, div_rms=1.447e-01, vort_rms=9.391e-01, mass_err=-3.389e-11
step= 14500, t=12.748948, dt=8.663e-04, KE=3.012422e-02, Mt=0.2469, A_K=0.122, Cuv=0.028, P_in=1.616e-03, P_tgt=1.631e-03, A_F=0.009, K_low=0.102, P_drag=-6.049e-04, P_cool=-7.024e-04, WENO=0.072 (x=0.072, y=0.072), ReL2D=121.58, eps_nu=6.861e-04, P_hv=1.431e-05, rho_mean=1.000000, p_mean=0.715691, div_rms=1.411e-01, vort_rms=9.386e-01, mass_err=-3.509e-11
step= 15000, t=13.184336, dt=8.759e-04, KE=3.055006e-02, Mt=0.2479, A_K=0.104, Cuv=0.045, P_in=1.701e-03, P_tgt=1.721e-03, A_F=0.068, K_low=0.105, P_drag=-6.338e-04, P_cool=-6.512e-04, WENO=0.065 (x=0.065, y=0.065), ReL2D=124.10, eps_nu=6.755e-04, P_hv=1.419e-05, rho_mean=1.000000, p_mean=0.715588, div_rms=1.479e-01, vort_rms=9.297e-01, mass_err=-3.630e-11
saved snapshot: results/hit2d/thesis_hit_campaign_v1/repeat_Mt025_N256_seed5678/hit2d_step0015000.npz
step= 15500, t=13.622129, dt=8.682e-04, KE=3.072114e-02, Mt=0.2487, A_K=0.111, Cuv=0.025, P_in=1.735e-03, P_tgt=1.778e-03, A_F=0.079, K_low=0.109, P_drag=-6.630e-04, P_cool=-6.571e-04, WENO=0.069 (x=0.069, y=0.069), ReL2D=125.46, eps_nu=6.654e-04, P_hv=1.443e-05, rho_mean=1.000000, p_mean=0.715600, div_rms=1.419e-01, vort_rms=9.237e-01, mass_err=-3.752e-11
step= 16000, t=14.052178, dt=8.649e-04, KE=3.085063e-02, Mt=0.2495, A_K=0.180, Cuv=-0.002, P_in=1.835e-03, P_tgt=1.815e-03, A_F=0.105, K_low=0.113, P_drag=-6.898e-04, P_cool=-6.708e-04, WENO=0.056 (x=0.056, y=0.056), ReL2D=128.65, eps_nu=6.710e-04, P_hv=1.466e-05, rho_mean=1.000000, p_mean=0.715627, div_rms=1.476e-01, vort_rms=9.265e-01, mass_err=-3.873e-11
step= 16500, t=14.487209, dt=8.687e-04, KE=3.093999e-02, Mt=0.2503, A_K=0.197, Cuv=0.011, P_in=1.812e-03, P_tgt=1.815e-03, A_F=0.046, K_low=0.117, P_drag=-7.180e-04, P_cool=-6.909e-04, WENO=0.063 (x=0.063, y=0.063), ReL2D=128.36, eps_nu=6.776e-04, P_hv=1.512e-05, rho_mean=1.000000, p_mean=0.715667, div_rms=1.437e-01, vort_rms=9.321e-01, mass_err=-3.993e-11
step= 17000, t=14.920556, dt=8.738e-04, KE=3.103596e-02, Mt=0.2498, A_K=0.145, Cuv=0.046, P_in=1.835e-03, P_tgt=1.812e-03, A_F=0.046, K_low=0.118, P_drag=-7.310e-04, P_cool=-7.062e-04, WENO=0.060 (x=0.060, y=0.060), ReL2D=121.47, eps_nu=6.915e-04, P_hv=1.573e-05, rho_mean=1.000000, p_mean=0.715698, div_rms=1.449e-01, vort_rms=9.416e-01, mass_err=-4.114e-11
step= 17500, t=15.355386, dt=8.609e-04, KE=3.100438e-02, Mt=0.2503, A_K=0.123, Cuv=0.000, P_in=1.816e-03, P_tgt=1.811e-03, A_F=0.071, K_low=0.124, P_drag=-7.665e-04, P_cool=-7.430e-04, WENO=0.071 (x=0.071, y=0.071), ReL2D=121.22, eps_nu=6.914e-04, P_hv=1.575e-05, rho_mean=1.000000, p_mean=0.715772, div_rms=1.422e-01, vort_rms=9.421e-01, mass_err=-4.235e-11
step= 18000, t=15.785510, dt=8.650e-04, KE=3.133794e-02, Mt=0.2520, A_K=0.125, Cuv=-0.053, P_in=1.807e-03, P_tgt=1.775e-03, A_F=0.058, K_low=0.132, P_drag=-8.254e-04, P_cool=-6.996e-04, WENO=0.057 (x=0.057, y=0.057), ReL2D=123.86, eps_nu=6.919e-04, P_hv=1.619e-05, rho_mean=1.000000, p_mean=0.715685, div_rms=1.563e-01, vort_rms=9.394e-01, mass_err=-4.356e-11
step= 18500, t=16.215370, dt=8.637e-04, KE=3.136052e-02, Mt=0.2522, A_K=0.120, Cuv=-0.061, P_in=1.714e-03, P_tgt=1.695e-03, A_F=0.108, K_low=0.138, P_drag=-8.615e-04, P_cool=-7.124e-04, WENO=0.083 (x=0.083, y=0.083), ReL2D=124.62, eps_nu=6.930e-04, P_hv=1.598e-05, rho_mean=1.000000, p_mean=0.715711, div_rms=1.551e-01, vort_rms=9.405e-01, mass_err=-4.477e-11
step= 19000, t=16.656415, dt=9.024e-04, KE=3.135729e-02, Mt=0.2520, A_K=0.078, Cuv=-0.013, P_in=1.626e-03, P_tgt=1.627e-03, A_F=0.234, K_low=0.139, P_drag=-8.700e-04, P_cool=-7.198e-04, WENO=0.076 (x=0.076, y=0.076), ReL2D=121.04, eps_nu=6.937e-04, P_hv=1.533e-05, rho_mean=1.000000, p_mean=0.715725, div_rms=1.609e-01, vort_rms=9.397e-01, mass_err=-4.598e-11
step= 19500, t=17.104015, dt=8.879e-04, KE=3.164853e-02, Mt=0.2526, A_K=0.026, Cuv=-0.029, P_in=1.581e-03, P_tgt=1.557e-03, A_F=0.112, K_low=0.138, P_drag=-8.767e-04, P_cool=-6.638e-04, WENO=0.077 (x=0.077, y=0.077), ReL2D=122.79, eps_nu=6.923e-04, P_hv=1.455e-05, rho_mean=1.000000, p_mean=0.715613, div_rms=1.636e-01, vort_rms=9.381e-01, mass_err=-4.718e-11
step= 20000, t=17.549188, dt=8.921e-04, KE=3.164019e-02, Mt=0.2530, A_K=0.024, Cuv=-0.078, P_in=1.452e-03, P_tgt=1.470e-03, A_F=0.075, K_low=0.138, P_drag=-8.725e-04, P_cool=-6.642e-04, WENO=0.075 (x=0.075, y=0.075), ReL2D=121.64, eps_nu=6.953e-04, P_hv=1.425e-05, rho_mean=1.000000, p_mean=0.715614, div_rms=1.662e-01, vort_rms=9.396e-01, mass_err=-4.839e-11
saved snapshot: results/hit2d/thesis_hit_campaign_v1/repeat_Mt025_N256_seed5678/hit2d_step0020000.npz
step= 20500, t=17.995005, dt=8.834e-04, KE=3.109478e-02, Mt=0.2509, A_K=0.046, Cuv=-0.098, P_in=1.413e-03, P_tgt=1.415e-03, A_F=0.176, K_low=0.138, P_drag=-8.554e-04, P_cool=-7.604e-04, WENO=0.080 (x=0.080, y=0.080), ReL2D=117.42, eps_nu=6.863e-04, P_hv=1.418e-05, rho_mean=1.000000, p_mean=0.715807, div_rms=1.495e-01, vort_rms=9.370e-01, mass_err=-4.960e-11
step= 21000, t=18.440113, dt=8.994e-04, KE=3.129145e-02, Mt=0.2516, A_K=0.052, Cuv=-0.093, P_in=1.385e-03, P_tgt=1.383e-03, A_F=0.068, K_low=0.134, P_drag=-8.380e-04, P_cool=-7.057e-04, WENO=0.075 (x=0.075, y=0.075), ReL2D=115.68, eps_nu=6.997e-04, P_hv=1.460e-05, rho_mean=1.000000, p_mean=0.715697, div_rms=1.541e-01, vort_rms=9.454e-01, mass_err=-5.081e-11
step= 21500, t=18.891230, dt=9.025e-04, KE=3.132102e-02, Mt=0.2516, A_K=0.121, Cuv=-0.082, P_in=1.328e-03, P_tgt=1.336e-03, A_F=0.145, K_low=0.129, P_drag=-8.033e-04, P_cool=-6.860e-04, WENO=0.075 (x=0.075, y=0.075), ReL2D=116.24, eps_nu=7.050e-04, P_hv=1.379e-05, rho_mean=1.000000, p_mean=0.715658, div_rms=1.524e-01, vort_rms=9.495e-01, mass_err=-5.203e-11
step= 22000, t=19.339389, dt=8.978e-04, KE=3.117693e-02, Mt=0.2505, A_K=0.183, Cuv=-0.106, P_in=1.308e-03, P_tgt=1.307e-03, A_F=0.052, K_low=0.118, P_drag=-7.355e-04, P_cool=-7.025e-04, WENO=0.065 (x=0.065, y=0.065), ReL2D=113.15, eps_nu=7.099e-04, P_hv=1.408e-05, rho_mean=1.000000, p_mean=0.715691, div_rms=1.542e-01, vort_rms=9.524e-01, mass_err=-5.323e-11
step= 22500, t=19.790772, dt=9.065e-04, KE=3.098771e-02, Mt=0.2499, A_K=0.180, Cuv=-0.120, P_in=1.274e-03, P_tgt=1.305e-03, A_F=0.023, K_low=0.107, P_drag=-6.683e-04, P_cool=-7.300e-04, WENO=0.085 (x=0.085, y=0.085), ReL2D=113.21, eps_nu=7.067e-04, P_hv=1.389e-05, rho_mean=1.000000, p_mean=0.715746, div_rms=1.528e-01, vort_rms=9.506e-01, mass_err=-5.443e-11
step= 23000, t=20.237249, dt=8.821e-04, KE=3.114756e-02, Mt=0.2506, A_K=0.157, Cuv=-0.083, P_in=1.312e-03, P_tgt=1.296e-03, A_F=0.033, K_low=0.102, P_drag=-6.351e-04, P_cool=-7.284e-04, WENO=0.068 (x=0.068, y=0.068), ReL2D=119.78, eps_nu=7.008e-04, P_hv=1.397e-05, rho_mean=1.000000, p_mean=0.715742, div_rms=1.589e-01, vort_rms=9.451e-01, mass_err=-5.564e-11
step= 23500, t=20.669790, dt=8.565e-04, KE=3.113468e-02, Mt=0.2510, A_K=0.092, Cuv=-0.090, P_in=1.223e-03, P_tgt=1.277e-03, A_F=0.125, K_low=0.097, P_drag=-5.974e-04, P_cool=-7.279e-04, WENO=0.063 (x=0.063, y=0.063), ReL2D=118.33, eps_nu=7.059e-04, P_hv=1.441e-05, rho_mean=1.000000, p_mean=0.715742, div_rms=1.662e-01, vort_rms=9.470e-01, mass_err=-5.686e-11
step= 24000, t=21.100119, dt=8.645e-04, KE=3.101732e-02, Mt=0.2506, A_K=0.062, Cuv=-0.119, P_in=1.248e-03, P_tgt=1.255e-03, A_F=0.090, K_low=0.088, P_drag=-5.410e-04, P_cool=-7.482e-04, WENO=0.057 (x=0.057, y=0.057), ReL2D=119.60, eps_nu=6.968e-04, P_hv=1.394e-05, rho_mean=1.000000, p_mean=0.715782, div_rms=1.589e-01, vort_rms=9.423e-01, mass_err=-5.807e-11
step= 24500, t=21.536249, dt=8.842e-04, KE=3.112884e-02, Mt=0.2508, A_K=0.055, Cuv=-0.139, P_in=1.246e-03, P_tgt=1.237e-03, A_F=0.018, K_low=0.080, P_drag=-4.961e-04, P_cool=-7.257e-04, WENO=0.064 (x=0.064, y=0.064), ReL2D=119.73, eps_nu=6.977e-04, P_hv=1.274e-05, rho_mean=1.000000, p_mean=0.715737, div_rms=1.707e-01, vort_rms=9.402e-01, mass_err=-5.928e-11
step= 25000, t=21.979157, dt=8.847e-04, KE=3.103313e-02, Mt=0.2508, A_K=0.041, Cuv=-0.127, P_in=1.221e-03, P_tgt=1.220e-03, A_F=0.076, K_low=0.077, P_drag=-4.735e-04, P_cool=-7.457e-04, WENO=0.087 (x=0.087, y=0.087), ReL2D=118.22, eps_nu=6.968e-04, P_hv=1.310e-05, rho_mean=1.000000, p_mean=0.715777, div_rms=1.684e-01, vort_rms=9.401e-01, mass_err=-6.048e-11
saved snapshot: results/hit2d/thesis_hit_campaign_v1/repeat_Mt025_N256_seed5678/hit2d_step0025000.npz
step= 25500, t=22.416014, dt=8.614e-04, KE=3.112764e-02, Mt=0.2515, A_K=0.005, Cuv=-0.071, P_in=1.197e-03, P_tgt=1.193e-03, A_F=0.014, K_low=0.074, P_drag=-4.544e-04, P_cool=-7.273e-04, WENO=0.067 (x=0.067, y=0.067), ReL2D=117.53, eps_nu=7.010e-04, P_hv=1.295e-05, rho_mean=1.000000, p_mean=0.715740, div_rms=1.704e-01, vort_rms=9.426e-01, mass_err=-6.170e-11
step= 26000, t=22.840106, dt=8.425e-04, KE=3.094545e-02, Mt=0.2504, A_K=0.023, Cuv=-0.029, P_in=1.180e-03, P_tgt=1.167e-03, A_F=0.096, K_low=0.072, P_drag=-4.457e-04, P_cool=-7.637e-04, WENO=0.073 (x=0.073, y=0.073), ReL2D=116.57, eps_nu=6.970e-04, P_hv=1.334e-05, rho_mean=1.000000, p_mean=0.715813, div_rms=1.647e-01, vort_rms=9.412e-01, mass_err=-6.290e-11
step= 26500, t=23.264029, dt=8.447e-04, KE=3.110899e-02, Mt=0.2515, A_K=0.016, Cuv=-0.039, P_in=1.153e-03, P_tgt=1.153e-03, A_F=0.175, K_low=0.076, P_drag=-4.701e-04, P_cool=-7.264e-04, WENO=0.070 (x=0.070, y=0.070), ReL2D=116.41, eps_nu=7.017e-04, P_hv=1.313e-05, rho_mean=1.000000, p_mean=0.715738, div_rms=1.708e-01, vort_rms=9.430e-01, mass_err=-6.411e-11
step= 27000, t=23.684924, dt=8.420e-04, KE=3.109979e-02, Mt=0.2513, A_K=0.013, Cuv=-0.070, P_in=1.098e-03, P_tgt=1.113e-03, A_F=0.075, K_low=0.083, P_drag=-5.117e-04, P_cool=-7.235e-04, WENO=0.077 (x=0.077, y=0.077), ReL2D=114.51, eps_nu=7.011e-04, P_hv=1.332e-05, rho_mean=1.000000, p_mean=0.715733, div_rms=1.685e-01, vort_rms=9.431e-01, mass_err=-6.532e-11
step= 27500, t=24.106419, dt=8.420e-04, KE=3.101872e-02, Mt=0.2507, A_K=0.031, Cuv=-0.036, P_in=1.163e-03, P_tgt=1.099e-03, A_F=0.001, K_low=0.087, P_drag=-5.317e-04, P_cool=-7.266e-04, WENO=0.066 (x=0.066, y=0.066), ReL2D=114.33, eps_nu=7.083e-04, P_hv=1.359e-05, rho_mean=1.000000, p_mean=0.715739, div_rms=1.678e-01, vort_rms=9.483e-01, mass_err=-6.654e-11
step= 28000, t=24.528580, dt=8.506e-04, KE=3.104283e-02, Mt=0.2509, A_K=0.016, Cuv=0.027, P_in=1.065e-03, P_tgt=1.077e-03, A_F=0.220, K_low=0.087, P_drag=-5.302e-04, P_cool=-7.102e-04, WENO=0.068 (x=0.068, y=0.068), ReL2D=116.06, eps_nu=7.146e-04, P_hv=1.449e-05, rho_mean=1.000000, p_mean=0.715706, div_rms=1.673e-01, vort_rms=9.528e-01, mass_err=-6.774e-11
step= 28500, t=24.955997, dt=8.480e-04, KE=3.093077e-02, Mt=0.2501, A_K=0.004, Cuv=0.046, P_in=1.041e-03, P_tgt=1.064e-03, A_F=0.005, K_low=0.085, P_drag=-5.164e-04, P_cool=-7.210e-04, WENO=0.078 (x=0.078, y=0.078), ReL2D=118.57, eps_nu=7.137e-04, P_hv=1.423e-05, rho_mean=1.000000, p_mean=0.715728, div_rms=1.706e-01, vort_rms=9.514e-01, mass_err=-6.895e-11
step= 29000, t=25.375124, dt=8.394e-04, KE=3.083956e-02, Mt=0.2496, A_K=0.020, Cuv=0.032, P_in=1.082e-03, P_tgt=1.071e-03, A_F=0.110, K_low=0.085, P_drag=-5.155e-04, P_cool=-7.244e-04, WENO=0.075 (x=0.075, y=0.075), ReL2D=119.93, eps_nu=7.064e-04, P_hv=1.433e-05, rho_mean=1.000000, p_mean=0.715734, div_rms=1.686e-01, vort_rms=9.468e-01, mass_err=-7.015e-11
step= 29500, t=25.798567, dt=8.550e-04, KE=3.080985e-02, Mt=0.2494, A_K=0.054, Cuv=0.015, P_in=1.077e-03, P_tgt=1.079e-03, A_F=0.095, K_low=0.084, P_drag=-5.088e-04, P_cool=-7.176e-04, WENO=0.083 (x=0.083, y=0.083), ReL2D=118.88, eps_nu=7.007e-04, P_hv=1.395e-05, rho_mean=1.000000, p_mean=0.715721, div_rms=1.590e-01, vort_rms=9.450e-01, mass_err=-7.135e-11
step= 30000, t=26.231543, dt=8.752e-04, KE=3.077354e-02, Mt=0.2489, A_K=0.057, Cuv=0.018, P_in=1.091e-03, P_tgt=1.098e-03, A_F=0.231, K_low=0.082, P_drag=-4.977e-04, P_cool=-7.139e-04, WENO=0.082 (x=0.082, y=0.082), ReL2D=118.91, eps_nu=6.963e-04, P_hv=1.458e-05, rho_mean=1.000000, p_mean=0.715714, div_rms=1.613e-01, vort_rms=9.414e-01, mass_err=-7.256e-11
saved snapshot: results/hit2d/thesis_hit_campaign_v1/repeat_Mt025_N256_seed5678/hit2d_step0030000.npz
step= 30500, t=26.672502, dt=8.864e-04, KE=3.078102e-02, Mt=0.2493, A_K=0.032, Cuv=0.029, P_in=1.131e-03, P_tgt=1.119e-03, A_F=0.052, K_low=0.080, P_drag=-4.879e-04, P_cool=-7.044e-04, WENO=0.074 (x=0.074, y=0.074), ReL2D=120.25, eps_nu=6.913e-04, P_hv=1.474e-05, rho_mean=1.000000, p_mean=0.715694, div_rms=1.650e-01, vort_rms=9.370e-01, mass_err=-7.378e-11
step= 31000, t=27.110073, dt=8.650e-04, KE=3.053969e-02, Mt=0.2489, A_K=0.021, Cuv=-0.008, P_in=1.134e-03, P_tgt=1.135e-03, A_F=0.021, K_low=0.077, P_drag=-4.646e-04, P_cool=-7.465e-04, WENO=0.066 (x=0.066, y=0.066), ReL2D=120.01, eps_nu=6.888e-04, P_hv=1.401e-05, rho_mean=1.000000, p_mean=0.715779, div_rms=1.618e-01, vort_rms=9.360e-01, mass_err=-7.498e-11
step= 31500, t=27.545182, dt=8.786e-04, KE=3.039141e-02, Mt=0.2484, A_K=0.006, Cuv=-0.048, P_in=1.188e-03, P_tgt=1.171e-03, A_F=0.134, K_low=0.071, P_drag=-4.213e-04, P_cool=-7.711e-04, WENO=0.077 (x=0.077, y=0.077), ReL2D=116.96, eps_nu=6.867e-04, P_hv=1.420e-05, rho_mean=1.000000, p_mean=0.715828, div_rms=1.631e-01, vort_rms=9.342e-01, mass_err=-7.618e-11
step= 32000, t=27.983702, dt=8.783e-04, KE=3.052238e-02, Mt=0.2491, A_K=0.005, Cuv=-0.033, P_in=1.198e-03, P_tgt=1.200e-03, A_F=0.051, K_low=0.062, P_drag=-3.720e-04, P_cool=-7.479e-04, WENO=0.083 (x=0.083, y=0.083), ReL2D=116.20, eps_nu=6.779e-04, P_hv=1.430e-05, rho_mean=1.000000, p_mean=0.715781, div_rms=1.629e-01, vort_rms=9.280e-01, mass_err=-7.741e-11
step= 32500, t=28.421097, dt=8.750e-04, KE=3.064364e-02, Mt=0.2498, A_K=0.006, Cuv=-0.043, P_in=1.220e-03, P_tgt=1.215e-03, A_F=0.033, K_low=0.056, P_drag=-3.363e-04, P_cool=-7.335e-04, WENO=0.085 (x=0.085, y=0.085), ReL2D=117.72, eps_nu=6.721e-04, P_hv=1.446e-05, rho_mean=1.000000, p_mean=0.715753, div_rms=1.535e-01, vort_rms=9.260e-01, mass_err=-7.861e-11
step= 33000, t=28.855427, dt=8.594e-04, KE=3.095707e-02, Mt=0.2504, A_K=0.032, Cuv=-0.128, P_in=1.221e-03, P_tgt=1.208e-03, A_F=0.061, K_low=0.051, P_drag=-3.127e-04, P_cool=-6.871e-04, WENO=0.073 (x=0.073, y=0.073), ReL2D=117.49, eps_nu=6.685e-04, P_hv=1.537e-05, rho_mean=1.000000, p_mean=0.715660, div_rms=1.604e-01, vort_rms=9.218e-01, mass_err=-7.982e-11
step= 33500, t=29.279418, dt=8.418e-04, KE=3.104339e-02, Mt=0.2506, A_K=0.015, Cuv=-0.195, P_in=1.200e-03, P_tgt=1.201e-03, A_F=0.047, K_low=0.048, P_drag=-2.952e-04, P_cool=-6.880e-04, WENO=0.072 (x=0.072, y=0.072), ReL2D=115.69, eps_nu=6.668e-04, P_hv=1.539e-05, rho_mean=1.000000, p_mean=0.715662, div_rms=1.549e-01, vort_rms=9.219e-01, mass_err=-8.103e-11
step= 34000, t=29.702014, dt=8.518e-04, KE=3.113352e-02, Mt=0.2515, A_K=0.022, Cuv=-0.204, P_in=1.176e-03, P_tgt=1.172e-03, A_F=0.008, K_low=0.046, P_drag=-2.824e-04, P_cool=-6.882e-04, WENO=0.073 (x=0.073, y=0.073), ReL2D=115.91, eps_nu=6.652e-04, P_hv=1.579e-05, rho_mean=1.000000, p_mean=0.715662, div_rms=1.613e-01, vort_rms=9.193e-01, mass_err=-8.224e-11
step= 34500, t=30.135229, dt=8.697e-04, KE=3.105213e-02, Mt=0.2511, A_K=0.053, Cuv=-0.191, P_in=1.144e-03, P_tgt=1.143e-03, A_F=0.416, K_low=0.044, P_drag=-2.771e-04, P_cool=-7.195e-04, WENO=0.076 (x=0.076, y=0.076), ReL2D=118.61, eps_nu=6.541e-04, P_hv=1.514e-05, rho_mean=1.000000, p_mean=0.715725, div_rms=1.587e-01, vort_rms=9.119e-01, mass_err=-8.346e-11
step= 35000, t=30.569219, dt=8.780e-04, KE=3.102150e-02, Mt=0.2511, A_K=0.060, Cuv=-0.183, P_in=1.125e-03, P_tgt=1.120e-03, A_F=0.212, K_low=0.045, P_drag=-2.811e-04, P_cool=-7.370e-04, WENO=0.062 (x=0.062, y=0.062), ReL2D=119.77, eps_nu=6.429e-04, P_hv=1.454e-05, rho_mean=1.000000, p_mean=0.715760, div_rms=1.550e-01, vort_rms=9.046e-01, mass_err=-8.465e-11
saved snapshot: results/hit2d/thesis_hit_campaign_v1/repeat_Mt025_N256_seed5678/hit2d_step0035000.npz
step= 35500, t=31.012714, dt=8.969e-04, KE=3.115915e-02, Mt=0.2516, A_K=0.061, Cuv=-0.218, P_in=1.103e-03, P_tgt=1.089e-03, A_F=0.037, K_low=0.047, P_drag=-2.908e-04, P_cool=-7.178e-04, WENO=0.068 (x=0.068, y=0.068), ReL2D=119.51, eps_nu=6.410e-04, P_hv=1.434e-05, rho_mean=1.000000, p_mean=0.715721, div_rms=1.628e-01, vort_rms=9.014e-01, mass_err=-8.586e-11
step= 36000, t=31.457275, dt=8.736e-04, KE=3.117392e-02, Mt=0.2513, A_K=0.072, Cuv=-0.283, P_in=1.059e-03, P_tgt=1.061e-03, A_F=0.045, K_low=0.049, P_drag=-3.047e-04, P_cool=-7.199e-04, WENO=0.076 (x=0.076, y=0.076), ReL2D=120.01, eps_nu=6.335e-04, P_hv=1.410e-05, rho_mean=1.000000, p_mean=0.715725, div_rms=1.507e-01, vort_rms=8.987e-01, mass_err=-8.708e-11
step= 36500, t=31.889480, dt=8.655e-04, KE=3.132316e-02, Mt=0.2521, A_K=0.047, Cuv=-0.333, P_in=1.026e-03, P_tgt=1.024e-03, A_F=0.115, K_low=0.052, P_drag=-3.245e-04, P_cool=-6.926e-04, WENO=0.084 (x=0.084, y=0.084), ReL2D=123.36, eps_nu=6.252e-04, P_hv=1.461e-05, rho_mean=1.000000, p_mean=0.715671, div_rms=1.568e-01, vort_rms=8.911e-01, mass_err=-8.828e-11
step= 37000, t=32.326494, dt=8.804e-04, KE=3.137007e-02, Mt=0.2522, A_K=0.037, Cuv=-0.358, P_in=9.861e-04, P_tgt=9.845e-04, A_F=0.109, K_low=0.057, P_drag=-3.549e-04, P_cool=-6.809e-04, WENO=0.087 (x=0.087, y=0.087), ReL2D=124.59, eps_nu=6.110e-04, P_hv=1.400e-05, rho_mean=1.000000, p_mean=0.715648, div_rms=1.489e-01, vort_rms=8.824e-01, mass_err=-8.949e-11
step= 37500, t=32.770251, dt=8.969e-04, KE=3.151905e-02, Mt=0.2524, A_K=0.060, Cuv=-0.354, P_in=9.146e-04, P_tgt=9.381e-04, A_F=0.057, K_low=0.062, P_drag=-3.855e-04, P_cool=-6.451e-04, WENO=0.067 (x=0.067, y=0.067), ReL2D=123.81, eps_nu=6.044e-04, P_hv=1.367e-05, rho_mean=1.000000, p_mean=0.715576, div_rms=1.522e-01, vort_rms=8.767e-01, mass_err=-9.069e-11
step= 38000, t=33.221258, dt=9.048e-04, KE=3.139536e-02, Mt=0.2519, A_K=0.112, Cuv=-0.324, P_in=9.035e-04, P_tgt=9.013e-04, A_F=0.045, K_low=0.067, P_drag=-4.148e-04, P_cool=-6.584e-04, WENO=0.073 (x=0.073, y=0.073), ReL2D=125.22, eps_nu=5.934e-04, P_hv=1.365e-05, rho_mean=1.000000, p_mean=0.715602, div_rms=1.437e-01, vort_rms=8.702e-01, mass_err=-9.190e-11
step= 38500, t=33.673038, dt=9.039e-04, KE=3.148739e-02, Mt=0.2521, A_K=0.120, Cuv=-0.291, P_in=8.720e-04, P_tgt=8.641e-04, A_F=0.118, K_low=0.072, P_drag=-4.559e-04, P_cool=-6.232e-04, WENO=0.079 (x=0.079, y=0.079), ReL2D=126.94, eps_nu=5.893e-04, P_hv=1.357e-05, rho_mean=1.000000, p_mean=0.715532, div_rms=1.528e-01, vort_rms=8.651e-01, mass_err=-9.311e-11
step= 39000, t=34.124314, dt=8.999e-04, KE=3.115523e-02, Mt=0.2506, A_K=0.059, Cuv=-0.271, P_in=8.431e-04, P_tgt=8.414e-04, A_F=0.052, K_low=0.081, P_drag=-5.069e-04, P_cool=-6.654e-04, WENO=0.072 (x=0.072, y=0.072), ReL2D=127.42, eps_nu=5.782e-04, P_hv=1.285e-05, rho_mean=1.000000, p_mean=0.715616, div_rms=1.452e-01, vort_rms=8.583e-01, mass_err=-9.431e-11
step= 39500, t=34.572251, dt=8.939e-04, KE=3.105004e-02, Mt=0.2506, A_K=0.053, Cuv=-0.246, P_in=8.197e-04, P_tgt=8.321e-04, A_F=0.061, K_low=0.093, P_drag=-5.707e-04, P_cool=-6.538e-04, WENO=0.058 (x=0.058, y=0.058), ReL2D=128.86, eps_nu=5.670e-04, P_hv=1.259e-05, rho_mean=1.000000, p_mean=0.715593, div_rms=1.475e-01, vort_rms=8.491e-01, mass_err=-9.553e-11
step= 40000, t=35.022212, dt=9.005e-04, KE=3.097232e-02, Mt=0.2504, A_K=0.101, Cuv=-0.244, P_in=8.283e-04, P_tgt=8.232e-04, A_F=0.108, K_low=0.103, P_drag=-6.288e-04, P_cool=-6.314e-04, WENO=0.070 (x=0.070, y=0.070), ReL2D=129.20, eps_nu=5.569e-04, P_hv=1.204e-05, rho_mean=1.000000, p_mean=0.715549, div_rms=1.428e-01, vort_rms=8.423e-01, mass_err=-9.673e-11
saved snapshot: results/hit2d/thesis_hit_campaign_v1/repeat_Mt025_N256_seed5678/hit2d_step0040000.npz
step= 40500, t=35.474171, dt=9.184e-04, KE=3.098423e-02, Mt=0.2499, A_K=0.124, Cuv=-0.229, P_in=8.295e-04, P_tgt=8.182e-04, A_F=0.103, K_low=0.107, P_drag=-6.618e-04, P_cool=-5.901e-04, WENO=0.072 (x=0.072, y=0.072), ReL2D=129.66, eps_nu=5.518e-04, P_hv=1.103e-05, rho_mean=1.000000, p_mean=0.715466, div_rms=1.443e-01, vort_rms=8.379e-01, mass_err=-9.795e-11
step= 41000, t=35.933598, dt=9.193e-04, KE=3.057008e-02, Mt=0.2481, A_K=0.107, Cuv=-0.193, P_in=8.305e-04, P_tgt=8.347e-04, A_F=0.061, K_low=0.114, P_drag=-7.017e-04, P_cool=-6.306e-04, WENO=0.069 (x=0.069, y=0.069), ReL2D=129.36, eps_nu=5.411e-04, P_hv=1.036e-05, rho_mean=1.000000, p_mean=0.715547, div_rms=1.389e-01, vort_rms=8.307e-01, mass_err=-9.915e-11
step= 41500, t=36.386866, dt=8.902e-04, KE=3.020683e-02, Mt=0.2475, A_K=0.091, Cuv=-0.163, P_in=8.720e-04, P_tgt=8.752e-04, A_F=0.009, K_low=0.124, P_drag=-7.483e-04, P_cool=-6.560e-04, WENO=0.065 (x=0.065, y=0.065), ReL2D=134.09, eps_nu=5.312e-04, P_hv=1.005e-05, rho_mean=1.000000, p_mean=0.715598, div_rms=1.324e-01, vort_rms=8.242e-01, mass_err=-1.003e-10
step= 42000, t=36.833986, dt=9.011e-04, KE=3.009154e-02, Mt=0.2468, A_K=0.081, Cuv=-0.142, P_in=9.203e-04, P_tgt=9.228e-04, A_F=0.039, K_low=0.131, P_drag=-7.850e-04, P_cool=-6.334e-04, WENO=0.067 (x=0.067, y=0.067), ReL2D=137.31, eps_nu=5.263e-04, P_hv=9.488e-06, rho_mean=1.000000, p_mean=0.715552, div_rms=1.343e-01, vort_rms=8.198e-01, mass_err=-1.016e-10
step= 42500, t=37.282702, dt=8.963e-04, KE=3.011125e-02, Mt=0.2465, A_K=0.091, Cuv=-0.114, P_in=9.942e-04, P_tgt=9.928e-04, A_F=0.126, K_low=0.136, P_drag=-8.114e-04, P_cool=-5.883e-04, WENO=0.058 (x=0.058, y=0.058), ReL2D=138.86, eps_nu=5.245e-04, P_hv=9.117e-06, rho_mean=1.000000, p_mean=0.715462, div_rms=1.325e-01, vort_rms=8.187e-01, mass_err=-1.028e-10
step= 43000, t=37.732832, dt=8.969e-04, KE=3.005781e-02, Mt=0.2462, A_K=0.120, Cuv=-0.107, P_in=1.036e-03, P_tgt=1.067e-03, A_F=0.208, K_low=0.137, P_drag=-8.191e-04, P_cool=-5.668e-04, WENO=0.073 (x=0.073, y=0.073), ReL2D=139.77, eps_nu=5.178e-04, P_hv=8.663e-06, rho_mean=1.000000, p_mean=0.715419, div_rms=1.309e-01, vort_rms=8.137e-01, mass_err=-1.040e-10
step= 43500, t=38.183307, dt=9.009e-04, KE=2.990915e-02, Mt=0.2455, A_K=0.111, Cuv=-0.078, P_in=1.144e-03, P_tgt=1.159e-03, A_F=0.116, K_low=0.132, P_drag=-7.935e-04, P_cool=-5.733e-04, WENO=0.080 (x=0.080, y=0.080), ReL2D=141.78, eps_nu=5.174e-04, P_hv=8.280e-06, rho_mean=1.000000, p_mean=0.715432, div_rms=1.389e-01, vort_rms=8.115e-01, mass_err=-1.052e-10
step= 44000, t=38.629479, dt=8.930e-04, KE=2.964847e-02, Mt=0.2441, A_K=0.061, Cuv=-0.006, P_in=1.294e-03, P_tgt=1.290e-03, A_F=0.090, K_low=0.127, P_drag=-7.591e-04, P_cool=-6.124e-04, WENO=0.079 (x=0.079, y=0.079), ReL2D=142.23, eps_nu=5.193e-04, P_hv=7.936e-06, rho_mean=1.000000, p_mean=0.715510, div_rms=1.329e-01, vort_rms=8.145e-01, mass_err=-1.064e-10
step= 44500, t=39.077632, dt=8.942e-04, KE=2.993431e-02, Mt=0.2453, A_K=0.033, Cuv=0.050, P_in=1.449e-03, P_tgt=1.450e-03, A_F=0.049, K_low=0.126, P_drag=-7.527e-04, P_cool=-5.571e-04, WENO=0.057 (x=0.057, y=0.057), ReL2D=144.10, eps_nu=5.228e-04, P_hv=8.186e-06, rho_mean=1.000000, p_mean=0.715400, div_rms=1.350e-01, vort_rms=8.168e-01, mass_err=-1.076e-10
step= 45000, t=39.525663, dt=9.028e-04, KE=3.006722e-02, Mt=0.2469, A_K=0.009, Cuv=0.048, P_in=1.557e-03, P_tgt=1.563e-03, A_F=0.087, K_low=0.127, P_drag=-7.553e-04, P_cool=-5.506e-04, WENO=0.057 (x=0.057, y=0.057), ReL2D=146.55, eps_nu=5.315e-04, P_hv=8.297e-06, rho_mean=1.000000, p_mean=0.715387, div_rms=1.365e-01, vort_rms=8.235e-01, mass_err=-1.088e-10
saved snapshot: results/hit2d/thesis_hit_campaign_v1/repeat_Mt025_N256_seed5678/hit2d_step0045000.npz
step= 45500, t=39.977657, dt=9.015e-04, KE=2.988891e-02, Mt=0.2466, A_K=0.008, Cuv=0.065, P_in=1.706e-03, P_tgt=1.672e-03, A_F=0.027, K_low=0.124, P_drag=-7.337e-04, P_cool=-6.115e-04, WENO=0.063 (x=0.063, y=0.063), ReL2D=148.98, eps_nu=5.299e-04, P_hv=8.238e-06, rho_mean=1.000000, p_mean=0.715509, div_rms=1.257e-01, vort_rms=8.245e-01, mass_err=-1.100e-10
step= 46000, t=40.429709, dt=9.103e-04, KE=3.021817e-02, Mt=0.2474, A_K=0.023, Cuv=0.110, P_in=1.760e-03, P_tgt=1.771e-03, A_F=0.151, K_low=0.115, P_drag=-6.962e-04, P_cool=-5.838e-04, WENO=0.080 (x=0.080, y=0.080), ReL2D=146.01, eps_nu=5.402e-04, P_hv=8.420e-06, rho_mean=1.000000, p_mean=0.715453, div_rms=1.379e-01, vort_rms=8.301e-01, mass_err=-1.112e-10
step= 46500, t=40.879089, dt=8.883e-04, KE=3.043073e-02, Mt=0.2479, A_K=0.041, Cuv=0.123, P_in=1.851e-03, P_tgt=1.866e-03, A_F=0.257, K_low=0.110, P_drag=-6.760e-04, P_cool=-5.901e-04, WENO=0.075 (x=0.075, y=0.075), ReL2D=141.97, eps_nu=5.546e-04, P_hv=8.947e-06, rho_mean=1.000000, p_mean=0.715466, div_rms=1.303e-01, vort_rms=8.432e-01, mass_err=-1.125e-10
step= 47000, t=41.323440, dt=8.934e-04, KE=3.085571e-02, Mt=0.2501, A_K=0.045, Cuv=0.102, P_in=1.900e-03, P_tgt=1.901e-03, A_F=0.058, K_low=0.110, P_drag=-6.730e-04, P_cool=-5.624e-04, WENO=0.072 (x=0.072, y=0.072), ReL2D=139.25, eps_nu=5.664e-04, P_hv=9.409e-06, rho_mean=1.000000, p_mean=0.715411, div_rms=1.382e-01, vort_rms=8.507e-01, mass_err=-1.137e-10
step= 47500, t=41.767400, dt=8.835e-04, KE=3.106169e-02, Mt=0.2510, A_K=0.029, Cuv=0.104, P_in=1.882e-03, P_tgt=1.881e-03, A_F=0.130, K_low=0.109, P_drag=-6.738e-04, P_cool=-5.789e-04, WENO=0.068 (x=0.068, y=0.068), ReL2D=138.77, eps_nu=5.747e-04, P_hv=9.209e-06, rho_mean=1.000000, p_mean=0.715444, div_rms=1.332e-01, vort_rms=8.582e-01, mass_err=-1.149e-10
step= 48000, t=42.208235, dt=8.850e-04, KE=3.132320e-02, Mt=0.2518, A_K=0.012, Cuv=0.103, P_in=1.817e-03, P_tgt=1.826e-03, A_F=0.086, K_low=0.109, P_drag=-6.818e-04, P_cool=-5.796e-04, WENO=0.064 (x=0.064, y=0.064), ReL2D=135.20, eps_nu=5.888e-04, P_hv=9.566e-06, rho_mean=1.000000, p_mean=0.715445, div_rms=1.307e-01, vort_rms=8.695e-01, mass_err=-1.161e-10
step= 48500, t=42.654121, dt=8.888e-04, KE=3.155718e-02, Mt=0.2524, A_K=0.039, Cuv=0.075, P_in=1.755e-03, P_tgt=1.754e-03, A_F=0.074, K_low=0.109, P_drag=-6.934e-04, P_cool=-5.797e-04, WENO=0.071 (x=0.071, y=0.071), ReL2D=128.80, eps_nu=6.040e-04, P_hv=1.058e-05, rho_mean=1.000000, p_mean=0.715445, div_rms=1.305e-01, vort_rms=8.810e-01, mass_err=-1.173e-10
step= 49000, t=43.088404, dt=8.529e-04, KE=3.171065e-02, Mt=0.2533, A_K=0.036, Cuv=0.060, P_in=1.655e-03, P_tgt=1.659e-03, A_F=0.140, K_low=0.111, P_drag=-7.045e-04, P_cool=-5.864e-04, WENO=0.060 (x=0.060, y=0.060), ReL2D=126.17, eps_nu=6.131e-04, P_hv=1.148e-05, rho_mean=1.000000, p_mean=0.715459, div_rms=1.307e-01, vort_rms=8.878e-01, mass_err=-1.185e-10
step= 49500, t=43.515860, dt=8.570e-04, KE=3.188942e-02, Mt=0.2541, A_K=0.036, Cuv=0.084, P_in=1.546e-03, P_tgt=1.541e-03, A_F=0.104, K_low=0.113, P_drag=-7.179e-04, P_cool=-5.769e-04, WENO=0.073 (x=0.073, y=0.073), ReL2D=126.26, eps_nu=6.159e-04, P_hv=1.172e-05, rho_mean=1.000000, p_mean=0.715440, div_rms=1.266e-01, vort_rms=8.906e-01, mass_err=-1.197e-10
step= 50000, t=43.943171, dt=8.489e-04, KE=3.209327e-02, Mt=0.2543, A_K=0.062, Cuv=0.103, P_in=1.410e-03, P_tgt=1.417e-03, A_F=0.329, K_low=0.116, P_drag=-7.450e-04, P_cool=-5.521e-04, WENO=0.061 (x=0.061, y=0.061), ReL2D=127.15, eps_nu=6.182e-04, P_hv=1.186e-05, rho_mean=1.000000, p_mean=0.715390, div_rms=1.297e-01, vort_rms=8.918e-01, mass_err=-1.209e-10
saved snapshot: results/hit2d/thesis_hit_campaign_v1/repeat_Mt025_N256_seed5678/hit2d_step0050000.npz
step= 50500, t=44.365851, dt=8.465e-04, KE=3.210448e-02, Mt=0.2542, A_K=0.120, Cuv=0.098, P_in=1.304e-03, P_tgt=1.306e-03, A_F=0.056, K_low=0.121, P_drag=-7.755e-04, P_cool=-5.539e-04, WENO=0.057 (x=0.057, y=0.057), ReL2D=127.10, eps_nu=6.182e-04, P_hv=1.219e-05, rho_mean=1.000000, p_mean=0.715394, div_rms=1.265e-01, vort_rms=8.924e-01, mass_err=-1.221e-10
step= 51000, t=44.793051, dt=8.572e-04, KE=3.202584e-02, Mt=0.2541, A_K=0.150, Cuv=0.059, P_in=1.182e-03, P_tgt=1.201e-03, A_F=0.082, K_low=0.128, P_drag=-8.097e-04, P_cool=-5.616e-04, WENO=0.055 (x=0.055, y=0.055), ReL2D=127.21, eps_nu=6.172e-04, P_hv=1.254e-05, rho_mean=1.000000, p_mean=0.715409, div_rms=1.285e-01, vort_rms=8.912e-01, mass_err=-1.233e-10
step= 51500, t=45.221464, dt=8.589e-04, KE=3.176199e-02, Mt=0.2532, A_K=0.132, Cuv=0.019, P_in=1.110e-03, P_tgt=1.118e-03, A_F=0.000, K_low=0.136, P_drag=-8.483e-04, P_cool=-5.928e-04, WENO=0.068 (x=0.068, y=0.068), ReL2D=128.00, eps_nu=6.131e-04, P_hv=1.299e-05, rho_mean=1.000000, p_mean=0.715471, div_rms=1.233e-01, vort_rms=8.891e-01, mass_err=-1.245e-10
step= 52000, t=45.650112, dt=8.545e-04, KE=3.155500e-02, Mt=0.2523, A_K=0.137, Cuv=0.010, P_in=1.045e-03, P_tgt=1.058e-03, A_F=0.042, K_low=0.139, P_drag=-8.747e-04, P_cool=-6.022e-04, WENO=0.057 (x=0.057, y=0.057), ReL2D=127.58, eps_nu=6.105e-04, P_hv=1.348e-05, rho_mean=1.000000, p_mean=0.715490, div_rms=1.267e-01, vort_rms=8.866e-01, mass_err=-1.257e-10
step= 52500, t=46.079593, dt=8.733e-04, KE=3.132057e-02, Mt=0.2509, A_K=0.191, Cuv=0.038, P_in=1.102e-03, P_tgt=1.026e-03, A_F=0.005, K_low=0.143, P_drag=-9.025e-04, P_cool=-6.109e-04, WENO=0.085 (x=0.085, y=0.085), ReL2D=129.03, eps_nu=6.043e-04, P_hv=1.354e-05, rho_mean=1.000000, p_mean=0.715507, div_rms=1.211e-01, vort_rms=8.830e-01, mass_err=-1.269e-10
warning: flow component anisotropy has increased over the last three diagnostic samples
step= 53000, t=46.518301, dt=8.828e-04, KE=3.121887e-02, Mt=0.2511, A_K=0.211, Cuv=0.041, P_in=1.005e-03, P_tgt=1.007e-03, A_F=0.063, K_low=0.152, P_drag=-9.472e-04, P_cool=-5.889e-04, WENO=0.071 (x=0.071, y=0.071), ReL2D=131.57, eps_nu=6.043e-04, P_hv=1.403e-05, rho_mean=1.000000, p_mean=0.715464, div_rms=1.255e-01, vort_rms=8.822e-01, mass_err=-1.281e-10
warning: flow component anisotropy has increased over the last three diagnostic samples
step= 53500, t=46.960039, dt=8.927e-04, KE=3.110010e-02, Mt=0.2508, A_K=0.218, Cuv=0.027, P_in=9.910e-04, P_tgt=9.862e-04, A_F=0.324, K_low=0.160, P_drag=-9.838e-04, P_cool=-5.644e-04, WENO=0.073 (x=0.073, y=0.073), ReL2D=132.09, eps_nu=5.961e-04, P_hv=1.348e-05, rho_mean=1.000000, p_mean=0.715414, div_rms=1.270e-01, vort_rms=8.757e-01, mass_err=-1.293e-10
step= 54000, t=47.410522, dt=9.059e-04, KE=3.096729e-02, Mt=0.2497, A_K=0.190, Cuv=0.002, P_in=9.747e-04, P_tgt=9.804e-04, A_F=0.040, K_low=0.161, P_drag=-9.925e-04, P_cool=-5.404e-04, WENO=0.060 (x=0.060, y=0.060), ReL2D=130.96, eps_nu=5.914e-04, P_hv=1.270e-05, rho_mean=1.000000, p_mean=0.715366, div_rms=1.239e-01, vort_rms=8.728e-01, mass_err=-1.305e-10
step= 54500, t=47.857223, dt=8.903e-04, KE=3.053234e-02, Mt=0.2477, A_K=0.170, Cuv=-0.011, P_in=9.964e-04, P_tgt=1.005e-03, A_F=0.021, K_low=0.162, P_drag=-9.895e-04, P_cool=-5.780e-04, WENO=0.052 (x=0.052, y=0.052), ReL2D=130.94, eps_nu=5.826e-04, P_hv=1.306e-05, rho_mean=1.000000, p_mean=0.715442, div_rms=1.237e-01, vort_rms=8.661e-01, mass_err=-1.317e-10
step= 55000, t=48.305278, dt=8.976e-04, KE=3.000726e-02, Mt=0.2461, A_K=0.162, Cuv=-0.010, P_in=1.087e-03, P_tgt=1.074e-03, A_F=0.033, K_low=0.165, P_drag=-9.905e-04, P_cool=-6.345e-04, WENO=0.060 (x=0.060, y=0.060), ReL2D=127.78, eps_nu=5.769e-04, P_hv=1.304e-05, rho_mean=1.000000, p_mean=0.715555, div_rms=1.154e-01, vort_rms=8.633e-01, mass_err=-1.329e-10
saved snapshot: results/hit2d/thesis_hit_campaign_v1/repeat_Mt025_N256_seed5678/hit2d_step0055000.npz
step= 55500, t=48.751655, dt=8.872e-04, KE=2.996969e-02, Mt=0.2460, A_K=0.172, Cuv=-0.019, P_in=1.184e-03, P_tgt=1.168e-03, A_F=0.161, K_low=0.166, P_drag=-9.880e-04, P_cool=-5.985e-04, WENO=0.050 (x=0.050, y=0.050), ReL2D=127.04, eps_nu=5.754e-04, P_hv=1.321e-05, rho_mean=1.000000, p_mean=0.715483, div_rms=1.240e-01, vort_rms=8.606e-01, mass_err=-1.342e-10
step= 56000, t=49.192717, dt=8.881e-04, KE=2.986225e-02, Mt=0.2455, A_K=0.184, Cuv=-0.039, P_in=1.279e-03, P_tgt=1.272e-03, A_F=0.039, K_low=0.166, P_drag=-9.904e-04, P_cool=-5.888e-04, WENO=0.074 (x=0.074, y=0.074), ReL2D=126.82, eps_nu=5.765e-04, P_hv=1.326e-05, rho_mean=1.000000, p_mean=0.715463, div_rms=1.176e-01, vort_rms=8.626e-01, mass_err=-1.354e-10
step= 56500, t=49.641631, dt=8.965e-04, KE=2.978041e-02, Mt=0.2450, A_K=0.187, Cuv=-0.057, P_in=1.386e-03, P_tgt=1.404e-03, A_F=0.049, K_low=0.162, P_drag=-9.725e-04, P_cool=-5.842e-04, WENO=0.066 (x=0.066, y=0.066), ReL2D=125.18, eps_nu=5.764e-04, P_hv=1.315e-05, rho_mean=1.000000, p_mean=0.715454, div_rms=1.183e-01, vort_rms=8.624e-01, mass_err=-1.366e-10
step= 57000, t=50.086877, dt=8.910e-04, KE=2.971414e-02, Mt=0.2448, A_K=0.196, Cuv=-0.062, P_in=1.563e-03, P_tgt=1.558e-03, A_F=0.040, K_low=0.157, P_drag=-9.381e-04, P_cool=-5.922e-04, WENO=0.046 (x=0.046, y=0.046), ReL2D=124.02, eps_nu=5.785e-04, P_hv=1.349e-05, rho_mean=1.000000, p_mean=0.715470, div_rms=1.201e-01, vort_rms=8.636e-01, mass_err=-1.378e-10
warning: flow component anisotropy has increased over the last three diagnostic samples
step= 57500, t=50.539669, dt=9.111e-04, KE=2.970223e-02, Mt=0.2447, A_K=0.205, Cuv=-0.059, P_in=1.742e-03, P_tgt=1.742e-03, A_F=0.026, K_low=0.155, P_drag=-9.204e-04, P_cool=-6.055e-04, WENO=0.048 (x=0.048, y=0.048), ReL2D=123.77, eps_nu=5.825e-04, P_hv=1.310e-05, rho_mean=1.000000, p_mean=0.715497, div_rms=1.190e-01, vort_rms=8.669e-01, mass_err=-1.390e-10
step= 58000, t=50.993304, dt=8.986e-04, KE=2.983873e-02, Mt=0.2454, A_K=0.183, Cuv=-0.077, P_in=1.927e-03, P_tgt=1.928e-03, A_F=0.080, K_low=0.156, P_drag=-9.227e-04, P_cool=-6.066e-04, WENO=0.056 (x=0.056, y=0.056), ReL2D=123.86, eps_nu=5.874e-04, P_hv=1.355e-05, rho_mean=1.000000, p_mean=0.715499, div_rms=1.208e-01, vort_rms=8.703e-01, mass_err=-1.402e-10
step= 58500, t=51.442009, dt=8.988e-04, KE=3.012124e-02, Mt=0.2465, A_K=0.153, Cuv=-0.094, P_in=2.117e-03, P_tgt=2.100e-03, A_F=0.097, K_low=0.154, P_drag=-9.241e-04, P_cool=-5.938e-04, WENO=0.060 (x=0.060, y=0.060), ReL2D=125.19, eps_nu=5.924e-04, P_hv=1.380e-05, rho_mean=1.000000, p_mean=0.715473, div_rms=1.153e-01, vort_rms=8.751e-01, mass_err=-1.414e-10
step= 59000, t=51.892253, dt=8.994e-04, KE=3.047897e-02, Mt=0.2478, A_K=0.138, Cuv=-0.089, P_in=2.219e-03, P_tgt=2.221e-03, A_F=0.027, K_low=0.152, P_drag=-9.226e-04, P_cool=-5.822e-04, WENO=0.064 (x=0.064, y=0.064), ReL2D=126.09, eps_nu=5.997e-04, P_hv=1.370e-05, rho_mean=1.000000, p_mean=0.715450, div_rms=1.274e-01, vort_rms=8.784e-01, mass_err=-1.426e-10
step= 59500, t=52.345237, dt=9.024e-04, KE=3.051053e-02, Mt=0.2484, A_K=0.176, Cuv=-0.056, P_in=2.303e-03, P_tgt=2.310e-03, A_F=0.088, K_low=0.152, P_drag=-9.221e-04, P_cool=-6.419e-04, WENO=0.077 (x=0.077, y=0.077), ReL2D=126.66, eps_nu=6.024e-04, P_hv=1.324e-05, rho_mean=1.000000, p_mean=0.715570, div_rms=1.146e-01, vort_rms=8.827e-01, mass_err=-1.438e-10
step= 60000, t=52.792683, dt=9.043e-04, KE=3.108464e-02, Mt=0.2504, A_K=0.171, Cuv=-0.044, P_in=2.350e-03, P_tgt=2.342e-03, A_F=0.079, K_low=0.148, P_drag=-9.159e-04, P_cool=-5.984e-04, WENO=0.065 (x=0.065, y=0.065), ReL2D=127.53, eps_nu=6.104e-04, P_hv=1.325e-05, rho_mean=1.000000, p_mean=0.715483, div_rms=1.284e-01, vort_rms=8.862e-01, mass_err=-1.450e-10
saved snapshot: results/hit2d/thesis_hit_campaign_v1/repeat_Mt025_N256_seed5678/hit2d_step0060000.npz
step= 60500, t=53.249435, dt=9.103e-04, KE=3.129441e-02, Mt=0.2513, A_K=0.134, Cuv=-0.046, P_in=2.289e-03, P_tgt=2.291e-03, A_F=0.146, K_low=0.147, P_drag=-9.139e-04, P_cool=-6.303e-04, WENO=0.067 (x=0.067, y=0.067), ReL2D=127.97, eps_nu=6.145e-04, P_hv=1.252e-05, rho_mean=1.000000, p_mean=0.715546, div_rms=1.251e-01, vort_rms=8.899e-01, mass_err=-1.462e-10
step= 61000, t=53.698948, dt=8.940e-04, KE=3.163656e-02, Mt=0.2524, A_K=0.095, Cuv=-0.048, P_in=2.243e-03, P_tgt=2.222e-03, A_F=0.099, K_low=0.148, P_drag=-9.254e-04, P_cool=-6.250e-04, WENO=0.079 (x=0.079, y=0.079), ReL2D=128.34, eps_nu=6.155e-04, P_hv=1.243e-05, rho_mean=1.000000, p_mean=0.715536, div_rms=1.219e-01, vort_rms=8.912e-01, mass_err=-1.474e-10
step= 61500, t=54.147085, dt=8.838e-04, KE=3.218086e-02, Mt=0.2545, A_K=0.095, Cuv=-0.041, P_in=2.043e-03, P_tgt=2.069e-03, A_F=0.118, K_low=0.147, P_drag=-9.408e-04, P_cool=-5.729e-04, WENO=0.072 (x=0.072, y=0.072), ReL2D=131.48, eps_nu=6.162e-04, P_hv=1.255e-05, rho_mean=1.000000, p_mean=0.715431, div_rms=1.263e-01, vort_rms=8.910e-01, mass_err=-1.486e-10
step= 62000, t=54.589165, dt=8.782e-04, KE=3.227660e-02, Mt=0.2547, A_K=0.090, Cuv=-0.014, P_in=1.897e-03, P_tgt=1.892e-03, A_F=0.078, K_low=0.150, P_drag=-9.674e-04, P_cool=-5.929e-04, WENO=0.072 (x=0.072, y=0.072), ReL2D=136.79, eps_nu=6.118e-04, P_hv=1.257e-05, rho_mean=1.000000, p_mean=0.715472, div_rms=1.158e-01, vort_rms=8.895e-01, mass_err=-1.499e-10
step= 62500, t=55.025686, dt=8.694e-04, KE=3.221972e-02, Mt=0.2553, A_K=0.067, Cuv=-0.020, P_in=1.697e-03, P_tgt=1.713e-03, A_F=0.212, K_low=0.156, P_drag=-1.003e-03, P_cool=-6.235e-04, WENO=0.050 (x=0.050, y=0.050), ReL2D=137.10, eps_nu=6.133e-04, P_hv=1.282e-05, rho_mean=1.000000, p_mean=0.715533, div_rms=1.254e-01, vort_rms=8.889e-01, mass_err=-1.511e-10
step= 63000, t=55.459177, dt=8.564e-04, KE=3.187725e-02, Mt=0.2544, A_K=0.062, Cuv=-0.068, P_in=1.614e-03, P_tgt=1.558e-03, A_F=0.080, K_low=0.161, P_drag=-1.023e-03, P_cool=-6.891e-04, WENO=0.066 (x=0.066, y=0.066), ReL2D=136.18, eps_nu=6.181e-04, P_hv=1.336e-05, rho_mean=1.000000, p_mean=0.715664, div_rms=1.177e-01, vort_rms=8.939e-01, mass_err=-1.523e-10
step= 63500, t=55.889004, dt=8.698e-04, KE=3.199217e-02, Mt=0.2542, A_K=0.077, Cuv=-0.082, P_in=1.422e-03, P_tgt=1.435e-03, A_F=0.181, K_low=0.160, P_drag=-1.024e-03, P_cool=-6.513e-04, WENO=0.051 (x=0.051, y=0.051), ReL2D=137.26, eps_nu=6.135e-04, P_hv=1.345e-05, rho_mean=1.000000, p_mean=0.715588, div_rms=1.289e-01, vort_rms=8.885e-01, mass_err=-1.535e-10
step= 64000, t=56.327888, dt=8.846e-04, KE=3.211811e-02, Mt=0.2545, A_K=0.065, Cuv=-0.082, P_in=1.315e-03, P_tgt=1.315e-03, A_F=0.084, K_low=0.160, P_drag=-1.023e-03, P_cool=-6.025e-04, WENO=0.067 (x=0.067, y=0.067), ReL2D=136.07, eps_nu=6.136e-04, P_hv=1.222e-05, rho_mean=1.000000, p_mean=0.715491, div_rms=1.323e-01, vort_rms=8.878e-01, mass_err=-1.547e-10
step= 64500, t=56.765996, dt=8.692e-04, KE=3.170669e-02, Mt=0.2528, A_K=0.068, Cuv=-0.054, P_in=1.197e-03, P_tgt=1.223e-03, A_F=0.048, K_low=0.160, P_drag=-1.009e-03, P_cool=-6.521e-04, WENO=0.081 (x=0.081, y=0.081), ReL2D=135.83, eps_nu=6.045e-04, P_hv=1.122e-05, rho_mean=1.000000, p_mean=0.715590, div_rms=1.200e-01, vort_rms=8.834e-01, mass_err=-1.559e-10
step= 65000, t=57.205376, dt=8.827e-04, KE=3.158428e-02, Mt=0.2531, A_K=0.059, Cuv=-0.004, P_in=1.152e-03, P_tgt=1.157e-03, A_F=0.021, K_low=0.156, P_drag=-9.812e-04, P_cool=-6.379e-04, WENO=0.058 (x=0.058, y=0.058), ReL2D=132.80, eps_nu=6.033e-04, P_hv=1.140e-05, rho_mean=1.000000, p_mean=0.715561, div_rms=1.386e-01, vort_rms=8.788e-01, mass_err=-1.571e-10
saved snapshot: results/hit2d/thesis_hit_campaign_v1/repeat_Mt025_N256_seed5678/hit2d_step0065000.npz
step= 65500, t=57.645030, dt=8.882e-04, KE=3.132987e-02, Mt=0.2515, A_K=0.041, Cuv=0.019, P_in=1.111e-03, P_tgt=1.100e-03, A_F=0.105, K_low=0.150, P_drag=-9.384e-04, P_cool=-6.478e-04, WENO=0.068 (x=0.068, y=0.068), ReL2D=129.29, eps_nu=5.989e-04, P_hv=1.114e-05, rho_mean=1.000000, p_mean=0.715581, div_rms=1.314e-01, vort_rms=8.770e-01, mass_err=-1.583e-10
step= 66000, t=58.091968, dt=8.889e-04, KE=3.124685e-02, Mt=0.2508, A_K=0.075, Cuv=-0.009, P_in=1.084e-03, P_tgt=1.081e-03, A_F=0.001, K_low=0.143, P_drag=-8.893e-04, P_cool=-6.226e-04, WENO=0.050 (x=0.050, y=0.050), ReL2D=126.54, eps_nu=5.994e-04, P_hv=1.105e-05, rho_mean=1.000000, p_mean=0.715531, div_rms=1.334e-01, vort_rms=8.770e-01, mass_err=-1.595e-10
step= 66500, t=58.534057, dt=8.782e-04, KE=3.105181e-02, Mt=0.2510, A_K=0.073, Cuv=-0.027, P_in=1.072e-03, P_tgt=1.059e-03, A_F=0.101, K_low=0.137, P_drag=-8.368e-04, P_cool=-6.254e-04, WENO=0.077 (x=0.077, y=0.077), ReL2D=125.65, eps_nu=5.988e-04, P_hv=1.146e-05, rho_mean=1.000000, p_mean=0.715537, div_rms=1.406e-01, vort_rms=8.750e-01, mass_err=-1.607e-10
step= 67000, t=58.974189, dt=8.829e-04, KE=3.077908e-02, Mt=0.2500, A_K=0.061, Cuv=-0.009, P_in=1.045e-03, P_tgt=1.050e-03, A_F=0.141, K_low=0.131, P_drag=-7.871e-04, P_cool=-6.448e-04, WENO=0.073 (x=0.073, y=0.073), ReL2D=125.05, eps_nu=5.935e-04, P_hv=1.121e-05, rho_mean=1.000000, p_mean=0.715575, div_rms=1.347e-01, vort_rms=8.722e-01, mass_err=-1.620e-10
step= 67500, t=59.417601, dt=8.978e-04, KE=3.067210e-02, Mt=0.2490, A_K=0.072, Cuv=0.015, P_in=1.057e-03, P_tgt=1.058e-03, A_F=0.247, K_low=0.122, P_drag=-7.429e-04, P_cool=-6.354e-04, WENO=0.069 (x=0.069, y=0.069), ReL2D=124.15, eps_nu=5.898e-04, P_hv=1.129e-05, rho_mean=1.000000, p_mean=0.715557, div_rms=1.331e-01, vort_rms=8.698e-01, mass_err=-1.632e-10
step= 68000, t=59.867888, dt=8.999e-04, KE=3.060339e-02, Mt=0.2485, A_K=0.074, Cuv=-0.020, P_in=1.074e-03, P_tgt=1.092e-03, A_F=0.038, K_low=0.117, P_drag=-7.106e-04, P_cool=-6.233e-04, WENO=0.067 (x=0.067, y=0.067), ReL2D=124.78, eps_nu=5.790e-04, P_hv=1.103e-05, rho_mean=1.000000, p_mean=0.715532, div_rms=1.324e-01, vort_rms=8.617e-01, mass_err=-1.644e-10
step= 68500, t=60.313821, dt=8.866e-04, KE=3.068731e-02, Mt=0.2495, A_K=0.060, Cuv=-0.103, P_in=1.101e-03, P_tgt=1.114e-03, A_F=0.048, K_low=0.115, P_drag=-6.945e-04, P_cool=-6.214e-04, WENO=0.046 (x=0.046, y=0.046), ReL2D=126.00, eps_nu=5.752e-04, P_hv=1.158e-05, rho_mean=1.000000, p_mean=0.715528, div_rms=1.342e-01, vort_rms=8.583e-01, mass_err=-1.656e-10
step= 69000, t=60.759229, dt=8.898e-04, KE=3.036134e-02, Mt=0.2485, A_K=0.051, Cuv=-0.182, P_in=1.120e-03, P_tgt=1.137e-03, A_F=0.070, K_low=0.116, P_drag=-6.824e-04, P_cool=-6.681e-04, WENO=0.057 (x=0.057, y=0.057), ReL2D=126.85, eps_nu=5.626e-04, P_hv=1.121e-05, rho_mean=1.000000, p_mean=0.715622, div_rms=1.305e-01, vort_rms=8.494e-01, mass_err=-1.668e-10
step= 69500, t=61.199685, dt=8.811e-04, KE=3.032273e-02, Mt=0.2482, A_K=0.060, Cuv=-0.171, P_in=1.143e-03, P_tgt=1.176e-03, A_F=0.304, K_low=0.113, P_drag=-6.661e-04, P_cool=-6.601e-04, WENO=0.061 (x=0.061, y=0.061), ReL2D=125.07, eps_nu=5.637e-04, P_hv=1.135e-05, rho_mean=1.000000, p_mean=0.715606, div_rms=1.308e-01, vort_rms=8.502e-01, mass_err=-1.680e-10
step= 70000, t=61.638957, dt=8.698e-04, KE=3.047641e-02, Mt=0.2487, A_K=0.036, Cuv=-0.185, P_in=1.219e-03, P_tgt=1.215e-03, A_F=0.199, K_low=0.111, P_drag=-6.607e-04, P_cool=-6.205e-04, WENO=0.071 (x=0.071, y=0.071), ReL2D=127.42, eps_nu=5.659e-04, P_hv=1.128e-05, rho_mean=1.000000, p_mean=0.715527, div_rms=1.387e-01, vort_rms=8.502e-01, mass_err=-1.692e-10
saved snapshot: results/hit2d/thesis_hit_campaign_v1/repeat_Mt025_N256_seed5678/hit2d_step0070000.npz
step= 70500, t=62.074800, dt=8.809e-04, KE=3.050436e-02, Mt=0.2488, A_K=0.046, Cuv=-0.220, P_in=1.239e-03, P_tgt=1.247e-03, A_F=0.117, K_low=0.113, P_drag=-6.673e-04, P_cool=-6.128e-04, WENO=0.065 (x=0.065, y=0.065), ReL2D=130.26, eps_nu=5.658e-04, P_hv=1.145e-05, rho_mean=1.000000, p_mean=0.715511, div_rms=1.314e-01, vort_rms=8.517e-01, mass_err=-1.704e-10
step= 71000, t=62.519035, dt=8.857e-04, KE=3.049311e-02, Mt=0.2492, A_K=0.036, Cuv=-0.263, P_in=1.293e-03, P_tgt=1.268e-03, A_F=0.122, K_low=0.117, P_drag=-6.843e-04, P_cool=-6.137e-04, WENO=0.070 (x=0.070, y=0.070), ReL2D=127.40, eps_nu=5.678e-04, P_hv=1.145e-05, rho_mean=1.000000, p_mean=0.715513, div_rms=1.383e-01, vort_rms=8.518e-01, mass_err=-1.717e-10
step= 71500, t=62.959768, dt=8.800e-04, KE=3.035527e-02, Mt=0.2481, A_K=0.030, Cuv=-0.271, P_in=1.310e-03, P_tgt=1.305e-03, A_F=0.231, K_low=0.121, P_drag=-7.108e-04, P_cool=-6.372e-04, WENO=0.080 (x=0.080, y=0.080), ReL2D=126.21, eps_nu=5.626e-04, P_hv=1.206e-05, rho_mean=1.000000, p_mean=0.715560, div_rms=1.320e-01, vort_rms=8.490e-01, mass_err=-1.729e-10
step= 72000, t=63.395964, dt=8.691e-04, KE=3.047481e-02, Mt=0.2482, A_K=0.044, Cuv=-0.304, P_in=1.347e-03, P_tgt=1.355e-03, A_F=0.077, K_low=0.122, P_drag=-7.275e-04, P_cool=-6.126e-04, WENO=0.085 (x=0.085, y=0.085), ReL2D=125.89, eps_nu=5.640e-04, P_hv=1.201e-05, rho_mean=1.000000, p_mean=0.715511, div_rms=1.401e-01, vort_rms=8.484e-01, mass_err=-1.741e-10
step= 72500, t=63.827233, dt=8.527e-04, KE=3.042614e-02, Mt=0.2485, A_K=0.052, Cuv=-0.348, P_in=1.403e-03, P_tgt=1.401e-03, A_F=0.121, K_low=0.125, P_drag=-7.444e-04, P_cool=-6.242e-04, WENO=0.084 (x=0.084, y=0.084), ReL2D=127.63, eps_nu=5.626e-04, P_hv=1.228e-05, rho_mean=1.000000, p_mean=0.715534, div_rms=1.358e-01, vort_rms=8.482e-01, mass_err=-1.753e-10
step= 73000, t=64.253264, dt=8.516e-04, KE=3.056696e-02, Mt=0.2493, A_K=0.080, Cuv=-0.354, P_in=1.439e-03, P_tgt=1.433e-03, A_F=0.003, K_low=0.129, P_drag=-7.638e-04, P_cool=-6.006e-04, WENO=0.086 (x=0.086, y=0.086), ReL2D=127.66, eps_nu=5.622e-04, P_hv=1.228e-05, rho_mean=1.000000, p_mean=0.715487, div_rms=1.450e-01, vort_rms=8.459e-01, mass_err=-1.765e-10
step= 73500, t=64.683940, dt=8.708e-04, KE=3.052530e-02, Mt=0.2492, A_K=0.066, Cuv=-0.343, P_in=1.447e-03, P_tgt=1.451e-03, A_F=0.039, K_low=0.131, P_drag=-7.765e-04, P_cool=-6.154e-04, WENO=0.085 (x=0.085, y=0.085), ReL2D=127.64, eps_nu=5.610e-04, P_hv=1.199e-05, rho_mean=1.000000, p_mean=0.715516, div_rms=1.422e-01, vort_rms=8.456e-01, mass_err=-1.777e-10
step= 74000, t=65.120688, dt=8.662e-04, KE=3.049303e-02, Mt=0.2489, A_K=0.043, Cuv=-0.312, P_in=1.439e-03, P_tgt=1.481e-03, A_F=0.107, K_low=0.131, P_drag=-7.815e-04, P_cool=-6.269e-04, WENO=0.078 (x=0.078, y=0.078), ReL2D=130.13, eps_nu=5.599e-04, P_hv=1.211e-05, rho_mean=1.000000, p_mean=0.715540, div_rms=1.433e-01, vort_rms=8.445e-01, mass_err=-1.789e-10
step= 74500, t=65.542053, dt=8.294e-04, KE=3.067005e-02, Mt=0.2498, A_K=0.034, Cuv=-0.293, P_in=1.511e-03, P_tgt=1.503e-03, A_F=0.179, K_low=0.130, P_drag=-7.772e-04, P_cool=-6.001e-04, WENO=0.082 (x=0.082, y=0.082), ReL2D=132.70, eps_nu=5.619e-04, P_hv=1.249e-05, rho_mean=1.000000, p_mean=0.715486, div_rms=1.510e-01, vort_rms=8.443e-01, mass_err=-1.801e-10
step= 75000, t=65.959741, dt=8.466e-04, KE=3.088674e-02, Mt=0.2505, A_K=0.011, Cuv=-0.315, P_in=1.513e-03, P_tgt=1.498e-03, A_F=0.026, K_low=0.129, P_drag=-7.748e-04, P_cool=-5.686e-04, WENO=0.078 (x=0.078, y=0.078), ReL2D=133.42, eps_nu=5.633e-04, P_hv=1.205e-05, rho_mean=1.000000, p_mean=0.715423, div_rms=1.466e-01, vort_rms=8.464e-01, mass_err=-1.813e-10
saved snapshot: results/hit2d/thesis_hit_campaign_v1/repeat_Mt025_N256_seed5678/hit2d_step0075000.npz
step= 75500, t=66.385414, dt=8.474e-04, KE=3.093553e-02, Mt=0.2507, A_K=0.004, Cuv=-0.358, P_in=1.484e-03, P_tgt=1.477e-03, A_F=0.100, K_low=0.127, P_drag=-7.699e-04, P_cool=-5.720e-04, WENO=0.073 (x=0.073, y=0.073), ReL2D=132.64, eps_nu=5.668e-04, P_hv=1.152e-05, rho_mean=1.000000, p_mean=0.715430, div_rms=1.422e-01, vort_rms=8.501e-01, mass_err=-1.825e-10
step= 76000, t=66.806312, dt=8.414e-04, KE=3.087162e-02, Mt=0.2505, A_K=0.006, Cuv=-0.336, P_in=1.469e-03, P_tgt=1.458e-03, A_F=0.192, K_low=0.126, P_drag=-7.645e-04, P_cool=-5.948e-04, WENO=0.073 (x=0.073, y=0.073), ReL2D=133.51, eps_nu=5.628e-04, P_hv=1.196e-05, rho_mean=1.000000, p_mean=0.715475, div_rms=1.464e-01, vort_rms=8.461e-01, mass_err=-1.838e-10
step= 76500, t=67.230550, dt=8.574e-04, KE=3.077281e-02, Mt=0.2504, A_K=0.000, Cuv=-0.255, P_in=1.446e-03, P_tgt=1.449e-03, A_F=0.303, K_low=0.127, P_drag=-7.630e-04, P_cool=-6.212e-04, WENO=0.097 (x=0.097, y=0.097), ReL2D=137.01, eps_nu=5.561e-04, P_hv=1.202e-05, rho_mean=1.000000, p_mean=0.715528, div_rms=1.380e-01, vort_rms=8.427e-01, mass_err=-1.850e-10
step= 77000, t=67.658399, dt=8.535e-04, KE=3.094909e-02, Mt=0.2512, A_K=0.007, Cuv=-0.197, P_in=1.424e-03, P_tgt=1.425e-03, A_F=0.094, K_low=0.127, P_drag=-7.635e-04, P_cool=-5.919e-04, WENO=0.076 (x=0.076, y=0.076), ReL2D=135.75, eps_nu=5.585e-04, P_hv=1.157e-05, rho_mean=1.000000, p_mean=0.715469, div_rms=1.412e-01, vort_rms=8.439e-01, mass_err=-1.862e-10
step= 77500, t=68.087686, dt=8.715e-04, KE=3.101259e-02, Mt=0.2506, A_K=0.032, Cuv=-0.182, P_in=1.397e-03, P_tgt=1.397e-03, A_F=0.063, K_low=0.123, P_drag=-7.550e-04, P_cool=-5.850e-04, WENO=0.073 (x=0.073, y=0.073), ReL2D=136.03, eps_nu=5.561e-04, P_hv=1.185e-05, rho_mean=1.000000, p_mean=0.715456, div_rms=1.445e-01, vort_rms=8.413e-01, mass_err=-1.874e-10
step= 78000, t=68.528228, dt=8.827e-04, KE=3.092477e-02, Mt=0.2500, A_K=0.043, Cuv=-0.179, P_in=1.389e-03, P_tgt=1.393e-03, A_F=0.146, K_low=0.121, P_drag=-7.514e-04, P_cool=-6.063e-04, WENO=0.080 (x=0.080, y=0.080), ReL2D=136.66, eps_nu=5.525e-04, P_hv=1.118e-05, rho_mean=1.000000, p_mean=0.715498, div_rms=1.459e-01, vort_rms=8.381e-01, mass_err=-1.886e-10
step= 78500, t=68.966679, dt=8.750e-04, KE=3.095828e-02, Mt=0.2507, A_K=0.039, Cuv=-0.149, P_in=1.397e-03, P_tgt=1.386e-03, A_F=0.186, K_low=0.126, P_drag=-7.732e-04, P_cool=-6.018e-04, WENO=0.077 (x=0.077, y=0.077), ReL2D=135.97, eps_nu=5.522e-04, P_hv=1.077e-05, rho_mean=1.000000, p_mean=0.715489, div_rms=1.435e-01, vort_rms=8.384e-01, mass_err=-1.898e-10
step= 79000, t=69.399246, dt=8.543e-04, KE=3.110197e-02, Mt=0.2512, A_K=0.022, Cuv=-0.103, P_in=1.311e-03, P_tgt=1.358e-03, A_F=0.062, K_low=0.130, P_drag=-7.933e-04, P_cool=-5.745e-04, WENO=0.060 (x=0.060, y=0.060), ReL2D=134.44, eps_nu=5.660e-04, P_hv=1.053e-05, rho_mean=1.000000, p_mean=0.715435, div_rms=1.509e-01, vort_rms=8.475e-01, mass_err=-1.910e-10
step= 79500, t=69.822744, dt=8.438e-04, KE=3.124447e-02, Mt=0.2513, A_K=0.046, Cuv=-0.104, P_in=1.328e-03, P_tgt=1.328e-03, A_F=0.124, K_low=0.130, P_drag=-7.994e-04, P_cool=-5.454e-04, WENO=0.060 (x=0.060, y=0.060), ReL2D=131.47, eps_nu=5.768e-04, P_hv=1.060e-05, rho_mean=1.000000, p_mean=0.715376, div_rms=1.578e-01, vort_rms=8.542e-01, mass_err=-1.922e-10
step= 80000, t=70.248544, dt=8.637e-04, KE=3.120359e-02, Mt=0.2512, A_K=0.087, Cuv=-0.087, P_in=1.306e-03, P_tgt=1.295e-03, A_F=0.279, K_low=0.129, P_drag=-8.002e-04, P_cool=-5.509e-04, WENO=0.064 (x=0.064, y=0.064), ReL2D=135.31, eps_nu=5.722e-04, P_hv=1.057e-05, rho_mean=1.000000, p_mean=0.715387, div_rms=1.500e-01, vort_rms=8.525e-01, mass_err=-1.934e-10
saved snapshot: results/hit2d/thesis_hit_campaign_v1/repeat_Mt025_N256_seed5678/hit2d_step0080000.npz
step= 80500, t=70.684741, dt=8.779e-04, KE=3.104695e-02, Mt=0.2512, A_K=0.088, Cuv=-0.054, P_in=1.245e-03, P_tgt=1.265e-03, A_F=0.101, K_low=0.132, P_drag=-8.112e-04, P_cool=-5.752e-04, WENO=0.060 (x=0.060, y=0.060), ReL2D=135.25, eps_nu=5.718e-04, P_hv=1.025e-05, rho_mean=1.000000, p_mean=0.715436, div_rms=1.550e-01, vort_rms=8.510e-01, mass_err=-1.946e-10
step= 81000, t=71.132240, dt=9.026e-04, KE=3.052416e-02, Mt=0.2496, A_K=0.103, Cuv=-0.014, P_in=1.242e-03, P_tgt=1.250e-03, A_F=0.104, K_low=0.134, P_drag=-8.102e-04, P_cool=-6.656e-04, WENO=0.068 (x=0.068, y=0.068), ReL2D=133.97, eps_nu=5.661e-04, P_hv=9.912e-06, rho_mean=1.000000, p_mean=0.715617, div_rms=1.542e-01, vort_rms=8.467e-01, mass_err=-1.959e-10
step= 81500, t=71.580042, dt=8.972e-04, KE=3.048240e-02, Mt=0.2492, A_K=0.108, Cuv=0.020, P_in=1.361e-03, P_tgt=1.270e-03, A_F=0.079, K_low=0.131, P_drag=-7.977e-04, P_cool=-6.554e-04, WENO=0.085 (x=0.085, y=0.085), ReL2D=130.42, eps_nu=5.705e-04, P_hv=9.630e-06, rho_mean=1.000000, p_mean=0.715597, div_rms=1.568e-01, vort_rms=8.496e-01, mass_err=-1.971e-10
step= 82000, t=72.019416, dt=8.721e-04, KE=3.075487e-02, Mt=0.2501, A_K=0.114, Cuv=0.017, P_in=1.283e-03, P_tgt=1.280e-03, A_F=0.252, K_low=0.128, P_drag=-7.880e-04, P_cool=-5.918e-04, WENO=0.082 (x=0.082, y=0.082), ReL2D=129.10, eps_nu=5.808e-04, P_hv=1.003e-05, rho_mean=1.000000, p_mean=0.715469, div_rms=1.595e-01, vort_rms=8.569e-01, mass_err=-1.983e-10
step= 82500, t=72.456349, dt=8.772e-04, KE=3.086553e-02, Mt=0.2498, A_K=0.061, Cuv=0.011, P_in=1.282e-03, P_tgt=1.281e-03, A_F=0.072, K_low=0.128, P_drag=-7.838e-04, P_cool=-5.625e-04, WENO=0.083 (x=0.083, y=0.083), ReL2D=130.49, eps_nu=5.812e-04, P_hv=9.411e-06, rho_mean=1.000000, p_mean=0.715411, div_rms=1.500e-01, vort_rms=8.595e-01, mass_err=-1.995e-10
step= 83000, t=72.899378, dt=8.964e-04, KE=3.090857e-02, Mt=0.2500, A_K=0.026, Cuv=0.036, P_in=1.269e-03, P_tgt=1.284e-03, A_F=0.196, K_low=0.129, P_drag=-7.821e-04, P_cool=-5.498e-04, WENO=0.082 (x=0.082, y=0.082), ReL2D=128.47, eps_nu=5.906e-04, P_hv=9.467e-06, rho_mean=1.000000, p_mean=0.715385, div_rms=1.580e-01, vort_rms=8.648e-01, mass_err=-2.007e-10
step= 83500, t=73.346582, dt=8.904e-04, KE=3.043340e-02, Mt=0.2488, A_K=0.043, Cuv=0.081, P_in=1.316e-03, P_tgt=1.299e-03, A_F=0.017, K_low=0.131, P_drag=-7.810e-04, P_cool=-6.372e-04, WENO=0.087 (x=0.087, y=0.087), ReL2D=126.52, eps_nu=5.889e-04, P_hv=1.004e-05, rho_mean=1.000000, p_mean=0.715560, div_rms=1.528e-01, vort_rms=8.648e-01, mass_err=-2.019e-10
step= 84000, t=73.791504, dt=8.954e-04, KE=3.051063e-02, Mt=0.2487, A_K=0.073, Cuv=0.141, P_in=1.310e-03, P_tgt=1.335e-03, A_F=0.096, K_low=0.128, P_drag=-7.787e-04, P_cool=-6.131e-04, WENO=0.083 (x=0.083, y=0.083), ReL2D=124.46, eps_nu=5.893e-04, P_hv=9.945e-06, rho_mean=1.000000, p_mean=0.715512, div_rms=1.544e-01, vort_rms=8.647e-01, mass_err=-2.031e-10
step= 84500, t=74.235883, dt=8.809e-04, KE=3.075790e-02, Mt=0.2490, A_K=0.063, Cuv=0.169, P_in=1.363e-03, P_tgt=1.364e-03, A_F=0.031, K_low=0.128, P_drag=-7.889e-04, P_cool=-5.627e-04, WENO=0.087 (x=0.087, y=0.087), ReL2D=123.76, eps_nu=5.917e-04, P_hv=9.741e-06, rho_mean=1.000000, p_mean=0.715411, div_rms=1.483e-01, vort_rms=8.679e-01, mass_err=-2.043e-10
step= 85000, t=74.677552, dt=8.798e-04, KE=3.076534e-02, Mt=0.2490, A_K=0.034, Cuv=0.155, P_in=1.386e-03, P_tgt=1.390e-03, A_F=0.017, K_low=0.135, P_drag=-8.191e-04, P_cool=-5.628e-04, WENO=0.081 (x=0.081, y=0.081), ReL2D=122.57, eps_nu=5.899e-04, P_hv=1.016e-05, rho_mean=1.000000, p_mean=0.715411, div_rms=1.450e-01, vort_rms=8.673e-01, mass_err=-2.055e-10
saved snapshot: results/hit2d/thesis_hit_campaign_v1/repeat_Mt025_N256_seed5678/hit2d_step0085000.npz
step= 85500, t=75.103538, dt=8.368e-04, KE=3.060397e-02, Mt=0.2490, A_K=0.031, Cuv=0.139, P_in=1.426e-03, P_tgt=1.420e-03, A_F=0.022, K_low=0.142, P_drag=-8.538e-04, P_cool=-5.942e-04, WENO=0.066 (x=0.066, y=0.066), ReL2D=121.58, eps_nu=5.843e-04, P_hv=1.081e-05, rho_mean=1.000000, p_mean=0.715474, div_rms=1.424e-01, vort_rms=8.636e-01, mass_err=-2.067e-10
step= 86000, t=75.527648, dt=8.576e-04, KE=3.062318e-02, Mt=0.2499, A_K=0.048, Cuv=0.136, P_in=1.439e-03, P_tgt=1.434e-03, A_F=0.151, K_low=0.149, P_drag=-8.921e-04, P_cool=-5.875e-04, WENO=0.077 (x=0.077, y=0.077), ReL2D=121.90, eps_nu=5.838e-04, P_hv=1.061e-05, rho_mean=1.000000, p_mean=0.715461, div_rms=1.506e-01, vort_rms=8.613e-01, mass_err=-2.079e-10
step= 86500, t=75.953836, dt=8.474e-04, KE=3.057066e-02, Mt=0.2496, A_K=0.006, Cuv=0.114, P_in=1.436e-03, P_tgt=1.441e-03, A_F=0.028, K_low=0.152, P_drag=-9.060e-04, P_cool=-5.929e-04, WENO=0.056 (x=0.056, y=0.056), ReL2D=123.11, eps_nu=5.834e-04, P_hv=1.033e-05, rho_mean=1.000000, p_mean=0.715472, div_rms=1.512e-01, vort_rms=8.609e-01, mass_err=-2.092e-10
step= 87000, t=76.382518, dt=8.693e-04, KE=3.049452e-02, Mt=0.2485, A_K=0.085, Cuv=0.116, P_in=1.453e-03, P_tgt=1.468e-03, A_F=0.163, K_low=0.149, P_drag=-8.924e-04, P_cool=-6.076e-04, WENO=0.053 (x=0.053, y=0.053), ReL2D=120.38, eps_nu=5.857e-04, P_hv=1.031e-05, rho_mean=1.000000, p_mean=0.715501, div_rms=1.448e-01, vort_rms=8.641e-01, mass_err=-2.104e-10
step= 87500, t=76.821138, dt=8.851e-04, KE=3.047593e-02, Mt=0.2485, A_K=0.128, Cuv=0.111, P_in=1.538e-03, P_tgt=1.518e-03, A_F=0.001, K_low=0.150, P_drag=-8.961e-04, P_cool=-6.110e-04, WENO=0.071 (x=0.071, y=0.071), ReL2D=120.57, eps_nu=5.873e-04, P_hv=1.004e-05, rho_mean=1.000000, p_mean=0.715508, div_rms=1.481e-01, vort_rms=8.646e-01, mass_err=-2.116e-10
step= 88000, t=77.261100, dt=8.844e-04, KE=3.050030e-02, Mt=0.2492, A_K=0.124, Cuv=0.081, P_in=1.524e-03, P_tgt=1.554e-03, A_F=0.085, K_low=0.155, P_drag=-9.260e-04, P_cool=-6.077e-04, WENO=0.071 (x=0.071, y=0.071), ReL2D=120.38, eps_nu=5.933e-04, P_hv=1.021e-05, rho_mean=1.000000, p_mean=0.715501, div_rms=1.462e-01, vort_rms=8.696e-01, mass_err=-2.128e-10
step= 88500, t=77.704064, dt=8.818e-04, KE=3.057199e-02, Mt=0.2488, A_K=0.147, Cuv=0.058, P_in=1.534e-03, P_tgt=1.581e-03, A_F=0.085, K_low=0.155, P_drag=-9.403e-04, P_cool=-5.964e-04, WENO=0.082 (x=0.082, y=0.082), ReL2D=120.00, eps_nu=6.057e-04, P_hv=1.009e-05, rho_mean=1.000000, p_mean=0.715479, div_rms=1.533e-01, vort_rms=8.773e-01, mass_err=-2.140e-10
step= 89000, t=78.140920, dt=8.723e-04, KE=3.072437e-02, Mt=0.2485, A_K=0.162, Cuv=0.053, P_in=1.625e-03, P_tgt=1.631e-03, A_F=0.071, K_low=0.152, P_drag=-9.389e-04, P_cool=-5.727e-04, WENO=0.067 (x=0.067, y=0.067), ReL2D=119.08, eps_nu=6.150e-04, P_hv=1.031e-05, rho_mean=1.000000, p_mean=0.715431, div_rms=1.534e-01, vort_rms=8.844e-01, mass_err=-2.152e-10
step= 89500, t=78.581932, dt=8.947e-04, KE=3.078969e-02, Mt=0.2489, A_K=0.173, Cuv=0.053, P_in=1.687e-03, P_tgt=1.673e-03, A_F=0.020, K_low=0.153, P_drag=-9.455e-04, P_cool=-5.727e-04, WENO=0.075 (x=0.075, y=0.075), ReL2D=118.42, eps_nu=6.188e-04, P_hv=1.011e-05, rho_mean=1.000000, p_mean=0.715431, div_rms=1.492e-01, vort_rms=8.881e-01, mass_err=-2.164e-10
step= 90000, t=79.029158, dt=8.966e-04, KE=3.063459e-02, Mt=0.2487, A_K=0.200, Cuv=0.047, P_in=1.720e-03, P_tgt=1.715e-03, A_F=0.108, K_low=0.160, P_drag=-9.742e-04, P_cool=-6.159e-04, WENO=0.083 (x=0.083, y=0.083), ReL2D=121.26, eps_nu=6.147e-04, P_hv=1.000e-05, rho_mean=1.000000, p_mean=0.715518, div_rms=1.395e-01, vort_rms=8.872e-01, mass_err=-2.176e-10
saved snapshot: results/hit2d/thesis_hit_campaign_v1/repeat_Mt025_N256_seed5678/hit2d_step0090000.npz
warning: flow component anisotropy has increased over the last three diagnostic samples
step= 90500, t=79.480306, dt=9.004e-04, KE=3.096882e-02, Mt=0.2504, A_K=0.227, Cuv=0.045, P_in=1.691e-03, P_tgt=1.728e-03, A_F=0.007, K_low=0.164, P_drag=-1.005e-03, P_cool=-5.673e-04, WENO=0.078 (x=0.078, y=0.078), ReL2D=119.69, eps_nu=6.429e-04, P_hv=9.903e-06, rho_mean=1.000000, p_mean=0.715420, div_rms=1.531e-01, vort_rms=9.050e-01, mass_err=-2.188e-10
step= 91000, t=79.928056, dt=8.893e-04, KE=3.083329e-02, Mt=0.2496, A_K=0.222, Cuv=0.060, P_in=1.720e-03, P_tgt=1.724e-03, A_F=0.153, K_low=0.165, P_drag=-1.015e-03, P_cool=-6.061e-04, WENO=0.092 (x=0.092, y=0.092), ReL2D=118.07, eps_nu=6.520e-04, P_hv=1.031e-05, rho_mean=1.000000, p_mean=0.715498, div_rms=1.476e-01, vort_rms=9.129e-01, mass_err=-2.200e-10
step= 91500, t=80.371154, dt=8.885e-04, KE=3.073926e-02, Mt=0.2490, A_K=0.203, Cuv=0.077, P_in=1.758e-03, P_tgt=1.753e-03, A_F=0.011, K_low=0.168, P_drag=-1.026e-03, P_cool=-6.335e-04, WENO=0.079 (x=0.079, y=0.079), ReL2D=118.22, eps_nu=6.565e-04, P_hv=1.057e-05, rho_mean=1.000000, p_mean=0.715553, div_rms=1.483e-01, vort_rms=9.159e-01, mass_err=-2.212e-10
step= 92000, t=80.814626, dt=8.768e-04, KE=3.081889e-02, Mt=0.2495, A_K=0.176, Cuv=0.075, P_in=1.816e-03, P_tgt=1.788e-03, A_F=0.086, K_low=0.172, P_drag=-1.053e-03, P_cool=-6.262e-04, WENO=0.071 (x=0.071, y=0.071), ReL2D=119.27, eps_nu=6.556e-04, P_hv=1.126e-05, rho_mean=1.000000, p_mean=0.715538, div_rms=1.453e-01, vort_rms=9.160e-01, mass_err=-2.225e-10
step= 92500, t=81.253636, dt=8.843e-04, KE=3.096571e-02, Mt=0.2502, A_K=0.157, Cuv=0.033, P_in=1.790e-03, P_tgt=1.789e-03, A_F=0.021, K_low=0.178, P_drag=-1.094e-03, P_cool=-6.063e-04, WENO=0.065 (x=0.065, y=0.065), ReL2D=117.65, eps_nu=6.635e-04, P_hv=1.169e-05, rho_mean=1.000000, p_mean=0.715498, div_rms=1.506e-01, vort_rms=9.205e-01, mass_err=-2.237e-10
step= 93000, t=81.696792, dt=8.910e-04, KE=3.092314e-02, Mt=0.2500, A_K=0.134, Cuv=-0.009, P_in=1.792e-03, P_tgt=1.786e-03, A_F=0.045, K_low=0.182, P_drag=-1.119e-03, P_cool=-6.208e-04, WENO=0.074 (x=0.074, y=0.074), ReL2D=117.67, eps_nu=6.594e-04, P_hv=1.172e-05, rho_mean=1.000000, p_mean=0.715527, div_rms=1.461e-01, vort_rms=9.185e-01, mass_err=-2.249e-10
step= 93500, t=82.138424, dt=8.864e-04, KE=3.087028e-02, Mt=0.2503, A_K=0.097, Cuv=-0.000, P_in=1.780e-03, P_tgt=1.780e-03, A_F=0.077, K_low=0.182, P_drag=-1.119e-03, P_cool=-6.354e-04, WENO=0.081 (x=0.081, y=0.081), ReL2D=119.78, eps_nu=6.670e-04, P_hv=1.198e-05, rho_mean=1.000000, p_mean=0.715557, div_rms=1.529e-01, vort_rms=9.225e-01, mass_err=-2.261e-10
step= 94000, t=82.583990, dt=8.986e-04, KE=3.059152e-02, Mt=0.2494, A_K=0.074, Cuv=0.037, P_in=1.791e-03, P_tgt=1.787e-03, A_F=0.066, K_low=0.183, P_drag=-1.104e-03, P_cool=-6.916e-04, WENO=0.054 (x=0.054, y=0.054), ReL2D=119.43, eps_nu=6.639e-04, P_hv=1.293e-05, rho_mean=1.000000, p_mean=0.715669, div_rms=1.440e-01, vort_rms=9.222e-01, mass_err=-2.273e-10
step= 94500, t=83.028445, dt=8.724e-04, KE=3.057665e-02, Mt=0.2496, A_K=0.090, Cuv=0.026, P_in=1.805e-03, P_tgt=1.801e-03, A_F=0.023, K_low=0.180, P_drag=-1.087e-03, P_cool=-6.958e-04, WENO=0.062 (x=0.062, y=0.062), ReL2D=121.03, eps_nu=6.638e-04, P_hv=1.361e-05, rho_mean=1.000000, p_mean=0.715677, div_rms=1.556e-01, vort_rms=9.196e-01, mass_err=-2.285e-10
step= 95000, t=83.459505, dt=8.603e-04, KE=3.046534e-02, Mt=0.2488, A_K=0.043, Cuv=-0.016, P_in=1.836e-03, P_tgt=1.835e-03, A_F=0.056, K_low=0.173, P_drag=-1.051e-03, P_cool=-7.211e-04, WENO=0.068 (x=0.068, y=0.068), ReL2D=122.24, eps_nu=6.580e-04, P_hv=1.391e-05, rho_mean=1.000000, p_mean=0.715728, div_rms=1.468e-01, vort_rms=9.174e-01, mass_err=-2.297e-10
saved snapshot: results/hit2d/thesis_hit_campaign_v1/repeat_Mt025_N256_seed5678/hit2d_step0095000.npz
step= 95500, t=83.888649, dt=8.502e-04, KE=3.069355e-02, Mt=0.2507, A_K=0.001, Cuv=-0.035, P_in=1.839e-03, P_tgt=1.841e-03, A_F=0.097, K_low=0.167, P_drag=-1.013e-03, P_cool=-6.854e-04, WENO=0.085 (x=0.085, y=0.085), ReL2D=124.19, eps_nu=6.653e-04, P_hv=1.399e-05, rho_mean=1.000000, p_mean=0.715656, div_rms=1.535e-01, vort_rms=9.211e-01, mass_err=-2.309e-10
step= 96000, t=84.314540, dt=8.591e-04, KE=3.058503e-02, Mt=0.2502, A_K=0.039, Cuv=-0.030, P_in=1.838e-03, P_tgt=1.821e-03, A_F=0.013, K_low=0.163, P_drag=-9.758e-04, P_cool=-7.188e-04, WENO=0.074 (x=0.074, y=0.074), ReL2D=124.70, eps_nu=6.653e-04, P_hv=1.460e-05, rho_mean=1.000000, p_mean=0.715723, div_rms=1.474e-01, vort_rms=9.225e-01, mass_err=-2.322e-10
step= 96500, t=84.746381, dt=8.583e-04, KE=3.079467e-02, Mt=0.2505, A_K=0.092, Cuv=-0.078, P_in=1.806e-03, P_tgt=1.811e-03, A_F=0.259, K_low=0.154, P_drag=-9.308e-04, P_cool=-6.905e-04, WENO=0.079 (x=0.079, y=0.079), ReL2D=124.20, eps_nu=6.780e-04, P_hv=1.490e-05, rho_mean=1.000000, p_mean=0.715667, div_rms=1.573e-01, vort_rms=9.294e-01, mass_err=-2.334e-10
step= 97000, t=85.173154, dt=8.485e-04, KE=3.067741e-02, Mt=0.2501, A_K=0.082, Cuv=-0.104, P_in=1.813e-03, P_tgt=1.798e-03, A_F=0.189, K_low=0.149, P_drag=-9.003e-04, P_cool=-7.299e-04, WENO=0.071 (x=0.071, y=0.071), ReL2D=123.21, eps_nu=6.748e-04, P_hv=1.520e-05, rho_mean=1.000000, p_mean=0.715745, div_rms=1.532e-01, vort_rms=9.280e-01, mass_err=-2.346e-10
step= 97500, t=85.597243, dt=8.503e-04, KE=3.067431e-02, Mt=0.2504, A_K=0.030, Cuv=-0.081, P_in=1.822e-03, P_tgt=1.800e-03, A_F=0.051, K_low=0.150, P_drag=-8.962e-04, P_cool=-7.444e-04, WENO=0.074 (x=0.074, y=0.074), ReL2D=120.43, eps_nu=6.684e-04, P_hv=1.500e-05, rho_mean=1.000000, p_mean=0.715775, div_rms=1.490e-01, vort_rms=9.244e-01, mass_err=-2.358e-10
step= 98000, t=86.023995, dt=8.622e-04, KE=3.105154e-02, Mt=0.2522, A_K=0.025, Cuv=-0.063, P_in=1.745e-03, P_tgt=1.750e-03, A_F=0.055, K_low=0.147, P_drag=-8.901e-04, P_cool=-6.837e-04, WENO=0.059 (x=0.059, y=0.059), ReL2D=121.08, eps_nu=6.703e-04, P_hv=1.469e-05, rho_mean=1.000000, p_mean=0.715653, div_rms=1.518e-01, vort_rms=9.251e-01, mass_err=-2.370e-10
step= 98500, t=86.456896, dt=8.573e-04, KE=3.108369e-02, Mt=0.2518, A_K=0.028, Cuv=-0.092, P_in=1.675e-03, P_tgt=1.677e-03, A_F=0.053, K_low=0.140, P_drag=-8.664e-04, P_cool=-6.909e-04, WENO=0.085 (x=0.085, y=0.085), ReL2D=120.49, eps_nu=6.622e-04, P_hv=1.390e-05, rho_mean=1.000000, p_mean=0.715667, div_rms=1.492e-01, vort_rms=9.198e-01, mass_err=-2.382e-10
step= 99000, t=86.882859, dt=8.471e-04, KE=3.092281e-02, Mt=0.2516, A_K=0.022, Cuv=-0.143, P_in=1.626e-03, P_tgt=1.625e-03, A_F=0.092, K_low=0.136, P_drag=-8.446e-04, P_cool=-7.302e-04, WENO=0.083 (x=0.083, y=0.083), ReL2D=117.81, eps_nu=6.605e-04, P_hv=1.376e-05, rho_mean=1.000000, p_mean=0.715746, div_rms=1.540e-01, vort_rms=9.176e-01, mass_err=-2.394e-10
step= 99500, t=87.306924, dt=8.515e-04, KE=3.097296e-02, Mt=0.2520, A_K=0.065, Cuv=-0.148, P_in=1.568e-03, P_tgt=1.571e-03, A_F=0.150, K_low=0.134, P_drag=-8.333e-04, P_cool=-7.225e-04, WENO=0.074 (x=0.074, y=0.074), ReL2D=119.17, eps_nu=6.588e-04, P_hv=1.371e-05, rho_mean=1.000000, p_mean=0.715731, div_rms=1.569e-01, vort_rms=9.157e-01, mass_err=-2.406e-10
step=100000, t=87.731165, dt=8.436e-04, KE=3.114460e-02, Mt=0.2523, A_K=0.044, Cuv=-0.143, P_in=1.517e-03, P_tgt=1.504e-03, A_F=0.099, K_low=0.134, P_drag=-8.332e-04, P_cool=-6.882e-04, WENO=0.075 (x=0.075, y=0.075), ReL2D=119.74, eps_nu=6.603e-04, P_hv=1.345e-05, rho_mean=1.000000, p_mean=0.715662, div_rms=1.465e-01, vort_rms=9.191e-01, mass_err=-2.418e-10
saved snapshot: results/hit2d/thesis_hit_campaign_v1/repeat_Mt025_N256_seed5678/hit2d_step0100000.npz
step=100500, t=88.149810, dt=8.399e-04, KE=3.124747e-02, Mt=0.2523, A_K=0.005, Cuv=-0.138, P_in=1.430e-03, P_tgt=1.437e-03, A_F=0.009, K_low=0.135, P_drag=-8.347e-04, P_cool=-6.663e-04, WENO=0.069 (x=0.069, y=0.069), ReL2D=121.26, eps_nu=6.637e-04, P_hv=1.383e-05, rho_mean=1.000000, p_mean=0.715618, div_rms=1.457e-01, vort_rms=9.217e-01, mass_err=-2.430e-10
step=101000, t=88.568986, dt=8.325e-04, KE=3.106777e-02, Mt=0.2520, A_K=0.033, Cuv=-0.145, P_in=1.385e-03, P_tgt=1.376e-03, A_F=0.071, K_low=0.136, P_drag=-8.426e-04, P_cool=-6.930e-04, WENO=0.075 (x=0.075, y=0.075), ReL2D=122.39, eps_nu=6.593e-04, P_hv=1.368e-05, rho_mean=1.000000, p_mean=0.715672, div_rms=1.453e-01, vort_rms=9.186e-01, mass_err=-2.443e-10
step=101500, t=88.988415, dt=8.465e-04, KE=3.093968e-02, Mt=0.2519, A_K=0.103, Cuv=-0.153, P_in=1.318e-03, P_tgt=1.326e-03, A_F=0.057, K_low=0.138, P_drag=-8.546e-04, P_cool=-7.016e-04, WENO=0.071 (x=0.071, y=0.071), ReL2D=121.17, eps_nu=6.558e-04, P_hv=1.312e-05, rho_mean=1.000000, p_mean=0.715689, div_rms=1.472e-01, vort_rms=9.157e-01, mass_err=-2.455e-10
step=102000, t=89.416319, dt=8.685e-04, KE=3.084698e-02, Mt=0.2512, A_K=0.127, Cuv=-0.115, P_in=1.275e-03, P_tgt=1.281e-03, A_F=0.011, K_low=0.139, P_drag=-8.584e-04, P_cool=-6.990e-04, WENO=0.068 (x=0.068, y=0.068), ReL2D=120.54, eps_nu=6.505e-04, P_hv=1.277e-05, rho_mean=1.000000, p_mean=0.715684, div_rms=1.405e-01, vort_rms=9.132e-01, mass_err=-2.467e-10
step=102500, t=89.852269, dt=8.754e-04, KE=3.078817e-02, Mt=0.2505, A_K=0.123, Cuv=-0.064, P_in=1.236e-03, P_tgt=1.262e-03, A_F=0.032, K_low=0.138, P_drag=-8.507e-04, P_cool=-6.866e-04, WENO=0.071 (x=0.071, y=0.071), ReL2D=124.09, eps_nu=6.406e-04, P_hv=1.263e-05, rho_mean=1.000000, p_mean=0.715659, div_rms=1.351e-01, vort_rms=9.072e-01, mass_err=-2.479e-10
step=103000, t=90.285299, dt=8.688e-04, KE=3.093569e-02, Mt=0.2508, A_K=0.114, Cuv=-0.023, P_in=1.251e-03, P_tgt=1.244e-03, A_F=0.071, K_low=0.135, P_drag=-8.370e-04, P_cool=-6.359e-04, WENO=0.069 (x=0.069, y=0.069), ReL2D=128.77, eps_nu=6.375e-04, P_hv=1.284e-05, rho_mean=1.000000, p_mean=0.715558, div_rms=1.402e-01, vort_rms=9.039e-01, mass_err=-2.491e-10
step=103500, t=90.725130, dt=8.889e-04, KE=3.085553e-02, Mt=0.2505, A_K=0.149, Cuv=-0.015, P_in=1.224e-03, P_tgt=1.228e-03, A_F=0.351, K_low=0.134, P_drag=-8.221e-04, P_cool=-6.317e-04, WENO=0.066 (x=0.066, y=0.066), ReL2D=130.41, eps_nu=6.370e-04, P_hv=1.206e-05, rho_mean=1.000000, p_mean=0.715549, div_rms=1.386e-01, vort_rms=9.038e-01, mass_err=-2.503e-10
step=104000, t=91.167407, dt=8.839e-04, KE=3.071718e-02, Mt=0.2496, A_K=0.188, Cuv=0.006, P_in=1.205e-03, P_tgt=1.227e-03, A_F=0.042, K_low=0.133, P_drag=-8.079e-04, P_cool=-6.396e-04, WENO=0.045 (x=0.045, y=0.045), ReL2D=132.48, eps_nu=6.353e-04, P_hv=1.194e-05, rho_mean=1.000000, p_mean=0.715565, div_rms=1.310e-01, vort_rms=9.041e-01, mass_err=-2.515e-10
warning: flow component anisotropy has increased over the last three diagnostic samples
step=104500, t=91.609129, dt=8.813e-04, KE=3.086540e-02, Mt=0.2505, A_K=0.201, Cuv=0.069, P_in=1.195e-03, P_tgt=1.228e-03, A_F=0.077, K_low=0.129, P_drag=-7.913e-04, P_cool=-5.936e-04, WENO=0.058 (x=0.058, y=0.058), ReL2D=136.10, eps_nu=6.377e-04, P_hv=1.204e-05, rho_mean=1.000000, p_mean=0.715473, div_rms=1.400e-01, vort_rms=9.041e-01, mass_err=-2.527e-10
warning: flow component anisotropy has increased over the last three diagnostic samples
step=105000, t=92.049004, dt=8.851e-04, KE=3.063091e-02, Mt=0.2492, A_K=0.216, Cuv=0.106, P_in=1.229e-03, P_tgt=1.225e-03, A_F=0.219, K_low=0.127, P_drag=-7.749e-04, P_cool=-6.268e-04, WENO=0.075 (x=0.075, y=0.075), ReL2D=136.20, eps_nu=6.334e-04, P_hv=1.216e-05, rho_mean=1.000000, p_mean=0.715539, div_rms=1.362e-01, vort_rms=9.017e-01, mass_err=-2.539e-10
saved snapshot: results/hit2d/thesis_hit_campaign_v1/repeat_Mt025_N256_seed5678/hit2d_step0105000.npz
warning: flow component anisotropy has increased over the last three diagnostic samples
step=105500, t=92.494747, dt=8.907e-04, KE=3.053718e-02, Mt=0.2486, A_K=0.227, Cuv=0.104, P_in=1.270e-03, P_tgt=1.260e-03, A_F=0.011, K_low=0.125, P_drag=-7.623e-04, P_cool=-6.310e-04, WENO=0.056 (x=0.056, y=0.056), ReL2D=134.53, eps_nu=6.331e-04, P_hv=1.203e-05, rho_mean=1.000000, p_mean=0.715548, div_rms=1.378e-01, vort_rms=9.011e-01, mass_err=-2.552e-10
step=106000, t=92.939710, dt=8.865e-04, KE=3.061920e-02, Mt=0.2491, A_K=0.217, Cuv=0.127, P_in=1.292e-03, P_tgt=1.285e-03, A_F=0.193, K_low=0.121, P_drag=-7.391e-04, P_cool=-6.065e-04, WENO=0.060 (x=0.060, y=0.060), ReL2D=133.24, eps_nu=6.317e-04, P_hv=1.227e-05, rho_mean=1.000000, p_mean=0.715499, div_rms=1.400e-01, vort_rms=8.997e-01, mass_err=-2.564e-10
step=106500, t=93.379276, dt=8.841e-04, KE=3.042754e-02, Mt=0.2483, A_K=0.180, Cuv=0.133, P_in=1.313e-03, P_tgt=1.319e-03, A_F=0.152, K_low=0.115, P_drag=-7.048e-04, P_cool=-6.413e-04, WENO=0.059 (x=0.059, y=0.059), ReL2D=127.66, eps_nu=6.260e-04, P_hv=1.271e-05, rho_mean=1.000000, p_mean=0.715568, div_rms=1.385e-01, vort_rms=8.958e-01, mass_err=-2.576e-10
step=107000, t=93.826111, dt=8.966e-04, KE=3.018098e-02, Mt=0.2475, A_K=0.169, Cuv=0.144, P_in=1.370e-03, P_tgt=1.377e-03, A_F=0.119, K_low=0.111, P_drag=-6.734e-04, P_cool=-6.897e-04, WENO=0.068 (x=0.068, y=0.068), ReL2D=123.94, eps_nu=6.247e-04, P_hv=1.314e-05, rho_mean=1.000000, p_mean=0.715665, div_rms=1.293e-01, vort_rms=8.966e-01, mass_err=-2.588e-10
step=107500, t=94.268768, dt=8.736e-04, KE=3.037732e-02, Mt=0.2478, A_K=0.170, Cuv=0.136, P_in=1.438e-03, P_tgt=1.445e-03, A_F=0.109, K_low=0.108, P_drag=-6.515e-04, P_cool=-6.571e-04, WENO=0.066 (x=0.066, y=0.066), ReL2D=122.22, eps_nu=6.236e-04, P_hv=1.362e-05, rho_mean=1.000000, p_mean=0.715600, div_rms=1.374e-01, vort_rms=8.942e-01, mass_err=-2.600e-10
step=108000, t=94.704779, dt=8.705e-04, KE=3.071253e-02, Mt=0.2492, A_K=0.164, Cuv=0.089, P_in=1.482e-03, P_tgt=1.492e-03, A_F=0.169, K_low=0.106, P_drag=-6.386e-04, P_cool=-6.069e-04, WENO=0.070 (x=0.070, y=0.070), ReL2D=120.85, eps_nu=6.233e-04, P_hv=1.394e-05, rho_mean=1.000000, p_mean=0.715499, div_rms=1.389e-01, vort_rms=8.937e-01, mass_err=-2.612e-10
step=108500, t=95.139412, dt=8.693e-04, KE=3.085124e-02, Mt=0.2497, A_K=0.171, Cuv=0.073, P_in=1.512e-03, P_tgt=1.507e-03, A_F=0.225, K_low=0.104, P_drag=-6.278e-04, P_cool=-6.023e-04, WENO=0.063 (x=0.063, y=0.063), ReL2D=119.36, eps_nu=6.212e-04, P_hv=1.355e-05, rho_mean=1.000000, p_mean=0.715490, div_rms=1.291e-01, vort_rms=8.941e-01, mass_err=-2.624e-10
step=109000, t=95.575543, dt=8.752e-04, KE=3.102574e-02, Mt=0.2500, A_K=0.170, Cuv=0.100, P_in=1.514e-03, P_tgt=1.512e-03, A_F=0.313, K_low=0.099, P_drag=-6.098e-04, P_cool=-5.941e-04, WENO=0.059 (x=0.059, y=0.059), ReL2D=118.18, eps_nu=6.287e-04, P_hv=1.356e-05, rho_mean=1.000000, p_mean=0.715474, div_rms=1.362e-01, vort_rms=8.982e-01, mass_err=-2.636e-10
step=109500, t=96.010031, dt=8.584e-04, KE=3.113227e-02, Mt=0.2507, A_K=0.160, Cuv=0.125, P_in=1.531e-03, P_tgt=1.502e-03, A_F=0.218, K_low=0.095, P_drag=-5.965e-04, P_cool=-6.003e-04, WENO=0.066 (x=0.066, y=0.066), ReL2D=119.96, eps_nu=6.289e-04, P_hv=1.356e-05, rho_mean=1.000000, p_mean=0.715486, div_rms=1.381e-01, vort_rms=8.980e-01, mass_err=-2.648e-10
step=110000, t=96.438828, dt=8.549e-04, KE=3.101339e-02, Mt=0.2502, A_K=0.158, Cuv=0.095, P_in=1.475e-03, P_tgt=1.483e-03, A_F=0.145, K_low=0.095, P_drag=-5.920e-04, P_cool=-6.484e-04, WENO=0.058 (x=0.058, y=0.058), ReL2D=121.39, eps_nu=6.205e-04, P_hv=1.348e-05, rho_mean=1.000000, p_mean=0.715583, div_rms=1.331e-01, vort_rms=8.928e-01, mass_err=-2.660e-10
saved snapshot: results/hit2d/thesis_hit_campaign_v1/repeat_Mt025_N256_seed5678/hit2d_step0110000.npz
step=110500, t=96.864673, dt=8.512e-04, KE=3.101530e-02, Mt=0.2507, A_K=0.145, Cuv=0.029, P_in=1.471e-03, P_tgt=1.476e-03, A_F=0.016, K_low=0.096, P_drag=-5.904e-04, P_cool=-6.673e-04, WENO=0.050 (x=0.050, y=0.050), ReL2D=122.95, eps_nu=6.193e-04, P_hv=1.315e-05, rho_mean=1.000000, p_mean=0.715620, div_rms=1.356e-01, vort_rms=8.914e-01, mass_err=-2.672e-10
step=111000, t=97.291321, dt=8.630e-04, KE=3.114683e-02, Mt=0.2514, A_K=0.124, Cuv=-0.010, P_in=1.439e-03, P_tgt=1.441e-03, A_F=0.204, K_low=0.093, P_drag=-5.743e-04, P_cool=-6.596e-04, WENO=0.079 (x=0.079, y=0.079), ReL2D=124.84, eps_nu=6.260e-04, P_hv=1.272e-05, rho_mean=1.000000, p_mean=0.715605, div_rms=1.439e-01, vort_rms=8.947e-01, mass_err=-2.684e-10
step=111500, t=97.726413, dt=8.758e-04, KE=3.115560e-02, Mt=0.2512, A_K=0.113, Cuv=-0.009, P_in=1.397e-03, P_tgt=1.406e-03, A_F=0.111, K_low=0.091, P_drag=-5.577e-04, P_cool=-6.745e-04, WENO=0.075 (x=0.075, y=0.075), ReL2D=125.56, eps_nu=6.267e-04, P_hv=1.225e-05, rho_mean=1.000000, p_mean=0.715635, div_rms=1.399e-01, vort_rms=8.960e-01, mass_err=-2.696e-10
step=112000, t=98.162310, dt=8.721e-04, KE=3.143284e-02, Mt=0.2516, A_K=0.088, Cuv=-0.006, P_in=1.368e-03, P_tgt=1.369e-03, A_F=0.041, K_low=0.088, P_drag=-5.509e-04, P_cool=-6.351e-04, WENO=0.072 (x=0.072, y=0.072), ReL2D=124.53, eps_nu=6.362e-04, P_hv=1.221e-05, rho_mean=1.000000, p_mean=0.715556, div_rms=1.390e-01, vort_rms=9.032e-01, mass_err=-2.708e-10
step=112500, t=98.596180, dt=8.609e-04, KE=3.164651e-02, Mt=0.2525, A_K=0.076, Cuv=-0.026, P_in=1.323e-03, P_tgt=1.313e-03, A_F=0.039, K_low=0.085, P_drag=-5.432e-04, P_cool=-6.078e-04, WENO=0.071 (x=0.071, y=0.071), ReL2D=124.20, eps_nu=6.347e-04, P_hv=1.269e-05, rho_mean=1.000000, p_mean=0.715501, div_rms=1.426e-01, vort_rms=9.013e-01, mass_err=-2.721e-10
step=113000, t=99.025996, dt=8.598e-04, KE=3.152003e-02, Mt=0.2520, A_K=0.053, Cuv=-0.041, P_in=1.249e-03, P_tgt=1.252e-03, A_F=0.015, K_low=0.085, P_drag=-5.351e-04, P_cool=-6.443e-04, WENO=0.058 (x=0.058, y=0.058), ReL2D=124.42, eps_nu=6.249e-04, P_hv=1.239e-05, rho_mean=1.000000, p_mean=0.715574, div_rms=1.385e-01, vort_rms=8.950e-01, mass_err=-2.733e-10
step=113500, t=99.454829, dt=8.605e-04, KE=3.143888e-02, Mt=0.2521, A_K=0.034, Cuv=-0.053, P_in=1.215e-03, P_tgt=1.205e-03, A_F=0.044, K_low=0.084, P_drag=-5.253e-04, P_cool=-6.640e-04, WENO=0.057 (x=0.057, y=0.057), ReL2D=126.32, eps_nu=6.202e-04, P_hv=1.248e-05, rho_mean=1.000000, p_mean=0.715614, div_rms=1.381e-01, vort_rms=8.916e-01, mass_err=-2.745e-10
step=114000, t=99.888066, dt=8.619e-04, KE=3.151862e-02, Mt=0.2524, A_K=0.028, Cuv=-0.085, P_in=1.152e-03, P_tgt=1.151e-03, A_F=0.113, K_low=0.084, P_drag=-5.259e-04, P_cool=-6.481e-04, WENO=0.056 (x=0.056, y=0.056), ReL2D=128.38, eps_nu=6.148e-04, P_hv=1.246e-05, rho_mean=1.000000, p_mean=0.715582, div_rms=1.365e-01, vort_rms=8.878e-01, mass_err=-2.757e-10
step=114500, t=100.315549, dt=8.515e-04, KE=3.164453e-02, Mt=0.2531, A_K=0.032, Cuv=-0.101, P_in=1.090e-03, P_tgt=1.090e-03, A_F=0.068, K_low=0.086, P_drag=-5.381e-04, P_cool=-6.195e-04, WENO=0.063 (x=0.063, y=0.063), ReL2D=129.81, eps_nu=6.106e-04, P_hv=1.242e-05, rho_mean=1.000000, p_mean=0.715525, div_rms=1.431e-01, vort_rms=8.833e-01, mass_err=-2.769e-10
step=115000, t=100.741994, dt=8.571e-04, KE=3.148892e-02, Mt=0.2525, A_K=0.062, Cuv=-0.092, P_in=1.047e-03, P_tgt=1.032e-03, A_F=0.032, K_low=0.091, P_drag=-5.655e-04, P_cool=-6.399e-04, WENO=0.070 (x=0.070, y=0.070), ReL2D=129.88, eps_nu=6.034e-04, P_hv=1.230e-05, rho_mean=1.000000, p_mean=0.715566, div_rms=1.320e-01, vort_rms=8.803e-01, mass_err=-2.781e-10
saved snapshot: results/hit2d/thesis_hit_campaign_v1/repeat_Mt025_N256_seed5678/hit2d_step0115000.npz
step=115500, t=101.176310, dt=8.697e-04, KE=3.152474e-02, Mt=0.2525, A_K=0.071, Cuv=-0.072, P_in=9.822e-04, P_tgt=9.829e-04, A_F=0.061, K_low=0.096, P_drag=-6.016e-04, P_cool=-6.152e-04, WENO=0.050 (x=0.050, y=0.050), ReL2D=129.20, eps_nu=5.972e-04, P_hv=1.240e-05, rho_mean=1.000000, p_mean=0.715516, div_rms=1.365e-01, vort_rms=8.747e-01, mass_err=-2.793e-10
step=116000, t=101.605235, dt=8.563e-04, KE=3.132103e-02, Mt=0.2517, A_K=0.036, Cuv=-0.073, P_in=9.458e-04, P_tgt=9.406e-04, A_F=0.019, K_low=0.101, P_drag=-6.310e-04, P_cool=-6.322e-04, WENO=0.066 (x=0.066, y=0.066), ReL2D=127.54, eps_nu=5.902e-04, P_hv=1.275e-05, rho_mean=1.000000, p_mean=0.715550, div_rms=1.312e-01, vort_rms=8.705e-01, mass_err=-2.805e-10
step=116500, t=102.032027, dt=8.469e-04, KE=3.087270e-02, Mt=0.2497, A_K=0.020, Cuv=-0.067, P_in=9.194e-04, P_tgt=9.271e-04, A_F=0.022, K_low=0.106, P_drag=-6.561e-04, P_cool=-6.903e-04, WENO=0.053 (x=0.053, y=0.053), ReL2D=126.57, eps_nu=5.829e-04, P_hv=1.251e-05, rho_mean=1.000000, p_mean=0.715666, div_rms=1.250e-01, vort_rms=8.661e-01, mass_err=-2.817e-10
step=117000, t=102.459236, dt=8.659e-04, KE=3.071648e-02, Mt=0.2498, A_K=0.017, Cuv=-0.083, P_in=9.318e-04, P_tgt=9.331e-04, A_F=0.266, K_low=0.112, P_drag=-6.837e-04, P_cool=-6.846e-04, WENO=0.059 (x=0.059, y=0.059), ReL2D=127.75, eps_nu=5.789e-04, P_hv=1.311e-05, rho_mean=1.000000, p_mean=0.715655, div_rms=1.348e-01, vort_rms=8.611e-01, mass_err=-2.829e-10
step=117500, t=102.896894, dt=8.881e-04, KE=3.073739e-02, Mt=0.2498, A_K=0.031, Cuv=-0.100, P_in=9.467e-04, P_tgt=9.368e-04, A_F=0.074, K_low=0.116, P_drag=-7.049e-04, P_cool=-6.431e-04, WENO=0.075 (x=0.075, y=0.075), ReL2D=130.90, eps_nu=5.696e-04, P_hv=1.214e-05, rho_mean=1.000000, p_mean=0.715572, div_rms=1.279e-01, vort_rms=8.553e-01, mass_err=-2.841e-10
step=118000, t=103.342774, dt=8.907e-04, KE=3.088675e-02, Mt=0.2499, A_K=0.052, Cuv=-0.093, P_in=9.288e-04, P_tgt=9.356e-04, A_F=0.090, K_low=0.114, P_drag=-6.981e-04, P_cool=-5.802e-04, WENO=0.081 (x=0.081, y=0.081), ReL2D=132.64, eps_nu=5.674e-04, P_hv=1.148e-05, rho_mean=1.000000, p_mean=0.715446, div_rms=1.364e-01, vort_rms=8.518e-01, mass_err=-2.853e-10
step=118500, t=103.787407, dt=8.907e-04, KE=3.084361e-02, Mt=0.2489, A_K=0.029, Cuv=-0.040, P_in=9.451e-04, P_tgt=9.496e-04, A_F=0.095, K_low=0.105, P_drag=-6.508e-04, P_cool=-5.612e-04, WENO=0.079 (x=0.079, y=0.079), ReL2D=131.62, eps_nu=5.659e-04, P_hv=1.142e-05, rho_mean=1.000000, p_mean=0.715408, div_rms=1.338e-01, vort_rms=8.512e-01, mass_err=-2.865e-10
step=119000, t=104.230843, dt=8.783e-04, KE=3.064394e-02, Mt=0.2483, A_K=0.025, Cuv=0.034, P_in=9.920e-04, P_tgt=9.765e-04, A_F=0.015, K_low=0.098, P_drag=-6.008e-04, P_cool=-5.815e-04, WENO=0.064 (x=0.064, y=0.064), ReL2D=130.07, eps_nu=5.642e-04, P_hv=1.167e-05, rho_mean=1.000000, p_mean=0.715449, div_rms=1.328e-01, vort_rms=8.502e-01, mass_err=-2.878e-10
step=119500, t=104.669292, dt=8.812e-04, KE=3.030468e-02, Mt=0.2476, A_K=0.021, Cuv=0.076, P_in=1.025e-03, P_tgt=1.018e-03, A_F=0.078, K_low=0.093, P_drag=-5.579e-04, P_cool=-6.327e-04, WENO=0.074 (x=0.074, y=0.074), ReL2D=131.75, eps_nu=5.572e-04, P_hv=1.192e-05, rho_mean=1.000000, p_mean=0.715551, div_rms=1.366e-01, vort_rms=8.439e-01, mass_err=-2.890e-10
step=120000, t=105.109946, dt=8.817e-04, KE=3.024134e-02, Mt=0.2476, A_K=0.016, Cuv=0.086, P_in=1.068e-03, P_tgt=1.075e-03, A_F=0.040, K_low=0.085, P_drag=-5.076e-04, P_cool=-6.337e-04, WENO=0.067 (x=0.067, y=0.067), ReL2D=133.65, eps_nu=5.516e-04, P_hv=1.180e-05, rho_mean=1.000000, p_mean=0.715553, div_rms=1.296e-01, vort_rms=8.410e-01, mass_err=-2.902e-10
saved snapshot: results/hit2d/thesis_hit_campaign_v1/repeat_Mt025_N256_seed5678/hit2d_step0120000.npz
step=120500, t=105.553315, dt=8.987e-04, KE=3.059472e-02, Mt=0.2486, A_K=0.050, Cuv=0.073, P_in=1.129e-03, P_tgt=1.113e-03, A_F=0.029, K_low=0.074, P_drag=-4.564e-04, P_cool=-5.649e-04, WENO=0.077 (x=0.077, y=0.077), ReL2D=135.89, eps_nu=5.544e-04, P_hv=1.133e-05, rho_mean=1.000000, p_mean=0.715416, div_rms=1.355e-01, vort_rms=8.419e-01, mass_err=-2.914e-10
step=121000, t=106.005041, dt=9.036e-04, KE=3.064657e-02, Mt=0.2482, A_K=0.105, Cuv=0.064, P_in=1.135e-03, P_tgt=1.149e-03, A_F=0.113, K_low=0.065, P_drag=-4.055e-04, P_cool=-5.675e-04, WENO=0.067 (x=0.067, y=0.067), ReL2D=135.51, eps_nu=5.557e-04, P_hv=1.106e-05, rho_mean=1.000000, p_mean=0.715421, div_rms=1.356e-01, vort_rms=8.429e-01, mass_err=-2.926e-10
step=121500, t=106.460332, dt=9.146e-04, KE=3.049480e-02, Mt=0.2484, A_K=0.074, Cuv=0.085, P_in=1.187e-03, P_tgt=1.192e-03, A_F=0.197, K_low=0.058, P_drag=-3.544e-04, P_cool=-6.162e-04, WENO=0.059 (x=0.059, y=0.059), ReL2D=136.79, eps_nu=5.526e-04, P_hv=1.111e-05, rho_mean=1.000000, p_mean=0.715518, div_rms=1.284e-01, vort_rms=8.420e-01, mass_err=-2.938e-10
step=122000, t=106.918004, dt=9.226e-04, KE=3.065055e-02, Mt=0.2493, A_K=0.026, Cuv=0.095, P_in=1.226e-03, P_tgt=1.221e-03, A_F=0.130, K_low=0.051, P_drag=-3.109e-04, P_cool=-6.093e-04, WENO=0.067 (x=0.067, y=0.067), ReL2D=141.97, eps_nu=5.537e-04, P_hv=1.110e-05, rho_mean=1.000000, p_mean=0.715504, div_rms=1.274e-01, vort_rms=8.430e-01, mass_err=-2.950e-10
step=122500, t=107.377370, dt=9.080e-04, KE=3.094024e-02, Mt=0.2498, A_K=0.067, Cuv=0.135, P_in=1.221e-03, P_tgt=1.226e-03, A_F=0.022, K_low=0.046, P_drag=-2.842e-04, P_cool=-5.836e-04, WENO=0.054 (x=0.054, y=0.054), ReL2D=139.39, eps_nu=5.660e-04, P_hv=1.094e-05, rho_mean=1.000000, p_mean=0.715453, div_rms=1.331e-01, vort_rms=8.515e-01, mass_err=-2.962e-10
step=123000, t=107.822670, dt=8.920e-04, KE=3.101439e-02, Mt=0.2497, A_K=0.087, Cuv=0.169, P_in=1.248e-03, P_tgt=1.240e-03, A_F=0.049, K_low=0.043, P_drag=-2.682e-04, P_cool=-6.006e-04, WENO=0.058 (x=0.058, y=0.058), ReL2D=138.12, eps_nu=5.625e-04, P_hv=1.105e-05, rho_mean=1.000000, p_mean=0.715487, div_rms=1.267e-01, vort_rms=8.501e-01, mass_err=-2.974e-10
step=123500, t=108.275012, dt=9.029e-04, KE=3.128185e-02, Mt=0.2517, A_K=0.129, Cuv=0.168, P_in=1.239e-03, P_tgt=1.220e-03, A_F=0.065, K_low=0.041, P_drag=-2.613e-04, P_cool=-5.822e-04, WENO=0.074 (x=0.074, y=0.074), ReL2D=137.05, eps_nu=5.638e-04, P_hv=1.095e-05, rho_mean=1.000000, p_mean=0.715450, div_rms=1.270e-01, vort_rms=8.510e-01, mass_err=-2.986e-10
step=124000, t=108.721569, dt=8.943e-04, KE=3.149514e-02, Mt=0.2519, A_K=0.137, Cuv=0.137, P_in=1.188e-03, P_tgt=1.174e-03, A_F=0.148, K_low=0.043, P_drag=-2.735e-04, P_cool=-5.721e-04, WENO=0.083 (x=0.083, y=0.083), ReL2D=135.86, eps_nu=5.670e-04, P_hv=1.092e-05, rho_mean=1.000000, p_mean=0.715430, div_rms=1.336e-01, vort_rms=8.521e-01, mass_err=-2.998e-10
step=124500, t=109.170780, dt=8.980e-04, KE=3.145830e-02, Mt=0.2519, A_K=0.117, Cuv=0.114, P_in=1.136e-03, P_tgt=1.131e-03, A_F=0.071, K_low=0.048, P_drag=-2.994e-04, P_cool=-6.058e-04, WENO=0.063 (x=0.063, y=0.063), ReL2D=135.32, eps_nu=5.750e-04, P_hv=1.084e-05, rho_mean=1.000000, p_mean=0.715497, div_rms=1.380e-01, vort_rms=8.574e-01, mass_err=-3.011e-10
step=125000, t=109.618612, dt=8.968e-04, KE=3.148652e-02, Mt=0.2524, A_K=0.061, Cuv=0.106, P_in=1.083e-03, P_tgt=1.087e-03, A_F=0.113, K_low=0.052, P_drag=-3.246e-04, P_cool=-6.165e-04, WENO=0.068 (x=0.068, y=0.068), ReL2D=136.19, eps_nu=5.765e-04, P_hv=1.079e-05, rho_mean=1.000000, p_mean=0.715519, div_rms=1.407e-01, vort_rms=8.580e-01, mass_err=-3.023e-10
saved snapshot: results/hit2d/thesis_hit_campaign_v1/repeat_Mt025_N256_seed5678/hit2d_step0125000.npz
step=125500, t=110.068110, dt=8.969e-04, KE=3.166199e-02, Mt=0.2530, A_K=0.052, Cuv=0.106, P_in=1.015e-03, P_tgt=1.028e-03, A_F=0.204, K_low=0.055, P_drag=-3.475e-04, P_cool=-5.928e-04, WENO=0.060 (x=0.060, y=0.060), ReL2D=137.16, eps_nu=5.767e-04, P_hv=1.074e-05, rho_mean=1.000000, p_mean=0.715471, div_rms=1.458e-01, vort_rms=8.570e-01, mass_err=-3.035e-10
step=126000, t=110.515941, dt=8.916e-04, KE=3.153433e-02, Mt=0.2524, A_K=0.061, Cuv=0.135, P_in=9.658e-04, P_tgt=9.744e-04, A_F=0.111, K_low=0.057, P_drag=-3.611e-04, P_cool=-6.217e-04, WENO=0.067 (x=0.067, y=0.067), ReL2D=132.72, eps_nu=5.755e-04, P_hv=1.067e-05, rho_mean=1.000000, p_mean=0.715529, div_rms=1.403e-01, vort_rms=8.573e-01, mass_err=-3.047e-10
step=126500, t=110.961520, dt=8.963e-04, KE=3.157986e-02, Mt=0.2527, A_K=0.075, Cuv=0.121, P_in=9.245e-04, P_tgt=9.288e-04, A_F=0.022, K_low=0.059, P_drag=-3.738e-04, P_cool=-6.099e-04, WENO=0.077 (x=0.077, y=0.077), ReL2D=133.25, eps_nu=5.738e-04, P_hv=1.064e-05, rho_mean=1.000000, p_mean=0.715505, div_rms=1.440e-01, vort_rms=8.551e-01, mass_err=-3.059e-10
step=127000, t=111.410133, dt=8.955e-04, KE=3.175659e-02, Mt=0.2536, A_K=0.048, Cuv=0.065, P_in=8.681e-04, P_tgt=8.713e-04, A_F=0.108, K_low=0.064, P_drag=-4.030e-04, P_cool=-5.685e-04, WENO=0.072 (x=0.072, y=0.072), ReL2D=137.03, eps_nu=5.654e-04, P_hv=1.042e-05, rho_mean=1.000000, p_mean=0.715423, div_rms=1.504e-01, vort_rms=8.471e-01, mass_err=-3.071e-10
step=127500, t=111.855989, dt=8.938e-04, KE=3.149543e-02, Mt=0.2524, A_K=0.021, Cuv=0.051, P_in=8.270e-04, P_tgt=8.205e-04, A_F=0.040, K_low=0.070, P_drag=-4.340e-04, P_cool=-6.064e-04, WENO=0.082 (x=0.082, y=0.082), ReL2D=136.50, eps_nu=5.593e-04, P_hv=9.975e-06, rho_mean=1.000000, p_mean=0.715499, div_rms=1.393e-01, vort_rms=8.449e-01, mass_err=-3.083e-10
step=128000, t=112.309266, dt=9.131e-04, KE=3.156191e-02, Mt=0.2524, A_K=0.025, Cuv=0.032, P_in=7.834e-04, P_tgt=7.841e-04, A_F=0.068, K_low=0.073, P_drag=-4.576e-04, P_cool=-5.717e-04, WENO=0.064 (x=0.064, y=0.064), ReL2D=137.18, eps_nu=5.585e-04, P_hv=9.562e-06, rho_mean=1.000000, p_mean=0.715429, div_rms=1.478e-01, vort_rms=8.423e-01, mass_err=-3.095e-10
step=128500, t=112.765080, dt=9.138e-04, KE=3.137028e-02, Mt=0.2519, A_K=0.033, Cuv=0.012, P_in=7.505e-04, P_tgt=7.503e-04, A_F=0.019, K_low=0.078, P_drag=-4.842e-04, P_cool=-5.860e-04, WENO=0.072 (x=0.072, y=0.072), ReL2D=138.76, eps_nu=5.504e-04, P_hv=9.829e-06, rho_mean=1.000000, p_mean=0.715458, div_rms=1.421e-01, vort_rms=8.373e-01, mass_err=-3.107e-10
step=129000, t=113.216248, dt=8.918e-04, KE=3.112468e-02, Mt=0.2512, A_K=0.039, Cuv=0.025, P_in=7.019e-04, P_tgt=7.280e-04, A_F=0.077, K_low=0.086, P_drag=-5.262e-04, P_cool=-6.035e-04, WENO=0.081 (x=0.081, y=0.081), ReL2D=135.07, eps_nu=5.524e-04, P_hv=9.614e-06, rho_mean=1.000000, p_mean=0.715493, div_rms=1.438e-01, vort_rms=8.385e-01, mass_err=-3.119e-10
step=129500, t=113.667136, dt=9.101e-04, KE=3.087886e-02, Mt=0.2500, A_K=0.069, Cuv=0.041, P_in=7.192e-04, P_tgt=7.184e-04, A_F=0.065, K_low=0.094, P_drag=-5.781e-04, P_cool=-6.189e-04, WENO=0.072 (x=0.072, y=0.072), ReL2D=132.54, eps_nu=5.412e-04, P_hv=9.157e-06, rho_mean=1.000000, p_mean=0.715523, div_rms=1.416e-01, vort_rms=8.301e-01, mass_err=-3.132e-10
step=130000, t=114.121277, dt=9.097e-04, KE=3.092406e-02, Mt=0.2500, A_K=0.062, Cuv=0.048, P_in=7.640e-04, P_tgt=7.199e-04, A_F=0.145, K_low=0.101, P_drag=-6.259e-04, P_cool=-5.717e-04, WENO=0.065 (x=0.065, y=0.065), ReL2D=129.95, eps_nu=5.477e-04, P_hv=9.598e-06, rho_mean=1.000000, p_mean=0.715429, div_rms=1.452e-01, vort_rms=8.345e-01, mass_err=-3.144e-10
saved snapshot: results/hit2d/thesis_hit_campaign_v1/repeat_Mt025_N256_seed5678/hit2d_step0130000.npz
step=130500, t=114.575790, dt=8.978e-04, KE=3.075263e-02, Mt=0.2494, A_K=0.104, Cuv=0.047, P_in=7.494e-04, P_tgt=7.207e-04, A_F=0.176, K_low=0.112, P_drag=-6.821e-04, P_cool=-5.618e-04, WENO=0.085 (x=0.085, y=0.085), ReL2D=130.02, eps_nu=5.454e-04, P_hv=9.690e-06, rho_mean=1.000000, p_mean=0.715409, div_rms=1.451e-01, vort_rms=8.327e-01, mass_err=-3.156e-10
step=131000, t=115.016389, dt=8.703e-04, KE=3.040232e-02, Mt=0.2483, A_K=0.147, Cuv=0.041, P_in=7.327e-04, P_tgt=7.402e-04, A_F=0.122, K_low=0.124, P_drag=-7.423e-04, P_cool=-5.839e-04, WENO=0.073 (x=0.073, y=0.073), ReL2D=132.16, eps_nu=5.421e-04, P_hv=9.627e-06, rho_mean=1.000000, p_mean=0.715454, div_rms=1.463e-01, vort_rms=8.298e-01, mass_err=-3.168e-10
step=131500, t=115.451005, dt=8.709e-04, KE=3.017619e-02, Mt=0.2473, A_K=0.168, Cuv=0.035, P_in=7.711e-04, P_tgt=7.726e-04, A_F=0.085, K_low=0.132, P_drag=-7.908e-04, P_cool=-5.775e-04, WENO=0.083 (x=0.083, y=0.083), ReL2D=133.42, eps_nu=5.297e-04, P_hv=9.687e-06, rho_mean=1.000000, p_mean=0.715441, div_rms=1.418e-01, vort_rms=8.209e-01, mass_err=-3.180e-10
step=132000, t=115.889310, dt=8.912e-04, KE=2.999201e-02, Mt=0.2463, A_K=0.175, Cuv=0.068, P_in=8.192e-04, P_tgt=8.251e-04, A_F=0.196, K_low=0.139, P_drag=-8.282e-04, P_cool=-5.635e-04, WENO=0.083 (x=0.083, y=0.083), ReL2D=134.54, eps_nu=5.240e-04, P_hv=9.488e-06, rho_mean=1.000000, p_mean=0.715413, div_rms=1.361e-01, vort_rms=8.175e-01, mass_err=-3.192e-10
step=132040, t=115.924769, dt=6.664e-04, KE=2.997419e-02, Mt=0.2462, A_K=0.172, Cuv=0.071, P_in=8.141e-04, P_tgt=8.303e-04, A_F=0.246, K_low=0.139, P_drag=-8.305e-04, P_cool=-5.630e-04, WENO=0.088 (x=0.088, y=0.088), ReL2D=134.60, eps_nu=5.237e-04, P_hv=9.379e-06, rho_mean=1.000000, p_mean=0.715412, div_rms=1.351e-01, vort_rms=8.175e-01, mass_err=-3.193e-10
saved snapshot: results/hit2d/thesis_hit_campaign_v1/repeat_Mt025_N256_seed5678/hit2d_step0132040.npz
completed 2D HIT run at t=115.924769 in 132040 steps
Post-processing: results/hit2d/thesis_hit_campaign_v1/repeat_Mt025_N256_seed5678
saved HIT diagnostic field plot: results/hit2d/thesis_hit_campaign_v1/repeat_Mt025_N256_seed5678/postprocess/hit2d_physics_fields.png
/home/fatienza/github/HIT_Solver/2D/hit2d_viewer.py:405: UserWarning: No artists with labels found to put in legend.  Note that artists whose label start with an underscore are ignored when legend() is called with no argument.
  ax.legend()
saved HIT history plot: results/hit2d/thesis_hit_campaign_v1/repeat_Mt025_N256_seed5678/postprocess/hit2d_history.png
saved isotropy diagnostics: results/hit2d/thesis_hit_campaign_v1/repeat_Mt025_N256_seed5678/isotropy_diagnostics.npz
selected interval: t=[26.2315, 96.4388], Neddy=[4.17759, 15.3567], snapshots=17
turnover reference length: L_ref=1.570796e+00
isotropy mismatch: E_LL=4.401998e-02 (normalized=1.076802e-01), E_NN=6.571132e-02 (normalized=1.825889e-01)
selected means: K=3.087206e-02, Mt=2.499866e-01, A_K=8.881735e-02, C_uv=-3.886206e-02
saved isotropy plot: results/hit2d/thesis_hit_campaign_v1/repeat_Mt025_N256_seed5678/postprocess/stationarity_K_Mt.png
saved isotropy plot: results/hit2d/thesis_hit_campaign_v1/repeat_Mt025_N256_seed5678/postprocess/directional_isotropy_correlations.png
saved isotropy plot: results/hit2d/thesis_hit_campaign_v1/repeat_Mt025_N256_seed5678/postprocess/component_energy_anisotropy.png
saved spectra diagnostics: results/hit2d/thesis_hit_campaign_v1/repeat_Mt025_N256_seed5678/spectra_diagnostics.npz
saved spectra plot: results/hit2d/thesis_hit_campaign_v1/repeat_Mt025_N256_seed5678/postprocess/energy_enstrophy_spectra.png
cutoff ratios: energy=0.000e+00, enstrophy=1.158e+00
spectral checks: Parseval=2.219e-16, Helmholtz closure=3.728e-16, <chi_d>=1.639e-02
saved PDF diagnostics: results/hit2d/thesis_hit_campaign_v1/repeat_Mt025_N256_seed5678/pdf_diagnostics.npz
saved PDF plot: results/hit2d/thesis_hit_campaign_v1/repeat_Mt025_N256_seed5678/postprocess/one_point_pdfs.png
PDF moments: S_theta=-6.418e-01, F_theta=6.888e+00, S_omega=8.988e-02, F_omega=2.866e+00
COMPLETED: repeat_Mt025_N256_seed5678 at Sun Aug 16 06:58:12 AM CEST 2026

Creating thesis campaign comparison figures and tables...
Saved thesis campaign products:
  /home/fatienza/github/HIT_Solver/results/hit2d/thesis_hit_campaign_v1/thesis_campaign_summary.csv
  /home/fatienza/github/HIT_Solver/results/hit2d/thesis_hit_campaign_v1/thesis_campaign_summary.md
  /home/fatienza/github/HIT_Solver/results/hit2d/thesis_hit_campaign_v1/thesis_grid_convergence_spectra.png
  /home/fatienza/github/HIT_Solver/results/hit2d/thesis_hit_campaign_v1/thesis_mach_spectra_comparison.png
  /home/fatienza/github/HIT_Solver/results/hit2d/thesis_hit_campaign_v1/thesis_repeatability_spectra.png
  /home/fatienza/github/HIT_Solver/results/hit2d/thesis_hit_campaign_v1/thesis_mach_stationary_statistics.png
============================================================
Campaign finished: Sun Aug 16 06:58:13 AM CEST 2026
All requested simulations and post-processing completed successfully.
Results: results/hit2d/thesis_hit_campaign_v1
============================================================
