Using array backend: cupy
Forcing mode: dilatational
step=     0, t=0.000000, dt=0.000e+00, KE=1.250000e-01, Mt=0.5000, A_K=0.000, Cuv=0.000, P_in=0.000e+00, P_tgt=0.000e+00, A_F=0.000, K_low=0.000, P_drag=0.000e+00, P_cool=0.000e+00, WENO=0.012, rho_mean=1.000000, p_mean=0.714286, div_rms=3.220e-14, vort_rms=1.950e+00, K_dil=0.000, mass_err=0.000e+00
warning: cumulative forcing cross-correlation is high (|Fxy|/(Fxx+Fyy)=0.132)
step=  1000, t=0.172603, dt=1.726e-04, KE=1.237538e-01, Mt=0.4977, A_K=0.010, Cuv=0.006, P_in=1.008e-03, P_tgt=1.014e-03, A_F=0.034, K_low=0.003, P_drag=-7.154e-05, P_cool=-2.803e-04, WENO=0.017, rho_mean=1.000000, p_mean=0.714846, div_rms=4.450e-01, vort_rms=1.906e+00, K_dil=0.035, mass_err=-2.423e-12
step=  2000, t=0.345534, dt=1.736e-04, KE=1.164279e-01, Mt=0.4848, A_K=0.007, Cuv=0.008, P_in=1.196e-03, P_tgt=1.192e-03, A_F=0.198, K_low=0.010, P_drag=-2.407e-04, P_cool=-1.746e-03, WENO=0.021, rho_mean=1.000000, p_mean=0.717779, div_rms=5.017e-01, vort_rms=1.843e+00, K_dil=0.062, mass_err=-4.832e-12
step=  3000, t=0.520868, dt=1.779e-04, KE=1.084855e-01, Mt=0.4737, A_K=0.005, Cuv=0.018, P_in=1.896e-03, P_tgt=1.905e-03, A_F=0.042, K_low=0.019, P_drag=-4.034e-04, P_cool=-3.286e-03, WENO=0.037, rho_mean=1.000000, p_mean=0.720857, div_rms=6.147e-01, vort_rms=1.822e+00, K_dil=0.059, mass_err=-7.191e-12
step=  4000, t=0.702177, dt=1.842e-04, KE=1.064809e-01, Mt=0.4781, A_K=0.005, Cuv=0.002, P_in=3.266e-03, P_tgt=3.279e-03, A_F=0.192, K_low=0.024, P_drag=-4.930e-04, P_cool=-3.636e-03, WENO=0.046, rho_mean=1.000000, p_mean=0.721557, div_rms=9.328e-01, vort_rms=1.841e+00, K_dil=0.065, mass_err=-9.535e-12
step=  5000, t=0.887399, dt=1.855e-04, KE=1.076260e-01, Mt=0.4864, A_K=0.029, Cuv=-0.031, P_in=4.739e-03, P_tgt=4.736e-03, A_F=0.037, K_low=0.027, P_drag=-5.116e-04, P_cool=-3.406e-03, WENO=0.061, rho_mean=1.000000, p_mean=0.721098, div_rms=1.157e+00, vort_rms=1.856e+00, K_dil=0.075, mass_err=-1.186e-11
step=  6000, t=1.071780, dt=1.834e-04, KE=1.082980e-01, Mt=0.4875, A_K=0.044, Cuv=-0.057, P_in=6.111e-03, P_tgt=6.113e-03, A_F=0.332, K_low=0.030, P_drag=-4.992e-04, P_cool=-3.328e-03, WENO=0.065, rho_mean=1.000000, p_mean=0.720941, div_rms=1.205e+00, vort_rms=1.853e+00, K_dil=0.076, mass_err=-1.419e-11
step=  7000, t=1.255071, dt=1.810e-04, KE=1.077273e-01, Mt=0.4825, A_K=0.022, Cuv=-0.059, P_in=8.327e-03, P_tgt=8.334e-03, A_F=0.026, K_low=0.032, P_drag=-4.978e-04, P_cool=-3.556e-03, WENO=0.063, rho_mean=1.000000, p_mean=0.721398, div_rms=1.137e+00, vort_rms=1.847e+00, K_dil=0.067, mass_err=-1.653e-11
step=  8000, t=1.434168, dt=1.809e-04, KE=1.079205e-01, Mt=0.4800, A_K=0.014, Cuv=-0.032, P_in=1.249e-02, P_tgt=1.253e-02, A_F=0.181, K_low=0.033, P_drag=-5.330e-04, P_cool=-3.737e-03, WENO=0.072, rho_mean=1.000000, p_mean=0.721759, div_rms=1.087e+00, vort_rms=1.840e+00, K_dil=0.074, mass_err=-1.886e-11
step=  9000, t=1.618471, dt=1.868e-04, KE=1.092928e-01, Mt=0.4816, A_K=0.036, Cuv=-0.008, P_in=1.892e-02, P_tgt=1.896e-02, A_F=0.308, K_low=0.035, P_drag=-6.268e-04, P_cool=-3.880e-03, WENO=0.089, rho_mean=1.000000, p_mean=0.722045, div_rms=1.092e+00, vort_rms=1.836e+00, K_dil=0.091, mass_err=-2.120e-11
warning: cumulative forcing anisotropy is high (A_F=0.215)
step= 10000, t=1.803421, dt=1.810e-04, KE=1.108134e-01, Mt=0.4848, A_K=0.054, Cuv=-0.011, P_in=2.705e-02, P_tgt=2.709e-02, A_F=0.312, K_low=0.041, P_drag=-7.737e-04, P_cool=-4.252e-03, WENO=0.101, rho_mean=1.000000, p_mean=0.722790, div_rms=1.152e+00, vort_rms=1.835e+00, K_dil=0.111, mass_err=-2.353e-11
saved snapshot: results/hit2d/dilatational_Mt050_N512_CFL_0p05/hit2d_step0010000.npz
step= 11000, t=1.979031, dt=1.735e-04, KE=1.126122e-01, Mt=0.4887, A_K=0.046, Cuv=-0.015, P_in=3.562e-02, P_tgt=3.560e-02, A_F=0.131, K_low=0.045, P_drag=-8.895e-04, P_cool=-4.805e-03, WENO=0.106, rho_mean=1.000000, p_mean=0.723895, div_rms=1.272e+00, vort_rms=1.837e+00, K_dil=0.135, mass_err=-2.586e-11
step= 12000, t=2.155995, dt=1.794e-04, KE=1.143081e-01, Mt=0.4911, A_K=0.061, Cuv=0.032, P_in=4.365e-02, P_tgt=4.365e-02, A_F=0.064, K_low=0.044, P_drag=-8.862e-04, P_cool=-5.651e-03, WENO=0.108, rho_mean=1.000000, p_mean=0.725587, div_rms=1.418e+00, vort_rms=1.844e+00, K_dil=0.155, mass_err=-2.818e-11
step= 13000, t=2.332009, dt=1.719e-04, KE=1.154930e-01, Mt=0.4917, A_K=0.039, Cuv=0.093, P_in=5.238e-02, P_tgt=5.227e-02, A_F=0.090, K_low=0.038, P_drag=-7.896e-04, P_cool=-6.855e-03, WENO=0.112, rho_mean=1.000000, p_mean=0.727996, div_rms=1.570e+00, vort_rms=1.850e+00, K_dil=0.168, mass_err=-3.049e-11
step= 14000, t=2.502799, dt=1.715e-04, KE=1.192521e-01, Mt=0.5024, A_K=0.026, Cuv=0.089, P_in=5.661e-02, P_tgt=5.647e-02, A_F=0.145, K_low=0.033, P_drag=-6.833e-04, P_cool=-7.729e-03, WENO=0.120, rho_mean=1.000000, p_mean=0.729743, div_rms=1.788e+00, vort_rms=1.852e+00, K_dil=0.204, mass_err=-3.281e-11
step= 15000, t=2.673533, dt=1.723e-04, KE=1.241596e-01, Mt=0.5147, A_K=0.071, Cuv=0.040, P_in=4.736e-02, P_tgt=4.731e-02, A_F=0.135, K_low=0.031, P_drag=-6.240e-04, P_cool=-8.259e-03, WENO=0.139, rho_mean=1.000000, p_mean=0.730805, div_rms=2.006e+00, vort_rms=1.858e+00, K_dil=0.233, mass_err=-3.514e-11
step= 16000, t=2.848135, dt=1.735e-04, KE=1.252291e-01, Mt=0.5161, A_K=0.050, Cuv=0.050, P_in=3.448e-02, P_tgt=3.450e-02, A_F=0.013, K_low=0.036, P_drag=-6.680e-04, P_cool=-9.150e-03, WENO=0.168, rho_mean=1.000000, p_mean=0.732586, div_rms=2.232e+00, vort_rms=1.861e+00, K_dil=0.234, mass_err=-3.745e-11
step= 17000, t=3.013479, dt=1.648e-04, KE=1.253323e-01, Mt=0.5127, A_K=0.017, Cuv=0.065, P_in=2.658e-02, P_tgt=2.648e-02, A_F=0.178, K_low=0.044, P_drag=-8.219e-04, P_cool=-9.778e-03, WENO=0.193, rho_mean=1.000000, p_mean=0.733842, div_rms=2.487e+00, vort_rms=1.839e+00, K_dil=0.237, mass_err=-3.975e-11
step= 18000, t=3.178874, dt=1.653e-04, KE=1.281762e-01, Mt=0.5190, A_K=0.008, Cuv=0.017, P_in=1.979e-02, P_tgt=1.978e-02, A_F=0.109, K_low=0.053, P_drag=-1.073e-03, P_cool=-9.603e-03, WENO=0.209, rho_mean=1.000000, p_mean=0.733493, div_rms=2.748e+00, vort_rms=1.815e+00, K_dil=0.281, mass_err=-4.206e-11
step= 19000, t=3.344082, dt=1.634e-04, KE=1.264364e-01, Mt=0.5204, A_K=0.047, Cuv=-0.041, P_in=1.333e-02, P_tgt=1.328e-02, A_F=0.051, K_low=0.068, P_drag=-1.371e-03, P_cool=-1.012e-02, WENO=0.225, rho_mean=1.000000, p_mean=0.734523, div_rms=3.007e+00, vort_rms=1.785e+00, K_dil=0.312, mass_err=-4.437e-11
step= 20000, t=3.507945, dt=1.651e-04, KE=1.226700e-01, Mt=0.5150, A_K=0.062, Cuv=-0.101, P_in=9.565e-03, P_tgt=9.588e-03, A_F=0.043, K_low=0.082, P_drag=-1.583e-03, P_cool=-1.085e-02, WENO=0.244, rho_mean=1.000000, p_mean=0.735993, div_rms=3.247e+00, vort_rms=1.752e+00, K_dil=0.316, mass_err=-4.668e-11
saved snapshot: results/hit2d/dilatational_Mt050_N512_CFL_0p05/hit2d_step0020000.npz
step= 21000, t=3.669910, dt=1.624e-04, KE=1.178413e-01, Mt=0.5053, A_K=0.068, Cuv=-0.152, P_in=7.825e-03, P_tgt=7.783e-03, A_F=0.052, K_low=0.090, P_drag=-1.655e-03, P_cool=-1.170e-02, WENO=0.262, rho_mean=1.000000, p_mean=0.737685, div_rms=3.351e+00, vort_rms=1.746e+00, K_dil=0.301, mass_err=-4.898e-11
step= 22000, t=3.835378, dt=1.696e-04, KE=1.118446e-01, Mt=0.4921, A_K=0.023, Cuv=-0.171, P_in=8.029e-03, P_tgt=8.027e-03, A_F=0.134, K_low=0.091, P_drag=-1.624e-03, P_cool=-1.272e-02, WENO=0.271, rho_mean=1.000000, p_mean=0.739724, div_rms=3.336e+00, vort_rms=1.744e+00, K_dil=0.273, mass_err=-5.127e-11
step= 23000, t=4.006291, dt=1.701e-04, KE=1.122199e-01, Mt=0.4889, A_K=0.031, Cuv=-0.143, P_in=1.012e-02, P_tgt=1.010e-02, A_F=0.243, K_low=0.083, P_drag=-1.581e-03, P_cool=-1.247e-02, WENO=0.278, rho_mean=1.000000, p_mean=0.739219, div_rms=3.226e+00, vort_rms=1.729e+00, K_dil=0.279, mass_err=-5.358e-11
step= 24000, t=4.176633, dt=1.673e-04, KE=1.144037e-01, Mt=0.4898, A_K=0.079, Cuv=-0.107, P_in=1.215e-02, P_tgt=1.222e-02, A_F=0.171, K_low=0.076, P_drag=-1.593e-03, P_cool=-1.192e-02, WENO=0.275, rho_mean=1.000000, p_mean=0.738133, div_rms=3.158e+00, vort_rms=1.694e+00, K_dil=0.305, mass_err=-5.589e-11
step= 25000, t=4.344335, dt=1.696e-04, KE=1.092468e-01, Mt=0.4779, A_K=0.163, Cuv=-0.090, P_in=1.714e-02, P_tgt=1.708e-02, A_F=0.263, K_low=0.084, P_drag=-1.700e-03, P_cool=-1.294e-02, WENO=0.286, rho_mean=1.000000, p_mean=0.740156, div_rms=3.048e+00, vort_rms=1.668e+00, K_dil=0.290, mass_err=-5.821e-11
warning: flow component anisotropy has increased over the last three diagnostic samples
step= 26000, t=4.512602, dt=1.686e-04, KE=1.031913e-01, Mt=0.4649, A_K=0.212, Cuv=-0.082, P_in=3.211e-02, P_tgt=3.215e-02, A_F=0.167, K_low=0.096, P_drag=-1.862e-03, P_cool=-1.439e-02, WENO=0.293, rho_mean=1.000000, p_mean=0.743073, div_rms=3.034e+00, vort_rms=1.651e+00, K_dil=0.261, mass_err=-6.053e-11
step= 27000, t=4.682619, dt=1.663e-04, KE=1.029027e-01, Mt=0.4652, A_K=0.157, Cuv=-0.012, P_in=7.322e-02, P_tgt=7.314e-02, A_F=0.092, K_low=0.103, P_drag=-2.032e-03, P_cool=-1.559e-02, WENO=0.301, rho_mean=1.000000, p_mean=0.745459, div_rms=3.016e+00, vort_rms=1.638e+00, K_dil=0.266, mass_err=-6.285e-11
step= 28000, t=4.837230, dt=1.492e-04, KE=1.093850e-01, Mt=0.4773, A_K=0.051, Cuv=0.057, P_in=1.367e-01, P_tgt=1.369e-01, A_F=0.059, K_low=0.100, P_drag=-2.167e-03, P_cool=-1.695e-02, WENO=0.295, rho_mean=1.000000, p_mean=0.748183, div_rms=3.015e+00, vort_rms=1.637e+00, K_dil=0.309, mass_err=-6.516e-11
step= 29000, t=4.989121, dt=1.548e-04, KE=1.156242e-01, Mt=0.4871, A_K=0.012, Cuv=0.074, P_in=1.996e-01, P_tgt=1.996e-01, A_F=0.075, K_low=0.091, P_drag=-2.199e-03, P_cool=-2.019e-02, WENO=0.284, rho_mean=1.000000, p_mean=0.754673, div_rms=3.057e+00, vort_rms=1.641e+00, K_dil=0.354, mass_err=-6.747e-11
step= 30000, t=5.148279, dt=1.626e-04, KE=1.220280e-01, Mt=0.5011, A_K=0.071, Cuv=-0.001, P_in=2.304e-01, P_tgt=2.307e-01, A_F=0.230, K_low=0.076, P_drag=-2.047e-03, P_cool=-2.511e-02, WENO=0.303, rho_mean=1.000000, p_mean=0.764504, div_rms=3.139e+00, vort_rms=1.650e+00, K_dil=0.415, mass_err=-6.978e-11
saved snapshot: results/hit2d/dilatational_Mt050_N512_CFL_0p05/hit2d_step0030000.npz
step= 31000, t=5.311928, dt=1.610e-04, KE=1.266357e-01, Mt=0.5211, A_K=0.073, Cuv=-0.025, P_in=1.852e-01, P_tgt=1.852e-01, A_F=0.035, K_low=0.067, P_drag=-1.760e-03, P_cool=-3.018e-02, WENO=0.311, rho_mean=1.000000, p_mean=0.774650, div_rms=3.425e+00, vort_rms=1.669e+00, K_dil=0.480, mass_err=-7.210e-11
step= 32000, t=5.471385, dt=1.575e-04, KE=1.287114e-01, Mt=0.5309, A_K=0.126, Cuv=-0.075, P_in=1.140e-01, P_tgt=1.144e-01, A_F=0.102, K_low=0.068, P_drag=-1.659e-03, P_cool=-3.339e-02, WENO=0.335, rho_mean=1.000000, p_mean=0.781058, div_rms=4.017e+00, vort_rms=1.665e+00, K_dil=0.514, mass_err=-7.442e-11
step= 33000, t=5.624543, dt=1.445e-04, KE=1.431384e-01, Mt=0.5581, A_K=0.128, Cuv=-0.077, P_in=5.360e-02, P_tgt=5.365e-02, A_F=0.073, K_low=0.068, P_drag=-1.780e-03, P_cool=-3.199e-02, WENO=0.330, rho_mean=1.000000, p_mean=0.778257, div_rms=4.793e+00, vort_rms=1.723e+00, K_dil=0.574, mass_err=-7.674e-11
step= 34000, t=5.765835, dt=1.263e-04, KE=1.517208e-01, Mt=0.5755, A_K=0.070, Cuv=-0.070, P_in=1.740e-02, P_tgt=1.739e-02, A_F=0.230, K_low=0.073, P_drag=-2.023e-03, P_cool=-3.029e-02, WENO=0.324, rho_mean=1.000000, p_mean=0.774864, div_rms=5.152e+00, vort_rms=1.831e+00, K_dil=0.604, mass_err=-7.905e-11
step= 35000, t=5.900653, dt=1.367e-04, KE=1.527279e-01, Mt=0.5740, A_K=0.017, Cuv=-0.041, P_in=5.027e-03, P_tgt=5.047e-03, A_F=0.135, K_low=0.081, P_drag=-2.189e-03, P_cool=-2.949e-02, WENO=0.320, rho_mean=1.000000, p_mean=0.773263, div_rms=5.290e+00, vort_rms=1.912e+00, K_dil=0.605, mass_err=-8.136e-11
step= 36000, t=6.030191, dt=1.219e-04, KE=1.414602e-01, Mt=0.5507, A_K=0.081, Cuv=0.000, P_in=1.728e-03, P_tgt=1.715e-03, A_F=0.188, K_low=0.090, P_drag=-2.214e-03, P_cool=-3.095e-02, WENO=0.327, rho_mean=1.000000, p_mean=0.776195, div_rms=5.312e+00, vort_rms=1.960e+00, K_dil=0.576, mass_err=-8.367e-11
step= 37000, t=6.154818, dt=1.309e-04, KE=1.239088e-01, Mt=0.5087, A_K=0.089, Cuv=0.066, P_in=1.018e-03, P_tgt=9.969e-04, A_F=0.112, K_low=0.100, P_drag=-2.180e-03, P_cool=-3.360e-02, WENO=0.337, rho_mean=1.000000, p_mean=0.781486, div_rms=5.094e+00, vort_rms=1.978e+00, K_dil=0.513, mass_err=-8.598e-11
step= 38000, t=6.287332, dt=1.357e-04, KE=1.139908e-01, Mt=0.4808, A_K=0.061, Cuv=0.068, P_in=1.120e-03, P_tgt=1.155e-03, A_F=0.062, K_low=0.104, P_drag=-2.150e-03, P_cool=-3.461e-02, WENO=0.351, rho_mean=1.000000, p_mean=0.783512, div_rms=4.919e+00, vort_rms=1.899e+00, K_dil=0.482, mass_err=-8.829e-11
step= 39000, t=6.427179, dt=1.437e-04, KE=1.120613e-01, Mt=0.4692, A_K=0.013, Cuv=0.045, P_in=2.001e-03, P_tgt=1.990e-03, A_F=0.147, K_low=0.102, P_drag=-2.110e-03, P_cool=-3.400e-02, WENO=0.350, rho_mean=1.000000, p_mean=0.782295, div_rms=4.760e+00, vort_rms=1.804e+00, K_dil=0.487, mass_err=-9.059e-11
step= 40000, t=6.574346, dt=1.491e-04, KE=1.038523e-01, Mt=0.4516, A_K=0.054, Cuv=0.053, P_in=4.953e-03, P_tgt=4.846e-03, A_F=0.147, K_low=0.104, P_drag=-2.020e-03, P_cool=-3.467e-02, WENO=0.352, rho_mean=1.000000, p_mean=0.783618, div_rms=4.474e+00, vort_rms=1.716e+00, K_dil=0.470, mass_err=-9.291e-11
saved snapshot: results/hit2d/dilatational_Mt050_N512_CFL_0p05/hit2d_step0040000.npz
step= 41000, t=6.726220, dt=1.599e-04, KE=9.937773e-02, Mt=0.4404, A_K=0.093, Cuv=-0.023, P_in=1.783e-02, P_tgt=1.792e-02, A_F=0.012, K_low=0.102, P_drag=-1.920e-03, P_cool=-3.476e-02, WENO=0.365, rho_mean=1.000000, p_mean=0.783800, div_rms=4.265e+00, vort_rms=1.648e+00, K_dil=0.455, mass_err=-9.523e-11
step= 42000, t=6.880790, dt=1.532e-04, KE=1.002928e-01, Mt=0.4396, A_K=0.128, Cuv=-0.106, P_in=8.015e-02, P_tgt=8.010e-02, A_F=0.134, K_low=0.094, P_drag=-1.816e-03, P_cool=-3.473e-02, WENO=0.361, rho_mean=1.000000, p_mean=0.783748, div_rms=4.015e+00, vort_rms=1.584e+00, K_dil=0.465, mass_err=-9.756e-11
step= 43000, t=7.036311, dt=1.515e-04, KE=1.079173e-01, Mt=0.4613, A_K=0.073, Cuv=-0.163, P_in=2.773e-01, P_tgt=2.771e-01, A_F=0.274, K_low=0.084, P_drag=-1.697e-03, P_cool=-3.723e-02, WENO=0.357, rho_mean=1.000000, p_mean=0.788754, div_rms=3.939e+00, vort_rms=1.562e+00, K_dil=0.528, mass_err=-9.987e-11
step= 44000, t=7.190693, dt=1.547e-04, KE=1.191639e-01, Mt=0.4957, A_K=0.019, Cuv=-0.084, P_in=4.311e-01, P_tgt=4.305e-01, A_F=0.057, K_low=0.077, P_drag=-1.654e-03, P_cool=-4.514e-02, WENO=0.365, rho_mean=1.000000, p_mean=0.804566, div_rms=4.082e+00, vort_rms=1.595e+00, K_dil=0.597, mass_err=-1.022e-10
step= 45000, t=7.337287, dt=1.288e-04, KE=1.244284e-01, Mt=0.5112, A_K=0.040, Cuv=-0.015, P_in=3.832e-01, P_tgt=3.834e-01, A_F=0.111, K_low=0.074, P_drag=-1.737e-03, P_cool=-5.495e-02, WENO=0.383, rho_mean=1.000000, p_mean=0.824183, div_rms=4.469e+00, vort_rms=1.658e+00, K_dil=0.625, mass_err=-1.045e-10
step= 46000, t=7.460994, dt=1.261e-04, KE=1.315416e-01, Mt=0.5236, A_K=0.056, Cuv=-0.119, P_in=2.801e-01, P_tgt=2.795e-01, A_F=0.061, K_low=0.068, P_drag=-1.758e-03, P_cool=-6.037e-02, WENO=0.390, rho_mean=1.000000, p_mean=0.835034, div_rms=4.880e+00, vort_rms=1.706e+00, K_dil=0.648, mass_err=-1.068e-10
step= 47000, t=7.580422, dt=1.183e-04, KE=1.383933e-01, Mt=0.5314, A_K=0.060, Cuv=-0.193, P_in=1.655e-01, P_tgt=1.654e-01, A_F=0.071, K_low=0.064, P_drag=-1.747e-03, P_cool=-6.273e-02, WENO=0.388, rho_mean=1.000000, p_mean=0.839747, div_rms=5.385e+00, vort_rms=1.858e+00, K_dil=0.661, mass_err=-1.091e-10
step= 48000, t=7.697355, dt=1.024e-04, KE=1.482847e-01, Mt=0.5468, A_K=0.128, Cuv=-0.122, P_in=8.583e-02, P_tgt=8.559e-02, A_F=0.058, K_low=0.063, P_drag=-1.762e-03, P_cool=-6.213e-02, WENO=0.386, rho_mean=1.000000, p_mean=0.838543, div_rms=5.622e+00, vort_rms=2.043e+00, K_dil=0.675, mass_err=-1.114e-10
step= 49000, t=7.799488, dt=1.024e-04, KE=1.639394e-01, Mt=0.5811, A_K=0.179, Cuv=0.003, P_in=2.929e-02, P_tgt=2.939e-02, A_F=0.041, K_low=0.061, P_drag=-1.782e-03, P_cool=-5.887e-02, WENO=0.372, rho_mean=1.000000, p_mean=0.832028, div_rms=5.891e+00, vort_rms=2.226e+00, K_dil=0.699, mass_err=-1.138e-10
step= 50000, t=7.899672, dt=9.956e-05, KE=1.730396e-01, Mt=0.5939, A_K=0.174, Cuv=0.037, P_in=7.244e-03, P_tgt=7.165e-03, A_F=0.044, K_low=0.060, P_drag=-1.766e-03, P_cool=-5.622e-02, WENO=0.361, rho_mean=1.000000, p_mean=0.826727, div_rms=5.923e+00, vort_rms=2.367e+00, K_dil=0.707, mass_err=-1.161e-10
saved snapshot: results/hit2d/dilatational_Mt050_N512_CFL_0p05/hit2d_step0050000.npz
step= 51000, t=7.992915, dt=9.057e-05, KE=1.730521e-01, Mt=0.5857, A_K=0.124, Cuv=0.012, P_in=1.764e-03, P_tgt=1.736e-03, A_F=0.091, K_low=0.060, P_drag=-1.808e-03, P_cool=-5.522e-02, WENO=0.362, rho_mean=1.000000, p_mean=0.824735, div_rms=6.047e+00, vort_rms=2.496e+00, K_dil=0.706, mass_err=-1.184e-10
step= 52000, t=8.089230, dt=1.044e-04, KE=1.664619e-01, Mt=0.5712, A_K=0.101, Cuv=-0.023, P_in=4.811e-04, P_tgt=4.827e-04, A_F=0.223, K_low=0.061, P_drag=-1.847e-03, P_cool=-5.546e-02, WENO=0.367, rho_mean=1.000000, p_mean=0.825215, div_rms=6.090e+00, vort_rms=2.439e+00, K_dil=0.705, mass_err=-1.207e-10
step= 53000, t=8.197312, dt=1.124e-04, KE=1.469233e-01, Mt=0.5357, A_K=0.107, Cuv=-0.046, P_in=1.884e-04, P_tgt=1.877e-04, A_F=0.286, K_low=0.067, P_drag=-1.854e-03, P_cool=-5.811e-02, WENO=0.381, rho_mean=1.000000, p_mean=0.830511, div_rms=5.900e+00, vort_rms=2.373e+00, K_dil=0.681, mass_err=-1.230e-10
step= 54000, t=8.317921, dt=1.301e-04, KE=1.221944e-01, Mt=0.4868, A_K=0.085, Cuv=-0.010, P_in=1.512e-04, P_tgt=1.511e-04, A_F=0.098, K_low=0.080, P_drag=-1.850e-03, P_cool=-6.157e-02, WENO=0.388, rho_mean=1.000000, p_mean=0.837425, div_rms=5.694e+00, vort_rms=2.248e+00, K_dil=0.632, mass_err=-1.253e-10
step= 55000, t=8.453157, dt=1.395e-04, KE=1.075035e-01, Mt=0.4483, A_K=0.020, Cuv=0.054, P_in=3.318e-04, P_tgt=3.303e-04, A_F=0.066, K_low=0.090, P_drag=-1.862e-03, P_cool=-6.277e-02, WENO=0.395, rho_mean=1.000000, p_mean=0.839826, div_rms=5.463e+00, vort_rms=2.126e+00, K_dil=0.585, mass_err=-1.276e-10
step= 56000, t=8.597651, dt=1.497e-04, KE=1.058733e-01, Mt=0.4399, A_K=0.035, Cuv=0.036, P_in=1.325e-03, P_tgt=1.326e-03, A_F=0.097, K_low=0.095, P_drag=-1.898e-03, P_cool=-6.126e-02, WENO=0.379, rho_mean=1.000000, p_mean=0.836806, div_rms=5.247e+00, vort_rms=1.984e+00, K_dil=0.585, mass_err=-1.299e-10
step= 57000, t=8.749577, dt=1.557e-04, KE=1.016255e-01, Mt=0.4354, A_K=0.009, Cuv=0.007, P_in=6.119e-03, P_tgt=6.107e-03, A_F=0.096, K_low=0.103, P_drag=-1.937e-03, P_cool=-6.029e-02, WENO=0.374, rho_mean=1.000000, p_mean=0.834871, div_rms=4.893e+00, vort_rms=1.842e+00, K_dil=0.596, mass_err=-1.323e-10
step= 58000, t=8.898151, dt=1.537e-04, KE=9.342781e-02, Mt=0.4172, A_K=0.016, Cuv=0.009, P_in=3.972e-02, P_tgt=3.986e-02, A_F=0.201, K_low=0.111, P_drag=-1.919e-03, P_cool=-6.058e-02, WENO=0.390, rho_mean=1.000000, p_mean=0.835437, div_rms=4.573e+00, vort_rms=1.727e+00, K_dil=0.586, mass_err=-1.346e-10
step= 59000, t=9.051213, dt=1.487e-04, KE=1.020816e-01, Mt=0.4346, A_K=0.070, Cuv=0.042, P_in=3.322e-01, P_tgt=3.322e-01, A_F=0.231, K_low=0.099, P_drag=-1.797e-03, P_cool=-6.131e-02, WENO=0.402, rho_mean=1.000000, p_mean=0.836906, div_rms=4.365e+00, vort_rms=1.680e+00, K_dil=0.632, mass_err=-1.369e-10
step= 60000, t=9.198168, dt=1.483e-04, KE=1.363400e-01, Mt=0.5114, A_K=0.145, Cuv=0.059, P_in=5.918e-01, P_tgt=5.919e-01, A_F=0.091, K_low=0.071, P_drag=-1.625e-03, P_cool=-6.811e-02, WENO=0.408, rho_mean=1.000000, p_mean=0.850504, div_rms=4.461e+00, vort_rms=1.679e+00, K_dil=0.740, mass_err=-1.392e-10
saved snapshot: results/hit2d/dilatational_Mt050_N512_CFL_0p05/hit2d_step0060000.npz
step= 61000, t=9.334554, dt=1.431e-04, KE=1.233234e-01, Mt=0.5081, A_K=0.043, Cuv=0.064, P_in=4.420e-01, P_tgt=4.420e-01, A_F=0.087, K_low=0.078, P_drag=-1.530e-03, P_cool=-8.253e-02, WENO=0.414, rho_mean=1.000000, p_mean=0.879344, div_rms=4.640e+00, vort_rms=1.722e+00, K_dil=0.741, mass_err=-1.415e-10
step= 62000, t=9.477389, dt=1.350e-04, KE=1.285034e-01, Mt=0.5105, A_K=0.041, Cuv=0.150, P_in=4.080e-01, P_tgt=4.079e-01, A_F=0.132, K_low=0.071, P_drag=-1.472e-03, P_cool=-9.117e-02, WENO=0.427, rho_mean=1.000000, p_mean=0.896629, div_rms=5.232e+00, vort_rms=1.792e+00, K_dil=0.746, mass_err=-1.438e-10
step= 63000, t=9.610004, dt=1.246e-04, KE=1.651478e-01, Mt=0.5667, A_K=0.164, Cuv=0.113, P_in=2.106e-01, P_tgt=2.103e-01, A_F=0.053, K_low=0.049, P_drag=-1.415e-03, P_cool=-9.005e-02, WENO=0.419, rho_mean=1.000000, p_mean=0.894376, div_rms=6.083e+00, vort_rms=1.893e+00, K_dil=0.797, mass_err=-1.462e-10
step= 64000, t=9.725796, dt=1.116e-04, KE=1.875310e-01, Mt=0.6021, A_K=0.156, Cuv=-0.030, P_in=5.369e-02, P_tgt=5.360e-02, A_F=0.056, K_low=0.037, P_drag=-1.343e-03, P_cool=-8.633e-02, WENO=0.401, rho_mean=1.000000, p_mean=0.886942, div_rms=6.735e+00, vort_rms=2.097e+00, K_dil=0.825, mass_err=-1.485e-10
step= 65000, t=9.832809, dt=1.037e-04, KE=1.907084e-01, Mt=0.6054, A_K=0.083, Cuv=-0.127, P_in=6.895e-03, P_tgt=1.088e-02, A_F=0.080, K_low=0.032, P_drag=-1.319e-03, P_cool=-8.440e-02, WENO=0.389, rho_mean=1.000000, p_mean=0.883090, div_rms=7.087e+00, vort_rms=2.275e+00, K_dil=0.833, mass_err=-1.508e-10
step= 66000, t=9.937842, dt=1.056e-04, KE=1.770721e-01, Mt=0.5741, A_K=0.040, Cuv=-0.098, P_in=2.635e-03, P_tgt=2.645e-03, A_F=0.026, K_low=0.034, P_drag=-1.397e-03, P_cool=-8.537e-02, WENO=0.385, rho_mean=1.000000, p_mean=0.885035, div_rms=7.019e+00, vort_rms=2.454e+00, K_dil=0.817, mass_err=-1.531e-10
step= 67000, t=10.046683, dt=1.125e-04, KE=1.582549e-01, Mt=0.5403, A_K=0.013, Cuv=0.008, P_in=9.864e-04, P_tgt=9.782e-04, A_F=0.035, K_low=0.043, P_drag=-1.545e-03, P_cool=-8.720e-02, WENO=0.383, rho_mean=1.000000, p_mean=0.888678, div_rms=7.075e+00, vort_rms=2.451e+00, K_dil=0.796, mass_err=-1.554e-10
step= 68000, t=10.157759, dt=1.062e-04, KE=1.343254e-01, Mt=0.4971, A_K=0.050, Cuv=0.044, P_in=6.964e-04, P_tgt=6.958e-04, A_F=0.151, K_low=0.059, P_drag=-1.662e-03, P_cool=-8.994e-02, WENO=0.396, rho_mean=1.000000, p_mean=0.894163, div_rms=6.748e+00, vort_rms=2.423e+00, K_dil=0.757, mass_err=-1.578e-10
step= 69000, t=10.273843, dt=1.201e-04, KE=1.184634e-01, Mt=0.4617, A_K=0.112, Cuv=0.006, P_in=1.099e-03, P_tgt=1.098e-03, A_F=0.198, K_low=0.073, P_drag=-1.704e-03, P_cool=-9.095e-02, WENO=0.403, rho_mean=1.000000, p_mean=0.896192, div_rms=6.426e+00, vort_rms=2.360e+00, K_dil=0.722, mass_err=-1.601e-10
step= 70000, t=10.399103, dt=1.294e-04, KE=1.115110e-01, Mt=0.4382, A_K=0.131, Cuv=-0.048, P_in=3.853e-03, P_tgt=3.849e-03, A_F=0.285, K_low=0.077, P_drag=-1.645e-03, P_cool=-9.006e-02, WENO=0.413, rho_mean=1.000000, p_mean=0.894397, div_rms=5.931e+00, vort_rms=2.247e+00, K_dil=0.707, mass_err=-1.624e-10
saved snapshot: results/hit2d/dilatational_Mt050_N512_CFL_0p05/hit2d_step0070000.npz
step= 71000, t=10.532327, dt=1.352e-04, KE=1.147963e-01, Mt=0.4405, A_K=0.080, Cuv=-0.067, P_in=1.710e-02, P_tgt=1.696e-02, A_F=0.236, K_low=0.064, P_drag=-1.451e-03, P_cool=-8.723e-02, WENO=0.406, rho_mean=1.000000, p_mean=0.888740, div_rms=5.669e+00, vort_rms=2.111e+00, K_dil=0.726, mass_err=-1.647e-10
step= 72000, t=10.665160, dt=1.315e-04, KE=1.068172e-01, Mt=0.4304, A_K=0.029, Cuv=-0.076, P_in=7.900e-02, P_tgt=7.903e-02, A_F=0.146, K_low=0.058, P_drag=-1.241e-03, P_cool=-8.751e-02, WENO=0.396, rho_mean=1.000000, p_mean=0.889311, div_rms=5.350e+00, vort_rms=1.973e+00, K_dil=0.727, mass_err=-1.670e-10
step= 73000, t=10.800589, dt=1.335e-04, KE=1.050734e-01, Mt=0.4306, A_K=0.009, Cuv=-0.070, P_in=5.348e-01, P_tgt=5.349e-01, A_F=0.021, K_low=0.054, P_drag=-1.100e-03, P_cool=-9.186e-02, WENO=0.406, rho_mean=1.000000, p_mean=0.898007, div_rms=5.102e+00, vort_rms=1.883e+00, K_dil=0.735, mass_err=-1.693e-10
step= 74000, t=10.935162, dt=1.372e-04, KE=1.569769e-01, Mt=0.5299, A_K=0.029, Cuv=0.004, P_in=8.791e-01, P_tgt=8.789e-01, A_F=0.083, K_low=0.036, P_drag=-1.049e-03, P_cool=-1.019e-01, WENO=0.421, rho_mean=1.000000, p_mean=0.918153, div_rms=5.157e+00, vort_rms=1.843e+00, K_dil=0.826, mass_err=-1.717e-10
step= 75000, t=11.071130, dt=1.278e-04, KE=1.476145e-01, Mt=0.5257, A_K=0.073, Cuv=0.042, P_in=4.735e-01, P_tgt=4.735e-01, A_F=0.192, K_low=0.038, P_drag=-1.080e-03, P_cool=-1.185e-01, WENO=0.453, rho_mean=1.000000, p_mean=0.951259, div_rms=5.333e+00, vort_rms=1.946e+00, K_dil=0.815, mass_err=-1.740e-10
step= 76000, t=11.191021, dt=1.071e-04, KE=1.568503e-01, Mt=0.5301, A_K=0.101, Cuv=0.055, P_in=3.035e-01, P_tgt=3.027e-01, A_F=0.238, K_low=0.036, P_drag=-1.183e-03, P_cool=-1.229e-01, WENO=0.450, rho_mean=1.000000, p_mean=0.960141, div_rms=5.909e+00, vort_rms=2.130e+00, K_dil=0.808, mass_err=-1.763e-10
step= 77000, t=11.286699, dt=9.080e-05, KE=1.722282e-01, Mt=0.5500, A_K=0.061, Cuv=0.068, P_in=1.487e-01, P_tgt=1.476e-01, A_F=0.144, K_low=0.037, P_drag=-1.269e-03, P_cool=-1.217e-01, WENO=0.431, rho_mean=1.000000, p_mean=0.957659, div_rms=6.405e+00, vort_rms=2.273e+00, K_dil=0.812, mass_err=-1.786e-10
step= 78000, t=11.381865, dt=1.063e-04, KE=1.708864e-01, Mt=0.5572, A_K=0.057, Cuv=0.031, P_in=5.789e-02, P_tgt=5.726e-02, A_F=0.049, K_low=0.043, P_drag=-1.323e-03, P_cool=-1.214e-01, WENO=0.419, rho_mean=1.000000, p_mean=0.957026, div_rms=6.786e+00, vort_rms=2.330e+00, K_dil=0.810, mass_err=-1.809e-10
step= 79000, t=11.495944, dt=1.172e-04, KE=1.651840e-01, Mt=0.5544, A_K=0.085, Cuv=0.020, P_in=2.276e-02, P_tgt=2.235e-02, A_F=0.089, K_low=0.050, P_drag=-1.379e-03, P_cool=-1.205e-01, WENO=0.401, rho_mean=1.000000, p_mean=0.955334, div_rms=7.056e+00, vort_rms=2.357e+00, K_dil=0.807, mass_err=-1.833e-10
step= 80000, t=11.615783, dt=1.278e-04, KE=1.653595e-01, Mt=0.5439, A_K=0.126, Cuv=0.044, P_in=9.644e-03, P_tgt=9.522e-03, A_F=0.098, K_low=0.051, P_drag=-1.435e-03, P_cool=-1.179e-01, WENO=0.405, rho_mean=1.000000, p_mean=0.950145, div_rms=7.029e+00, vort_rms=2.391e+00, K_dil=0.796, mass_err=-1.856e-10
saved snapshot: results/hit2d/dilatational_Mt050_N512_CFL_0p05/hit2d_step0080000.npz
step= 81000, t=11.741064, dt=1.176e-04, KE=1.767473e-01, Mt=0.5557, A_K=0.165, Cuv=0.048, P_in=4.185e-03, P_tgt=4.195e-03, A_F=0.088, K_low=0.047, P_drag=-1.475e-03, P_cool=-1.129e-01, WENO=0.394, rho_mean=1.000000, p_mean=0.939993, div_rms=6.965e+00, vort_rms=2.387e+00, K_dil=0.804, mass_err=-1.879e-10
step= 82000, t=11.855094, dt=1.136e-04, KE=1.835897e-01, Mt=0.5652, A_K=0.179, Cuv=-0.008, P_in=1.477e-03, P_tgt=1.477e-03, A_F=0.028, K_low=0.043, P_drag=-1.479e-03, P_cool=-1.090e-01, WENO=0.383, rho_mean=1.000000, p_mean=0.932238, div_rms=6.772e+00, vort_rms=2.366e+00, K_dil=0.813, mass_err=-1.902e-10
step= 83000, t=11.971693, dt=1.195e-04, KE=1.691656e-01, Mt=0.5430, A_K=0.181, Cuv=-0.071, P_in=5.520e-04, P_tgt=5.515e-04, A_F=0.000, K_low=0.044, P_drag=-1.505e-03, P_cool=-1.093e-01, WENO=0.379, rho_mean=1.000000, p_mean=0.932906, div_rms=6.651e+00, vort_rms=2.307e+00, K_dil=0.803, mass_err=-1.926e-10
step= 84000, t=12.092031, dt=1.171e-04, KE=1.344648e-01, Mt=0.4813, A_K=0.177, Cuv=-0.073, P_in=4.244e-04, P_tgt=4.273e-04, A_F=0.115, K_low=0.056, P_drag=-1.577e-03, P_cool=-1.135e-01, WENO=0.393, rho_mean=1.000000, p_mean=0.941377, div_rms=6.260e+00, vort_rms=2.273e+00, K_dil=0.756, mass_err=-1.949e-10
step= 85000, t=12.224846, dt=1.381e-04, KE=1.029385e-01, Mt=0.4138, A_K=0.119, Cuv=-0.047, P_in=1.539e-03, P_tgt=1.556e-03, A_F=0.032, K_low=0.078, P_drag=-1.696e-03, P_cool=-1.168e-01, WENO=0.400, rho_mean=1.000000, p_mean=0.947802, div_rms=5.873e+00, vort_rms=2.179e+00, K_dil=0.674, mass_err=-1.972e-10
step= 86000, t=12.354028, dt=1.286e-04, KE=9.567272e-02, Mt=0.3902, A_K=0.069, Cuv=-0.042, P_in=2.926e-02, P_tgt=2.919e-02, A_F=0.189, K_low=0.094, P_drag=-1.872e-03, P_cool=-1.154e-01, WENO=0.396, rho_mean=1.000000, p_mean=0.945008, div_rms=5.449e+00, vort_rms=2.074e+00, K_dil=0.637, mass_err=-1.995e-10
step= 87000, t=12.479850, dt=1.279e-04, KE=1.206084e-01, Mt=0.4324, A_K=0.068, Cuv=-0.095, P_in=4.351e-01, P_tgt=4.352e-01, A_F=0.158, K_low=0.084, P_drag=-1.999e-03, P_cool=-1.117e-01, WENO=0.386, rho_mean=1.000000, p_mean=0.937595, div_rms=5.136e+00, vort_rms=1.959e+00, K_dil=0.716, mass_err=-2.018e-10
step= 88000, t=12.598989, dt=1.072e-04, KE=1.767070e-01, Mt=0.5302, A_K=0.076, Cuv=-0.087, P_in=6.281e-01, P_tgt=6.279e-01, A_F=0.147, K_low=0.062, P_drag=-2.164e-03, P_cool=-1.128e-01, WENO=0.382, rho_mean=1.000000, p_mean=0.939847, div_rms=5.071e+00, vort_rms=1.874e+00, K_dil=0.817, mass_err=-2.041e-10
step= 89000, t=12.715118, dt=1.290e-04, KE=1.642782e-01, Mt=0.5280, A_K=0.142, Cuv=-0.008, P_in=3.168e-01, P_tgt=3.172e-01, A_F=0.028, K_low=0.069, P_drag=-2.270e-03, P_cool=-1.229e-01, WENO=0.377, rho_mean=1.000000, p_mean=0.960134, div_rms=5.033e+00, vort_rms=1.867e+00, K_dil=0.816, mass_err=-2.064e-10
step= 90000, t=12.850893, dt=1.430e-04, KE=1.274405e-01, Mt=0.4824, A_K=0.120, Cuv=0.015, P_in=3.065e-01, P_tgt=3.064e-01, A_F=0.066, K_low=0.091, P_drag=-2.140e-03, P_cool=-1.346e-01, WENO=0.401, rho_mean=1.000000, p_mean=0.983560, div_rms=5.345e+00, vort_rms=1.900e+00, K_dil=0.780, mass_err=-2.088e-10
saved snapshot: results/hit2d/dilatational_Mt050_N512_CFL_0p05/hit2d_step0090000.npz
step= 91000, t=12.985785, dt=1.188e-04, KE=1.463225e-01, Mt=0.5065, A_K=0.026, Cuv=0.018, P_in=3.736e-01, P_tgt=3.734e-01, A_F=0.075, K_low=0.079, P_drag=-1.891e-03, P_cool=-1.369e-01, WENO=0.407, rho_mean=1.000000, p_mean=0.988122, div_rms=6.065e+00, vort_rms=1.987e+00, K_dil=0.807, mass_err=-2.111e-10
step= 92000, t=13.093728, dt=1.010e-04, KE=1.683596e-01, Mt=0.5417, A_K=0.048, Cuv=0.003, P_in=2.394e-01, P_tgt=2.393e-01, A_F=0.189, K_low=0.069, P_drag=-1.876e-03, P_cool=-1.365e-01, WENO=0.400, rho_mean=1.000000, p_mean=0.987244, div_rms=6.422e+00, vort_rms=2.173e+00, K_dil=0.820, mass_err=-2.134e-10
step= 93000, t=13.193403, dt=1.015e-04, KE=1.760368e-01, Mt=0.5630, A_K=0.004, Cuv=0.005, P_in=9.275e-02, P_tgt=9.292e-02, A_F=0.133, K_low=0.067, P_drag=-1.961e-03, P_cool=-1.354e-01, WENO=0.396, rho_mean=1.000000, p_mean=0.985177, div_rms=6.567e+00, vort_rms=2.483e+00, K_dil=0.808, mass_err=-2.157e-10
step= 94000, t=13.289780, dt=9.507e-05, KE=1.675357e-01, Mt=0.5491, A_K=0.059, Cuv=0.022, P_in=3.406e-02, P_tgt=3.396e-02, A_F=0.026, K_low=0.073, P_drag=-2.064e-03, P_cool=-1.357e-01, WENO=0.388, rho_mean=1.000000, p_mean=0.985596, div_rms=6.630e+00, vort_rms=2.551e+00, K_dil=0.781, mass_err=-2.180e-10
step= 95000, t=13.389624, dt=1.022e-04, KE=1.670558e-01, Mt=0.5436, A_K=0.075, Cuv=0.007, P_in=1.570e-02, P_tgt=1.559e-02, A_F=0.058, K_low=0.074, P_drag=-2.122e-03, P_cool=-1.335e-01, WENO=0.392, rho_mean=1.000000, p_mean=0.981230, div_rms=6.642e+00, vort_rms=2.590e+00, K_dil=0.768, mass_err=-2.204e-10
step= 96000, t=13.493123, dt=1.052e-04, KE=1.693362e-01, Mt=0.5417, A_K=0.100, Cuv=-0.020, P_in=7.329e-03, P_tgt=7.243e-03, A_F=0.114, K_low=0.069, P_drag=-2.056e-03, P_cool=-1.304e-01, WENO=0.391, rho_mean=1.000000, p_mean=0.975077, div_rms=6.665e+00, vort_rms=2.570e+00, K_dil=0.758, mass_err=-2.227e-10
step= 97000, t=13.600985, dt=1.088e-04, KE=1.688395e-01, Mt=0.5404, A_K=0.134, Cuv=0.032, P_in=3.503e-03, P_tgt=3.484e-03, A_F=0.074, K_low=0.062, P_drag=-1.901e-03, P_cool=-1.277e-01, WENO=0.377, rho_mean=1.000000, p_mean=0.969682, div_rms=6.693e+00, vort_rms=2.508e+00, K_dil=0.754, mass_err=-2.250e-10
step= 98000, t=13.718544, dt=1.225e-04, KE=1.560644e-01, Mt=0.5197, A_K=0.143, Cuv=0.067, P_in=2.034e-03, P_tgt=1.979e-03, A_F=0.100, K_low=0.058, P_drag=-1.675e-03, P_cool=-1.272e-01, WENO=0.383, rho_mean=1.000000, p_mean=0.968731, div_rms=6.489e+00, vort_rms=2.445e+00, K_dil=0.738, mass_err=-2.273e-10
step= 99000, t=13.843519, dt=1.275e-04, KE=1.421341e-01, Mt=0.4953, A_K=0.097, Cuv=0.009, P_in=1.673e-03, P_tgt=1.674e-03, A_F=0.044, K_low=0.056, P_drag=-1.491e-03, P_cool=-1.268e-01, WENO=0.387, rho_mean=1.000000, p_mean=0.967942, div_rms=6.262e+00, vort_rms=2.412e+00, K_dil=0.718, mass_err=-2.296e-10
step=100000, t=13.963004, dt=1.083e-04, KE=1.252847e-01, Mt=0.4576, A_K=0.046, Cuv=-0.024, P_in=2.768e-03, P_tgt=2.775e-03, A_F=0.046, K_low=0.062, P_drag=-1.448e-03, P_cool=-1.272e-01, WENO=0.391, rho_mean=1.000000, p_mean=0.968637, div_rms=5.944e+00, vort_rms=2.343e+00, K_dil=0.679, mass_err=-2.319e-10
saved snapshot: results/hit2d/dilatational_Mt050_N512_CFL_0p05/hit2d_step0100000.npz
step=101000, t=14.079174, dt=1.253e-04, KE=1.139853e-01, Mt=0.4266, A_K=0.016, Cuv=-0.010, P_in=1.179e-02, P_tgt=1.176e-02, A_F=0.084, K_low=0.071, P_drag=-1.531e-03, P_cool=-1.266e-01, WENO=0.388, rho_mean=1.000000, p_mean=0.967469, div_rms=5.623e+00, vort_rms=2.251e+00, K_dil=0.645, mass_err=-2.342e-10
step=102000, t=14.200982, dt=1.310e-04, KE=1.145016e-01, Mt=0.4269, A_K=0.023, Cuv=0.033, P_in=8.238e-02, P_tgt=8.234e-02, A_F=0.194, K_low=0.075, P_drag=-1.640e-03, P_cool=-1.243e-01, WENO=0.379, rho_mean=1.000000, p_mean=0.962861, div_rms=5.372e+00, vort_rms=2.150e+00, K_dil=0.662, mass_err=-2.366e-10
step=103000, t=14.332556, dt=1.288e-04, KE=1.293258e-01, Mt=0.4587, A_K=0.065, Cuv=0.053, P_in=3.421e-01, P_tgt=3.428e-01, A_F=0.082, K_low=0.070, P_drag=-1.682e-03, P_cool=-1.232e-01, WENO=0.373, rho_mean=1.000000, p_mean=0.960784, div_rms=5.270e+00, vort_rms=2.034e+00, K_dil=0.724, mass_err=-2.389e-10
step=104000, t=14.456230, dt=1.217e-04, KE=1.401693e-01, Mt=0.4841, A_K=0.027, Cuv=0.012, P_in=6.431e-01, P_tgt=6.442e-01, A_F=0.178, K_low=0.065, P_drag=-1.622e-03, P_cool=-1.303e-01, WENO=0.379, rho_mean=1.000000, p_mean=0.974884, div_rms=5.159e+00, vort_rms=2.020e+00, K_dil=0.765, mass_err=-2.412e-10
step=105000, t=14.578906, dt=1.253e-04, KE=1.429813e-01, Mt=0.5058, A_K=0.044, Cuv=-0.056, P_in=7.129e-01, P_tgt=7.133e-01, A_F=0.200, K_low=0.061, P_drag=-1.518e-03, P_cool=-1.435e-01, WENO=0.395, rho_mean=1.000000, p_mean=1.001302, div_rms=5.209e+00, vort_rms=2.052e+00, K_dil=0.792, mass_err=-2.435e-10
step=106000, t=14.702243, dt=1.153e-04, KE=1.487685e-01, Mt=0.5232, A_K=0.020, Cuv=0.042, P_in=5.390e-01, P_tgt=5.385e-01, A_F=0.093, K_low=0.055, P_drag=-1.404e-03, P_cool=-1.543e-01, WENO=0.432, rho_mean=1.000000, p_mean=1.022787, div_rms=5.581e+00, vort_rms=2.097e+00, K_dil=0.806, mass_err=-2.458e-10
step=107000, t=14.809173, dt=1.063e-04, KE=1.588681e-01, Mt=0.5397, A_K=0.078, Cuv=0.218, P_in=3.052e-01, P_tgt=3.058e-01, A_F=0.033, K_low=0.049, P_drag=-1.364e-03, P_cool=-1.578e-01, WENO=0.447, rho_mean=1.000000, p_mean=1.029846, div_rms=6.127e+00, vort_rms=2.249e+00, K_dil=0.814, mass_err=-2.482e-10
step=108000, t=14.915499, dt=9.690e-05, KE=1.633130e-01, Mt=0.5527, A_K=0.164, Cuv=0.239, P_in=1.327e-01, P_tgt=1.326e-01, A_F=0.167, K_low=0.046, P_drag=-1.357e-03, P_cool=-1.580e-01, WENO=0.445, rho_mean=1.000000, p_mean=1.030352, div_rms=6.920e+00, vort_rms=2.464e+00, K_dil=0.809, mass_err=-2.505e-10
step=109000, t=15.004874, dt=8.508e-05, KE=1.643470e-01, Mt=0.5539, A_K=0.196, Cuv=0.125, P_in=5.453e-02, P_tgt=5.414e-02, A_F=0.229, K_low=0.043, P_drag=-1.359e-03, P_cool=-1.568e-01, WENO=0.436, rho_mean=1.000000, p_mean=1.027791, div_rms=7.132e+00, vort_rms=2.687e+00, K_dil=0.781, mass_err=-2.528e-10
step=110000, t=15.092308, dt=9.437e-05, KE=1.842942e-01, Mt=0.5861, A_K=0.167, Cuv=0.042, P_in=1.789e-02, P_tgt=1.764e-02, A_F=0.253, K_low=0.039, P_drag=-1.422e-03, P_cool=-1.508e-01, WENO=0.422, rho_mean=1.000000, p_mean=1.015828, div_rms=7.206e+00, vort_rms=2.871e+00, K_dil=0.777, mass_err=-2.551e-10
saved snapshot: results/hit2d/dilatational_Mt050_N512_CFL_0p05/hit2d_step0110000.npz
step=111000, t=15.185557, dt=9.039e-05, KE=2.068822e-01, Mt=0.6120, A_K=0.112, Cuv=0.033, P_in=3.675e-03, P_tgt=3.672e-03, A_F=0.189, K_low=0.038, P_drag=-1.576e-03, P_cool=-1.437e-01, WENO=0.402, rho_mean=1.000000, p_mean=1.001711, div_rms=7.351e+00, vort_rms=2.966e+00, K_dil=0.784, mass_err=-2.575e-10
step=112000, t=15.290915, dt=1.010e-04, KE=2.187503e-01, Mt=0.6110, A_K=0.043, Cuv=0.039, P_in=6.975e-04, P_tgt=6.964e-04, A_F=0.136, K_low=0.039, P_drag=-1.736e-03, P_cool=-1.383e-01, WENO=0.388, rho_mean=1.000000, p_mean=0.990980, div_rms=7.190e+00, vort_rms=3.091e+00, K_dil=0.779, mass_err=-2.598e-10
step=113000, t=15.390298, dt=1.002e-04, KE=2.098843e-01, Mt=0.5874, A_K=0.013, Cuv=0.030, P_in=1.456e-04, P_tgt=1.457e-04, A_F=0.192, K_low=0.045, P_drag=-1.929e-03, P_cool=-1.373e-01, WENO=0.391, rho_mean=1.000000, p_mean=0.988978, div_rms=7.162e+00, vort_rms=3.114e+00, K_dil=0.766, mass_err=-2.621e-10
step=114000, t=15.491827, dt=1.013e-04, KE=1.776595e-01, Mt=0.5335, A_K=0.000, Cuv=-0.025, P_in=5.248e-05, P_tgt=5.247e-05, A_F=0.005, K_low=0.059, P_drag=-2.128e-03, P_cool=-1.409e-01, WENO=0.400, rho_mean=1.000000, p_mean=0.996119, div_rms=6.908e+00, vort_rms=3.027e+00, K_dil=0.727, mass_err=-2.644e-10
step=115000, t=15.600845, dt=1.148e-04, KE=1.505243e-01, Mt=0.4858, A_K=0.015, Cuv=-0.097, P_in=4.584e-05, P_tgt=4.580e-05, A_F=0.064, K_low=0.077, P_drag=-2.322e-03, P_cool=-1.432e-01, WENO=0.416, rho_mean=1.000000, p_mean=1.000649, div_rms=6.607e+00, vort_rms=2.862e+00, K_dil=0.681, mass_err=-2.668e-10
step=116000, t=15.719060, dt=1.216e-04, KE=1.375249e-01, Mt=0.4599, A_K=0.008, Cuv=-0.130, P_in=8.688e-05, P_tgt=8.620e-05, A_F=0.116, K_low=0.092, P_drag=-2.491e-03, P_cool=-1.423e-01, WENO=0.429, rho_mean=1.000000, p_mean=0.998960, div_rms=6.273e+00, vort_rms=2.629e+00, K_dil=0.661, mass_err=-2.691e-10
step=117000, t=15.844152, dt=1.258e-04, KE=1.316369e-01, Mt=0.4485, A_K=0.022, Cuv=-0.117, P_in=2.486e-04, P_tgt=2.475e-04, A_F=0.105, K_low=0.102, P_drag=-2.555e-03, P_cool=-1.399e-01, WENO=0.429, rho_mean=1.000000, p_mean=0.994130, div_rms=5.939e+00, vort_rms=2.408e+00, K_dil=0.657, mass_err=-2.714e-10
step=118000, t=15.966874, dt=1.211e-04, KE=1.233034e-01, Mt=0.4378, A_K=0.027, Cuv=-0.072, P_in=9.571e-04, P_tgt=9.651e-04, A_F=0.161, K_low=0.109, P_drag=-2.505e-03, P_cool=-1.381e-01, WENO=0.422, rho_mean=1.000000, p_mean=0.990550, div_rms=5.589e+00, vort_rms=2.235e+00, K_dil=0.651, mass_err=-2.737e-10
step=119000, t=16.089550, dt=1.227e-04, KE=1.112723e-01, Mt=0.4204, A_K=0.020, Cuv=-0.027, P_in=5.723e-03, P_tgt=5.704e-03, A_F=0.062, K_low=0.114, P_drag=-2.379e-03, P_cool=-1.372e-01, WENO=0.410, rho_mean=1.000000, p_mean=0.988609, div_rms=5.318e+00, vort_rms=2.128e+00, K_dil=0.634, mass_err=-2.760e-10
step=120000, t=16.216698, dt=1.306e-04, KE=1.050283e-01, Mt=0.4087, A_K=0.046, Cuv=-0.008, P_in=5.720e-02, P_tgt=5.728e-02, A_F=0.087, K_low=0.110, P_drag=-2.230e-03, P_cool=-1.354e-01, WENO=0.401, rho_mean=1.000000, p_mean=0.985148, div_rms=5.053e+00, vort_rms=2.025e+00, K_dil=0.627, mass_err=-2.783e-10
saved snapshot: results/hit2d/dilatational_Mt050_N512_CFL_0p05/hit2d_step0120000.npz
step=121000, t=16.340877, dt=1.256e-04, KE=1.226672e-01, Mt=0.4406, A_K=0.104, Cuv=0.005, P_in=4.922e-01, P_tgt=4.922e-01, A_F=0.008, K_low=0.085, P_drag=-2.036e-03, P_cool=-1.340e-01, WENO=0.391, rho_mean=1.000000, p_mean=0.982215, div_rms=4.939e+00, vort_rms=1.987e+00, K_dil=0.693, mass_err=-2.806e-10
step=122000, t=16.470623, dt=1.272e-04, KE=1.663009e-01, Mt=0.5194, A_K=0.163, Cuv=-0.047, P_in=7.183e-01, P_tgt=7.178e-01, A_F=0.050, K_low=0.054, P_drag=-1.815e-03, P_cool=-1.399e-01, WENO=0.406, rho_mean=1.000000, p_mean=0.994032, div_rms=4.968e+00, vort_rms=1.983e+00, K_dil=0.785, mass_err=-2.830e-10
step=123000, t=16.599266, dt=1.240e-04, KE=1.402051e-01, Mt=0.5063, A_K=0.111, Cuv=0.033, P_in=5.015e-01, P_tgt=5.017e-01, A_F=0.062, K_low=0.053, P_drag=-1.529e-03, P_cool=-1.564e-01, WENO=0.409, rho_mean=1.000000, p_mean=1.027055, div_rms=5.097e+00, vort_rms=2.011e+00, K_dil=0.774, mass_err=-2.853e-10
step=124000, t=16.718860, dt=1.154e-04, KE=1.256639e-01, Mt=0.5033, A_K=0.003, Cuv=0.127, P_in=5.072e-01, P_tgt=5.067e-01, A_F=0.065, K_low=0.050, P_drag=-1.278e-03, P_cool=-1.674e-01, WENO=0.415, rho_mean=1.000000, p_mean=1.049126, div_rms=5.661e+00, vort_rms=2.082e+00, K_dil=0.770, mass_err=-2.876e-10
step=125000, t=16.841142, dt=1.251e-04, KE=1.427680e-01, Mt=0.5332, A_K=0.087, Cuv=0.152, P_in=3.637e-01, P_tgt=3.638e-01, A_F=0.050, K_low=0.041, P_drag=-1.172e-03, P_cool=-1.707e-01, WENO=0.417, rho_mean=1.000000, p_mean=1.055612, div_rms=6.687e+00, vort_rms=2.280e+00, K_dil=0.793, mass_err=-2.899e-10
step=126000, t=16.945370, dt=8.965e-05, KE=1.593302e-01, Mt=0.5530, A_K=0.123, Cuv=0.104, P_in=1.688e-01, P_tgt=1.692e-01, A_F=0.071, K_low=0.042, P_drag=-1.336e-03, P_cool=-1.692e-01, WENO=0.409, rho_mean=1.000000, p_mean=1.052664, div_rms=6.963e+00, vort_rms=2.622e+00, K_dil=0.796, mass_err=-2.922e-10
step=127000, t=17.030533, dt=8.454e-05, KE=1.708293e-01, Mt=0.5725, A_K=0.153, Cuv=0.091, P_in=5.822e-02, P_tgt=5.857e-02, A_F=0.170, K_low=0.044, P_drag=-1.534e-03, P_cool=-1.659e-01, WENO=0.406, rho_mean=1.000000, p_mean=1.046006, div_rms=6.944e+00, vort_rms=2.859e+00, K_dil=0.795, mass_err=-2.945e-10
step=128000, t=17.108679, dt=7.725e-05, KE=1.757316e-01, Mt=0.5706, A_K=0.166, Cuv=0.113, P_in=1.830e-02, P_tgt=1.789e-02, A_F=0.071, K_low=0.044, P_drag=-1.618e-03, P_cool=-1.629e-01, WENO=0.406, rho_mean=1.000000, p_mean=1.040017, div_rms=7.023e+00, vort_rms=3.066e+00, K_dil=0.783, mass_err=-2.968e-10
step=129000, t=17.190915, dt=8.573e-05, KE=1.842117e-01, Mt=0.5714, A_K=0.117, Cuv=0.113, P_in=5.650e-03, P_tgt=5.608e-03, A_F=0.018, K_low=0.041, P_drag=-1.635e-03, P_cool=-1.587e-01, WENO=0.403, rho_mean=1.000000, p_mean=1.031689, div_rms=6.984e+00, vort_rms=3.087e+00, K_dil=0.781, mass_err=-2.992e-10
step=130000, t=17.277519, dt=9.067e-05, KE=1.978058e-01, Mt=0.5815, A_K=0.036, Cuv=0.123, P_in=1.639e-03, P_tgt=1.641e-03, A_F=0.033, K_low=0.038, P_drag=-1.679e-03, P_cool=-1.533e-01, WENO=0.394, rho_mean=1.000000, p_mean=1.020921, div_rms=7.021e+00, vort_rms=3.093e+00, K_dil=0.792, mass_err=-3.015e-10
saved snapshot: results/hit2d/dilatational_Mt050_N512_CFL_0p05/hit2d_step0130000.npz
step=131000, t=17.371672, dt=9.616e-05, KE=2.053962e-01, Mt=0.5858, A_K=0.037, Cuv=0.102, P_in=4.234e-04, P_tgt=4.236e-04, A_F=0.127, K_low=0.037, P_drag=-1.741e-03, P_cool=-1.489e-01, WENO=0.394, rho_mean=1.000000, p_mean=1.012177, div_rms=7.080e+00, vort_rms=3.029e+00, K_dil=0.799, mass_err=-3.038e-10
step=132000, t=17.465139, dt=9.294e-05, KE=1.986364e-01, Mt=0.5738, A_K=0.091, Cuv=0.049, P_in=1.162e-04, P_tgt=1.162e-04, A_F=0.240, K_low=0.040, P_drag=-1.799e-03, P_cool=-1.475e-01, WENO=0.391, rho_mean=1.000000, p_mean=1.009288, div_rms=6.964e+00, vort_rms=2.985e+00, K_dil=0.789, mass_err=-3.062e-10
step=133000, t=17.559500, dt=9.590e-05, KE=1.795091e-01, Mt=0.5432, A_K=0.115, Cuv=0.008, P_in=4.163e-05, P_tgt=4.165e-05, A_F=0.174, K_low=0.045, P_drag=-1.793e-03, P_cool=-1.485e-01, WENO=0.383, rho_mean=1.000000, p_mean=1.011296, div_rms=6.801e+00, vort_rms=2.937e+00, K_dil=0.763, mass_err=-3.085e-10
step=134000, t=17.665527, dt=1.128e-04, KE=1.524906e-01, Mt=0.4954, A_K=0.093, Cuv=0.021, P_in=2.912e-05, P_tgt=2.921e-05, A_F=0.108, K_low=0.053, P_drag=-1.751e-03, P_cool=-1.507e-01, WENO=0.381, rho_mean=1.000000, p_mean=1.015680, div_rms=6.582e+00, vort_rms=2.788e+00, K_dil=0.723, mass_err=-3.108e-10
step=135000, t=17.784871, dt=1.210e-04, KE=1.353636e-01, Mt=0.4567, A_K=0.038, Cuv=0.060, P_in=5.139e-05, P_tgt=5.164e-05, A_F=0.023, K_low=0.058, P_drag=-1.698e-03, P_cool=-1.505e-01, WENO=0.388, rho_mean=1.000000, p_mean=1.015249, div_rms=6.336e+00, vort_rms=2.642e+00, K_dil=0.687, mass_err=-3.131e-10
step=136000, t=17.909282, dt=1.281e-04, KE=1.233100e-01, Mt=0.4314, A_K=0.038, Cuv=0.095, P_in=1.989e-04, P_tgt=1.993e-04, A_F=0.055, K_low=0.066, P_drag=-1.661e-03, P_cool=-1.491e-01, WENO=0.376, rho_mean=1.000000, p_mean=1.012541, div_rms=6.012e+00, vort_rms=2.490e+00, K_dil=0.666, mass_err=-3.154e-10
step=137000, t=18.034837, dt=1.199e-04, KE=1.095986e-01, Mt=0.4118, A_K=0.053, Cuv=0.096, P_in=1.576e-03, P_tgt=1.578e-03, A_F=0.115, K_low=0.078, P_drag=-1.629e-03, P_cool=-1.481e-01, WENO=0.389, rho_mean=1.000000, p_mean=1.010502, div_rms=5.664e+00, vort_rms=2.270e+00, K_dil=0.646, mass_err=-3.177e-10
step=138000, t=18.157024, dt=1.212e-04, KE=1.046827e-01, Mt=0.4005, A_K=0.036, Cuv=0.083, P_in=2.047e-02, P_tgt=2.046e-02, A_F=0.062, K_low=0.081, P_drag=-1.559e-03, P_cool=-1.456e-01, WENO=0.391, rho_mean=1.000000, p_mean=1.005563, div_rms=5.332e+00, vort_rms=2.141e+00, K_dil=0.634, mass_err=-3.200e-10
step=139000, t=18.282248, dt=1.195e-04, KE=1.150762e-01, Mt=0.4163, A_K=0.024, Cuv=0.128, P_in=3.007e-01, P_tgt=3.009e-01, A_F=0.158, K_low=0.069, P_drag=-1.476e-03, P_cool=-1.426e-01, WENO=0.381, rho_mean=1.000000, p_mean=0.999582, div_rms=5.141e+00, vort_rms=2.070e+00, K_dil=0.669, mass_err=-3.223e-10
step=140000, t=18.400985, dt=1.194e-04, KE=1.718646e-01, Mt=0.5055, A_K=0.000, Cuv=0.169, P_in=8.602e-01, P_tgt=8.601e-01, A_F=0.095, K_low=0.044, P_drag=-1.397e-03, P_cool=-1.436e-01, WENO=0.391, rho_mean=1.000000, p_mean=1.001500, div_rms=5.184e+00, vort_rms=2.039e+00, K_dil=0.782, mass_err=-3.246e-10
saved snapshot: results/hit2d/dilatational_Mt050_N512_CFL_0p05/hit2d_step0140000.npz
step=141000, t=18.523270, dt=1.265e-04, KE=1.738225e-01, Mt=0.5198, A_K=0.082, Cuv=0.145, P_in=5.528e-01, P_tgt=5.528e-01, A_F=0.200, K_low=0.044, P_drag=-1.416e-03, P_cool=-1.570e-01, WENO=0.398, rho_mean=1.000000, p_mean=1.028196, div_rms=5.188e+00, vort_rms=2.073e+00, K_dil=0.794, mass_err=-3.269e-10
step=142000, t=18.649548, dt=1.242e-04, KE=1.479123e-01, Mt=0.4966, A_K=0.101, Cuv=0.042, P_in=5.285e-01, P_tgt=5.277e-01, A_F=0.007, K_low=0.052, P_drag=-1.512e-03, P_cool=-1.710e-01, WENO=0.406, rho_mean=1.000000, p_mean=1.056270, div_rms=5.473e+00, vort_rms=2.114e+00, K_dil=0.764, mass_err=-3.292e-10
step=143000, t=18.772450, dt=1.156e-04, KE=1.711095e-01, Mt=0.5356, A_K=0.029, Cuv=0.011, P_in=3.970e-01, P_tgt=3.965e-01, A_F=0.139, K_low=0.048, P_drag=-1.646e-03, P_cool=-1.738e-01, WENO=0.401, rho_mean=1.000000, p_mean=1.061922, div_rms=6.259e+00, vort_rms=2.180e+00, K_dil=0.788, mass_err=-3.316e-10
step=144000, t=18.893688, dt=1.143e-04, KE=1.830389e-01, Mt=0.5625, A_K=0.029, Cuv=0.094, P_in=1.639e-01, P_tgt=1.643e-01, A_F=0.155, K_low=0.050, P_drag=-1.600e-03, P_cool=-1.736e-01, WENO=0.395, rho_mean=1.000000, p_mean=1.061574, div_rms=7.076e+00, vort_rms=2.315e+00, K_dil=0.800, mass_err=-3.339e-10
step=145000, t=19.004468, dt=1.038e-04, KE=1.906716e-01, Mt=0.5729, A_K=0.050, Cuv=0.076, P_in=5.329e-02, P_tgt=5.366e-02, A_F=0.086, K_low=0.047, P_drag=-1.495e-03, P_cool=-1.705e-01, WENO=0.376, rho_mean=1.000000, p_mean=1.055230, div_rms=7.419e+00, vort_rms=2.545e+00, K_dil=0.802, mass_err=-3.362e-10
step=146000, t=19.101586, dt=9.533e-05, KE=2.021976e-01, Mt=0.5776, A_K=0.092, Cuv=0.025, P_in=1.544e-02, P_tgt=1.540e-02, A_F=0.061, K_low=0.041, P_drag=-1.478e-03, P_cool=-1.655e-01, WENO=0.374, rho_mean=1.000000, p_mean=1.045209, div_rms=7.599e+00, vort_rms=2.701e+00, K_dil=0.805, mass_err=-3.385e-10
step=147000, t=19.197050, dt=9.259e-05, KE=2.088053e-01, Mt=0.5739, A_K=0.092, Cuv=0.011, P_in=4.524e-03, P_tgt=4.522e-03, A_F=0.062, K_low=0.037, P_drag=-1.483e-03, P_cool=-1.612e-01, WENO=0.374, rho_mean=1.000000, p_mean=1.036674, div_rms=7.451e+00, vort_rms=2.733e+00, K_dil=0.804, mass_err=-3.408e-10
step=148000, t=19.291493, dt=9.956e-05, KE=2.064417e-01, Mt=0.5709, A_K=0.135, Cuv=0.003, P_in=1.364e-03, P_tgt=1.366e-03, A_F=0.046, K_low=0.036, P_drag=-1.457e-03, P_cool=-1.587e-01, WENO=0.379, rho_mean=1.000000, p_mean=1.031645, div_rms=7.272e+00, vort_rms=2.773e+00, K_dil=0.805, mass_err=-3.431e-10
step=149000, t=19.385667, dt=9.193e-05, KE=1.858295e-01, Mt=0.5459, A_K=0.177, Cuv=-0.043, P_in=4.934e-04, P_tgt=4.956e-04, A_F=0.074, K_low=0.038, P_drag=-1.372e-03, P_cool=-1.598e-01, WENO=0.386, rho_mean=1.000000, p_mean=1.033841, div_rms=6.977e+00, vort_rms=2.694e+00, K_dil=0.788, mass_err=-3.455e-10
step=150000, t=19.481422, dt=9.982e-05, KE=1.544790e-01, Mt=0.4962, A_K=0.140, Cuv=-0.129, P_in=3.267e-04, P_tgt=3.270e-04, A_F=0.024, K_low=0.045, P_drag=-1.278e-03, P_cool=-1.629e-01, WENO=0.396, rho_mean=1.000000, p_mean=1.040111, div_rms=6.673e+00, vort_rms=2.570e+00, K_dil=0.745, mass_err=-3.478e-10
saved snapshot: results/hit2d/dilatational_Mt050_N512_CFL_0p05/hit2d_step0150000.npz
step=151000, t=19.584979, dt=1.099e-04, KE=1.297902e-01, Mt=0.4483, A_K=0.053, Cuv=-0.189, P_in=6.878e-04, P_tgt=6.342e-04, A_F=0.026, K_low=0.053, P_drag=-1.227e-03, P_cool=-1.644e-01, WENO=0.413, rho_mean=1.000000, p_mean=1.043116, div_rms=6.370e+00, vort_rms=2.427e+00, K_dil=0.689, mass_err=-3.501e-10
step=152000, t=19.702024, dt=1.197e-04, KE=1.211120e-01, Mt=0.4249, A_K=0.041, Cuv=-0.111, P_in=3.217e-03, P_tgt=3.220e-03, A_F=0.075, K_low=0.055, P_drag=-1.223e-03, P_cool=-1.623e-01, WENO=0.411, rho_mean=1.000000, p_mean=1.038913, div_rms=6.085e+00, vort_rms=2.282e+00, K_dil=0.662, mass_err=-3.524e-10
step=153000, t=19.823997, dt=1.247e-04, KE=1.238165e-01, Mt=0.4312, A_K=0.062, Cuv=-0.000, P_in=2.100e-02, P_tgt=2.099e-02, A_F=0.020, K_low=0.053, P_drag=-1.308e-03, P_cool=-1.581e-01, WENO=0.399, rho_mean=1.000000, p_mean=1.030401, div_rms=5.850e+00, vort_rms=2.146e+00, K_dil=0.683, mass_err=-3.547e-10
step=154000, t=19.952702, dt=1.259e-04, KE=1.254506e-01, Mt=0.4399, A_K=0.029, Cuv=0.049, P_in=9.941e-02, P_tgt=9.921e-02, A_F=0.164, K_low=0.054, P_drag=-1.420e-03, P_cool=-1.550e-01, WENO=0.377, rho_mean=1.000000, p_mean=1.024285, div_rms=5.509e+00, vort_rms=2.015e+00, K_dil=0.708, mass_err=-3.571e-10
step=155000, t=20.073909, dt=1.191e-04, KE=1.290316e-01, Mt=0.4472, A_K=0.027, Cuv=0.056, P_in=4.124e-01, P_tgt=4.127e-01, A_F=0.042, K_low=0.055, P_drag=-1.540e-03, P_cool=-1.559e-01, WENO=0.385, rho_mean=1.000000, p_mean=1.026077, div_rms=5.270e+00, vort_rms=1.955e+00, K_dil=0.724, mass_err=-3.594e-10
step=156000, t=20.201905, dt=1.364e-04, KE=1.591795e-01, Mt=0.5025, A_K=0.092, Cuv=-0.016, P_in=7.595e-01, P_tgt=7.592e-01, A_F=0.084, K_low=0.048, P_drag=-1.679e-03, P_cool=-1.623e-01, WENO=0.402, rho_mean=1.000000, p_mean=1.038838, div_rms=5.215e+00, vort_rms=1.982e+00, K_dil=0.783, mass_err=-3.617e-10
step=157000, t=20.331103, dt=1.186e-04, KE=1.545257e-01, Mt=0.5205, A_K=0.102, Cuv=-0.027, P_in=5.571e-01, P_tgt=5.576e-01, A_F=0.061, K_low=0.055, P_drag=-1.640e-03, P_cool=-1.763e-01, WENO=0.430, rho_mean=1.000000, p_mean=1.066817, div_rms=5.242e+00, vort_rms=2.050e+00, K_dil=0.789, mass_err=-3.640e-10
step=158000, t=20.446751, dt=1.180e-04, KE=1.437353e-01, Mt=0.5244, A_K=0.122, Cuv=0.071, P_in=3.771e-01, P_tgt=3.775e-01, A_F=0.041, K_low=0.064, P_drag=-1.715e-03, P_cool=-1.848e-01, WENO=0.459, rho_mean=1.000000, p_mean=1.083903, div_rms=5.781e+00, vort_rms=2.147e+00, K_dil=0.786, mass_err=-3.663e-10
step=159000, t=20.566319, dt=1.123e-04, KE=1.616600e-01, Mt=0.5414, A_K=0.194, Cuv=0.086, P_in=2.099e-01, P_tgt=2.106e-01, A_F=0.086, K_low=0.057, P_drag=-1.762e-03, P_cool=-1.836e-01, WENO=0.461, rho_mean=1.000000, p_mean=1.081525, div_rms=6.868e+00, vort_rms=2.355e+00, K_dil=0.803, mass_err=-3.687e-10
step=160000, t=20.670120, dt=9.418e-05, KE=1.879800e-01, Mt=0.5737, A_K=0.179, Cuv=0.117, P_in=8.054e-02, P_tgt=8.104e-02, A_F=0.168, K_low=0.050, P_drag=-1.844e-03, P_cool=-1.776e-01, WENO=0.453, rho_mean=1.000000, p_mean=1.069489, div_rms=7.199e+00, vort_rms=2.674e+00, K_dil=0.817, mass_err=-3.710e-10
saved snapshot: results/hit2d/dilatational_Mt050_N512_CFL_0p05/hit2d_step0160000.npz
step=161000, t=20.764119, dt=9.776e-05, KE=1.918938e-01, Mt=0.5834, A_K=0.087, Cuv=0.124, P_in=2.220e-02, P_tgt=2.224e-02, A_F=0.001, K_low=0.051, P_drag=-1.950e-03, P_cool=-1.745e-01, WENO=0.425, rho_mean=1.000000, p_mean=1.063233, div_rms=7.208e+00, vort_rms=2.873e+00, K_dil=0.813, mass_err=-3.733e-10
step=162000, t=20.863704, dt=1.066e-04, KE=1.908511e-01, Mt=0.5741, A_K=0.008, Cuv=0.130, P_in=5.947e-03, P_tgt=6.227e-03, A_F=0.045, K_low=0.052, P_drag=-2.058e-03, P_cool=-1.714e-01, WENO=0.415, rho_mean=1.000000, p_mean=1.057165, div_rms=7.282e+00, vort_rms=2.999e+00, K_dil=0.801, mass_err=-3.756e-10
step=163000, t=20.970447, dt=1.057e-04, KE=2.037037e-01, Mt=0.5714, A_K=0.021, Cuv=0.070, P_in=1.927e-03, P_tgt=1.924e-03, A_F=0.031, K_low=0.049, P_drag=-2.208e-03, P_cool=-1.653e-01, WENO=0.413, rho_mean=1.000000, p_mean=1.044868, div_rms=7.109e+00, vort_rms=3.046e+00, K_dil=0.799, mass_err=-3.780e-10
step=164000, t=21.076247, dt=1.078e-04, KE=2.040213e-01, Mt=0.5557, A_K=0.031, Cuv=-0.003, P_in=6.348e-04, P_tgt=6.349e-04, A_F=0.112, K_low=0.051, P_drag=-2.341e-03, P_cool=-1.617e-01, WENO=0.419, rho_mean=1.000000, p_mean=1.037771, div_rms=6.807e+00, vort_rms=3.025e+00, K_dil=0.787, mass_err=-3.803e-10
step=165000, t=21.186858, dt=1.136e-04, KE=1.811644e-01, Mt=0.5207, A_K=0.119, Cuv=-0.006, P_in=3.205e-04, P_tgt=3.212e-04, A_F=0.050, K_low=0.063, P_drag=-2.423e-03, P_cool=-1.627e-01, WENO=0.423, rho_mean=1.000000, p_mean=1.039624, div_rms=6.616e+00, vort_rms=2.920e+00, K_dil=0.756, mass_err=-3.826e-10
step=166000, t=21.303632, dt=1.198e-04, KE=1.500760e-01, Mt=0.4750, A_K=0.136, Cuv=0.041, P_in=3.392e-04, P_tgt=3.369e-04, A_F=0.077, K_low=0.080, P_drag=-2.399e-03, P_cool=-1.650e-01, WENO=0.437, rho_mean=1.000000, p_mean=1.044292, div_rms=6.330e+00, vort_rms=2.713e+00, K_dil=0.710, mass_err=-3.849e-10
step=167000, t=21.428898, dt=1.257e-04, KE=1.281817e-01, Mt=0.4356, A_K=0.089, Cuv=0.059, P_in=1.001e-03, P_tgt=9.945e-04, A_F=0.034, K_low=0.090, P_drag=-2.267e-03, P_cool=-1.652e-01, WENO=0.435, rho_mean=1.000000, p_mean=1.044662, div_rms=6.050e+00, vort_rms=2.543e+00, K_dil=0.652, mass_err=-3.872e-10
step=168000, t=21.554532, dt=1.275e-04, KE=1.174099e-01, Mt=0.4138, A_K=0.072, Cuv=-0.055, P_in=7.438e-03, P_tgt=7.421e-03, A_F=0.176, K_low=0.086, P_drag=-2.025e-03, P_cool=-1.632e-01, WENO=0.424, rho_mean=1.000000, p_mean=1.040757, div_rms=5.724e+00, vort_rms=2.384e+00, K_dil=0.623, mass_err=-3.895e-10
step=169000, t=21.681800, dt=1.283e-04, KE=1.225889e-01, Mt=0.4207, A_K=0.060, Cuv=-0.160, P_in=7.099e-02, P_tgt=7.112e-02, A_F=0.113, K_low=0.071, P_drag=-1.790e-03, P_cool=-1.588e-01, WENO=0.404, rho_mean=1.000000, p_mean=1.031928, div_rms=5.494e+00, vort_rms=2.233e+00, K_dil=0.655, mass_err=-3.918e-10
step=170000, t=21.815519, dt=1.389e-04, KE=1.413659e-01, Mt=0.4556, A_K=0.070, Cuv=-0.061, P_in=3.509e-01, P_tgt=3.504e-01, A_F=0.013, K_low=0.056, P_drag=-1.651e-03, P_cool=-1.560e-01, WENO=0.394, rho_mean=1.000000, p_mean=1.026348, div_rms=5.295e+00, vort_rms=2.112e+00, K_dil=0.721, mass_err=-3.941e-10
saved snapshot: results/hit2d/dilatational_Mt050_N512_CFL_0p05/hit2d_step0170000.npz
step=171000, t=21.953228, dt=1.351e-04, KE=1.550197e-01, Mt=0.4915, A_K=0.100, Cuv=0.137, P_in=5.734e-01, P_tgt=5.727e-01, A_F=0.060, K_low=0.050, P_drag=-1.491e-03, P_cool=-1.623e-01, WENO=0.396, rho_mean=1.000000, p_mean=1.038869, div_rms=5.182e+00, vort_rms=2.097e+00, K_dil=0.770, mass_err=-3.964e-10
step=172000, t=22.084643, dt=1.264e-04, KE=1.463840e-01, Mt=0.4908, A_K=0.014, Cuv=0.134, P_in=6.753e-01, P_tgt=6.750e-01, A_F=0.027, K_low=0.053, P_drag=-1.431e-03, P_cool=-1.758e-01, WENO=0.405, rho_mean=1.000000, p_mean=1.065924, div_rms=5.259e+00, vort_rms=2.156e+00, K_dil=0.776, mass_err=-3.988e-10
step=173000, t=22.210378, dt=1.244e-04, KE=1.529219e-01, Mt=0.5062, A_K=0.078, Cuv=-0.017, P_in=7.411e-01, P_tgt=7.405e-01, A_F=0.238, K_low=0.049, P_drag=-1.377e-03, P_cool=-1.881e-01, WENO=0.423, rho_mean=1.000000, p_mean=1.090412, div_rms=5.704e+00, vort_rms=2.257e+00, K_dil=0.785, mass_err=-4.011e-10
step=174000, t=22.326180, dt=1.139e-04, KE=1.700632e-01, Mt=0.5348, A_K=0.034, Cuv=0.022, P_in=5.092e-01, P_tgt=5.090e-01, A_F=0.041, K_low=0.042, P_drag=-1.314e-03, P_cool=-1.949e-01, WENO=0.434, rho_mean=1.000000, p_mean=1.103988, div_rms=6.187e+00, vort_rms=2.387e+00, K_dil=0.793, mass_err=-4.034e-10
step=175000, t=22.438036, dt=1.069e-04, KE=1.897101e-01, Mt=0.5684, A_K=0.111, Cuv=0.067, P_in=2.143e-01, P_tgt=2.144e-01, A_F=0.019, K_low=0.037, P_drag=-1.160e-03, P_cool=-1.944e-01, WENO=0.431, rho_mean=1.000000, p_mean=1.103156, div_rms=6.764e+00, vort_rms=2.653e+00, K_dil=0.797, mass_err=-4.057e-10
step=176000, t=22.541991, dt=9.947e-05, KE=2.098513e-01, Mt=0.6101, A_K=0.014, Cuv=0.057, P_in=5.379e-02, P_tgt=5.347e-02, A_F=0.022, K_low=0.034, P_drag=-1.200e-03, P_cool=-1.889e-01, WENO=0.416, rho_mean=1.000000, p_mean=1.092048, div_rms=7.694e+00, vort_rms=2.767e+00, K_dil=0.810, mass_err=-4.080e-10
step=177000, t=22.637855, dt=8.491e-05, KE=2.174889e-01, Mt=0.6187, A_K=0.077, Cuv=0.063, P_in=9.735e-03, P_tgt=9.530e-03, A_F=0.055, K_low=0.034, P_drag=-1.492e-03, P_cool=-1.842e-01, WENO=0.403, rho_mean=1.000000, p_mean=1.082668, div_rms=7.814e+00, vort_rms=2.982e+00, K_dil=0.811, mass_err=-4.103e-10
step=178000, t=22.718534, dt=7.993e-05, KE=2.273908e-01, Mt=0.6245, A_K=0.082, Cuv=0.100, P_in=1.631e-03, P_tgt=1.628e-03, A_F=0.000, K_low=0.034, P_drag=-1.583e-03, P_cool=-1.793e-01, WENO=0.391, rho_mean=1.000000, p_mean=1.072896, div_rms=8.050e+00, vort_rms=3.135e+00, K_dil=0.812, mass_err=-4.127e-10
step=179000, t=22.806775, dt=9.620e-05, KE=2.324984e-01, Mt=0.6167, A_K=0.028, Cuv=0.104, P_in=2.844e-04, P_tgt=2.836e-04, A_F=0.013, K_low=0.037, P_drag=-1.702e-03, P_cool=-1.751e-01, WENO=0.397, rho_mean=1.000000, p_mean=1.064544, div_rms=7.800e+00, vort_rms=3.169e+00, K_dil=0.804, mass_err=-4.150e-10
step=180000, t=22.906688, dt=9.996e-05, KE=2.266064e-01, Mt=0.6075, A_K=0.053, Cuv=0.050, P_in=5.264e-05, P_tgt=5.263e-05, A_F=0.015, K_low=0.042, P_drag=-1.852e-03, P_cool=-1.728e-01, WENO=0.401, rho_mean=1.000000, p_mean=1.059888, div_rms=7.893e+00, vort_rms=3.127e+00, K_dil=0.794, mass_err=-4.173e-10
saved snapshot: results/hit2d/dilatational_Mt050_N512_CFL_0p05/hit2d_step0180000.npz
step=181000, t=23.005589, dt=9.937e-05, KE=2.015371e-01, Mt=0.5663, A_K=0.087, Cuv=-0.012, P_in=1.321e-05, P_tgt=1.318e-05, A_F=0.170, K_low=0.049, P_drag=-1.993e-03, P_cool=-1.743e-01, WENO=0.412, rho_mean=1.000000, p_mean=1.062977, div_rms=7.556e+00, vort_rms=3.035e+00, K_dil=0.764, mass_err=-4.196e-10
step=182000, t=23.097117, dt=8.833e-05, KE=1.780858e-01, Mt=0.5262, A_K=0.073, Cuv=-0.064, P_in=6.013e-06, P_tgt=5.999e-06, A_F=0.004, K_low=0.059, P_drag=-2.127e-03, P_cool=-1.758e-01, WENO=0.424, rho_mean=1.000000, p_mean=1.065859, div_rms=7.179e+00, vort_rms=2.992e+00, K_dil=0.730, mass_err=-4.219e-10
step=183000, t=23.184861, dt=8.604e-05, KE=1.629540e-01, Mt=0.4979, A_K=0.033, Cuv=-0.076, P_in=4.860e-06, P_tgt=4.834e-06, A_F=0.011, K_low=0.067, P_drag=-2.214e-03, P_cool=-1.757e-01, WENO=0.423, rho_mean=1.000000, p_mean=1.065658, div_rms=6.885e+00, vort_rms=2.911e+00, K_dil=0.701, mass_err=-4.242e-10
step=184000, t=23.277756, dt=9.991e-05, KE=1.478777e-01, Mt=0.4746, A_K=0.029, Cuv=-0.040, P_in=6.393e-06, P_tgt=6.421e-06, A_F=0.049, K_low=0.077, P_drag=-2.284e-03, P_cool=-1.754e-01, WENO=0.417, rho_mean=1.000000, p_mean=1.065080, div_rms=6.580e+00, vort_rms=2.796e+00, K_dil=0.676, mass_err=-4.266e-10
step=185000, t=23.384093, dt=1.111e-04, KE=1.340481e-01, Mt=0.4528, A_K=0.054, Cuv=0.010, P_in=1.440e-05, P_tgt=1.456e-05, A_F=0.073, K_low=0.089, P_drag=-2.328e-03, P_cool=-1.744e-01, WENO=0.411, rho_mean=1.000000, p_mean=1.063077, div_rms=6.222e+00, vort_rms=2.662e+00, K_dil=0.652, mass_err=-4.289e-10
step=186000, t=23.492211, dt=1.027e-04, KE=1.240717e-01, Mt=0.4303, A_K=0.113, Cuv=0.026, P_in=6.003e-05, P_tgt=6.092e-05, A_F=0.068, K_low=0.095, P_drag=-2.330e-03, P_cool=-1.726e-01, WENO=0.415, rho_mean=1.000000, p_mean=1.059464, div_rms=5.732e+00, vort_rms=2.514e+00, K_dil=0.622, mass_err=-4.312e-10
step=187000, t=23.608612, dt=1.257e-04, KE=1.177335e-01, Mt=0.4156, A_K=0.162, Cuv=0.006, P_in=4.394e-04, P_tgt=4.492e-04, A_F=0.086, K_low=0.100, P_drag=-2.317e-03, P_cool=-1.698e-01, WENO=0.413, rho_mean=1.000000, p_mean=1.053924, div_rms=5.472e+00, vort_rms=2.349e+00, K_dil=0.611, mass_err=-4.335e-10
step=188000, t=23.736138, dt=1.263e-04, KE=1.131872e-01, Mt=0.4081, A_K=0.146, Cuv=-0.033, P_in=4.937e-03, P_tgt=4.922e-03, A_F=0.104, K_low=0.103, P_drag=-2.254e-03, P_cool=-1.664e-01, WENO=0.400, rho_mean=1.000000, p_mean=1.047135, div_rms=5.195e+00, vort_rms=2.203e+00, K_dil=0.618, mass_err=-4.358e-10
step=189000, t=23.870818, dt=1.297e-04, KE=1.082166e-01, Mt=0.4021, A_K=0.075, Cuv=-0.025, P_in=6.781e-02, P_tgt=6.785e-02, A_F=0.099, K_low=0.098, P_drag=-2.065e-03, P_cool=-1.636e-01, WENO=0.386, rho_mean=1.000000, p_mean=1.041450, div_rms=4.900e+00, vort_rms=2.088e+00, K_dil=0.624, mass_err=-4.381e-10
step=190000, t=23.990084, dt=1.284e-04, KE=1.236219e-01, Mt=0.4325, A_K=0.054, Cuv=0.002, P_in=8.102e-01, P_tgt=8.109e-01, A_F=0.097, K_low=0.077, P_drag=-1.892e-03, P_cool=-1.645e-01, WENO=0.383, rho_mean=1.000000, p_mean=1.043208, div_rms=4.779e+00, vort_rms=2.029e+00, K_dil=0.687, mass_err=-4.404e-10
saved snapshot: results/hit2d/dilatational_Mt050_N512_CFL_0p05/hit2d_step0190000.npz
step=191000, t=24.116567, dt=1.227e-04, KE=1.836883e-01, Mt=0.5336, A_K=0.042, Cuv=0.004, P_in=1.042e+00, P_tgt=1.042e+00, A_F=0.045, K_low=0.050, P_drag=-1.891e-03, P_cool=-1.764e-01, WENO=0.387, rho_mean=1.000000, p_mean=1.067089, div_rms=4.892e+00, vort_rms=2.081e+00, K_dil=0.797, mass_err=-4.428e-10
step=192000, t=24.243596, dt=1.292e-04, KE=1.559961e-01, Mt=0.5231, A_K=0.136, Cuv=-0.064, P_in=5.866e-01, P_tgt=5.867e-01, A_F=0.090, K_low=0.061, P_drag=-1.899e-03, P_cool=-1.968e-01, WENO=0.445, rho_mean=1.000000, p_mean=1.107895, div_rms=5.141e+00, vort_rms=2.222e+00, K_dil=0.778, mass_err=-4.451e-10
step=193000, t=24.362502, dt=1.121e-04, KE=1.701393e-01, Mt=0.5423, A_K=0.049, Cuv=0.008, P_in=3.472e-01, P_tgt=3.470e-01, A_F=0.038, K_low=0.055, P_drag=-1.830e-03, P_cool=-2.003e-01, WENO=0.451, rho_mean=1.000000, p_mean=1.114918, div_rms=6.518e+00, vort_rms=2.414e+00, K_dil=0.775, mass_err=-4.474e-10
step=194000, t=24.460748, dt=8.729e-05, KE=2.116677e-01, Mt=0.5969, A_K=0.028, Cuv=0.093, P_in=1.106e-01, P_tgt=1.109e-01, A_F=0.054, K_low=0.042, P_drag=-1.880e-03, P_cool=-1.925e-01, WENO=0.437, rho_mean=1.000000, p_mean=1.099343, div_rms=7.471e+00, vort_rms=2.733e+00, K_dil=0.797, mass_err=-4.497e-10
step=195000, t=24.539092, dt=8.098e-05, KE=2.270268e-01, Mt=0.6199, A_K=0.052, Cuv=0.073, P_in=2.038e-02, P_tgt=2.091e-02, A_F=0.023, K_low=0.039, P_drag=-1.991e-03, P_cool=-1.875e-01, WENO=0.424, rho_mean=1.000000, p_mean=1.089194, div_rms=7.725e+00, vort_rms=3.003e+00, K_dil=0.798, mass_err=-4.521e-10
step=196000, t=24.626177, dt=9.083e-05, KE=2.126205e-01, Mt=0.5979, A_K=0.031, Cuv=0.017, P_in=3.933e-03, P_tgt=3.926e-03, A_F=0.173, K_low=0.043, P_drag=-2.097e-03, P_cool=-1.873e-01, WENO=0.426, rho_mean=1.000000, p_mean=1.088929, div_rms=7.700e+00, vort_rms=3.173e+00, K_dil=0.777, mass_err=-4.544e-10
step=197000, t=24.720745, dt=9.644e-05, KE=2.077727e-01, Mt=0.5822, A_K=0.012, Cuv=-0.024, P_in=9.848e-04, P_tgt=9.849e-04, A_F=0.143, K_low=0.048, P_drag=-2.220e-03, P_cool=-1.848e-01, WENO=0.428, rho_mean=1.000000, p_mean=1.083799, div_rms=7.660e+00, vort_rms=3.243e+00, K_dil=0.766, mass_err=-4.567e-10
step=198000, t=24.815621, dt=9.850e-05, KE=2.138546e-01, Mt=0.5788, A_K=0.012, Cuv=-0.029, P_in=2.676e-04, P_tgt=2.677e-04, A_F=0.056, K_low=0.048, P_drag=-2.239e-03, P_cool=-1.801e-01, WENO=0.421, rho_mean=1.000000, p_mean=1.074393, div_rms=7.687e+00, vort_rms=3.170e+00, K_dil=0.773, mass_err=-4.590e-10
step=199000, t=24.916318, dt=1.023e-04, KE=2.053193e-01, Mt=0.5601, A_K=0.030, Cuv=-0.044, P_in=8.343e-05, P_tgt=8.356e-05, A_F=0.005, K_low=0.049, P_drag=-2.179e-03, P_cool=-1.781e-01, WENO=0.433, rho_mean=1.000000, p_mean=1.070519, div_rms=7.350e+00, vort_rms=2.997e+00, K_dil=0.766, mass_err=-4.613e-10
step=200000, t=25.014250, dt=9.711e-05, KE=1.842398e-01, Mt=0.5259, A_K=0.067, Cuv=-0.052, P_in=3.857e-05, P_tgt=3.849e-05, A_F=0.021, K_low=0.054, P_drag=-2.134e-03, P_cool=-1.788e-01, WENO=0.436, rho_mean=1.000000, p_mean=1.071881, div_rms=7.053e+00, vort_rms=2.846e+00, K_dil=0.743, mass_err=-4.636e-10
saved snapshot: results/hit2d/dilatational_Mt050_N512_CFL_0p05/hit2d_step0200000.npz
step=201000, t=25.120076, dt=1.103e-04, KE=1.599844e-01, Mt=0.4906, A_K=0.096, Cuv=-0.080, P_in=3.259e-05, P_tgt=3.349e-05, A_F=0.128, K_low=0.064, P_drag=-2.147e-03, P_cool=-1.798e-01, WENO=0.427, rho_mean=1.000000, p_mean=1.073898, div_rms=6.796e+00, vort_rms=2.686e+00, K_dil=0.712, mass_err=-4.660e-10
step=202000, t=25.232797, dt=1.121e-04, KE=1.414408e-01, Mt=0.4603, A_K=0.046, Cuv=-0.039, P_in=5.786e-05, P_tgt=5.805e-05, A_F=0.055, K_low=0.075, P_drag=-2.173e-03, P_cool=-1.794e-01, WENO=0.432, rho_mean=1.000000, p_mean=1.073120, div_rms=6.397e+00, vort_rms=2.481e+00, K_dil=0.686, mass_err=-4.683e-10
step=203000, t=25.350926, dt=1.244e-04, KE=1.259641e-01, Mt=0.4328, A_K=0.021, Cuv=0.033, P_in=2.075e-04, P_tgt=2.078e-04, A_F=0.048, K_low=0.088, P_drag=-2.193e-03, P_cool=-1.782e-01, WENO=0.430, rho_mean=1.000000, p_mean=1.070764, div_rms=6.068e+00, vort_rms=2.354e+00, K_dil=0.653, mass_err=-4.706e-10
step=204000, t=25.477833, dt=1.275e-04, KE=1.154532e-01, Mt=0.4166, A_K=0.004, Cuv=-0.023, P_in=1.530e-03, P_tgt=1.531e-03, A_F=0.028, K_low=0.097, P_drag=-2.184e-03, P_cool=-1.758e-01, WENO=0.438, rho_mean=1.000000, p_mean=1.065892, div_rms=5.622e+00, vort_rms=2.243e+00, K_dil=0.632, mass_err=-4.729e-10
step=205000, t=25.596677, dt=1.206e-04, KE=1.159565e-01, Mt=0.4149, A_K=0.048, Cuv=-0.001, P_in=1.428e-02, P_tgt=1.424e-02, A_F=0.017, K_low=0.094, P_drag=-2.142e-03, P_cool=-1.716e-01, WENO=0.423, rho_mean=1.000000, p_mean=1.057568, div_rms=5.363e+00, vort_rms=2.147e+00, K_dil=0.643, mass_err=-4.752e-10
step=206000, t=25.719849, dt=1.204e-04, KE=1.192949e-01, Mt=0.4214, A_K=0.082, Cuv=0.036, P_in=1.265e-01, P_tgt=1.267e-01, A_F=0.107, K_low=0.088, P_drag=-2.071e-03, P_cool=-1.680e-01, WENO=0.418, rho_mean=1.000000, p_mean=1.050211, div_rms=5.083e+00, vort_rms=2.037e+00, K_dil=0.670, mass_err=-4.776e-10
step=207000, t=25.842093, dt=1.202e-04, KE=1.387252e-01, Mt=0.4564, A_K=0.015, Cuv=0.093, P_in=6.475e-01, P_tgt=6.478e-01, A_F=0.197, K_low=0.072, P_drag=-2.027e-03, P_cool=-1.684e-01, WENO=0.415, rho_mean=1.000000, p_mean=1.051121, div_rms=4.966e+00, vort_rms=1.991e+00, K_dil=0.730, mass_err=-4.799e-10
step=208000, t=25.961496, dt=1.169e-04, KE=1.708586e-01, Mt=0.5109, A_K=0.115, Cuv=0.199, P_in=8.386e-01, P_tgt=8.385e-01, A_F=0.125, K_low=0.056, P_drag=-2.043e-03, P_cool=-1.777e-01, WENO=0.415, rho_mean=1.000000, p_mean=1.069638, div_rms=5.028e+00, vort_rms=1.980e+00, K_dil=0.793, mass_err=-4.822e-10
step=209000, t=26.078960, dt=1.197e-04, KE=1.601178e-01, Mt=0.5031, A_K=0.122, Cuv=0.198, P_in=7.123e-01, P_tgt=7.126e-01, A_F=0.075, K_low=0.060, P_drag=-2.036e-03, P_cool=-1.935e-01, WENO=0.425, rho_mean=1.000000, p_mean=1.101371, div_rms=5.253e+00, vort_rms=2.039e+00, K_dil=0.791, mass_err=-4.845e-10
step=210000, t=26.193136, dt=1.074e-04, KE=1.623984e-01, Mt=0.5204, A_K=0.040, Cuv=0.126, P_in=5.945e-01, P_tgt=5.949e-01, A_F=0.018, K_low=0.067, P_drag=-2.024e-03, P_cool=-2.040e-01, WENO=0.437, rho_mean=1.000000, p_mean=1.122272, div_rms=6.044e+00, vort_rms=2.233e+00, K_dil=0.802, mass_err=-4.868e-10
saved snapshot: results/hit2d/dilatational_Mt050_N512_CFL_0p05/hit2d_step0210000.npz
step=211000, t=26.285922, dt=7.455e-05, KE=1.738725e-01, Mt=0.5520, A_K=0.009, Cuv=0.113, P_in=3.047e-01, P_tgt=3.048e-01, A_F=0.016, K_low=0.071, P_drag=-2.154e-03, P_cool=-2.066e-01, WENO=0.438, rho_mean=1.000000, p_mean=1.127574, div_rms=6.652e+00, vort_rms=2.502e+00, K_dil=0.808, mass_err=-4.891e-10
step=212000, t=26.360910, dt=7.663e-05, KE=1.843352e-01, Mt=0.5706, A_K=0.013, Cuv=0.050, P_in=1.092e-01, P_tgt=1.089e-01, A_F=0.018, K_low=0.070, P_drag=-2.241e-03, P_cool=-2.044e-01, WENO=0.423, rho_mean=1.000000, p_mean=1.123097, div_rms=7.094e+00, vort_rms=2.744e+00, K_dil=0.802, mass_err=-4.915e-10
step=213000, t=26.441374, dt=8.439e-05, KE=2.063105e-01, Mt=0.5925, A_K=0.053, Cuv=-0.003, P_in=2.990e-02, P_tgt=2.973e-02, A_F=0.063, K_low=0.062, P_drag=-2.292e-03, P_cool=-1.977e-01, WENO=0.403, rho_mean=1.000000, p_mean=1.109734, div_rms=7.706e+00, vort_rms=2.915e+00, K_dil=0.810, mass_err=-4.938e-10
step=214000, t=26.528887, dt=8.948e-05, KE=2.165316e-01, Mt=0.5979, A_K=0.111, Cuv=-0.029, P_in=6.629e-03, P_tgt=6.615e-03, A_F=0.126, K_low=0.062, P_drag=-2.424e-03, P_cool=-1.925e-01, WENO=0.389, rho_mean=1.000000, p_mean=1.099290, div_rms=7.867e+00, vort_rms=2.994e+00, K_dil=0.809, mass_err=-4.961e-10
step=215000, t=26.621830, dt=9.607e-05, KE=2.305145e-01, Mt=0.6101, A_K=0.121, Cuv=-0.003, P_in=1.400e-03, P_tgt=1.400e-03, A_F=0.039, K_low=0.059, P_drag=-2.406e-03, P_cool=-1.862e-01, WENO=0.375, rho_mean=1.000000, p_mean=1.086694, div_rms=7.802e+00, vort_rms=2.992e+00, K_dil=0.813, mass_err=-4.984e-10
step=216000, t=26.714427, dt=9.874e-05, KE=2.371309e-01, Mt=0.6127, A_K=0.098, Cuv=0.066, P_in=2.560e-04, P_tgt=2.559e-04, A_F=0.123, K_low=0.052, P_drag=-2.281e-03, P_cool=-1.814e-01, WENO=0.375, rho_mean=1.000000, p_mean=1.077162, div_rms=7.794e+00, vort_rms=3.062e+00, K_dil=0.813, mass_err=-5.007e-10
step=217000, t=26.814325, dt=1.009e-04, KE=2.194753e-01, Mt=0.5768, A_K=0.096, Cuv=0.129, P_in=5.818e-05, P_tgt=5.810e-05, A_F=0.043, K_low=0.050, P_drag=-2.193e-03, P_cool=-1.813e-01, WENO=0.390, rho_mean=1.000000, p_mean=1.076888, div_rms=7.415e+00, vort_rms=2.981e+00, K_dil=0.788, mass_err=-5.031e-10
step=218000, t=26.915867, dt=1.025e-04, KE=1.860892e-01, Mt=0.5277, A_K=0.134, Cuv=0.139, P_in=2.346e-05, P_tgt=2.346e-05, A_F=0.152, K_low=0.058, P_drag=-2.204e-03, P_cool=-1.842e-01, WENO=0.400, rho_mean=1.000000, p_mean=1.082717, div_rms=7.095e+00, vort_rms=2.925e+00, K_dil=0.744, mass_err=-5.054e-10
step=219000, t=27.020776, dt=1.066e-04, KE=1.564594e-01, Mt=0.4779, A_K=0.173, Cuv=0.104, P_in=2.253e-05, P_tgt=2.275e-05, A_F=0.013, K_low=0.070, P_drag=-2.249e-03, P_cool=-1.862e-01, WENO=0.405, rho_mean=1.000000, p_mean=1.086689, div_rms=6.768e+00, vort_rms=2.788e+00, K_dil=0.695, mass_err=-5.077e-10
step=220000, t=27.129263, dt=1.124e-04, KE=1.380628e-01, Mt=0.4426, A_K=0.076, Cuv=0.100, P_in=5.772e-05, P_tgt=5.907e-05, A_F=0.000, K_low=0.080, P_drag=-2.261e-03, P_cool=-1.858e-01, WENO=0.411, rho_mean=1.000000, p_mean=1.085881, div_rms=6.479e+00, vort_rms=2.614e+00, K_dil=0.658, mass_err=-5.100e-10
saved snapshot: results/hit2d/dilatational_Mt050_N512_CFL_0p05/hit2d_step0220000.npz
step=221000, t=27.245143, dt=1.108e-04, KE=1.321687e-01, Mt=0.4339, A_K=0.061, Cuv=0.118, P_in=2.813e-04, P_tgt=2.806e-04, A_F=0.013, K_low=0.081, P_drag=-2.201e-03, P_cool=-1.827e-01, WENO=0.405, rho_mean=1.000000, p_mean=1.079604, div_rms=6.213e+00, vort_rms=2.453e+00, K_dil=0.658, mass_err=-5.123e-10
step=222000, t=27.358939, dt=1.188e-04, KE=1.304736e-01, Mt=0.4314, A_K=0.121, Cuv=0.150, P_in=1.512e-03, P_tgt=1.508e-03, A_F=0.200, K_low=0.080, P_drag=-2.126e-03, P_cool=-1.789e-01, WENO=0.400, rho_mean=1.000000, p_mean=1.071986, div_rms=5.939e+00, vort_rms=2.307e+00, K_dil=0.666, mass_err=-5.147e-10
step=223000, t=27.479928, dt=1.238e-04, KE=1.250638e-01, Mt=0.4227, A_K=0.053, Cuv=0.097, P_in=9.036e-03, P_tgt=9.178e-03, A_F=0.160, K_low=0.082, P_drag=-2.059e-03, P_cool=-1.757e-01, WENO=0.403, rho_mean=1.000000, p_mean=1.065682, div_rms=5.604e+00, vort_rms=2.185e+00, K_dil=0.668, mass_err=-5.170e-10
step=224000, t=27.609835, dt=1.310e-04, KE=1.160488e-01, Mt=0.4065, A_K=0.047, Cuv=0.004, P_in=8.777e-02, P_tgt=8.773e-02, A_F=0.147, K_low=0.084, P_drag=-1.954e-03, P_cool=-1.738e-01, WENO=0.398, rho_mean=1.000000, p_mean=1.061819, div_rms=5.290e+00, vort_rms=2.107e+00, K_dil=0.659, mass_err=-5.193e-10
step=225000, t=27.730508, dt=1.113e-04, KE=1.372698e-01, Mt=0.4409, A_K=0.044, Cuv=-0.113, P_in=8.945e-01, P_tgt=8.950e-01, A_F=0.092, K_low=0.064, P_drag=-1.799e-03, P_cool=-1.741e-01, WENO=0.397, rho_mean=1.000000, p_mean=1.062577, div_rms=5.170e+00, vort_rms=2.028e+00, K_dil=0.724, mass_err=-5.216e-10
step=226000, t=27.850996, dt=1.223e-04, KE=1.994080e-01, Mt=0.5403, A_K=0.053, Cuv=-0.151, P_in=9.818e-01, P_tgt=9.805e-01, A_F=0.068, K_low=0.041, P_drag=-1.636e-03, P_cool=-1.848e-01, WENO=0.415, rho_mean=1.000000, p_mean=1.083948, div_rms=5.358e+00, vort_rms=2.057e+00, K_dil=0.817, mass_err=-5.239e-10
step=227000, t=27.972352, dt=1.165e-04, KE=1.715561e-01, Mt=0.5202, A_K=0.059, Cuv=-0.002, P_in=5.246e-01, P_tgt=5.247e-01, A_F=0.101, K_low=0.048, P_drag=-1.709e-03, P_cool=-2.031e-01, WENO=0.438, rho_mean=1.000000, p_mean=1.120522, div_rms=5.735e+00, vort_rms=2.225e+00, K_dil=0.790, mass_err=-5.262e-10
step=228000, t=28.067816, dt=8.846e-05, KE=1.734968e-01, Mt=0.5179, A_K=0.079, Cuv=0.039, P_in=3.954e-01, P_tgt=3.942e-01, A_F=0.135, K_low=0.051, P_drag=-1.858e-03, P_cool=-2.078e-01, WENO=0.445, rho_mean=1.000000, p_mean=1.129875, div_rms=6.344e+00, vort_rms=2.496e+00, K_dil=0.772, mass_err=-5.286e-10
step=229000, t=28.152556, dt=8.724e-05, KE=1.927684e-01, Mt=0.5386, A_K=0.087, Cuv=-0.017, P_in=2.360e-01, P_tgt=2.359e-01, A_F=0.127, K_low=0.053, P_drag=-2.018e-03, P_cool=-2.060e-01, WENO=0.437, rho_mean=1.000000, p_mean=1.126224, div_rms=7.008e+00, vort_rms=2.684e+00, K_dil=0.775, mass_err=-5.309e-10
step=230000, t=28.240851, dt=8.613e-05, KE=2.097959e-01, Mt=0.5661, A_K=0.039, Cuv=-0.106, P_in=9.629e-02, P_tgt=9.610e-02, A_F=0.055, K_low=0.059, P_drag=-2.156e-03, P_cool=-2.017e-01, WENO=0.431, rho_mean=1.000000, p_mean=1.117771, div_rms=7.614e+00, vort_rms=2.879e+00, K_dil=0.782, mass_err=-5.332e-10
saved snapshot: results/hit2d/dilatational_Mt050_N512_CFL_0p05/hit2d_step0230000.npz
step=231000, t=28.327826, dt=9.043e-05, KE=2.153655e-01, Mt=0.5821, A_K=0.042, Cuv=-0.139, P_in=2.697e-02, P_tgt=2.771e-02, A_F=0.084, K_low=0.065, P_drag=-2.248e-03, P_cool=-1.980e-01, WENO=0.408, rho_mean=1.000000, p_mean=1.110213, div_rms=7.922e+00, vort_rms=3.065e+00, K_dil=0.784, mass_err=-5.355e-10
step=232000, t=28.416913, dt=9.244e-05, KE=1.957309e-01, Mt=0.5597, A_K=0.093, Cuv=-0.084, P_in=8.601e-03, P_tgt=8.325e-03, A_F=0.132, K_low=0.072, P_drag=-2.313e-03, P_cool=-1.984e-01, WENO=0.412, rho_mean=1.000000, p_mean=1.111131, div_rms=7.726e+00, vort_rms=3.151e+00, K_dil=0.761, mass_err=-5.378e-10
step=233000, t=28.512280, dt=9.898e-05, KE=1.776954e-01, Mt=0.5209, A_K=0.105, Cuv=0.007, P_in=4.273e-03, P_tgt=4.283e-03, A_F=0.010, K_low=0.075, P_drag=-2.327e-03, P_cool=-1.982e-01, WENO=0.421, rho_mean=1.000000, p_mean=1.110716, div_rms=7.362e+00, vort_rms=3.118e+00, K_dil=0.724, mass_err=-5.401e-10
step=234000, t=28.614472, dt=1.104e-04, KE=1.928235e-01, Mt=0.5326, A_K=0.082, Cuv=-0.028, P_in=2.749e-03, P_tgt=2.748e-03, A_F=0.072, K_low=0.067, P_drag=-2.286e-03, P_cool=-1.912e-01, WENO=0.425, rho_mean=1.000000, p_mean=1.096680, div_rms=7.193e+00, vort_rms=3.025e+00, K_dil=0.735, mass_err=-5.425e-10
step=235000, t=28.723656, dt=1.071e-04, KE=2.075124e-01, Mt=0.5524, A_K=0.071, Cuv=-0.113, P_in=1.260e-03, P_tgt=1.260e-03, A_F=0.056, K_low=0.064, P_drag=-2.279e-03, P_cool=-1.842e-01, WENO=0.413, rho_mean=1.000000, p_mean=1.082593, div_rms=7.134e+00, vort_rms=2.899e+00, K_dil=0.759, mass_err=-5.448e-10
step=236000, t=28.837347, dt=1.216e-04, KE=1.716524e-01, Mt=0.5094, A_K=0.130, Cuv=-0.163, P_in=6.540e-04, P_tgt=6.554e-04, A_F=0.021, K_low=0.081, P_drag=-2.275e-03, P_cool=-1.871e-01, WENO=0.415, rho_mean=1.000000, p_mean=1.088421, div_rms=6.795e+00, vort_rms=2.765e+00, K_dil=0.729, mass_err=-5.471e-10
step=237000, t=28.960831, dt=1.206e-04, KE=1.332779e-01, Mt=0.4461, A_K=0.093, Cuv=-0.124, P_in=1.119e-03, P_tgt=1.117e-03, A_F=0.024, K_low=0.096, P_drag=-2.097e-03, P_cool=-1.900e-01, WENO=0.422, rho_mean=1.000000, p_mean=1.094296, div_rms=6.458e+00, vort_rms=2.600e+00, K_dil=0.664, mass_err=-5.494e-10
step=238000, t=29.084873, dt=1.334e-04, KE=1.191495e-01, Mt=0.4134, A_K=0.011, Cuv=-0.069, P_in=7.376e-03, P_tgt=7.383e-03, A_F=0.201, K_low=0.090, P_drag=-1.871e-03, P_cool=-1.881e-01, WENO=0.408, rho_mean=1.000000, p_mean=1.090549, div_rms=6.150e+00, vort_rms=2.427e+00, K_dil=0.626, mass_err=-5.517e-10
step=239000, t=29.207932, dt=1.217e-04, KE=1.170497e-01, Mt=0.4123, A_K=0.053, Cuv=-0.051, P_in=8.075e-02, P_tgt=8.074e-02, A_F=0.095, K_low=0.080, P_drag=-1.751e-03, P_cool=-1.847e-01, WENO=0.412, rho_mean=1.000000, p_mean=1.083593, div_rms=5.840e+00, vort_rms=2.338e+00, K_dil=0.638, mass_err=-5.540e-10
step=240000, t=29.334352, dt=1.268e-04, KE=1.406125e-01, Mt=0.4552, A_K=0.023, Cuv=-0.033, P_in=5.103e-01, P_tgt=5.104e-01, A_F=0.011, K_low=0.062, P_drag=-1.731e-03, P_cool=-1.820e-01, WENO=0.407, rho_mean=1.000000, p_mean=1.078202, div_rms=5.626e+00, vort_rms=2.244e+00, K_dil=0.722, mass_err=-5.563e-10
saved snapshot: results/hit2d/dilatational_Mt050_N512_CFL_0p05/hit2d_step0240000.npz
step=241000, t=29.457051, dt=1.224e-04, KE=1.715437e-01, Mt=0.5092, A_K=0.028, Cuv=-0.057, P_in=6.631e-01, P_tgt=6.623e-01, A_F=0.093, K_low=0.051, P_drag=-1.740e-03, P_cool=-1.871e-01, WENO=0.399, rho_mean=1.000000, p_mean=1.088421, div_rms=5.652e+00, vort_rms=2.249e+00, K_dil=0.788, mass_err=-5.586e-10
step=242000, t=29.578579, dt=1.221e-04, KE=1.557651e-01, Mt=0.5031, A_K=0.022, Cuv=-0.128, P_in=5.620e-01, P_tgt=5.613e-01, A_F=0.099, K_low=0.059, P_drag=-1.747e-03, P_cool=-2.002e-01, WENO=0.408, rho_mean=1.000000, p_mean=1.114638, div_rms=5.833e+00, vort_rms=2.379e+00, K_dil=0.785, mass_err=-5.609e-10
step=243000, t=29.695490, dt=1.132e-04, KE=1.411802e-01, Mt=0.5001, A_K=0.031, Cuv=-0.109, P_in=5.628e-01, P_tgt=5.631e-01, A_F=0.007, K_low=0.070, P_drag=-1.601e-03, P_cool=-2.114e-01, WENO=0.415, rho_mean=1.000000, p_mean=1.137046, div_rms=6.171e+00, vort_rms=2.612e+00, K_dil=0.774, mass_err=-5.633e-10
step=244000, t=29.805970, dt=1.011e-04, KE=1.584532e-01, Mt=0.5209, A_K=0.103, Cuv=-0.134, P_in=4.832e-01, P_tgt=4.830e-01, A_F=0.069, K_low=0.063, P_drag=-1.508e-03, P_cool=-2.151e-01, WENO=0.427, rho_mean=1.000000, p_mean=1.144547, div_rms=6.578e+00, vort_rms=2.797e+00, K_dil=0.770, mass_err=-5.656e-10
step=245000, t=29.901162, dt=9.352e-05, KE=1.859300e-01, Mt=0.5535, A_K=0.120, Cuv=-0.152, P_in=2.503e-01, P_tgt=2.500e-01, A_F=0.260, K_low=0.047, P_drag=-1.364e-03, P_cool=-2.125e-01, WENO=0.422, rho_mean=1.000000, p_mean=1.139300, div_rms=6.877e+00, vort_rms=2.888e+00, K_dil=0.771, mass_err=-5.679e-10
step=246000, t=29.997865, dt=9.431e-05, KE=2.050591e-01, Mt=0.5820, A_K=0.078, Cuv=-0.176, P_in=7.955e-02, P_tgt=7.933e-02, A_F=0.095, K_low=0.036, P_drag=-1.236e-03, P_cool=-2.074e-01, WENO=0.409, rho_mean=1.000000, p_mean=1.129132, div_rms=7.091e+00, vort_rms=2.997e+00, K_dil=0.779, mass_err=-5.702e-10
step=247000, t=30.085348, dt=8.927e-05, KE=2.089294e-01, Mt=0.5887, A_K=0.016, Cuv=-0.173, P_in=1.987e-02, P_tgt=1.986e-02, A_F=0.165, K_low=0.031, P_drag=-1.167e-03, P_cool=-2.037e-01, WENO=0.394, rho_mean=1.000000, p_mean=1.121693, div_rms=7.425e+00, vort_rms=3.118e+00, K_dil=0.788, mass_err=-5.725e-10
step=248000, t=30.171625, dt=8.661e-05, KE=2.003628e-01, Mt=0.5684, A_K=0.014, Cuv=-0.128, P_in=5.551e-03, P_tgt=5.532e-03, A_F=0.025, K_low=0.030, P_drag=-1.117e-03, P_cool=-2.020e-01, WENO=0.409, rho_mean=1.000000, p_mean=1.118260, div_rms=7.396e+00, vort_rms=3.217e+00, K_dil=0.776, mass_err=-5.748e-10
step=249000, t=30.270141, dt=1.044e-04, KE=2.092741e-01, Mt=0.5611, A_K=0.011, Cuv=-0.136, P_in=1.963e-03, P_tgt=1.959e-03, A_F=0.154, K_low=0.030, P_drag=-1.143e-03, P_cool=-1.963e-01, WENO=0.405, rho_mean=1.000000, p_mean=1.106845, div_rms=7.457e+00, vort_rms=3.193e+00, K_dil=0.773, mass_err=-5.772e-10
step=250000, t=30.375866, dt=1.024e-04, KE=2.172070e-01, Mt=0.5626, A_K=0.018, Cuv=-0.183, P_in=6.784e-04, P_tgt=6.773e-04, A_F=0.120, K_low=0.029, P_drag=-1.151e-03, P_cool=-1.906e-01, WENO=0.387, rho_mean=1.000000, p_mean=1.095487, div_rms=7.375e+00, vort_rms=3.187e+00, K_dil=0.776, mass_err=-5.795e-10
saved snapshot: results/hit2d/dilatational_Mt050_N512_CFL_0p05/hit2d_step0250000.npz
step=251000, t=30.478154, dt=1.033e-04, KE=1.922949e-01, Mt=0.5268, A_K=0.060, Cuv=-0.154, P_in=2.965e-04, P_tgt=2.968e-04, A_F=0.080, K_low=0.034, P_drag=-1.193e-03, P_cool=-1.917e-01, WENO=0.402, rho_mean=1.000000, p_mean=1.097619, div_rms=6.996e+00, vort_rms=3.167e+00, K_dil=0.746, mass_err=-5.818e-10
step=252000, t=30.584165, dt=1.073e-04, KE=1.629710e-01, Mt=0.4842, A_K=0.093, Cuv=-0.070, P_in=2.713e-04, P_tgt=2.711e-04, A_F=0.009, K_low=0.046, P_drag=-1.339e-03, P_cool=-1.934e-01, WENO=0.403, rho_mean=1.000000, p_mean=1.101141, div_rms=6.716e+00, vort_rms=3.016e+00, K_dil=0.702, mass_err=-5.841e-10
step=253000, t=30.693607, dt=1.140e-04, KE=1.437054e-01, Mt=0.4529, A_K=0.090, Cuv=-0.008, P_in=5.651e-04, P_tgt=5.566e-04, A_F=0.091, K_low=0.063, P_drag=-1.579e-03, P_cool=-1.930e-01, WENO=0.409, rho_mean=1.000000, p_mean=1.100353, div_rms=6.425e+00, vort_rms=2.820e+00, K_dil=0.670, mass_err=-5.865e-10
step=254000, t=30.809027, dt=1.099e-04, KE=1.332882e-01, Mt=0.4348, A_K=0.016, Cuv=-0.018, P_in=2.215e-03, P_tgt=2.223e-03, A_F=0.235, K_low=0.080, P_drag=-1.857e-03, P_cool=-1.907e-01, WENO=0.402, rho_mean=1.000000, p_mean=1.095645, div_rms=6.089e+00, vort_rms=2.649e+00, K_dil=0.650, mass_err=-5.888e-10
step=255000, t=30.912959, dt=9.961e-05, KE=1.312364e-01, Mt=0.4303, A_K=0.040, Cuv=-0.076, P_in=1.190e-02, P_tgt=1.188e-02, A_F=0.189, K_low=0.085, P_drag=-2.035e-03, P_cool=-1.872e-01, WENO=0.386, rho_mean=1.000000, p_mean=1.088765, div_rms=5.844e+00, vort_rms=2.533e+00, K_dil=0.650, mass_err=-5.911e-10
step=256000, t=31.024493, dt=1.188e-04, KE=1.246175e-01, Mt=0.4197, A_K=0.080, Cuv=-0.068, P_in=8.067e-02, P_tgt=8.100e-02, A_F=0.204, K_low=0.085, P_drag=-2.039e-03, P_cool=-1.852e-01, WENO=0.374, rho_mean=1.000000, p_mean=1.084615, div_rms=5.558e+00, vort_rms=2.416e+00, K_dil=0.644, mass_err=-5.934e-10
step=257000, t=31.146395, dt=1.161e-04, KE=1.368736e-01, Mt=0.4419, A_K=0.110, Cuv=0.018, P_in=5.611e-01, P_tgt=5.608e-01, A_F=0.214, K_low=0.069, P_drag=-1.905e-03, P_cool=-1.847e-01, WENO=0.389, rho_mean=1.000000, p_mean=1.083611, div_rms=5.306e+00, vort_rms=2.286e+00, K_dil=0.694, mass_err=-5.957e-10
step=258000, t=31.266825, dt=1.268e-04, KE=1.844082e-01, Mt=0.5159, A_K=0.113, Cuv=0.026, P_in=8.832e-01, P_tgt=8.826e-01, A_F=0.143, K_low=0.047, P_drag=-1.753e-03, P_cool=-1.908e-01, WENO=0.401, rho_mean=1.000000, p_mean=1.095975, div_rms=5.384e+00, vort_rms=2.219e+00, K_dil=0.778, mass_err=-5.981e-10
step=259000, t=31.395142, dt=1.252e-04, KE=1.692882e-01, Mt=0.5120, A_K=0.092, Cuv=-0.017, P_in=6.020e-01, P_tgt=6.015e-01, A_F=0.072, K_low=0.047, P_drag=-1.535e-03, P_cool=-2.077e-01, WENO=0.409, rho_mean=1.000000, p_mean=1.129730, div_rms=5.638e+00, vort_rms=2.281e+00, K_dil=0.771, mass_err=-6.004e-10
step=260000, t=31.506280, dt=1.012e-04, KE=1.570866e-01, Mt=0.5059, A_K=0.006, Cuv=-0.016, P_in=5.498e-01, P_tgt=5.499e-01, A_F=0.002, K_low=0.043, P_drag=-1.280e-03, P_cool=-2.183e-01, WENO=0.420, rho_mean=1.000000, p_mean=1.150937, div_rms=6.212e+00, vort_rms=2.458e+00, K_dil=0.756, mass_err=-6.027e-10
saved snapshot: results/hit2d/dilatational_Mt050_N512_CFL_0p05/hit2d_step0260000.npz
step=261000, t=31.601176, dt=9.689e-05, KE=1.763032e-01, Mt=0.5390, A_K=0.088, Cuv=-0.070, P_in=3.750e-01, P_tgt=3.745e-01, A_F=0.118, K_low=0.034, P_drag=-1.154e-03, P_cool=-2.195e-01, WENO=0.431, rho_mean=1.000000, p_mean=1.153371, div_rms=7.000e+00, vort_rms=2.658e+00, K_dil=0.770, mass_err=-6.050e-10
step=262000, t=31.697406, dt=8.554e-05, KE=2.033126e-01, Mt=0.5766, A_K=0.059, Cuv=-0.106, P_in=1.395e-01, P_tgt=1.398e-01, A_F=0.054, K_low=0.030, P_drag=-1.218e-03, P_cool=-2.146e-01, WENO=0.418, rho_mean=1.000000, p_mean=1.143585, div_rms=7.646e+00, vort_rms=3.013e+00, K_dil=0.782, mass_err=-6.074e-10
step=263000, t=31.785232, dt=9.117e-05, KE=2.230232e-01, Mt=0.5968, A_K=0.007, Cuv=-0.060, P_in=3.552e-02, P_tgt=3.535e-02, A_F=0.029, K_low=0.034, P_drag=-1.390e-03, P_cool=-2.081e-01, WENO=0.410, rho_mean=1.000000, p_mean=1.130441, div_rms=7.895e+00, vort_rms=3.198e+00, K_dil=0.781, mass_err=-6.097e-10
step=264000, t=31.873643, dt=8.500e-05, KE=2.292172e-01, Mt=0.6125, A_K=0.031, Cuv=-0.010, P_in=7.044e-03, P_tgt=7.058e-03, A_F=0.008, K_low=0.043, P_drag=-1.638e-03, P_cool=-2.033e-01, WENO=0.398, rho_mean=1.000000, p_mean=1.120926, div_rms=8.085e+00, vort_rms=3.365e+00, K_dil=0.775, mass_err=-6.120e-10
step=265000, t=31.958181, dt=7.838e-05, KE=2.252581e-01, Mt=0.6042, A_K=0.034, Cuv=0.012, P_in=1.384e-03, P_tgt=1.383e-03, A_F=0.120, K_low=0.051, P_drag=-1.923e-03, P_cool=-2.006e-01, WENO=0.397, rho_mean=1.000000, p_mean=1.115555, div_rms=7.980e+00, vort_rms=3.383e+00, K_dil=0.762, mass_err=-6.143e-10
step=266000, t=32.039842, dt=8.615e-05, KE=2.201785e-01, Mt=0.5831, A_K=0.003, Cuv=-0.006, P_in=3.229e-04, P_tgt=3.227e-04, A_F=0.008, K_low=0.054, P_drag=-2.109e-03, P_cool=-1.983e-01, WENO=0.390, rho_mean=1.000000, p_mean=1.110928, div_rms=7.837e+00, vort_rms=3.377e+00, K_dil=0.754, mass_err=-6.167e-10
step=267000, t=32.132657, dt=1.002e-04, KE=2.070816e-01, Mt=0.5507, A_K=0.021, Cuv=-0.045, P_in=1.037e-04, P_tgt=1.035e-04, A_F=0.015, K_low=0.054, P_drag=-2.154e-03, P_cool=-1.972e-01, WENO=0.394, rho_mean=1.000000, p_mean=1.108704, div_rms=7.622e+00, vort_rms=3.260e+00, K_dil=0.739, mass_err=-6.190e-10
step=268000, t=32.236269, dt=1.036e-04, KE=1.805119e-01, Mt=0.5058, A_K=0.002, Cuv=-0.068, P_in=6.207e-05, P_tgt=6.217e-05, A_F=0.073, K_low=0.059, P_drag=-2.095e-03, P_cool=-1.984e-01, WENO=0.396, rho_mean=1.000000, p_mean=1.111036, div_rms=7.190e+00, vort_rms=3.120e+00, K_dil=0.703, mass_err=-6.213e-10
step=269000, t=32.340924, dt=1.059e-04, KE=1.549094e-01, Mt=0.4677, A_K=0.035, Cuv=-0.036, P_in=8.408e-05, P_tgt=8.420e-05, A_F=0.157, K_low=0.065, P_drag=-1.936e-03, P_cool=-1.993e-01, WENO=0.408, rho_mean=1.000000, p_mean=1.112871, div_rms=6.802e+00, vort_rms=2.952e+00, K_dil=0.661, mass_err=-6.236e-10
step=270000, t=32.448810, dt=1.047e-04, KE=1.376953e-01, Mt=0.4391, A_K=0.080, Cuv=0.012, P_in=2.424e-04, P_tgt=2.551e-04, A_F=0.202, K_low=0.066, P_drag=-1.727e-03, P_cool=-1.984e-01, WENO=0.419, rho_mean=1.000000, p_mean=1.111082, div_rms=6.348e+00, vort_rms=2.800e+00, K_dil=0.617, mass_err=-6.259e-10
saved snapshot: results/hit2d/dilatational_Mt050_N512_CFL_0p05/hit2d_step0270000.npz
step=271000, t=32.556349, dt=1.150e-04, KE=1.277036e-01, Mt=0.4162, A_K=0.103, Cuv=0.030, P_in=1.655e-03, P_tgt=1.638e-03, A_F=0.272, K_low=0.061, P_drag=-1.506e-03, P_cool=-1.961e-01, WENO=0.417, rho_mean=1.000000, p_mean=1.106541, div_rms=5.969e+00, vort_rms=2.637e+00, K_dil=0.584, mass_err=-6.282e-10
step=272000, t=32.674390, dt=1.182e-04, KE=1.290608e-01, Mt=0.4164, A_K=0.062, Cuv=-0.032, P_in=1.603e-02, P_tgt=1.624e-02, A_F=0.341, K_low=0.055, P_drag=-1.374e-03, P_cool=-1.914e-01, WENO=0.410, rho_mean=1.000000, p_mean=1.097096, div_rms=5.672e+00, vort_rms=2.484e+00, K_dil=0.593, mass_err=-6.305e-10
step=273000, t=32.794286, dt=1.234e-04, KE=1.316034e-01, Mt=0.4246, A_K=0.026, Cuv=-0.066, P_in=1.284e-01, P_tgt=1.286e-01, A_F=0.033, K_low=0.053, P_drag=-1.323e-03, P_cool=-1.877e-01, WENO=0.400, rho_mean=1.000000, p_mean=1.089674, div_rms=5.351e+00, vort_rms=2.343e+00, K_dil=0.614, mass_err=-6.329e-10
step=274000, t=32.920245, dt=1.266e-04, KE=1.475278e-01, Mt=0.4558, A_K=0.025, Cuv=-0.109, P_in=6.126e-01, P_tgt=6.122e-01, A_F=0.151, K_low=0.046, P_drag=-1.292e-03, P_cool=-1.882e-01, WENO=0.395, rho_mean=1.000000, p_mean=1.090713, div_rms=5.225e+00, vort_rms=2.243e+00, K_dil=0.674, mass_err=-6.352e-10
step=275000, t=33.047671, dt=1.239e-04, KE=1.723314e-01, Mt=0.5035, A_K=0.072, Cuv=-0.110, P_in=9.325e-01, P_tgt=9.322e-01, A_F=0.069, K_low=0.037, P_drag=-1.150e-03, P_cool=-1.995e-01, WENO=0.408, rho_mean=1.000000, p_mean=1.113286, div_rms=5.355e+00, vort_rms=2.260e+00, K_dil=0.738, mass_err=-6.375e-10
step=276000, t=33.168868, dt=1.120e-04, KE=1.708583e-01, Mt=0.5227, A_K=0.035, Cuv=-0.013, P_in=6.984e-01, P_tgt=6.988e-01, A_F=0.050, K_low=0.035, P_drag=-9.597e-04, P_cool=-2.150e-01, WENO=0.433, rho_mean=1.000000, p_mean=1.144213, div_rms=5.710e+00, vort_rms=2.434e+00, K_dil=0.761, mass_err=-6.398e-10
step=277000, t=33.271099, dt=9.449e-05, KE=1.771798e-01, Mt=0.5408, A_K=0.074, Cuv=-0.002, P_in=4.000e-01, P_tgt=4.002e-01, A_F=0.115, K_low=0.032, P_drag=-9.890e-04, P_cool=-2.205e-01, WENO=0.448, rho_mean=1.000000, p_mean=1.155382, div_rms=6.424e+00, vort_rms=2.653e+00, K_dil=0.776, mass_err=-6.421e-10
step=278000, t=33.361766, dt=8.537e-05, KE=1.924235e-01, Mt=0.5544, A_K=0.079, Cuv=-0.062, P_in=1.734e-01, P_tgt=1.731e-01, A_F=0.065, K_low=0.032, P_drag=-1.259e-03, P_cool=-2.185e-01, WENO=0.446, rho_mean=1.000000, p_mean=1.151230, div_rms=7.180e+00, vort_rms=2.919e+00, K_dil=0.780, mass_err=-6.444e-10
step=279000, t=33.444887, dt=8.485e-05, KE=2.172515e-01, Mt=0.5803, A_K=0.026, Cuv=-0.094, P_in=5.660e-02, P_tgt=5.778e-02, A_F=0.092, K_low=0.034, P_drag=-1.653e-03, P_cool=-2.116e-01, WENO=0.427, rho_mean=1.000000, p_mean=1.137579, div_rms=7.736e+00, vort_rms=3.267e+00, K_dil=0.776, mass_err=-6.467e-10
step=280000, t=33.530429, dt=8.583e-05, KE=2.245391e-01, Mt=0.5982, A_K=0.039, Cuv=-0.095, P_in=1.379e-02, P_tgt=1.384e-02, A_F=0.080, K_low=0.039, P_drag=-1.880e-03, P_cool=-2.071e-01, WENO=0.422, rho_mean=1.000000, p_mean=1.128510, div_rms=8.021e+00, vort_rms=3.373e+00, K_dil=0.764, mass_err=-6.491e-10
saved snapshot: results/hit2d/dilatational_Mt050_N512_CFL_0p05/hit2d_step0280000.npz
step=281000, t=33.614363, dt=8.417e-05, KE=2.168135e-01, Mt=0.5930, A_K=0.018, Cuv=-0.065, P_in=3.092e-03, P_tgt=3.065e-03, A_F=0.148, K_low=0.046, P_drag=-1.995e-03, P_cool=-2.053e-01, WENO=0.417, rho_mean=1.000000, p_mean=1.124929, div_rms=7.865e+00, vort_rms=3.419e+00, K_dil=0.734, mass_err=-6.514e-10
step=282000, t=33.698173, dt=8.422e-05, KE=2.033739e-01, Mt=0.5677, A_K=0.058, Cuv=-0.049, P_in=8.454e-04, P_tgt=8.425e-04, A_F=0.079, K_low=0.052, P_drag=-2.084e-03, P_cool=-2.046e-01, WENO=0.421, rho_mean=1.000000, p_mean=1.123397, div_rms=7.508e+00, vort_rms=3.377e+00, K_dil=0.703, mass_err=-6.537e-10
step=283000, t=33.782367, dt=8.160e-05, KE=1.949356e-01, Mt=0.5452, A_K=0.094, Cuv=-0.107, P_in=3.220e-04, P_tgt=3.220e-04, A_F=0.185, K_low=0.056, P_drag=-2.141e-03, P_cool=-2.028e-01, WENO=0.420, rho_mean=1.000000, p_mean=1.119828, div_rms=7.241e+00, vort_rms=3.311e+00, K_dil=0.685, mass_err=-6.560e-10
step=284000, t=33.865676, dt=8.698e-05, KE=1.902667e-01, Mt=0.5303, A_K=0.061, Cuv=-0.199, P_in=1.666e-04, P_tgt=1.662e-04, A_F=0.160, K_low=0.059, P_drag=-2.232e-03, P_cool=-2.003e-01, WENO=0.424, rho_mean=1.000000, p_mean=1.114908, div_rms=6.984e+00, vort_rms=3.234e+00, K_dil=0.678, mass_err=-6.583e-10
step=285000, t=33.958612, dt=9.775e-05, KE=1.807438e-01, Mt=0.5125, A_K=0.010, Cuv=-0.244, P_in=1.090e-04, P_tgt=1.087e-04, A_F=0.080, K_low=0.067, P_drag=-2.376e-03, P_cool=-1.985e-01, WENO=0.421, rho_mean=1.000000, p_mean=1.111233, div_rms=6.814e+00, vort_rms=3.117e+00, K_dil=0.664, mass_err=-6.606e-10
step=286000, t=34.058153, dt=1.012e-04, KE=1.660124e-01, Mt=0.4869, A_K=0.044, Cuv=-0.190, P_in=1.092e-04, P_tgt=1.098e-04, A_F=0.041, K_low=0.077, P_drag=-2.520e-03, P_cool=-1.974e-01, WENO=0.414, rho_mean=1.000000, p_mean=1.109150, div_rms=6.602e+00, vort_rms=3.000e+00, K_dil=0.641, mass_err=-6.630e-10
step=287000, t=34.161014, dt=1.059e-04, KE=1.445940e-01, Mt=0.4548, A_K=0.021, Cuv=-0.116, P_in=2.042e-04, P_tgt=2.011e-04, A_F=0.080, K_low=0.093, P_drag=-2.636e-03, P_cool=-1.976e-01, WENO=0.404, rho_mean=1.000000, p_mean=1.109499, div_rms=6.261e+00, vort_rms=2.867e+00, K_dil=0.605, mass_err=-6.653e-10
step=288000, t=34.269194, dt=1.095e-04, KE=1.249761e-01, Mt=0.4238, A_K=0.048, Cuv=-0.042, P_in=9.376e-04, P_tgt=9.419e-04, A_F=0.229, K_low=0.111, P_drag=-2.729e-03, P_cool=-1.972e-01, WENO=0.410, rho_mean=1.000000, p_mean=1.108697, div_rms=5.830e+00, vort_rms=2.709e+00, K_dil=0.564, mass_err=-6.676e-10
step=289000, t=34.381995, dt=1.150e-04, KE=1.222438e-01, Mt=0.4166, A_K=0.078, Cuv=-0.018, P_in=7.917e-03, P_tgt=8.017e-03, A_F=0.057, K_low=0.117, P_drag=-2.805e-03, P_cool=-1.934e-01, WENO=0.403, rho_mean=1.000000, p_mean=1.101015, div_rms=5.497e+00, vort_rms=2.593e+00, K_dil=0.567, mass_err=-6.699e-10
step=290000, t=34.498951, dt=1.183e-04, KE=1.224749e-01, Mt=0.4142, A_K=0.075, Cuv=-0.033, P_in=7.382e-02, P_tgt=7.370e-02, A_F=0.089, K_low=0.116, P_drag=-2.810e-03, P_cool=-1.895e-01, WENO=0.407, rho_mean=1.000000, p_mean=1.093235, div_rms=5.229e+00, vort_rms=2.482e+00, K_dil=0.582, mass_err=-6.722e-10
saved snapshot: results/hit2d/dilatational_Mt050_N512_CFL_0p05/hit2d_step0290000.npz
step=291000, t=34.618455, dt=1.179e-04, KE=1.398105e-01, Mt=0.4387, A_K=0.065, Cuv=0.034, P_in=5.884e-01, P_tgt=5.887e-01, A_F=0.001, K_low=0.096, P_drag=-2.758e-03, P_cool=-1.877e-01, WENO=0.408, rho_mean=1.000000, p_mean=1.089705, div_rms=5.054e+00, vort_rms=2.355e+00, K_dil=0.647, mass_err=-6.745e-10
step=292000, t=34.734454, dt=1.124e-04, KE=1.923525e-01, Mt=0.5196, A_K=0.003, Cuv=0.213, P_in=9.272e-01, P_tgt=9.273e-01, A_F=0.089, K_low=0.066, P_drag=-2.603e-03, P_cool=-1.931e-01, WENO=0.406, rho_mean=1.000000, p_mean=1.100439, div_rms=5.083e+00, vort_rms=2.305e+00, K_dil=0.758, mass_err=-6.768e-10
step=293000, t=34.847588, dt=1.163e-04, KE=1.727272e-01, Mt=0.5156, A_K=0.015, Cuv=0.090, P_in=5.812e-01, P_tgt=5.813e-01, A_F=0.005, K_low=0.071, P_drag=-2.366e-03, P_cool=-2.090e-01, WENO=0.423, rho_mean=1.000000, p_mean=1.132364, div_rms=5.211e+00, vort_rms=2.379e+00, K_dil=0.755, mass_err=-6.792e-10
step=294000, t=34.967601, dt=1.115e-04, KE=1.481653e-01, Mt=0.5017, A_K=0.001, Cuv=-0.070, P_in=5.365e-01, P_tgt=5.359e-01, A_F=0.059, K_low=0.083, P_drag=-1.961e-03, P_cool=-2.219e-01, WENO=0.442, rho_mean=1.000000, p_mean=1.158069, div_rms=5.790e+00, vort_rms=2.489e+00, K_dil=0.729, mass_err=-6.815e-10
step=295000, t=35.061276, dt=8.647e-05, KE=1.680554e-01, Mt=0.5287, A_K=0.107, Cuv=-0.037, P_in=4.187e-01, P_tgt=4.190e-01, A_F=0.085, K_low=0.073, P_drag=-1.717e-03, P_cool=-2.231e-01, WENO=0.446, rho_mean=1.000000, p_mean=1.160422, div_rms=6.705e+00, vort_rms=2.725e+00, K_dil=0.741, mass_err=-6.838e-10
step=296000, t=35.148862, dt=9.255e-05, KE=2.014827e-01, Mt=0.5720, A_K=0.131, Cuv=0.110, P_in=1.775e-01, P_tgt=1.777e-01, A_F=0.075, K_low=0.058, P_drag=-1.696e-03, P_cool=-2.176e-01, WENO=0.430, rho_mean=1.000000, p_mean=1.149502, div_rms=7.498e+00, vort_rms=2.855e+00, K_dil=0.777, mass_err=-6.861e-10
step=297000, t=35.232909, dt=7.973e-05, KE=2.320172e-01, Mt=0.6102, A_K=0.108, Cuv=0.142, P_in=4.250e-02, P_tgt=4.244e-02, A_F=0.021, K_low=0.045, P_drag=-1.663e-03, P_cool=-2.095e-01, WENO=0.407, rho_mean=1.000000, p_mean=1.133288, div_rms=8.019e+00, vort_rms=3.131e+00, K_dil=0.805, mass_err=-6.884e-10
step=298000, t=35.310650, dt=7.770e-05, KE=2.460263e-01, Mt=0.6261, A_K=0.086, Cuv=0.081, P_in=7.182e-03, P_tgt=7.196e-03, A_F=0.050, K_low=0.040, P_drag=-1.643e-03, P_cool=-2.037e-01, WENO=0.393, rho_mean=1.000000, p_mean=1.121766, div_rms=8.099e+00, vort_rms=3.252e+00, K_dil=0.815, mass_err=-6.907e-10
step=299000, t=35.388378, dt=8.253e-05, KE=2.367304e-01, Mt=0.6014, A_K=0.058, Cuv=-0.046, P_in=1.306e-03, P_tgt=1.302e-03, A_F=0.036, K_low=0.038, P_drag=-1.608e-03, P_cool=-2.024e-01, WENO=0.390, rho_mean=1.000000, p_mean=1.119177, div_rms=8.108e+00, vort_rms=3.332e+00, K_dil=0.804, mass_err=-6.931e-10
step=300000, t=35.476005, dt=9.218e-05, KE=2.161222e-01, Mt=0.5626, A_K=0.078, Cuv=-0.139, P_in=3.506e-04, P_tgt=3.506e-04, A_F=0.163, K_low=0.039, P_drag=-1.608e-03, P_cool=-2.030e-01, WENO=0.397, rho_mean=1.000000, p_mean=1.120269, div_rms=8.009e+00, vort_rms=3.318e+00, K_dil=0.780, mass_err=-6.954e-10
saved snapshot: results/hit2d/dilatational_Mt050_N512_CFL_0p05/hit2d_step0300000.npz
step=301000, t=35.571648, dt=9.719e-05, KE=1.925260e-01, Mt=0.5289, A_K=0.131, Cuv=-0.106, P_in=1.570e-04, P_tgt=1.570e-04, A_F=0.213, K_low=0.044, P_drag=-1.668e-03, P_cool=-2.038e-01, WENO=0.405, rho_mean=1.000000, p_mean=1.121834, div_rms=7.759e+00, vort_rms=3.202e+00, K_dil=0.752, mass_err=-6.977e-10
step=302000, t=35.670994, dt=1.020e-04, KE=1.680475e-01, Mt=0.4875, A_K=0.163, Cuv=-0.020, P_in=1.351e-04, P_tgt=1.350e-04, A_F=0.255, K_low=0.054, P_drag=-1.794e-03, P_cool=-2.045e-01, WENO=0.415, rho_mean=1.000000, p_mean=1.123380, div_rms=7.436e+00, vort_rms=3.051e+00, K_dil=0.710, mass_err=-7.000e-10
step=303000, t=35.776906, dt=1.101e-04, KE=1.507146e-01, Mt=0.4572, A_K=0.119, Cuv=0.014, P_in=2.557e-04, P_tgt=2.632e-04, A_F=0.255, K_low=0.067, P_drag=-1.961e-03, P_cool=-2.036e-01, WENO=0.424, rho_mean=1.000000, p_mean=1.121530, div_rms=6.939e+00, vort_rms=2.888e+00, K_dil=0.681, mass_err=-7.024e-10
step=304000, t=35.887501, dt=1.122e-04, KE=1.475897e-01, Mt=0.4524, A_K=0.056, Cuv=-0.032, P_in=7.729e-04, P_tgt=7.740e-04, A_F=0.159, K_low=0.078, P_drag=-2.184e-03, P_cool=-1.997e-01, WENO=0.411, rho_mean=1.000000, p_mean=1.113748, div_rms=6.677e+00, vort_rms=2.709e+00, K_dil=0.687, mass_err=-7.047e-10
step=305000, t=36.003582, dt=1.203e-04, KE=1.309611e-01, Mt=0.4298, A_K=0.036, Cuv=-0.085, P_in=3.152e-03, P_tgt=3.143e-03, A_F=0.148, K_low=0.098, P_drag=-2.431e-03, P_cool=-1.984e-01, WENO=0.400, rho_mean=1.000000, p_mean=1.111107, div_rms=6.237e+00, vort_rms=2.540e+00, K_dil=0.675, mass_err=-7.070e-10
step=306000, t=36.125837, dt=1.275e-04, KE=1.163276e-01, Mt=0.4053, A_K=0.041, Cuv=-0.049, P_in=2.755e-02, P_tgt=2.759e-02, A_F=0.139, K_low=0.117, P_drag=-2.595e-03, P_cool=-1.967e-01, WENO=0.416, rho_mean=1.000000, p_mean=1.107682, div_rms=5.886e+00, vort_rms=2.408e+00, K_dil=0.662, mass_err=-7.093e-10
step=307000, t=36.245100, dt=1.220e-04, KE=1.197990e-01, Mt=0.4129, A_K=0.092, Cuv=0.062, P_in=4.202e-01, P_tgt=4.196e-01, A_F=0.030, K_low=0.117, P_drag=-2.650e-03, P_cool=-1.947e-01, WENO=0.430, rho_mean=1.000000, p_mean=1.103706, div_rms=5.520e+00, vort_rms=2.301e+00, K_dil=0.690, mass_err=-7.116e-10
step=308000, t=36.371745, dt=1.218e-04, KE=1.858971e-01, Mt=0.5142, A_K=0.080, Cuv=0.075, P_in=1.023e+00, P_tgt=1.023e+00, A_F=0.097, K_low=0.075, P_drag=-2.462e-03, P_cool=-1.981e-01, WENO=0.420, rho_mean=1.000000, p_mean=1.110547, div_rms=5.514e+00, vort_rms=2.223e+00, K_dil=0.810, mass_err=-7.139e-10
step=309000, t=36.493145, dt=1.233e-04, KE=1.798723e-01, Mt=0.5246, A_K=0.056, Cuv=0.035, P_in=6.066e-01, P_tgt=6.065e-01, A_F=0.035, K_low=0.068, P_drag=-2.021e-03, P_cool=-2.139e-01, WENO=0.418, rho_mean=1.000000, p_mean=1.142151, div_rms=5.577e+00, vort_rms=2.279e+00, K_dil=0.820, mass_err=-7.162e-10
step=310000, t=36.616638, dt=1.225e-04, KE=1.492127e-01, Mt=0.4972, A_K=0.063, Cuv=0.049, P_in=5.197e-01, P_tgt=5.200e-01, A_F=0.035, K_low=0.064, P_drag=-1.387e-03, P_cool=-2.277e-01, WENO=0.439, rho_mean=1.000000, p_mean=1.169709, div_rms=5.850e+00, vort_rms=2.460e+00, K_dil=0.792, mass_err=-7.185e-10
saved snapshot: results/hit2d/dilatational_Mt050_N512_CFL_0p05/hit2d_step0310000.npz
step=311000, t=36.731217, dt=1.044e-04, KE=1.744503e-01, Mt=0.5284, A_K=0.046, Cuv=0.056, P_in=4.345e-01, P_tgt=4.352e-01, A_F=0.199, K_low=0.040, P_drag=-8.366e-04, P_cool=-2.289e-01, WENO=0.453, rho_mean=1.000000, p_mean=1.172104, div_rms=6.585e+00, vort_rms=2.611e+00, K_dil=0.806, mass_err=-7.209e-10
step=312000, t=36.834584, dt=1.035e-04, KE=2.113679e-01, Mt=0.5720, A_K=0.054, Cuv=0.044, P_in=1.803e-01, P_tgt=1.801e-01, A_F=0.193, K_low=0.025, P_drag=-5.023e-04, P_cool=-2.232e-01, WENO=0.432, rho_mean=1.000000, p_mean=1.160705, div_rms=7.570e+00, vort_rms=2.777e+00, K_dil=0.828, mass_err=-7.232e-10
step=313000, t=36.937146, dt=9.952e-05, KE=2.216646e-01, Mt=0.5910, A_K=0.016, Cuv=0.000, P_in=4.740e-02, P_tgt=4.769e-02, A_F=0.010, K_low=0.022, P_drag=-5.545e-04, P_cool=-2.188e-01, WENO=0.417, rho_mean=1.000000, p_mean=1.151898, div_rms=7.800e+00, vort_rms=2.993e+00, K_dil=0.832, mass_err=-7.255e-10
step=314000, t=37.031546, dt=8.613e-05, KE=2.295110e-01, Mt=0.5952, A_K=0.095, Cuv=-0.023, P_in=1.183e-02, P_tgt=1.097e-02, A_F=0.167, K_low=0.027, P_drag=-9.393e-04, P_cool=-2.137e-01, WENO=0.406, rho_mean=1.000000, p_mean=1.141597, div_rms=7.957e+00, vort_rms=3.287e+00, K_dil=0.827, mass_err=-7.278e-10
step=315000, t=37.117785, dt=8.241e-05, KE=2.304115e-01, Mt=0.5795, A_K=0.136, Cuv=-0.019, P_in=2.755e-03, P_tgt=2.745e-03, A_F=0.061, K_low=0.036, P_drag=-1.420e-03, P_cool=-2.099e-01, WENO=0.408, rho_mean=1.000000, p_mean=1.134098, div_rms=7.766e+00, vort_rms=3.335e+00, K_dil=0.810, mass_err=-7.301e-10
step=316000, t=37.189144, dt=6.528e-05, KE=2.237936e-01, Mt=0.5644, A_K=0.132, Cuv=0.017, P_in=8.509e-04, P_tgt=8.516e-04, A_F=0.143, K_low=0.044, P_drag=-1.846e-03, P_cool=-2.082e-01, WENO=0.399, rho_mean=1.000000, p_mean=1.130784, div_rms=7.504e+00, vort_rms=3.423e+00, K_dil=0.795, mass_err=-7.324e-10
step=317000, t=37.254128, dt=6.418e-05, KE=2.139225e-01, Mt=0.5515, A_K=0.108, Cuv=0.059, P_in=3.141e-04, P_tgt=3.143e-04, A_F=0.114, K_low=0.055, P_drag=-2.261e-03, P_cool=-2.075e-01, WENO=0.397, rho_mean=1.000000, p_mean=1.129295, div_rms=7.343e+00, vort_rms=3.521e+00, K_dil=0.779, mass_err=-7.347e-10
step=318000, t=37.321240, dt=7.084e-05, KE=2.011333e-01, Mt=0.5343, A_K=0.065, Cuv=0.103, P_in=1.475e-04, P_tgt=1.476e-04, A_F=0.073, K_low=0.066, P_drag=-2.635e-03, P_cool=-2.072e-01, WENO=0.405, rho_mean=1.000000, p_mean=1.128783, div_rms=7.236e+00, vort_rms=3.462e+00, K_dil=0.768, mass_err=-7.371e-10
step=319000, t=37.392014, dt=7.114e-05, KE=1.866686e-01, Mt=0.5099, A_K=0.024, Cuv=0.118, P_in=9.633e-05, P_tgt=9.625e-05, A_F=0.082, K_low=0.076, P_drag=-2.910e-03, P_cool=-2.072e-01, WENO=0.413, rho_mean=1.000000, p_mean=1.128629, div_rms=7.008e+00, vort_rms=3.336e+00, K_dil=0.751, mass_err=-7.394e-10
step=320000, t=37.468837, dt=8.175e-05, KE=1.750187e-01, Mt=0.4839, A_K=0.016, Cuv=0.107, P_in=1.041e-04, P_tgt=1.039e-04, A_F=0.216, K_low=0.083, P_drag=-3.038e-03, P_cool=-2.063e-01, WENO=0.418, rho_mean=1.000000, p_mean=1.126853, div_rms=6.792e+00, vort_rms=3.180e+00, K_dil=0.730, mass_err=-7.417e-10
saved snapshot: results/hit2d/dilatational_Mt050_N512_CFL_0p05/hit2d_step0320000.npz
step=321000, t=37.553387, dt=8.967e-05, KE=1.642724e-01, Mt=0.4657, A_K=0.054, Cuv=0.090, P_in=1.812e-04, P_tgt=1.810e-04, A_F=0.095, K_low=0.087, P_drag=-2.998e-03, P_cool=-2.049e-01, WENO=0.411, rho_mean=1.000000, p_mean=1.124113, div_rms=6.589e+00, vort_rms=2.960e+00, K_dil=0.711, mass_err=-7.440e-10
step=322000, t=37.651795, dt=1.121e-04, KE=1.555829e-01, Mt=0.4532, A_K=0.075, Cuv=0.056, P_in=4.492e-04, P_tgt=4.522e-04, A_F=0.039, K_low=0.087, P_drag=-2.736e-03, P_cool=-2.026e-01, WENO=0.407, rho_mean=1.000000, p_mean=1.119472, div_rms=6.388e+00, vort_rms=2.784e+00, K_dil=0.702, mass_err=-7.463e-10
step=323000, t=37.768952, dt=1.185e-04, KE=1.404951e-01, Mt=0.4340, A_K=0.059, Cuv=0.028, P_in=1.760e-03, P_tgt=1.761e-03, A_F=0.026, K_low=0.082, P_drag=-2.224e-03, P_cool=-2.008e-01, WENO=0.416, rho_mean=1.000000, p_mean=1.115974, div_rms=6.052e+00, vort_rms=2.630e+00, K_dil=0.685, mass_err=-7.486e-10
step=324000, t=37.890065, dt=1.274e-04, KE=1.249550e-01, Mt=0.4141, A_K=0.012, Cuv=-0.026, P_in=1.228e-02, P_tgt=1.231e-02, A_F=0.080, K_low=0.071, P_drag=-1.647e-03, P_cool=-1.992e-01, WENO=0.426, rho_mean=1.000000, p_mean=1.112650, div_rms=5.725e+00, vort_rms=2.468e+00, K_dil=0.670, mass_err=-7.510e-10
step=325000, t=38.020969, dt=1.333e-04, KE=1.163520e-01, Mt=0.4041, A_K=0.005, Cuv=-0.084, P_in=1.502e-01, P_tgt=1.502e-01, A_F=0.091, K_low=0.056, P_drag=-1.110e-03, P_cool=-1.971e-01, WENO=0.408, rho_mean=1.000000, p_mean=1.108445, div_rms=5.493e+00, vort_rms=2.308e+00, K_dil=0.670, mass_err=-7.533e-10
step=326000, t=38.153043, dt=1.268e-04, KE=1.565618e-01, Mt=0.4719, A_K=0.098, Cuv=-0.250, P_in=1.006e+00, P_tgt=1.007e+00, A_F=0.206, K_low=0.035, P_drag=-8.603e-04, P_cool=-1.980e-01, WENO=0.400, rho_mean=1.000000, p_mean=1.110213, div_rms=5.516e+00, vort_rms=2.246e+00, K_dil=0.768, mass_err=-7.556e-10
warning: flow component anisotropy has increased over the last three diagnostic samples
step=327000, t=38.273721, dt=1.212e-04, KE=1.903551e-01, Mt=0.5304, A_K=0.201, Cuv=-0.290, P_in=8.052e-01, P_tgt=8.054e-01, A_F=0.351, K_low=0.031, P_drag=-9.695e-04, P_cool=-2.103e-01, WENO=0.396, rho_mean=1.000000, p_mean=1.134891, div_rms=5.743e+00, vort_rms=2.287e+00, K_dil=0.814, mass_err=-7.579e-10
step=328000, t=38.391723, dt=1.135e-04, KE=1.762207e-01, Mt=0.5190, A_K=0.136, Cuv=-0.212, P_in=5.203e-01, P_tgt=5.203e-01, A_F=0.095, K_low=0.040, P_drag=-1.199e-03, P_cool=-2.231e-01, WENO=0.408, rho_mean=1.000000, p_mean=1.160425, div_rms=6.341e+00, vort_rms=2.364e+00, K_dil=0.798, mass_err=-7.603e-10
step=329000, t=38.497023, dt=1.010e-04, KE=1.848789e-01, Mt=0.5352, A_K=0.049, Cuv=-0.140, P_in=3.293e-01, P_tgt=3.297e-01, A_F=0.113, K_low=0.045, P_drag=-1.432e-03, P_cool=-2.255e-01, WENO=0.413, rho_mean=1.000000, p_mean=1.165369, div_rms=6.893e+00, vort_rms=2.533e+00, K_dil=0.805, mass_err=-7.626e-10
step=330000, t=38.594838, dt=9.154e-05, KE=2.016135e-01, Mt=0.5548, A_K=0.005, Cuv=-0.164, P_in=1.426e-01, P_tgt=1.428e-01, A_F=0.076, K_low=0.043, P_drag=-1.578e-03, P_cool=-2.223e-01, WENO=0.409, rho_mean=1.000000, p_mean=1.158908, div_rms=7.582e+00, vort_rms=2.633e+00, K_dil=0.820, mass_err=-7.649e-10
saved snapshot: results/hit2d/dilatational_Mt050_N512_CFL_0p05/hit2d_step0330000.npz
step=331000, t=38.682755, dt=8.551e-05, KE=2.185580e-01, Mt=0.5654, A_K=0.150, Cuv=-0.213, P_in=5.302e-02, P_tgt=5.310e-02, A_F=0.091, K_low=0.040, P_drag=-1.650e-03, P_cool=-2.167e-01, WENO=0.401, rho_mean=1.000000, p_mean=1.147587, div_rms=7.870e+00, vort_rms=2.750e+00, K_dil=0.823, mass_err=-7.672e-10
warning: flow component anisotropy has increased over the last three diagnostic samples
step=332000, t=38.766319, dt=8.286e-05, KE=2.261086e-01, Mt=0.5767, A_K=0.228, Cuv=-0.219, P_in=1.609e-02, P_tgt=1.623e-02, A_F=0.140, K_low=0.038, P_drag=-1.650e-03, P_cool=-2.121e-01, WENO=0.381, rho_mean=1.000000, p_mean=1.138404, div_rms=7.907e+00, vort_rms=2.812e+00, K_dil=0.825, mass_err=-7.695e-10
step=333000, t=38.849010, dt=8.631e-05, KE=2.199174e-01, Mt=0.5671, A_K=0.197, Cuv=-0.204, P_in=4.942e-03, P_tgt=4.932e-03, A_F=0.023, K_low=0.037, P_drag=-1.590e-03, P_cool=-2.099e-01, WENO=0.378, rho_mean=1.000000, p_mean=1.134182, div_rms=7.811e+00, vort_rms=2.848e+00, K_dil=0.816, mass_err=-7.718e-10
step=334000, t=38.939835, dt=9.349e-05, KE=2.088846e-01, Mt=0.5502, A_K=0.120, Cuv=-0.159, P_in=1.818e-03, P_tgt=1.810e-03, A_F=0.058, K_low=0.035, P_drag=-1.559e-03, P_cool=-2.084e-01, WENO=0.381, rho_mean=1.000000, p_mean=1.131032, div_rms=7.675e+00, vort_rms=2.826e+00, K_dil=0.801, mass_err=-7.741e-10
step=335000, t=39.034006, dt=9.868e-05, KE=1.884927e-01, Mt=0.5139, A_K=0.039, Cuv=-0.112, P_in=9.812e-04, P_tgt=9.779e-04, A_F=0.063, K_low=0.038, P_drag=-1.648e-03, P_cool=-2.085e-01, WENO=0.391, rho_mean=1.000000, p_mean=1.131309, div_rms=7.412e+00, vort_rms=2.756e+00, K_dil=0.777, mass_err=-7.764e-10
step=336000, t=39.136705, dt=1.071e-04, KE=1.584016e-01, Mt=0.4649, A_K=0.039, Cuv=-0.089, P_in=1.217e-03, P_tgt=1.219e-03, A_F=0.158, K_low=0.049, P_drag=-1.838e-03, P_cool=-2.102e-01, WENO=0.398, rho_mean=1.000000, p_mean=1.134718, div_rms=7.020e+00, vort_rms=2.611e+00, K_dil=0.747, mass_err=-7.788e-10
step=337000, t=39.248895, dt=1.169e-04, KE=1.379889e-01, Mt=0.4303, A_K=0.101, Cuv=-0.090, P_in=4.359e-03, P_tgt=4.356e-03, A_F=0.225, K_low=0.066, P_drag=-2.069e-03, P_cool=-2.096e-01, WENO=0.392, rho_mean=1.000000, p_mean=1.133484, div_rms=6.691e+00, vort_rms=2.491e+00, K_dil=0.718, mass_err=-7.811e-10
step=338000, t=39.370678, dt=1.234e-04, KE=1.277479e-01, Mt=0.4104, A_K=0.105, Cuv=-0.072, P_in=3.728e-02, P_tgt=3.724e-02, A_F=0.042, K_low=0.083, P_drag=-2.280e-03, P_cool=-2.069e-01, WENO=0.401, rho_mean=1.000000, p_mean=1.128026, div_rms=6.230e+00, vort_rms=2.344e+00, K_dil=0.703, mass_err=-7.834e-10
step=339000, t=39.494701, dt=1.229e-04, KE=1.404522e-01, Mt=0.4363, A_K=0.106, Cuv=-0.056, P_in=3.121e-01, P_tgt=3.125e-01, A_F=0.091, K_low=0.081, P_drag=-2.290e-03, P_cool=-2.027e-01, WENO=0.391, rho_mean=1.000000, p_mean=1.119597, div_rms=6.009e+00, vort_rms=2.211e+00, K_dil=0.748, mass_err=-7.857e-10
step=340000, t=39.616249, dt=1.259e-04, KE=1.704143e-01, Mt=0.4916, A_K=0.067, Cuv=-0.068, P_in=7.379e-01, P_tgt=7.376e-01, A_F=0.017, K_low=0.061, P_drag=-2.005e-03, P_cool=-2.053e-01, WENO=0.399, rho_mean=1.000000, p_mean=1.124855, div_rms=5.805e+00, vort_rms=2.143e+00, K_dil=0.810, mass_err=-7.880e-10
saved snapshot: results/hit2d/dilatational_Mt050_N512_CFL_0p05/hit2d_step0340000.npz
step=341000, t=39.741911, dt=1.194e-04, KE=1.684722e-01, Mt=0.5015, A_K=0.077, Cuv=-0.074, P_in=7.064e-01, P_tgt=7.067e-01, A_F=0.279, K_low=0.048, P_drag=-1.507e-03, P_cool=-2.187e-01, WENO=0.418, rho_mean=1.000000, p_mean=1.151672, div_rms=5.758e+00, vort_rms=2.182e+00, K_dil=0.816, mass_err=-7.903e-10
step=342000, t=39.860249, dt=1.151e-04, KE=1.670207e-01, Mt=0.5083, A_K=0.004, Cuv=-0.173, P_in=7.151e-01, P_tgt=7.152e-01, A_F=0.086, K_low=0.038, P_drag=-1.040e-03, P_cool=-2.305e-01, WENO=0.420, rho_mean=1.000000, p_mean=1.175336, div_rms=5.986e+00, vort_rms=2.338e+00, K_dil=0.815, mass_err=-7.926e-10
step=343000, t=39.973933, dt=1.116e-04, KE=1.870052e-01, Mt=0.5408, A_K=0.101, Cuv=-0.236, P_in=4.472e-01, P_tgt=4.473e-01, A_F=0.001, K_low=0.033, P_drag=-7.355e-04, P_cool=-2.347e-01, WENO=0.431, rho_mean=1.000000, p_mean=1.183669, div_rms=6.521e+00, vort_rms=2.481e+00, K_dil=0.828, mass_err=-7.950e-10
step=344000, t=40.081131, dt=1.008e-04, KE=2.075837e-01, Mt=0.5731, A_K=0.110, Cuv=-0.196, P_in=1.710e-01, P_tgt=1.709e-01, A_F=0.138, K_low=0.028, P_drag=-6.666e-04, P_cool=-2.319e-01, WENO=0.419, rho_mean=1.000000, p_mean=1.178080, div_rms=7.323e+00, vort_rms=2.713e+00, K_dil=0.838, mass_err=-7.973e-10
step=345000, t=40.175527, dt=8.198e-05, KE=2.214070e-01, Mt=0.5928, A_K=0.067, Cuv=-0.164, P_in=4.415e-02, P_tgt=4.425e-02, A_F=0.047, K_low=0.021, P_drag=-8.083e-04, P_cool=-2.265e-01, WENO=0.406, rho_mean=1.000000, p_mean=1.167299, div_rms=8.054e+00, vort_rms=3.004e+00, K_dil=0.842, mass_err=-7.996e-10
step=346000, t=40.260042, dt=8.386e-05, KE=2.257142e-01, Mt=0.5806, A_K=0.043, Cuv=-0.119, P_in=1.084e-02, P_tgt=1.093e-02, A_F=0.150, K_low=0.021, P_drag=-1.081e-03, P_cool=-2.222e-01, WENO=0.399, rho_mean=1.000000, p_mean=1.158624, div_rms=8.118e+00, vort_rms=3.325e+00, K_dil=0.829, mass_err=-8.019e-10
step=347000, t=40.342252, dt=8.233e-05, KE=2.258027e-01, Mt=0.5742, A_K=0.016, Cuv=-0.053, P_in=3.186e-03, P_tgt=3.193e-03, A_F=0.148, K_low=0.028, P_drag=-1.457e-03, P_cool=-2.186e-01, WENO=0.391, rho_mean=1.000000, p_mean=1.151429, div_rms=7.913e+00, vort_rms=3.429e+00, K_dil=0.811, mass_err=-8.042e-10
step=348000, t=40.424129, dt=7.697e-05, KE=2.248578e-01, Mt=0.5706, A_K=0.037, Cuv=-0.023, P_in=9.486e-04, P_tgt=9.476e-04, A_F=0.176, K_low=0.038, P_drag=-1.800e-03, P_cool=-2.152e-01, WENO=0.394, rho_mean=1.000000, p_mean=1.144641, div_rms=7.778e+00, vort_rms=3.468e+00, K_dil=0.810, mass_err=-8.065e-10
step=349000, t=40.500993, dt=7.559e-05, KE=2.174179e-01, Mt=0.5499, A_K=0.007, Cuv=-0.002, P_in=3.438e-04, P_tgt=3.441e-04, A_F=0.138, K_low=0.047, P_drag=-2.101e-03, P_cool=-2.133e-01, WENO=0.393, rho_mean=1.000000, p_mean=1.140928, div_rms=7.517e+00, vort_rms=3.482e+00, K_dil=0.802, mass_err=-8.089e-10
step=350000, t=40.578588, dt=8.253e-05, KE=1.981442e-01, Mt=0.5218, A_K=0.013, Cuv=0.001, P_in=1.777e-04, P_tgt=1.780e-04, A_F=0.003, K_low=0.058, P_drag=-2.371e-03, P_cool=-2.138e-01, WENO=0.411, rho_mean=1.000000, p_mean=1.141923, div_rms=7.180e+00, vort_rms=3.380e+00, K_dil=0.789, mass_err=-8.112e-10
saved snapshot: results/hit2d/dilatational_Mt050_N512_CFL_0p05/hit2d_step0350000.npz
step=351000, t=40.668438, dt=9.896e-05, KE=1.794432e-01, Mt=0.4952, A_K=0.044, Cuv=-0.005, P_in=1.532e-04, P_tgt=1.533e-04, A_F=0.022, K_low=0.068, P_drag=-2.563e-03, P_cool=-2.137e-01, WENO=0.403, rho_mean=1.000000, p_mean=1.141623, div_rms=6.994e+00, vort_rms=3.169e+00, K_dil=0.774, mass_err=-8.135e-10
step=352000, t=40.772526, dt=1.070e-04, KE=1.586162e-01, Mt=0.4663, A_K=0.083, Cuv=-0.043, P_in=2.262e-04, P_tgt=2.271e-04, A_F=0.023, K_low=0.080, P_drag=-2.671e-03, P_cool=-2.133e-01, WENO=0.407, rho_mean=1.000000, p_mean=1.140973, div_rms=6.775e+00, vort_rms=2.940e+00, K_dil=0.751, mass_err=-8.158e-10
step=353000, t=40.884685, dt=1.122e-04, KE=1.301007e-01, Mt=0.4244, A_K=0.088, Cuv=-0.100, P_in=8.303e-04, P_tgt=8.320e-04, A_F=0.152, K_low=0.100, P_drag=-2.623e-03, P_cool=-2.142e-01, WENO=0.419, rho_mean=1.000000, p_mean=1.142698, div_rms=6.431e+00, vort_rms=2.715e+00, K_dil=0.703, mass_err=-8.181e-10
step=354000, t=40.996961, dt=1.129e-04, KE=1.162052e-01, Mt=0.3963, A_K=0.078, Cuv=-0.149, P_in=1.016e-02, P_tgt=1.017e-02, A_F=0.145, K_low=0.103, P_drag=-2.382e-03, P_cool=-2.122e-01, WENO=0.437, rho_mean=1.000000, p_mean=1.138716, div_rms=6.178e+00, vort_rms=2.539e+00, K_dil=0.662, mass_err=-8.204e-10
step=355000, t=41.110501, dt=1.132e-04, KE=1.211362e-01, Mt=0.4035, A_K=0.070, Cuv=-0.196, P_in=2.018e-01, P_tgt=2.020e-01, A_F=0.134, K_low=0.085, P_drag=-2.058e-03, P_cool=-2.079e-01, WENO=0.439, rho_mean=1.000000, p_mean=1.130104, div_rms=5.796e+00, vort_rms=2.406e+00, K_dil=0.684, mass_err=-8.227e-10
step=356000, t=41.222964, dt=1.144e-04, KE=1.739376e-01, Mt=0.4886, A_K=0.025, Cuv=-0.196, P_in=8.971e-01, P_tgt=8.970e-01, A_F=0.117, K_low=0.049, P_drag=-1.684e-03, P_cool=-2.056e-01, WENO=0.420, rho_mean=1.000000, p_mean=1.125573, div_rms=5.777e+00, vort_rms=2.332e+00, K_dil=0.792, mass_err=-8.250e-10
step=357000, t=41.345189, dt=1.233e-04, KE=1.816054e-01, Mt=0.5172, A_K=0.098, Cuv=-0.151, P_in=6.913e-01, P_tgt=6.915e-01, A_F=0.023, K_low=0.036, P_drag=-1.228e-03, P_cool=-2.191e-01, WENO=0.411, rho_mean=1.000000, p_mean=1.152486, div_rms=5.820e+00, vort_rms=2.327e+00, K_dil=0.813, mass_err=-8.274e-10
step=358000, t=41.463805, dt=1.115e-04, KE=1.536942e-01, Mt=0.4959, A_K=0.082, Cuv=-0.077, P_in=6.584e-01, P_tgt=6.586e-01, A_F=0.085, K_low=0.035, P_drag=-9.811e-04, P_cool=-2.350e-01, WENO=0.428, rho_mean=1.000000, p_mean=1.184355, div_rms=5.919e+00, vort_rms=2.409e+00, K_dil=0.788, mass_err=-8.297e-10
step=359000, t=41.571092, dt=1.052e-04, KE=1.792901e-01, Mt=0.5332, A_K=0.059, Cuv=0.061, P_in=5.294e-01, P_tgt=5.302e-01, A_F=0.146, K_low=0.028, P_drag=-8.602e-04, P_cool=-2.386e-01, WENO=0.435, rho_mean=1.000000, p_mean=1.191566, div_rms=6.308e+00, vort_rms=2.488e+00, K_dil=0.809, mass_err=-8.320e-10
step=360000, t=41.675258, dt=1.049e-04, KE=2.086683e-01, Mt=0.5701, A_K=0.038, Cuv=0.105, P_in=2.122e-01, P_tgt=2.128e-01, A_F=0.238, K_low=0.025, P_drag=-9.188e-04, P_cool=-2.354e-01, WENO=0.425, rho_mean=1.000000, p_mean=1.185184, div_rms=7.197e+00, vort_rms=2.587e+00, K_dil=0.824, mass_err=-8.343e-10
saved snapshot: results/hit2d/dilatational_Mt050_N512_CFL_0p05/hit2d_step0360000.npz
step=361000, t=41.779147, dt=1.013e-04, KE=2.141466e-01, Mt=0.5820, A_K=0.056, Cuv=0.044, P_in=6.049e-02, P_tgt=6.036e-02, A_F=0.176, K_low=0.028, P_drag=-1.156e-03, P_cool=-2.320e-01, WENO=0.411, rho_mean=1.000000, p_mean=1.178223, div_rms=7.967e+00, vort_rms=2.834e+00, K_dil=0.824, mass_err=-8.367e-10
step=362000, t=41.877046, dt=9.881e-05, KE=2.104851e-01, Mt=0.5716, A_K=0.104, Cuv=-0.041, P_in=1.788e-02, P_tgt=1.727e-02, A_F=0.197, K_low=0.034, P_drag=-1.443e-03, P_cool=-2.287e-01, WENO=0.407, rho_mean=1.000000, p_mean=1.171737, div_rms=8.217e+00, vort_rms=2.992e+00, K_dil=0.815, mass_err=-8.390e-10
step=363000, t=41.980367, dt=1.029e-04, KE=2.118669e-01, Mt=0.5582, A_K=0.091, Cuv=-0.095, P_in=5.772e-03, P_tgt=5.748e-03, A_F=0.198, K_low=0.039, P_drag=-1.633e-03, P_cool=-2.239e-01, WENO=0.412, rho_mean=1.000000, p_mean=1.162066, div_rms=8.079e+00, vort_rms=3.149e+00, K_dil=0.799, mass_err=-8.413e-10
step=364000, t=42.086043, dt=1.065e-04, KE=2.262506e-01, Mt=0.5628, A_K=0.030, Cuv=-0.101, P_in=2.115e-03, P_tgt=2.113e-03, A_F=0.195, K_low=0.039, P_drag=-1.765e-03, P_cool=-2.164e-01, WENO=0.419, rho_mean=1.000000, p_mean=1.147098, div_rms=7.799e+00, vort_rms=3.155e+00, K_dil=0.795, mass_err=-8.436e-10
step=365000, t=42.188140, dt=9.044e-05, KE=2.189575e-01, Mt=0.5529, A_K=0.009, Cuv=-0.060, P_in=7.561e-04, P_tgt=7.575e-04, A_F=0.151, K_low=0.041, P_drag=-1.796e-03, P_cool=-2.135e-01, WENO=0.416, rho_mean=1.000000, p_mean=1.141238, div_rms=7.476e+00, vort_rms=3.008e+00, K_dil=0.790, mass_err=-8.459e-10
step=366000, t=42.286023, dt=9.978e-05, KE=1.881200e-01, Mt=0.5129, A_K=0.060, Cuv=-0.028, P_in=4.006e-04, P_tgt=3.993e-04, A_F=0.198, K_low=0.048, P_drag=-1.790e-03, P_cool=-2.154e-01, WENO=0.419, rho_mean=1.000000, p_mean=1.145128, div_rms=7.178e+00, vort_rms=2.890e+00, K_dil=0.760, mass_err=-8.483e-10
step=367000, t=42.398210, dt=1.194e-04, KE=1.480030e-01, Mt=0.4527, A_K=0.112, Cuv=-0.013, P_in=5.880e-04, P_tgt=5.880e-04, A_F=0.187, K_low=0.063, P_drag=-1.781e-03, P_cool=-2.185e-01, WENO=0.428, rho_mean=1.000000, p_mean=1.151367, div_rms=6.743e+00, vort_rms=2.768e+00, K_dil=0.694, mass_err=-8.506e-10
step=368000, t=42.522214, dt=1.237e-04, KE=1.298790e-01, Mt=0.4150, A_K=0.094, Cuv=0.075, P_in=3.504e-03, P_tgt=3.498e-03, A_F=0.230, K_low=0.068, P_drag=-1.675e-03, P_cool=-2.167e-01, WENO=0.435, rho_mean=1.000000, p_mean=1.147773, div_rms=6.298e+00, vort_rms=2.609e+00, K_dil=0.642, mass_err=-8.529e-10
step=369000, t=42.646557, dt=1.182e-04, KE=1.348065e-01, Mt=0.4182, A_K=0.027, Cuv=0.089, P_in=3.329e-02, P_tgt=3.312e-02, A_F=0.105, K_low=0.054, P_drag=-1.427e-03, P_cool=-2.108e-01, WENO=0.412, rho_mean=1.000000, p_mean=1.135803, div_rms=6.032e+00, vort_rms=2.447e+00, K_dil=0.661, mass_err=-8.552e-10
step=370000, t=42.755520, dt=1.128e-04, KE=1.419902e-01, Mt=0.4333, A_K=0.036, Cuv=0.049, P_in=2.325e-01, P_tgt=2.319e-01, A_F=0.102, K_low=0.043, P_drag=-1.189e-03, P_cool=-2.071e-01, WENO=0.400, rho_mean=1.000000, p_mean=1.128435, div_rms=5.730e+00, vort_rms=2.373e+00, K_dil=0.693, mass_err=-8.575e-10
saved snapshot: results/hit2d/dilatational_Mt050_N512_CFL_0p05/hit2d_step0370000.npz
step=371000, t=42.874891, dt=1.236e-04, KE=1.701714e-01, Mt=0.4815, A_K=0.043, Cuv=0.015, P_in=6.739e-01, P_tgt=6.739e-01, A_F=0.041, K_low=0.032, P_drag=-1.014e-03, P_cool=-2.075e-01, WENO=0.388, rho_mean=1.000000, p_mean=1.129347, div_rms=5.644e+00, vort_rms=2.265e+00, K_dil=0.759, mass_err=-8.598e-10
step=372000, t=43.000840, dt=1.270e-04, KE=1.771627e-01, Mt=0.5061, A_K=0.137, Cuv=0.001, P_in=6.617e-01, P_tgt=6.613e-01, A_F=0.144, K_low=0.027, P_drag=-9.379e-04, P_cool=-2.182e-01, WENO=0.397, rho_mean=1.000000, p_mean=1.150670, div_rms=5.714e+00, vort_rms=2.240e+00, K_dil=0.784, mass_err=-8.621e-10
step=373000, t=43.126162, dt=1.248e-04, KE=1.529695e-01, Mt=0.4908, A_K=0.160, Cuv=-0.146, P_in=6.928e-01, P_tgt=6.935e-01, A_F=0.034, K_low=0.031, P_drag=-1.021e-03, P_cool=-2.338e-01, WENO=0.416, rho_mean=1.000000, p_mean=1.181807, div_rms=5.966e+00, vort_rms=2.305e+00, K_dil=0.770, mass_err=-8.645e-10
warning: flow component anisotropy has increased over the last three diagnostic samples
step=374000, t=43.239277, dt=1.004e-04, KE=1.673887e-01, Mt=0.5127, A_K=0.207, Cuv=-0.191, P_in=7.204e-01, P_tgt=7.206e-01, A_F=0.135, K_low=0.030, P_drag=-1.240e-03, P_cool=-2.417e-01, WENO=0.426, rho_mean=1.000000, p_mean=1.197625, div_rms=6.461e+00, vort_rms=2.503e+00, K_dil=0.784, mass_err=-8.668e-10
step=375000, t=43.341323, dt=1.038e-04, KE=2.119533e-01, Mt=0.5638, A_K=0.177, Cuv=-0.103, P_in=3.756e-01, P_tgt=3.756e-01, A_F=0.026, K_low=0.029, P_drag=-1.467e-03, P_cool=-2.390e-01, WENO=0.422, rho_mean=1.000000, p_mean=1.192229, div_rms=7.177e+00, vort_rms=2.714e+00, K_dil=0.811, mass_err=-8.691e-10
step=376000, t=43.437940, dt=8.867e-05, KE=2.428362e-01, Mt=0.6084, A_K=0.105, Cuv=-0.020, P_in=9.299e-02, P_tgt=9.308e-02, A_F=0.011, K_low=0.034, P_drag=-1.680e-03, P_cool=-2.322e-01, WENO=0.383, rho_mean=1.000000, p_mean=1.178727, div_rms=7.792e+00, vort_rms=2.874e+00, K_dil=0.832, mass_err=-8.714e-10
step=377000, t=43.529878, dt=9.491e-05, KE=2.483880e-01, Mt=0.6245, A_K=0.080, Cuv=-0.047, P_in=1.646e-02, P_tgt=1.664e-02, A_F=0.003, K_low=0.039, P_drag=-1.767e-03, P_cool=-2.276e-01, WENO=0.372, rho_mean=1.000000, p_mean=1.169434, div_rms=8.218e+00, vort_rms=3.019e+00, K_dil=0.836, mass_err=-8.737e-10
step=378000, t=43.629273, dt=1.035e-04, KE=2.340721e-01, Mt=0.5991, A_K=0.067, Cuv=-0.112, P_in=3.008e-03, P_tgt=3.008e-03, A_F=0.104, K_low=0.042, P_drag=-1.753e-03, P_cool=-2.260e-01, WENO=0.391, rho_mean=1.000000, p_mean=1.166322, div_rms=8.250e+00, vort_rms=3.183e+00, K_dil=0.819, mass_err=-8.760e-10
step=379000, t=43.732823, dt=1.002e-04, KE=2.214807e-01, Mt=0.5685, A_K=0.050, Cuv=-0.143, P_in=8.082e-04, P_tgt=8.084e-04, A_F=0.050, K_low=0.041, P_drag=-1.664e-03, P_cool=-2.239e-01, WENO=0.395, rho_mean=1.000000, p_mean=1.162053, div_rms=7.997e+00, vort_rms=3.180e+00, K_dil=0.802, mass_err=-8.784e-10
step=380000, t=43.835155, dt=1.047e-04, KE=2.030636e-01, Mt=0.5364, A_K=0.049, Cuv=-0.104, P_in=3.259e-04, P_tgt=3.260e-04, A_F=0.042, K_low=0.039, P_drag=-1.582e-03, P_cool=-2.230e-01, WENO=0.407, rho_mean=1.000000, p_mean=1.160219, div_rms=7.724e+00, vort_rms=3.107e+00, K_dil=0.781, mass_err=-8.807e-10
saved snapshot: results/hit2d/dilatational_Mt050_N512_CFL_0p05/hit2d_step0380000.npz
step=381000, t=43.937227, dt=1.020e-04, KE=1.853896e-01, Mt=0.5077, A_K=0.069, Cuv=-0.029, P_in=2.200e-04, P_tgt=2.205e-04, A_F=0.023, K_low=0.041, P_drag=-1.582e-03, P_cool=-2.219e-01, WENO=0.417, rho_mean=1.000000, p_mean=1.158103, div_rms=7.377e+00, vort_rms=2.963e+00, K_dil=0.757, mass_err=-8.830e-10
step=382000, t=44.034246, dt=9.511e-05, KE=1.672050e-01, Mt=0.4809, A_K=0.067, Cuv=0.026, P_in=2.566e-04, P_tgt=2.492e-04, A_F=0.008, K_low=0.046, P_drag=-1.669e-03, P_cool=-2.212e-01, WENO=0.421, rho_mean=1.000000, p_mean=1.156700, div_rms=6.966e+00, vort_rms=2.813e+00, K_dil=0.731, mass_err=-8.853e-10
step=383000, t=44.132399, dt=1.068e-04, KE=1.525886e-01, Mt=0.4578, A_K=0.074, Cuv=0.041, P_in=4.895e-04, P_tgt=4.918e-04, A_F=0.020, K_low=0.054, P_drag=-1.791e-03, P_cool=-2.198e-01, WENO=0.411, rho_mean=1.000000, p_mean=1.153818, div_rms=6.655e+00, vort_rms=2.666e+00, K_dil=0.705, mass_err=-8.877e-10
step=384000, t=44.240454, dt=1.077e-04, KE=1.366759e-01, Mt=0.4336, A_K=0.087, Cuv=-0.058, P_in=1.809e-03, P_tgt=1.809e-03, A_F=0.021, K_low=0.065, P_drag=-1.881e-03, P_cool=-2.182e-01, WENO=0.410, rho_mean=1.000000, p_mean=1.150669, div_rms=6.215e+00, vort_rms=2.526e+00, K_dil=0.678, mass_err=-8.900e-10
step=385000, t=44.350507, dt=1.103e-04, KE=1.266795e-01, Mt=0.4175, A_K=0.054, Cuv=-0.131, P_in=1.277e-02, P_tgt=1.279e-02, A_F=0.141, K_low=0.071, P_drag=-1.890e-03, P_cool=-2.155e-01, WENO=0.410, rho_mean=1.000000, p_mean=1.145255, div_rms=5.900e+00, vort_rms=2.414e+00, K_dil=0.661, mass_err=-8.923e-10
step=386000, t=44.463078, dt=1.237e-04, KE=1.250089e-01, Mt=0.4145, A_K=0.037, Cuv=-0.136, P_in=1.248e-01, P_tgt=1.250e-01, A_F=0.091, K_low=0.070, P_drag=-1.798e-03, P_cool=-2.121e-01, WENO=0.406, rho_mean=1.000000, p_mean=1.138452, div_rms=5.563e+00, vort_rms=2.292e+00, K_dil=0.666, mass_err=-8.946e-10
step=387000, t=44.589358, dt=1.269e-04, KE=1.523292e-01, Mt=0.4633, A_K=0.061, Cuv=-0.137, P_in=6.884e-01, P_tgt=6.880e-01, A_F=0.039, K_low=0.054, P_drag=-1.540e-03, P_cool=-2.107e-01, WENO=0.397, rho_mean=1.000000, p_mean=1.135709, div_rms=5.446e+00, vort_rms=2.199e+00, K_dil=0.747, mass_err=-8.969e-10
step=388000, t=44.714157, dt=1.146e-04, KE=1.736907e-01, Mt=0.5152, A_K=0.053, Cuv=-0.208, P_in=7.698e-01, P_tgt=7.693e-01, A_F=0.004, K_low=0.044, P_drag=-1.234e-03, P_cool=-2.209e-01, WENO=0.397, rho_mean=1.000000, p_mean=1.156184, div_rms=5.558e+00, vort_rms=2.187e+00, K_dil=0.801, mass_err=-8.992e-10
step=389000, t=44.828333, dt=1.129e-04, KE=1.515752e-01, Mt=0.5067, A_K=0.060, Cuv=-0.228, P_in=6.051e-01, P_tgt=6.047e-01, A_F=0.201, K_low=0.048, P_drag=-1.054e-03, P_cool=-2.356e-01, WENO=0.417, rho_mean=1.000000, p_mean=1.185545, div_rms=5.891e+00, vort_rms=2.322e+00, K_dil=0.791, mass_err=-9.016e-10
step=390000, t=44.937689, dt=1.054e-04, KE=1.622055e-01, Mt=0.5189, A_K=0.065, Cuv=-0.298, P_in=4.952e-01, P_tgt=4.957e-01, A_F=0.080, K_low=0.043, P_drag=-9.159e-04, P_cool=-2.406e-01, WENO=0.427, rho_mean=1.000000, p_mean=1.195422, div_rms=6.528e+00, vort_rms=2.398e+00, K_dil=0.792, mass_err=-9.039e-10
saved snapshot: results/hit2d/dilatational_Mt050_N512_CFL_0p05/hit2d_step0390000.npz
step=391000, t=45.044356, dt=1.091e-04, KE=1.821953e-01, Mt=0.5399, A_K=0.046, Cuv=-0.202, P_in=2.946e-01, P_tgt=2.948e-01, A_F=0.196, K_low=0.039, P_drag=-7.755e-04, P_cool=-2.401e-01, WENO=0.425, rho_mean=1.000000, p_mean=1.194463, div_rms=7.162e+00, vort_rms=2.597e+00, K_dil=0.794, mass_err=-9.062e-10
step=392000, t=45.146778, dt=9.193e-05, KE=1.900845e-01, Mt=0.5688, A_K=0.038, Cuv=-0.083, P_in=1.140e-01, P_tgt=1.142e-01, A_F=0.098, K_low=0.033, P_drag=-7.402e-04, P_cool=-2.379e-01, WENO=0.413, rho_mean=1.000000, p_mean=1.190181, div_rms=7.646e+00, vort_rms=2.873e+00, K_dil=0.800, mass_err=-9.085e-10
step=393000, t=45.244017, dt=1.034e-04, KE=1.890145e-01, Mt=0.5731, A_K=0.082, Cuv=-0.051, P_in=3.387e-02, P_tgt=3.459e-02, A_F=0.121, K_low=0.029, P_drag=-8.034e-04, P_cool=-2.350e-01, WENO=0.400, rho_mean=1.000000, p_mean=1.184258, div_rms=7.951e+00, vort_rms=2.981e+00, K_dil=0.800, mass_err=-9.108e-10
step=394000, t=45.347862, dt=1.045e-04, KE=1.940821e-01, Mt=0.5540, A_K=0.143, Cuv=-0.081, P_in=1.213e-02, P_tgt=1.206e-02, A_F=0.205, K_low=0.028, P_drag=-8.619e-04, P_cool=-2.296e-01, WENO=0.413, rho_mean=1.000000, p_mean=1.173390, div_rms=7.849e+00, vort_rms=2.935e+00, K_dil=0.788, mass_err=-9.132e-10
step=395000, t=45.453156, dt=1.032e-04, KE=2.141723e-01, Mt=0.5610, A_K=0.154, Cuv=-0.086, P_in=4.646e-03, P_tgt=4.640e-03, A_F=0.229, K_low=0.024, P_drag=-9.398e-04, P_cool=-2.209e-01, WENO=0.407, rho_mean=1.000000, p_mean=1.156038, div_rms=7.809e+00, vort_rms=2.961e+00, K_dil=0.798, mass_err=-9.155e-10
step=396000, t=45.556855, dt=1.044e-04, KE=2.144673e-01, Mt=0.5598, A_K=0.184, Cuv=0.006, P_in=1.597e-03, P_tgt=1.594e-03, A_F=0.142, K_low=0.023, P_drag=-1.002e-03, P_cool=-2.163e-01, WENO=0.411, rho_mean=1.000000, p_mean=1.146896, div_rms=7.683e+00, vort_rms=2.924e+00, K_dil=0.804, mass_err=-9.178e-10
step=397000, t=45.661357, dt=1.041e-04, KE=1.863322e-01, Mt=0.5136, A_K=0.185, Cuv=0.094, P_in=8.221e-04, P_tgt=8.220e-04, A_F=0.038, K_low=0.027, P_drag=-1.085e-03, P_cool=-2.174e-01, WENO=0.414, rho_mean=1.000000, p_mean=1.149074, div_rms=7.201e+00, vort_rms=2.858e+00, K_dil=0.777, mass_err=-9.201e-10
step=398000, t=45.768010, dt=1.081e-04, KE=1.596034e-01, Mt=0.4705, A_K=0.164, Cuv=0.089, P_in=1.003e-03, P_tgt=9.981e-04, A_F=0.021, K_low=0.037, P_drag=-1.268e-03, P_cool=-2.181e-01, WENO=0.411, rho_mean=1.000000, p_mean=1.150443, div_rms=6.835e+00, vort_rms=2.765e+00, K_dil=0.741, mass_err=-9.224e-10
step=399000, t=45.876886, dt=1.105e-04, KE=1.348781e-01, Mt=0.4344, A_K=0.136, Cuv=-0.011, P_in=3.199e-03, P_tgt=3.179e-03, A_F=0.105, K_low=0.051, P_drag=-1.460e-03, P_cool=-2.183e-01, WENO=0.405, rho_mean=1.000000, p_mean=1.150824, div_rms=6.394e+00, vort_rms=2.602e+00, K_dil=0.701, mass_err=-9.248e-10
step=400000, t=45.987787, dt=1.083e-04, KE=1.229386e-01, Mt=0.4125, A_K=0.112, Cuv=-0.049, P_in=2.318e-02, P_tgt=2.331e-02, A_F=0.156, K_low=0.062, P_drag=-1.593e-03, P_cool=-2.160e-01, WENO=0.404, rho_mean=1.000000, p_mean=1.146290, div_rms=6.151e+00, vort_rms=2.462e+00, K_dil=0.670, mass_err=-9.271e-10
saved snapshot: results/hit2d/dilatational_Mt050_N512_CFL_0p05/hit2d_step0400000.npz
step=401000, t=46.098385, dt=1.213e-04, KE=1.255544e-01, Mt=0.4142, A_K=0.101, Cuv=-0.110, P_in=2.751e-01, P_tgt=2.748e-01, A_F=0.036, K_low=0.064, P_drag=-1.702e-03, P_cool=-2.130e-01, WENO=0.404, rho_mean=1.000000, p_mean=1.140368, div_rms=5.896e+00, vort_rms=2.313e+00, K_dil=0.678, mass_err=-9.294e-10
step=402000, t=46.216374, dt=1.192e-04, KE=1.788234e-01, Mt=0.4974, A_K=0.119, Cuv=-0.196, P_in=9.192e-01, P_tgt=9.185e-01, A_F=0.022, K_low=0.045, P_drag=-1.711e-03, P_cool=-2.128e-01, WENO=0.395, rho_mean=1.000000, p_mean=1.139945, div_rms=5.919e+00, vort_rms=2.180e+00, K_dil=0.783, mass_err=-9.317e-10
step=403000, t=46.337683, dt=1.166e-04, KE=1.795973e-01, Mt=0.5231, A_K=0.069, Cuv=-0.183, P_in=6.256e-01, P_tgt=6.254e-01, A_F=0.153, K_low=0.044, P_drag=-1.735e-03, P_cool=-2.267e-01, WENO=0.407, rho_mean=1.000000, p_mean=1.167696, div_rms=6.033e+00, vort_rms=2.225e+00, K_dil=0.803, mass_err=-9.340e-10
step=404000, t=46.455321, dt=1.231e-04, KE=1.593176e-01, Mt=0.4965, A_K=0.038, Cuv=-0.137, P_in=5.447e-01, P_tgt=5.452e-01, A_F=0.198, K_low=0.047, P_drag=-1.870e-03, P_cool=-2.385e-01, WENO=0.422, rho_mean=1.000000, p_mean=1.191321, div_rms=6.423e+00, vort_rms=2.335e+00, K_dil=0.777, mass_err=-9.363e-10
step=405000, t=46.567564, dt=1.051e-04, KE=1.859831e-01, Mt=0.5274, A_K=0.056, Cuv=-0.123, P_in=4.628e-01, P_tgt=4.631e-01, A_F=0.278, K_low=0.041, P_drag=-1.888e-03, P_cool=-2.399e-01, WENO=0.432, rho_mean=1.000000, p_mean=1.194106, div_rms=7.151e+00, vort_rms=2.504e+00, K_dil=0.794, mass_err=-9.386e-10
step=406000, t=46.665077, dt=9.326e-05, KE=2.079950e-01, Mt=0.5632, A_K=0.041, Cuv=-0.157, P_in=2.058e-01, P_tgt=2.054e-01, A_F=0.223, K_low=0.040, P_drag=-1.713e-03, P_cool=-2.374e-01, WENO=0.425, rho_mean=1.000000, p_mean=1.189158, div_rms=7.349e+00, vort_rms=2.684e+00, K_dil=0.802, mass_err=-9.410e-10
step=407000, t=46.754806, dt=8.689e-05, KE=2.042009e-01, Mt=0.5704, A_K=0.020, Cuv=-0.152, P_in=6.456e-02, P_tgt=6.396e-02, A_F=0.308, K_low=0.042, P_drag=-1.580e-03, P_cool=-2.361e-01, WENO=0.418, rho_mean=1.000000, p_mean=1.186448, div_rms=7.512e+00, vort_rms=2.825e+00, K_dil=0.800, mass_err=-9.433e-10
step=408000, t=46.850756, dt=9.823e-05, KE=1.984438e-01, Mt=0.5513, A_K=0.035, Cuv=-0.090, P_in=2.281e-02, P_tgt=2.298e-02, A_F=0.230, K_low=0.038, P_drag=-1.524e-03, P_cool=-2.334e-01, WENO=0.415, rho_mean=1.000000, p_mean=1.181062, div_rms=7.625e+00, vort_rms=2.878e+00, K_dil=0.786, mass_err=-9.456e-10
step=409000, t=46.952157, dt=1.041e-04, KE=2.043819e-01, Mt=0.5480, A_K=0.035, Cuv=-0.019, P_in=9.723e-03, P_tgt=9.890e-03, A_F=0.203, K_low=0.037, P_drag=-1.638e-03, P_cool=-2.278e-01, WENO=0.400, rho_mean=1.000000, p_mean=1.169876, div_rms=7.732e+00, vort_rms=2.901e+00, K_dil=0.783, mass_err=-9.479e-10
step=410000, t=47.054753, dt=1.001e-04, KE=2.045796e-01, Mt=0.5394, A_K=0.093, Cuv=-0.018, P_in=4.586e-03, P_tgt=4.586e-03, A_F=0.357, K_low=0.040, P_drag=-1.773e-03, P_cool=-2.232e-01, WENO=0.416, rho_mean=1.000000, p_mean=1.160720, div_rms=7.546e+00, vort_rms=2.924e+00, K_dil=0.779, mass_err=-9.503e-10
saved snapshot: results/hit2d/dilatational_Mt050_N512_CFL_0p05/hit2d_step0410000.npz
step=411000, t=47.147520, dt=9.337e-05, KE=2.035007e-01, Mt=0.5336, A_K=0.088, Cuv=-0.044, P_in=2.341e-03, P_tgt=2.343e-03, A_F=0.261, K_low=0.040, P_drag=-1.800e-03, P_cool=-2.193e-01, WENO=0.411, rho_mean=1.000000, p_mean=1.152986, div_rms=7.287e+00, vort_rms=3.020e+00, K_dil=0.775, mass_err=-9.526e-10
step=412000, t=47.248257, dt=1.033e-04, KE=1.813443e-01, Mt=0.5027, A_K=0.068, Cuv=-0.073, P_in=1.602e-03, P_tgt=1.601e-03, A_F=0.281, K_low=0.048, P_drag=-1.806e-03, P_cool=-2.194e-01, WENO=0.416, rho_mean=1.000000, p_mean=1.153035, div_rms=6.964e+00, vort_rms=2.967e+00, K_dil=0.748, mass_err=-9.549e-10
step=413000, t=47.349365, dt=1.017e-04, KE=1.537983e-01, Mt=0.4577, A_K=0.072, Cuv=-0.082, P_in=2.470e-03, P_tgt=2.474e-03, A_F=0.365, K_low=0.059, P_drag=-1.795e-03, P_cool=-2.205e-01, WENO=0.417, rho_mean=1.000000, p_mean=1.155189, div_rms=6.664e+00, vort_rms=2.823e+00, K_dil=0.700, mass_err=-9.572e-10
step=414000, t=47.457986, dt=1.073e-04, KE=1.370330e-01, Mt=0.4267, A_K=0.066, Cuv=-0.116, P_in=1.071e-02, P_tgt=1.085e-02, A_F=0.145, K_low=0.065, P_drag=-1.744e-03, P_cool=-2.191e-01, WENO=0.424, rho_mean=1.000000, p_mean=1.152473, div_rms=6.406e+00, vort_rms=2.681e+00, K_dil=0.663, mass_err=-9.595e-10
step=415000, t=47.567281, dt=1.115e-04, KE=1.327602e-01, Mt=0.4218, A_K=0.001, Cuv=-0.121, P_in=8.069e-02, P_tgt=8.100e-02, A_F=0.095, K_low=0.065, P_drag=-1.718e-03, P_cool=-2.159e-01, WENO=0.415, rho_mean=1.000000, p_mean=1.146063, div_rms=6.151e+00, vort_rms=2.542e+00, K_dil=0.664, mass_err=-9.618e-10
step=416000, t=47.683326, dt=1.215e-04, KE=1.466380e-01, Mt=0.4442, A_K=0.070, Cuv=-0.045, P_in=4.846e-01, P_tgt=4.846e-01, A_F=0.027, K_low=0.059, P_drag=-1.748e-03, P_cool=-2.138e-01, WENO=0.406, rho_mean=1.000000, p_mean=1.141792, div_rms=5.986e+00, vort_rms=2.420e+00, K_dil=0.707, mass_err=-9.641e-10
step=417000, t=47.803947, dt=1.203e-04, KE=1.815210e-01, Mt=0.5017, A_K=0.022, Cuv=0.040, P_in=8.818e-01, P_tgt=8.820e-01, A_F=0.051, K_low=0.052, P_drag=-1.783e-03, P_cool=-2.196e-01, WENO=0.413, rho_mean=1.000000, p_mean=1.153542, div_rms=5.858e+00, vort_rms=2.395e+00, K_dil=0.779, mass_err=-9.664e-10
step=418000, t=47.928665, dt=1.279e-04, KE=1.745163e-01, Mt=0.5090, A_K=0.033, Cuv=0.082, P_in=7.231e-01, P_tgt=7.227e-01, A_F=0.094, K_low=0.061, P_drag=-1.839e-03, P_cool=-2.354e-01, WENO=0.430, rho_mean=1.000000, p_mean=1.185022, div_rms=5.841e+00, vort_rms=2.457e+00, K_dil=0.785, mass_err=-9.687e-10
step=419000, t=48.053293, dt=1.242e-04, KE=1.669673e-01, Mt=0.5169, A_K=0.017, Cuv=0.108, P_in=6.061e-01, P_tgt=6.064e-01, A_F=0.046, K_low=0.067, P_drag=-1.765e-03, P_cool=-2.475e-01, WENO=0.439, rho_mean=1.000000, p_mean=1.209260, div_rms=6.398e+00, vort_rms=2.577e+00, K_dil=0.786, mass_err=-9.711e-10
step=420000, t=48.172893, dt=1.121e-04, KE=1.845712e-01, Mt=0.5428, A_K=0.046, Cuv=-0.105, P_in=3.368e-01, P_tgt=3.369e-01, A_F=0.112, K_low=0.056, P_drag=-1.550e-03, P_cool=-2.494e-01, WENO=0.434, rho_mean=1.000000, p_mean=1.213167, div_rms=7.419e+00, vort_rms=2.760e+00, K_dil=0.805, mass_err=-9.734e-10
saved snapshot: results/hit2d/dilatational_Mt050_N512_CFL_0p05/hit2d_step0420000.npz
step=421000, t=48.279678, dt=9.389e-05, KE=1.990913e-01, Mt=0.5606, A_K=0.026, Cuv=-0.102, P_in=1.404e-01, P_tgt=1.394e-01, A_F=0.020, K_low=0.046, P_drag=-1.318e-03, P_cool=-2.462e-01, WENO=0.432, rho_mean=1.000000, p_mean=1.206747, div_rms=7.948e+00, vort_rms=3.047e+00, K_dil=0.810, mass_err=-9.757e-10
step=422000, t=48.376817, dt=1.031e-04, KE=1.976998e-01, Mt=0.5676, A_K=0.035, Cuv=0.008, P_in=4.696e-02, P_tgt=4.645e-02, A_F=0.130, K_low=0.041, P_drag=-1.080e-03, P_cool=-2.435e-01, WENO=0.428, rho_mean=1.000000, p_mean=1.201208, div_rms=8.107e+00, vort_rms=3.232e+00, K_dil=0.796, mass_err=-9.780e-10
step=423000, t=48.481325, dt=1.046e-04, KE=1.885033e-01, Mt=0.5492, A_K=0.136, Cuv=0.134, P_in=1.648e-02, P_tgt=1.685e-02, A_F=0.146, K_low=0.040, P_drag=-1.106e-03, P_cool=-2.408e-01, WENO=0.416, rho_mean=1.000000, p_mean=1.195836, div_rms=8.074e+00, vort_rms=3.232e+00, K_dil=0.773, mass_err=-9.803e-10
step=424000, t=48.587901, dt=9.893e-05, KE=1.913250e-01, Mt=0.5307, A_K=0.154, Cuv=-0.034, P_in=8.763e-03, P_tgt=8.790e-03, A_F=0.061, K_low=0.038, P_drag=-1.190e-03, P_cool=-2.353e-01, WENO=0.428, rho_mean=1.000000, p_mean=1.184944, div_rms=7.758e+00, vort_rms=3.174e+00, K_dil=0.759, mass_err=-9.827e-10
step=425000, t=48.686984, dt=1.031e-04, KE=2.175027e-01, Mt=0.5604, A_K=0.050, Cuv=-0.119, P_in=4.270e-03, P_tgt=4.261e-03, A_F=0.139, K_low=0.031, P_drag=-1.183e-03, P_cool=-2.256e-01, WENO=0.414, rho_mean=1.000000, p_mean=1.165527, div_rms=7.690e+00, vort_rms=3.111e+00, K_dil=0.781, mass_err=-9.850e-10
step=426000, t=48.793785, dt=1.071e-04, KE=2.306334e-01, Mt=0.5771, A_K=0.054, Cuv=-0.063, P_in=1.274e-03, P_tgt=1.271e-03, A_F=0.062, K_low=0.026, P_drag=-1.249e-03, P_cool=-2.183e-01, WENO=0.412, rho_mean=1.000000, p_mean=1.150872, div_rms=7.616e+00, vort_rms=3.083e+00, K_dil=0.792, mass_err=-9.873e-10
step=427000, t=48.901145, dt=1.098e-04, KE=1.980386e-01, Mt=0.5321, A_K=0.128, Cuv=-0.035, P_in=4.710e-04, P_tgt=4.730e-04, A_F=0.057, K_low=0.031, P_drag=-1.381e-03, P_cool=-2.201e-01, WENO=0.420, rho_mean=1.000000, p_mean=1.154493, div_rms=7.214e+00, vort_rms=3.035e+00, K_dil=0.761, mass_err=-9.896e-10
step=428000, t=49.012591, dt=1.110e-04, KE=1.553718e-01, Mt=0.4648, A_K=0.139, Cuv=-0.062, P_in=5.042e-04, P_tgt=5.004e-04, A_F=0.077, K_low=0.046, P_drag=-1.539e-03, P_cool=-2.237e-01, WENO=0.423, rho_mean=1.000000, p_mean=1.161623, div_rms=6.769e+00, vort_rms=2.989e+00, K_dil=0.698, mass_err=-9.919e-10
step=429000, t=49.126699, dt=1.172e-04, KE=1.362725e-01, Mt=0.4262, A_K=0.072, Cuv=-0.050, P_in=2.024e-03, P_tgt=2.029e-03, A_F=0.081, K_low=0.060, P_drag=-1.638e-03, P_cool=-2.224e-01, WENO=0.415, rho_mean=1.000000, p_mean=1.159042, div_rms=6.446e+00, vort_rms=2.806e+00, K_dil=0.652, mass_err=-9.942e-10
step=430000, t=49.244902, dt=1.117e-04, KE=1.315883e-01, Mt=0.4148, A_K=0.055, Cuv=0.032, P_in=1.663e-02, P_tgt=1.680e-02, A_F=0.137, K_low=0.063, P_drag=-1.636e-03, P_cool=-2.182e-01, WENO=0.418, rho_mean=1.000000, p_mean=1.150724, div_rms=6.126e+00, vort_rms=2.588e+00, K_dil=0.656, mass_err=-9.965e-10
saved snapshot: results/hit2d/dilatational_Mt050_N512_CFL_0p05/hit2d_step0430000.npz
step=431000, t=49.353704, dt=1.105e-04, KE=1.347941e-01, Mt=0.4215, A_K=0.115, Cuv=0.077, P_in=1.515e-01, P_tgt=1.514e-01, A_F=0.076, K_low=0.056, P_drag=-1.522e-03, P_cool=-2.142e-01, WENO=0.410, rho_mean=1.000000, p_mean=1.142653, div_rms=5.872e+00, vort_rms=2.439e+00, K_dil=0.686, mass_err=-9.989e-10
step=432000, t=49.466979, dt=1.130e-04, KE=1.600491e-01, Mt=0.4630, A_K=0.104, Cuv=0.099, P_in=6.782e-01, P_tgt=6.781e-01, A_F=0.029, K_low=0.039, P_drag=-1.361e-03, P_cool=-2.130e-01, WENO=0.414, rho_mean=1.000000, p_mean=1.140330, div_rms=5.776e+00, vort_rms=2.352e+00, K_dil=0.750, mass_err=-1.001e-09
step=433000, t=49.579540, dt=1.144e-04, KE=1.851297e-01, Mt=0.5096, A_K=0.023, Cuv=0.166, P_in=8.462e-01, P_tgt=8.461e-01, A_F=0.079, K_low=0.027, P_drag=-1.202e-03, P_cool=-2.217e-01, WENO=0.397, rho_mean=1.000000, p_mean=1.157661, div_rms=5.797e+00, vort_rms=2.337e+00, K_dil=0.799, mass_err=-1.003e-09
step=434000, t=49.700405, dt=1.197e-04, KE=1.623617e-01, Mt=0.5012, A_K=0.065, Cuv=0.121, P_in=7.359e-01, P_tgt=7.351e-01, A_F=0.096, K_low=0.029, P_drag=-1.107e-03, P_cool=-2.393e-01, WENO=0.427, rho_mean=1.000000, p_mean=1.192975, div_rms=6.053e+00, vort_rms=2.479e+00, K_dil=0.793, mass_err=-1.006e-09
step=435000, t=49.801893, dt=8.950e-05, KE=1.696887e-01, Mt=0.5080, A_K=0.015, Cuv=0.027, P_in=7.040e-01, P_tgt=7.040e-01, A_F=0.175, K_low=0.031, P_drag=-1.068e-03, P_cool=-2.477e-01, WENO=0.450, rho_mean=1.000000, p_mean=1.209617, div_rms=6.604e+00, vort_rms=2.667e+00, K_dil=0.795, mass_err=-1.008e-09
step=436000, t=49.892388, dt=9.188e-05, KE=2.018430e-01, Mt=0.5440, A_K=0.003, Cuv=-0.008, P_in=4.473e-01, P_tgt=4.471e-01, A_F=0.141, K_low=0.026, P_drag=-9.652e-04, P_cool=-2.477e-01, WENO=0.465, rho_mean=1.000000, p_mean=1.209597, div_rms=7.195e+00, vort_rms=2.859e+00, K_dil=0.814, mass_err=-1.010e-09
step=437000, t=49.979848, dt=8.997e-05, KE=2.242532e-01, Mt=0.5808, A_K=0.036, Cuv=0.063, P_in=1.544e-01, P_tgt=1.547e-01, A_F=0.098, K_low=0.023, P_drag=-1.004e-03, P_cool=-2.439e-01, WENO=0.447, rho_mean=1.000000, p_mean=1.202165, div_rms=7.732e+00, vort_rms=3.022e+00, K_dil=0.829, mass_err=-1.013e-09
step=438000, t=50.070217, dt=8.153e-05, KE=2.332377e-01, Mt=0.5952, A_K=0.101, Cuv=0.148, P_in=3.748e-02, P_tgt=3.783e-02, A_F=0.259, K_low=0.022, P_drag=-1.214e-03, P_cool=-2.393e-01, WENO=0.427, rho_mean=1.000000, p_mean=1.192874, div_rms=8.081e+00, vort_rms=3.181e+00, K_dil=0.834, mass_err=-1.015e-09
step=439000, t=50.152898, dt=8.498e-05, KE=2.278129e-01, Mt=0.5906, A_K=0.123, Cuv=0.200, P_in=8.905e-03, P_tgt=8.886e-03, A_F=0.119, K_low=0.028, P_drag=-1.492e-03, P_cool=-2.367e-01, WENO=0.412, rho_mean=1.000000, p_mean=1.187734, div_rms=8.301e+00, vort_rms=3.353e+00, K_dil=0.827, mass_err=-1.017e-09
step=440000, t=50.239668, dt=8.726e-05, KE=2.324936e-01, Mt=0.5773, A_K=0.108, Cuv=0.191, P_in=2.342e-03, P_tgt=2.340e-03, A_F=0.228, K_low=0.032, P_drag=-1.800e-03, P_cool=-2.318e-01, WENO=0.406, rho_mean=1.000000, p_mean=1.177813, div_rms=8.282e+00, vort_rms=3.477e+00, K_dil=0.815, mass_err=-1.020e-09
saved snapshot: results/hit2d/dilatational_Mt050_N512_CFL_0p05/hit2d_step0440000.npz
step=441000, t=50.326442, dt=8.640e-05, KE=2.384131e-01, Mt=0.5673, A_K=0.066, Cuv=0.123, P_in=7.210e-04, P_tgt=7.188e-04, A_F=0.014, K_low=0.037, P_drag=-2.080e-03, P_cool=-2.266e-01, WENO=0.402, rho_mean=1.000000, p_mean=1.167461, div_rms=8.255e+00, vort_rms=3.389e+00, K_dil=0.804, mass_err=-1.022e-09
step=442000, t=50.414618, dt=9.134e-05, KE=2.325781e-01, Mt=0.5538, A_K=0.041, Cuv=0.087, P_in=2.555e-04, P_tgt=2.554e-04, A_F=0.225, K_low=0.043, P_drag=-2.278e-03, P_cool=-2.238e-01, WENO=0.407, rho_mean=1.000000, p_mean=1.161796, div_rms=8.041e+00, vort_rms=3.297e+00, K_dil=0.790, mass_err=-1.024e-09
step=443000, t=50.508762, dt=9.805e-05, KE=2.040342e-01, Mt=0.5206, A_K=0.046, Cuv=0.083, P_in=1.298e-04, P_tgt=1.299e-04, A_F=0.331, K_low=0.052, P_drag=-2.356e-03, P_cool=-2.252e-01, WENO=0.402, rho_mean=1.000000, p_mean=1.164685, div_rms=7.510e+00, vort_rms=3.197e+00, K_dil=0.766, mass_err=-1.027e-09
step=444000, t=50.614158, dt=1.094e-04, KE=1.697204e-01, Mt=0.4769, A_K=0.058, Cuv=0.114, P_in=1.284e-04, P_tgt=1.285e-04, A_F=0.228, K_low=0.065, P_drag=-2.367e-03, P_cool=-2.273e-01, WENO=0.412, rho_mean=1.000000, p_mean=1.168786, div_rms=7.083e+00, vort_rms=2.991e+00, K_dil=0.729, mass_err=-1.029e-09
step=445000, t=50.726166, dt=1.119e-04, KE=1.403475e-01, Mt=0.4303, A_K=0.079, Cuv=0.123, P_in=3.963e-04, P_tgt=3.971e-04, A_F=0.341, K_low=0.076, P_drag=-2.272e-03, P_cool=-2.280e-01, WENO=0.416, rho_mean=1.000000, p_mean=1.170232, div_rms=6.649e+00, vort_rms=2.781e+00, K_dil=0.681, mass_err=-1.031e-09
step=446000, t=50.838160, dt=1.128e-04, KE=1.287277e-01, Mt=0.4107, A_K=0.081, Cuv=0.109, P_in=3.370e-03, P_tgt=3.394e-03, A_F=0.111, K_low=0.076, P_drag=-2.106e-03, P_cool=-2.252e-01, WENO=0.414, rho_mean=1.000000, p_mean=1.164667, div_rms=6.292e+00, vort_rms=2.585e+00, K_dil=0.659, mass_err=-1.034e-09
step=447000, t=50.951621, dt=1.151e-04, KE=1.230897e-01, Mt=0.4055, A_K=0.053, Cuv=0.092, P_in=4.250e-02, P_tgt=4.266e-02, A_F=0.006, K_low=0.073, P_drag=-1.910e-03, P_cool=-2.215e-01, WENO=0.406, rho_mean=1.000000, p_mean=1.157360, div_rms=5.951e+00, vort_rms=2.418e+00, K_dil=0.658, mass_err=-1.036e-09
step=448000, t=51.067371, dt=1.156e-04, KE=1.393442e-01, Mt=0.4348, A_K=0.046, Cuv=0.103, P_in=4.092e-01, P_tgt=4.088e-01, A_F=0.095, K_low=0.062, P_drag=-1.692e-03, P_cool=-2.172e-01, WENO=0.395, rho_mean=1.000000, p_mean=1.148746, div_rms=5.670e+00, vort_rms=2.291e+00, K_dil=0.713, mass_err=-1.038e-09
step=449000, t=51.185058, dt=1.235e-04, KE=1.832172e-01, Mt=0.5072, A_K=0.002, Cuv=0.099, P_in=7.510e-01, P_tgt=7.506e-01, A_F=0.015, K_low=0.048, P_drag=-1.509e-03, P_cool=-2.188e-01, WENO=0.383, rho_mean=1.000000, p_mean=1.151793, div_rms=5.658e+00, vort_rms=2.242e+00, K_dil=0.797, mass_err=-1.041e-09
step=450000, t=51.310873, dt=1.269e-04, KE=1.660666e-01, Mt=0.5087, A_K=0.076, Cuv=0.133, P_in=5.771e-01, P_tgt=5.771e-01, A_F=0.040, K_low=0.054, P_drag=-1.388e-03, P_cool=-2.331e-01, WENO=0.412, rho_mean=1.000000, p_mean=1.180402, div_rms=5.714e+00, vort_rms=2.283e+00, K_dil=0.801, mass_err=-1.043e-09
saved snapshot: results/hit2d/dilatational_Mt050_N512_CFL_0p05/hit2d_step0450000.npz
step=451000, t=51.434141, dt=1.185e-04, KE=1.472444e-01, Mt=0.4961, A_K=0.178, Cuv=0.034, P_in=5.977e-01, P_tgt=5.978e-01, A_F=0.005, K_low=0.061, P_drag=-1.235e-03, P_cool=-2.449e-01, WENO=0.425, rho_mean=1.000000, p_mean=1.204165, div_rms=6.205e+00, vort_rms=2.363e+00, K_dil=0.788, mass_err=-1.045e-09
step=452000, t=51.549323, dt=1.070e-04, KE=1.687110e-01, Mt=0.5215, A_K=0.149, Cuv=-0.048, P_in=5.074e-01, P_tgt=5.071e-01, A_F=0.007, K_low=0.054, P_drag=-1.094e-03, P_cool=-2.480e-01, WENO=0.432, rho_mean=1.000000, p_mean=1.210207, div_rms=7.019e+00, vort_rms=2.538e+00, K_dil=0.803, mass_err=-1.048e-09
step=453000, t=51.649732, dt=8.866e-05, KE=1.864290e-01, Mt=0.5536, A_K=0.004, Cuv=-0.003, P_in=2.558e-01, P_tgt=2.557e-01, A_F=0.020, K_low=0.043, P_drag=-1.004e-03, P_cool=-2.470e-01, WENO=0.440, rho_mean=1.000000, p_mean=1.208383, div_rms=7.464e+00, vort_rms=2.839e+00, K_dil=0.820, mass_err=-1.050e-09
step=454000, t=51.738326, dt=9.344e-05, KE=2.088497e-01, Mt=0.5802, A_K=0.061, Cuv=0.047, P_in=8.508e-02, P_tgt=8.514e-02, A_F=0.186, K_low=0.032, P_drag=-1.057e-03, P_cool=-2.410e-01, WENO=0.429, rho_mean=1.000000, p_mean=1.196258, div_rms=7.681e+00, vort_rms=3.228e+00, K_dil=0.822, mass_err=-1.052e-09
step=455000, t=51.828767, dt=8.733e-05, KE=2.316559e-01, Mt=0.6066, A_K=0.064, Cuv=0.073, P_in=2.009e-02, P_tgt=1.957e-02, A_F=0.006, K_low=0.025, P_drag=-1.123e-03, P_cool=-2.329e-01, WENO=0.406, rho_mean=1.000000, p_mean=1.179996, div_rms=7.930e+00, vort_rms=3.553e+00, K_dil=0.823, mass_err=-1.055e-09
step=456000, t=51.915586, dt=8.518e-05, KE=2.290079e-01, Mt=0.5873, A_K=0.038, Cuv=0.078, P_in=4.293e-03, P_tgt=4.289e-03, A_F=0.022, K_low=0.023, P_drag=-1.183e-03, P_cool=-2.295e-01, WENO=0.409, rho_mean=1.000000, p_mean=1.173293, div_rms=7.534e+00, vort_rms=3.520e+00, K_dil=0.811, mass_err=-1.057e-09
step=457000, t=52.003903, dt=9.325e-05, KE=2.233468e-01, Mt=0.5614, A_K=0.026, Cuv=0.068, P_in=1.302e-03, P_tgt=1.303e-03, A_F=0.122, K_low=0.025, P_drag=-1.325e-03, P_cool=-2.266e-01, WENO=0.418, rho_mean=1.000000, p_mean=1.167549, div_rms=7.420e+00, vort_rms=3.525e+00, K_dil=0.792, mass_err=-1.059e-09
step=458000, t=52.099626, dt=9.519e-05, KE=2.070410e-01, Mt=0.5403, A_K=0.094, Cuv=0.040, P_in=5.362e-04, P_tgt=5.348e-04, A_F=0.149, K_low=0.032, P_drag=-1.544e-03, P_cool=-2.256e-01, WENO=0.405, rho_mean=1.000000, p_mean=1.165414, div_rms=7.336e+00, vort_rms=3.586e+00, K_dil=0.774, mass_err=-1.062e-09
step=459000, t=52.196243, dt=9.992e-05, KE=1.879647e-01, Mt=0.5143, A_K=0.123, Cuv=0.004, P_in=3.210e-04, P_tgt=3.203e-04, A_F=0.120, K_low=0.041, P_drag=-1.693e-03, P_cool=-2.250e-01, WENO=0.396, rho_mean=1.000000, p_mean=1.164294, div_rms=7.238e+00, vort_rms=3.364e+00, K_dil=0.754, mass_err=-1.064e-09
step=460000, t=52.296065, dt=1.002e-04, KE=1.727990e-01, Mt=0.4871, A_K=0.105, Cuv=0.019, P_in=3.159e-04, P_tgt=3.194e-04, A_F=0.025, K_low=0.045, P_drag=-1.731e-03, P_cool=-2.235e-01, WENO=0.387, rho_mean=1.000000, p_mean=1.161347, div_rms=7.137e+00, vort_rms=3.123e+00, K_dil=0.736, mass_err=-1.066e-09
saved snapshot: results/hit2d/dilatational_Mt050_N512_CFL_0p05/hit2d_step0460000.npz
step=461000, t=52.400225, dt=1.050e-04, KE=1.561895e-01, Mt=0.4604, A_K=0.104, Cuv=0.030, P_in=5.775e-04, P_tgt=5.716e-04, A_F=0.017, K_low=0.049, P_drag=-1.659e-03, P_cool=-2.222e-01, WENO=0.386, rho_mean=1.000000, p_mean=1.158646, div_rms=6.704e+00, vort_rms=2.931e+00, K_dil=0.714, mass_err=-1.068e-09
step=462000, t=52.505704, dt=1.034e-04, KE=1.392680e-01, Mt=0.4337, A_K=0.103, Cuv=0.038, P_in=1.998e-03, P_tgt=2.000e-03, A_F=0.046, K_low=0.052, P_drag=-1.514e-03, P_cool=-2.209e-01, WENO=0.395, rho_mean=1.000000, p_mean=1.156036, div_rms=6.242e+00, vort_rms=2.794e+00, K_dil=0.684, mass_err=-1.071e-09
step=463000, t=52.611364, dt=1.111e-04, KE=1.271607e-01, Mt=0.4152, A_K=0.072, Cuv=0.035, P_in=1.417e-02, P_tgt=1.422e-02, A_F=0.075, K_low=0.053, P_drag=-1.356e-03, P_cool=-2.187e-01, WENO=0.394, rho_mean=1.000000, p_mean=1.151770, div_rms=5.867e+00, vort_rms=2.667e+00, K_dil=0.667, mass_err=-1.073e-09
step=464000, t=52.725280, dt=1.131e-04, KE=1.224179e-01, Mt=0.4078, A_K=0.094, Cuv=0.009, P_in=1.595e-01, P_tgt=1.596e-01, A_F=0.017, K_low=0.051, P_drag=-1.232e-03, P_cool=-2.161e-01, WENO=0.387, rho_mean=1.000000, p_mean=1.146438, div_rms=5.534e+00, vort_rms=2.551e+00, K_dil=0.664, mass_err=-1.075e-09
step=465000, t=52.837986, dt=1.244e-04, KE=1.601726e-01, Mt=0.4734, A_K=0.093, Cuv=-0.070, P_in=9.718e-01, P_tgt=9.720e-01, A_F=0.068, K_low=0.037, P_drag=-1.173e-03, P_cool=-2.161e-01, WENO=0.381, rho_mean=1.000000, p_mean=1.146521, div_rms=5.560e+00, vort_rms=2.412e+00, K_dil=0.758, mass_err=-1.078e-09
step=466000, t=52.959870, dt=1.215e-04, KE=1.967198e-01, Mt=0.5362, A_K=0.028, Cuv=-0.001, P_in=7.393e-01, P_tgt=7.390e-01, A_F=0.053, K_low=0.032, P_drag=-1.237e-03, P_cool=-2.265e-01, WENO=0.395, rho_mean=1.000000, p_mean=1.167349, div_rms=5.675e+00, vort_rms=2.373e+00, K_dil=0.811, mass_err=-1.080e-09
step=467000, t=53.076526, dt=1.153e-04, KE=1.765238e-01, Mt=0.5217, A_K=0.021, Cuv=0.020, P_in=4.251e-01, P_tgt=4.248e-01, A_F=0.014, K_low=0.039, P_drag=-1.337e-03, P_cool=-2.382e-01, WENO=0.410, rho_mean=1.000000, p_mean=1.190731, div_rms=6.077e+00, vort_rms=2.479e+00, K_dil=0.799, mass_err=-1.082e-09
step=468000, t=53.186874, dt=1.091e-04, KE=1.707531e-01, Mt=0.5212, A_K=0.027, Cuv=-0.043, P_in=2.927e-01, P_tgt=2.925e-01, A_F=0.152, K_low=0.041, P_drag=-1.321e-03, P_cool=-2.421e-01, WENO=0.402, rho_mean=1.000000, p_mean=1.198437, div_rms=6.669e+00, vort_rms=2.587e+00, K_dil=0.804, mass_err=-1.085e-09
step=469000, t=53.288768, dt=9.571e-05, KE=1.787503e-01, Mt=0.5314, A_K=0.104, Cuv=0.038, P_in=1.796e-01, P_tgt=1.796e-01, A_F=0.277, K_low=0.037, P_drag=-1.266e-03, P_cool=-2.404e-01, WENO=0.407, rho_mean=1.000000, p_mean=1.195156, div_rms=7.283e+00, vort_rms=2.687e+00, K_dil=0.815, mass_err=-1.087e-09
step=470000, t=53.387018, dt=1.007e-04, KE=1.835186e-01, Mt=0.5393, A_K=0.132, Cuv=0.145, P_in=9.423e-02, P_tgt=9.442e-02, A_F=0.228, K_low=0.034, P_drag=-1.234e-03, P_cool=-2.372e-01, WENO=0.404, rho_mean=1.000000, p_mean=1.188772, div_rms=7.841e+00, vort_rms=2.806e+00, K_dil=0.813, mass_err=-1.089e-09
saved snapshot: results/hit2d/dilatational_Mt050_N512_CFL_0p05/hit2d_step0470000.npz
step=471000, t=53.487954, dt=1.010e-04, KE=1.766764e-01, Mt=0.5265, A_K=0.133, Cuv=0.133, P_in=5.230e-02, P_tgt=5.213e-02, A_F=0.308, K_low=0.038, P_drag=-1.236e-03, P_cool=-2.351e-01, WENO=0.415, rho_mean=1.000000, p_mean=1.184471, div_rms=7.688e+00, vort_rms=2.896e+00, K_dil=0.786, mass_err=-1.092e-09
step=472000, t=53.581562, dt=8.817e-05, KE=1.728846e-01, Mt=0.5199, A_K=0.100, Cuv=0.027, P_in=3.437e-02, P_tgt=3.461e-02, A_F=0.355, K_low=0.046, P_drag=-1.323e-03, P_cool=-2.322e-01, WENO=0.422, rho_mean=1.000000, p_mean=1.178711, div_rms=7.375e+00, vort_rms=2.982e+00, K_dil=0.755, mass_err=-1.094e-09
step=473000, t=53.669999, dt=8.898e-05, KE=1.769027e-01, Mt=0.5272, A_K=0.086, Cuv=-0.040, P_in=2.232e-02, P_tgt=2.237e-02, A_F=0.085, K_low=0.051, P_drag=-1.478e-03, P_cool=-2.279e-01, WENO=0.409, rho_mean=1.000000, p_mean=1.170063, div_rms=7.155e+00, vort_rms=2.945e+00, K_dil=0.751, mass_err=-1.096e-09
step=474000, t=53.762366, dt=1.025e-04, KE=1.707233e-01, Mt=0.5060, A_K=0.064, Cuv=-0.078, P_in=1.630e-02, P_tgt=1.578e-02, A_F=0.051, K_low=0.055, P_drag=-1.565e-03, P_cool=-2.253e-01, WENO=0.412, rho_mean=1.000000, p_mean=1.164888, div_rms=6.796e+00, vort_rms=2.890e+00, K_dil=0.738, mass_err=-1.099e-09
step=475000, t=53.866697, dt=1.080e-04, KE=1.716126e-01, Mt=0.4975, A_K=0.045, Cuv=-0.052, P_in=1.719e-02, P_tgt=1.587e-02, A_F=0.017, K_low=0.059, P_drag=-1.741e-03, P_cool=-2.207e-01, WENO=0.413, rho_mean=1.000000, p_mean=1.155762, div_rms=6.590e+00, vort_rms=2.817e+00, K_dil=0.737, mass_err=-1.101e-09
step=476000, t=53.972538, dt=1.046e-04, KE=1.683714e-01, Mt=0.4928, A_K=0.006, Cuv=-0.014, P_in=1.709e-02, P_tgt=1.698e-02, A_F=0.139, K_low=0.065, P_drag=-1.932e-03, P_cool=-2.170e-01, WENO=0.398, rho_mean=1.000000, p_mean=1.148323, div_rms=6.410e+00, vort_rms=2.771e+00, K_dil=0.731, mass_err=-1.103e-09
step=477000, t=54.080468, dt=1.115e-04, KE=1.495896e-01, Mt=0.4680, A_K=0.012, Cuv=-0.037, P_in=2.511e-02, P_tgt=2.518e-02, A_F=0.038, K_low=0.078, P_drag=-2.124e-03, P_cool=-2.165e-01, WENO=0.416, rho_mean=1.000000, p_mean=1.147263, div_rms=6.142e+00, vort_rms=2.704e+00, K_dil=0.695, mass_err=-1.106e-09
step=478000, t=54.192349, dt=1.117e-04, KE=1.398727e-01, Mt=0.4458, A_K=0.032, Cuv=-0.014, P_in=7.067e-02, P_tgt=7.038e-02, A_F=0.008, K_low=0.088, P_drag=-2.395e-03, P_cool=-2.145e-01, WENO=0.415, rho_mean=1.000000, p_mean=1.143372, div_rms=5.995e+00, vort_rms=2.612e+00, K_dil=0.664, mass_err=-1.108e-09
step=479000, t=54.304502, dt=1.128e-04, KE=1.491445e-01, Mt=0.4527, A_K=0.088, Cuv=0.083, P_in=2.535e-01, P_tgt=2.540e-01, A_F=0.112, K_low=0.091, P_drag=-2.690e-03, P_cool=-2.112e-01, WENO=0.394, rho_mean=1.000000, p_mean=1.136751, div_rms=5.847e+00, vort_rms=2.516e+00, K_dil=0.680, mass_err=-1.110e-09
step=480000, t=54.417537, dt=1.139e-04, KE=1.710993e-01, Mt=0.4877, A_K=0.067, Cuv=0.170, P_in=5.017e-01, P_tgt=5.020e-01, A_F=0.100, K_low=0.089, P_drag=-2.927e-03, P_cool=-2.110e-01, WENO=0.378, rho_mean=1.000000, p_mean=1.136189, div_rms=5.846e+00, vort_rms=2.410e+00, K_dil=0.730, mass_err=-1.113e-09
saved snapshot: results/hit2d/dilatational_Mt050_N512_CFL_0p05/hit2d_step0480000.npz
step=481000, t=54.533580, dt=1.190e-04, KE=1.741561e-01, Mt=0.5026, A_K=0.119, Cuv=0.150, P_in=5.203e-01, P_tgt=5.201e-01, A_F=0.113, K_low=0.097, P_drag=-3.152e-03, P_cool=-2.174e-01, WENO=0.383, rho_mean=1.000000, p_mean=1.149074, div_rms=5.848e+00, vort_rms=2.344e+00, K_dil=0.751, mass_err=-1.115e-09
step=482000, t=54.653611, dt=1.202e-04, KE=1.743150e-01, Mt=0.5003, A_K=0.145, Cuv=0.021, P_in=5.281e-01, P_tgt=5.278e-01, A_F=0.055, K_low=0.102, P_drag=-3.328e-03, P_cool=-2.244e-01, WENO=0.403, rho_mean=1.000000, p_mean=1.163075, div_rms=5.925e+00, vort_rms=2.366e+00, K_dil=0.758, mass_err=-1.117e-09
step=483000, t=54.768818, dt=1.122e-04, KE=1.982072e-01, Mt=0.5271, A_K=0.114, Cuv=0.013, P_in=4.008e-01, P_tgt=4.010e-01, A_F=0.256, K_low=0.087, P_drag=-3.396e-03, P_cool=-2.255e-01, WENO=0.391, rho_mean=1.000000, p_mean=1.165284, div_rms=6.437e+00, vort_rms=2.443e+00, K_dil=0.793, mass_err=-1.119e-09
step=484000, t=54.881928, dt=1.133e-04, KE=1.945776e-01, Mt=0.5373, A_K=0.149, Cuv=0.098, P_in=2.193e-01, P_tgt=2.190e-01, A_F=0.281, K_low=0.083, P_drag=-3.279e-03, P_cool=-2.280e-01, WENO=0.391, rho_mean=1.000000, p_mean=1.170253, div_rms=6.924e+00, vort_rms=2.537e+00, K_dil=0.802, mass_err=-1.122e-09
step=485000, t=54.994504, dt=1.125e-04, KE=1.867790e-01, Mt=0.5323, A_K=0.147, Cuv=0.070, P_in=1.149e-01, P_tgt=1.152e-01, A_F=0.158, K_low=0.081, P_drag=-3.093e-03, P_cool=-2.280e-01, WENO=0.391, rho_mean=1.000000, p_mean=1.170205, div_rms=7.284e+00, vort_rms=2.578e+00, K_dil=0.800, mass_err=-1.124e-09
step=485049, t=55.000000, dt=1.030e-04, KE=1.868216e-01, Mt=0.5321, A_K=0.147, Cuv=0.066, P_in=1.123e-01, P_tgt=1.120e-01, A_F=0.162, K_low=0.081, P_drag=-3.087e-03, P_cool=-2.278e-01, WENO=0.391, rho_mean=1.000000, p_mean=1.169926, div_rms=7.326e+00, vort_rms=2.581e+00, K_dil=0.800, mass_err=-1.124e-09
saved snapshot: results/hit2d/dilatational_Mt050_N512_CFL_0p05/hit2d_step0485049.npz
completed 2D HIT run at t=55.000000 in 485049 steps
