diagnostic-plots-only mode: GIFs and primitive final-field plot disabled
created timestamped run folder: /home/fatienza/github/HIT_Solver/2D/hit2d_snapshots/run_20260710_185113
Using array backend: numpy
step=     0, t=0.000000, dt=0.000e+00, KE=1.250000e-01, Mt=0.5000, A_K=0.000, Cuv=0.000, P_in=0.000e+00, P_tgt=0.000e+00, A_F=0.000, K_low=0.000, P_drag=0.000e+00, P_cool=0.000e+00, WENO=0.018, rho_mean=1.000000, p_mean=0.714286, div_rms=1.164e-14, vort_rms=1.950e+00, mass_err=0.000e+00
saved snapshot: /home/fatienza/github/HIT_Solver/2D/hit2d_snapshots/run_20260710_185113/hit2d_step0000150.npz
saved snapshot: /home/fatienza/github/HIT_Solver/2D/hit2d_snapshots/run_20260710_185113/hit2d_step0000300.npz
saved snapshot: /home/fatienza/github/HIT_Solver/2D/hit2d_snapshots/run_20260710_185113/hit2d_step0000450.npz
step=   500, t=0.172417, dt=3.451e-04, KE=1.238714e-01, Mt=0.4979, A_K=0.001, Cuv=0.001, P_in=9.966e-04, P_tgt=1.006e-03, A_F=0.054, K_low=0.003, P_drag=-2.165e-05, P_cool=-1.363e-04, WENO=0.033, rho_mean=1.000000, p_mean=0.714831, div_rms=4.389e-01, vort_rms=1.908e+00, mass_err=-1.215e-12
saved snapshot: /home/fatienza/github/HIT_Solver/2D/hit2d_snapshots/run_20260710_185113/hit2d_step0000600.npz
saved snapshot: /home/fatienza/github/HIT_Solver/2D/hit2d_snapshots/run_20260710_185113/hit2d_step0000750.npz
saved snapshot: /home/fatienza/github/HIT_Solver/2D/hit2d_snapshots/run_20260710_185113/hit2d_step0000900.npz
step=  1000, t=0.345691, dt=3.489e-04, KE=1.167332e-01, Mt=0.4855, A_K=0.004, Cuv=-0.004, P_in=1.080e-03, P_tgt=1.086e-03, A_F=0.266, K_low=0.011, P_drag=-7.412e-05, P_cool=-8.595e-04, WENO=0.044, rho_mean=1.000000, p_mean=0.717724, div_rms=4.957e-01, vort_rms=1.845e+00, mass_err=-2.423e-12
saved snapshot: /home/fatienza/github/HIT_Solver/2D/hit2d_snapshots/run_20260710_185113/hit2d_step0001050.npz
saved snapshot: /home/fatienza/github/HIT_Solver/2D/hit2d_snapshots/run_20260710_185113/hit2d_step0001200.npz
saved snapshot: /home/fatienza/github/HIT_Solver/2D/hit2d_snapshots/run_20260710_185113/hit2d_step0001350.npz
step=  1500, t=0.522439, dt=3.591e-04, KE=1.089163e-01, Mt=0.4749, A_K=0.004, Cuv=-0.012, P_in=1.363e-03, P_tgt=1.358e-03, A_F=0.103, K_low=0.020, P_drag=-1.265e-04, P_cool=-1.638e-03, WENO=0.088, rho_mean=1.000000, p_mean=0.720838, div_rms=5.971e-01, vort_rms=1.824e+00, mass_err=-3.602e-12
saved snapshot: /home/fatienza/github/HIT_Solver/2D/hit2d_snapshots/run_20260710_185113/hit2d_step0001500.npz
saved snapshot: /home/fatienza/github/HIT_Solver/2D/hit2d_snapshots/run_20260710_185113/hit2d_step0001650.npz
saved snapshot: /home/fatienza/github/HIT_Solver/2D/hit2d_snapshots/run_20260710_185113/hit2d_step0001800.npz
saved snapshot: /home/fatienza/github/HIT_Solver/2D/hit2d_snapshots/run_20260710_185113/hit2d_step0001950.npz
step=  2000, t=0.705356, dt=3.722e-04, KE=1.064708e-01, Mt=0.4789, A_K=0.006, Cuv=-0.026, P_in=1.772e-03, P_tgt=1.758e-03, A_F=0.088, K_low=0.026, P_drag=-1.559e-04, P_cool=-1.876e-03, WENO=0.111, rho_mean=1.000000, p_mean=0.721789, div_rms=8.328e-01, vort_rms=1.842e+00, mass_err=-4.775e-12
saved snapshot: /home/fatienza/github/HIT_Solver/2D/hit2d_snapshots/run_20260710_185113/hit2d_step0002100.npz
saved snapshot: /home/fatienza/github/HIT_Solver/2D/hit2d_snapshots/run_20260710_185113/hit2d_step0002250.npz
saved snapshot: /home/fatienza/github/HIT_Solver/2D/hit2d_snapshots/run_20260710_185113/hit2d_step0002400.npz
step=  2500, t=0.893336, dt=3.764e-04, KE=1.070036e-01, Mt=0.4856, A_K=0.003, Cuv=-0.039, P_in=2.098e-03, P_tgt=2.112e-03, A_F=0.015, K_low=0.029, P_drag=-1.602e-04, P_cool=-1.822e-03, WENO=0.148, rho_mean=1.000000, p_mean=0.721574, div_rms=9.773e-01, vort_rms=1.859e+00, mass_err=-5.933e-12
saved snapshot: /home/fatienza/github/HIT_Solver/2D/hit2d_snapshots/run_20260710_185113/hit2d_step0002550.npz
saved snapshot: /home/fatienza/github/HIT_Solver/2D/hit2d_snapshots/run_20260710_185113/hit2d_step0002700.npz
saved snapshot: /home/fatienza/github/HIT_Solver/2D/hit2d_snapshots/run_20260710_185113/hit2d_step0002850.npz
step=  3000, t=1.080258, dt=3.741e-04, KE=1.077299e-01, Mt=0.4859, A_K=0.001, Cuv=-0.039, P_in=2.421e-03, P_tgt=2.436e-03, A_F=0.109, K_low=0.030, P_drag=-1.543e-04, P_cool=-1.757e-03, WENO=0.156, rho_mean=1.000000, p_mean=0.721314, div_rms=9.812e-01, vort_rms=1.858e+00, mass_err=-7.098e-12
saved snapshot: /home/fatienza/github/HIT_Solver/2D/hit2d_snapshots/run_20260710_185113/hit2d_step0003000.npz
saved snapshot: /home/fatienza/github/HIT_Solver/2D/hit2d_snapshots/run_20260710_185113/hit2d_step0003150.npz
saved snapshot: /home/fatienza/github/HIT_Solver/2D/hit2d_snapshots/run_20260710_185113/hit2d_step0003300.npz
saved snapshot: /home/fatienza/github/HIT_Solver/2D/hit2d_snapshots/run_20260710_185113/hit2d_step0003450.npz
step=  3500, t=1.262934, dt=3.572e-04, KE=1.081070e-01, Mt=0.4821, A_K=0.022, Cuv=-0.015, P_in=2.859e-03, P_tgt=2.879e-03, A_F=0.375, K_low=0.031, P_drag=-1.539e-04, P_cool=-1.733e-03, WENO=0.148, rho_mean=1.000000, p_mean=0.721219, div_rms=9.040e-01, vort_rms=1.847e+00, mass_err=-8.278e-12
saved snapshot: /home/fatienza/github/HIT_Solver/2D/hit2d_snapshots/run_20260710_185113/hit2d_step0003600.npz
saved snapshot: /home/fatienza/github/HIT_Solver/2D/hit2d_snapshots/run_20260710_185113/hit2d_step0003750.npz
saved snapshot: /home/fatienza/github/HIT_Solver/2D/hit2d_snapshots/run_20260710_185113/hit2d_step0003900.npz
step=  4000, t=1.436936, dt=3.456e-04, KE=1.086971e-01, Mt=0.4797, A_K=0.040, Cuv=0.015, P_in=3.573e-03, P_tgt=3.530e-03, A_F=0.140, K_low=0.032, P_drag=-1.682e-04, P_cool=-1.696e-03, WENO=0.156, rho_mean=1.000000, p_mean=0.721071, div_rms=8.480e-01, vort_rms=1.842e+00, mass_err=-9.450e-12
saved snapshot: /home/fatienza/github/HIT_Solver/2D/hit2d_snapshots/run_20260710_185113/hit2d_step0004050.npz
saved snapshot: /home/fatienza/github/HIT_Solver/2D/hit2d_snapshots/run_20260710_185113/hit2d_step0004200.npz
saved snapshot: /home/fatienza/github/HIT_Solver/2D/hit2d_snapshots/run_20260710_185113/hit2d_step0004350.npz
step=  4500, t=1.612375, dt=3.570e-04, KE=1.090618e-01, Mt=0.4791, A_K=0.049, Cuv=0.044, P_in=4.398e-03, P_tgt=4.405e-03, A_F=0.047, K_low=0.036, P_drag=-1.988e-04, P_cool=-1.696e-03, WENO=0.186, rho_mean=1.000000, p_mean=0.721071, div_rms=8.160e-01, vort_rms=1.845e+00, mass_err=-1.062e-11
saved snapshot: /home/fatienza/github/HIT_Solver/2D/hit2d_snapshots/run_20260710_185113/hit2d_step0004500.npz
saved snapshot: /home/fatienza/github/HIT_Solver/2D/hit2d_snapshots/run_20260710_185113/hit2d_step0004650.npz
saved snapshot: /home/fatienza/github/HIT_Solver/2D/hit2d_snapshots/run_20260710_185113/hit2d_step0004800.npz
saved snapshot: /home/fatienza/github/HIT_Solver/2D/hit2d_snapshots/run_20260710_185113/hit2d_step0004950.npz
step=  5000, t=1.794757, dt=3.707e-04, KE=1.092330e-01, Mt=0.4787, A_K=0.043, Cuv=0.052, P_in=5.616e-03, P_tgt=5.512e-03, A_F=0.163, K_low=0.042, P_drag=-2.428e-04, P_cool=-1.735e-03, WENO=0.210, rho_mean=1.000000, p_mean=0.721226, div_rms=8.061e-01, vort_rms=1.847e+00, mass_err=-1.180e-11
saved snapshot: /home/fatienza/github/HIT_Solver/2D/hit2d_snapshots/run_20260710_185113/hit2d_step0005100.npz
saved snapshot: /home/fatienza/github/HIT_Solver/2D/hit2d_snapshots/run_20260710_185113/hit2d_step0005250.npz
saved snapshot: /home/fatienza/github/HIT_Solver/2D/hit2d_snapshots/run_20260710_185113/hit2d_step0005400.npz
step=  5500, t=1.978791, dt=3.630e-04, KE=1.096861e-01, Mt=0.4782, A_K=0.021, Cuv=0.049, P_in=6.952e-03, P_tgt=6.939e-03, A_F=0.084, K_low=0.048, P_drag=-2.835e-04, P_cool=-1.767e-03, WENO=0.225, rho_mean=1.000000, p_mean=0.721355, div_rms=8.302e-01, vort_rms=1.846e+00, mass_err=-1.299e-11
saved snapshot: /home/fatienza/github/HIT_Solver/2D/hit2d_snapshots/run_20260710_185113/hit2d_step0005550.npz
saved snapshot: /home/fatienza/github/HIT_Solver/2D/hit2d_snapshots/run_20260710_185113/hit2d_step0005700.npz
saved snapshot: /home/fatienza/github/HIT_Solver/2D/hit2d_snapshots/run_20260710_185113/hit2d_step0005850.npz
step=  6000, t=2.159231, dt=3.616e-04, KE=1.105591e-01, Mt=0.4790, A_K=0.010, Cuv=0.048, P_in=8.664e-03, P_tgt=8.744e-03, A_F=0.017, K_low=0.049, P_drag=-3.017e-04, P_cool=-1.783e-03, WENO=0.229, rho_mean=1.000000, p_mean=0.721418, div_rms=8.476e-01, vort_rms=1.852e+00, mass_err=-1.417e-11
saved snapshot: /home/fatienza/github/HIT_Solver/2D/hit2d_snapshots/run_20260710_185113/hit2d_step0006000.npz
saved snapshot: /home/fatienza/github/HIT_Solver/2D/hit2d_snapshots/run_20260710_185113/hit2d_step0006150.npz
saved snapshot: /home/fatienza/github/HIT_Solver/2D/hit2d_snapshots/run_20260710_185113/hit2d_step0006300.npz
saved snapshot: /home/fatienza/github/HIT_Solver/2D/hit2d_snapshots/run_20260710_185113/hit2d_step0006450.npz
step=  6500, t=2.339874, dt=3.580e-04, KE=1.117339e-01, Mt=0.4815, A_K=0.009, Cuv=0.046, P_in=9.836e-03, P_tgt=9.884e-03, A_F=0.390, K_low=0.046, P_drag=-2.939e-04, P_cool=-1.799e-03, WENO=0.230, rho_mean=1.000000, p_mean=0.721481, div_rms=8.800e-01, vort_rms=1.864e+00, mass_err=-1.535e-11
saved snapshot: /home/fatienza/github/HIT_Solver/2D/hit2d_snapshots/run_20260710_185113/hit2d_step0006600.npz
saved snapshot: /home/fatienza/github/HIT_Solver/2D/hit2d_snapshots/run_20260710_185113/hit2d_step0006750.npz
saved snapshot: /home/fatienza/github/HIT_Solver/2D/hit2d_snapshots/run_20260710_185113/hit2d_step0006900.npz
step=  7000, t=2.517914, dt=3.558e-04, KE=1.120732e-01, Mt=0.4820, A_K=0.015, Cuv=0.056, P_in=1.002e-02, P_tgt=9.991e-03, A_F=0.069, K_low=0.042, P_drag=-2.735e-04, P_cool=-1.904e-03, WENO=0.221, rho_mean=1.000000, p_mean=0.721902, div_rms=8.973e-01, vort_rms=1.872e+00, mass_err=-1.654e-11
saved snapshot: /home/fatienza/github/HIT_Solver/2D/hit2d_snapshots/run_20260710_185113/hit2d_step0007050.npz
saved snapshot: /home/fatienza/github/HIT_Solver/2D/hit2d_snapshots/run_20260710_185113/hit2d_step0007200.npz
saved snapshot: /home/fatienza/github/HIT_Solver/2D/hit2d_snapshots/run_20260710_185113/hit2d_step0007350.npz
step=  7500, t=2.695947, dt=3.555e-04, KE=1.117265e-01, Mt=0.4809, A_K=0.007, Cuv=0.064, P_in=1.004e-02, P_tgt=9.999e-03, A_F=0.101, K_low=0.040, P_drag=-2.608e-04, P_cool=-2.077e-03, WENO=0.203, rho_mean=1.000000, p_mean=0.722593, div_rms=9.054e-01, vort_rms=1.871e+00, mass_err=-1.773e-11
saved snapshot: /home/fatienza/github/HIT_Solver/2D/hit2d_snapshots/run_20260710_185113/hit2d_step0007500.npz
saved snapshot: /home/fatienza/github/HIT_Solver/2D/hit2d_snapshots/run_20260710_185113/hit2d_step0007650.npz
saved snapshot: /home/fatienza/github/HIT_Solver/2D/hit2d_snapshots/run_20260710_185113/hit2d_step0007800.npz
saved snapshot: /home/fatienza/github/HIT_Solver/2D/hit2d_snapshots/run_20260710_185113/hit2d_step0007950.npz
step=  8000, t=2.874259, dt=3.575e-04, KE=1.116197e-01, Mt=0.4811, A_K=0.008, Cuv=0.076, P_in=9.967e-03, P_tgt=1.000e-02, A_F=0.100, K_low=0.042, P_drag=-2.689e-04, P_cool=-2.223e-03, WENO=0.219, rho_mean=1.000000, p_mean=0.723177, div_rms=9.102e-01, vort_rms=1.868e+00, mass_err=-1.890e-11
saved snapshot: /home/fatienza/github/HIT_Solver/2D/hit2d_snapshots/run_20260710_185113/hit2d_step0008100.npz
saved snapshot: /home/fatienza/github/HIT_Solver/2D/hit2d_snapshots/run_20260710_185113/hit2d_step0008250.npz
saved snapshot: /home/fatienza/github/HIT_Solver/2D/hit2d_snapshots/run_20260710_185113/hit2d_step0008400.npz
step=  8500, t=3.052554, dt=3.549e-04, KE=1.122831e-01, Mt=0.4839, A_K=0.028, Cuv=0.061, P_in=1.001e-02, P_tgt=1.000e-02, A_F=0.117, K_low=0.048, P_drag=-3.076e-04, P_cool=-2.289e-03, WENO=0.216, rho_mean=1.000000, p_mean=0.723443, div_rms=9.103e-01, vort_rms=1.871e+00, mass_err=-2.008e-11
saved snapshot: /home/fatienza/github/HIT_Solver/2D/hit2d_snapshots/run_20260710_185113/hit2d_step0008550.npz
saved snapshot: /home/fatienza/github/HIT_Solver/2D/hit2d_snapshots/run_20260710_185113/hit2d_step0008700.npz
saved snapshot: /home/fatienza/github/HIT_Solver/2D/hit2d_snapshots/run_20260710_185113/hit2d_step0008850.npz
step=  9000, t=3.229453, dt=3.518e-04, KE=1.135266e-01, Mt=0.4880, A_K=0.051, Cuv=0.031, P_in=9.892e-03, P_tgt=1.000e-02, A_F=0.009, K_low=0.058, P_drag=-3.753e-04, P_cool=-2.296e-03, WENO=0.222, rho_mean=1.000000, p_mean=0.723468, div_rms=9.222e-01, vort_rms=1.873e+00, mass_err=-2.126e-11
saved snapshot: /home/fatienza/github/HIT_Solver/2D/hit2d_snapshots/run_20260710_185113/hit2d_step0009000.npz
saved snapshot: /home/fatienza/github/HIT_Solver/2D/hit2d_snapshots/run_20260710_185113/hit2d_step0009150.npz
saved snapshot: /home/fatienza/github/HIT_Solver/2D/hit2d_snapshots/run_20260710_185113/hit2d_step0009300.npz
saved snapshot: /home/fatienza/github/HIT_Solver/2D/hit2d_snapshots/run_20260710_185113/hit2d_step0009450.npz
step=  9500, t=3.403895, dt=3.458e-04, KE=1.149957e-01, Mt=0.4923, A_K=0.072, Cuv=-0.003, P_in=9.969e-03, P_tgt=1.000e-02, A_F=0.044, K_low=0.071, P_drag=-4.584e-04, P_cool=-2.277e-03, WENO=0.208, rho_mean=1.000000, p_mean=0.723395, div_rms=9.298e-01, vort_rms=1.880e+00, mass_err=-2.242e-11
saved snapshot: /home/fatienza/github/HIT_Solver/2D/hit2d_snapshots/run_20260710_185113/hit2d_step0009600.npz
saved snapshot: /home/fatienza/github/HIT_Solver/2D/hit2d_snapshots/run_20260710_185113/hit2d_step0009750.npz
saved snapshot: /home/fatienza/github/HIT_Solver/2D/hit2d_snapshots/run_20260710_185113/hit2d_step0009900.npz
step= 10000, t=3.575808, dt=3.418e-04, KE=1.165323e-01, Mt=0.4956, A_K=0.088, Cuv=-0.035, P_in=9.966e-03, P_tgt=1.000e-02, A_F=0.092, K_low=0.083, P_drag=-5.413e-04, P_cool=-2.250e-03, WENO=0.204, rho_mean=1.000000, p_mean=0.723284, div_rms=9.424e-01, vort_rms=1.878e+00, mass_err=-2.360e-11
saved snapshot: /home/fatienza/github/HIT_Solver/2D/hit2d_snapshots/run_20260710_185113/hit2d_step0010050.npz
saved snapshot: /home/fatienza/github/HIT_Solver/2D/hit2d_snapshots/run_20260710_185113/hit2d_step0010200.npz
saved snapshot: /home/fatienza/github/HIT_Solver/2D/hit2d_snapshots/run_20260710_185113/hit2d_step0010350.npz
step= 10500, t=3.746056, dt=3.392e-04, KE=1.175612e-01, Mt=0.4972, A_K=0.097, Cuv=-0.069, P_in=1.017e-02, P_tgt=1.000e-02, A_F=0.062, K_low=0.094, P_drag=-6.160e-04, P_cool=-2.269e-03, WENO=0.202, rho_mean=1.000000, p_mean=0.723362, div_rms=9.239e-01, vort_rms=1.872e+00, mass_err=-2.477e-11
saved snapshot: /home/fatienza/github/HIT_Solver/2D/hit2d_snapshots/run_20260710_185113/hit2d_step0010500.npz
saved snapshot: /home/fatienza/github/HIT_Solver/2D/hit2d_snapshots/run_20260710_185113/hit2d_step0010650.npz
saved snapshot: /home/fatienza/github/HIT_Solver/2D/hit2d_snapshots/run_20260710_185113/hit2d_step0010800.npz
saved snapshot: /home/fatienza/github/HIT_Solver/2D/hit2d_snapshots/run_20260710_185113/hit2d_step0010950.npz
step= 11000, t=3.915045, dt=3.375e-04, KE=1.182220e-01, Mt=0.4988, A_K=0.102, Cuv=-0.093, P_in=1.002e-02, P_tgt=1.000e-02, A_F=0.004, K_low=0.103, P_drag=-6.797e-04, P_cool=-2.321e-03, WENO=0.204, rho_mean=1.000000, p_mean=0.723571, div_rms=8.755e-01, vort_rms=1.871e+00, mass_err=-2.595e-11
saved snapshot: /home/fatienza/github/HIT_Solver/2D/hit2d_snapshots/run_20260710_185113/hit2d_step0011100.npz
saved snapshot: /home/fatienza/github/HIT_Solver/2D/hit2d_snapshots/run_20260710_185113/hit2d_step0011250.npz
saved snapshot: /home/fatienza/github/HIT_Solver/2D/hit2d_snapshots/run_20260710_185113/hit2d_step0011400.npz
step= 11500, t=4.084222, dt=3.392e-04, KE=1.190269e-01, Mt=0.5016, A_K=0.112, Cuv=-0.119, P_in=9.931e-03, P_tgt=9.952e-03, A_F=0.003, K_low=0.109, P_drag=-7.293e-04, P_cool=-2.357e-03, WENO=0.209, rho_mean=1.000000, p_mean=0.723713, div_rms=8.584e-01, vort_rms=1.872e+00, mass_err=-2.712e-11
saved snapshot: /home/fatienza/github/HIT_Solver/2D/hit2d_snapshots/run_20260710_185113/hit2d_step0011550.npz
saved snapshot: /home/fatienza/github/HIT_Solver/2D/hit2d_snapshots/run_20260710_185113/hit2d_step0011700.npz
saved snapshot: /home/fatienza/github/HIT_Solver/2D/hit2d_snapshots/run_20260710_185113/hit2d_step0011850.npz
step= 12000, t=4.252865, dt=3.365e-04, KE=1.199631e-01, Mt=0.5035, A_K=0.108, Cuv=-0.139, P_in=9.794e-03, P_tgt=9.708e-03, A_F=0.093, K_low=0.112, P_drag=-7.663e-04, P_cool=-2.376e-03, WENO=0.213, rho_mean=1.000000, p_mean=0.723790, div_rms=8.635e-01, vort_rms=1.879e+00, mass_err=-2.830e-11
saved snapshot: /home/fatienza/github/HIT_Solver/2D/hit2d_snapshots/run_20260710_185113/hit2d_step0012000.npz
saved snapshot: /home/fatienza/github/HIT_Solver/2D/hit2d_snapshots/run_20260710_185113/hit2d_step0012150.npz
saved snapshot: /home/fatienza/github/HIT_Solver/2D/hit2d_snapshots/run_20260710_185113/hit2d_step0012300.npz
saved snapshot: /home/fatienza/github/HIT_Solver/2D/hit2d_snapshots/run_20260710_185113/hit2d_step0012450.npz
step= 12500, t=4.422098, dt=3.392e-04, KE=1.211487e-01, Mt=0.5047, A_K=0.123, Cuv=-0.133, P_in=9.239e-03, P_tgt=9.326e-03, A_F=0.128, K_low=0.113, P_drag=-7.972e-04, P_cool=-2.365e-03, WENO=0.209, rho_mean=1.000000, p_mean=0.723746, div_rms=8.745e-01, vort_rms=1.882e+00, mass_err=-2.947e-11
saved snapshot: /home/fatienza/github/HIT_Solver/2D/hit2d_snapshots/run_20260710_185113/hit2d_step0012600.npz
saved snapshot: /home/fatienza/github/HIT_Solver/2D/hit2d_snapshots/run_20260710_185113/hit2d_step0012750.npz
saved snapshot: /home/fatienza/github/HIT_Solver/2D/hit2d_snapshots/run_20260710_185113/hit2d_step0012900.npz
step= 13000, t=4.592670, dt=3.443e-04, KE=1.226932e-01, Mt=0.5061, A_K=0.136, Cuv=-0.112, P_in=8.817e-03, P_tgt=8.844e-03, A_F=0.016, K_low=0.115, P_drag=-8.295e-04, P_cool=-2.313e-03, WENO=0.212, rho_mean=1.000000, p_mean=0.723536, div_rms=9.100e-01, vort_rms=1.887e+00, mass_err=-3.065e-11
saved snapshot: /home/fatienza/github/HIT_Solver/2D/hit2d_snapshots/run_20260710_185113/hit2d_step0013050.npz
saved snapshot: /home/fatienza/github/HIT_Solver/2D/hit2d_snapshots/run_20260710_185113/hit2d_step0013200.npz
saved snapshot: /home/fatienza/github/HIT_Solver/2D/hit2d_snapshots/run_20260710_185113/hit2d_step0013350.npz
step= 13500, t=4.766411, dt=3.497e-04, KE=1.239442e-01, Mt=0.5074, A_K=0.137, Cuv=-0.086, P_in=8.246e-03, P_tgt=8.280e-03, A_F=0.056, K_low=0.119, P_drag=-8.669e-04, P_cool=-2.283e-03, WENO=0.199, rho_mean=1.000000, p_mean=0.723417, div_rms=9.178e-01, vort_rms=1.898e+00, mass_err=-3.183e-11
saved snapshot: /home/fatienza/github/HIT_Solver/2D/hit2d_snapshots/run_20260710_185113/hit2d_step0013500.npz
saved snapshot: /home/fatienza/github/HIT_Solver/2D/hit2d_snapshots/run_20260710_185113/hit2d_step0013650.npz
saved snapshot: /home/fatienza/github/HIT_Solver/2D/hit2d_snapshots/run_20260710_185113/hit2d_step0013800.npz
saved snapshot: /home/fatienza/github/HIT_Solver/2D/hit2d_snapshots/run_20260710_185113/hit2d_step0013950.npz
step= 14000, t=4.941808, dt=3.509e-04, KE=1.246615e-01, Mt=0.5079, A_K=0.123, Cuv=-0.056, P_in=7.642e-03, P_tgt=7.672e-03, A_F=0.097, K_low=0.123, P_drag=-9.033e-04, P_cool=-2.295e-03, WENO=0.213, rho_mean=1.000000, p_mean=0.723468, div_rms=9.102e-01, vort_rms=1.911e+00, mass_err=-3.302e-11
saved snapshot: /home/fatienza/github/HIT_Solver/2D/hit2d_snapshots/run_20260710_185113/hit2d_step0014100.npz
saved snapshot: /home/fatienza/github/HIT_Solver/2D/hit2d_snapshots/run_20260710_185113/hit2d_step0014250.npz
saved snapshot: /home/fatienza/github/HIT_Solver/2D/hit2d_snapshots/run_20260710_185113/hit2d_step0014400.npz
step= 14500, t=5.116520, dt=3.436e-04, KE=1.245389e-01, Mt=0.5069, A_K=0.088, Cuv=-0.039, P_in=7.126e-03, P_tgt=7.132e-03, A_F=0.227, K_low=0.128, P_drag=-9.321e-04, P_cool=-2.379e-03, WENO=0.222, rho_mean=1.000000, p_mean=0.723803, div_rms=8.773e-01, vort_rms=1.913e+00, mass_err=-3.421e-11
saved snapshot: /home/fatienza/github/HIT_Solver/2D/hit2d_snapshots/run_20260710_185113/hit2d_step0014550.npz
saved snapshot: /home/fatienza/github/HIT_Solver/2D/hit2d_snapshots/run_20260710_185113/hit2d_step0014700.npz
saved snapshot: /home/fatienza/github/HIT_Solver/2D/hit2d_snapshots/run_20260710_185113/hit2d_step0014850.npz
step= 15000, t=5.284958, dt=3.311e-04, KE=1.240913e-01, Mt=0.5061, A_K=0.045, Cuv=-0.032, P_in=6.571e-03, P_tgt=6.692e-03, A_F=0.175, K_low=0.132, P_drag=-9.524e-04, P_cool=-2.484e-03, WENO=0.225, rho_mean=1.000000, p_mean=0.724222, div_rms=8.498e-01, vort_rms=1.913e+00, mass_err=-3.540e-11
saved snapshot: /home/fatienza/github/HIT_Solver/2D/hit2d_snapshots/run_20260710_185113/hit2d_step0015000.npz
saved snapshot: /home/fatienza/github/HIT_Solver/2D/hit2d_snapshots/run_20260710_185113/hit2d_step0015150.npz
saved snapshot: /home/fatienza/github/HIT_Solver/2D/hit2d_snapshots/run_20260710_185113/hit2d_step0015300.npz
saved snapshot: /home/fatienza/github/HIT_Solver/2D/hit2d_snapshots/run_20260710_185113/hit2d_step0015450.npz
step= 15500, t=5.451877, dt=3.356e-04, KE=1.238150e-01, Mt=0.5052, A_K=0.006, Cuv=-0.026, P_in=6.319e-03, P_tgt=6.331e-03, A_F=0.069, K_low=0.136, P_drag=-9.685e-04, P_cool=-2.564e-03, WENO=0.245, rho_mean=1.000000, p_mean=0.724542, div_rms=8.457e-01, vort_rms=1.915e+00, mass_err=-3.659e-11
saved snapshot: /home/fatienza/github/HIT_Solver/2D/hit2d_snapshots/run_20260710_185113/hit2d_step0015600.npz
saved snapshot: /home/fatienza/github/HIT_Solver/2D/hit2d_snapshots/run_20260710_185113/hit2d_step0015750.npz
saved snapshot: /home/fatienza/github/HIT_Solver/2D/hit2d_snapshots/run_20260710_185113/hit2d_step0015900.npz
step= 16000, t=5.619521, dt=3.356e-04, KE=1.237996e-01, Mt=0.5044, A_K=0.023, Cuv=-0.019, P_in=6.027e-03, P_tgt=6.040e-03, A_F=0.116, K_low=0.138, P_drag=-9.820e-04, P_cool=-2.612e-03, WENO=0.238, rho_mean=1.000000, p_mean=0.724734, div_rms=8.528e-01, vort_rms=1.910e+00, mass_err=-3.777e-11
saved snapshot: /home/fatienza/github/HIT_Solver/2D/hit2d_snapshots/run_20260710_185113/hit2d_step0016050.npz
saved snapshot: /home/fatienza/github/HIT_Solver/2D/hit2d_snapshots/run_20260710_185113/hit2d_step0016200.npz
saved snapshot: /home/fatienza/github/HIT_Solver/2D/hit2d_snapshots/run_20260710_185113/hit2d_step0016350.npz
step= 16500, t=5.785736, dt=3.280e-04, KE=1.235752e-01, Mt=0.5033, A_K=0.047, Cuv=-0.014, P_in=5.816e-03, P_tgt=5.811e-03, A_F=0.041, K_low=0.139, P_drag=-9.897e-04, P_cool=-2.675e-03, WENO=0.221, rho_mean=1.000000, p_mean=0.724984, div_rms=8.302e-01, vort_rms=1.902e+00, mass_err=-3.894e-11
saved snapshot: /home/fatienza/github/HIT_Solver/2D/hit2d_snapshots/run_20260710_185113/hit2d_step0016500.npz
saved snapshot: /home/fatienza/github/HIT_Solver/2D/hit2d_snapshots/run_20260710_185113/hit2d_step0016650.npz
saved snapshot: /home/fatienza/github/HIT_Solver/2D/hit2d_snapshots/run_20260710_185113/hit2d_step0016800.npz
saved snapshot: /home/fatienza/github/HIT_Solver/2D/hit2d_snapshots/run_20260710_185113/hit2d_step0016950.npz
step= 17000, t=5.951335, dt=3.328e-04, KE=1.232076e-01, Mt=0.5023, A_K=0.070, Cuv=-0.010, P_in=5.668e-03, P_tgt=5.657e-03, A_F=0.087, K_low=0.140, P_drag=-9.949e-04, P_cool=-2.746e-03, WENO=0.221, rho_mean=1.000000, p_mean=0.725269, div_rms=8.116e-01, vort_rms=1.894e+00, mass_err=-4.012e-11
saved snapshot: /home/fatienza/github/HIT_Solver/2D/hit2d_snapshots/run_20260710_185113/hit2d_step0017100.npz
saved snapshot: /home/fatienza/github/HIT_Solver/2D/hit2d_snapshots/run_20260710_185113/hit2d_step0017250.npz
saved snapshot: /home/fatienza/github/HIT_Solver/2D/hit2d_snapshots/run_20260710_185113/hit2d_step0017400.npz
step= 17500, t=6.118544, dt=3.349e-04, KE=1.229650e-01, Mt=0.5026, A_K=0.086, Cuv=-0.008, P_in=5.587e-03, P_tgt=5.532e-03, A_F=0.185, K_low=0.141, P_drag=-1.005e-03, P_cool=-2.800e-03, WENO=0.207, rho_mean=1.000000, p_mean=0.725487, div_rms=7.940e-01, vort_rms=1.889e+00, mass_err=-4.129e-11
saved snapshot: /home/fatienza/github/HIT_Solver/2D/hit2d_snapshots/run_20260710_185113/hit2d_step0017550.npz
saved snapshot: /home/fatienza/github/HIT_Solver/2D/hit2d_snapshots/run_20260710_185113/hit2d_step0017700.npz
saved snapshot: /home/fatienza/github/HIT_Solver/2D/hit2d_snapshots/run_20260710_185113/hit2d_step0017850.npz
step= 18000, t=6.286868, dt=3.374e-04, KE=1.227982e-01, Mt=0.5042, A_K=0.093, Cuv=-0.022, P_in=5.322e-03, P_tgt=5.355e-03, A_F=0.205, K_low=0.144, P_drag=-1.022e-03, P_cool=-2.842e-03, WENO=0.195, rho_mean=1.000000, p_mean=0.725656, div_rms=7.854e-01, vort_rms=1.889e+00, mass_err=-4.248e-11
saved snapshot: /home/fatienza/github/HIT_Solver/2D/hit2d_snapshots/run_20260710_185113/hit2d_step0018000.npz
saved snapshot: /home/fatienza/github/HIT_Solver/2D/hit2d_snapshots/run_20260710_185113/hit2d_step0018150.npz
saved snapshot: /home/fatienza/github/HIT_Solver/2D/hit2d_snapshots/run_20260710_185113/hit2d_step0018300.npz
saved snapshot: /home/fatienza/github/HIT_Solver/2D/hit2d_snapshots/run_20260710_185113/hit2d_step0018450.npz
step= 18500, t=6.454783, dt=3.366e-04, KE=1.225096e-01, Mt=0.5059, A_K=0.093, Cuv=-0.045, P_in=5.062e-03, P_tgt=5.091e-03, A_F=0.065, K_low=0.148, P_drag=-1.044e-03, P_cool=-2.891e-03, WENO=0.197, rho_mean=1.000000, p_mean=0.725848, div_rms=8.043e-01, vort_rms=1.886e+00, mass_err=-4.365e-11
saved snapshot: /home/fatienza/github/HIT_Solver/2D/hit2d_snapshots/run_20260710_185113/hit2d_step0018600.npz
saved snapshot: /home/fatienza/github/HIT_Solver/2D/hit2d_snapshots/run_20260710_185113/hit2d_step0018750.npz
saved snapshot: /home/fatienza/github/HIT_Solver/2D/hit2d_snapshots/run_20260710_185113/hit2d_step0018900.npz
step= 19000, t=6.624795, dt=3.408e-04, KE=1.220592e-01, Mt=0.5066, A_K=0.082, Cuv=-0.058, P_in=4.755e-03, P_tgt=4.785e-03, A_F=0.028, K_low=0.151, P_drag=-1.064e-03, P_cool=-2.950e-03, WENO=0.185, rho_mean=1.000000, p_mean=0.726084, div_rms=8.401e-01, vort_rms=1.881e+00, mass_err=-4.482e-11
saved snapshot: /home/fatienza/github/HIT_Solver/2D/hit2d_snapshots/run_20260710_185113/hit2d_step0019050.npz
saved snapshot: /home/fatienza/github/HIT_Solver/2D/hit2d_snapshots/run_20260710_185113/hit2d_step0019200.npz
saved snapshot: /home/fatienza/github/HIT_Solver/2D/hit2d_snapshots/run_20260710_185113/hit2d_step0019350.npz
step= 19500, t=6.795490, dt=3.399e-04, KE=1.221648e-01, Mt=0.5069, A_K=0.082, Cuv=-0.071, P_in=4.462e-03, P_tgt=4.479e-03, A_F=0.010, K_low=0.152, P_drag=-1.081e-03, P_cool=-2.949e-03, WENO=0.180, rho_mean=1.000000, p_mean=0.726080, div_rms=8.638e-01, vort_rms=1.866e+00, mass_err=-4.599e-11
saved snapshot: /home/fatienza/github/HIT_Solver/2D/hit2d_snapshots/run_20260710_185113/hit2d_step0019500.npz
saved snapshot: /home/fatienza/github/HIT_Solver/2D/hit2d_snapshots/run_20260710_185113/hit2d_step0019650.npz
saved snapshot: /home/fatienza/github/HIT_Solver/2D/hit2d_snapshots/run_20260710_185113/hit2d_step0019800.npz
saved snapshot: /home/fatienza/github/HIT_Solver/2D/hit2d_snapshots/run_20260710_185113/hit2d_step0019950.npz
step= 20000, t=6.964665, dt=3.366e-04, KE=1.222407e-01, Mt=0.5064, A_K=0.092, Cuv=-0.078, P_in=4.181e-03, P_tgt=4.192e-03, A_F=0.167, K_low=0.152, P_drag=-1.090e-03, P_cool=-2.947e-03, WENO=0.172, rho_mean=1.000000, p_mean=0.726075, div_rms=8.902e-01, vort_rms=1.846e+00, mass_err=-4.717e-11
saved snapshot: /home/fatienza/github/HIT_Solver/2D/hit2d_snapshots/run_20260710_185113/hit2d_step0020100.npz
saved snapshot: /home/fatienza/github/HIT_Solver/2D/hit2d_snapshots/run_20260710_185113/hit2d_step0020250.npz
saved snapshot: /home/fatienza/github/HIT_Solver/2D/hit2d_snapshots/run_20260710_185113/hit2d_step0020400.npz
step= 20500, t=7.132114, dt=3.325e-04, KE=1.215123e-01, Mt=0.5051, A_K=0.111, Cuv=-0.091, P_in=3.981e-03, P_tgt=3.965e-03, A_F=0.009, K_low=0.153, P_drag=-1.092e-03, P_cool=-3.021e-03, WENO=0.185, rho_mean=1.000000, p_mean=0.726370, div_rms=8.834e-01, vort_rms=1.829e+00, mass_err=-4.833e-11
saved snapshot: /home/fatienza/github/HIT_Solver/2D/hit2d_snapshots/run_20260710_185113/hit2d_step0020550.npz
saved snapshot: /home/fatienza/github/HIT_Solver/2D/hit2d_snapshots/run_20260710_185113/hit2d_step0020700.npz
saved snapshot: /home/fatienza/github/HIT_Solver/2D/hit2d_snapshots/run_20260710_185113/hit2d_step0020850.npz
step= 21000, t=7.297621, dt=3.299e-04, KE=1.206639e-01, Mt=0.5050, A_K=0.138, Cuv=-0.102, P_in=3.786e-03, P_tgt=3.775e-03, A_F=0.041, K_low=0.155, P_drag=-1.087e-03, P_cool=-3.101e-03, WENO=0.189, rho_mean=1.000000, p_mean=0.726690, div_rms=8.823e-01, vort_rms=1.811e+00, mass_err=-4.951e-11
saved snapshot: /home/fatienza/github/HIT_Solver/2D/hit2d_snapshots/run_20260710_185113/hit2d_step0021000.npz
saved snapshot: /home/fatienza/github/HIT_Solver/2D/hit2d_snapshots/run_20260710_185113/hit2d_step0021150.npz
saved snapshot: /home/fatienza/github/HIT_Solver/2D/hit2d_snapshots/run_20260710_185113/hit2d_step0021300.npz
saved snapshot: /home/fatienza/github/HIT_Solver/2D/hit2d_snapshots/run_20260710_185113/hit2d_step0021450.npz
step= 21500, t=7.462887, dt=3.319e-04, KE=1.200675e-01, Mt=0.5056, A_K=0.167, Cuv=-0.104, P_in=3.589e-03, P_tgt=3.582e-03, A_F=0.139, K_low=0.157, P_drag=-1.081e-03, P_cool=-3.151e-03, WENO=0.179, rho_mean=1.000000, p_mean=0.726890, div_rms=8.970e-01, vort_rms=1.796e+00, mass_err=-5.068e-11
saved snapshot: /home/fatienza/github/HIT_Solver/2D/hit2d_snapshots/run_20260710_185113/hit2d_step0021600.npz
saved snapshot: /home/fatienza/github/HIT_Solver/2D/hit2d_snapshots/run_20260710_185113/hit2d_step0021750.npz
saved snapshot: /home/fatienza/github/HIT_Solver/2D/hit2d_snapshots/run_20260710_185113/hit2d_step0021900.npz
step= 22000, t=7.629731, dt=3.342e-04, KE=1.193517e-01, Mt=0.5054, A_K=0.192, Cuv=-0.099, P_in=3.393e-03, P_tgt=3.390e-03, A_F=0.203, K_low=0.160, P_drag=-1.076e-03, P_cool=-3.209e-03, WENO=0.180, rho_mean=1.000000, p_mean=0.727123, div_rms=8.879e-01, vort_rms=1.781e+00, mass_err=-5.184e-11
saved snapshot: /home/fatienza/github/HIT_Solver/2D/hit2d_snapshots/run_20260710_185113/hit2d_step0022050.npz
saved snapshot: /home/fatienza/github/HIT_Solver/2D/hit2d_snapshots/run_20260710_185113/hit2d_step0022200.npz
saved snapshot: /home/fatienza/github/HIT_Solver/2D/hit2d_snapshots/run_20260710_185113/hit2d_step0022350.npz
warning: flow component anisotropy has increased over the last three diagnostic samples
step= 22500, t=7.797059, dt=3.363e-04, KE=1.188372e-01, Mt=0.5043, A_K=0.209, Cuv=-0.082, P_in=3.213e-03, P_tgt=3.230e-03, A_F=0.106, K_low=0.162, P_drag=-1.074e-03, P_cool=-3.245e-03, WENO=0.172, rho_mean=1.000000, p_mean=0.727264, div_rms=8.933e-01, vort_rms=1.769e+00, mass_err=-5.301e-11
saved snapshot: /home/fatienza/github/HIT_Solver/2D/hit2d_snapshots/run_20260710_185113/hit2d_step0022500.npz
saved snapshot: /home/fatienza/github/HIT_Solver/2D/hit2d_snapshots/run_20260710_185113/hit2d_step0022650.npz
saved snapshot: /home/fatienza/github/HIT_Solver/2D/hit2d_snapshots/run_20260710_185113/hit2d_step0022800.npz
saved snapshot: /home/fatienza/github/HIT_Solver/2D/hit2d_snapshots/run_20260710_185113/hit2d_step0022950.npz
warning: flow component anisotropy has increased over the last three diagnostic samples
step= 23000, t=7.966416, dt=3.384e-04, KE=1.183769e-01, Mt=0.5017, A_K=0.222, Cuv=-0.054, P_in=3.123e-03, P_tgt=3.130e-03, A_F=0.000, K_low=0.163, P_drag=-1.077e-03, P_cool=-3.272e-03, WENO=0.165, rho_mean=1.000000, p_mean=0.727375, div_rms=8.957e-01, vort_rms=1.759e+00, mass_err=-5.419e-11
saved snapshot: /home/fatienza/github/HIT_Solver/2D/hit2d_snapshots/run_20260710_185113/hit2d_step0023100.npz
saved snapshot: /home/fatienza/github/HIT_Solver/2D/hit2d_snapshots/run_20260710_185113/hit2d_step0023250.npz
saved snapshot: /home/fatienza/github/HIT_Solver/2D/hit2d_snapshots/run_20260710_185113/hit2d_step0023400.npz
warning: flow component anisotropy has increased over the last three diagnostic samples
step= 23500, t=8.135978, dt=3.407e-04, KE=1.178320e-01, Mt=0.4982, A_K=0.229, Cuv=-0.025, P_in=3.166e-03, P_tgt=3.133e-03, A_F=0.182, K_low=0.164, P_drag=-1.087e-03, P_cool=-3.306e-03, WENO=0.160, rho_mean=1.000000, p_mean=0.727510, div_rms=8.581e-01, vort_rms=1.748e+00, mass_err=-5.536e-11
saved snapshot: /home/fatienza/github/HIT_Solver/2D/hit2d_snapshots/run_20260710_185113/hit2d_step0023550.npz
saved snapshot: /home/fatienza/github/HIT_Solver/2D/hit2d_snapshots/run_20260710_185113/hit2d_step0023700.npz
saved snapshot: /home/fatienza/github/HIT_Solver/2D/hit2d_snapshots/run_20260710_185113/hit2d_step0023850.npz
step= 24000, t=8.306816, dt=3.419e-04, KE=1.179436e-01, Mt=0.4967, A_K=0.226, Cuv=0.002, P_in=3.231e-03, P_tgt=3.223e-03, A_F=0.252, K_low=0.166, P_drag=-1.104e-03, P_cool=-3.274e-03, WENO=0.155, rho_mean=1.000000, p_mean=0.727380, div_rms=8.239e-01, vort_rms=1.734e+00, mass_err=-5.654e-11
saved snapshot: /home/fatienza/github/HIT_Solver/2D/hit2d_snapshots/run_20260710_185113/hit2d_step0024000.npz
saved snapshot: /home/fatienza/github/HIT_Solver/2D/hit2d_snapshots/run_20260710_185113/hit2d_step0024150.npz
saved snapshot: /home/fatienza/github/HIT_Solver/2D/hit2d_snapshots/run_20260710_185113/hit2d_step0024300.npz
saved snapshot: /home/fatienza/github/HIT_Solver/2D/hit2d_snapshots/run_20260710_185113/hit2d_step0024450.npz
step= 24500, t=8.476659, dt=3.391e-04, KE=1.186203e-01, Mt=0.4969, A_K=0.206, Cuv=0.028, P_in=3.333e-03, P_tgt=3.329e-03, A_F=0.059, K_low=0.165, P_drag=-1.119e-03, P_cool=-3.187e-03, WENO=0.177, rho_mean=1.000000, p_mean=0.727034, div_rms=7.969e-01, vort_rms=1.727e+00, mass_err=-5.772e-11
saved snapshot: /home/fatienza/github/HIT_Solver/2D/hit2d_snapshots/run_20260710_185113/hit2d_step0024600.npz
saved snapshot: /home/fatienza/github/HIT_Solver/2D/hit2d_snapshots/run_20260710_185113/hit2d_step0024750.npz
saved snapshot: /home/fatienza/github/HIT_Solver/2D/hit2d_snapshots/run_20260710_185113/hit2d_step0024900.npz
step= 25000, t=8.646996, dt=3.418e-04, KE=1.191848e-01, Mt=0.4974, A_K=0.177, Cuv=0.047, P_in=3.408e-03, P_tgt=3.428e-03, A_F=0.039, K_low=0.163, P_drag=-1.129e-03, P_cool=-3.115e-03, WENO=0.185, rho_mean=1.000000, p_mean=0.726745, div_rms=7.707e-01, vort_rms=1.723e+00, mass_err=-5.892e-11
saved snapshot: /home/fatienza/github/HIT_Solver/2D/hit2d_snapshots/run_20260710_185113/hit2d_step0025050.npz
saved snapshot: /home/fatienza/github/HIT_Solver/2D/hit2d_snapshots/run_20260710_185113/hit2d_step0025200.npz
saved snapshot: /home/fatienza/github/HIT_Solver/2D/hit2d_snapshots/run_20260710_185113/hit2d_step0025350.npz
step= 25500, t=8.817351, dt=3.394e-04, KE=1.197947e-01, Mt=0.4979, A_K=0.152, Cuv=0.063, P_in=3.516e-03, P_tgt=3.508e-03, A_F=0.082, K_low=0.161, P_drag=-1.136e-03, P_cool=-3.042e-03, WENO=0.179, rho_mean=1.000000, p_mean=0.726452, div_rms=7.660e-01, vort_rms=1.711e+00, mass_err=-6.009e-11
saved snapshot: /home/fatienza/github/HIT_Solver/2D/hit2d_snapshots/run_20260710_185113/hit2d_step0025500.npz
saved snapshot: /home/fatienza/github/HIT_Solver/2D/hit2d_snapshots/run_20260710_185113/hit2d_step0025650.npz
saved snapshot: /home/fatienza/github/HIT_Solver/2D/hit2d_snapshots/run_20260710_185113/hit2d_step0025800.npz
saved snapshot: /home/fatienza/github/HIT_Solver/2D/hit2d_snapshots/run_20260710_185113/hit2d_step0025950.npz
step= 26000, t=8.985737, dt=3.350e-04, KE=1.201144e-01, Mt=0.4976, A_K=0.134, Cuv=0.073, P_in=4.023e-03, P_tgt=3.589e-03, A_F=0.090, K_low=0.159, P_drag=-1.140e-03, P_cool=-3.001e-03, WENO=0.187, rho_mean=1.000000, p_mean=0.726288, div_rms=7.594e-01, vort_rms=1.699e+00, mass_err=-6.128e-11
saved snapshot: /home/fatienza/github/HIT_Solver/2D/hit2d_snapshots/run_20260710_185113/hit2d_step0026100.npz
saved snapshot: /home/fatienza/github/HIT_Solver/2D/hit2d_snapshots/run_20260710_185113/hit2d_step0026250.npz
saved snapshot: /home/fatienza/github/HIT_Solver/2D/hit2d_snapshots/run_20260710_185113/hit2d_step0026400.npz
step= 26500, t=9.154943, dt=3.444e-04, KE=1.201995e-01, Mt=0.4970, A_K=0.105, Cuv=0.067, P_in=3.694e-03, P_tgt=3.687e-03, A_F=0.160, K_low=0.160, P_drag=-1.147e-03, P_cool=-2.987e-03, WENO=0.187, rho_mean=1.000000, p_mean=0.726234, div_rms=7.518e-01, vort_rms=1.696e+00, mass_err=-6.246e-11
saved snapshot: /home/fatienza/github/HIT_Solver/2D/hit2d_snapshots/run_20260710_185113/hit2d_step0026550.npz
saved snapshot: /home/fatienza/github/HIT_Solver/2D/hit2d_snapshots/run_20260710_185113/hit2d_step0026700.npz
saved snapshot: /home/fatienza/github/HIT_Solver/2D/hit2d_snapshots/run_20260710_185113/hit2d_step0026850.npz
step= 27000, t=9.330017, dt=3.547e-04, KE=1.200631e-01, Mt=0.4962, A_K=0.096, Cuv=0.058, P_in=3.828e-03, P_tgt=3.817e-03, A_F=0.204, K_low=0.163, P_drag=-1.168e-03, P_cool=-2.995e-03, WENO=0.183, rho_mean=1.000000, p_mean=0.726266, div_rms=7.578e-01, vort_rms=1.689e+00, mass_err=-6.365e-11
saved snapshot: /home/fatienza/github/HIT_Solver/2D/hit2d_snapshots/run_20260710_185113/hit2d_step0027000.npz
saved snapshot: /home/fatienza/github/HIT_Solver/2D/hit2d_snapshots/run_20260710_185113/hit2d_step0027150.npz
saved snapshot: /home/fatienza/github/HIT_Solver/2D/hit2d_snapshots/run_20260710_185113/hit2d_step0027300.npz
saved snapshot: /home/fatienza/github/HIT_Solver/2D/hit2d_snapshots/run_20260710_185113/hit2d_step0027450.npz
step= 27500, t=9.507716, dt=3.491e-04, KE=1.198715e-01, Mt=0.4952, A_K=0.086, Cuv=0.055, P_in=3.996e-03, P_tgt=3.985e-03, A_F=0.078, K_low=0.168, P_drag=-1.200e-03, P_cool=-3.009e-03, WENO=0.188, rho_mean=1.000000, p_mean=0.726322, div_rms=7.647e-01, vort_rms=1.684e+00, mass_err=-6.484e-11
saved snapshot: /home/fatienza/github/HIT_Solver/2D/hit2d_snapshots/run_20260710_185113/hit2d_step0027600.npz
saved snapshot: /home/fatienza/github/HIT_Solver/2D/hit2d_snapshots/run_20260710_185113/hit2d_step0027750.npz
saved snapshot: /home/fatienza/github/HIT_Solver/2D/hit2d_snapshots/run_20260710_185113/hit2d_step0027900.npz
step= 28000, t=9.681571, dt=3.498e-04, KE=1.195783e-01, Mt=0.4938, A_K=0.068, Cuv=0.052, P_in=4.212e-03, P_tgt=4.210e-03, A_F=0.143, K_low=0.176, P_drag=-1.241e-03, P_cool=-3.035e-03, WENO=0.186, rho_mean=1.000000, p_mean=0.726424, div_rms=7.569e-01, vort_rms=1.684e+00, mass_err=-6.602e-11
saved snapshot: /home/fatienza/github/HIT_Solver/2D/hit2d_snapshots/run_20260710_185113/hit2d_step0028050.npz
saved snapshot: /home/fatienza/github/HIT_Solver/2D/hit2d_snapshots/run_20260710_185113/hit2d_step0028200.npz
saved snapshot: /home/fatienza/github/HIT_Solver/2D/hit2d_snapshots/run_20260710_185113/hit2d_step0028350.npz
step= 28500, t=9.860841, dt=3.619e-04, KE=1.196688e-01, Mt=0.4927, A_K=0.051, Cuv=0.051, P_in=4.533e-03, P_tgt=4.513e-03, A_F=0.144, K_low=0.183, P_drag=-1.287e-03, P_cool=-3.025e-03, WENO=0.184, rho_mean=1.000000, p_mean=0.726385, div_rms=7.451e-01, vort_rms=1.681e+00, mass_err=-6.721e-11
saved snapshot: /home/fatienza/github/HIT_Solver/2D/hit2d_snapshots/run_20260710_185113/hit2d_step0028500.npz
saved snapshot: /home/fatienza/github/HIT_Solver/2D/hit2d_snapshots/run_20260710_185113/hit2d_step0028650.npz
saved snapshot: /home/fatienza/github/HIT_Solver/2D/hit2d_snapshots/run_20260710_185113/hit2d_step0028800.npz
saved snapshot: /home/fatienza/github/HIT_Solver/2D/hit2d_snapshots/run_20260710_185113/hit2d_step0028950.npz
step= 29000, t=10.039563, dt=3.524e-04, KE=1.200659e-01, Mt=0.4923, A_K=0.044, Cuv=0.051, P_in=4.867e-03, P_tgt=4.877e-03, A_F=0.219, K_low=0.189, P_drag=-1.333e-03, P_cool=-2.991e-03, WENO=0.168, rho_mean=1.000000, p_mean=0.726249, div_rms=7.382e-01, vort_rms=1.676e+00, mass_err=-6.838e-11
saved snapshot: /home/fatienza/github/HIT_Solver/2D/hit2d_snapshots/run_20260710_185113/hit2d_step0029100.npz
saved snapshot: /home/fatienza/github/HIT_Solver/2D/hit2d_snapshots/run_20260710_185113/hit2d_step0029250.npz
saved snapshot: /home/fatienza/github/HIT_Solver/2D/hit2d_snapshots/run_20260710_185113/hit2d_step0029400.npz
step= 29500, t=10.216220, dt=3.539e-04, KE=1.202579e-01, Mt=0.4926, A_K=0.051, Cuv=0.055, P_in=5.292e-03, P_tgt=5.270e-03, A_F=0.194, K_low=0.194, P_drag=-1.373e-03, P_cool=-2.985e-03, WENO=0.153, rho_mean=1.000000, p_mean=0.726227, div_rms=7.295e-01, vort_rms=1.673e+00, mass_err=-6.958e-11
saved snapshot: /home/fatienza/github/HIT_Solver/2D/hit2d_snapshots/run_20260710_185113/hit2d_step0029550.npz
saved snapshot: /home/fatienza/github/HIT_Solver/2D/hit2d_snapshots/run_20260710_185113/hit2d_step0029700.npz
saved snapshot: /home/fatienza/github/HIT_Solver/2D/hit2d_snapshots/run_20260710_185113/hit2d_step0029850.npz
step= 30000, t=10.391068, dt=3.472e-04, KE=1.203272e-01, Mt=0.4933, A_K=0.062, Cuv=0.062, P_in=5.587e-03, P_tgt=5.664e-03, A_F=0.062, K_low=0.198, P_drag=-1.409e-03, P_cool=-3.000e-03, WENO=0.159, rho_mean=1.000000, p_mean=0.726284, div_rms=7.282e-01, vort_rms=1.670e+00, mass_err=-7.076e-11
saved snapshot: /home/fatienza/github/HIT_Solver/2D/hit2d_snapshots/run_20260710_185113/hit2d_step0030000.npz
saved snapshot: /home/fatienza/github/HIT_Solver/2D/hit2d_snapshots/run_20260710_185113/hit2d_step0030150.npz
saved snapshot: /home/fatienza/github/HIT_Solver/2D/hit2d_snapshots/run_20260710_185113/hit2d_step0030300.npz
saved snapshot: /home/fatienza/github/HIT_Solver/2D/hit2d_snapshots/run_20260710_185113/hit2d_step0030450.npz
step= 30500, t=10.564354, dt=3.454e-04, KE=1.202441e-01, Mt=0.4936, A_K=0.065, Cuv=0.063, P_in=6.078e-03, P_tgt=6.056e-03, A_F=0.157, K_low=0.202, P_drag=-1.440e-03, P_cool=-3.035e-03, WENO=0.167, rho_mean=1.000000, p_mean=0.726427, div_rms=7.338e-01, vort_rms=1.666e+00, mass_err=-7.196e-11
saved snapshot: /home/fatienza/github/HIT_Solver/2D/hit2d_snapshots/run_20260710_185113/hit2d_step0030600.npz
saved snapshot: /home/fatienza/github/HIT_Solver/2D/hit2d_snapshots/run_20260710_185113/hit2d_step0030750.npz
saved snapshot: /home/fatienza/github/HIT_Solver/2D/hit2d_snapshots/run_20260710_185113/hit2d_step0030900.npz
step= 31000, t=10.737222, dt=3.473e-04, KE=1.201262e-01, Mt=0.4943, A_K=0.059, Cuv=0.062, P_in=6.455e-03, P_tgt=6.442e-03, A_F=0.019, K_low=0.209, P_drag=-1.485e-03, P_cool=-3.078e-03, WENO=0.162, rho_mean=1.000000, p_mean=0.726597, div_rms=7.549e-01, vort_rms=1.664e+00, mass_err=-7.315e-11
saved snapshot: /home/fatienza/github/HIT_Solver/2D/hit2d_snapshots/run_20260710_185113/hit2d_step0031050.npz
saved snapshot: /home/fatienza/github/HIT_Solver/2D/hit2d_snapshots/run_20260710_185113/hit2d_step0031200.npz
saved snapshot: /home/fatienza/github/HIT_Solver/2D/hit2d_snapshots/run_20260710_185113/hit2d_step0031350.npz
step= 31500, t=10.910983, dt=3.474e-04, KE=1.200099e-01, Mt=0.4948, A_K=0.043, Cuv=0.063, P_in=6.786e-03, P_tgt=6.808e-03, A_F=0.273, K_low=0.221, P_drag=-1.557e-03, P_cool=-3.124e-03, WENO=0.146, rho_mean=1.000000, p_mean=0.726781, div_rms=7.622e-01, vort_rms=1.665e+00, mass_err=-7.434e-11
saved snapshot: /home/fatienza/github/HIT_Solver/2D/hit2d_snapshots/run_20260710_185113/hit2d_step0031500.npz
saved snapshot: /home/fatienza/github/HIT_Solver/2D/hit2d_snapshots/run_20260710_185113/hit2d_step0031650.npz
saved snapshot: /home/fatienza/github/HIT_Solver/2D/hit2d_snapshots/run_20260710_185113/hit2d_step0031800.npz
saved snapshot: /home/fatienza/github/HIT_Solver/2D/hit2d_snapshots/run_20260710_185113/hit2d_step0031950.npz
step= 32000, t=11.085446, dt=3.514e-04, KE=1.200954e-01, Mt=0.4949, A_K=0.016, Cuv=0.062, P_in=7.277e-03, P_tgt=7.178e-03, A_F=0.081, K_low=0.235, P_drag=-1.654e-03, P_cool=-3.153e-03, WENO=0.157, rho_mean=1.000000, p_mean=0.726898, div_rms=7.589e-01, vort_rms=1.670e+00, mass_err=-7.552e-11
saved snapshot: /home/fatienza/github/HIT_Solver/2D/hit2d_snapshots/run_20260710_185113/hit2d_step0032100.npz
saved snapshot: /home/fatienza/github/HIT_Solver/2D/hit2d_snapshots/run_20260710_185113/hit2d_step0032250.npz
saved snapshot: /home/fatienza/github/HIT_Solver/2D/hit2d_snapshots/run_20260710_185113/hit2d_step0032400.npz
step= 32500, t=11.261368, dt=3.536e-04, KE=1.207045e-01, Mt=0.4955, A_K=0.004, Cuv=0.057, P_in=7.477e-03, P_tgt=7.542e-03, A_F=0.059, K_low=0.249, P_drag=-1.765e-03, P_cool=-3.135e-03, WENO=0.167, rho_mean=1.000000, p_mean=0.726825, div_rms=7.577e-01, vort_rms=1.669e+00, mass_err=-7.670e-11
saved snapshot: /home/fatienza/github/HIT_Solver/2D/hit2d_snapshots/run_20260710_185113/hit2d_step0032550.npz
saved snapshot: /home/fatienza/github/HIT_Solver/2D/hit2d_snapshots/run_20260710_185113/hit2d_step0032700.npz
saved snapshot: /home/fatienza/github/HIT_Solver/2D/hit2d_snapshots/run_20260710_185113/hit2d_step0032850.npz
step= 33000, t=11.436762, dt=3.488e-04, KE=1.217343e-01, Mt=0.4975, A_K=0.011, Cuv=0.046, P_in=7.879e-03, P_tgt=7.829e-03, A_F=0.018, K_low=0.261, P_drag=-1.872e-03, P_cool=-3.080e-03, WENO=0.177, rho_mean=1.000000, p_mean=0.726606, div_rms=7.622e-01, vort_rms=1.669e+00, mass_err=-7.789e-11
saved snapshot: /home/fatienza/github/HIT_Solver/2D/hit2d_snapshots/run_20260710_185113/hit2d_step0033000.npz
saved snapshot: /home/fatienza/github/HIT_Solver/2D/hit2d_snapshots/run_20260710_185113/hit2d_step0033150.npz
saved snapshot: /home/fatienza/github/HIT_Solver/2D/hit2d_snapshots/run_20260710_185113/hit2d_step0033300.npz
saved snapshot: /home/fatienza/github/HIT_Solver/2D/hit2d_snapshots/run_20260710_185113/hit2d_step0033450.npz
step= 33500, t=11.610861, dt=3.473e-04, KE=1.229002e-01, Mt=0.5006, A_K=0.006, Cuv=0.038, P_in=7.821e-03, P_tgt=7.900e-03, A_F=0.019, K_low=0.271, P_drag=-1.964e-03, P_cool=-3.015e-03, WENO=0.183, rho_mean=1.000000, p_mean=0.726347, div_rms=7.598e-01, vort_rms=1.667e+00, mass_err=-7.908e-11
saved snapshot: /home/fatienza/github/HIT_Solver/2D/hit2d_snapshots/run_20260710_185113/hit2d_step0033600.npz
saved snapshot: /home/fatienza/github/HIT_Solver/2D/hit2d_snapshots/run_20260710_185113/hit2d_step0033750.npz
saved snapshot: /home/fatienza/github/HIT_Solver/2D/hit2d_snapshots/run_20260710_185113/hit2d_step0033900.npz
step= 34000, t=11.780927, dt=3.342e-04, KE=1.233643e-01, Mt=0.5028, A_K=0.026, Cuv=0.035, P_in=7.773e-03, P_tgt=7.764e-03, A_F=0.167, K_low=0.280, P_drag=-2.028e-03, P_cool=-3.020e-03, WENO=0.196, rho_mean=1.000000, p_mean=0.726365, div_rms=7.571e-01, vort_rms=1.669e+00, mass_err=-8.026e-11
saved snapshot: /home/fatienza/github/HIT_Solver/2D/hit2d_snapshots/run_20260710_185113/hit2d_step0034050.npz
saved snapshot: /home/fatienza/github/HIT_Solver/2D/hit2d_snapshots/run_20260710_185113/hit2d_step0034200.npz
saved snapshot: /home/fatienza/github/HIT_Solver/2D/hit2d_snapshots/run_20260710_185113/hit2d_step0034350.npz
step= 34500, t=11.947973, dt=3.373e-04, KE=1.225272e-01, Mt=0.5037, A_K=0.045, Cuv=0.025, P_in=7.549e-03, P_tgt=7.505e-03, A_F=0.098, K_low=0.288, P_drag=-2.060e-03, P_cool=-3.148e-03, WENO=0.194, rho_mean=1.000000, p_mean=0.726876, div_rms=7.513e-01, vort_rms=1.668e+00, mass_err=-8.146e-11
saved snapshot: /home/fatienza/github/HIT_Solver/2D/hit2d_snapshots/run_20260710_185113/hit2d_step0034500.npz
saved snapshot: /home/fatienza/github/HIT_Solver/2D/hit2d_snapshots/run_20260710_185113/hit2d_step0034650.npz
saved snapshot: /home/fatienza/github/HIT_Solver/2D/hit2d_snapshots/run_20260710_185113/hit2d_step0034800.npz
saved snapshot: /home/fatienza/github/HIT_Solver/2D/hit2d_snapshots/run_20260710_185113/hit2d_step0034950.npz
step= 35000, t=12.118800, dt=3.451e-04, KE=1.211484e-01, Mt=0.5036, A_K=0.067, Cuv=0.017, P_in=7.248e-03, P_tgt=7.241e-03, A_F=0.047, K_low=0.296, P_drag=-2.072e-03, P_cool=-3.322e-03, WENO=0.210, rho_mean=1.000000, p_mean=0.727573, div_rms=7.717e-01, vort_rms=1.669e+00, mass_err=-8.266e-11
saved snapshot: /home/fatienza/github/HIT_Solver/2D/hit2d_snapshots/run_20260710_185113/hit2d_step0035100.npz
saved snapshot: /home/fatienza/github/HIT_Solver/2D/hit2d_snapshots/run_20260710_185113/hit2d_step0035250.npz
saved snapshot: /home/fatienza/github/HIT_Solver/2D/hit2d_snapshots/run_20260710_185113/hit2d_step0035400.npz
step= 35500, t=12.292204, dt=3.480e-04, KE=1.195950e-01, Mt=0.5031, A_K=0.093, Cuv=0.010, P_in=6.900e-03, P_tgt=7.004e-03, A_F=0.037, K_low=0.305, P_drag=-2.084e-03, P_cool=-3.505e-03, WENO=0.195, rho_mean=1.000000, p_mean=0.728304, div_rms=7.927e-01, vort_rms=1.674e+00, mass_err=-8.385e-11
saved snapshot: /home/fatienza/github/HIT_Solver/2D/hit2d_snapshots/run_20260710_185113/hit2d_step0035550.npz
saved snapshot: /home/fatienza/github/HIT_Solver/2D/hit2d_snapshots/run_20260710_185113/hit2d_step0035700.npz
saved snapshot: /home/fatienza/github/HIT_Solver/2D/hit2d_snapshots/run_20260710_185113/hit2d_step0035850.npz
step= 36000, t=12.467430, dt=3.535e-04, KE=1.183754e-01, Mt=0.5033, A_K=0.106, Cuv=0.007, P_in=6.724e-03, P_tgt=6.793e-03, A_F=0.086, K_low=0.313, P_drag=-2.109e-03, P_cool=-3.646e-03, WENO=0.171, rho_mean=1.000000, p_mean=0.728871, div_rms=8.316e-01, vort_rms=1.675e+00, mass_err=-8.504e-11
saved snapshot: /home/fatienza/github/HIT_Solver/2D/hit2d_snapshots/run_20260710_185113/hit2d_step0036000.npz
saved snapshot: /home/fatienza/github/HIT_Solver/2D/hit2d_snapshots/run_20260710_185113/hit2d_step0036150.npz
saved snapshot: /home/fatienza/github/HIT_Solver/2D/hit2d_snapshots/run_20260710_185113/hit2d_step0036300.npz
saved snapshot: /home/fatienza/github/HIT_Solver/2D/hit2d_snapshots/run_20260710_185113/hit2d_step0036450.npz
step= 36500, t=12.645165, dt=3.574e-04, KE=1.182159e-01, Mt=0.5045, A_K=0.109, Cuv=0.014, P_in=6.551e-03, P_tgt=6.537e-03, A_F=0.014, K_low=0.319, P_drag=-2.146e-03, P_cool=-3.676e-03, WENO=0.166, rho_mean=1.000000, p_mean=0.728989, div_rms=9.245e-01, vort_rms=1.672e+00, mass_err=-8.622e-11
saved snapshot: /home/fatienza/github/HIT_Solver/2D/hit2d_snapshots/run_20260710_185113/hit2d_step0036600.npz
saved snapshot: /home/fatienza/github/HIT_Solver/2D/hit2d_snapshots/run_20260710_185113/hit2d_step0036750.npz
saved snapshot: /home/fatienza/github/HIT_Solver/2D/hit2d_snapshots/run_20260710_185113/hit2d_step0036900.npz
step= 37000, t=12.820333, dt=3.478e-04, KE=1.190477e-01, Mt=0.5052, A_K=0.101, Cuv=0.022, P_in=6.240e-03, P_tgt=6.226e-03, A_F=0.030, K_low=0.321, P_drag=-2.187e-03, P_cool=-3.601e-03, WENO=0.161, rho_mean=1.000000, p_mean=0.728688, div_rms=1.026e+00, vort_rms=1.671e+00, mass_err=-8.739e-11
saved snapshot: /home/fatienza/github/HIT_Solver/2D/hit2d_snapshots/run_20260710_185113/hit2d_step0037050.npz
saved snapshot: /home/fatienza/github/HIT_Solver/2D/hit2d_snapshots/run_20260710_185113/hit2d_step0037200.npz
saved snapshot: /home/fatienza/github/HIT_Solver/2D/hit2d_snapshots/run_20260710_185113/hit2d_step0037350.npz
step= 37500, t=12.993251, dt=3.425e-04, KE=1.199805e-01, Mt=0.5040, A_K=0.076, Cuv=0.030, P_in=5.942e-03, P_tgt=5.944e-03, A_F=0.112, K_low=0.320, P_drag=-2.217e-03, P_cool=-3.512e-03, WENO=0.155, rho_mean=1.000000, p_mean=0.728333, div_rms=1.022e+00, vort_rms=1.671e+00, mass_err=-8.856e-11
saved snapshot: /home/fatienza/github/HIT_Solver/2D/hit2d_snapshots/run_20260710_185113/hit2d_step0037500.npz
saved snapshot: /home/fatienza/github/HIT_Solver/2D/hit2d_snapshots/run_20260710_185113/hit2d_step0037650.npz
saved snapshot: /home/fatienza/github/HIT_Solver/2D/hit2d_snapshots/run_20260710_185113/hit2d_step0037800.npz
saved snapshot: /home/fatienza/github/HIT_Solver/2D/hit2d_snapshots/run_20260710_185113/hit2d_step0037950.npz
step= 38000, t=13.164460, dt=3.454e-04, KE=1.209467e-01, Mt=0.5020, A_K=0.038, Cuv=0.042, P_in=5.763e-03, P_tgt=5.765e-03, A_F=0.079, K_low=0.314, P_drag=-2.222e-03, P_cool=-3.418e-03, WENO=0.158, rho_mean=1.000000, p_mean=0.727956, div_rms=9.728e-01, vort_rms=1.667e+00, mass_err=-8.973e-11
saved snapshot: /home/fatienza/github/HIT_Solver/2D/hit2d_snapshots/run_20260710_185113/hit2d_step0038100.npz
saved snapshot: /home/fatienza/github/HIT_Solver/2D/hit2d_snapshots/run_20260710_185113/hit2d_step0038250.npz
saved snapshot: /home/fatienza/github/HIT_Solver/2D/hit2d_snapshots/run_20260710_185113/hit2d_step0038400.npz
step= 38500, t=13.338815, dt=3.521e-04, KE=1.218356e-01, Mt=0.4992, A_K=0.005, Cuv=0.055, P_in=5.720e-03, P_tgt=5.730e-03, A_F=0.121, K_low=0.305, P_drag=-2.196e-03, P_cool=-3.332e-03, WENO=0.161, rho_mean=1.000000, p_mean=0.727612, div_rms=9.031e-01, vort_rms=1.662e+00, mass_err=-9.092e-11
saved snapshot: /home/fatienza/github/HIT_Solver/2D/hit2d_snapshots/run_20260710_185113/hit2d_step0038550.npz
saved snapshot: /home/fatienza/github/HIT_Solver/2D/hit2d_snapshots/run_20260710_185113/hit2d_step0038700.npz
saved snapshot: /home/fatienza/github/HIT_Solver/2D/hit2d_snapshots/run_20260710_185113/hit2d_step0038850.npz
step= 39000, t=13.513569, dt=3.445e-04, KE=1.221201e-01, Mt=0.4963, A_K=0.016, Cuv=0.062, P_in=5.855e-03, P_tgt=5.857e-03, A_F=0.184, K_low=0.294, P_drag=-2.147e-03, P_cool=-3.308e-03, WENO=0.174, rho_mean=1.000000, p_mean=0.727519, div_rms=8.668e-01, vort_rms=1.653e+00, mass_err=-9.211e-11
saved snapshot: /home/fatienza/github/HIT_Solver/2D/hit2d_snapshots/run_20260710_185113/hit2d_step0039000.npz
saved snapshot: /home/fatienza/github/HIT_Solver/2D/hit2d_snapshots/run_20260710_185113/hit2d_step0039150.npz
saved snapshot: /home/fatienza/github/HIT_Solver/2D/hit2d_snapshots/run_20260710_185113/hit2d_step0039300.npz
saved snapshot: /home/fatienza/github/HIT_Solver/2D/hit2d_snapshots/run_20260710_185113/hit2d_step0039450.npz
step= 39500, t=13.682376, dt=3.331e-04, KE=1.212073e-01, Mt=0.4933, A_K=0.024, Cuv=0.065, P_in=6.169e-03, P_tgt=6.180e-03, A_F=0.017, K_low=0.287, P_drag=-2.091e-03, P_cool=-3.409e-03, WENO=0.183, rho_mean=1.000000, p_mean=0.727921, div_rms=8.255e-01, vort_rms=1.651e+00, mass_err=-9.329e-11
saved snapshot: /home/fatienza/github/HIT_Solver/2D/hit2d_snapshots/run_20260710_185113/hit2d_step0039600.npz
saved snapshot: /home/fatienza/github/HIT_Solver/2D/hit2d_snapshots/run_20260710_185113/hit2d_step0039750.npz
saved snapshot: /home/fatienza/github/HIT_Solver/2D/hit2d_snapshots/run_20260710_185113/hit2d_step0039900.npz
step= 40000, t=13.849000, dt=3.351e-04, KE=1.201802e-01, Mt=0.4920, A_K=0.018, Cuv=0.066, P_in=6.693e-03, P_tgt=6.668e-03, A_F=0.048, K_low=0.281, P_drag=-2.040e-03, P_cool=-3.527e-03, WENO=0.194, rho_mean=1.000000, p_mean=0.728393, div_rms=8.074e-01, vort_rms=1.658e+00, mass_err=-9.448e-11
saved snapshot: /home/fatienza/github/HIT_Solver/2D/hit2d_snapshots/run_20260710_185113/hit2d_step0040050.npz
saved snapshot: /home/fatienza/github/HIT_Solver/2D/hit2d_snapshots/run_20260710_185113/hit2d_step0040200.npz
saved snapshot: /home/fatienza/github/HIT_Solver/2D/hit2d_snapshots/run_20260710_185113/hit2d_step0040350.npz
step= 40500, t=14.014759, dt=3.276e-04, KE=1.193960e-01, Mt=0.4913, A_K=0.010, Cuv=0.068, P_in=7.091e-03, P_tgt=7.263e-03, A_F=0.168, K_low=0.278, P_drag=-1.998e-03, P_cool=-3.629e-03, WENO=0.201, rho_mean=1.000000, p_mean=0.728803, div_rms=7.847e-01, vort_rms=1.670e+00, mass_err=-9.567e-11
saved snapshot: /home/fatienza/github/HIT_Solver/2D/hit2d_snapshots/run_20260710_185113/hit2d_step0040500.npz
saved snapshot: /home/fatienza/github/HIT_Solver/2D/hit2d_snapshots/run_20260710_185113/hit2d_step0040650.npz
saved snapshot: /home/fatienza/github/HIT_Solver/2D/hit2d_snapshots/run_20260710_185113/hit2d_step0040800.npz
saved snapshot: /home/fatienza/github/HIT_Solver/2D/hit2d_snapshots/run_20260710_185113/hit2d_step0040950.npz
step= 41000, t=14.179326, dt=3.308e-04, KE=1.192352e-01, Mt=0.4908, A_K=0.001, Cuv=0.067, P_in=7.992e-03, P_tgt=7.971e-03, A_F=0.065, K_low=0.273, P_drag=-1.957e-03, P_cool=-3.681e-03, WENO=0.194, rho_mean=1.000000, p_mean=0.729009, div_rms=7.865e-01, vort_rms=1.673e+00, mass_err=-9.685e-11
saved snapshot: /home/fatienza/github/HIT_Solver/2D/hit2d_snapshots/run_20260710_185113/hit2d_step0041100.npz
saved snapshot: /home/fatienza/github/HIT_Solver/2D/hit2d_snapshots/run_20260710_185113/hit2d_step0041250.npz
saved snapshot: /home/fatienza/github/HIT_Solver/2D/hit2d_snapshots/run_20260710_185113/hit2d_step0041400.npz
step= 41500, t=14.345990, dt=3.335e-04, KE=1.190082e-01, Mt=0.4905, A_K=0.005, Cuv=0.066, P_in=8.760e-03, P_tgt=8.779e-03, A_F=0.012, K_low=0.268, P_drag=-1.916e-03, P_cool=-3.751e-03, WENO=0.202, rho_mean=1.000000, p_mean=0.729291, div_rms=7.835e-01, vort_rms=1.669e+00, mass_err=-9.803e-11
saved snapshot: /home/fatienza/github/HIT_Solver/2D/hit2d_snapshots/run_20260710_185113/hit2d_step0041550.npz
saved snapshot: /home/fatienza/github/HIT_Solver/2D/hit2d_snapshots/run_20260710_185113/hit2d_step0041700.npz
saved snapshot: /home/fatienza/github/HIT_Solver/2D/hit2d_snapshots/run_20260710_185113/hit2d_step0041850.npz
step= 42000, t=14.514206, dt=3.405e-04, KE=1.188608e-01, Mt=0.4914, A_K=0.004, Cuv=0.063, P_in=9.612e-03, P_tgt=9.647e-03, A_F=0.060, K_low=0.263, P_drag=-1.882e-03, P_cool=-3.825e-03, WENO=0.219, rho_mean=1.000000, p_mean=0.729587, div_rms=7.908e-01, vort_rms=1.674e+00, mass_err=-9.922e-11
saved snapshot: /home/fatienza/github/HIT_Solver/2D/hit2d_snapshots/run_20260710_185113/hit2d_step0042000.npz
saved snapshot: /home/fatienza/github/HIT_Solver/2D/hit2d_snapshots/run_20260710_185113/hit2d_step0042150.npz
saved snapshot: /home/fatienza/github/HIT_Solver/2D/hit2d_snapshots/run_20260710_185113/hit2d_step0042300.npz
saved snapshot: /home/fatienza/github/HIT_Solver/2D/hit2d_snapshots/run_20260710_185113/hit2d_step0042450.npz
step= 42500, t=14.686733, dt=3.458e-04, KE=1.191465e-01, Mt=0.4935, A_K=0.011, Cuv=0.066, P_in=9.923e-03, P_tgt=9.971e-03, A_F=0.165, K_low=0.260, P_drag=-1.867e-03, P_cool=-3.866e-03, WENO=0.246, rho_mean=1.000000, p_mean=0.729749, div_rms=7.981e-01, vort_rms=1.682e+00, mass_err=-1.004e-10
saved snapshot: /home/fatienza/github/HIT_Solver/2D/hit2d_snapshots/run_20260710_185113/hit2d_step0042600.npz
saved snapshot: /home/fatienza/github/HIT_Solver/2D/hit2d_snapshots/run_20260710_185113/hit2d_step0042750.npz
saved snapshot: /home/fatienza/github/HIT_Solver/2D/hit2d_snapshots/run_20260710_185113/hit2d_step0042900.npz
step= 43000, t=14.859073, dt=3.467e-04, KE=1.200525e-01, Mt=0.4965, A_K=0.009, Cuv=0.077, P_in=9.966e-03, P_tgt=9.998e-03, A_F=0.150, K_low=0.261, P_drag=-1.884e-03, P_cool=-3.845e-03, WENO=0.238, rho_mean=1.000000, p_mean=0.729666, div_rms=8.263e-01, vort_rms=1.689e+00, mass_err=-1.016e-10
saved snapshot: /home/fatienza/github/HIT_Solver/2D/hit2d_snapshots/run_20260710_185113/hit2d_step0043050.npz
saved snapshot: /home/fatienza/github/HIT_Solver/2D/hit2d_snapshots/run_20260710_185113/hit2d_step0043200.npz
saved snapshot: /home/fatienza/github/HIT_Solver/2D/hit2d_snapshots/run_20260710_185113/hit2d_step0043350.npz
step= 43500, t=15.032837, dt=3.496e-04, KE=1.213192e-01, Mt=0.5001, A_K=0.001, Cuv=0.101, P_in=1.000e-02, P_tgt=1.000e-02, A_F=0.026, K_low=0.268, P_drag=-1.939e-03, P_cool=-3.791e-03, WENO=0.224, rho_mean=1.000000, p_mean=0.729450, div_rms=8.466e-01, vort_rms=1.690e+00, mass_err=-1.028e-10
saved snapshot: /home/fatienza/github/HIT_Solver/2D/hit2d_snapshots/run_20260710_185113/hit2d_step0043500.npz
saved snapshot: /home/fatienza/github/HIT_Solver/2D/hit2d_snapshots/run_20260710_185113/hit2d_step0043650.npz
saved snapshot: /home/fatienza/github/HIT_Solver/2D/hit2d_snapshots/run_20260710_185113/hit2d_step0043800.npz
saved snapshot: /home/fatienza/github/HIT_Solver/2D/hit2d_snapshots/run_20260710_185113/hit2d_step0043950.npz
step= 44000, t=15.208034, dt=3.493e-04, KE=1.225344e-01, Mt=0.5043, A_K=0.011, Cuv=0.125, P_in=9.831e-03, P_tgt=9.788e-03, A_F=0.106, K_low=0.281, P_drag=-2.037e-03, P_cool=-3.743e-03, WENO=0.227, rho_mean=1.000000, p_mean=0.729257, div_rms=8.465e-01, vort_rms=1.686e+00, mass_err=-1.040e-10
saved snapshot: /home/fatienza/github/HIT_Solver/2D/hit2d_snapshots/run_20260710_185113/hit2d_step0044100.npz
saved snapshot: /home/fatienza/github/HIT_Solver/2D/hit2d_snapshots/run_20260710_185113/hit2d_step0044250.npz
saved snapshot: /home/fatienza/github/HIT_Solver/2D/hit2d_snapshots/run_20260710_185113/hit2d_step0044400.npz
step= 44500, t=15.380657, dt=3.422e-04, KE=1.236950e-01, Mt=0.5095, A_K=0.026, Cuv=0.139, P_in=9.169e-03, P_tgt=9.156e-03, A_F=0.037, K_low=0.298, P_drag=-2.159e-03, P_cool=-3.690e-03, WENO=0.220, rho_mean=1.000000, p_mean=0.729048, div_rms=8.604e-01, vort_rms=1.681e+00, mass_err=-1.052e-10
saved snapshot: /home/fatienza/github/HIT_Solver/2D/hit2d_snapshots/run_20260710_185113/hit2d_step0044550.npz
saved snapshot: /home/fatienza/github/HIT_Solver/2D/hit2d_snapshots/run_20260710_185113/hit2d_step0044700.npz
saved snapshot: /home/fatienza/github/HIT_Solver/2D/hit2d_snapshots/run_20260710_185113/hit2d_step0044850.npz
step= 45000, t=15.550438, dt=3.373e-04, KE=1.246630e-01, Mt=0.5140, A_K=0.047, Cuv=0.137, P_in=8.173e-03, P_tgt=8.170e-03, A_F=0.134, K_low=0.316, P_drag=-2.280e-03, P_cool=-3.641e-03, WENO=0.218, rho_mean=1.000000, p_mean=0.728849, div_rms=8.436e-01, vort_rms=1.679e+00, mass_err=-1.063e-10
saved snapshot: /home/fatienza/github/HIT_Solver/2D/hit2d_snapshots/run_20260710_185113/hit2d_step0045000.npz
saved snapshot: /home/fatienza/github/HIT_Solver/2D/hit2d_snapshots/run_20260710_185113/hit2d_step0045150.npz
saved snapshot: /home/fatienza/github/HIT_Solver/2D/hit2d_snapshots/run_20260710_185113/hit2d_step0045300.npz
saved snapshot: /home/fatienza/github/HIT_Solver/2D/hit2d_snapshots/run_20260710_185113/hit2d_step0045450.npz
step= 45500, t=15.718606, dt=3.361e-04, KE=1.256570e-01, Mt=0.5178, A_K=0.071, Cuv=0.114, P_in=6.980e-03, P_tgt=7.014e-03, A_F=0.242, K_low=0.330, P_drag=-2.382e-03, P_cool=-3.570e-03, WENO=0.221, rho_mean=1.000000, p_mean=0.728564, div_rms=8.386e-01, vort_rms=1.680e+00, mass_err=-1.075e-10
saved snapshot: /home/fatienza/github/HIT_Solver/2D/hit2d_snapshots/run_20260710_185113/hit2d_step0045600.npz
saved snapshot: /home/fatienza/github/HIT_Solver/2D/hit2d_snapshots/run_20260710_185113/hit2d_step0045750.npz
saved snapshot: /home/fatienza/github/HIT_Solver/2D/hit2d_snapshots/run_20260710_185113/hit2d_step0045900.npz
step= 46000, t=15.886939, dt=3.377e-04, KE=1.262800e-01, Mt=0.5194, A_K=0.089, Cuv=0.085, P_in=5.861e-03, P_tgt=5.866e-03, A_F=0.242, K_low=0.337, P_drag=-2.444e-03, P_cool=-3.516e-03, WENO=0.231, rho_mean=1.000000, p_mean=0.728348, div_rms=8.490e-01, vort_rms=1.678e+00, mass_err=-1.087e-10
saved snapshot: /home/fatienza/github/HIT_Solver/2D/hit2d_snapshots/run_20260710_185113/hit2d_step0046050.npz
saved snapshot: /home/fatienza/github/HIT_Solver/2D/hit2d_snapshots/run_20260710_185113/hit2d_step0046200.npz
saved snapshot: /home/fatienza/github/HIT_Solver/2D/hit2d_snapshots/run_20260710_185113/hit2d_step0046350.npz
step= 46500, t=16.056166, dt=3.387e-04, KE=1.261944e-01, Mt=0.5179, A_K=0.102, Cuv=0.062, P_in=4.897e-03, P_tgt=4.904e-03, A_F=0.040, K_low=0.338, P_drag=-2.464e-03, P_cool=-3.514e-03, WENO=0.213, rho_mean=1.000000, p_mean=0.728343, div_rms=8.583e-01, vort_rms=1.676e+00, mass_err=-1.098e-10
saved snapshot: /home/fatienza/github/HIT_Solver/2D/hit2d_snapshots/run_20260710_185113/hit2d_step0046500.npz
saved snapshot: /home/fatienza/github/HIT_Solver/2D/hit2d_snapshots/run_20260710_185113/hit2d_step0046650.npz
saved snapshot: /home/fatienza/github/HIT_Solver/2D/hit2d_snapshots/run_20260710_185113/hit2d_step0046800.npz
saved snapshot: /home/fatienza/github/HIT_Solver/2D/hit2d_snapshots/run_20260710_185113/hit2d_step0046950.npz
step= 47000, t=16.227212, dt=3.426e-04, KE=1.256610e-01, Mt=0.5138, A_K=0.110, Cuv=0.048, P_in=4.251e-03, P_tgt=4.207e-03, A_F=0.075, K_low=0.335, P_drag=-2.451e-03, P_cool=-3.544e-03, WENO=0.184, rho_mean=1.000000, p_mean=0.728461, div_rms=8.717e-01, vort_rms=1.670e+00, mass_err=-1.110e-10
saved snapshot: /home/fatienza/github/HIT_Solver/2D/hit2d_snapshots/run_20260710_185113/hit2d_step0047100.npz
saved snapshot: /home/fatienza/github/HIT_Solver/2D/hit2d_snapshots/run_20260710_185113/hit2d_step0047250.npz
saved snapshot: /home/fatienza/github/HIT_Solver/2D/hit2d_snapshots/run_20260710_185113/hit2d_step0047400.npz
step= 47500, t=16.396884, dt=3.367e-04, KE=1.242746e-01, Mt=0.5070, A_K=0.109, Cuv=0.046, P_in=3.687e-03, P_tgt=3.797e-03, A_F=0.012, K_low=0.331, P_drag=-2.419e-03, P_cool=-3.649e-03, WENO=0.170, rho_mean=1.000000, p_mean=0.728882, div_rms=8.691e-01, vort_rms=1.665e+00, mass_err=-1.122e-10
saved snapshot: /home/fatienza/github/HIT_Solver/2D/hit2d_snapshots/run_20260710_185113/hit2d_step0047550.npz
saved snapshot: /home/fatienza/github/HIT_Solver/2D/hit2d_snapshots/run_20260710_185113/hit2d_step0047700.npz
saved snapshot: /home/fatienza/github/HIT_Solver/2D/hit2d_snapshots/run_20260710_185113/hit2d_step0047850.npz
step= 48000, t=16.564333, dt=3.340e-04, KE=1.223579e-01, Mt=0.4999, A_K=0.101, Cuv=0.043, P_in=3.675e-03, P_tgt=3.674e-03, A_F=0.034, K_low=0.329, P_drag=-2.384e-03, P_cool=-3.801e-03, WENO=0.175, rho_mean=1.000000, p_mean=0.729492, div_rms=8.300e-01, vort_rms=1.663e+00, mass_err=-1.134e-10
saved snapshot: /home/fatienza/github/HIT_Solver/2D/hit2d_snapshots/run_20260710_185113/hit2d_step0048000.npz
saved snapshot: /home/fatienza/github/HIT_Solver/2D/hit2d_snapshots/run_20260710_185113/hit2d_step0048150.npz
saved snapshot: /home/fatienza/github/HIT_Solver/2D/hit2d_snapshots/run_20260710_185113/hit2d_step0048300.npz
saved snapshot: /home/fatienza/github/HIT_Solver/2D/hit2d_snapshots/run_20260710_185113/hit2d_step0048450.npz
step= 48500, t=16.731168, dt=3.320e-04, KE=1.211573e-01, Mt=0.4955, A_K=0.084, Cuv=0.043, P_in=3.747e-03, P_tgt=3.770e-03, A_F=0.142, K_low=0.328, P_drag=-2.363e-03, P_cool=-3.880e-03, WENO=0.182, rho_mean=1.000000, p_mean=0.729804, div_rms=7.959e-01, vort_rms=1.666e+00, mass_err=-1.145e-10
saved snapshot: /home/fatienza/github/HIT_Solver/2D/hit2d_snapshots/run_20260710_185113/hit2d_step0048600.npz
saved snapshot: /home/fatienza/github/HIT_Solver/2D/hit2d_snapshots/run_20260710_185113/hit2d_step0048750.npz
saved snapshot: /home/fatienza/github/HIT_Solver/2D/hit2d_snapshots/run_20260710_185113/hit2d_step0048900.npz
step= 49000, t=16.896967, dt=3.346e-04, KE=1.203905e-01, Mt=0.4932, A_K=0.068, Cuv=0.047, P_in=3.988e-03, P_tgt=3.997e-03, A_F=0.024, K_low=0.331, P_drag=-2.364e-03, P_cool=-3.917e-03, WENO=0.197, rho_mean=1.000000, p_mean=0.729953, div_rms=7.672e-01, vort_rms=1.670e+00, mass_err=-1.157e-10
saved snapshot: /home/fatienza/github/HIT_Solver/2D/hit2d_snapshots/run_20260710_185113/hit2d_step0049050.npz
saved snapshot: /home/fatienza/github/HIT_Solver/2D/hit2d_snapshots/run_20260710_185113/hit2d_step0049200.npz
saved snapshot: /home/fatienza/github/HIT_Solver/2D/hit2d_snapshots/run_20260710_185113/hit2d_step0049350.npz
step= 49500, t=17.067450, dt=3.460e-04, KE=1.197952e-01, Mt=0.4921, A_K=0.059, Cuv=0.055, P_in=4.276e-03, P_tgt=4.317e-03, A_F=0.095, K_low=0.338, P_drag=-2.388e-03, P_cool=-3.941e-03, WENO=0.201, rho_mean=1.000000, p_mean=0.730048, div_rms=7.476e-01, vort_rms=1.672e+00, mass_err=-1.169e-10
saved snapshot: /home/fatienza/github/HIT_Solver/2D/hit2d_snapshots/run_20260710_185113/hit2d_step0049500.npz
saved snapshot: /home/fatienza/github/HIT_Solver/2D/hit2d_snapshots/run_20260710_185113/hit2d_step0049650.npz
saved snapshot: /home/fatienza/github/HIT_Solver/2D/hit2d_snapshots/run_20260710_185113/hit2d_step0049800.npz
saved snapshot: /home/fatienza/github/HIT_Solver/2D/hit2d_snapshots/run_20260710_185113/hit2d_step0049950.npz
step= 50000, t=17.238292, dt=3.371e-04, KE=1.201222e-01, Mt=0.4931, A_K=0.053, Cuv=0.062, P_in=4.713e-03, P_tgt=4.666e-03, A_F=0.143, K_low=0.345, P_drag=-2.438e-03, P_cool=-3.878e-03, WENO=0.191, rho_mean=1.000000, p_mean=0.729797, div_rms=7.669e-01, vort_rms=1.663e+00, mass_err=-1.180e-10
saved snapshot: /home/fatienza/github/HIT_Solver/2D/hit2d_snapshots/run_20260710_185113/hit2d_step0050100.npz
saved snapshot: /home/fatienza/github/HIT_Solver/2D/hit2d_snapshots/run_20260710_185113/hit2d_step0050250.npz
saved snapshot: /home/fatienza/github/HIT_Solver/2D/hit2d_snapshots/run_20260710_185113/hit2d_step0050400.npz
step= 50500, t=17.405736, dt=3.335e-04, KE=1.207854e-01, Mt=0.4954, A_K=0.050, Cuv=0.061, P_in=5.012e-03, P_tgt=4.952e-03, A_F=0.038, K_low=0.355, P_drag=-2.516e-03, P_cool=-3.788e-03, WENO=0.191, rho_mean=1.000000, p_mean=0.729439, div_rms=7.809e-01, vort_rms=1.649e+00, mass_err=-1.192e-10
saved snapshot: /home/fatienza/github/HIT_Solver/2D/hit2d_snapshots/run_20260710_185113/hit2d_step0050550.npz
saved snapshot: /home/fatienza/github/HIT_Solver/2D/hit2d_snapshots/run_20260710_185113/hit2d_step0050700.npz
saved snapshot: /home/fatienza/github/HIT_Solver/2D/hit2d_snapshots/run_20260710_185113/hit2d_step0050850.npz
step= 51000, t=17.571989, dt=3.323e-04, KE=1.210642e-01, Mt=0.4975, A_K=0.053, Cuv=0.054, P_in=5.105e-03, P_tgt=5.133e-03, A_F=0.058, K_low=0.370, P_drag=-2.618e-03, P_cool=-3.742e-03, WENO=0.193, rho_mean=1.000000, p_mean=0.729252, div_rms=7.703e-01, vort_rms=1.635e+00, mass_err=-1.204e-10
saved snapshot: /home/fatienza/github/HIT_Solver/2D/hit2d_snapshots/run_20260710_185113/hit2d_step0051000.npz
saved snapshot: /home/fatienza/github/HIT_Solver/2D/hit2d_snapshots/run_20260710_185113/hit2d_step0051150.npz
saved snapshot: /home/fatienza/github/HIT_Solver/2D/hit2d_snapshots/run_20260710_185113/hit2d_step0051300.npz
saved snapshot: /home/fatienza/github/HIT_Solver/2D/hit2d_snapshots/run_20260710_185113/hit2d_step0051450.npz
step= 51500, t=17.738421, dt=3.331e-04, KE=1.213279e-01, Mt=0.4997, A_K=0.052, Cuv=0.036, P_in=5.195e-03, P_tgt=5.206e-03, A_F=0.022, K_low=0.388, P_drag=-2.735e-03, P_cool=-3.697e-03, WENO=0.187, rho_mean=1.000000, p_mean=0.729073, div_rms=7.520e-01, vort_rms=1.627e+00, mass_err=-1.216e-10
saved snapshot: /home/fatienza/github/HIT_Solver/2D/hit2d_snapshots/run_20260710_185113/hit2d_step0051600.npz
saved snapshot: /home/fatienza/github/HIT_Solver/2D/hit2d_snapshots/run_20260710_185113/hit2d_step0051750.npz
saved snapshot: /home/fatienza/github/HIT_Solver/2D/hit2d_snapshots/run_20260710_185113/hit2d_step0051900.npz
step= 52000, t=17.904391, dt=3.308e-04, KE=1.217859e-01, Mt=0.5013, A_K=0.049, Cuv=0.013, P_in=5.172e-03, P_tgt=5.175e-03, A_F=0.073, K_low=0.404, P_drag=-2.850e-03, P_cool=-3.630e-03, WENO=0.196, rho_mean=1.000000, p_mean=0.728807, div_rms=7.439e-01, vort_rms=1.623e+00, mass_err=-1.227e-10
saved snapshot: /home/fatienza/github/HIT_Solver/2D/hit2d_snapshots/run_20260710_185113/hit2d_step0052050.npz
saved snapshot: /home/fatienza/github/HIT_Solver/2D/hit2d_snapshots/run_20260710_185113/hit2d_step0052200.npz
saved snapshot: /home/fatienza/github/HIT_Solver/2D/hit2d_snapshots/run_20260710_185113/hit2d_step0052350.npz
step= 52500, t=18.069995, dt=3.341e-04, KE=1.220381e-01, Mt=0.5014, A_K=0.051, Cuv=-0.013, P_in=5.111e-03, P_tgt=5.101e-03, A_F=0.199, K_low=0.415, P_drag=-2.949e-03, P_cool=-3.581e-03, WENO=0.192, rho_mean=1.000000, p_mean=0.728609, div_rms=7.298e-01, vort_rms=1.620e+00, mass_err=-1.239e-10
saved snapshot: /home/fatienza/github/HIT_Solver/2D/hit2d_snapshots/run_20260710_185113/hit2d_step0052500.npz
saved snapshot: /home/fatienza/github/HIT_Solver/2D/hit2d_snapshots/run_20260710_185113/hit2d_step0052650.npz
saved snapshot: /home/fatienza/github/HIT_Solver/2D/hit2d_snapshots/run_20260710_185113/hit2d_step0052800.npz
saved snapshot: /home/fatienza/github/HIT_Solver/2D/hit2d_snapshots/run_20260710_185113/hit2d_step0052950.npz
step= 53000, t=18.238857, dt=3.404e-04, KE=1.224514e-01, Mt=0.5015, A_K=0.065, Cuv=-0.040, P_in=5.031e-03, P_tgt=5.028e-03, A_F=0.146, K_low=0.421, P_drag=-3.028e-03, P_cool=-3.512e-03, WENO=0.199, rho_mean=1.000000, p_mean=0.728335, div_rms=7.224e-01, vort_rms=1.617e+00, mass_err=-1.251e-10
saved snapshot: /home/fatienza/github/HIT_Solver/2D/hit2d_snapshots/run_20260710_185113/hit2d_step0053100.npz
saved snapshot: /home/fatienza/github/HIT_Solver/2D/hit2d_snapshots/run_20260710_185113/hit2d_step0053250.npz
saved snapshot: /home/fatienza/github/HIT_Solver/2D/hit2d_snapshots/run_20260710_185113/hit2d_step0053400.npz
step= 53500, t=18.405319, dt=3.250e-04, KE=1.227676e-01, Mt=0.5016, A_K=0.083, Cuv=-0.065, P_in=4.971e-03, P_tgt=4.949e-03, A_F=0.140, K_low=0.424, P_drag=-3.076e-03, P_cool=-3.453e-03, WENO=0.206, rho_mean=1.000000, p_mean=0.728097, div_rms=7.270e-01, vort_rms=1.615e+00, mass_err=-1.263e-10
saved snapshot: /home/fatienza/github/HIT_Solver/2D/hit2d_snapshots/run_20260710_185113/hit2d_step0053550.npz
saved snapshot: /home/fatienza/github/HIT_Solver/2D/hit2d_snapshots/run_20260710_185113/hit2d_step0053700.npz
saved snapshot: /home/fatienza/github/HIT_Solver/2D/hit2d_snapshots/run_20260710_185113/hit2d_step0053850.npz
step= 54000, t=18.564522, dt=3.150e-04, KE=1.225621e-01, Mt=0.5007, A_K=0.105, Cuv=-0.080, P_in=4.931e-03, P_tgt=4.890e-03, A_F=0.054, K_low=0.426, P_drag=-3.098e-03, P_cool=-3.446e-03, WENO=0.210, rho_mean=1.000000, p_mean=0.728068, div_rms=7.222e-01, vort_rms=1.614e+00, mass_err=-1.274e-10
saved snapshot: /home/fatienza/github/HIT_Solver/2D/hit2d_snapshots/run_20260710_185113/hit2d_step0054000.npz
saved snapshot: /home/fatienza/github/HIT_Solver/2D/hit2d_snapshots/run_20260710_185113/hit2d_step0054150.npz
saved snapshot: /home/fatienza/github/HIT_Solver/2D/hit2d_snapshots/run_20260710_185113/hit2d_step0054300.npz
saved snapshot: /home/fatienza/github/HIT_Solver/2D/hit2d_snapshots/run_20260710_185113/hit2d_step0054450.npz
step= 54500, t=18.719956, dt=3.089e-04, KE=1.220659e-01, Mt=0.4995, A_K=0.119, Cuv=-0.084, P_in=4.877e-03, P_tgt=4.885e-03, A_F=0.039, K_low=0.428, P_drag=-3.100e-03, P_cool=-3.468e-03, WENO=0.204, rho_mean=1.000000, p_mean=0.728159, div_rms=7.175e-01, vort_rms=1.612e+00, mass_err=-1.286e-10
saved snapshot: /home/fatienza/github/HIT_Solver/2D/hit2d_snapshots/run_20260710_185113/hit2d_step0054600.npz
saved snapshot: /home/fatienza/github/HIT_Solver/2D/hit2d_snapshots/run_20260710_185113/hit2d_step0054750.npz
saved snapshot: /home/fatienza/github/HIT_Solver/2D/hit2d_snapshots/run_20260710_185113/hit2d_step0054900.npz
step= 55000, t=18.874647, dt=3.120e-04, KE=1.215387e-01, Mt=0.4982, A_K=0.127, Cuv=-0.071, P_in=4.955e-03, P_tgt=4.942e-03, A_F=0.051, K_low=0.429, P_drag=-3.084e-03, P_cool=-3.495e-03, WENO=0.187, rho_mean=1.000000, p_mean=0.728267, div_rms=7.345e-01, vort_rms=1.610e+00, mass_err=-1.298e-10
saved snapshot: /home/fatienza/github/HIT_Solver/2D/hit2d_snapshots/run_20260710_185113/hit2d_step0055050.npz
saved snapshot: /home/fatienza/github/HIT_Solver/2D/hit2d_snapshots/run_20260710_185113/hit2d_step0055200.npz
saved snapshot: /home/fatienza/github/HIT_Solver/2D/hit2d_snapshots/run_20260710_185113/hit2d_step0055350.npz
step= 55500, t=19.034205, dt=3.275e-04, KE=1.211755e-01, Mt=0.4973, A_K=0.126, Cuv=-0.047, P_in=5.095e-03, P_tgt=5.064e-03, A_F=0.155, K_low=0.426, P_drag=-3.053e-03, P_cool=-3.507e-03, WENO=0.180, rho_mean=1.000000, p_mean=0.728315, div_rms=7.349e-01, vort_rms=1.616e+00, mass_err=-1.310e-10
saved snapshot: /home/fatienza/github/HIT_Solver/2D/hit2d_snapshots/run_20260710_185113/hit2d_step0055500.npz
saved snapshot: /home/fatienza/github/HIT_Solver/2D/hit2d_snapshots/run_20260710_185113/hit2d_step0055650.npz
saved snapshot: /home/fatienza/github/HIT_Solver/2D/hit2d_snapshots/run_20260710_185113/hit2d_step0055800.npz
saved snapshot: /home/fatienza/github/HIT_Solver/2D/hit2d_snapshots/run_20260710_185113/hit2d_step0055950.npz
step= 56000, t=19.200925, dt=3.393e-04, KE=1.214400e-01, Mt=0.4981, A_K=0.130, Cuv=-0.026, P_in=5.159e-03, P_tgt=5.187e-03, A_F=0.088, K_low=0.419, P_drag=-3.013e-03, P_cool=-3.458e-03, WENO=0.175, rho_mean=1.000000, p_mean=0.728119, div_rms=7.476e-01, vort_rms=1.627e+00, mass_err=-1.322e-10
saved snapshot: /home/fatienza/github/HIT_Solver/2D/hit2d_snapshots/run_20260710_185113/hit2d_step0056100.npz
saved snapshot: /home/fatienza/github/HIT_Solver/2D/hit2d_snapshots/run_20260710_185113/hit2d_step0056250.npz
saved snapshot: /home/fatienza/github/HIT_Solver/2D/hit2d_snapshots/run_20260710_185113/hit2d_step0056400.npz
step= 56500, t=19.371253, dt=3.431e-04, KE=1.217757e-01, Mt=0.4988, A_K=0.143, Cuv=-0.013, P_in=5.253e-03, P_tgt=5.269e-03, A_F=0.049, K_low=0.410, P_drag=-2.966e-03, P_cool=-3.405e-03, WENO=0.174, rho_mean=1.000000, p_mean=0.727904, div_rms=7.479e-01, vort_rms=1.627e+00, mass_err=-1.334e-10
saved snapshot: /home/fatienza/github/HIT_Solver/2D/hit2d_snapshots/run_20260710_185113/hit2d_step0056550.npz
saved snapshot: /home/fatienza/github/HIT_Solver/2D/hit2d_snapshots/run_20260710_185113/hit2d_step0056700.npz
saved snapshot: /home/fatienza/github/HIT_Solver/2D/hit2d_snapshots/run_20260710_185113/hit2d_step0056850.npz
step= 57000, t=19.544364, dt=3.505e-04, KE=1.216691e-01, Mt=0.4989, A_K=0.151, Cuv=-0.010, P_in=5.328e-03, P_tgt=5.325e-03, A_F=0.130, K_low=0.403, P_drag=-2.919e-03, P_cool=-3.397e-03, WENO=0.174, rho_mean=1.000000, p_mean=0.727874, div_rms=7.493e-01, vort_rms=1.614e+00, mass_err=-1.346e-10
saved snapshot: /home/fatienza/github/HIT_Solver/2D/hit2d_snapshots/run_20260710_185113/hit2d_step0057000.npz
saved snapshot: /home/fatienza/github/HIT_Solver/2D/hit2d_snapshots/run_20260710_185113/hit2d_step0057150.npz
saved snapshot: /home/fatienza/github/HIT_Solver/2D/hit2d_snapshots/run_20260710_185113/hit2d_step0057300.npz
saved snapshot: /home/fatienza/github/HIT_Solver/2D/hit2d_snapshots/run_20260710_185113/hit2d_step0057450.npz
step= 57500, t=19.719548, dt=3.479e-04, KE=1.208769e-01, Mt=0.4981, A_K=0.145, Cuv=-0.005, P_in=5.417e-03, P_tgt=5.404e-03, A_F=0.195, K_low=0.398, P_drag=-2.868e-03, P_cool=-3.459e-03, WENO=0.177, rho_mean=1.000000, p_mean=0.728120, div_rms=7.458e-01, vort_rms=1.602e+00, mass_err=-1.358e-10
saved snapshot: /home/fatienza/github/HIT_Solver/2D/hit2d_snapshots/run_20260710_185113/hit2d_step0057600.npz
saved snapshot: /home/fatienza/github/HIT_Solver/2D/hit2d_snapshots/run_20260710_185113/hit2d_step0057750.npz
saved snapshot: /home/fatienza/github/HIT_Solver/2D/hit2d_snapshots/run_20260710_185113/hit2d_step0057900.npz
step= 58000, t=19.892382, dt=3.445e-04, KE=1.200757e-01, Mt=0.4966, A_K=0.126, Cuv=-0.002, P_in=5.554e-03, P_tgt=5.547e-03, A_F=0.205, K_low=0.391, P_drag=-2.812e-03, P_cool=-3.524e-03, WENO=0.170, rho_mean=1.000000, p_mean=0.728383, div_rms=7.517e-01, vort_rms=1.597e+00, mass_err=-1.370e-10
saved snapshot: /home/fatienza/github/HIT_Solver/2D/hit2d_snapshots/run_20260710_185113/hit2d_step0058050.npz
saved snapshot: /home/fatienza/github/HIT_Solver/2D/hit2d_snapshots/run_20260710_185113/hit2d_step0058200.npz
saved snapshot: /home/fatienza/github/HIT_Solver/2D/hit2d_snapshots/run_20260710_185113/hit2d_step0058350.npz
step= 58500, t=20.063548, dt=3.402e-04, KE=1.196864e-01, Mt=0.4945, A_K=0.106, Cuv=-0.001, P_in=5.819e-03, P_tgt=5.804e-03, A_F=0.077, K_low=0.383, P_drag=-2.756e-03, P_cool=-3.555e-03, WENO=0.153, rho_mean=1.000000, p_mean=0.728508, div_rms=7.655e-01, vort_rms=1.592e+00, mass_err=-1.382e-10
saved snapshot: /home/fatienza/github/HIT_Solver/2D/hit2d_snapshots/run_20260710_185113/hit2d_step0058500.npz
saved snapshot: /home/fatienza/github/HIT_Solver/2D/hit2d_snapshots/run_20260710_185113/hit2d_step0058650.npz
saved snapshot: /home/fatienza/github/HIT_Solver/2D/hit2d_snapshots/run_20260710_185113/hit2d_step0058800.npz
saved snapshot: /home/fatienza/github/HIT_Solver/2D/hit2d_snapshots/run_20260710_185113/hit2d_step0058950.npz
step= 59000, t=20.234295, dt=3.431e-04, KE=1.201353e-01, Mt=0.4930, A_K=0.084, Cuv=0.002, P_in=6.199e-03, P_tgt=6.194e-03, A_F=0.155, K_low=0.371, P_drag=-2.701e-03, P_cool=-3.511e-03, WENO=0.148, rho_mean=1.000000, p_mean=0.728329, div_rms=7.698e-01, vort_rms=1.588e+00, mass_err=-1.393e-10
saved snapshot: /home/fatienza/github/HIT_Solver/2D/hit2d_snapshots/run_20260710_185113/hit2d_step0059100.npz
saved snapshot: /home/fatienza/github/HIT_Solver/2D/hit2d_snapshots/run_20260710_185113/hit2d_step0059250.npz
saved snapshot: /home/fatienza/github/HIT_Solver/2D/hit2d_snapshots/run_20260710_185113/hit2d_step0059400.npz
step= 59500, t=20.406677, dt=3.452e-04, KE=1.210421e-01, Mt=0.4932, A_K=0.056, Cuv=0.009, P_in=6.647e-03, P_tgt=6.654e-03, A_F=0.066, K_low=0.360, P_drag=-2.650e-03, P_cool=-3.429e-03, WENO=0.158, rho_mean=1.000000, p_mean=0.728002, div_rms=7.612e-01, vort_rms=1.590e+00, mass_err=-1.405e-10
saved snapshot: /home/fatienza/github/HIT_Solver/2D/hit2d_snapshots/run_20260710_185113/hit2d_step0059550.npz
saved snapshot: /home/fatienza/github/HIT_Solver/2D/hit2d_snapshots/run_20260710_185113/hit2d_step0059700.npz
saved snapshot: /home/fatienza/github/HIT_Solver/2D/hit2d_snapshots/run_20260710_185113/hit2d_step0059850.npz
step= 60000, t=20.579789, dt=3.509e-04, KE=1.218456e-01, Mt=0.4943, A_K=0.020, Cuv=0.028, P_in=7.095e-03, P_tgt=7.093e-03, A_F=0.182, K_low=0.351, P_drag=-2.604e-03, P_cool=-3.366e-03, WENO=0.158, rho_mean=1.000000, p_mean=0.727750, div_rms=7.548e-01, vort_rms=1.595e+00, mass_err=-1.417e-10
saved snapshot: /home/fatienza/github/HIT_Solver/2D/hit2d_snapshots/run_20260710_185113/hit2d_step0060000.npz
saved snapshot: /home/fatienza/github/HIT_Solver/2D/hit2d_snapshots/run_20260710_185113/hit2d_step0060150.npz
saved snapshot: /home/fatienza/github/HIT_Solver/2D/hit2d_snapshots/run_20260710_185113/hit2d_step0060300.npz
saved snapshot: /home/fatienza/github/HIT_Solver/2D/hit2d_snapshots/run_20260710_185113/hit2d_step0060450.npz
step= 60500, t=20.756209, dt=3.506e-04, KE=1.221980e-01, Mt=0.4950, A_K=0.015, Cuv=0.057, P_in=7.480e-03, P_tgt=7.487e-03, A_F=0.047, K_low=0.346, P_drag=-2.565e-03, P_cool=-3.356e-03, WENO=0.151, rho_mean=1.000000, p_mean=0.727710, div_rms=7.508e-01, vort_rms=1.598e+00, mass_err=-1.429e-10
saved snapshot: /home/fatienza/github/HIT_Solver/2D/hit2d_snapshots/run_20260710_185113/hit2d_step0060600.npz
saved snapshot: /home/fatienza/github/HIT_Solver/2D/hit2d_snapshots/run_20260710_185113/hit2d_step0060750.npz
saved snapshot: /home/fatienza/github/HIT_Solver/2D/hit2d_snapshots/run_20260710_185113/hit2d_step0060900.npz
step= 61000, t=20.928511, dt=3.398e-04, KE=1.220251e-01, Mt=0.4959, A_K=0.041, Cuv=0.087, P_in=7.853e-03, P_tgt=7.844e-03, A_F=0.100, K_low=0.345, P_drag=-2.540e-03, P_cool=-3.404e-03, WENO=0.150, rho_mean=1.000000, p_mean=0.727904, div_rms=7.434e-01, vort_rms=1.598e+00, mass_err=-1.441e-10
saved snapshot: /home/fatienza/github/HIT_Solver/2D/hit2d_snapshots/run_20260710_185113/hit2d_step0061050.npz
saved snapshot: /home/fatienza/github/HIT_Solver/2D/hit2d_snapshots/run_20260710_185113/hit2d_step0061200.npz
saved snapshot: /home/fatienza/github/HIT_Solver/2D/hit2d_snapshots/run_20260710_185113/hit2d_step0061350.npz
step= 61500, t=21.095182, dt=3.270e-04, KE=1.217447e-01, Mt=0.4978, A_K=0.062, Cuv=0.112, P_in=8.105e-03, P_tgt=8.104e-03, A_F=0.273, K_low=0.347, P_drag=-2.527e-03, P_cool=-3.466e-03, WENO=0.149, rho_mean=1.000000, p_mean=0.728149, div_rms=7.343e-01, vort_rms=1.594e+00, mass_err=-1.453e-10
saved snapshot: /home/fatienza/github/HIT_Solver/2D/hit2d_snapshots/run_20260710_185113/hit2d_step0061500.npz
saved snapshot: /home/fatienza/github/HIT_Solver/2D/hit2d_snapshots/run_20260710_185113/hit2d_step0061650.npz
saved snapshot: /home/fatienza/github/HIT_Solver/2D/hit2d_snapshots/run_20260710_185113/hit2d_step0061800.npz
saved snapshot: /home/fatienza/github/HIT_Solver/2D/hit2d_snapshots/run_20260710_185113/hit2d_step0061950.npz
step= 62000, t=21.258746, dt=3.287e-04, KE=1.216145e-01, Mt=0.5006, A_K=0.081, Cuv=0.132, P_in=8.185e-03, P_tgt=8.175e-03, A_F=0.165, K_low=0.350, P_drag=-2.526e-03, P_cool=-3.512e-03, WENO=0.161, rho_mean=1.000000, p_mean=0.728332, div_rms=7.235e-01, vort_rms=1.589e+00, mass_err=-1.464e-10
saved snapshot: /home/fatienza/github/HIT_Solver/2D/hit2d_snapshots/run_20260710_185113/hit2d_step0062100.npz
saved snapshot: /home/fatienza/github/HIT_Solver/2D/hit2d_snapshots/run_20260710_185113/hit2d_step0062250.npz
saved snapshot: /home/fatienza/github/HIT_Solver/2D/hit2d_snapshots/run_20260710_185113/hit2d_step0062400.npz
step= 62500, t=21.425146, dt=3.383e-04, KE=1.216584e-01, Mt=0.5038, A_K=0.094, Cuv=0.148, P_in=7.939e-03, P_tgt=7.999e-03, A_F=0.339, K_low=0.355, P_drag=-2.533e-03, P_cool=-3.538e-03, WENO=0.177, rho_mean=1.000000, p_mean=0.728438, div_rms=7.224e-01, vort_rms=1.585e+00, mass_err=-1.476e-10
saved snapshot: /home/fatienza/github/HIT_Solver/2D/hit2d_snapshots/run_20260710_185113/hit2d_step0062550.npz
saved snapshot: /home/fatienza/github/HIT_Solver/2D/hit2d_snapshots/run_20260710_185113/hit2d_step0062700.npz
saved snapshot: /home/fatienza/github/HIT_Solver/2D/hit2d_snapshots/run_20260710_185113/hit2d_step0062850.npz
step= 63000, t=21.596546, dt=3.445e-04, KE=1.217450e-01, Mt=0.5064, A_K=0.103, Cuv=0.157, P_in=7.604e-03, P_tgt=7.600e-03, A_F=0.022, K_low=0.360, P_drag=-2.541e-03, P_cool=-3.555e-03, WENO=0.176, rho_mean=1.000000, p_mean=0.728506, div_rms=7.425e-01, vort_rms=1.578e+00, mass_err=-1.488e-10
saved snapshot: /home/fatienza/github/HIT_Solver/2D/hit2d_snapshots/run_20260710_185113/hit2d_step0063000.npz
saved snapshot: /home/fatienza/github/HIT_Solver/2D/hit2d_snapshots/run_20260710_185113/hit2d_step0063150.npz
saved snapshot: /home/fatienza/github/HIT_Solver/2D/hit2d_snapshots/run_20260710_185113/hit2d_step0063300.npz
saved snapshot: /home/fatienza/github/HIT_Solver/2D/hit2d_snapshots/run_20260710_185113/hit2d_step0063450.npz
step= 63500, t=21.771065, dt=3.485e-04, KE=1.216053e-01, Mt=0.5078, A_K=0.105, Cuv=0.155, P_in=7.080e-03, P_tgt=7.082e-03, A_F=0.189, K_low=0.362, P_drag=-2.538e-03, P_cool=-3.586e-03, WENO=0.175, rho_mean=1.000000, p_mean=0.728630, div_rms=7.523e-01, vort_rms=1.575e+00, mass_err=-1.500e-10
saved snapshot: /home/fatienza/github/HIT_Solver/2D/hit2d_snapshots/run_20260710_185113/hit2d_step0063600.npz
saved snapshot: /home/fatienza/github/HIT_Solver/2D/hit2d_snapshots/run_20260710_185113/hit2d_step0063750.npz
saved snapshot: /home/fatienza/github/HIT_Solver/2D/hit2d_snapshots/run_20260710_185113/hit2d_step0063900.npz
step= 64000, t=21.945243, dt=3.486e-04, KE=1.217918e-01, Mt=0.5082, A_K=0.093, Cuv=0.142, P_in=6.588e-03, P_tgt=6.546e-03, A_F=0.140, K_low=0.357, P_drag=-2.516e-03, P_cool=-3.576e-03, WENO=0.179, rho_mean=1.000000, p_mean=0.728590, div_rms=7.705e-01, vort_rms=1.572e+00, mass_err=-1.511e-10
saved snapshot: /home/fatienza/github/HIT_Solver/2D/hit2d_snapshots/run_20260710_185113/hit2d_step0064050.npz
saved snapshot: /home/fatienza/github/HIT_Solver/2D/hit2d_snapshots/run_20260710_185113/hit2d_step0064200.npz
saved snapshot: /home/fatienza/github/HIT_Solver/2D/hit2d_snapshots/run_20260710_185113/hit2d_step0064350.npz
step= 64500, t=22.119997, dt=3.521e-04, KE=1.220728e-01, Mt=0.5075, A_K=0.073, Cuv=0.120, P_in=6.037e-03, P_tgt=6.054e-03, A_F=0.225, K_low=0.348, P_drag=-2.467e-03, P_cool=-3.550e-03, WENO=0.173, rho_mean=1.000000, p_mean=0.728487, div_rms=7.875e-01, vort_rms=1.567e+00, mass_err=-1.523e-10
saved snapshot: /home/fatienza/github/HIT_Solver/2D/hit2d_snapshots/run_20260710_185113/hit2d_step0064500.npz
saved snapshot: /home/fatienza/github/HIT_Solver/2D/hit2d_snapshots/run_20260710_185113/hit2d_step0064650.npz
saved snapshot: /home/fatienza/github/HIT_Solver/2D/hit2d_snapshots/run_20260710_185113/hit2d_step0064800.npz
saved snapshot: /home/fatienza/github/HIT_Solver/2D/hit2d_snapshots/run_20260710_185113/hit2d_step0064950.npz
step= 65000, t=22.297853, dt=3.582e-04, KE=1.220987e-01, Mt=0.5057, A_K=0.060, Cuv=0.089, P_in=5.708e-03, P_tgt=5.672e-03, A_F=0.126, K_low=0.337, P_drag=-2.400e-03, P_cool=-3.546e-03, WENO=0.167, rho_mean=1.000000, p_mean=0.728470, div_rms=7.978e-01, vort_rms=1.561e+00, mass_err=-1.535e-10
saved snapshot: /home/fatienza/github/HIT_Solver/2D/hit2d_snapshots/run_20260710_185113/hit2d_step0065100.npz
saved snapshot: /home/fatienza/github/HIT_Solver/2D/hit2d_snapshots/run_20260710_185113/hit2d_step0065250.npz
saved snapshot: /home/fatienza/github/HIT_Solver/2D/hit2d_snapshots/run_20260710_185113/hit2d_step0065400.npz
step= 65500, t=22.475614, dt=3.508e-04, KE=1.221255e-01, Mt=0.5036, A_K=0.054, Cuv=0.060, P_in=5.419e-03, P_tgt=5.418e-03, A_F=0.035, K_low=0.325, P_drag=-2.325e-03, P_cool=-3.538e-03, WENO=0.162, rho_mean=1.000000, p_mean=0.728438, div_rms=7.987e-01, vort_rms=1.559e+00, mass_err=-1.547e-10
saved snapshot: /home/fatienza/github/HIT_Solver/2D/hit2d_snapshots/run_20260710_185113/hit2d_step0065550.npz
saved snapshot: /home/fatienza/github/HIT_Solver/2D/hit2d_snapshots/run_20260710_185113/hit2d_step0065700.npz
saved snapshot: /home/fatienza/github/HIT_Solver/2D/hit2d_snapshots/run_20260710_185113/hit2d_step0065850.npz
step= 66000, t=22.648356, dt=3.415e-04, KE=1.224361e-01, Mt=0.5023, A_K=0.049, Cuv=0.035, P_in=5.278e-03, P_tgt=5.264e-03, A_F=0.106, K_low=0.316, P_drag=-2.256e-03, P_cool=-3.500e-03, WENO=0.163, rho_mean=1.000000, p_mean=0.728285, div_rms=8.028e-01, vort_rms=1.559e+00, mass_err=-1.558e-10
saved snapshot: /home/fatienza/github/HIT_Solver/2D/hit2d_snapshots/run_20260710_185113/hit2d_step0066000.npz
saved snapshot: /home/fatienza/github/HIT_Solver/2D/hit2d_snapshots/run_20260710_185113/hit2d_step0066150.npz
saved snapshot: /home/fatienza/github/HIT_Solver/2D/hit2d_snapshots/run_20260710_185113/hit2d_step0066300.npz
saved snapshot: /home/fatienza/github/HIT_Solver/2D/hit2d_snapshots/run_20260710_185113/hit2d_step0066450.npz
step= 66500, t=22.817707, dt=3.349e-04, KE=1.222193e-01, Mt=0.5008, A_K=0.050, Cuv=0.022, P_in=5.171e-03, P_tgt=5.180e-03, A_F=0.045, K_low=0.313, P_drag=-2.213e-03, P_cool=-3.513e-03, WENO=0.168, rho_mean=1.000000, p_mean=0.728338, div_rms=7.915e-01, vort_rms=1.558e+00, mass_err=-1.570e-10
saved snapshot: /home/fatienza/github/HIT_Solver/2D/hit2d_snapshots/run_20260710_185113/hit2d_step0066600.npz
saved snapshot: /home/fatienza/github/HIT_Solver/2D/hit2d_snapshots/run_20260710_185113/hit2d_step0066750.npz
saved snapshot: /home/fatienza/github/HIT_Solver/2D/hit2d_snapshots/run_20260710_185113/hit2d_step0066900.npz
step= 67000, t=22.986141, dt=3.353e-04, KE=1.213457e-01, Mt=0.4993, A_K=0.063, Cuv=0.010, P_in=5.184e-03, P_tgt=5.180e-03, A_F=0.148, K_low=0.319, P_drag=-2.206e-03, P_cool=-3.591e-03, WENO=0.169, rho_mean=1.000000, p_mean=0.728650, div_rms=7.667e-01, vort_rms=1.554e+00, mass_err=-1.582e-10
saved snapshot: /home/fatienza/github/HIT_Solver/2D/hit2d_snapshots/run_20260710_185113/hit2d_step0067050.npz
saved snapshot: /home/fatienza/github/HIT_Solver/2D/hit2d_snapshots/run_20260710_185113/hit2d_step0067200.npz
saved snapshot: /home/fatienza/github/HIT_Solver/2D/hit2d_snapshots/run_20260710_185113/hit2d_step0067350.npz
step= 67500, t=23.150697, dt=3.239e-04, KE=1.205139e-01, Mt=0.4986, A_K=0.089, Cuv=-0.004, P_in=5.229e-03, P_tgt=5.241e-03, A_F=0.190, K_low=0.330, P_drag=-2.234e-03, P_cool=-3.665e-03, WENO=0.161, rho_mean=1.000000, p_mean=0.728944, div_rms=7.491e-01, vort_rms=1.551e+00, mass_err=-1.594e-10
saved snapshot: /home/fatienza/github/HIT_Solver/2D/hit2d_snapshots/run_20260710_185113/hit2d_step0067500.npz
saved snapshot: /home/fatienza/github/HIT_Solver/2D/hit2d_snapshots/run_20260710_185113/hit2d_step0067650.npz
saved snapshot: /home/fatienza/github/HIT_Solver/2D/hit2d_snapshots/run_20260710_185113/hit2d_step0067800.npz
saved snapshot: /home/fatienza/github/HIT_Solver/2D/hit2d_snapshots/run_20260710_185113/hit2d_step0067950.npz
step= 68000, t=23.310942, dt=3.196e-04, KE=1.204272e-01, Mt=0.4999, A_K=0.112, Cuv=-0.017, P_in=5.250e-03, P_tgt=5.290e-03, A_F=0.006, K_low=0.341, P_drag=-2.287e-03, P_cool=-3.664e-03, WENO=0.159, rho_mean=1.000000, p_mean=0.728941, div_rms=7.353e-01, vort_rms=1.553e+00, mass_err=-1.605e-10
saved snapshot: /home/fatienza/github/HIT_Solver/2D/hit2d_snapshots/run_20260710_185113/hit2d_step0068100.npz
saved snapshot: /home/fatienza/github/HIT_Solver/2D/hit2d_snapshots/run_20260710_185113/hit2d_step0068250.npz
saved snapshot: /home/fatienza/github/HIT_Solver/2D/hit2d_snapshots/run_20260710_185113/hit2d_step0068400.npz
step= 68500, t=23.471466, dt=3.216e-04, KE=1.211162e-01, Mt=0.5025, A_K=0.125, Cuv=-0.029, P_in=5.232e-03, P_tgt=5.229e-03, A_F=0.004, K_low=0.349, P_drag=-2.351e-03, P_cool=-3.585e-03, WENO=0.164, rho_mean=1.000000, p_mean=0.728626, div_rms=7.346e-01, vort_rms=1.559e+00, mass_err=-1.617e-10
saved snapshot: /home/fatienza/github/HIT_Solver/2D/hit2d_snapshots/run_20260710_185113/hit2d_step0068550.npz
saved snapshot: /home/fatienza/github/HIT_Solver/2D/hit2d_snapshots/run_20260710_185113/hit2d_step0068700.npz
saved snapshot: /home/fatienza/github/HIT_Solver/2D/hit2d_snapshots/run_20260710_185113/hit2d_step0068850.npz
step= 69000, t=23.632492, dt=3.248e-04, KE=1.220212e-01, Mt=0.5048, A_K=0.129, Cuv=-0.044, P_in=5.053e-03, P_tgt=5.040e-03, A_F=0.078, K_low=0.354, P_drag=-2.420e-03, P_cool=-3.483e-03, WENO=0.161, rho_mean=1.000000, p_mean=0.728217, div_rms=7.556e-01, vort_rms=1.559e+00, mass_err=-1.629e-10
saved snapshot: /home/fatienza/github/HIT_Solver/2D/hit2d_snapshots/run_20260710_185113/hit2d_step0069000.npz
saved snapshot: /home/fatienza/github/HIT_Solver/2D/hit2d_snapshots/run_20260710_185113/hit2d_step0069150.npz
saved snapshot: /home/fatienza/github/HIT_Solver/2D/hit2d_snapshots/run_20260710_185113/hit2d_step0069300.npz
saved snapshot: /home/fatienza/github/HIT_Solver/2D/hit2d_snapshots/run_20260710_185113/hit2d_step0069450.npz
step= 69500, t=23.796231, dt=3.321e-04, KE=1.226090e-01, Mt=0.5061, A_K=0.137, Cuv=-0.058, P_in=4.761e-03, P_tgt=4.775e-03, A_F=0.073, K_low=0.360, P_drag=-2.491e-03, P_cool=-3.407e-03, WENO=0.163, rho_mean=1.000000, p_mean=0.727915, div_rms=7.662e-01, vort_rms=1.555e+00, mass_err=-1.641e-10
saved snapshot: /home/fatienza/github/HIT_Solver/2D/hit2d_snapshots/run_20260710_185113/hit2d_step0069600.npz
saved snapshot: /home/fatienza/github/HIT_Solver/2D/hit2d_snapshots/run_20260710_185113/hit2d_step0069750.npz
saved snapshot: /home/fatienza/github/HIT_Solver/2D/hit2d_snapshots/run_20260710_185113/hit2d_step0069900.npz
step= 70000, t=23.963650, dt=3.392e-04, KE=1.228140e-01, Mt=0.5069, A_K=0.148, Cuv=-0.070, P_in=4.474e-03, P_tgt=4.478e-03, A_F=0.101, K_low=0.366, P_drag=-2.557e-03, P_cool=-3.363e-03, WENO=0.169, rho_mean=1.000000, p_mean=0.727738, div_rms=7.541e-01, vort_rms=1.556e+00, mass_err=-1.653e-10
saved snapshot: /home/fatienza/github/HIT_Solver/2D/hit2d_snapshots/run_20260710_185113/hit2d_step0070050.npz
saved snapshot: /home/fatienza/github/HIT_Solver/2D/hit2d_snapshots/run_20260710_185113/hit2d_step0070200.npz
saved snapshot: /home/fatienza/github/HIT_Solver/2D/hit2d_snapshots/run_20260710_185113/hit2d_step0070350.npz
step= 70500, t=24.134489, dt=3.460e-04, KE=1.229506e-01, Mt=0.5076, A_K=0.161, Cuv=-0.082, P_in=4.156e-03, P_tgt=4.171e-03, A_F=0.080, K_low=0.368, P_drag=-2.605e-03, P_cool=-3.319e-03, WENO=0.165, rho_mean=1.000000, p_mean=0.727562, div_rms=7.617e-01, vort_rms=1.549e+00, mass_err=-1.664e-10
saved snapshot: /home/fatienza/github/HIT_Solver/2D/hit2d_snapshots/run_20260710_185113/hit2d_step0070500.npz
saved snapshot: /home/fatienza/github/HIT_Solver/2D/hit2d_snapshots/run_20260710_185113/hit2d_step0070650.npz
saved snapshot: /home/fatienza/github/HIT_Solver/2D/hit2d_snapshots/run_20260710_185113/hit2d_step0070800.npz
saved snapshot: /home/fatienza/github/HIT_Solver/2D/hit2d_snapshots/run_20260710_185113/hit2d_step0070950.npz
step= 71000, t=24.309795, dt=3.546e-04, KE=1.229466e-01, Mt=0.5082, A_K=0.174, Cuv=-0.099, P_in=3.873e-03, P_tgt=3.859e-03, A_F=0.158, K_low=0.369, P_drag=-2.631e-03, P_cool=-3.284e-03, WENO=0.153, rho_mean=1.000000, p_mean=0.727422, div_rms=7.590e-01, vort_rms=1.540e+00, mass_err=-1.676e-10
saved snapshot: /home/fatienza/github/HIT_Solver/2D/hit2d_snapshots/run_20260710_185113/hit2d_step0071100.npz
saved snapshot: /home/fatienza/github/HIT_Solver/2D/hit2d_snapshots/run_20260710_185113/hit2d_step0071250.npz
saved snapshot: /home/fatienza/github/HIT_Solver/2D/hit2d_snapshots/run_20260710_185113/hit2d_step0071400.npz
step= 71500, t=24.486341, dt=3.519e-04, KE=1.226848e-01, Mt=0.5080, A_K=0.190, Cuv=-0.114, P_in=3.543e-03, P_tgt=3.563e-03, A_F=0.127, K_low=0.368, P_drag=-2.643e-03, P_cool=-3.271e-03, WENO=0.160, rho_mean=1.000000, p_mean=0.727370, div_rms=7.383e-01, vort_rms=1.531e+00, mass_err=-1.688e-10
saved snapshot: /home/fatienza/github/HIT_Solver/2D/hit2d_snapshots/run_20260710_185113/hit2d_step0071550.npz
saved snapshot: /home/fatienza/github/HIT_Solver/2D/hit2d_snapshots/run_20260710_185113/hit2d_step0071700.npz
saved snapshot: /home/fatienza/github/HIT_Solver/2D/hit2d_snapshots/run_20260710_185113/hit2d_step0071850.npz
warning: flow component anisotropy has increased over the last three diagnostic samples
step= 72000, t=24.661911, dt=3.502e-04, KE=1.224846e-01, Mt=0.5072, A_K=0.203, Cuv=-0.122, P_in=3.311e-03, P_tgt=3.306e-03, A_F=0.116, K_low=0.367, P_drag=-2.653e-03, P_cool=-3.248e-03, WENO=0.158, rho_mean=1.000000, p_mean=0.727280, div_rms=7.164e-01, vort_rms=1.521e+00, mass_err=-1.700e-10
saved snapshot: /home/fatienza/github/HIT_Solver/2D/hit2d_snapshots/run_20260710_185113/hit2d_step0072000.npz
saved snapshot: /home/fatienza/github/HIT_Solver/2D/hit2d_snapshots/run_20260710_185113/hit2d_step0072150.npz
saved snapshot: /home/fatienza/github/HIT_Solver/2D/hit2d_snapshots/run_20260710_185113/hit2d_step0072300.npz
saved snapshot: /home/fatienza/github/HIT_Solver/2D/hit2d_snapshots/run_20260710_185113/hit2d_step0072450.npz
warning: flow component anisotropy has increased over the last three diagnostic samples
step= 72500, t=24.837077, dt=3.515e-04, KE=1.223514e-01, Mt=0.5063, A_K=0.216, Cuv=-0.121, P_in=3.132e-03, P_tgt=3.094e-03, A_F=0.058, K_low=0.368, P_drag=-2.670e-03, P_cool=-3.216e-03, WENO=0.155, rho_mean=1.000000, p_mean=0.727148, div_rms=7.100e-01, vort_rms=1.516e+00, mass_err=-1.712e-10
saved snapshot: /home/fatienza/github/HIT_Solver/2D/hit2d_snapshots/run_20260710_185113/hit2d_step0072600.npz
saved snapshot: /home/fatienza/github/HIT_Solver/2D/hit2d_snapshots/run_20260710_185113/hit2d_step0072750.npz
saved snapshot: /home/fatienza/github/HIT_Solver/2D/hit2d_snapshots/run_20260710_185113/hit2d_step0072900.npz
warning: flow component anisotropy has increased over the last three diagnostic samples
step= 73000, t=25.012832, dt=3.506e-04, KE=1.221059e-01, Mt=0.5050, A_K=0.218, Cuv=-0.110, P_in=2.937e-03, P_tgt=2.922e-03, A_F=0.090, K_low=0.371, P_drag=-2.697e-03, P_cool=-3.190e-03, WENO=0.147, rho_mean=1.000000, p_mean=0.727045, div_rms=7.159e-01, vort_rms=1.518e+00, mass_err=-1.724e-10
saved snapshot: /home/fatienza/github/HIT_Solver/2D/hit2d_snapshots/run_20260710_185113/hit2d_step0073050.npz
saved snapshot: /home/fatienza/github/HIT_Solver/2D/hit2d_snapshots/run_20260710_185113/hit2d_step0073200.npz
saved snapshot: /home/fatienza/github/HIT_Solver/2D/hit2d_snapshots/run_20260710_185113/hit2d_step0073350.npz
step= 73500, t=25.187283, dt=3.471e-04, KE=1.215618e-01, Mt=0.5015, A_K=0.207, Cuv=-0.092, P_in=2.824e-03, P_tgt=2.824e-03, A_F=0.122, K_low=0.375, P_drag=-2.725e-03, P_cool=-3.192e-03, WENO=0.137, rho_mean=1.000000, p_mean=0.727053, div_rms=6.966e-01, vort_rms=1.516e+00, mass_err=-1.736e-10
saved snapshot: /home/fatienza/github/HIT_Solver/2D/hit2d_snapshots/run_20260710_185113/hit2d_step0073500.npz
saved snapshot: /home/fatienza/github/HIT_Solver/2D/hit2d_snapshots/run_20260710_185113/hit2d_step0073650.npz
saved snapshot: /home/fatienza/github/HIT_Solver/2D/hit2d_snapshots/run_20260710_185113/hit2d_step0073800.npz
saved snapshot: /home/fatienza/github/HIT_Solver/2D/hit2d_snapshots/run_20260710_185113/hit2d_step0073950.npz
step= 74000, t=25.357613, dt=3.334e-04, KE=1.211061e-01, Mt=0.4970, A_K=0.180, Cuv=-0.065, P_in=2.843e-03, P_tgt=2.844e-03, A_F=0.192, K_low=0.377, P_drag=-2.753e-03, P_cool=-3.187e-03, WENO=0.132, rho_mean=1.000000, p_mean=0.727032, div_rms=6.896e-01, vort_rms=1.508e+00, mass_err=-1.747e-10
saved snapshot: /home/fatienza/github/HIT_Solver/2D/hit2d_snapshots/run_20260710_185113/hit2d_step0074100.npz
saved snapshot: /home/fatienza/github/HIT_Solver/2D/hit2d_snapshots/run_20260710_185113/hit2d_step0074250.npz
saved snapshot: /home/fatienza/github/HIT_Solver/2D/hit2d_snapshots/run_20260710_185113/hit2d_step0074400.npz
step= 74500, t=25.523322, dt=3.306e-04, KE=1.202815e-01, Mt=0.4925, A_K=0.154, Cuv=-0.040, P_in=2.985e-03, P_tgt=3.002e-03, A_F=0.240, K_low=0.383, P_drag=-2.792e-03, P_cool=-3.222e-03, WENO=0.128, rho_mean=1.000000, p_mean=0.727173, div_rms=6.575e-01, vort_rms=1.499e+00, mass_err=-1.759e-10
saved snapshot: /home/fatienza/github/HIT_Solver/2D/hit2d_snapshots/run_20260710_185113/hit2d_step0074550.npz
saved snapshot: /home/fatienza/github/HIT_Solver/2D/hit2d_snapshots/run_20260710_185113/hit2d_step0074700.npz
saved snapshot: /home/fatienza/github/HIT_Solver/2D/hit2d_snapshots/run_20260710_185113/hit2d_step0074850.npz
step= 75000, t=25.687199, dt=3.273e-04, KE=1.195059e-01, Mt=0.4900, A_K=0.130, Cuv=-0.020, P_in=3.284e-03, P_tgt=3.292e-03, A_F=0.074, K_low=0.394, P_drag=-2.851e-03, P_cool=-3.256e-03, WENO=0.145, rho_mean=1.000000, p_mean=0.727309, div_rms=6.236e-01, vort_rms=1.492e+00, mass_err=-1.771e-10
saved snapshot: /home/fatienza/github/HIT_Solver/2D/hit2d_snapshots/run_20260710_185113/hit2d_step0075000.npz
saved snapshot: /home/fatienza/github/HIT_Solver/2D/hit2d_snapshots/run_20260710_185113/hit2d_step0075150.npz
saved snapshot: /home/fatienza/github/HIT_Solver/2D/hit2d_snapshots/run_20260710_185113/hit2d_step0075300.npz
saved snapshot: /home/fatienza/github/HIT_Solver/2D/hit2d_snapshots/run_20260710_185113/hit2d_step0075450.npz
step= 75500, t=25.851266, dt=3.295e-04, KE=1.191611e-01, Mt=0.4901, A_K=0.113, Cuv=-0.004, P_in=3.655e-03, P_tgt=3.656e-03, A_F=0.215, K_low=0.410, P_drag=-2.930e-03, P_cool=-3.249e-03, WENO=0.162, rho_mean=1.000000, p_mean=0.727283, div_rms=6.139e-01, vort_rms=1.487e+00, mass_err=-1.783e-10
saved snapshot: /home/fatienza/github/HIT_Solver/2D/hit2d_snapshots/run_20260710_185113/hit2d_step0075600.npz
saved snapshot: /home/fatienza/github/HIT_Solver/2D/hit2d_snapshots/run_20260710_185113/hit2d_step0075750.npz
saved snapshot: /home/fatienza/github/HIT_Solver/2D/hit2d_snapshots/run_20260710_185113/hit2d_step0075900.npz
step= 76000, t=26.017008, dt=3.347e-04, KE=1.189166e-01, Mt=0.4920, A_K=0.104, Cuv=0.017, P_in=3.990e-03, P_tgt=4.014e-03, A_F=0.291, K_low=0.429, P_drag=-3.023e-03, P_cool=-3.235e-03, WENO=0.169, rho_mean=1.000000, p_mean=0.727224, div_rms=5.984e-01, vort_rms=1.491e+00, mass_err=-1.795e-10
saved snapshot: /home/fatienza/github/HIT_Solver/2D/hit2d_snapshots/run_20260710_185113/hit2d_step0076050.npz
saved snapshot: /home/fatienza/github/HIT_Solver/2D/hit2d_snapshots/run_20260710_185113/hit2d_step0076200.npz
saved snapshot: /home/fatienza/github/HIT_Solver/2D/hit2d_snapshots/run_20260710_185113/hit2d_step0076350.npz
step= 76500, t=26.186469, dt=3.424e-04, KE=1.186993e-01, Mt=0.4940, A_K=0.110, Cuv=0.044, P_in=4.262e-03, P_tgt=4.308e-03, A_F=0.235, K_low=0.448, P_drag=-3.113e-03, P_cool=-3.219e-03, WENO=0.172, rho_mean=1.000000, p_mean=0.727161, div_rms=5.896e-01, vort_rms=1.493e+00, mass_err=-1.807e-10
saved snapshot: /home/fatienza/github/HIT_Solver/2D/hit2d_snapshots/run_20260710_185113/hit2d_step0076500.npz
saved snapshot: /home/fatienza/github/HIT_Solver/2D/hit2d_snapshots/run_20260710_185113/hit2d_step0076650.npz
saved snapshot: /home/fatienza/github/HIT_Solver/2D/hit2d_snapshots/run_20260710_185113/hit2d_step0076800.npz
saved snapshot: /home/fatienza/github/HIT_Solver/2D/hit2d_snapshots/run_20260710_185113/hit2d_step0076950.npz
step= 77000, t=26.358976, dt=3.493e-04, KE=1.186688e-01, Mt=0.4955, A_K=0.121, Cuv=0.077, P_in=4.521e-03, P_tgt=4.545e-03, A_F=0.230, K_low=0.461, P_drag=-3.186e-03, P_cool=-3.186e-03, WENO=0.172, rho_mean=1.000000, p_mean=0.727030, div_rms=5.896e-01, vort_rms=1.491e+00, mass_err=-1.819e-10
saved snapshot: /home/fatienza/github/HIT_Solver/2D/hit2d_snapshots/run_20260710_185113/hit2d_step0077100.npz
saved snapshot: /home/fatienza/github/HIT_Solver/2D/hit2d_snapshots/run_20260710_185113/hit2d_step0077250.npz
saved snapshot: /home/fatienza/github/HIT_Solver/2D/hit2d_snapshots/run_20260710_185113/hit2d_step0077400.npz
step= 77500, t=26.535956, dt=3.562e-04, KE=1.190157e-01, Mt=0.4972, A_K=0.127, Cuv=0.109, P_in=4.714e-03, P_tgt=4.717e-03, A_F=0.099, K_low=0.469, P_drag=-3.240e-03, P_cool=-3.117e-03, WENO=0.156, rho_mean=1.000000, p_mean=0.726755, div_rms=6.099e-01, vort_rms=1.487e+00, mass_err=-1.830e-10
saved snapshot: /home/fatienza/github/HIT_Solver/2D/hit2d_snapshots/run_20260710_185113/hit2d_step0077550.npz
saved snapshot: /home/fatienza/github/HIT_Solver/2D/hit2d_snapshots/run_20260710_185113/hit2d_step0077700.npz
saved snapshot: /home/fatienza/github/HIT_Solver/2D/hit2d_snapshots/run_20260710_185113/hit2d_step0077850.npz
step= 78000, t=26.714238, dt=3.584e-04, KE=1.191275e-01, Mt=0.4978, A_K=0.136, Cuv=0.131, P_in=4.834e-03, P_tgt=4.831e-03, A_F=0.043, K_low=0.472, P_drag=-3.269e-03, P_cool=-3.075e-03, WENO=0.157, rho_mean=1.000000, p_mean=0.726585, div_rms=6.232e-01, vort_rms=1.488e+00, mass_err=-1.842e-10
saved snapshot: /home/fatienza/github/HIT_Solver/2D/hit2d_snapshots/run_20260710_185113/hit2d_step0078000.npz
saved snapshot: /home/fatienza/github/HIT_Solver/2D/hit2d_snapshots/run_20260710_185113/hit2d_step0078150.npz
saved snapshot: /home/fatienza/github/HIT_Solver/2D/hit2d_snapshots/run_20260710_185113/hit2d_step0078300.npz
saved snapshot: /home/fatienza/github/HIT_Solver/2D/hit2d_snapshots/run_20260710_185113/hit2d_step0078450.npz
step= 78500, t=26.894186, dt=3.588e-04, KE=1.186349e-01, Mt=0.4967, A_K=0.144, Cuv=0.137, P_in=4.962e-03, P_tgt=4.963e-03, A_F=0.023, K_low=0.473, P_drag=-3.275e-03, P_cool=-3.095e-03, WENO=0.159, rho_mean=1.000000, p_mean=0.726667, div_rms=6.244e-01, vort_rms=1.490e+00, mass_err=-1.854e-10
saved snapshot: /home/fatienza/github/HIT_Solver/2D/hit2d_snapshots/run_20260710_185113/hit2d_step0078600.npz
saved snapshot: /home/fatienza/github/HIT_Solver/2D/hit2d_snapshots/run_20260710_185113/hit2d_step0078750.npz
saved snapshot: /home/fatienza/github/HIT_Solver/2D/hit2d_snapshots/run_20260710_185113/hit2d_step0078900.npz
step= 79000, t=27.072812, dt=3.567e-04, KE=1.178773e-01, Mt=0.4949, A_K=0.145, Cuv=0.129, P_in=5.178e-03, P_tgt=5.179e-03, A_F=0.123, K_low=0.471, P_drag=-3.262e-03, P_cool=-3.146e-03, WENO=0.160, rho_mean=1.000000, p_mean=0.726869, div_rms=6.197e-01, vort_rms=1.492e+00, mass_err=-1.866e-10
saved snapshot: /home/fatienza/github/HIT_Solver/2D/hit2d_snapshots/run_20260710_185113/hit2d_step0079050.npz
saved snapshot: /home/fatienza/github/HIT_Solver/2D/hit2d_snapshots/run_20260710_185113/hit2d_step0079200.npz
saved snapshot: /home/fatienza/github/HIT_Solver/2D/hit2d_snapshots/run_20260710_185113/hit2d_step0079350.npz
step= 79500, t=27.251893, dt=3.607e-04, KE=1.171849e-01, Mt=0.4935, A_K=0.140, Cuv=0.115, P_in=5.496e-03, P_tgt=5.497e-03, A_F=0.003, K_low=0.469, P_drag=-3.241e-03, P_cool=-3.195e-03, WENO=0.164, rho_mean=1.000000, p_mean=0.727066, div_rms=6.220e-01, vort_rms=1.492e+00, mass_err=-1.878e-10
saved snapshot: /home/fatienza/github/HIT_Solver/2D/hit2d_snapshots/run_20260710_185113/hit2d_step0079500.npz
saved snapshot: /home/fatienza/github/HIT_Solver/2D/hit2d_snapshots/run_20260710_185113/hit2d_step0079650.npz
saved snapshot: /home/fatienza/github/HIT_Solver/2D/hit2d_snapshots/run_20260710_185113/hit2d_step0079800.npz
saved snapshot: /home/fatienza/github/HIT_Solver/2D/hit2d_snapshots/run_20260710_185113/hit2d_step0079950.npz
step= 80000, t=27.432389, dt=3.611e-04, KE=1.168232e-01, Mt=0.4933, A_K=0.135, Cuv=0.103, P_in=5.880e-03, P_tgt=5.887e-03, A_F=0.073, K_low=0.468, P_drag=-3.221e-03, P_cool=-3.218e-03, WENO=0.144, rho_mean=1.000000, p_mean=0.727157, div_rms=6.399e-01, vort_rms=1.493e+00, mass_err=-1.890e-10
saved snapshot: /home/fatienza/github/HIT_Solver/2D/hit2d_snapshots/run_20260710_185113/hit2d_step0080100.npz
saved snapshot: /home/fatienza/github/HIT_Solver/2D/hit2d_snapshots/run_20260710_185113/hit2d_step0080250.npz
saved snapshot: /home/fatienza/github/HIT_Solver/2D/hit2d_snapshots/run_20260710_185113/hit2d_step0080400.npz
step= 80500, t=27.613245, dt=3.628e-04, KE=1.169512e-01, Mt=0.4944, A_K=0.131, Cuv=0.100, P_in=6.265e-03, P_tgt=6.273e-03, A_F=0.185, K_low=0.466, P_drag=-3.199e-03, P_cool=-3.199e-03, WENO=0.132, rho_mean=1.000000, p_mean=0.727081, div_rms=6.605e-01, vort_rms=1.498e+00, mass_err=-1.902e-10
saved snapshot: /home/fatienza/github/HIT_Solver/2D/hit2d_snapshots/run_20260710_185113/hit2d_step0080550.npz
saved snapshot: /home/fatienza/github/HIT_Solver/2D/hit2d_snapshots/run_20260710_185113/hit2d_step0080700.npz
saved snapshot: /home/fatienza/github/HIT_Solver/2D/hit2d_snapshots/run_20260710_185113/hit2d_step0080850.npz
step= 81000, t=27.793424, dt=3.546e-04, KE=1.172758e-01, Mt=0.4952, A_K=0.124, Cuv=0.101, P_in=6.588e-03, P_tgt=6.607e-03, A_F=0.093, K_low=0.463, P_drag=-3.173e-03, P_cool=-3.168e-03, WENO=0.131, rho_mean=1.000000, p_mean=0.726956, div_rms=6.549e-01, vort_rms=1.503e+00, mass_err=-1.913e-10
saved snapshot: /home/fatienza/github/HIT_Solver/2D/hit2d_snapshots/run_20260710_185113/hit2d_step0081000.npz
saved snapshot: /home/fatienza/github/HIT_Solver/2D/hit2d_snapshots/run_20260710_185113/hit2d_step0081150.npz
saved snapshot: /home/fatienza/github/HIT_Solver/2D/hit2d_snapshots/run_20260710_185113/hit2d_step0081300.npz
saved snapshot: /home/fatienza/github/HIT_Solver/2D/hit2d_snapshots/run_20260710_185113/hit2d_step0081450.npz
step= 81500, t=27.969887, dt=3.543e-04, KE=1.177946e-01, Mt=0.4957, A_K=0.118, Cuv=0.093, P_in=6.894e-03, P_tgt=6.917e-03, A_F=0.233, K_low=0.456, P_drag=-3.139e-03, P_cool=-3.124e-03, WENO=0.143, rho_mean=1.000000, p_mean=0.726782, div_rms=6.571e-01, vort_rms=1.507e+00, mass_err=-1.925e-10
saved snapshot: /home/fatienza/github/HIT_Solver/2D/hit2d_snapshots/run_20260710_185113/hit2d_step0081600.npz
saved snapshot: /home/fatienza/github/HIT_Solver/2D/hit2d_snapshots/run_20260710_185113/hit2d_step0081750.npz
saved snapshot: /home/fatienza/github/HIT_Solver/2D/hit2d_snapshots/run_20260710_185113/hit2d_step0081900.npz
step= 82000, t=28.147558, dt=3.545e-04, KE=1.179887e-01, Mt=0.4945, A_K=0.101, Cuv=0.081, P_in=7.257e-03, P_tgt=7.257e-03, A_F=0.019, K_low=0.449, P_drag=-3.107e-03, P_cool=-3.120e-03, WENO=0.150, rho_mean=1.000000, p_mean=0.726768, div_rms=6.441e-01, vort_rms=1.512e+00, mass_err=-1.937e-10
saved snapshot: /home/fatienza/github/HIT_Solver/2D/hit2d_snapshots/run_20260710_185113/hit2d_step0082050.npz
saved snapshot: /home/fatienza/github/HIT_Solver/2D/hit2d_snapshots/run_20260710_185113/hit2d_step0082200.npz
saved snapshot: /home/fatienza/github/HIT_Solver/2D/hit2d_snapshots/run_20260710_185113/hit2d_step0082350.npz
step= 82500, t=28.324144, dt=3.521e-04, KE=1.179107e-01, Mt=0.4930, A_K=0.078, Cuv=0.075, P_in=7.743e-03, P_tgt=7.738e-03, A_F=0.001, K_low=0.444, P_drag=-3.078e-03, P_cool=-3.152e-03, WENO=0.152, rho_mean=1.000000, p_mean=0.726893, div_rms=6.300e-01, vort_rms=1.511e+00, mass_err=-1.949e-10
saved snapshot: /home/fatienza/github/HIT_Solver/2D/hit2d_snapshots/run_20260710_185113/hit2d_step0082500.npz
saved snapshot: /home/fatienza/github/HIT_Solver/2D/hit2d_snapshots/run_20260710_185113/hit2d_step0082650.npz
saved snapshot: /home/fatienza/github/HIT_Solver/2D/hit2d_snapshots/run_20260710_185113/hit2d_step0082800.npz
saved snapshot: /home/fatienza/github/HIT_Solver/2D/hit2d_snapshots/run_20260710_185113/hit2d_step0082950.npz
step= 83000, t=28.500231, dt=3.518e-04, KE=1.179644e-01, Mt=0.4928, A_K=0.056, Cuv=0.075, P_in=8.350e-03, P_tgt=8.330e-03, A_F=0.173, K_low=0.439, P_drag=-3.053e-03, P_cool=-3.180e-03, WENO=0.152, rho_mean=1.000000, p_mean=0.727005, div_rms=6.223e-01, vort_rms=1.512e+00, mass_err=-1.961e-10
saved snapshot: /home/fatienza/github/HIT_Solver/2D/hit2d_snapshots/run_20260710_185113/hit2d_step0083100.npz
saved snapshot: /home/fatienza/github/HIT_Solver/2D/hit2d_snapshots/run_20260710_185113/hit2d_step0083250.npz
saved snapshot: /home/fatienza/github/HIT_Solver/2D/hit2d_snapshots/run_20260710_185113/hit2d_step0083400.npz
step= 83500, t=28.676337, dt=3.524e-04, KE=1.181511e-01, Mt=0.4941, A_K=0.048, Cuv=0.081, P_in=8.861e-03, P_tgt=8.913e-03, A_F=0.190, K_low=0.435, P_drag=-3.032e-03, P_cool=-3.206e-03, WENO=0.145, rho_mean=1.000000, p_mean=0.727109, div_rms=6.364e-01, vort_rms=1.519e+00, mass_err=-1.973e-10
saved snapshot: /home/fatienza/github/HIT_Solver/2D/hit2d_snapshots/run_20260710_185113/hit2d_step0083550.npz
saved snapshot: /home/fatienza/github/HIT_Solver/2D/hit2d_snapshots/run_20260710_185113/hit2d_step0083700.npz
saved snapshot: /home/fatienza/github/HIT_Solver/2D/hit2d_snapshots/run_20260710_185113/hit2d_step0083850.npz
step= 84000, t=28.854401, dt=3.597e-04, KE=1.182549e-01, Mt=0.4948, A_K=0.046, Cuv=0.087, P_in=9.405e-03, P_tgt=9.417e-03, A_F=0.041, K_low=0.432, P_drag=-3.012e-03, P_cool=-3.250e-03, WENO=0.154, rho_mean=1.000000, p_mean=0.727286, div_rms=6.404e-01, vort_rms=1.526e+00, mass_err=-1.984e-10
saved snapshot: /home/fatienza/github/HIT_Solver/2D/hit2d_snapshots/run_20260710_185113/hit2d_step0084000.npz
saved snapshot: /home/fatienza/github/HIT_Solver/2D/hit2d_snapshots/run_20260710_185113/hit2d_step0084150.npz
saved snapshot: /home/fatienza/github/HIT_Solver/2D/hit2d_snapshots/run_20260710_185113/hit2d_step0084300.npz
saved snapshot: /home/fatienza/github/HIT_Solver/2D/hit2d_snapshots/run_20260710_185113/hit2d_step0084450.npz
step= 84500, t=29.035169, dt=3.634e-04, KE=1.184562e-01, Mt=0.4949, A_K=0.041, Cuv=0.087, P_in=9.893e-03, P_tgt=9.894e-03, A_F=0.037, K_low=0.430, P_drag=-3.002e-03, P_cool=-3.294e-03, WENO=0.142, rho_mean=1.000000, p_mean=0.727463, div_rms=6.410e-01, vort_rms=1.526e+00, mass_err=-1.996e-10
saved snapshot: /home/fatienza/github/HIT_Solver/2D/hit2d_snapshots/run_20260710_185113/hit2d_step0084600.npz
saved snapshot: /home/fatienza/github/HIT_Solver/2D/hit2d_snapshots/run_20260710_185113/hit2d_step0084750.npz
saved snapshot: /home/fatienza/github/HIT_Solver/2D/hit2d_snapshots/run_20260710_185113/hit2d_step0084900.npz
step= 85000, t=29.217104, dt=3.624e-04, KE=1.187765e-01, Mt=0.4959, A_K=0.034, Cuv=0.074, P_in=1.002e-02, P_tgt=9.991e-03, A_F=0.235, K_low=0.430, P_drag=-3.008e-03, P_cool=-3.332e-03, WENO=0.139, rho_mean=1.000000, p_mean=0.727613, div_rms=6.395e-01, vort_rms=1.530e+00, mass_err=-2.008e-10
saved snapshot: /home/fatienza/github/HIT_Solver/2D/hit2d_snapshots/run_20260710_185113/hit2d_step0085050.npz
saved snapshot: /home/fatienza/github/HIT_Solver/2D/hit2d_snapshots/run_20260710_185113/hit2d_step0085200.npz
saved snapshot: /home/fatienza/github/HIT_Solver/2D/hit2d_snapshots/run_20260710_185113/hit2d_step0085350.npz
step= 85500, t=29.398163, dt=3.592e-04, KE=1.191102e-01, Mt=0.4985, A_K=0.032, Cuv=0.043, P_in=1.001e-02, P_tgt=9.999e-03, A_F=0.142, K_low=0.434, P_drag=-3.029e-03, P_cool=-3.366e-03, WENO=0.145, rho_mean=1.000000, p_mean=0.727751, div_rms=6.334e-01, vort_rms=1.539e+00, mass_err=-2.020e-10
saved snapshot: /home/fatienza/github/HIT_Solver/2D/hit2d_snapshots/run_20260710_185113/hit2d_step0085500.npz
saved snapshot: /home/fatienza/github/HIT_Solver/2D/hit2d_snapshots/run_20260710_185113/hit2d_step0085650.npz
saved snapshot: /home/fatienza/github/HIT_Solver/2D/hit2d_snapshots/run_20260710_185113/hit2d_step0085800.npz
saved snapshot: /home/fatienza/github/HIT_Solver/2D/hit2d_snapshots/run_20260710_185113/hit2d_step0085950.npz
step= 86000, t=29.575292, dt=3.493e-04, KE=1.196297e-01, Mt=0.5015, A_K=0.027, Cuv=0.011, P_in=9.963e-03, P_tgt=9.962e-03, A_F=0.066, K_low=0.438, P_drag=-3.063e-03, P_cool=-3.377e-03, WENO=0.149, rho_mean=1.000000, p_mean=0.727792, div_rms=6.372e-01, vort_rms=1.548e+00, mass_err=-2.031e-10
saved snapshot: /home/fatienza/github/HIT_Solver/2D/hit2d_snapshots/run_20260710_185113/hit2d_step0086100.npz
saved snapshot: /home/fatienza/github/HIT_Solver/2D/hit2d_snapshots/run_20260710_185113/hit2d_step0086250.npz
saved snapshot: /home/fatienza/github/HIT_Solver/2D/hit2d_snapshots/run_20260710_185113/hit2d_step0086400.npz
step= 86500, t=29.748774, dt=3.452e-04, KE=1.200176e-01, Mt=0.5037, A_K=0.024, Cuv=-0.016, P_in=9.740e-03, P_tgt=9.705e-03, A_F=0.087, K_low=0.443, P_drag=-3.103e-03, P_cool=-3.393e-03, WENO=0.146, rho_mean=1.000000, p_mean=0.727858, div_rms=6.241e-01, vort_rms=1.553e+00, mass_err=-2.043e-10
saved snapshot: /home/fatienza/github/HIT_Solver/2D/hit2d_snapshots/run_20260710_185113/hit2d_step0086550.npz
saved snapshot: /home/fatienza/github/HIT_Solver/2D/hit2d_snapshots/run_20260710_185113/hit2d_step0086700.npz
saved snapshot: /home/fatienza/github/HIT_Solver/2D/hit2d_snapshots/run_20260710_185113/hit2d_step0086850.npz
step= 87000, t=29.919926, dt=3.387e-04, KE=1.202881e-01, Mt=0.5056, A_K=0.020, Cuv=-0.036, P_in=9.276e-03, P_tgt=9.273e-03, A_F=0.018, K_low=0.449, P_drag=-3.144e-03, P_cool=-3.413e-03, WENO=0.138, rho_mean=1.000000, p_mean=0.727939, div_rms=6.075e-01, vort_rms=1.557e+00, mass_err=-2.055e-10
saved snapshot: /home/fatienza/github/HIT_Solver/2D/hit2d_snapshots/run_20260710_185113/hit2d_step0087000.npz
saved snapshot: /home/fatienza/github/HIT_Solver/2D/hit2d_snapshots/run_20260710_185113/hit2d_step0087150.npz
saved snapshot: /home/fatienza/github/HIT_Solver/2D/hit2d_snapshots/run_20260710_185113/hit2d_step0087300.npz
saved snapshot: /home/fatienza/github/HIT_Solver/2D/hit2d_snapshots/run_20260710_185113/hit2d_step0087450.npz
step= 87500, t=30.088352, dt=3.361e-04, KE=1.206133e-01, Mt=0.5080, A_K=0.014, Cuv=-0.052, P_in=8.708e-03, P_tgt=8.677e-03, A_F=0.072, K_low=0.454, P_drag=-3.185e-03, P_cool=-3.419e-03, WENO=0.134, rho_mean=1.000000, p_mean=0.727960, div_rms=5.998e-01, vort_rms=1.558e+00, mass_err=-2.066e-10
saved snapshot: /home/fatienza/github/HIT_Solver/2D/hit2d_snapshots/run_20260710_185113/hit2d_step0087600.npz
saved snapshot: /home/fatienza/github/HIT_Solver/2D/hit2d_snapshots/run_20260710_185113/hit2d_step0087750.npz
saved snapshot: /home/fatienza/github/HIT_Solver/2D/hit2d_snapshots/run_20260710_185113/hit2d_step0087900.npz
step= 88000, t=30.255935, dt=3.341e-04, KE=1.210698e-01, Mt=0.5106, A_K=0.008, Cuv=-0.061, P_in=7.942e-03, P_tgt=7.924e-03, A_F=0.105, K_low=0.458, P_drag=-3.223e-03, P_cool=-3.400e-03, WENO=0.150, rho_mean=1.000000, p_mean=0.727884, div_rms=6.123e-01, vort_rms=1.550e+00, mass_err=-2.078e-10
saved snapshot: /home/fatienza/github/HIT_Solver/2D/hit2d_snapshots/run_20260710_185113/hit2d_step0088050.npz
saved snapshot: /home/fatienza/github/HIT_Solver/2D/hit2d_snapshots/run_20260710_185113/hit2d_step0088200.npz
saved snapshot: /home/fatienza/github/HIT_Solver/2D/hit2d_snapshots/run_20260710_185113/hit2d_step0088350.npz
step= 88500, t=30.422733, dt=3.344e-04, KE=1.213058e-01, Mt=0.5125, A_K=0.005, Cuv=-0.065, P_in=7.123e-03, P_tgt=7.082e-03, A_F=0.144, K_low=0.462, P_drag=-3.252e-03, P_cool=-3.389e-03, WENO=0.156, rho_mean=1.000000, p_mean=0.727843, div_rms=6.235e-01, vort_rms=1.544e+00, mass_err=-2.090e-10
saved snapshot: /home/fatienza/github/HIT_Solver/2D/hit2d_snapshots/run_20260710_185113/hit2d_step0088500.npz
saved snapshot: /home/fatienza/github/HIT_Solver/2D/hit2d_snapshots/run_20260710_185113/hit2d_step0088650.npz
saved snapshot: /home/fatienza/github/HIT_Solver/2D/hit2d_snapshots/run_20260710_185113/hit2d_step0088800.npz
saved snapshot: /home/fatienza/github/HIT_Solver/2D/hit2d_snapshots/run_20260710_185113/hit2d_step0088950.npz
step= 89000, t=30.590886, dt=3.378e-04, KE=1.214126e-01, Mt=0.5135, A_K=0.027, Cuv=-0.067, P_in=6.233e-03, P_tgt=6.250e-03, A_F=0.082, K_low=0.463, P_drag=-3.275e-03, P_cool=-3.378e-03, WENO=0.158, rho_mean=1.000000, p_mean=0.727797, div_rms=6.355e-01, vort_rms=1.539e+00, mass_err=-2.101e-10
saved snapshot: /home/fatienza/github/HIT_Solver/2D/hit2d_snapshots/run_20260710_185113/hit2d_step0089100.npz
saved snapshot: /home/fatienza/github/HIT_Solver/2D/hit2d_snapshots/run_20260710_185113/hit2d_step0089250.npz
saved snapshot: /home/fatienza/github/HIT_Solver/2D/hit2d_snapshots/run_20260710_185113/hit2d_step0089400.npz
step= 89500, t=30.759372, dt=3.358e-04, KE=1.218181e-01, Mt=0.5142, A_K=0.055, Cuv=-0.064, P_in=5.604e-03, P_tgt=5.470e-03, A_F=0.123, K_low=0.460, P_drag=-3.288e-03, P_cool=-3.323e-03, WENO=0.151, rho_mean=1.000000, p_mean=0.727577, div_rms=6.611e-01, vort_rms=1.537e+00, mass_err=-2.113e-10
saved snapshot: /home/fatienza/github/HIT_Solver/2D/hit2d_snapshots/run_20260710_185113/hit2d_step0089550.npz
saved snapshot: /home/fatienza/github/HIT_Solver/2D/hit2d_snapshots/run_20260710_185113/hit2d_step0089700.npz
saved snapshot: /home/fatienza/github/HIT_Solver/2D/hit2d_snapshots/run_20260710_185113/hit2d_step0089850.npz
step= 90000, t=30.926389, dt=3.324e-04, KE=1.224841e-01, Mt=0.5142, A_K=0.084, Cuv=-0.058, P_in=4.711e-03, P_tgt=4.770e-03, A_F=0.100, K_low=0.457, P_drag=-3.299e-03, P_cool=-3.231e-03, WENO=0.127, rho_mean=1.000000, p_mean=0.727211, div_rms=6.743e-01, vort_rms=1.531e+00, mass_err=-2.125e-10
saved snapshot: /home/fatienza/github/HIT_Solver/2D/hit2d_snapshots/run_20260710_185113/hit2d_step0090000.npz
saved snapshot: /home/fatienza/github/HIT_Solver/2D/hit2d_snapshots/run_20260710_185113/hit2d_step0090150.npz
saved snapshot: /home/fatienza/github/HIT_Solver/2D/hit2d_snapshots/run_20260710_185113/hit2d_step0090300.npz
saved snapshot: /home/fatienza/github/HIT_Solver/2D/hit2d_snapshots/run_20260710_185113/hit2d_step0090450.npz
step= 90500, t=31.091390, dt=3.270e-04, KE=1.233372e-01, Mt=0.5141, A_K=0.108, Cuv=-0.042, P_in=4.179e-03, P_tgt=4.164e-03, A_F=0.073, K_low=0.454, P_drag=-3.309e-03, P_cool=-3.113e-03, WENO=0.129, rho_mean=1.000000, p_mean=0.726738, div_rms=6.929e-01, vort_rms=1.532e+00, mass_err=-2.136e-10
saved snapshot: /home/fatienza/github/HIT_Solver/2D/hit2d_snapshots/run_20260710_185113/hit2d_step0090600.npz
saved snapshot: /home/fatienza/github/HIT_Solver/2D/hit2d_snapshots/run_20260710_185113/hit2d_step0090750.npz
saved snapshot: /home/fatienza/github/HIT_Solver/2D/hit2d_snapshots/run_20260710_185113/hit2d_step0090900.npz
step= 91000, t=31.255338, dt=3.295e-04, KE=1.236602e-01, Mt=0.5130, A_K=0.118, Cuv=-0.028, P_in=3.606e-03, P_tgt=3.651e-03, A_F=0.019, K_low=0.453, P_drag=-3.318e-03, P_cool=-3.041e-03, WENO=0.134, rho_mean=1.000000, p_mean=0.726449, div_rms=6.971e-01, vort_rms=1.540e+00, mass_err=-2.148e-10
saved snapshot: /home/fatienza/github/HIT_Solver/2D/hit2d_snapshots/run_20260710_185113/hit2d_step0091050.npz
saved snapshot: /home/fatienza/github/HIT_Solver/2D/hit2d_snapshots/run_20260710_185113/hit2d_step0091200.npz
saved snapshot: /home/fatienza/github/HIT_Solver/2D/hit2d_snapshots/run_20260710_185113/hit2d_step0091350.npz
step= 91500, t=31.420402, dt=3.317e-04, KE=1.232722e-01, Mt=0.5106, A_K=0.114, Cuv=-0.027, P_in=3.309e-03, P_tgt=3.249e-03, A_F=0.107, K_low=0.453, P_drag=-3.322e-03, P_cool=-3.033e-03, WENO=0.142, rho_mean=1.000000, p_mean=0.726418, div_rms=6.830e-01, vort_rms=1.557e+00, mass_err=-2.160e-10
saved snapshot: /home/fatienza/github/HIT_Solver/2D/hit2d_snapshots/run_20260710_185113/hit2d_step0091500.npz
saved snapshot: /home/fatienza/github/HIT_Solver/2D/hit2d_snapshots/run_20260710_185113/hit2d_step0091650.npz
saved snapshot: /home/fatienza/github/HIT_Solver/2D/hit2d_snapshots/run_20260710_185113/hit2d_step0091800.npz
saved snapshot: /home/fatienza/github/HIT_Solver/2D/hit2d_snapshots/run_20260710_185113/hit2d_step0091950.npz
step= 92000, t=31.587051, dt=3.350e-04, KE=1.226613e-01, Mt=0.5066, A_K=0.107, Cuv=-0.016, P_in=2.969e-03, P_tgt=2.987e-03, A_F=0.081, K_low=0.453, P_drag=-3.334e-03, P_cool=-3.040e-03, WENO=0.131, rho_mean=1.000000, p_mean=0.726446, div_rms=6.821e-01, vort_rms=1.558e+00, mass_err=-2.172e-10
saved snapshot: /home/fatienza/github/HIT_Solver/2D/hit2d_snapshots/run_20260710_185113/hit2d_step0092100.npz
saved snapshot: /home/fatienza/github/HIT_Solver/2D/hit2d_snapshots/run_20260710_185113/hit2d_step0092250.npz
saved snapshot: /home/fatienza/github/HIT_Solver/2D/hit2d_snapshots/run_20260710_185113/hit2d_step0092400.npz
step= 92500, t=31.756703, dt=3.398e-04, KE=1.217483e-01, Mt=0.5023, A_K=0.101, Cuv=-0.001, P_in=2.930e-03, P_tgt=2.860e-03, A_F=0.199, K_low=0.457, P_drag=-3.359e-03, P_cool=-3.073e-03, WENO=0.133, rho_mean=1.000000, p_mean=0.726578, div_rms=6.690e-01, vort_rms=1.554e+00, mass_err=-2.183e-10
saved snapshot: /home/fatienza/github/HIT_Solver/2D/hit2d_snapshots/run_20260710_185113/hit2d_step0092550.npz
saved snapshot: /home/fatienza/github/HIT_Solver/2D/hit2d_snapshots/run_20260710_185113/hit2d_step0092700.npz
saved snapshot: /home/fatienza/github/HIT_Solver/2D/hit2d_snapshots/run_20260710_185113/hit2d_step0092850.npz
step= 93000, t=31.926687, dt=3.403e-04, KE=1.207463e-01, Mt=0.4990, A_K=0.099, Cuv=0.025, P_in=2.891e-03, P_tgt=2.848e-03, A_F=0.019, K_low=0.468, P_drag=-3.418e-03, P_cool=-3.115e-03, WENO=0.136, rho_mean=1.000000, p_mean=0.726746, div_rms=6.581e-01, vort_rms=1.526e+00, mass_err=-2.195e-10
saved snapshot: /home/fatienza/github/HIT_Solver/2D/hit2d_snapshots/run_20260710_185113/hit2d_step0093000.npz
saved snapshot: /home/fatienza/github/HIT_Solver/2D/hit2d_snapshots/run_20260710_185113/hit2d_step0093150.npz
saved snapshot: /home/fatienza/github/HIT_Solver/2D/hit2d_snapshots/run_20260710_185113/hit2d_step0093300.npz
saved snapshot: /home/fatienza/github/HIT_Solver/2D/hit2d_snapshots/run_20260710_185113/hit2d_step0093450.npz
step= 93500, t=32.096821, dt=3.404e-04, KE=1.200851e-01, Mt=0.4984, A_K=0.104, Cuv=0.047, P_in=2.887e-03, P_tgt=2.890e-03, A_F=0.054, K_low=0.486, P_drag=-3.512e-03, P_cool=-3.119e-03, WENO=0.152, rho_mean=1.000000, p_mean=0.726760, div_rms=6.613e-01, vort_rms=1.517e+00, mass_err=-2.207e-10
saved snapshot: /home/fatienza/github/HIT_Solver/2D/hit2d_snapshots/run_20260710_185113/hit2d_step0093600.npz
saved snapshot: /home/fatienza/github/HIT_Solver/2D/hit2d_snapshots/run_20260710_185113/hit2d_step0093750.npz
saved snapshot: /home/fatienza/github/HIT_Solver/2D/hit2d_snapshots/run_20260710_185113/hit2d_step0093900.npz
step= 94000, t=32.266830, dt=3.447e-04, KE=1.196659e-01, Mt=0.4985, A_K=0.113, Cuv=0.064, P_in=2.959e-03, P_tgt=2.936e-03, A_F=0.178, K_low=0.510, P_drag=-3.638e-03, P_cool=-3.097e-03, WENO=0.149, rho_mean=1.000000, p_mean=0.726673, div_rms=6.553e-01, vort_rms=1.513e+00, mass_err=-2.219e-10
saved snapshot: /home/fatienza/github/HIT_Solver/2D/hit2d_snapshots/run_20260710_185113/hit2d_step0094050.npz
saved snapshot: /home/fatienza/github/HIT_Solver/2D/hit2d_snapshots/run_20260710_185113/hit2d_step0094200.npz
saved snapshot: /home/fatienza/github/HIT_Solver/2D/hit2d_snapshots/run_20260710_185113/hit2d_step0094350.npz
step= 94500, t=32.441700, dt=3.512e-04, KE=1.194648e-01, Mt=0.4985, A_K=0.121, Cuv=0.075, P_in=2.970e-03, P_tgt=2.982e-03, A_F=0.128, K_low=0.535, P_drag=-3.788e-03, P_cool=-3.050e-03, WENO=0.161, rho_mean=1.000000, p_mean=0.726487, div_rms=6.495e-01, vort_rms=1.515e+00, mass_err=-2.231e-10
saved snapshot: /home/fatienza/github/HIT_Solver/2D/hit2d_snapshots/run_20260710_185113/hit2d_step0094500.npz
saved snapshot: /home/fatienza/github/HIT_Solver/2D/hit2d_snapshots/run_20260710_185113/hit2d_step0094650.npz
saved snapshot: /home/fatienza/github/HIT_Solver/2D/hit2d_snapshots/run_20260710_185113/hit2d_step0094800.npz
saved snapshot: /home/fatienza/github/HIT_Solver/2D/hit2d_snapshots/run_20260710_185113/hit2d_step0094950.npz
step= 95000, t=32.614839, dt=3.402e-04, KE=1.194218e-01, Mt=0.4988, A_K=0.127, Cuv=0.079, P_in=3.029e-03, P_tgt=3.024e-03, A_F=0.053, K_low=0.560, P_drag=-3.943e-03, P_cool=-2.988e-03, WENO=0.165, rho_mean=1.000000, p_mean=0.726238, div_rms=6.417e-01, vort_rms=1.515e+00, mass_err=-2.242e-10
saved snapshot: /home/fatienza/github/HIT_Solver/2D/hit2d_snapshots/run_20260710_185113/hit2d_step0095100.npz
saved snapshot: /home/fatienza/github/HIT_Solver/2D/hit2d_snapshots/run_20260710_185113/hit2d_step0095250.npz
saved snapshot: /home/fatienza/github/HIT_Solver/2D/hit2d_snapshots/run_20260710_185113/hit2d_step0095400.npz
step= 95500, t=32.781766, dt=3.300e-04, KE=1.194799e-01, Mt=0.4994, A_K=0.140, Cuv=0.084, P_in=3.055e-03, P_tgt=3.053e-03, A_F=0.023, K_low=0.582, P_drag=-4.088e-03, P_cool=-2.917e-03, WENO=0.161, rho_mean=1.000000, p_mean=0.725953, div_rms=6.413e-01, vort_rms=1.512e+00, mass_err=-2.254e-10
saved snapshot: /home/fatienza/github/HIT_Solver/2D/hit2d_snapshots/run_20260710_185113/hit2d_step0095550.npz
saved snapshot: /home/fatienza/github/HIT_Solver/2D/hit2d_snapshots/run_20260710_185113/hit2d_step0095700.npz
saved snapshot: /home/fatienza/github/HIT_Solver/2D/hit2d_snapshots/run_20260710_185113/hit2d_step0095850.npz
step= 96000, t=32.944283, dt=3.227e-04, KE=1.194926e-01, Mt=0.4998, A_K=0.159, Cuv=0.088, P_in=3.089e-03, P_tgt=3.063e-03, A_F=0.020, K_low=0.602, P_drag=-4.215e-03, P_cool=-2.851e-03, WENO=0.171, rho_mean=1.000000, p_mean=0.725689, div_rms=6.455e-01, vort_rms=1.506e+00, mass_err=-2.266e-10
saved snapshot: /home/fatienza/github/HIT_Solver/2D/hit2d_snapshots/run_20260710_185113/hit2d_step0096000.npz
saved snapshot: /home/fatienza/github/HIT_Solver/2D/hit2d_snapshots/run_20260710_185113/hit2d_step0096150.npz
saved snapshot: /home/fatienza/github/HIT_Solver/2D/hit2d_snapshots/run_20260710_185113/hit2d_step0096300.npz
saved snapshot: /home/fatienza/github/HIT_Solver/2D/hit2d_snapshots/run_20260710_185113/hit2d_step0096450.npz
step= 96500, t=33.105762, dt=3.230e-04, KE=1.192761e-01, Mt=0.4992, A_K=0.181, Cuv=0.092, P_in=3.052e-03, P_tgt=3.075e-03, A_F=0.036, K_low=0.619, P_drag=-4.319e-03, P_cool=-2.807e-03, WENO=0.172, rho_mean=1.000000, p_mean=0.725515, div_rms=6.451e-01, vort_rms=1.496e+00, mass_err=-2.278e-10
saved snapshot: /home/fatienza/github/HIT_Solver/2D/hit2d_snapshots/run_20260710_185113/hit2d_step0096600.npz
saved snapshot: /home/fatienza/github/HIT_Solver/2D/hit2d_snapshots/run_20260710_185113/hit2d_step0096750.npz
saved snapshot: /home/fatienza/github/HIT_Solver/2D/hit2d_snapshots/run_20260710_185113/hit2d_step0096900.npz
step= 97000, t=33.266167, dt=3.182e-04, KE=1.189015e-01, Mt=0.4981, A_K=0.198, Cuv=0.096, P_in=3.118e-03, P_tgt=3.117e-03, A_F=0.035, K_low=0.632, P_drag=-4.391e-03, P_cool=-2.780e-03, WENO=0.171, rho_mean=1.000000, p_mean=0.725406, div_rms=6.522e-01, vort_rms=1.488e+00, mass_err=-2.290e-10
saved snapshot: /home/fatienza/github/HIT_Solver/2D/hit2d_snapshots/run_20260710_185113/hit2d_step0097050.npz
saved snapshot: /home/fatienza/github/HIT_Solver/2D/hit2d_snapshots/run_20260710_185113/hit2d_step0097200.npz
saved snapshot: /home/fatienza/github/HIT_Solver/2D/hit2d_snapshots/run_20260710_185113/hit2d_step0097350.npz
warning: flow component anisotropy has increased over the last three diagnostic samples
step= 97500, t=33.424246, dt=3.150e-04, KE=1.183173e-01, Mt=0.4969, A_K=0.206, Cuv=0.095, P_in=3.217e-03, P_tgt=3.196e-03, A_F=0.095, K_low=0.641, P_drag=-4.432e-03, P_cool=-2.775e-03, WENO=0.168, rho_mean=1.000000, p_mean=0.725387, div_rms=6.550e-01, vort_rms=1.488e+00, mass_err=-2.302e-10
saved snapshot: /home/fatienza/github/HIT_Solver/2D/hit2d_snapshots/run_20260710_185113/hit2d_step0097500.npz
saved snapshot: /home/fatienza/github/HIT_Solver/2D/hit2d_snapshots/run_20260710_185113/hit2d_step0097650.npz
saved snapshot: /home/fatienza/github/HIT_Solver/2D/hit2d_snapshots/run_20260710_185113/hit2d_step0097800.npz
saved snapshot: /home/fatienza/github/HIT_Solver/2D/hit2d_snapshots/run_20260710_185113/hit2d_step0097950.npz
step= 98000, t=33.580618, dt=3.103e-04, KE=1.176329e-01, Mt=0.4952, A_K=0.205, Cuv=0.088, P_in=3.311e-03, P_tgt=3.323e-03, A_F=0.139, K_low=0.646, P_drag=-4.444e-03, P_cool=-2.782e-03, WENO=0.155, rho_mean=1.000000, p_mean=0.725412, div_rms=6.666e-01, vort_rms=1.488e+00, mass_err=-2.314e-10
saved snapshot: /home/fatienza/github/HIT_Solver/2D/hit2d_snapshots/run_20260710_185113/hit2d_step0098100.npz
saved snapshot: /home/fatienza/github/HIT_Solver/2D/hit2d_snapshots/run_20260710_185113/hit2d_step0098250.npz
saved snapshot: /home/fatienza/github/HIT_Solver/2D/hit2d_snapshots/run_20260710_185113/hit2d_step0098400.npz
step= 98500, t=33.734846, dt=3.068e-04, KE=1.170388e-01, Mt=0.4928, A_K=0.199, Cuv=0.077, P_in=3.511e-03, P_tgt=3.532e-03, A_F=0.254, K_low=0.646, P_drag=-4.434e-03, P_cool=-2.782e-03, WENO=0.155, rho_mean=1.000000, p_mean=0.725413, div_rms=6.754e-01, vort_rms=1.482e+00, mass_err=-2.325e-10
saved snapshot: /home/fatienza/github/HIT_Solver/2D/hit2d_snapshots/run_20260710_185113/hit2d_step0098550.npz
saved snapshot: /home/fatienza/github/HIT_Solver/2D/hit2d_snapshots/run_20260710_185113/hit2d_step0098700.npz
saved snapshot: /home/fatienza/github/HIT_Solver/2D/hit2d_snapshots/run_20260710_185113/hit2d_step0098850.npz
step= 99000, t=33.887637, dt=3.048e-04, KE=1.166710e-01, Mt=0.4906, A_K=0.191, Cuv=0.062, P_in=3.877e-03, P_tgt=3.847e-03, A_F=0.358, K_low=0.641, P_drag=-4.406e-03, P_cool=-2.765e-03, WENO=0.155, rho_mean=1.000000, p_mean=0.725345, div_rms=6.756e-01, vort_rms=1.473e+00, mass_err=-2.337e-10
saved snapshot: /home/fatienza/github/HIT_Solver/2D/hit2d_snapshots/run_20260710_185113/hit2d_step0099000.npz
saved snapshot: /home/fatienza/github/HIT_Solver/2D/hit2d_snapshots/run_20260710_185113/hit2d_step0099150.npz
saved snapshot: /home/fatienza/github/HIT_Solver/2D/hit2d_snapshots/run_20260710_185113/hit2d_step0099300.npz
saved snapshot: /home/fatienza/github/HIT_Solver/2D/hit2d_snapshots/run_20260710_185113/hit2d_step0099450.npz
step= 99500, t=34.039585, dt=3.035e-04, KE=1.163002e-01, Mt=0.4891, A_K=0.184, Cuv=0.047, P_in=4.279e-03, P_tgt=4.273e-03, A_F=0.139, K_low=0.636, P_drag=-4.365e-03, P_cool=-2.755e-03, WENO=0.162, rho_mean=1.000000, p_mean=0.725306, div_rms=6.589e-01, vort_rms=1.468e+00, mass_err=-2.349e-10
saved snapshot: /home/fatienza/github/HIT_Solver/2D/hit2d_snapshots/run_20260710_185113/hit2d_step0099600.npz
saved snapshot: /home/fatienza/github/HIT_Solver/2D/hit2d_snapshots/run_20260710_185113/hit2d_step0099750.npz
saved snapshot: /home/fatienza/github/HIT_Solver/2D/hit2d_snapshots/run_20260710_185113/hit2d_step0099900.npz
step=100000, t=34.191800, dt=3.054e-04, KE=1.159455e-01, Mt=0.4884, A_K=0.177, Cuv=0.029, P_in=4.786e-03, P_tgt=4.805e-03, A_F=0.371, K_low=0.630, P_drag=-4.315e-03, P_cool=-2.752e-03, WENO=0.168, rho_mean=1.000000, p_mean=0.725294, div_rms=6.390e-01, vort_rms=1.465e+00, mass_err=-2.361e-10
saved snapshot: /home/fatienza/github/HIT_Solver/2D/hit2d_snapshots/run_20260710_185113/hit2d_step0100050.npz
saved snapshot: /home/fatienza/github/HIT_Solver/2D/hit2d_snapshots/run_20260710_185113/hit2d_step0100200.npz
saved snapshot: /home/fatienza/github/HIT_Solver/2D/hit2d_snapshots/run_20260710_185113/hit2d_step0100350.npz
step=100500, t=34.345003, dt=3.055e-04, KE=1.156601e-01, Mt=0.4881, A_K=0.173, Cuv=0.018, P_in=5.438e-03, P_tgt=5.425e-03, A_F=0.287, K_low=0.622, P_drag=-4.256e-03, P_cool=-2.752e-03, WENO=0.161, rho_mean=1.000000, p_mean=0.725293, div_rms=6.291e-01, vort_rms=1.466e+00, mass_err=-2.373e-10
saved snapshot: /home/fatienza/github/HIT_Solver/2D/hit2d_snapshots/run_20260710_185113/hit2d_step0100500.npz
saved snapshot: /home/fatienza/github/HIT_Solver/2D/hit2d_snapshots/run_20260710_185113/hit2d_step0100650.npz
saved snapshot: /home/fatienza/github/HIT_Solver/2D/hit2d_snapshots/run_20260710_185113/hit2d_step0100800.npz
saved snapshot: /home/fatienza/github/HIT_Solver/2D/hit2d_snapshots/run_20260710_185113/hit2d_step0100950.npz
step=101000, t=34.497549, dt=3.050e-04, KE=1.151431e-01, Mt=0.4873, A_K=0.170, Cuv=0.010, P_in=6.064e-03, P_tgt=6.159e-03, A_F=0.186, K_low=0.616, P_drag=-4.195e-03, P_cool=-2.786e-03, WENO=0.152, rho_mean=1.000000, p_mean=0.725431, div_rms=6.096e-01, vort_rms=1.468e+00, mass_err=-2.385e-10
saved snapshot: /home/fatienza/github/HIT_Solver/2D/hit2d_snapshots/run_20260710_185113/hit2d_step0101100.npz
saved snapshot: /home/fatienza/github/HIT_Solver/2D/hit2d_snapshots/run_20260710_185113/hit2d_step0101250.npz
saved snapshot: /home/fatienza/github/HIT_Solver/2D/hit2d_snapshots/run_20260710_185113/hit2d_step0101400.npz
step=101500, t=34.650276, dt=3.059e-04, KE=1.146179e-01, Mt=0.4866, A_K=0.172, Cuv=-0.000, P_in=7.132e-03, P_tgt=7.063e-03, A_F=0.274, K_low=0.609, P_drag=-4.135e-03, P_cool=-2.834e-03, WENO=0.166, rho_mean=1.000000, p_mean=0.725620, div_rms=5.714e-01, vort_rms=1.472e+00, mass_err=-2.397e-10
saved snapshot: /home/fatienza/github/HIT_Solver/2D/hit2d_snapshots/run_20260710_185113/hit2d_step0101550.npz
saved snapshot: /home/fatienza/github/HIT_Solver/2D/hit2d_snapshots/run_20260710_185113/hit2d_step0101700.npz
saved snapshot: /home/fatienza/github/HIT_Solver/2D/hit2d_snapshots/run_20260710_185113/hit2d_step0101850.npz
step=102000, t=34.804694, dt=3.138e-04, KE=1.148025e-01, Mt=0.4875, A_K=0.167, Cuv=-0.012, P_in=8.133e-03, P_tgt=8.088e-03, A_F=0.087, K_low=0.599, P_drag=-4.077e-03, P_cool=-2.825e-03, WENO=0.153, rho_mean=1.000000, p_mean=0.725584, div_rms=5.737e-01, vort_rms=1.482e+00, mass_err=-2.409e-10
saved snapshot: /home/fatienza/github/HIT_Solver/2D/hit2d_snapshots/run_20260710_185113/hit2d_step0102000.npz
saved snapshot: /home/fatienza/github/HIT_Solver/2D/hit2d_snapshots/run_20260710_185113/hit2d_step0102150.npz
saved snapshot: /home/fatienza/github/HIT_Solver/2D/hit2d_snapshots/run_20260710_185113/hit2d_step0102300.npz
saved snapshot: /home/fatienza/github/HIT_Solver/2D/hit2d_snapshots/run_20260710_185113/hit2d_step0102450.npz
step=102500, t=34.964420, dt=3.241e-04, KE=1.154138e-01, Mt=0.4886, A_K=0.154, Cuv=-0.023, P_in=9.154e-03, P_tgt=9.153e-03, A_F=0.097, K_low=0.587, P_drag=-4.021e-03, P_cool=-2.791e-03, WENO=0.151, rho_mean=1.000000, p_mean=0.725449, div_rms=5.752e-01, vort_rms=1.494e+00, mass_err=-2.421e-10
saved snapshot: /home/fatienza/github/HIT_Solver/2D/hit2d_snapshots/run_20260710_185113/hit2d_step0102600.npz
saved snapshot: /home/fatienza/github/HIT_Solver/2D/hit2d_snapshots/run_20260710_185113/hit2d_step0102750.npz
saved snapshot: /home/fatienza/github/HIT_Solver/2D/hit2d_snapshots/run_20260710_185113/hit2d_step0102900.npz
step=103000, t=35.128164, dt=3.315e-04, KE=1.164218e-01, Mt=0.4898, A_K=0.129, Cuv=-0.027, P_in=9.865e-03, P_tgt=9.908e-03, A_F=0.099, K_low=0.572, P_drag=-3.964e-03, P_cool=-2.737e-03, WENO=0.160, rho_mean=1.000000, p_mean=0.725233, div_rms=5.837e-01, vort_rms=1.509e+00, mass_err=-2.432e-10
saved snapshot: /home/fatienza/github/HIT_Solver/2D/hit2d_snapshots/run_20260710_185113/hit2d_step0103050.npz
saved snapshot: /home/fatienza/github/HIT_Solver/2D/hit2d_snapshots/run_20260710_185113/hit2d_step0103200.npz
saved snapshot: /home/fatienza/github/HIT_Solver/2D/hit2d_snapshots/run_20260710_185113/hit2d_step0103350.npz
step=103500, t=35.295626, dt=3.380e-04, KE=1.175656e-01, Mt=0.4908, A_K=0.095, Cuv=-0.024, P_in=1.006e-02, P_tgt=9.993e-03, A_F=0.004, K_low=0.558, P_drag=-3.908e-03, P_cool=-2.679e-03, WENO=0.155, rho_mean=1.000000, p_mean=0.725001, div_rms=5.803e-01, vort_rms=1.519e+00, mass_err=-2.444e-10
saved snapshot: /home/fatienza/github/HIT_Solver/2D/hit2d_snapshots/run_20260710_185113/hit2d_step0103500.npz
saved snapshot: /home/fatienza/github/HIT_Solver/2D/hit2d_snapshots/run_20260710_185113/hit2d_step0103650.npz
saved snapshot: /home/fatienza/github/HIT_Solver/2D/hit2d_snapshots/run_20260710_185113/hit2d_step0103800.npz
saved snapshot: /home/fatienza/github/HIT_Solver/2D/hit2d_snapshots/run_20260710_185113/hit2d_step0103950.npz
step=104000, t=35.467115, dt=3.486e-04, KE=1.186705e-01, Mt=0.4918, A_K=0.068, Cuv=-0.016, P_in=1.000e-02, P_tgt=9.999e-03, A_F=0.146, K_low=0.543, P_drag=-3.843e-03, P_cool=-2.630e-03, WENO=0.158, rho_mean=1.000000, p_mean=0.724804, div_rms=5.826e-01, vort_rms=1.530e+00, mass_err=-2.456e-10
saved snapshot: /home/fatienza/github/HIT_Solver/2D/hit2d_snapshots/run_20260710_185113/hit2d_step0104100.npz
saved snapshot: /home/fatienza/github/HIT_Solver/2D/hit2d_snapshots/run_20260710_185113/hit2d_step0104250.npz
saved snapshot: /home/fatienza/github/HIT_Solver/2D/hit2d_snapshots/run_20260710_185113/hit2d_step0104400.npz
step=104500, t=35.641917, dt=3.457e-04, KE=1.194720e-01, Mt=0.4920, A_K=0.056, Cuv=-0.010, P_in=9.987e-03, P_tgt=1.000e-02, A_F=0.180, K_low=0.528, P_drag=-3.770e-03, P_cool=-2.614e-03, WENO=0.162, rho_mean=1.000000, p_mean=0.724740, div_rms=5.763e-01, vort_rms=1.540e+00, mass_err=-2.468e-10
saved snapshot: /home/fatienza/github/HIT_Solver/2D/hit2d_snapshots/run_20260710_185113/hit2d_step0104550.npz
saved snapshot: /home/fatienza/github/HIT_Solver/2D/hit2d_snapshots/run_20260710_185113/hit2d_step0104700.npz
saved snapshot: /home/fatienza/github/HIT_Solver/2D/hit2d_snapshots/run_20260710_185113/hit2d_step0104850.npz
step=105000, t=35.811679, dt=3.330e-04, KE=1.199717e-01, Mt=0.4919, A_K=0.050, Cuv=-0.016, P_in=9.998e-03, P_tgt=1.000e-02, A_F=0.029, K_low=0.515, P_drag=-3.690e-03, P_cool=-2.627e-03, WENO=0.157, rho_mean=1.000000, p_mean=0.724794, div_rms=5.756e-01, vort_rms=1.546e+00, mass_err=-2.480e-10
saved snapshot: /home/fatienza/github/HIT_Solver/2D/hit2d_snapshots/run_20260710_185113/hit2d_step0105000.npz
saved snapshot: /home/fatienza/github/HIT_Solver/2D/hit2d_snapshots/run_20260710_185113/hit2d_step0105150.npz
saved snapshot: /home/fatienza/github/HIT_Solver/2D/hit2d_snapshots/run_20260710_185113/hit2d_step0105300.npz
saved snapshot: /home/fatienza/github/HIT_Solver/2D/hit2d_snapshots/run_20260710_185113/hit2d_step0105450.npz
step=105500, t=35.974555, dt=3.221e-04, KE=1.201138e-01, Mt=0.4921, A_K=0.043, Cuv=-0.019, P_in=1.002e-02, P_tgt=1.000e-02, A_F=0.183, K_low=0.503, P_drag=-3.602e-03, P_cool=-2.674e-03, WENO=0.166, rho_mean=1.000000, p_mean=0.724983, div_rms=5.914e-01, vort_rms=1.548e+00, mass_err=-2.492e-10
saved snapshot: /home/fatienza/github/HIT_Solver/2D/hit2d_snapshots/run_20260710_185113/hit2d_step0105600.npz
saved snapshot: /home/fatienza/github/HIT_Solver/2D/hit2d_snapshots/run_20260710_185113/hit2d_step0105750.npz
saved snapshot: /home/fatienza/github/HIT_Solver/2D/hit2d_snapshots/run_20260710_185113/hit2d_step0105900.npz
step=106000, t=36.135936, dt=3.232e-04, KE=1.197795e-01, Mt=0.4916, A_K=0.040, Cuv=-0.014, P_in=9.970e-03, P_tgt=1.000e-02, A_F=0.063, K_low=0.494, P_drag=-3.517e-03, P_cool=-2.768e-03, WENO=0.157, rho_mean=1.000000, p_mean=0.725357, div_rms=5.725e-01, vort_rms=1.548e+00, mass_err=-2.504e-10
saved snapshot: /home/fatienza/github/HIT_Solver/2D/hit2d_snapshots/run_20260710_185113/hit2d_step0106050.npz
saved snapshot: /home/fatienza/github/HIT_Solver/2D/hit2d_snapshots/run_20260710_185113/hit2d_step0106200.npz
saved snapshot: /home/fatienza/github/HIT_Solver/2D/hit2d_snapshots/run_20260710_185113/hit2d_step0106350.npz
step=106500, t=36.298163, dt=3.258e-04, KE=1.197463e-01, Mt=0.4921, A_K=0.036, Cuv=-0.012, P_in=9.993e-03, P_tgt=1.000e-02, A_F=0.074, K_low=0.486, P_drag=-3.438e-03, P_cool=-2.831e-03, WENO=0.164, rho_mean=1.000000, p_mean=0.725609, div_rms=5.801e-01, vort_rms=1.546e+00, mass_err=-2.516e-10
saved snapshot: /home/fatienza/github/HIT_Solver/2D/hit2d_snapshots/run_20260710_185113/hit2d_step0106500.npz
saved snapshot: /home/fatienza/github/HIT_Solver/2D/hit2d_snapshots/run_20260710_185113/hit2d_step0106650.npz
saved snapshot: /home/fatienza/github/HIT_Solver/2D/hit2d_snapshots/run_20260710_185113/hit2d_step0106800.npz
saved snapshot: /home/fatienza/github/HIT_Solver/2D/hit2d_snapshots/run_20260710_185113/hit2d_step0106950.npz
step=107000, t=36.462174, dt=3.294e-04, KE=1.198401e-01, Mt=0.4933, A_K=0.030, Cuv=-0.007, P_in=9.980e-03, P_tgt=1.000e-02, A_F=0.087, K_low=0.478, P_drag=-3.370e-03, P_cool=-2.880e-03, WENO=0.170, rho_mean=1.000000, p_mean=0.725805, div_rms=5.900e-01, vort_rms=1.547e+00, mass_err=-2.528e-10
saved snapshot: /home/fatienza/github/HIT_Solver/2D/hit2d_snapshots/run_20260710_185113/hit2d_step0107100.npz
saved snapshot: /home/fatienza/github/HIT_Solver/2D/hit2d_snapshots/run_20260710_185113/hit2d_step0107250.npz
saved snapshot: /home/fatienza/github/HIT_Solver/2D/hit2d_snapshots/run_20260710_185113/hit2d_step0107400.npz
step=107500, t=36.627547, dt=3.321e-04, KE=1.200647e-01, Mt=0.4953, A_K=0.022, Cuv=-0.001, P_in=1.001e-02, P_tgt=1.000e-02, A_F=0.209, K_low=0.472, P_drag=-3.313e-03, P_cool=-2.916e-03, WENO=0.177, rho_mean=1.000000, p_mean=0.725950, div_rms=5.882e-01, vort_rms=1.551e+00, mass_err=-2.539e-10
saved snapshot: /home/fatienza/github/HIT_Solver/2D/hit2d_snapshots/run_20260710_185113/hit2d_step0107550.npz
saved snapshot: /home/fatienza/github/HIT_Solver/2D/hit2d_snapshots/run_20260710_185113/hit2d_step0107700.npz
saved snapshot: /home/fatienza/github/HIT_Solver/2D/hit2d_snapshots/run_20260710_185113/hit2d_step0107850.npz
step=108000, t=36.794151, dt=3.344e-04, KE=1.209885e-01, Mt=0.4980, A_K=0.014, Cuv=0.007, P_in=9.790e-03, P_tgt=1.000e-02, A_F=0.161, K_low=0.463, P_drag=-3.268e-03, P_cool=-2.884e-03, WENO=0.171, rho_mean=1.000000, p_mean=0.725821, div_rms=6.194e-01, vort_rms=1.554e+00, mass_err=-2.551e-10
saved snapshot: /home/fatienza/github/HIT_Solver/2D/hit2d_snapshots/run_20260710_185113/hit2d_step0108000.npz
saved snapshot: /home/fatienza/github/HIT_Solver/2D/hit2d_snapshots/run_20260710_185113/hit2d_step0108150.npz
saved snapshot: /home/fatienza/github/HIT_Solver/2D/hit2d_snapshots/run_20260710_185113/hit2d_step0108300.npz
saved snapshot: /home/fatienza/github/HIT_Solver/2D/hit2d_snapshots/run_20260710_185113/hit2d_step0108450.npz
step=108500, t=36.961679, dt=3.322e-04, KE=1.222747e-01, Mt=0.5012, A_K=0.000, Cuv=0.015, P_in=1.003e-02, P_tgt=9.979e-03, A_F=0.089, K_low=0.452, P_drag=-3.225e-03, P_cool=-2.819e-03, WENO=0.150, rho_mean=1.000000, p_mean=0.725563, div_rms=6.459e-01, vort_rms=1.558e+00, mass_err=-2.563e-10
saved snapshot: /home/fatienza/github/HIT_Solver/2D/hit2d_snapshots/run_20260710_185113/hit2d_step0108600.npz
saved snapshot: /home/fatienza/github/HIT_Solver/2D/hit2d_snapshots/run_20260710_185113/hit2d_step0108750.npz
saved snapshot: /home/fatienza/github/HIT_Solver/2D/hit2d_snapshots/run_20260710_185113/hit2d_step0108900.npz
step=109000, t=37.126313, dt=3.273e-04, KE=1.236091e-01, Mt=0.5042, A_K=0.015, Cuv=0.032, P_in=9.731e-03, P_tgt=9.711e-03, A_F=0.004, K_low=0.440, P_drag=-3.179e-03, P_cool=-2.750e-03, WENO=0.154, rho_mean=1.000000, p_mean=0.725287, div_rms=6.628e-01, vort_rms=1.567e+00, mass_err=-2.575e-10
saved snapshot: /home/fatienza/github/HIT_Solver/2D/hit2d_snapshots/run_20260710_185113/hit2d_step0109050.npz
saved snapshot: /home/fatienza/github/HIT_Solver/2D/hit2d_snapshots/run_20260710_185113/hit2d_step0109200.npz
saved snapshot: /home/fatienza/github/HIT_Solver/2D/hit2d_snapshots/run_20260710_185113/hit2d_step0109350.npz
step=109500, t=37.290611, dt=3.299e-04, KE=1.246357e-01, Mt=0.5061, A_K=0.033, Cuv=0.049, P_in=9.204e-03, P_tgt=9.210e-03, A_F=0.033, K_low=0.428, P_drag=-3.128e-03, P_cool=-2.708e-03, WENO=0.171, rho_mean=1.000000, p_mean=0.725118, div_rms=6.712e-01, vort_rms=1.577e+00, mass_err=-2.587e-10
saved snapshot: /home/fatienza/github/HIT_Solver/2D/hit2d_snapshots/run_20260710_185113/hit2d_step0109500.npz
saved snapshot: /home/fatienza/github/HIT_Solver/2D/hit2d_snapshots/run_20260710_185113/hit2d_step0109650.npz
saved snapshot: /home/fatienza/github/HIT_Solver/2D/hit2d_snapshots/run_20260710_185113/hit2d_step0109800.npz
saved snapshot: /home/fatienza/github/HIT_Solver/2D/hit2d_snapshots/run_20260710_185113/hit2d_step0109950.npz
step=110000, t=37.455067, dt=3.267e-04, KE=1.248575e-01, Mt=0.5060, A_K=0.040, Cuv=0.063, P_in=8.640e-03, P_tgt=8.669e-03, A_F=0.015, K_low=0.419, P_drag=-3.076e-03, P_cool=-2.739e-03, WENO=0.174, rho_mean=1.000000, p_mean=0.725242, div_rms=6.513e-01, vort_rms=1.586e+00, mass_err=-2.599e-10
saved snapshot: /home/fatienza/github/HIT_Solver/2D/hit2d_snapshots/run_20260710_185113/hit2d_step0110100.npz
saved snapshot: /home/fatienza/github/HIT_Solver/2D/hit2d_snapshots/run_20260710_185113/hit2d_step0110250.npz
saved snapshot: /home/fatienza/github/HIT_Solver/2D/hit2d_snapshots/run_20260710_185113/hit2d_step0110400.npz
step=110500, t=37.619544, dt=3.330e-04, KE=1.248477e-01, Mt=0.5060, A_K=0.044, Cuv=0.064, P_in=8.197e-03, P_tgt=8.177e-03, A_F=0.134, K_low=0.412, P_drag=-3.027e-03, P_cool=-2.784e-03, WENO=0.181, rho_mean=1.000000, p_mean=0.725424, div_rms=6.589e-01, vort_rms=1.592e+00, mass_err=-2.610e-10
saved snapshot: /home/fatienza/github/HIT_Solver/2D/hit2d_snapshots/run_20260710_185113/hit2d_step0110550.npz
saved snapshot: /home/fatienza/github/HIT_Solver/2D/hit2d_snapshots/run_20260710_185113/hit2d_step0110700.npz
saved snapshot: /home/fatienza/github/HIT_Solver/2D/hit2d_snapshots/run_20260710_185113/hit2d_step0110850.npz
step=111000, t=37.789360, dt=3.482e-04, KE=1.247375e-01, Mt=0.5065, A_K=0.046, Cuv=0.054, P_in=7.708e-03, P_tgt=7.695e-03, A_F=0.235, K_low=0.407, P_drag=-2.985e-03, P_cool=-2.833e-03, WENO=0.179, rho_mean=1.000000, p_mean=0.725617, div_rms=6.580e-01, vort_rms=1.602e+00, mass_err=-2.622e-10
saved snapshot: /home/fatienza/github/HIT_Solver/2D/hit2d_snapshots/run_20260710_185113/hit2d_step0111000.npz
saved snapshot: /home/fatienza/github/HIT_Solver/2D/hit2d_snapshots/run_20260710_185113/hit2d_step0111150.npz
saved snapshot: /home/fatienza/github/HIT_Solver/2D/hit2d_snapshots/run_20260710_185113/hit2d_step0111300.npz
saved snapshot: /home/fatienza/github/HIT_Solver/2D/hit2d_snapshots/run_20260710_185113/hit2d_step0111450.npz
step=111500, t=37.964670, dt=3.496e-04, KE=1.245250e-01, Mt=0.5071, A_K=0.050, Cuv=0.043, P_in=7.202e-03, P_tgt=7.194e-03, A_F=0.072, K_low=0.406, P_drag=-2.957e-03, P_cool=-2.883e-03, WENO=0.188, rho_mean=1.000000, p_mean=0.725819, div_rms=6.601e-01, vort_rms=1.609e+00, mass_err=-2.634e-10
saved snapshot: /home/fatienza/github/HIT_Solver/2D/hit2d_snapshots/run_20260710_185113/hit2d_step0111600.npz
saved snapshot: /home/fatienza/github/HIT_Solver/2D/hit2d_snapshots/run_20260710_185113/hit2d_step0111750.npz
saved snapshot: /home/fatienza/github/HIT_Solver/2D/hit2d_snapshots/run_20260710_185113/hit2d_step0111900.npz
step=112000, t=38.138282, dt=3.487e-04, KE=1.241690e-01, Mt=0.5071, A_K=0.051, Cuv=0.034, P_in=6.695e-03, P_tgt=6.706e-03, A_F=0.019, K_low=0.406, P_drag=-2.944e-03, P_cool=-2.939e-03, WENO=0.192, rho_mean=1.000000, p_mean=0.726041, div_rms=6.477e-01, vort_rms=1.611e+00, mass_err=-2.646e-10
saved snapshot: /home/fatienza/github/HIT_Solver/2D/hit2d_snapshots/run_20260710_185113/hit2d_step0112050.npz
saved snapshot: /home/fatienza/github/HIT_Solver/2D/hit2d_snapshots/run_20260710_185113/hit2d_step0112200.npz
saved snapshot: /home/fatienza/github/HIT_Solver/2D/hit2d_snapshots/run_20260710_185113/hit2d_step0112350.npz
step=112500, t=38.312950, dt=3.510e-04, KE=1.240145e-01, Mt=0.5067, A_K=0.037, Cuv=0.026, P_in=6.238e-03, P_tgt=6.264e-03, A_F=0.024, K_low=0.406, P_drag=-2.939e-03, P_cool=-2.966e-03, WENO=0.195, rho_mean=1.000000, p_mean=0.726151, div_rms=6.425e-01, vort_rms=1.606e+00, mass_err=-2.658e-10
saved snapshot: /home/fatienza/github/HIT_Solver/2D/hit2d_snapshots/run_20260710_185113/hit2d_step0112500.npz
saved snapshot: /home/fatienza/github/HIT_Solver/2D/hit2d_snapshots/run_20260710_185113/hit2d_step0112650.npz
saved snapshot: /home/fatienza/github/HIT_Solver/2D/hit2d_snapshots/run_20260710_185113/hit2d_step0112800.npz
saved snapshot: /home/fatienza/github/HIT_Solver/2D/hit2d_snapshots/run_20260710_185113/hit2d_step0112950.npz
step=113000, t=38.490311, dt=3.573e-04, KE=1.237602e-01, Mt=0.5061, A_K=0.017, Cuv=0.022, P_in=5.904e-03, P_tgt=5.882e-03, A_F=0.092, K_low=0.405, P_drag=-2.943e-03, P_cool=-2.997e-03, WENO=0.184, rho_mean=1.000000, p_mean=0.726272, div_rms=6.398e-01, vort_rms=1.605e+00, mass_err=-2.670e-10
saved snapshot: /home/fatienza/github/HIT_Solver/2D/hit2d_snapshots/run_20260710_185113/hit2d_step0113100.npz
saved snapshot: /home/fatienza/github/HIT_Solver/2D/hit2d_snapshots/run_20260710_185113/hit2d_step0113250.npz
saved snapshot: /home/fatienza/github/HIT_Solver/2D/hit2d_snapshots/run_20260710_185113/hit2d_step0113400.npz
step=113500, t=38.668606, dt=3.574e-04, KE=1.234074e-01, Mt=0.5055, A_K=0.006, Cuv=0.028, P_in=5.560e-03, P_tgt=5.558e-03, A_F=0.200, K_low=0.408, P_drag=-2.959e-03, P_cool=-3.028e-03, WENO=0.183, rho_mean=1.000000, p_mean=0.726397, div_rms=6.424e-01, vort_rms=1.609e+00, mass_err=-2.681e-10
saved snapshot: /home/fatienza/github/HIT_Solver/2D/hit2d_snapshots/run_20260710_185113/hit2d_step0113550.npz
saved snapshot: /home/fatienza/github/HIT_Solver/2D/hit2d_snapshots/run_20260710_185113/hit2d_step0113700.npz
saved snapshot: /home/fatienza/github/HIT_Solver/2D/hit2d_snapshots/run_20260710_185113/hit2d_step0113850.npz
step=114000, t=38.849391, dt=3.626e-04, KE=1.232453e-01, Mt=0.5051, A_K=0.007, Cuv=0.041, P_in=5.271e-03, P_tgt=5.275e-03, A_F=0.089, K_low=0.412, P_drag=-2.987e-03, P_cool=-3.032e-03, WENO=0.189, rho_mean=1.000000, p_mean=0.726414, div_rms=6.404e-01, vort_rms=1.611e+00, mass_err=-2.693e-10
saved snapshot: /home/fatienza/github/HIT_Solver/2D/hit2d_snapshots/run_20260710_185113/hit2d_step0114000.npz
saved snapshot: /home/fatienza/github/HIT_Solver/2D/hit2d_snapshots/run_20260710_185113/hit2d_step0114150.npz
saved snapshot: /home/fatienza/github/HIT_Solver/2D/hit2d_snapshots/run_20260710_185113/hit2d_step0114300.npz
saved snapshot: /home/fatienza/github/HIT_Solver/2D/hit2d_snapshots/run_20260710_185113/hit2d_step0114450.npz
step=114500, t=39.029192, dt=3.591e-04, KE=1.235511e-01, Mt=0.5053, A_K=0.023, Cuv=0.055, P_in=5.002e-03, P_tgt=5.015e-03, A_F=0.103, K_low=0.416, P_drag=-3.022e-03, P_cool=-2.983e-03, WENO=0.190, rho_mean=1.000000, p_mean=0.726218, div_rms=6.422e-01, vort_rms=1.609e+00, mass_err=-2.705e-10
saved snapshot: /home/fatienza/github/HIT_Solver/2D/hit2d_snapshots/run_20260710_185113/hit2d_step0114600.npz
saved snapshot: /home/fatienza/github/HIT_Solver/2D/hit2d_snapshots/run_20260710_185113/hit2d_step0114750.npz
saved snapshot: /home/fatienza/github/HIT_Solver/2D/hit2d_snapshots/run_20260710_185113/hit2d_step0114900.npz
step=115000, t=39.206542, dt=3.511e-04, KE=1.238458e-01, Mt=0.5055, A_K=0.050, Cuv=0.070, P_in=4.747e-03, P_tgt=4.751e-03, A_F=0.343, K_low=0.419, P_drag=-3.056e-03, P_cool=-2.931e-03, WENO=0.193, rho_mean=1.000000, p_mean=0.726011, div_rms=6.602e-01, vort_rms=1.603e+00, mass_err=-2.717e-10
saved snapshot: /home/fatienza/github/HIT_Solver/2D/hit2d_snapshots/run_20260710_185113/hit2d_step0115050.npz
saved snapshot: /home/fatienza/github/HIT_Solver/2D/hit2d_snapshots/run_20260710_185113/hit2d_step0115200.npz
saved snapshot: /home/fatienza/github/HIT_Solver/2D/hit2d_snapshots/run_20260710_185113/hit2d_step0115350.npz
step=115500, t=39.380625, dt=3.450e-04, KE=1.237516e-01, Mt=0.5048, A_K=0.070, Cuv=0.082, P_in=4.502e-03, P_tgt=4.515e-03, A_F=0.147, K_low=0.423, P_drag=-3.094e-03, P_cool=-2.916e-03, WENO=0.188, rho_mean=1.000000, p_mean=0.725948, div_rms=6.754e-01, vort_rms=1.598e+00, mass_err=-2.729e-10
saved snapshot: /home/fatienza/github/HIT_Solver/2D/hit2d_snapshots/run_20260710_185113/hit2d_step0115500.npz
saved snapshot: /home/fatienza/github/HIT_Solver/2D/hit2d_snapshots/run_20260710_185113/hit2d_step0115650.npz
saved snapshot: /home/fatienza/github/HIT_Solver/2D/hit2d_snapshots/run_20260710_185113/hit2d_step0115800.npz
saved snapshot: /home/fatienza/github/HIT_Solver/2D/hit2d_snapshots/run_20260710_185113/hit2d_step0115950.npz
step=116000, t=39.547940, dt=3.254e-04, KE=1.237560e-01, Mt=0.5040, A_K=0.081, Cuv=0.087, P_in=4.311e-03, P_tgt=4.325e-03, A_F=0.034, K_low=0.428, P_drag=-3.142e-03, P_cool=-2.888e-03, WENO=0.173, rho_mean=1.000000, p_mean=0.725837, div_rms=6.952e-01, vort_rms=1.594e+00, mass_err=-2.740e-10
saved snapshot: /home/fatienza/github/HIT_Solver/2D/hit2d_snapshots/run_20260710_185113/hit2d_step0116100.npz
saved snapshot: /home/fatienza/github/HIT_Solver/2D/hit2d_snapshots/run_20260710_185113/hit2d_step0116250.npz
saved snapshot: /home/fatienza/github/HIT_Solver/2D/hit2d_snapshots/run_20260710_185113/hit2d_step0116400.npz
step=116500, t=39.711303, dt=3.320e-04, KE=1.239107e-01, Mt=0.5038, A_K=0.088, Cuv=0.087, P_in=4.152e-03, P_tgt=4.165e-03, A_F=0.027, K_low=0.435, P_drag=-3.206e-03, P_cool=-2.842e-03, WENO=0.167, rho_mean=1.000000, p_mean=0.725655, div_rms=7.102e-01, vort_rms=1.587e+00, mass_err=-2.752e-10
saved snapshot: /home/fatienza/github/HIT_Solver/2D/hit2d_snapshots/run_20260710_185113/hit2d_step0116550.npz
saved snapshot: /home/fatienza/github/HIT_Solver/2D/hit2d_snapshots/run_20260710_185113/hit2d_step0116700.npz
saved snapshot: /home/fatienza/github/HIT_Solver/2D/hit2d_snapshots/run_20260710_185113/hit2d_step0116850.npz
step=117000, t=39.876737, dt=3.279e-04, KE=1.239352e-01, Mt=0.5042, A_K=0.098, Cuv=0.081, P_in=3.982e-03, P_tgt=4.006e-03, A_F=0.106, K_low=0.445, P_drag=-3.283e-03, P_cool=-2.806e-03, WENO=0.154, rho_mean=1.000000, p_mean=0.725509, div_rms=7.131e-01, vort_rms=1.576e+00, mass_err=-2.764e-10
saved snapshot: /home/fatienza/github/HIT_Solver/2D/hit2d_snapshots/run_20260710_185113/hit2d_step0117000.npz
saved snapshot: /home/fatienza/github/HIT_Solver/2D/hit2d_snapshots/run_20260710_185113/hit2d_step0117150.npz
saved snapshot: /home/fatienza/github/HIT_Solver/2D/hit2d_snapshots/run_20260710_185113/hit2d_step0117300.npz
saved snapshot: /home/fatienza/github/HIT_Solver/2D/hit2d_snapshots/run_20260710_185113/hit2d_step0117450.npz
step=117500, t=40.039526, dt=3.247e-04, KE=1.237921e-01, Mt=0.5048, A_K=0.114, Cuv=0.078, P_in=3.839e-03, P_tgt=3.832e-03, A_F=0.235, K_low=0.456, P_drag=-3.361e-03, P_cool=-2.784e-03, WENO=0.156, rho_mean=1.000000, p_mean=0.725420, div_rms=7.218e-01, vort_rms=1.563e+00, mass_err=-2.776e-10
saved snapshot: /home/fatienza/github/HIT_Solver/2D/hit2d_snapshots/run_20260710_185113/hit2d_step0117600.npz
saved snapshot: /home/fatienza/github/HIT_Solver/2D/hit2d_snapshots/run_20260710_185113/hit2d_step0117750.npz
saved snapshot: /home/fatienza/github/HIT_Solver/2D/hit2d_snapshots/run_20260710_185113/hit2d_step0117900.npz
step=118000, t=40.202053, dt=3.260e-04, KE=1.231950e-01, Mt=0.5051, A_K=0.134, Cuv=0.078, P_in=3.650e-03, P_tgt=3.648e-03, A_F=0.178, K_low=0.469, P_drag=-3.436e-03, P_cool=-2.803e-03, WENO=0.147, rho_mean=1.000000, p_mean=0.725498, div_rms=7.422e-01, vort_rms=1.551e+00, mass_err=-2.788e-10
saved snapshot: /home/fatienza/github/HIT_Solver/2D/hit2d_snapshots/run_20260710_185113/hit2d_step0118050.npz
saved snapshot: /home/fatienza/github/HIT_Solver/2D/hit2d_snapshots/run_20260710_185113/hit2d_step0118200.npz
saved snapshot: /home/fatienza/github/HIT_Solver/2D/hit2d_snapshots/run_20260710_185113/hit2d_step0118350.npz
step=118500, t=40.364126, dt=3.204e-04, KE=1.220848e-01, Mt=0.5043, A_K=0.152, Cuv=0.079, P_in=3.483e-03, P_tgt=3.479e-03, A_F=0.064, K_low=0.483, P_drag=-3.499e-03, P_cool=-2.869e-03, WENO=0.145, rho_mean=1.000000, p_mean=0.725763, div_rms=7.438e-01, vort_rms=1.545e+00, mass_err=-2.800e-10
saved snapshot: /home/fatienza/github/HIT_Solver/2D/hit2d_snapshots/run_20260710_185113/hit2d_step0118500.npz
saved snapshot: /home/fatienza/github/HIT_Solver/2D/hit2d_snapshots/run_20260710_185113/hit2d_step0118650.npz
saved snapshot: /home/fatienza/github/HIT_Solver/2D/hit2d_snapshots/run_20260710_185113/hit2d_step0118800.npz
saved snapshot: /home/fatienza/github/HIT_Solver/2D/hit2d_snapshots/run_20260710_185113/hit2d_step0118950.npz
step=119000, t=40.523284, dt=3.178e-04, KE=1.208819e-01, Mt=0.5026, A_K=0.162, Cuv=0.075, P_in=3.371e-03, P_tgt=3.360e-03, A_F=0.133, K_low=0.494, P_drag=-3.542e-03, P_cool=-2.941e-03, WENO=0.141, rho_mean=1.000000, p_mean=0.726050, div_rms=7.366e-01, vort_rms=1.539e+00, mass_err=-2.811e-10
saved snapshot: /home/fatienza/github/HIT_Solver/2D/hit2d_snapshots/run_20260710_185113/hit2d_step0119100.npz
saved snapshot: /home/fatienza/github/HIT_Solver/2D/hit2d_snapshots/run_20260710_185113/hit2d_step0119250.npz
saved snapshot: /home/fatienza/github/HIT_Solver/2D/hit2d_snapshots/run_20260710_185113/hit2d_step0119400.npz
step=119500, t=40.682741, dt=3.209e-04, KE=1.200241e-01, Mt=0.5010, A_K=0.164, Cuv=0.066, P_in=3.298e-03, P_tgt=3.302e-03, A_F=0.046, K_low=0.502, P_drag=-3.569e-03, P_cool=-2.976e-03, WENO=0.141, rho_mean=1.000000, p_mean=0.726189, div_rms=7.367e-01, vort_rms=1.527e+00, mass_err=-2.823e-10
saved snapshot: /home/fatienza/github/HIT_Solver/2D/hit2d_snapshots/run_20260710_185113/hit2d_step0119550.npz
saved snapshot: /home/fatienza/github/HIT_Solver/2D/hit2d_snapshots/run_20260710_185113/hit2d_step0119700.npz
saved snapshot: /home/fatienza/github/HIT_Solver/2D/hit2d_snapshots/run_20260710_185113/hit2d_step0119850.npz
step=120000, t=40.844464, dt=3.270e-04, KE=1.191587e-01, Mt=0.4995, A_K=0.164, Cuv=0.053, P_in=3.291e-03, P_tgt=3.293e-03, A_F=0.141, K_low=0.508, P_drag=-3.586e-03, P_cool=-3.009e-03, WENO=0.148, rho_mean=1.000000, p_mean=0.726324, div_rms=7.364e-01, vort_rms=1.518e+00, mass_err=-2.835e-10
saved snapshot: /home/fatienza/github/HIT_Solver/2D/hit2d_snapshots/run_20260710_185113/hit2d_step0120000.npz
saved snapshot: /home/fatienza/github/HIT_Solver/2D/hit2d_snapshots/run_20260710_185113/hit2d_step0120150.npz
saved snapshot: /home/fatienza/github/HIT_Solver/2D/hit2d_snapshots/run_20260710_185113/hit2d_step0120300.npz
saved snapshot: /home/fatienza/github/HIT_Solver/2D/hit2d_snapshots/run_20260710_185113/hit2d_step0120450.npz
step=120500, t=41.011141, dt=3.378e-04, KE=1.182247e-01, Mt=0.4976, A_K=0.159, Cuv=0.037, P_in=3.346e-03, P_tgt=3.341e-03, A_F=0.148, K_low=0.513, P_drag=-3.595e-03, P_cool=-3.048e-03, WENO=0.149, rho_mean=1.000000, p_mean=0.726479, div_rms=7.336e-01, vort_rms=1.510e+00, mass_err=-2.847e-10
saved snapshot: /home/fatienza/github/HIT_Solver/2D/hit2d_snapshots/run_20260710_185113/hit2d_step0120600.npz
saved snapshot: /home/fatienza/github/HIT_Solver/2D/hit2d_snapshots/run_20260710_185113/hit2d_step0120750.npz
saved snapshot: /home/fatienza/github/HIT_Solver/2D/hit2d_snapshots/run_20260710_185113/hit2d_step0120900.npz
step=121000, t=41.179699, dt=3.354e-04, KE=1.171922e-01, Mt=0.4950, A_K=0.145, Cuv=0.021, P_in=3.438e-03, P_tgt=3.468e-03, A_F=0.070, K_low=0.519, P_drag=-3.605e-03, P_cool=-3.097e-03, WENO=0.147, rho_mean=1.000000, p_mean=0.726673, div_rms=7.158e-01, vort_rms=1.503e+00, mass_err=-2.859e-10
saved snapshot: /home/fatienza/github/HIT_Solver/2D/hit2d_snapshots/run_20260710_185113/hit2d_step0121050.npz
saved snapshot: /home/fatienza/github/HIT_Solver/2D/hit2d_snapshots/run_20260710_185113/hit2d_step0121200.npz
saved snapshot: /home/fatienza/github/HIT_Solver/2D/hit2d_snapshots/run_20260710_185113/hit2d_step0121350.npz
step=121500, t=41.346864, dt=3.335e-04, KE=1.167757e-01, Mt=0.4941, A_K=0.127, Cuv=0.016, P_in=3.673e-03, P_tgt=3.672e-03, A_F=0.035, K_low=0.524, P_drag=-3.623e-03, P_cool=-3.086e-03, WENO=0.148, rho_mean=1.000000, p_mean=0.726632, div_rms=7.123e-01, vort_rms=1.498e+00, mass_err=-2.871e-10
saved snapshot: /home/fatienza/github/HIT_Solver/2D/hit2d_snapshots/run_20260710_185113/hit2d_step0121500.npz
saved snapshot: /home/fatienza/github/HIT_Solver/2D/hit2d_snapshots/run_20260710_185113/hit2d_step0121650.npz
saved snapshot: /home/fatienza/github/HIT_Solver/2D/hit2d_snapshots/run_20260710_185113/hit2d_step0121800.npz
saved snapshot: /home/fatienza/github/HIT_Solver/2D/hit2d_snapshots/run_20260710_185113/hit2d_step0121950.npz
step=122000, t=41.513008, dt=3.332e-04, KE=1.165597e-01, Mt=0.4941, A_K=0.110, Cuv=0.013, P_in=3.927e-03, P_tgt=3.898e-03, A_F=0.046, K_low=0.530, P_drag=-3.652e-03, P_cool=-3.060e-03, WENO=0.148, rho_mean=1.000000, p_mean=0.726526, div_rms=7.054e-01, vort_rms=1.492e+00, mass_err=-2.882e-10
saved snapshot: /home/fatienza/github/HIT_Solver/2D/hit2d_snapshots/run_20260710_185113/hit2d_step0122100.npz
saved snapshot: /home/fatienza/github/HIT_Solver/2D/hit2d_snapshots/run_20260710_185113/hit2d_step0122250.npz
saved snapshot: /home/fatienza/github/HIT_Solver/2D/hit2d_snapshots/run_20260710_185113/hit2d_step0122400.npz
step=122500, t=41.679692, dt=3.329e-04, KE=1.161482e-01, Mt=0.4938, A_K=0.096, Cuv=0.009, P_in=4.165e-03, P_tgt=4.145e-03, A_F=0.069, K_low=0.539, P_drag=-3.688e-03, P_cool=-3.056e-03, WENO=0.163, rho_mean=1.000000, p_mean=0.726510, div_rms=6.958e-01, vort_rms=1.479e+00, mass_err=-2.894e-10
saved snapshot: /home/fatienza/github/HIT_Solver/2D/hit2d_snapshots/run_20260710_185113/hit2d_step0122550.npz
saved snapshot: /home/fatienza/github/HIT_Solver/2D/hit2d_snapshots/run_20260710_185113/hit2d_step0122700.npz
saved snapshot: /home/fatienza/github/HIT_Solver/2D/hit2d_snapshots/run_20260710_185113/hit2d_step0122850.npz
step=123000, t=41.845515, dt=3.325e-04, KE=1.156212e-01, Mt=0.4934, A_K=0.088, Cuv=0.007, P_in=4.412e-03, P_tgt=4.429e-03, A_F=0.098, K_low=0.548, P_drag=-3.719e-03, P_cool=-3.067e-03, WENO=0.155, rho_mean=1.000000, p_mean=0.726554, div_rms=7.041e-01, vort_rms=1.466e+00, mass_err=-2.906e-10
saved snapshot: /home/fatienza/github/HIT_Solver/2D/hit2d_snapshots/run_20260710_185113/hit2d_step0123000.npz
saved snapshot: /home/fatienza/github/HIT_Solver/2D/hit2d_snapshots/run_20260710_185113/hit2d_step0123150.npz
saved snapshot: /home/fatienza/github/HIT_Solver/2D/hit2d_snapshots/run_20260710_185113/hit2d_step0123300.npz
saved snapshot: /home/fatienza/github/HIT_Solver/2D/hit2d_snapshots/run_20260710_185113/hit2d_step0123450.npz
step=123500, t=42.013242, dt=3.380e-04, KE=1.152169e-01, Mt=0.4935, A_K=0.075, Cuv=0.011, P_in=4.710e-03, P_tgt=4.735e-03, A_F=0.137, K_low=0.555, P_drag=-3.740e-03, P_cool=-3.069e-03, WENO=0.138, rho_mean=1.000000, p_mean=0.726564, div_rms=7.400e-01, vort_rms=1.459e+00, mass_err=-2.918e-10
saved snapshot: /home/fatienza/github/HIT_Solver/2D/hit2d_snapshots/run_20260710_185113/hit2d_step0123600.npz
saved snapshot: /home/fatienza/github/HIT_Solver/2D/hit2d_snapshots/run_20260710_185113/hit2d_step0123750.npz
saved snapshot: /home/fatienza/github/HIT_Solver/2D/hit2d_snapshots/run_20260710_185113/hit2d_step0123900.npz
step=124000, t=42.181673, dt=3.343e-04, KE=1.150256e-01, Mt=0.4936, A_K=0.054, Cuv=0.019, P_in=5.057e-03, P_tgt=5.054e-03, A_F=0.011, K_low=0.558, P_drag=-3.747e-03, P_cool=-3.056e-03, WENO=0.147, rho_mean=1.000000, p_mean=0.726510, div_rms=7.493e-01, vort_rms=1.455e+00, mass_err=-2.929e-10
saved snapshot: /home/fatienza/github/HIT_Solver/2D/hit2d_snapshots/run_20260710_185113/hit2d_step0124050.npz
saved snapshot: /home/fatienza/github/HIT_Solver/2D/hit2d_snapshots/run_20260710_185113/hit2d_step0124200.npz
saved snapshot: /home/fatienza/github/HIT_Solver/2D/hit2d_snapshots/run_20260710_185113/hit2d_step0124350.npz
step=124500, t=42.347571, dt=3.294e-04, KE=1.151503e-01, Mt=0.4931, A_K=0.030, Cuv=0.021, P_in=5.424e-03, P_tgt=5.405e-03, A_F=0.123, K_low=0.555, P_drag=-3.742e-03, P_cool=-3.018e-03, WENO=0.149, rho_mean=1.000000, p_mean=0.726357, div_rms=7.605e-01, vort_rms=1.448e+00, mass_err=-2.941e-10
saved snapshot: /home/fatienza/github/HIT_Solver/2D/hit2d_snapshots/run_20260710_185113/hit2d_step0124500.npz
saved snapshot: /home/fatienza/github/HIT_Solver/2D/hit2d_snapshots/run_20260710_185113/hit2d_step0124650.npz
saved snapshot: /home/fatienza/github/HIT_Solver/2D/hit2d_snapshots/run_20260710_185113/hit2d_step0124800.npz
saved snapshot: /home/fatienza/github/HIT_Solver/2D/hit2d_snapshots/run_20260710_185113/hit2d_step0124950.npz
step=125000, t=42.512851, dt=3.333e-04, KE=1.152760e-01, Mt=0.4920, A_K=0.011, Cuv=0.023, P_in=5.808e-03, P_tgt=5.831e-03, A_F=0.039, K_low=0.550, P_drag=-3.725e-03, P_cool=-2.987e-03, WENO=0.145, rho_mean=1.000000, p_mean=0.726234, div_rms=7.571e-01, vort_rms=1.441e+00, mass_err=-2.953e-10
saved snapshot: /home/fatienza/github/HIT_Solver/2D/hit2d_snapshots/run_20260710_185113/hit2d_step0125100.npz
saved snapshot: /home/fatienza/github/HIT_Solver/2D/hit2d_snapshots/run_20260710_185113/hit2d_step0125250.npz
saved snapshot: /home/fatienza/github/HIT_Solver/2D/hit2d_snapshots/run_20260710_185113/hit2d_step0125400.npz
step=125500, t=42.681263, dt=3.415e-04, KE=1.155817e-01, Mt=0.4918, A_K=0.000, Cuv=0.024, P_in=6.345e-03, P_tgt=6.346e-03, A_F=0.115, K_low=0.544, P_drag=-3.699e-03, P_cool=-2.947e-03, WENO=0.134, rho_mean=1.000000, p_mean=0.726072, div_rms=7.423e-01, vort_rms=1.443e+00, mass_err=-2.965e-10
saved snapshot: /home/fatienza/github/HIT_Solver/2D/hit2d_snapshots/run_20260710_185113/hit2d_step0125550.npz
saved snapshot: /home/fatienza/github/HIT_Solver/2D/hit2d_snapshots/run_20260710_185113/hit2d_step0125700.npz
saved snapshot: /home/fatienza/github/HIT_Solver/2D/hit2d_snapshots/run_20260710_185113/hit2d_step0125850.npz
step=126000, t=42.852712, dt=3.441e-04, KE=1.163134e-01, Mt=0.4927, A_K=0.002, Cuv=0.023, P_in=6.845e-03, P_tgt=6.872e-03, A_F=0.071, K_low=0.535, P_drag=-3.667e-03, P_cool=-2.874e-03, WENO=0.151, rho_mean=1.000000, p_mean=0.725780, div_rms=7.150e-01, vort_rms=1.448e+00, mass_err=-2.977e-10
saved snapshot: /home/fatienza/github/HIT_Solver/2D/hit2d_snapshots/run_20260710_185113/hit2d_step0126000.npz
saved snapshot: /home/fatienza/github/HIT_Solver/2D/hit2d_snapshots/run_20260710_185113/hit2d_step0126150.npz
saved snapshot: /home/fatienza/github/HIT_Solver/2D/hit2d_snapshots/run_20260710_185113/hit2d_step0126300.npz
saved snapshot: /home/fatienza/github/HIT_Solver/2D/hit2d_snapshots/run_20260710_185113/hit2d_step0126450.npz
step=126500, t=43.024689, dt=3.415e-04, KE=1.171979e-01, Mt=0.4935, A_K=0.015, Cuv=0.024, P_in=7.360e-03, P_tgt=7.366e-03, A_F=0.045, K_low=0.524, P_drag=-3.629e-03, P_cool=-2.796e-03, WENO=0.147, rho_mean=1.000000, p_mean=0.725470, div_rms=6.847e-01, vort_rms=1.448e+00, mass_err=-2.989e-10
saved snapshot: /home/fatienza/github/HIT_Solver/2D/hit2d_snapshots/run_20260710_185113/hit2d_step0126600.npz
saved snapshot: /home/fatienza/github/HIT_Solver/2D/hit2d_snapshots/run_20260710_185113/hit2d_step0126750.npz
saved snapshot: /home/fatienza/github/HIT_Solver/2D/hit2d_snapshots/run_20260710_185113/hit2d_step0126900.npz
step=127000, t=43.194886, dt=3.393e-04, KE=1.179652e-01, Mt=0.4941, A_K=0.036, Cuv=0.026, P_in=7.831e-03, P_tgt=7.844e-03, A_F=0.162, K_low=0.512, P_drag=-3.583e-03, P_cool=-2.740e-03, WENO=0.136, rho_mean=1.000000, p_mean=0.725247, div_rms=6.598e-01, vort_rms=1.443e+00, mass_err=-3.000e-10
saved snapshot: /home/fatienza/github/HIT_Solver/2D/hit2d_snapshots/run_20260710_185113/hit2d_step0127050.npz
saved snapshot: /home/fatienza/github/HIT_Solver/2D/hit2d_snapshots/run_20260710_185113/hit2d_step0127200.npz
saved snapshot: /home/fatienza/github/HIT_Solver/2D/hit2d_snapshots/run_20260710_185113/hit2d_step0127350.npz
step=127500, t=43.365337, dt=3.434e-04, KE=1.183763e-01, Mt=0.4945, A_K=0.047, Cuv=0.032, P_in=8.331e-03, P_tgt=8.311e-03, A_F=0.009, K_low=0.502, P_drag=-3.536e-03, P_cool=-2.730e-03, WENO=0.128, rho_mean=1.000000, p_mean=0.725206, div_rms=6.274e-01, vort_rms=1.440e+00, mass_err=-3.012e-10
saved snapshot: /home/fatienza/github/HIT_Solver/2D/hit2d_snapshots/run_20260710_185113/hit2d_step0127500.npz
saved snapshot: /home/fatienza/github/HIT_Solver/2D/hit2d_snapshots/run_20260710_185113/hit2d_step0127650.npz
saved snapshot: /home/fatienza/github/HIT_Solver/2D/hit2d_snapshots/run_20260710_185113/hit2d_step0127800.npz
saved snapshot: /home/fatienza/github/HIT_Solver/2D/hit2d_snapshots/run_20260710_185113/hit2d_step0127950.npz
step=128000, t=43.539048, dt=3.497e-04, KE=1.185856e-01, Mt=0.4955, A_K=0.052, Cuv=0.037, P_in=8.715e-03, P_tgt=8.746e-03, A_F=0.167, K_low=0.496, P_drag=-3.494e-03, P_cool=-2.750e-03, WENO=0.147, rho_mean=1.000000, p_mean=0.725287, div_rms=6.144e-01, vort_rms=1.440e+00, mass_err=-3.024e-10
saved snapshot: /home/fatienza/github/HIT_Solver/2D/hit2d_snapshots/run_20260710_185113/hit2d_step0128100.npz
saved snapshot: /home/fatienza/github/HIT_Solver/2D/hit2d_snapshots/run_20260710_185113/hit2d_step0128250.npz
saved snapshot: /home/fatienza/github/HIT_Solver/2D/hit2d_snapshots/run_20260710_185113/hit2d_step0128400.npz
step=128500, t=43.714926, dt=3.526e-04, KE=1.185304e-01, Mt=0.4962, A_K=0.055, Cuv=0.036, P_in=9.181e-03, P_tgt=9.127e-03, A_F=0.130, K_low=0.492, P_drag=-3.456e-03, P_cool=-2.806e-03, WENO=0.143, rho_mean=1.000000, p_mean=0.725508, div_rms=5.920e-01, vort_rms=1.445e+00, mass_err=-3.036e-10
saved snapshot: /home/fatienza/github/HIT_Solver/2D/hit2d_snapshots/run_20260710_185113/hit2d_step0128550.npz
saved snapshot: /home/fatienza/github/HIT_Solver/2D/hit2d_snapshots/run_20260710_185113/hit2d_step0128700.npz
saved snapshot: /home/fatienza/github/HIT_Solver/2D/hit2d_snapshots/run_20260710_185113/hit2d_step0128850.npz
step=129000, t=43.890594, dt=3.510e-04, KE=1.186642e-01, Mt=0.4973, A_K=0.056, Cuv=0.031, P_in=9.420e-03, P_tgt=9.436e-03, A_F=0.012, K_low=0.487, P_drag=-3.422e-03, P_cool=-2.848e-03, WENO=0.153, rho_mean=1.000000, p_mean=0.725679, div_rms=5.951e-01, vort_rms=1.452e+00, mass_err=-3.048e-10
saved snapshot: /home/fatienza/github/HIT_Solver/2D/hit2d_snapshots/run_20260710_185113/hit2d_step0129000.npz
saved snapshot: /home/fatienza/github/HIT_Solver/2D/hit2d_snapshots/run_20260710_185113/hit2d_step0129150.npz
saved snapshot: /home/fatienza/github/HIT_Solver/2D/hit2d_snapshots/run_20260710_185113/hit2d_step0129300.npz
saved snapshot: /home/fatienza/github/HIT_Solver/2D/hit2d_snapshots/run_20260710_185113/hit2d_step0129450.npz
step=129500, t=44.065936, dt=3.498e-04, KE=1.189017e-01, Mt=0.4987, A_K=0.052, Cuv=0.019, P_in=9.660e-03, P_tgt=9.636e-03, A_F=0.006, K_low=0.483, P_drag=-3.393e-03, P_cool=-2.884e-03, WENO=0.136, rho_mean=1.000000, p_mean=0.725822, div_rms=5.898e-01, vort_rms=1.456e+00, mass_err=-3.060e-10
saved snapshot: /home/fatienza/github/HIT_Solver/2D/hit2d_snapshots/run_20260710_185113/hit2d_step0129600.npz
saved snapshot: /home/fatienza/github/HIT_Solver/2D/hit2d_snapshots/run_20260710_185113/hit2d_step0129750.npz
saved snapshot: /home/fatienza/github/HIT_Solver/2D/hit2d_snapshots/run_20260710_185113/hit2d_step0129900.npz
step=130000, t=44.240076, dt=3.477e-04, KE=1.193327e-01, Mt=0.5003, A_K=0.044, Cuv=0.007, P_in=9.701e-03, P_tgt=9.684e-03, A_F=0.079, K_low=0.477, P_drag=-3.364e-03, P_cool=-2.901e-03, WENO=0.155, rho_mean=1.000000, p_mean=0.725890, div_rms=5.840e-01, vort_rms=1.462e+00, mass_err=-3.071e-10
saved snapshot: /home/fatienza/github/HIT_Solver/2D/hit2d_snapshots/run_20260710_185113/hit2d_step0130050.npz
saved snapshot: /home/fatienza/github/HIT_Solver/2D/hit2d_snapshots/run_20260710_185113/hit2d_step0130200.npz
saved snapshot: /home/fatienza/github/HIT_Solver/2D/hit2d_snapshots/run_20260710_185113/hit2d_step0130350.npz
step=130500, t=44.414613, dt=3.499e-04, KE=1.197579e-01, Mt=0.5011, A_K=0.036, Cuv=-0.005, P_in=9.620e-03, P_tgt=9.609e-03, A_F=0.358, K_low=0.470, P_drag=-3.326e-03, P_cool=-2.918e-03, WENO=0.172, rho_mean=1.000000, p_mean=0.725957, div_rms=5.762e-01, vort_rms=1.465e+00, mass_err=-3.083e-10
saved snapshot: /home/fatienza/github/HIT_Solver/2D/hit2d_snapshots/run_20260710_185113/hit2d_step0130500.npz
saved snapshot: /home/fatienza/github/HIT_Solver/2D/hit2d_snapshots/run_20260710_185113/hit2d_step0130650.npz
saved snapshot: /home/fatienza/github/HIT_Solver/2D/hit2d_snapshots/run_20260710_185113/hit2d_step0130800.npz
saved snapshot: /home/fatienza/github/HIT_Solver/2D/hit2d_snapshots/run_20260710_185113/hit2d_step0130950.npz
step=131000, t=44.589988, dt=3.508e-04, KE=1.202292e-01, Mt=0.5015, A_K=0.025, Cuv=-0.022, P_in=9.472e-03, P_tgt=9.489e-03, A_F=0.310, K_low=0.460, P_drag=-3.278e-03, P_cool=-2.928e-03, WENO=0.178, rho_mean=1.000000, p_mean=0.725999, div_rms=5.728e-01, vort_rms=1.471e+00, mass_err=-3.095e-10
saved snapshot: /home/fatienza/github/HIT_Solver/2D/hit2d_snapshots/run_20260710_185113/hit2d_step0131100.npz
saved snapshot: /home/fatienza/github/HIT_Solver/2D/hit2d_snapshots/run_20260710_185113/hit2d_step0131250.npz
saved snapshot: /home/fatienza/github/HIT_Solver/2D/hit2d_snapshots/run_20260710_185113/hit2d_step0131400.npz
step=131500, t=44.767439, dt=3.569e-04, KE=1.207552e-01, Mt=0.5018, A_K=0.010, Cuv=-0.047, P_in=9.329e-03, P_tgt=9.332e-03, A_F=0.092, K_low=0.449, P_drag=-3.224e-03, P_cool=-2.932e-03, WENO=0.175, rho_mean=1.000000, p_mean=0.726014, div_rms=5.873e-01, vort_rms=1.476e+00, mass_err=-3.107e-10
saved snapshot: /home/fatienza/github/HIT_Solver/2D/hit2d_snapshots/run_20260710_185113/hit2d_step0131550.npz
saved snapshot: /home/fatienza/github/HIT_Solver/2D/hit2d_snapshots/run_20260710_185113/hit2d_step0131700.npz
saved snapshot: /home/fatienza/github/HIT_Solver/2D/hit2d_snapshots/run_20260710_185113/hit2d_step0131850.npz
step=132000, t=44.945830, dt=3.561e-04, KE=1.210408e-01, Mt=0.5021, A_K=0.009, Cuv=-0.080, P_in=9.155e-03, P_tgt=9.154e-03, A_F=0.181, K_low=0.441, P_drag=-3.175e-03, P_cool=-2.957e-03, WENO=0.188, rho_mean=1.000000, p_mean=0.726113, div_rms=5.997e-01, vort_rms=1.478e+00, mass_err=-3.119e-10
saved snapshot: /home/fatienza/github/HIT_Solver/2D/hit2d_snapshots/run_20260710_185113/hit2d_step0132000.npz
saved snapshot: /home/fatienza/github/HIT_Solver/2D/hit2d_snapshots/run_20260710_185113/hit2d_step0132150.npz
saved snapshot: /home/fatienza/github/HIT_Solver/2D/hit2d_snapshots/run_20260710_185113/hit2d_step0132300.npz
saved snapshot: /home/fatienza/github/HIT_Solver/2D/hit2d_snapshots/run_20260710_185113/hit2d_step0132450.npz
step=132500, t=45.122862, dt=3.503e-04, KE=1.210115e-01, Mt=0.5021, A_K=0.031, Cuv=-0.109, P_in=8.945e-03, P_tgt=8.963e-03, A_F=0.080, K_low=0.437, P_drag=-3.138e-03, P_cool=-3.009e-03, WENO=0.182, rho_mean=1.000000, p_mean=0.726323, div_rms=6.066e-01, vort_rms=1.481e+00, mass_err=-3.130e-10
saved snapshot: /home/fatienza/github/HIT_Solver/2D/hit2d_snapshots/run_20260710_185113/hit2d_step0132600.npz
saved snapshot: /home/fatienza/github/HIT_Solver/2D/hit2d_snapshots/run_20260710_185113/hit2d_step0132750.npz
saved snapshot: /home/fatienza/github/HIT_Solver/2D/hit2d_snapshots/run_20260710_185113/hit2d_step0132900.npz
step=133000, t=45.296866, dt=3.455e-04, KE=1.206262e-01, Mt=0.5015, A_K=0.055, Cuv=-0.133, P_in=8.805e-03, P_tgt=8.803e-03, A_F=0.211, K_low=0.438, P_drag=-3.114e-03, P_cool=-3.093e-03, WENO=0.180, rho_mean=1.000000, p_mean=0.726656, div_rms=6.084e-01, vort_rms=1.484e+00, mass_err=-3.142e-10
saved snapshot: /home/fatienza/github/HIT_Solver/2D/hit2d_snapshots/run_20260710_185113/hit2d_step0133050.npz
saved snapshot: /home/fatienza/github/HIT_Solver/2D/hit2d_snapshots/run_20260710_185113/hit2d_step0133200.npz
saved snapshot: /home/fatienza/github/HIT_Solver/2D/hit2d_snapshots/run_20260710_185113/hit2d_step0133350.npz
step=133500, t=45.467243, dt=3.365e-04, KE=1.205004e-01, Mt=0.5020, A_K=0.081, Cuv=-0.149, P_in=8.678e-03, P_tgt=8.663e-03, A_F=0.044, K_low=0.439, P_drag=-3.106e-03, P_cool=-3.146e-03, WENO=0.171, rho_mean=1.000000, p_mean=0.726869, div_rms=6.275e-01, vort_rms=1.492e+00, mass_err=-3.154e-10
saved snapshot: /home/fatienza/github/HIT_Solver/2D/hit2d_snapshots/run_20260710_185113/hit2d_step0133500.npz
saved snapshot: /home/fatienza/github/HIT_Solver/2D/hit2d_snapshots/run_20260710_185113/hit2d_step0133650.npz
saved snapshot: /home/fatienza/github/HIT_Solver/2D/hit2d_snapshots/run_20260710_185113/hit2d_step0133800.npz
saved snapshot: /home/fatienza/github/HIT_Solver/2D/hit2d_snapshots/run_20260710_185113/hit2d_step0133950.npz
step=134000, t=45.636365, dt=3.402e-04, KE=1.208929e-01, Mt=0.5032, A_K=0.102, Cuv=-0.157, P_in=8.508e-03, P_tgt=8.448e-03, A_F=0.032, K_low=0.440, P_drag=-3.115e-03, P_cool=-3.145e-03, WENO=0.159, rho_mean=1.000000, p_mean=0.726864, div_rms=6.286e-01, vort_rms=1.502e+00, mass_err=-3.165e-10
saved snapshot: /home/fatienza/github/HIT_Solver/2D/hit2d_snapshots/run_20260710_185113/hit2d_step0134100.npz
saved snapshot: /home/fatienza/github/HIT_Solver/2D/hit2d_snapshots/run_20260710_185113/hit2d_step0134250.npz
saved snapshot: /home/fatienza/github/HIT_Solver/2D/hit2d_snapshots/run_20260710_185113/hit2d_step0134400.npz
step=134500, t=45.807076, dt=3.430e-04, KE=1.219035e-01, Mt=0.5053, A_K=0.118, Cuv=-0.167, P_in=8.131e-03, P_tgt=8.102e-03, A_F=0.101, K_low=0.440, P_drag=-3.140e-03, P_cool=-3.079e-03, WENO=0.155, rho_mean=1.000000, p_mean=0.726601, div_rms=6.340e-01, vort_rms=1.511e+00, mass_err=-3.177e-10
saved snapshot: /home/fatienza/github/HIT_Solver/2D/hit2d_snapshots/run_20260710_185113/hit2d_step0134550.npz
saved snapshot: /home/fatienza/github/HIT_Solver/2D/hit2d_snapshots/run_20260710_185113/hit2d_step0134700.npz
saved snapshot: /home/fatienza/github/HIT_Solver/2D/hit2d_snapshots/run_20260710_185113/hit2d_step0134850.npz
step=135000, t=45.980017, dt=3.473e-04, KE=1.229821e-01, Mt=0.5070, A_K=0.128, Cuv=-0.185, P_in=7.624e-03, P_tgt=7.621e-03, A_F=0.105, K_low=0.443, P_drag=-3.184e-03, P_cool=-3.001e-03, WENO=0.151, rho_mean=1.000000, p_mean=0.726292, div_rms=6.260e-01, vort_rms=1.519e+00, mass_err=-3.189e-10
saved snapshot: /home/fatienza/github/HIT_Solver/2D/hit2d_snapshots/run_20260710_185113/hit2d_step0135000.npz
saved snapshot: /home/fatienza/github/HIT_Solver/2D/hit2d_snapshots/run_20260710_185113/hit2d_step0135150.npz
saved snapshot: /home/fatienza/github/HIT_Solver/2D/hit2d_snapshots/run_20260710_185113/hit2d_step0135300.npz
saved snapshot: /home/fatienza/github/HIT_Solver/2D/hit2d_snapshots/run_20260710_185113/hit2d_step0135450.npz
step=135500, t=46.154083, dt=3.500e-04, KE=1.239645e-01, Mt=0.5083, A_K=0.137, Cuv=-0.210, P_in=7.108e-03, P_tgt=7.066e-03, A_F=0.173, K_low=0.448, P_drag=-3.249e-03, P_cool=-2.926e-03, WENO=0.144, rho_mean=1.000000, p_mean=0.725990, div_rms=6.340e-01, vort_rms=1.523e+00, mass_err=-3.201e-10
saved snapshot: /home/fatienza/github/HIT_Solver/2D/hit2d_snapshots/run_20260710_185113/hit2d_step0135600.npz
saved snapshot: /home/fatienza/github/HIT_Solver/2D/hit2d_snapshots/run_20260710_185113/hit2d_step0135750.npz
saved snapshot: /home/fatienza/github/HIT_Solver/2D/hit2d_snapshots/run_20260710_185113/hit2d_step0135900.npz
step=136000, t=46.329312, dt=3.518e-04, KE=1.246638e-01, Mt=0.5090, A_K=0.145, Cuv=-0.241, P_in=6.477e-03, P_tgt=6.490e-03, A_F=0.235, K_low=0.457, P_drag=-3.333e-03, P_cool=-2.869e-03, WENO=0.151, rho_mean=1.000000, p_mean=0.725761, div_rms=6.362e-01, vort_rms=1.526e+00, mass_err=-3.213e-10
saved snapshot: /home/fatienza/github/HIT_Solver/2D/hit2d_snapshots/run_20260710_185113/hit2d_step0136050.npz
saved snapshot: /home/fatienza/github/HIT_Solver/2D/hit2d_snapshots/run_20260710_185113/hit2d_step0136200.npz
saved snapshot: /home/fatienza/github/HIT_Solver/2D/hit2d_snapshots/run_20260710_185113/hit2d_step0136350.npz
step=136500, t=46.505563, dt=3.534e-04, KE=1.249466e-01, Mt=0.5090, A_K=0.150, Cuv=-0.272, P_in=5.934e-03, P_tgt=5.943e-03, A_F=0.037, K_low=0.469, P_drag=-3.427e-03, P_cool=-2.840e-03, WENO=0.149, rho_mean=1.000000, p_mean=0.725646, div_rms=6.276e-01, vort_rms=1.527e+00, mass_err=-3.224e-10
saved snapshot: /home/fatienza/github/HIT_Solver/2D/hit2d_snapshots/run_20260710_185113/hit2d_step0136500.npz
saved snapshot: /home/fatienza/github/HIT_Solver/2D/hit2d_snapshots/run_20260710_185113/hit2d_step0136650.npz
saved snapshot: /home/fatienza/github/HIT_Solver/2D/hit2d_snapshots/run_20260710_185113/hit2d_step0136800.npz
saved snapshot: /home/fatienza/github/HIT_Solver/2D/hit2d_snapshots/run_20260710_185113/hit2d_step0136950.npz
step=137000, t=46.684102, dt=3.599e-04, KE=1.251998e-01, Mt=0.5092, A_K=0.151, Cuv=-0.291, P_in=5.418e-03, P_tgt=5.440e-03, A_F=0.077, K_low=0.480, P_drag=-3.515e-03, P_cool=-2.803e-03, WENO=0.141, rho_mean=1.000000, p_mean=0.725496, div_rms=6.297e-01, vort_rms=1.529e+00, mass_err=-3.236e-10
saved snapshot: /home/fatienza/github/HIT_Solver/2D/hit2d_snapshots/run_20260710_185113/hit2d_step0137100.npz
saved snapshot: /home/fatienza/github/HIT_Solver/2D/hit2d_snapshots/run_20260710_185113/hit2d_step0137250.npz
saved snapshot: /home/fatienza/github/HIT_Solver/2D/hit2d_snapshots/run_20260710_185113/hit2d_step0137400.npz
step=137500, t=46.864039, dt=3.582e-04, KE=1.253407e-01, Mt=0.5095, A_K=0.144, Cuv=-0.311, P_in=4.945e-03, P_tgt=4.966e-03, A_F=0.197, K_low=0.490, P_drag=-3.598e-03, P_cool=-2.767e-03, WENO=0.135, rho_mean=1.000000, p_mean=0.725354, div_rms=6.334e-01, vort_rms=1.530e+00, mass_err=-3.248e-10
saved snapshot: /home/fatienza/github/HIT_Solver/2D/hit2d_snapshots/run_20260710_185113/hit2d_step0137550.npz
saved snapshot: /home/fatienza/github/HIT_Solver/2D/hit2d_snapshots/run_20260710_185113/hit2d_step0137700.npz
saved snapshot: /home/fatienza/github/HIT_Solver/2D/hit2d_snapshots/run_20260710_185113/hit2d_step0137850.npz
step=138000, t=47.043045, dt=3.581e-04, KE=1.250832e-01, Mt=0.5087, A_K=0.131, Cuv=-0.328, P_in=4.554e-03, P_tgt=4.538e-03, A_F=0.058, K_low=0.501, P_drag=-3.673e-03, P_cool=-2.763e-03, WENO=0.138, rho_mean=1.000000, p_mean=0.725338, div_rms=6.469e-01, vort_rms=1.527e+00, mass_err=-3.260e-10
saved snapshot: /home/fatienza/github/HIT_Solver/2D/hit2d_snapshots/run_20260710_185113/hit2d_step0138000.npz
saved snapshot: /home/fatienza/github/HIT_Solver/2D/hit2d_snapshots/run_20260710_185113/hit2d_step0138150.npz
saved snapshot: /home/fatienza/github/HIT_Solver/2D/hit2d_snapshots/run_20260710_185113/hit2d_step0138300.npz
saved snapshot: /home/fatienza/github/HIT_Solver/2D/hit2d_snapshots/run_20260710_185113/hit2d_step0138450.npz
step=138500, t=47.220941, dt=3.558e-04, KE=1.245575e-01, Mt=0.5071, A_K=0.114, Cuv=-0.338, P_in=4.206e-03, P_tgt=4.204e-03, A_F=0.002, K_low=0.511, P_drag=-3.741e-03, P_cool=-2.779e-03, WENO=0.133, rho_mean=1.000000, p_mean=0.725401, div_rms=6.509e-01, vort_rms=1.519e+00, mass_err=-3.272e-10
saved snapshot: /home/fatienza/github/HIT_Solver/2D/hit2d_snapshots/run_20260710_185113/hit2d_step0138600.npz
saved snapshot: /home/fatienza/github/HIT_Solver/2D/hit2d_snapshots/run_20260710_185113/hit2d_step0138750.npz
saved snapshot: /home/fatienza/github/HIT_Solver/2D/hit2d_snapshots/run_20260710_185113/hit2d_step0138900.npz
step=139000, t=47.399291, dt=3.571e-04, KE=1.242080e-01, Mt=0.5065, A_K=0.093, Cuv=-0.335, P_in=3.896e-03, P_tgt=3.938e-03, A_F=0.211, K_low=0.522, P_drag=-3.813e-03, P_cool=-2.770e-03, WENO=0.135, rho_mean=1.000000, p_mean=0.725367, div_rms=6.434e-01, vort_rms=1.510e+00, mass_err=-3.284e-10
saved snapshot: /home/fatienza/github/HIT_Solver/2D/hit2d_snapshots/run_20260710_185113/hit2d_step0139050.npz
saved snapshot: /home/fatienza/github/HIT_Solver/2D/hit2d_snapshots/run_20260710_185113/hit2d_step0139200.npz
saved snapshot: /home/fatienza/github/HIT_Solver/2D/hit2d_snapshots/run_20260710_185113/hit2d_step0139350.npz
step=139500, t=47.576948, dt=3.534e-04, KE=1.241790e-01, Mt=0.5076, A_K=0.073, Cuv=-0.325, P_in=3.642e-03, P_tgt=3.679e-03, A_F=0.038, K_low=0.534, P_drag=-3.902e-03, P_cool=-2.724e-03, WENO=0.137, rho_mean=1.000000, p_mean=0.725183, div_rms=6.494e-01, vort_rms=1.506e+00, mass_err=-3.295e-10
saved snapshot: /home/fatienza/github/HIT_Solver/2D/hit2d_snapshots/run_20260710_185113/hit2d_step0139500.npz
saved snapshot: /home/fatienza/github/HIT_Solver/2D/hit2d_snapshots/run_20260710_185113/hit2d_step0139650.npz
saved snapshot: /home/fatienza/github/HIT_Solver/2D/hit2d_snapshots/run_20260710_185113/hit2d_step0139800.npz
saved snapshot: /home/fatienza/github/HIT_Solver/2D/hit2d_snapshots/run_20260710_185113/hit2d_step0139950.npz
step=140000, t=47.751171, dt=3.449e-04, KE=1.243639e-01, Mt=0.5092, A_K=0.061, Cuv=-0.317, P_in=3.434e-03, P_tgt=3.392e-03, A_F=0.078, K_low=0.547, P_drag=-4.001e-03, P_cool=-2.652e-03, WENO=0.136, rho_mean=1.000000, p_mean=0.724893, div_rms=6.609e-01, vort_rms=1.499e+00, mass_err=-3.307e-10
saved snapshot: /home/fatienza/github/HIT_Solver/2D/hit2d_snapshots/run_20260710_185113/hit2d_step0140100.npz
saved snapshot: /home/fatienza/github/HIT_Solver/2D/hit2d_snapshots/run_20260710_185113/hit2d_step0140250.npz
saved snapshot: /home/fatienza/github/HIT_Solver/2D/hit2d_snapshots/run_20260710_185113/hit2d_step0140400.npz
step=140500, t=47.922396, dt=3.408e-04, KE=1.244210e-01, Mt=0.5107, A_K=0.060, Cuv=-0.314, P_in=3.104e-03, P_tgt=3.078e-03, A_F=0.243, K_low=0.561, P_drag=-4.102e-03, P_cool=-2.587e-03, WENO=0.128, rho_mean=1.000000, p_mean=0.724632, div_rms=6.732e-01, vort_rms=1.497e+00, mass_err=-3.319e-10
saved snapshot: /home/fatienza/github/HIT_Solver/2D/hit2d_snapshots/run_20260710_185113/hit2d_step0140550.npz
saved snapshot: /home/fatienza/github/HIT_Solver/2D/hit2d_snapshots/run_20260710_185113/hit2d_step0140700.npz
saved snapshot: /home/fatienza/github/HIT_Solver/2D/hit2d_snapshots/run_20260710_185113/hit2d_step0140850.npz
step=141000, t=48.092160, dt=3.394e-04, KE=1.237967e-01, Mt=0.5113, A_K=0.069, Cuv=-0.312, P_in=2.740e-03, P_tgt=2.764e-03, A_F=0.166, K_low=0.577, P_drag=-4.196e-03, P_cool=-2.583e-03, WENO=0.113, rho_mean=1.000000, p_mean=0.724617, div_rms=6.964e-01, vort_rms=1.496e+00, mass_err=-3.331e-10
saved snapshot: /home/fatienza/github/HIT_Solver/2D/hit2d_snapshots/run_20260710_185113/hit2d_step0141000.npz
saved snapshot: /home/fatienza/github/HIT_Solver/2D/hit2d_snapshots/run_20260710_185113/hit2d_step0141150.npz
saved snapshot: /home/fatienza/github/HIT_Solver/2D/hit2d_snapshots/run_20260710_185113/hit2d_step0141300.npz
saved snapshot: /home/fatienza/github/HIT_Solver/2D/hit2d_snapshots/run_20260710_185113/hit2d_step0141450.npz
step=141500, t=48.262431, dt=3.425e-04, KE=1.225278e-01, Mt=0.5101, A_K=0.082, Cuv=-0.310, P_in=2.467e-03, P_tgt=2.488e-03, A_F=0.027, K_low=0.593, P_drag=-4.267e-03, P_cool=-2.636e-03, WENO=0.120, rho_mean=1.000000, p_mean=0.724828, div_rms=6.902e-01, vort_rms=1.494e+00, mass_err=-3.343e-10
saved snapshot: /home/fatienza/github/HIT_Solver/2D/hit2d_snapshots/run_20260710_185113/hit2d_step0141600.npz
saved snapshot: /home/fatienza/github/HIT_Solver/2D/hit2d_snapshots/run_20260710_185113/hit2d_step0141750.npz
saved snapshot: /home/fatienza/github/HIT_Solver/2D/hit2d_snapshots/run_20260710_185113/hit2d_step0141900.npz
step=142000, t=48.433750, dt=3.406e-04, KE=1.210140e-01, Mt=0.5077, A_K=0.096, Cuv=-0.306, P_in=2.283e-03, P_tgt=2.280e-03, A_F=0.010, K_low=0.606, P_drag=-4.309e-03, P_cool=-2.708e-03, WENO=0.132, rho_mean=1.000000, p_mean=0.725116, div_rms=6.246e-01, vort_rms=1.490e+00, mass_err=-3.355e-10
saved snapshot: /home/fatienza/github/HIT_Solver/2D/hit2d_snapshots/run_20260710_185113/hit2d_step0142050.npz
saved snapshot: /home/fatienza/github/HIT_Solver/2D/hit2d_snapshots/run_20260710_185113/hit2d_step0142200.npz
saved snapshot: /home/fatienza/github/HIT_Solver/2D/hit2d_snapshots/run_20260710_185113/hit2d_step0142350.npz
step=142500, t=48.603576, dt=3.423e-04, KE=1.193392e-01, Mt=0.5044, A_K=0.107, Cuv=-0.304, P_in=2.156e-03, P_tgt=2.146e-03, A_F=0.196, K_low=0.615, P_drag=-4.323e-03, P_cool=-2.794e-03, WENO=0.154, rho_mean=1.000000, p_mean=0.725461, div_rms=5.762e-01, vort_rms=1.482e+00, mass_err=-3.366e-10
saved snapshot: /home/fatienza/github/HIT_Solver/2D/hit2d_snapshots/run_20260710_185113/hit2d_step0142500.npz
saved snapshot: /home/fatienza/github/HIT_Solver/2D/hit2d_snapshots/run_20260710_185113/hit2d_step0142650.npz
saved snapshot: /home/fatienza/github/HIT_Solver/2D/hit2d_snapshots/run_20260710_185113/hit2d_step0142800.npz
saved snapshot: /home/fatienza/github/HIT_Solver/2D/hit2d_snapshots/run_20260710_185113/hit2d_step0142950.npz
step=143000, t=48.776983, dt=3.516e-04, KE=1.175820e-01, Mt=0.5009, A_K=0.116, Cuv=-0.306, P_in=2.073e-03, P_tgt=2.091e-03, A_F=0.193, K_low=0.623, P_drag=-4.325e-03, P_cool=-2.885e-03, WENO=0.160, rho_mean=1.000000, p_mean=0.725824, div_rms=5.629e-01, vort_rms=1.468e+00, mass_err=-3.378e-10
saved snapshot: /home/fatienza/github/HIT_Solver/2D/hit2d_snapshots/run_20260710_185113/hit2d_step0143100.npz
saved snapshot: /home/fatienza/github/HIT_Solver/2D/hit2d_snapshots/run_20260710_185113/hit2d_step0143250.npz
saved snapshot: /home/fatienza/github/HIT_Solver/2D/hit2d_snapshots/run_20260710_185113/hit2d_step0143400.npz
step=143500, t=48.953574, dt=3.557e-04, KE=1.157967e-01, Mt=0.4974, A_K=0.122, Cuv=-0.312, P_in=2.119e-03, P_tgt=2.109e-03, A_F=0.086, K_low=0.632, P_drag=-4.327e-03, P_cool=-2.975e-03, WENO=0.151, rho_mean=1.000000, p_mean=0.726187, div_rms=5.613e-01, vort_rms=1.454e+00, mass_err=-3.390e-10
saved snapshot: /home/fatienza/github/HIT_Solver/2D/hit2d_snapshots/run_20260710_185113/hit2d_step0143550.npz
saved snapshot: /home/fatienza/github/HIT_Solver/2D/hit2d_snapshots/run_20260710_185113/hit2d_step0143700.npz
saved snapshot: /home/fatienza/github/HIT_Solver/2D/hit2d_snapshots/run_20260710_185113/hit2d_step0143850.npz
step=144000, t=49.129791, dt=3.487e-04, KE=1.140366e-01, Mt=0.4934, A_K=0.124, Cuv=-0.313, P_in=2.260e-03, P_tgt=2.210e-03, A_F=0.139, K_low=0.641, P_drag=-4.331e-03, P_cool=-3.064e-03, WENO=0.155, rho_mean=1.000000, p_mean=0.726541, div_rms=5.630e-01, vort_rms=1.441e+00, mass_err=-3.402e-10
saved snapshot: /home/fatienza/github/HIT_Solver/2D/hit2d_snapshots/run_20260710_185113/hit2d_step0144000.npz
saved snapshot: /home/fatienza/github/HIT_Solver/2D/hit2d_snapshots/run_20260710_185113/hit2d_step0144150.npz
saved snapshot: /home/fatienza/github/HIT_Solver/2D/hit2d_snapshots/run_20260710_185113/hit2d_step0144300.npz
saved snapshot: /home/fatienza/github/HIT_Solver/2D/hit2d_snapshots/run_20260710_185113/hit2d_step0144450.npz
step=144500, t=49.302785, dt=3.452e-04, KE=1.126798e-01, Mt=0.4901, A_K=0.122, Cuv=-0.308, P_in=2.405e-03, P_tgt=2.408e-03, A_F=0.160, K_low=0.649, P_drag=-4.341e-03, P_cool=-3.114e-03, WENO=0.148, rho_mean=1.000000, p_mean=0.726741, div_rms=5.726e-01, vort_rms=1.433e+00, mass_err=-3.413e-10
saved snapshot: /home/fatienza/github/HIT_Solver/2D/hit2d_snapshots/run_20260710_185113/hit2d_step0144600.npz
saved snapshot: /home/fatienza/github/HIT_Solver/2D/hit2d_snapshots/run_20260710_185113/hit2d_step0144750.npz
saved snapshot: /home/fatienza/github/HIT_Solver/2D/hit2d_snapshots/run_20260710_185113/hit2d_step0144900.npz
step=145000, t=49.475627, dt=3.456e-04, KE=1.119636e-01, Mt=0.4884, A_K=0.115, Cuv=-0.300, P_in=2.700e-03, P_tgt=2.694e-03, A_F=0.219, K_low=0.657, P_drag=-4.367e-03, P_cool=-3.101e-03, WENO=0.147, rho_mean=1.000000, p_mean=0.726689, div_rms=5.958e-01, vort_rms=1.429e+00, mass_err=-3.425e-10
saved snapshot: /home/fatienza/github/HIT_Solver/2D/hit2d_snapshots/run_20260710_185113/hit2d_step0145050.npz
saved snapshot: /home/fatienza/github/HIT_Solver/2D/hit2d_snapshots/run_20260710_185113/hit2d_step0145200.npz
saved snapshot: /home/fatienza/github/HIT_Solver/2D/hit2d_snapshots/run_20260710_185113/hit2d_step0145350.npz
step=145500, t=49.648506, dt=3.454e-04, KE=1.116369e-01, Mt=0.4875, A_K=0.104, Cuv=-0.300, P_in=3.062e-03, P_tgt=3.053e-03, A_F=0.023, K_low=0.666, P_drag=-4.407e-03, P_cool=-3.053e-03, WENO=0.148, rho_mean=1.000000, p_mean=0.726498, div_rms=6.135e-01, vort_rms=1.424e+00, mass_err=-3.437e-10
saved snapshot: /home/fatienza/github/HIT_Solver/2D/hit2d_snapshots/run_20260710_185113/hit2d_step0145500.npz
saved snapshot: /home/fatienza/github/HIT_Solver/2D/hit2d_snapshots/run_20260710_185113/hit2d_step0145650.npz
saved snapshot: /home/fatienza/github/HIT_Solver/2D/hit2d_snapshots/run_20260710_185113/hit2d_step0145800.npz
saved snapshot: /home/fatienza/github/HIT_Solver/2D/hit2d_snapshots/run_20260710_185113/hit2d_step0145950.npz
step=146000, t=49.820011, dt=3.398e-04, KE=1.115455e-01, Mt=0.4869, A_K=0.085, Cuv=-0.308, P_in=3.472e-03, P_tgt=3.489e-03, A_F=0.082, K_low=0.674, P_drag=-4.454e-03, P_cool=-2.989e-03, WENO=0.143, rho_mean=1.000000, p_mean=0.726241, div_rms=6.218e-01, vort_rms=1.420e+00, mass_err=-3.448e-10
saved snapshot: /home/fatienza/github/HIT_Solver/2D/hit2d_snapshots/run_20260710_185113/hit2d_step0146100.npz
saved snapshot: /home/fatienza/github/HIT_Solver/2D/hit2d_snapshots/run_20260710_185113/hit2d_step0146250.npz
saved snapshot: /home/fatienza/github/HIT_Solver/2D/hit2d_snapshots/run_20260710_185113/hit2d_step0146400.npz
step=146500, t=49.989628, dt=3.418e-04, KE=1.115983e-01, Mt=0.4863, A_K=0.060, Cuv=-0.313, P_in=4.002e-03, P_tgt=4.012e-03, A_F=0.170, K_low=0.682, P_drag=-4.505e-03, P_cool=-2.919e-03, WENO=0.141, rho_mean=1.000000, p_mean=0.725962, div_rms=6.206e-01, vort_rms=1.415e+00, mass_err=-3.460e-10
saved snapshot: /home/fatienza/github/HIT_Solver/2D/hit2d_snapshots/run_20260710_185113/hit2d_step0146550.npz
saved snapshot: /home/fatienza/github/HIT_Solver/2D/hit2d_snapshots/run_20260710_185113/hit2d_step0146700.npz
saved snapshot: /home/fatienza/github/HIT_Solver/2D/hit2d_snapshots/run_20260710_185113/hit2d_step0146850.npz
step=147000, t=50.160575, dt=3.438e-04, KE=1.120197e-01, Mt=0.4866, A_K=0.033, Cuv=-0.311, P_in=4.639e-03, P_tgt=4.627e-03, A_F=0.018, K_low=0.687, P_drag=-4.557e-03, P_cool=-2.821e-03, WENO=0.138, rho_mean=1.000000, p_mean=0.725570, div_rms=6.204e-01, vort_rms=1.412e+00, mass_err=-3.472e-10
saved snapshot: /home/fatienza/github/HIT_Solver/2D/hit2d_snapshots/run_20260710_185113/hit2d_step0147000.npz
saved snapshot: /home/fatienza/github/HIT_Solver/2D/hit2d_snapshots/run_20260710_185113/hit2d_step0147150.npz
saved snapshot: /home/fatienza/github/HIT_Solver/2D/hit2d_snapshots/run_20260710_185113/hit2d_step0147300.npz
saved snapshot: /home/fatienza/github/HIT_Solver/2D/hit2d_snapshots/run_20260710_185113/hit2d_step0147450.npz
step=147500, t=50.332605, dt=3.455e-04, KE=1.128116e-01, Mt=0.4879, A_K=0.009, Cuv=-0.300, P_in=5.272e-03, P_tgt=5.284e-03, A_F=0.084, K_low=0.689, P_drag=-4.604e-03, P_cool=-2.697e-03, WENO=0.135, rho_mean=1.000000, p_mean=0.725075, div_rms=6.291e-01, vort_rms=1.411e+00, mass_err=-3.484e-10
saved snapshot: /home/fatienza/github/HIT_Solver/2D/hit2d_snapshots/run_20260710_185113/hit2d_step0147600.npz
saved snapshot: /home/fatienza/github/HIT_Solver/2D/hit2d_snapshots/run_20260710_185113/hit2d_step0147750.npz
saved snapshot: /home/fatienza/github/HIT_Solver/2D/hit2d_snapshots/run_20260710_185113/hit2d_step0147900.npz
step=148000, t=50.506190, dt=3.473e-04, KE=1.134591e-01, Mt=0.4889, A_K=0.010, Cuv=-0.288, P_in=5.944e-03, P_tgt=5.953e-03, A_F=0.090, K_low=0.691, P_drag=-4.640e-03, P_cool=-2.602e-03, WENO=0.136, rho_mean=1.000000, p_mean=0.724692, div_rms=6.245e-01, vort_rms=1.410e+00, mass_err=-3.496e-10
saved snapshot: /home/fatienza/github/HIT_Solver/2D/hit2d_snapshots/run_20260710_185113/hit2d_step0148050.npz
saved snapshot: /home/fatienza/github/HIT_Solver/2D/hit2d_snapshots/run_20260710_185113/hit2d_step0148200.npz
saved snapshot: /home/fatienza/github/HIT_Solver/2D/hit2d_snapshots/run_20260710_185113/hit2d_step0148350.npz
step=148500, t=50.680642, dt=3.505e-04, KE=1.138501e-01, Mt=0.4890, A_K=0.028, Cuv=-0.281, P_in=6.627e-03, P_tgt=6.668e-03, A_F=0.074, K_low=0.691, P_drag=-4.654e-03, P_cool=-2.546e-03, WENO=0.134, rho_mean=1.000000, p_mean=0.724469, div_rms=6.185e-01, vort_rms=1.404e+00, mass_err=-3.507e-10
saved snapshot: /home/fatienza/github/HIT_Solver/2D/hit2d_snapshots/run_20260710_185113/hit2d_step0148500.npz
saved snapshot: /home/fatienza/github/HIT_Solver/2D/hit2d_snapshots/run_20260710_185113/hit2d_step0148650.npz
saved snapshot: /home/fatienza/github/HIT_Solver/2D/hit2d_snapshots/run_20260710_185113/hit2d_step0148800.npz
saved snapshot: /home/fatienza/github/HIT_Solver/2D/hit2d_snapshots/run_20260710_185113/hit2d_step0148950.npz
step=149000, t=50.857705, dt=3.577e-04, KE=1.140405e-01, Mt=0.4880, A_K=0.046, Cuv=-0.275, P_in=7.554e-03, P_tgt=7.505e-03, A_F=0.037, K_low=0.687, P_drag=-4.641e-03, P_cool=-2.526e-03, WENO=0.130, rho_mean=1.000000, p_mean=0.724389, div_rms=5.975e-01, vort_rms=1.398e+00, mass_err=-3.519e-10
saved snapshot: /home/fatienza/github/HIT_Solver/2D/hit2d_snapshots/run_20260710_185113/hit2d_step0149100.npz
saved snapshot: /home/fatienza/github/HIT_Solver/2D/hit2d_snapshots/run_20260710_185113/hit2d_step0149250.npz
saved snapshot: /home/fatienza/github/HIT_Solver/2D/hit2d_snapshots/run_20260710_185113/hit2d_step0149400.npz
step=149500, t=51.034156, dt=3.509e-04, KE=1.142980e-01, Mt=0.4875, A_K=0.065, Cuv=-0.268, P_in=8.524e-03, P_tgt=8.527e-03, A_F=0.153, K_low=0.678, P_drag=-4.601e-03, P_cool=-2.518e-03, WENO=0.138, rho_mean=1.000000, p_mean=0.724356, div_rms=5.857e-01, vort_rms=1.399e+00, mass_err=-3.531e-10
saved snapshot: /home/fatienza/github/HIT_Solver/2D/hit2d_snapshots/run_20260710_185113/hit2d_step0149550.npz
saved snapshot: /home/fatienza/github/HIT_Solver/2D/hit2d_snapshots/run_20260710_185113/hit2d_step0149700.npz
saved snapshot: /home/fatienza/github/HIT_Solver/2D/hit2d_snapshots/run_20260710_185113/hit2d_step0149850.npz
step=150000, t=51.209084, dt=3.488e-04, KE=1.143651e-01, Mt=0.4871, A_K=0.080, Cuv=-0.255, P_in=9.676e-03, P_tgt=9.683e-03, A_F=0.124, K_low=0.668, P_drag=-4.541e-03, P_cool=-2.549e-03, WENO=0.129, rho_mean=1.000000, p_mean=0.724483, div_rms=5.682e-01, vort_rms=1.402e+00, mass_err=-3.543e-10
saved snapshot: /home/fatienza/github/HIT_Solver/2D/hit2d_snapshots/run_20260710_185113/hit2d_step0150000.npz
saved snapshot: /home/fatienza/github/HIT_Solver/2D/hit2d_snapshots/run_20260710_185113/hit2d_step0150150.npz
saved snapshot: /home/fatienza/github/HIT_Solver/2D/hit2d_snapshots/run_20260710_185113/hit2d_step0150300.npz
saved snapshot: /home/fatienza/github/HIT_Solver/2D/hit2d_snapshots/run_20260710_185113/hit2d_step0150450.npz
step=150500, t=51.383350, dt=3.480e-04, KE=1.144507e-01, Mt=0.4877, A_K=0.091, Cuv=-0.234, P_in=9.962e-03, P_tgt=9.974e-03, A_F=0.082, K_low=0.658, P_drag=-4.467e-03, P_cool=-2.593e-03, WENO=0.143, rho_mean=1.000000, p_mean=0.724658, div_rms=5.615e-01, vort_rms=1.408e+00, mass_err=-3.555e-10
saved snapshot: /home/fatienza/github/HIT_Solver/2D/hit2d_snapshots/run_20260710_185113/hit2d_step0150600.npz
saved snapshot: /home/fatienza/github/HIT_Solver/2D/hit2d_snapshots/run_20260710_185113/hit2d_step0150750.npz
saved snapshot: /home/fatienza/github/HIT_Solver/2D/hit2d_snapshots/run_20260710_185113/hit2d_step0150900.npz
step=151000, t=51.556592, dt=3.462e-04, KE=1.148694e-01, Mt=0.4897, A_K=0.099, Cuv=-0.212, P_in=1.000e-02, P_tgt=9.998e-03, A_F=0.107, K_low=0.644, P_drag=-4.380e-03, P_cool=-2.604e-03, WENO=0.139, rho_mean=1.000000, p_mean=0.724701, div_rms=5.818e-01, vort_rms=1.417e+00, mass_err=-3.567e-10
saved snapshot: /home/fatienza/github/HIT_Solver/2D/hit2d_snapshots/run_20260710_185113/hit2d_step0151050.npz
saved snapshot: /home/fatienza/github/HIT_Solver/2D/hit2d_snapshots/run_20260710_185113/hit2d_step0151200.npz
saved snapshot: /home/fatienza/github/HIT_Solver/2D/hit2d_snapshots/run_20260710_185113/hit2d_step0151350.npz
step=151500, t=51.730017, dt=3.467e-04, KE=1.154473e-01, Mt=0.4922, A_K=0.104, Cuv=-0.196, P_in=9.988e-03, P_tgt=1.000e-02, A_F=0.144, K_low=0.628, P_drag=-4.276e-03, P_cool=-2.599e-03, WENO=0.148, rho_mean=1.000000, p_mean=0.724680, div_rms=6.062e-01, vort_rms=1.435e+00, mass_err=-3.578e-10
saved snapshot: /home/fatienza/github/HIT_Solver/2D/hit2d_snapshots/run_20260710_185113/hit2d_step0151500.npz
saved snapshot: /home/fatienza/github/HIT_Solver/2D/hit2d_snapshots/run_20260710_185113/hit2d_step0151650.npz
saved snapshot: /home/fatienza/github/HIT_Solver/2D/hit2d_snapshots/run_20260710_185113/hit2d_step0151800.npz
saved snapshot: /home/fatienza/github/HIT_Solver/2D/hit2d_snapshots/run_20260710_185113/hit2d_step0151950.npz
step=152000, t=51.902377, dt=3.426e-04, KE=1.157596e-01, Mt=0.4935, A_K=0.111, Cuv=-0.187, P_in=1.000e-02, P_tgt=1.000e-02, A_F=0.024, K_low=0.611, P_drag=-4.163e-03, P_cool=-2.621e-03, WENO=0.152, rho_mean=1.000000, p_mean=0.724768, div_rms=6.047e-01, vort_rms=1.455e+00, mass_err=-3.590e-10
saved snapshot: /home/fatienza/github/HIT_Solver/2D/hit2d_snapshots/run_20260710_185113/hit2d_step0152100.npz
saved snapshot: /home/fatienza/github/HIT_Solver/2D/hit2d_snapshots/run_20260710_185113/hit2d_step0152250.npz
saved snapshot: /home/fatienza/github/HIT_Solver/2D/hit2d_snapshots/run_20260710_185113/hit2d_step0152400.npz
step=152500, t=52.072195, dt=3.356e-04, KE=1.158609e-01, Mt=0.4936, A_K=0.121, Cuv=-0.186, P_in=1.003e-02, P_tgt=1.000e-02, A_F=0.066, K_low=0.595, P_drag=-4.055e-03, P_cool=-2.665e-03, WENO=0.142, rho_mean=1.000000, p_mean=0.724946, div_rms=5.998e-01, vort_rms=1.466e+00, mass_err=-3.602e-10
saved snapshot: /home/fatienza/github/HIT_Solver/2D/hit2d_snapshots/run_20260710_185113/hit2d_step0152550.npz
saved snapshot: /home/fatienza/github/HIT_Solver/2D/hit2d_snapshots/run_20260710_185113/hit2d_step0152700.npz
saved snapshot: /home/fatienza/github/HIT_Solver/2D/hit2d_snapshots/run_20260710_185113/hit2d_step0152850.npz
step=153000, t=52.239964, dt=3.358e-04, KE=1.157511e-01, Mt=0.4934, A_K=0.133, Cuv=-0.190, P_in=9.982e-03, P_tgt=1.000e-02, A_F=0.092, K_low=0.581, P_drag=-3.959e-03, P_cool=-2.732e-03, WENO=0.141, rho_mean=1.000000, p_mean=0.725213, div_rms=5.918e-01, vort_rms=1.479e+00, mass_err=-3.614e-10
saved snapshot: /home/fatienza/github/HIT_Solver/2D/hit2d_snapshots/run_20260710_185113/hit2d_step0153000.npz
saved snapshot: /home/fatienza/github/HIT_Solver/2D/hit2d_snapshots/run_20260710_185113/hit2d_step0153150.npz
saved snapshot: /home/fatienza/github/HIT_Solver/2D/hit2d_snapshots/run_20260710_185113/hit2d_step0153300.npz
saved snapshot: /home/fatienza/github/HIT_Solver/2D/hit2d_snapshots/run_20260710_185113/hit2d_step0153450.npz
step=153500, t=52.408231, dt=3.378e-04, KE=1.157702e-01, Mt=0.4935, A_K=0.144, Cuv=-0.204, P_in=1.004e-02, P_tgt=1.000e-02, A_F=0.265, K_low=0.569, P_drag=-3.884e-03, P_cool=-2.786e-03, WENO=0.142, rho_mean=1.000000, p_mean=0.725432, div_rms=5.869e-01, vort_rms=1.488e+00, mass_err=-3.626e-10
saved snapshot: /home/fatienza/github/HIT_Solver/2D/hit2d_snapshots/run_20260710_185113/hit2d_step0153600.npz
saved snapshot: /home/fatienza/github/HIT_Solver/2D/hit2d_snapshots/run_20260710_185113/hit2d_step0153750.npz
saved snapshot: /home/fatienza/github/HIT_Solver/2D/hit2d_snapshots/run_20260710_185113/hit2d_step0153900.npz
step=154000, t=52.577536, dt=3.406e-04, KE=1.163774e-01, Mt=0.4948, A_K=0.150, Cuv=-0.220, P_in=1.006e-02, P_tgt=1.000e-02, A_F=0.158, K_low=0.559, P_drag=-3.831e-03, P_cool=-2.783e-03, WENO=0.139, rho_mean=1.000000, p_mean=0.725416, div_rms=5.986e-01, vort_rms=1.495e+00, mass_err=-3.637e-10
saved snapshot: /home/fatienza/github/HIT_Solver/2D/hit2d_snapshots/run_20260710_185113/hit2d_step0154050.npz
saved snapshot: /home/fatienza/github/HIT_Solver/2D/hit2d_snapshots/run_20260710_185113/hit2d_step0154200.npz
saved snapshot: /home/fatienza/github/HIT_Solver/2D/hit2d_snapshots/run_20260710_185113/hit2d_step0154350.npz
step=154500, t=52.748984, dt=3.451e-04, KE=1.171597e-01, Mt=0.4967, A_K=0.151, Cuv=-0.236, P_in=9.990e-03, P_tgt=1.000e-02, A_F=0.064, K_low=0.551, P_drag=-3.798e-03, P_cool=-2.762e-03, WENO=0.144, rho_mean=1.000000, p_mean=0.725332, div_rms=5.963e-01, vort_rms=1.504e+00, mass_err=-3.649e-10
saved snapshot: /home/fatienza/github/HIT_Solver/2D/hit2d_snapshots/run_20260710_185113/hit2d_step0154500.npz
saved snapshot: /home/fatienza/github/HIT_Solver/2D/hit2d_snapshots/run_20260710_185113/hit2d_step0154650.npz
saved snapshot: /home/fatienza/github/HIT_Solver/2D/hit2d_snapshots/run_20260710_185113/hit2d_step0154800.npz
saved snapshot: /home/fatienza/github/HIT_Solver/2D/hit2d_snapshots/run_20260710_185113/hit2d_step0154950.npz
step=155000, t=52.922255, dt=3.471e-04, KE=1.180095e-01, Mt=0.4987, A_K=0.149, Cuv=-0.255, P_in=9.980e-03, P_tgt=1.000e-02, A_F=0.079, K_low=0.548, P_drag=-3.785e-03, P_cool=-2.734e-03, WENO=0.147, rho_mean=1.000000, p_mean=0.725222, div_rms=5.954e-01, vort_rms=1.514e+00, mass_err=-3.661e-10
saved snapshot: /home/fatienza/github/HIT_Solver/2D/hit2d_snapshots/run_20260710_185113/hit2d_step0155100.npz
saved snapshot: /home/fatienza/github/HIT_Solver/2D/hit2d_snapshots/run_20260710_185113/hit2d_step0155250.npz
saved snapshot: /home/fatienza/github/HIT_Solver/2D/hit2d_snapshots/run_20260710_185113/hit2d_step0155400.npz
step=155500, t=53.096283, dt=3.478e-04, KE=1.189601e-01, Mt=0.5005, A_K=0.146, Cuv=-0.264, P_in=9.961e-03, P_tgt=9.993e-03, A_F=0.040, K_low=0.545, P_drag=-3.787e-03, P_cool=-2.697e-03, WENO=0.141, rho_mean=1.000000, p_mean=0.725075, div_rms=5.889e-01, vort_rms=1.521e+00, mass_err=-3.673e-10
saved snapshot: /home/fatienza/github/HIT_Solver/2D/hit2d_snapshots/run_20260710_185113/hit2d_step0155550.npz
saved snapshot: /home/fatienza/github/HIT_Solver/2D/hit2d_snapshots/run_20260710_185113/hit2d_step0155700.npz
saved snapshot: /home/fatienza/github/HIT_Solver/2D/hit2d_snapshots/run_20260710_185113/hit2d_step0155850.npz
step=156000, t=53.270193, dt=3.494e-04, KE=1.199276e-01, Mt=0.5021, A_K=0.146, Cuv=-0.258, P_in=9.916e-03, P_tgt=9.854e-03, A_F=0.184, K_low=0.544, P_drag=-3.798e-03, P_cool=-2.659e-03, WENO=0.144, rho_mean=1.000000, p_mean=0.724922, div_rms=5.898e-01, vort_rms=1.527e+00, mass_err=-3.684e-10
saved snapshot: /home/fatienza/github/HIT_Solver/2D/hit2d_snapshots/run_20260710_185113/hit2d_step0156000.npz
saved snapshot: /home/fatienza/github/HIT_Solver/2D/hit2d_snapshots/run_20260710_185113/hit2d_step0156150.npz
saved snapshot: /home/fatienza/github/HIT_Solver/2D/hit2d_snapshots/run_20260710_185113/hit2d_step0156300.npz
saved snapshot: /home/fatienza/github/HIT_Solver/2D/hit2d_snapshots/run_20260710_185113/hit2d_step0156450.npz
step=156500, t=53.446087, dt=3.517e-04, KE=1.206121e-01, Mt=0.5025, A_K=0.149, Cuv=-0.249, P_in=9.641e-03, P_tgt=9.619e-03, A_F=0.152, K_low=0.541, P_drag=-3.802e-03, P_cool=-2.648e-03, WENO=0.145, rho_mean=1.000000, p_mean=0.724877, div_rms=5.841e-01, vort_rms=1.528e+00, mass_err=-3.696e-10
saved snapshot: /home/fatienza/github/HIT_Solver/2D/hit2d_snapshots/run_20260710_185113/hit2d_step0156600.npz
saved snapshot: /home/fatienza/github/HIT_Solver/2D/hit2d_snapshots/run_20260710_185113/hit2d_step0156750.npz
saved snapshot: /home/fatienza/github/HIT_Solver/2D/hit2d_snapshots/run_20260710_185113/hit2d_step0156900.npz
step=157000, t=53.621965, dt=3.524e-04, KE=1.212322e-01, Mt=0.5026, A_K=0.151, Cuv=-0.233, P_in=9.412e-03, P_tgt=9.383e-03, A_F=0.069, K_low=0.537, P_drag=-3.790e-03, P_cool=-2.640e-03, WENO=0.153, rho_mean=1.000000, p_mean=0.724846, div_rms=5.779e-01, vort_rms=1.533e+00, mass_err=-3.708e-10
saved snapshot: /home/fatienza/github/HIT_Solver/2D/hit2d_snapshots/run_20260710_185113/hit2d_step0157050.npz
saved snapshot: /home/fatienza/github/HIT_Solver/2D/hit2d_snapshots/run_20260710_185113/hit2d_step0157200.npz
saved snapshot: /home/fatienza/github/HIT_Solver/2D/hit2d_snapshots/run_20260710_185113/hit2d_step0157350.npz
step=157500, t=53.798628, dt=3.539e-04, KE=1.220502e-01, Mt=0.5042, A_K=0.146, Cuv=-0.208, P_in=9.053e-03, P_tgt=9.088e-03, A_F=0.104, K_low=0.530, P_drag=-3.764e-03, P_cool=-2.609e-03, WENO=0.155, rho_mean=1.000000, p_mean=0.724722, div_rms=5.933e-01, vort_rms=1.542e+00, mass_err=-3.720e-10
saved snapshot: /home/fatienza/github/HIT_Solver/2D/hit2d_snapshots/run_20260710_185113/hit2d_step0157500.npz
saved snapshot: /home/fatienza/github/HIT_Solver/2D/hit2d_snapshots/run_20260710_185113/hit2d_step0157650.npz
saved snapshot: /home/fatienza/github/HIT_Solver/2D/hit2d_snapshots/run_20260710_185113/hit2d_step0157800.npz
saved snapshot: /home/fatienza/github/HIT_Solver/2D/hit2d_snapshots/run_20260710_185113/hit2d_step0157950.npz
step=158000, t=53.976471, dt=3.588e-04, KE=1.226948e-01, Mt=0.5062, A_K=0.143, Cuv=-0.182, P_in=8.598e-03, P_tgt=8.632e-03, A_F=0.022, K_low=0.524, P_drag=-3.730e-03, P_cool=-2.589e-03, WENO=0.138, rho_mean=1.000000, p_mean=0.724643, div_rms=6.137e-01, vort_rms=1.552e+00, mass_err=-3.732e-10
saved snapshot: /home/fatienza/github/HIT_Solver/2D/hit2d_snapshots/run_20260710_185113/hit2d_step0158100.npz
saved snapshot: /home/fatienza/github/HIT_Solver/2D/hit2d_snapshots/run_20260710_185113/hit2d_step0158250.npz
saved snapshot: /home/fatienza/github/HIT_Solver/2D/hit2d_snapshots/run_20260710_185113/hit2d_step0158400.npz
step=158500, t=54.154185, dt=3.486e-04, KE=1.229748e-01, Mt=0.5074, A_K=0.142, Cuv=-0.147, P_in=8.077e-03, P_tgt=8.074e-03, A_F=0.050, K_low=0.519, P_drag=-3.692e-03, P_cool=-2.597e-03, WENO=0.125, rho_mean=1.000000, p_mean=0.724675, div_rms=6.207e-01, vort_rms=1.560e+00, mass_err=-3.744e-10
saved snapshot: /home/fatienza/github/HIT_Solver/2D/hit2d_snapshots/run_20260710_185113/hit2d_step0158550.npz
saved snapshot: /home/fatienza/github/HIT_Solver/2D/hit2d_snapshots/run_20260710_185113/hit2d_step0158700.npz
saved snapshot: /home/fatienza/github/HIT_Solver/2D/hit2d_snapshots/run_20260710_185113/hit2d_step0158850.npz
step=159000, t=54.325204, dt=3.357e-04, KE=1.233177e-01, Mt=0.5083, A_K=0.138, Cuv=-0.104, P_in=7.504e-03, P_tgt=7.476e-03, A_F=0.206, K_low=0.513, P_drag=-3.658e-03, P_cool=-2.589e-03, WENO=0.121, rho_mean=1.000000, p_mean=0.724642, div_rms=6.466e-01, vort_rms=1.565e+00, mass_err=-3.755e-10
saved snapshot: /home/fatienza/github/HIT_Solver/2D/hit2d_snapshots/run_20260710_185113/hit2d_step0159000.npz
saved snapshot: /home/fatienza/github/HIT_Solver/2D/hit2d_snapshots/run_20260710_185113/hit2d_step0159150.npz
saved snapshot: /home/fatienza/github/HIT_Solver/2D/hit2d_snapshots/run_20260710_185113/hit2d_step0159300.npz
saved snapshot: /home/fatienza/github/HIT_Solver/2D/hit2d_snapshots/run_20260710_185113/hit2d_step0159450.npz
step=159500, t=54.491677, dt=3.295e-04, KE=1.237655e-01, Mt=0.5093, A_K=0.136, Cuv=-0.063, P_in=6.840e-03, P_tgt=6.859e-03, A_F=0.070, K_low=0.506, P_drag=-3.631e-03, P_cool=-2.560e-03, WENO=0.121, rho_mean=1.000000, p_mean=0.724527, div_rms=6.697e-01, vort_rms=1.568e+00, mass_err=-3.767e-10
saved snapshot: /home/fatienza/github/HIT_Solver/2D/hit2d_snapshots/run_20260710_185113/hit2d_step0159600.npz
saved snapshot: /home/fatienza/github/HIT_Solver/2D/hit2d_snapshots/run_20260710_185113/hit2d_step0159750.npz
saved snapshot: /home/fatienza/github/HIT_Solver/2D/hit2d_snapshots/run_20260710_185113/hit2d_step0159900.npz
step=160000, t=54.657043, dt=3.327e-04, KE=1.240587e-01, Mt=0.5096, A_K=0.136, Cuv=-0.021, P_in=6.270e-03, P_tgt=6.251e-03, A_F=0.078, K_low=0.501, P_drag=-3.611e-03, P_cool=-2.538e-03, WENO=0.121, rho_mean=1.000000, p_mean=0.724436, div_rms=6.780e-01, vort_rms=1.568e+00, mass_err=-3.779e-10
saved snapshot: /home/fatienza/github/HIT_Solver/2D/hit2d_snapshots/run_20260710_185113/hit2d_step0160050.npz
saved snapshot: /home/fatienza/github/HIT_Solver/2D/hit2d_snapshots/run_20260710_185113/hit2d_step0160200.npz
saved snapshot: /home/fatienza/github/HIT_Solver/2D/hit2d_snapshots/run_20260710_185113/hit2d_step0160350.npz
step=160500, t=54.824814, dt=3.391e-04, KE=1.241445e-01, Mt=0.5090, A_K=0.140, Cuv=0.014, P_in=5.713e-03, P_tgt=5.702e-03, A_F=0.014, K_low=0.498, P_drag=-3.598e-03, P_cool=-2.527e-03, WENO=0.128, rho_mean=1.000000, p_mean=0.724392, div_rms=6.859e-01, vort_rms=1.567e+00, mass_err=-3.791e-10
saved snapshot: /home/fatienza/github/HIT_Solver/2D/hit2d_snapshots/run_20260710_185113/hit2d_step0160500.npz
saved snapshot: /home/fatienza/github/HIT_Solver/2D/hit2d_snapshots/run_20260710_185113/hit2d_step0160650.npz
saved snapshot: /home/fatienza/github/HIT_Solver/2D/hit2d_snapshots/run_20260710_185113/hit2d_step0160800.npz
saved snapshot: /home/fatienza/github/HIT_Solver/2D/hit2d_snapshots/run_20260710_185113/hit2d_step0160950.npz
step=161000, t=54.996226, dt=3.451e-04, KE=1.240171e-01, Mt=0.5074, A_K=0.146, Cuv=0.041, P_in=5.248e-03, P_tgt=5.261e-03, A_F=0.174, K_low=0.496, P_drag=-3.591e-03, P_cool=-2.529e-03, WENO=0.124, rho_mean=1.000000, p_mean=0.724400, div_rms=6.889e-01, vort_rms=1.566e+00, mass_err=-3.803e-10
step=161011, t=55.000000, dt=3.232e-04, KE=1.240125e-01, Mt=0.5074, A_K=0.146, Cuv=0.041, P_in=5.231e-03, P_tgt=5.252e-03, A_F=0.136, K_low=0.496, P_drag=-3.591e-03, P_cool=-2.529e-03, WENO=0.124, rho_mean=1.000000, p_mean=0.724400, div_rms=6.891e-01, vort_rms=1.566e+00, mass_err=-3.803e-10
saved snapshot: /home/fatienza/github/HIT_Solver/2D/hit2d_snapshots/run_20260710_185113/hit2d_step0161011.npz
saved HIT diagnostic field plot: /home/fatienza/github/HIT_Solver/2D/hit2d_snapshots/run_20260710_185113/postprocess/hit2d_physics_fields_20260710_185113.png
saved HIT history plot: /home/fatienza/github/HIT_Solver/2D/hit2d_snapshots/run_20260710_185113/postprocess/hit2d_history_20260710_185113.png
using latest snapshot run folder: 2D/hit2d_snapshots/run_20260710_185113
/home/fatienza/github/HIT_Solver/OOP/postprocess/isotropy_diagnostics.py:412: RuntimeWarning: No stationary interval supplied; processing all snapshots, including the transient
  warnings.warn(
saved isotropy diagnostics: 2D/hit2d_snapshots/run_20260710_185113/isotropy_diagnostics.npz
selected interval: t=[0, 55], Neddy=[0, 17.5163], snapshots=1075
turnover reference length: L_ref=1.570796e+00
isotropy mismatch: E_LL=3.159564e-02 (normalized=7.085177e-02), E_NN=6.646588e-02 (normalized=1.877053e-01)
selected means: K=1.197412e-01, Mt=4.986623e-01, A_K=8.715713e-02, C_uv=-2.570275e-02
saved isotropy plot: 2D/hit2d_snapshots/run_20260710_185113/postprocess/stationarity_K_Mt_20260710_185113.png
saved isotropy plot: 2D/hit2d_snapshots/run_20260710_185113/postprocess/directional_isotropy_correlations_20260710_185113.png
saved isotropy plot: 2D/hit2d_snapshots/run_20260710_185113/postprocess/component_energy_anisotropy_20260710_185113.png
/home/fatienza/github/HIT_Solver/OOP/postprocess/spectra.py:135: RuntimeWarning: Enstrophy spectrum may be piling up near k_max
  warnings.warn("Enstrophy spectrum may be piling up near k_max", RuntimeWarning)
saved spectra diagnostics: 2D/hit2d_snapshots/run_20260710_185113/spectra_diagnostics.npz
saved spectra plot: 2D/hit2d_snapshots/run_20260710_185113/postprocess/energy_enstrophy_spectra.png
cutoff ratios: energy=9.327e-01, enstrophy=2.575e+00
using latest snapshot run folder: 2D/hit2d_snapshots/run_20260710_185113
processing 538 snapshots from 2D/hit2d_snapshots/run_20260710_185113
/home/fatienza/github/HIT_Solver/OOP/postprocess/two_point_correlation.py:370: RuntimeWarning: R_LL has no zero crossing; integrating to L/2
  warnings.warn("R_LL has no zero crossing; integrating to L/2", RuntimeWarning)
saved correlation results: 2D/hit2d_snapshots/run_20260710_185113/two_point_correlation_results.npz
summary: L_integral=9.845096e-01, lambda_taylor=5.452034e-01, fluctuation_type=reynolds
saved correlation plot: 2D/hit2d_snapshots/run_20260710_185113/postprocess/two_point_RLL_RNN_20260710_185113.png
saved correlation plot: 2D/hit2d_snapshots/run_20260710_185113/postprocess/two_point_directional_velocity_20260710_185113.png
saved correlation plot: 2D/hit2d_snapshots/run_20260710_185113/postprocess/two_point_Ruu_Rvv_2d_20260710_185113.png
