Using array backend: cupy
Forcing mode: dilatational
step=     0, t=0.000000, dt=0.000e+00, KE=3.125000e-02, Mt=0.2500, A_K=0.000, Cuv=0.000, P_in=0.000e+00, P_tgt=0.000e+00, A_F=0.000, K_low=0.000, P_drag=0.000e+00, P_cool=0.000e+00, WENO=0.012, rho_mean=1.000000, p_mean=0.714286, div_rms=1.610e-14, vort_rms=9.749e-01, K_dil=0.000, mass_err=0.000e+00
warning: cumulative forcing cross-correlation is high (|Fxy|/(Fxx+Fyy)=0.127)
step=  1000, t=0.220787, dt=2.204e-04, KE=3.111142e-02, Mt=0.2495, A_K=0.020, Cuv=0.012, P_in=1.001e-03, P_tgt=1.002e-03, A_F=0.036, K_low=0.001, P_drag=-7.219e-06, P_cool=-7.097e-05, WENO=0.017, rho_mean=1.000000, p_mean=0.714428, div_rms=1.464e-01, vort_rms=9.640e-01, K_dil=0.018, mass_err=-2.409e-12
step=  2000, t=0.440803, dt=2.199e-04, KE=3.013177e-02, Mt=0.2461, A_K=0.014, Cuv=0.020, P_in=1.090e-03, P_tgt=1.089e-03, A_F=0.193, K_low=0.004, P_drag=-2.330e-05, P_cool=-3.040e-04, WENO=0.013, rho_mean=1.000000, p_mean=0.714894, div_rms=1.373e-01, vort_rms=9.501e-01, K_dil=0.021, mass_err=-4.825e-12
step=  3000, t=0.662042, dt=2.234e-04, KE=2.947742e-02, Mt=0.2446, A_K=0.002, Cuv=0.021, P_in=1.339e-03, P_tgt=1.338e-03, A_F=0.028, K_low=0.006, P_drag=-3.727e-05, P_cool=-4.691e-04, WENO=0.017, rho_mean=1.000000, p_mean=0.715224, div_rms=1.534e-01, vort_rms=9.459e-01, K_dil=0.020, mass_err=-7.240e-12
step=  4000, t=0.887343, dt=2.261e-04, KE=2.980795e-02, Mt=0.2468, A_K=0.021, Cuv=-0.015, P_in=1.603e-03, P_tgt=1.607e-03, A_F=0.198, K_low=0.007, P_drag=-4.279e-05, P_cool=-4.467e-04, WENO=0.022, rho_mean=1.000000, p_mean=0.715179, div_rms=1.951e-01, vort_rms=9.482e-01, K_dil=0.032, mass_err=-9.663e-12
step=  5000, t=1.113392, dt=2.263e-04, KE=3.011459e-02, Mt=0.2478, A_K=0.057, Cuv=-0.056, P_in=1.776e-03, P_tgt=1.775e-03, A_F=0.017, K_low=0.008, P_drag=-4.200e-05, P_cool=-4.403e-04, WENO=0.020, rho_mean=1.000000, p_mean=0.715166, div_rms=2.102e-01, vort_rms=9.484e-01, K_dil=0.037, mass_err=-1.208e-11
step=  6000, t=1.340279, dt=2.271e-04, KE=2.998298e-02, Mt=0.2469, A_K=0.071, Cuv=-0.076, P_in=1.972e-03, P_tgt=1.970e-03, A_F=0.343, K_low=0.008, P_drag=-4.073e-05, P_cool=-5.278e-04, WENO=0.029, rho_mean=1.000000, p_mean=0.715341, div_rms=2.119e-01, vort_rms=9.456e-01, K_dil=0.035, mass_err=-1.450e-11
step=  7000, t=1.568515, dt=2.288e-04, KE=2.981090e-02, Mt=0.2464, A_K=0.024, Cuv=-0.060, P_in=2.263e-03, P_tgt=2.270e-03, A_F=0.056, K_low=0.008, P_drag=-4.397e-05, P_cool=-6.303e-04, WENO=0.030, rho_mean=1.000000, p_mean=0.715546, div_rms=2.304e-01, vort_rms=9.414e-01, K_dil=0.040, mass_err=-1.690e-11
step=  8000, t=1.795749, dt=2.256e-04, KE=2.992402e-02, Mt=0.2473, A_K=0.022, Cuv=-0.025, P_in=2.564e-03, P_tgt=2.575e-03, A_F=0.185, K_low=0.009, P_drag=-5.313e-05, P_cool=-6.859e-04, WENO=0.034, rho_mean=1.000000, p_mean=0.715657, div_rms=2.731e-01, vort_rms=9.362e-01, K_dil=0.058, mass_err=-1.931e-11
step=  9000, t=2.020255, dt=2.239e-04, KE=2.974099e-02, Mt=0.2467, A_K=0.045, Cuv=-0.025, P_in=2.905e-03, P_tgt=2.908e-03, A_F=0.308, K_low=0.012, P_drag=-6.649e-05, P_cool=-8.088e-04, WENO=0.042, rho_mean=1.000000, p_mean=0.715903, div_rms=2.812e-01, vort_rms=9.327e-01, K_dil=0.061, mass_err=-2.171e-11
step= 10000, t=2.244304, dt=2.236e-04, KE=3.010831e-02, Mt=0.2483, A_K=0.052, Cuv=-0.022, P_in=3.246e-03, P_tgt=3.252e-03, A_F=0.313, K_low=0.014, P_drag=-7.781e-05, P_cool=-8.334e-04, WENO=0.042, rho_mean=1.000000, p_mean=0.715953, div_rms=3.221e-01, vort_rms=9.316e-01, K_dil=0.075, mass_err=-2.413e-11
saved snapshot: results/hit2d/dilatational_Mt025_N512_CFL_0p05/hit2d_step0010000.npz
step= 11000, t=2.470046, dt=2.261e-04, KE=3.046197e-02, Mt=0.2493, A_K=0.009, Cuv=-0.011, P_in=3.384e-03, P_tgt=3.368e-03, A_F=0.117, K_low=0.014, P_drag=-7.860e-05, P_cool=-8.714e-04, WENO=0.036, rho_mean=1.000000, p_mean=0.716029, div_rms=3.508e-01, vort_rms=9.315e-01, K_dil=0.085, mass_err=-2.654e-11
step= 12000, t=2.693518, dt=2.206e-04, KE=3.040929e-02, Mt=0.2483, A_K=0.008, Cuv=0.019, P_in=3.555e-03, P_tgt=3.549e-03, A_F=0.068, K_low=0.011, P_drag=-6.786e-05, P_cool=-9.909e-04, WENO=0.040, rho_mean=1.000000, p_mean=0.716268, div_rms=3.544e-01, vort_rms=9.310e-01, K_dil=0.082, mass_err=-2.894e-11
step= 13000, t=2.911129, dt=2.144e-04, KE=3.124752e-02, Mt=0.2511, A_K=0.008, Cuv=0.064, P_in=3.649e-03, P_tgt=3.640e-03, A_F=0.107, K_low=0.009, P_drag=-5.945e-05, P_cool=-9.360e-04, WENO=0.052, rho_mean=1.000000, p_mean=0.716158, div_rms=4.008e-01, vort_rms=9.294e-01, K_dil=0.106, mass_err=-3.134e-11
step= 14000, t=3.126630, dt=2.177e-04, KE=3.170033e-02, Mt=0.2528, A_K=0.037, Cuv=0.030, P_in=3.335e-03, P_tgt=3.322e-03, A_F=0.143, K_low=0.010, P_drag=-6.504e-05, P_cool=-9.535e-04, WENO=0.051, rho_mean=1.000000, p_mean=0.716193, div_rms=4.310e-01, vort_rms=9.254e-01, K_dil=0.120, mass_err=-3.375e-11
step= 15000, t=3.347848, dt=2.238e-04, KE=3.127086e-02, Mt=0.2515, A_K=0.005, Cuv=-0.033, P_in=3.059e-03, P_tgt=3.048e-03, A_F=0.137, K_low=0.015, P_drag=-8.578e-05, P_cool=-1.130e-03, WENO=0.052, rho_mean=1.000000, p_mean=0.716546, div_rms=4.460e-01, vort_rms=9.205e-01, K_dil=0.113, mass_err=-3.616e-11
step= 16000, t=3.569324, dt=2.213e-04, KE=3.119533e-02, Mt=0.2517, A_K=0.043, Cuv=-0.004, P_in=2.905e-03, P_tgt=2.885e-03, A_F=0.016, K_low=0.020, P_drag=-1.110e-04, P_cool=-1.220e-03, WENO=0.062, rho_mean=1.000000, p_mean=0.716725, div_rms=4.676e-01, vort_rms=9.146e-01, K_dil=0.120, mass_err=-3.855e-11
step= 17000, t=3.789792, dt=2.186e-04, KE=3.205016e-02, Mt=0.2555, A_K=0.088, Cuv=-0.010, P_in=2.524e-03, P_tgt=2.516e-03, A_F=0.154, K_low=0.022, P_drag=-1.278e-04, P_cool=-1.112e-03, WENO=0.059, rho_mean=1.000000, p_mean=0.716511, div_rms=5.540e-01, vort_rms=9.079e-01, K_dil=0.160, mass_err=-4.095e-11
step= 18000, t=4.006783, dt=2.165e-04, KE=3.158173e-02, Mt=0.2542, A_K=0.129, Cuv=-0.071, P_in=2.037e-03, P_tgt=2.030e-03, A_F=0.062, K_low=0.023, P_drag=-1.344e-04, P_cool=-1.248e-03, WENO=0.064, rho_mean=1.000000, p_mean=0.716782, div_rms=6.017e-01, vort_rms=9.056e-01, K_dil=0.162, mass_err=-4.336e-11
step= 19000, t=4.222972, dt=2.179e-04, KE=3.086318e-02, Mt=0.2511, A_K=0.125, Cuv=-0.097, P_in=1.860e-03, P_tgt=1.862e-03, A_F=0.096, K_low=0.024, P_drag=-1.347e-04, P_cool=-1.411e-03, WENO=0.071, rho_mean=1.000000, p_mean=0.717107, div_rms=6.611e-01, vort_rms=9.046e-01, K_dil=0.146, mass_err=-4.575e-11
step= 20000, t=4.442953, dt=2.219e-04, KE=3.144237e-02, Mt=0.2532, A_K=0.055, Cuv=-0.104, P_in=1.695e-03, P_tgt=1.712e-03, A_F=0.067, K_low=0.024, P_drag=-1.408e-04, P_cool=-1.308e-03, WENO=0.076, rho_mean=1.000000, p_mean=0.716902, div_rms=7.453e-01, vort_rms=9.012e-01, K_dil=0.162, mass_err=-4.815e-11
saved snapshot: results/hit2d/dilatational_Mt025_N512_CFL_0p05/hit2d_step0020000.npz
step= 21000, t=4.664281, dt=2.170e-04, KE=3.151146e-02, Mt=0.2535, A_K=0.027, Cuv=-0.080, P_in=1.474e-03, P_tgt=1.497e-03, A_F=0.017, K_low=0.027, P_drag=-1.584e-04, P_cool=-1.301e-03, WENO=0.083, rho_mean=1.000000, p_mean=0.716889, div_rms=7.839e-01, vort_rms=8.943e-01, K_dil=0.167, mass_err=-5.054e-11
step= 22000, t=4.879219, dt=2.151e-04, KE=3.193922e-02, Mt=0.2557, A_K=0.040, Cuv=-0.048, P_in=1.262e-03, P_tgt=1.259e-03, A_F=0.122, K_low=0.029, P_drag=-1.779e-04, P_cool=-1.214e-03, WENO=0.093, rho_mean=1.000000, p_mean=0.716713, div_rms=8.239e-01, vort_rms=8.886e-01, K_dil=0.184, mass_err=-5.294e-11
step= 23000, t=5.092585, dt=2.127e-04, KE=3.181976e-02, Mt=0.2552, A_K=0.029, Cuv=-0.001, P_in=9.985e-04, P_tgt=1.003e-03, A_F=0.222, K_low=0.030, P_drag=-1.924e-04, P_cool=-1.227e-03, WENO=0.109, rho_mean=1.000000, p_mean=0.716739, div_rms=8.520e-01, vort_rms=8.846e-01, K_dil=0.186, mass_err=-5.534e-11
step= 24000, t=5.309596, dt=2.184e-04, KE=3.072727e-02, Mt=0.2508, A_K=0.019, Cuv=0.015, P_in=8.853e-04, P_tgt=8.922e-04, A_F=0.137, K_low=0.032, P_drag=-1.988e-04, P_cool=-1.419e-03, WENO=0.122, rho_mean=1.000000, p_mean=0.717125, div_rms=8.736e-01, vort_rms=8.793e-01, K_dil=0.167, mass_err=-5.773e-11
step= 25000, t=5.527419, dt=2.204e-04, KE=3.051912e-02, Mt=0.2494, A_K=0.104, Cuv=-0.004, P_in=9.064e-04, P_tgt=8.977e-04, A_F=0.255, K_low=0.032, P_drag=-1.968e-04, P_cool=-1.429e-03, WENO=0.132, rho_mean=1.000000, p_mean=0.717143, div_rms=9.087e-01, vort_rms=8.750e-01, K_dil=0.164, mass_err=-6.014e-11
step= 26000, t=5.746636, dt=2.154e-04, KE=3.063667e-02, Mt=0.2495, A_K=0.133, Cuv=-0.072, P_in=9.114e-04, P_tgt=9.071e-04, A_F=0.166, K_low=0.032, P_drag=-1.941e-04, P_cool=-1.375e-03, WENO=0.131, rho_mean=1.000000, p_mean=0.717036, div_rms=9.476e-01, vort_rms=8.706e-01, K_dil=0.168, mass_err=-6.253e-11
step= 27000, t=5.961066, dt=2.129e-04, KE=3.028413e-02, Mt=0.2474, A_K=0.105, Cuv=-0.089, P_in=9.918e-04, P_tgt=9.783e-04, A_F=0.068, K_low=0.034, P_drag=-1.979e-04, P_cool=-1.417e-03, WENO=0.142, rho_mean=1.000000, p_mean=0.717120, div_rms=9.327e-01, vort_rms=8.667e-01, K_dil=0.160, mass_err=-6.493e-11
step= 28000, t=6.177863, dt=2.158e-04, KE=3.077203e-02, Mt=0.2490, A_K=0.045, Cuv=-0.092, P_in=1.059e-03, P_tgt=1.053e-03, A_F=0.042, K_low=0.036, P_drag=-2.134e-04, P_cool=-1.296e-03, WENO=0.146, rho_mean=1.000000, p_mean=0.716878, div_rms=9.490e-01, vort_rms=8.647e-01, K_dil=0.174, mass_err=-6.734e-11
step= 29000, t=6.396252, dt=2.203e-04, KE=3.079366e-02, Mt=0.2491, A_K=0.000, Cuv=-0.077, P_in=1.082e-03, P_tgt=1.079e-03, A_F=0.073, K_low=0.038, P_drag=-2.380e-04, P_cool=-1.273e-03, WENO=0.147, rho_mean=1.000000, p_mean=0.716832, div_rms=9.651e-01, vort_rms=8.588e-01, K_dil=0.181, mass_err=-6.973e-11
step= 30000, t=6.613026, dt=2.150e-04, KE=2.976023e-02, Mt=0.2450, A_K=0.018, Cuv=-0.058, P_in=1.205e-03, P_tgt=1.210e-03, A_F=0.228, K_low=0.044, P_drag=-2.645e-04, P_cool=-1.459e-03, WENO=0.150, rho_mean=1.000000, p_mean=0.717203, div_rms=9.606e-01, vort_rms=8.504e-01, K_dil=0.165, mass_err=-7.213e-11
saved snapshot: results/hit2d/dilatational_Mt025_N512_CFL_0p05/hit2d_step0030000.npz
step= 31000, t=6.833185, dt=2.244e-04, KE=2.915310e-02, Mt=0.2431, A_K=0.014, Cuv=-0.055, P_in=1.590e-03, P_tgt=1.587e-03, A_F=0.008, K_low=0.050, P_drag=-2.885e-04, P_cool=-1.561e-03, WENO=0.153, rho_mean=1.000000, p_mean=0.717408, div_rms=9.611e-01, vort_rms=8.408e-01, K_dil=0.163, mass_err=-7.452e-11
step= 32000, t=7.054517, dt=2.207e-04, KE=2.949856e-02, Mt=0.2458, A_K=0.015, Cuv=-0.085, P_in=1.997e-03, P_tgt=2.001e-03, A_F=0.083, K_low=0.053, P_drag=-2.997e-04, P_cool=-1.491e-03, WENO=0.151, rho_mean=1.000000, p_mean=0.717269, div_rms=9.756e-01, vort_rms=8.311e-01, K_dil=0.189, mass_err=-7.693e-11
step= 33000, t=7.273505, dt=2.127e-04, KE=2.923156e-02, Mt=0.2455, A_K=0.000, Cuv=-0.078, P_in=2.354e-03, P_tgt=2.355e-03, A_F=0.043, K_low=0.056, P_drag=-3.032e-04, P_cool=-1.561e-03, WENO=0.157, rho_mean=1.000000, p_mean=0.717407, div_rms=9.741e-01, vort_rms=8.254e-01, K_dil=0.194, mass_err=-7.932e-11
step= 34000, t=7.484754, dt=2.116e-04, KE=2.826018e-02, Mt=0.2418, A_K=0.007, Cuv=-0.040, P_in=3.044e-03, P_tgt=3.041e-03, A_F=0.197, K_low=0.060, P_drag=-3.102e-04, P_cool=-1.784e-03, WENO=0.147, rho_mean=1.000000, p_mean=0.717853, div_rms=9.690e-01, vort_rms=8.253e-01, K_dil=0.172, mass_err=-8.172e-11
step= 35000, t=7.697921, dt=2.098e-04, KE=2.825014e-02, Mt=0.2409, A_K=0.037, Cuv=-0.035, P_in=4.524e-03, P_tgt=4.520e-03, A_F=0.116, K_low=0.061, P_drag=-3.224e-04, P_cool=-1.852e-03, WENO=0.145, rho_mean=1.000000, p_mean=0.717990, div_rms=9.745e-01, vort_rms=8.239e-01, K_dil=0.171, mass_err=-8.411e-11
step= 36000, t=7.900047, dt=1.989e-04, KE=2.971844e-02, Mt=0.2464, A_K=0.035, Cuv=0.002, P_in=5.937e-03, P_tgt=5.936e-03, A_F=0.172, K_low=0.059, P_drag=-3.418e-04, P_cool=-1.688e-03, WENO=0.140, rho_mean=1.000000, p_mean=0.717662, div_rms=1.002e+00, vort_rms=8.165e-01, K_dil=0.218, mass_err=-8.651e-11
step= 37000, t=8.106236, dt=2.114e-04, KE=2.982634e-02, Mt=0.2472, A_K=0.016, Cuv=0.025, P_in=6.654e-03, P_tgt=6.659e-03, A_F=0.048, K_low=0.063, P_drag=-3.647e-04, P_cool=-1.841e-03, WENO=0.141, rho_mean=1.000000, p_mean=0.717967, div_rms=1.011e+00, vort_rms=8.116e-01, K_dil=0.230, mass_err=-8.890e-11
step= 38000, t=8.322418, dt=2.185e-04, KE=2.896158e-02, Mt=0.2434, A_K=0.025, Cuv=-0.024, P_in=8.132e-03, P_tgt=8.144e-03, A_F=0.062, K_low=0.072, P_drag=-3.901e-04, P_cool=-2.224e-03, WENO=0.139, rho_mean=1.000000, p_mean=0.718734, div_rms=1.007e+00, vort_rms=8.121e-01, K_dil=0.206, mass_err=-9.129e-11
step= 39000, t=8.538158, dt=2.188e-04, KE=3.006247e-02, Mt=0.2476, A_K=0.060, Cuv=-0.085, P_in=1.006e-02, P_tgt=1.008e-02, A_F=0.108, K_low=0.072, P_drag=-4.069e-04, P_cool=-2.286e-03, WENO=0.135, rho_mean=1.000000, p_mean=0.718858, div_rms=1.053e+00, vort_rms=8.076e-01, K_dil=0.235, mass_err=-9.368e-11
step= 40000, t=8.756941, dt=2.184e-04, KE=3.077288e-02, Mt=0.2509, A_K=0.081, Cuv=-0.146, P_in=1.013e-02, P_tgt=1.010e-02, A_F=0.128, K_low=0.068, P_drag=-3.987e-04, P_cool=-2.469e-03, WENO=0.140, rho_mean=1.000000, p_mean=0.719224, div_rms=1.067e+00, vort_rms=8.023e-01, K_dil=0.260, mass_err=-9.605e-11
saved snapshot: results/hit2d/dilatational_Mt025_N512_CFL_0p05/hit2d_step0040000.npz
step= 41000, t=8.972450, dt=2.118e-04, KE=3.174596e-02, Mt=0.2541, A_K=0.048, Cuv=-0.098, P_in=9.322e-03, P_tgt=9.288e-03, A_F=0.006, K_low=0.060, P_drag=-3.701e-04, P_cool=-2.571e-03, WENO=0.139, rho_mean=1.000000, p_mean=0.719428, div_rms=1.101e+00, vort_rms=7.967e-01, K_dil=0.292, mass_err=-9.843e-11
step= 42000, t=9.186488, dt=2.149e-04, KE=3.265114e-02, Mt=0.2571, A_K=0.044, Cuv=-0.002, P_in=7.463e-03, P_tgt=7.442e-03, A_F=0.151, K_low=0.056, P_drag=-3.625e-04, P_cool=-2.624e-03, WENO=0.150, rho_mean=1.000000, p_mean=0.719534, div_rms=1.134e+00, vort_rms=7.899e-01, K_dil=0.325, mass_err=-1.008e-10
step= 43000, t=9.402125, dt=2.129e-04, KE=3.248923e-02, Mt=0.2570, A_K=0.042, Cuv=0.028, P_in=5.534e-03, P_tgt=5.548e-03, A_F=0.289, K_low=0.061, P_drag=-3.827e-04, P_cool=-2.803e-03, WENO=0.145, rho_mean=1.000000, p_mean=0.719891, div_rms=1.193e+00, vort_rms=7.842e-01, K_dil=0.333, mass_err=-1.032e-10
step= 44000, t=9.617427, dt=2.138e-04, KE=3.053649e-02, Mt=0.2501, A_K=0.016, Cuv=0.084, P_in=4.862e-03, P_tgt=4.879e-03, A_F=0.002, K_low=0.075, P_drag=-4.190e-04, P_cool=-3.262e-03, WENO=0.153, rho_mean=1.000000, p_mean=0.720810, div_rms=1.248e+00, vort_rms=7.793e-01, K_dil=0.297, mass_err=-1.056e-10
step= 45000, t=9.828143, dt=2.074e-04, KE=3.211378e-02, Mt=0.2567, A_K=0.017, Cuv=0.097, P_in=4.437e-03, P_tgt=4.416e-03, A_F=0.035, K_low=0.076, P_drag=-4.429e-04, P_cool=-2.994e-03, WENO=0.149, rho_mean=1.000000, p_mean=0.720275, div_rms=1.377e+00, vort_rms=7.725e-01, K_dil=0.335, mass_err=-1.079e-10
step= 46000, t=10.035788, dt=2.127e-04, KE=3.266747e-02, Mt=0.2590, A_K=0.106, Cuv=0.004, P_in=3.166e-03, P_tgt=3.163e-03, A_F=0.129, K_low=0.073, P_drag=-4.454e-04, P_cool=-2.902e-03, WENO=0.143, rho_mean=1.000000, p_mean=0.720090, div_rms=1.470e+00, vort_rms=7.674e-01, K_dil=0.354, mass_err=-1.103e-10
step= 47000, t=10.245744, dt=2.024e-04, KE=3.235365e-02, Mt=0.2570, A_K=0.095, Cuv=-0.118, P_in=2.334e-03, P_tgt=2.342e-03, A_F=0.093, K_low=0.070, P_drag=-4.430e-04, P_cool=-2.938e-03, WENO=0.151, rho_mean=1.000000, p_mean=0.720161, div_rms=1.526e+00, vort_rms=7.617e-01, K_dil=0.355, mass_err=-1.126e-10
step= 48000, t=10.446628, dt=2.074e-04, KE=3.188127e-02, Mt=0.2555, A_K=0.003, Cuv=-0.106, P_in=1.810e-03, P_tgt=1.813e-03, A_F=0.030, K_low=0.071, P_drag=-4.430e-04, P_cool=-2.979e-03, WENO=0.154, rho_mean=1.000000, p_mean=0.720243, div_rms=1.538e+00, vort_rms=7.613e-01, K_dil=0.350, mass_err=-1.150e-10
step= 49000, t=10.645489, dt=1.933e-04, KE=3.102756e-02, Mt=0.2515, A_K=0.014, Cuv=0.007, P_in=1.589e-03, P_tgt=1.588e-03, A_F=0.041, K_low=0.075, P_drag=-4.454e-04, P_cool=-3.077e-03, WENO=0.159, rho_mean=1.000000, p_mean=0.720441, div_rms=1.526e+00, vort_rms=7.587e-01, K_dil=0.332, mass_err=-1.174e-10
step= 50000, t=10.841450, dt=1.977e-04, KE=3.088588e-02, Mt=0.2496, A_K=0.018, Cuv=0.039, P_in=1.566e-03, P_tgt=1.579e-03, A_F=0.052, K_low=0.076, P_drag=-4.449e-04, P_cool=-3.030e-03, WENO=0.164, rho_mean=1.000000, p_mean=0.720346, div_rms=1.511e+00, vort_rms=7.529e-01, K_dil=0.331, mass_err=-1.198e-10
saved snapshot: results/hit2d/dilatational_Mt025_N512_CFL_0p05/hit2d_step0050000.npz
step= 51000, t=11.050108, dt=2.171e-04, KE=3.159147e-02, Mt=0.2524, A_K=0.053, Cuv=0.043, P_in=1.520e-03, P_tgt=1.519e-03, A_F=0.170, K_low=0.071, P_drag=-4.408e-04, P_cool=-2.815e-03, WENO=0.166, rho_mean=1.000000, p_mean=0.719916, div_rms=1.524e+00, vort_rms=7.380e-01, K_dil=0.363, mass_err=-1.221e-10
step= 52000, t=11.266708, dt=2.197e-04, KE=2.938630e-02, Mt=0.2449, A_K=0.058, Cuv=0.077, P_in=1.498e-03, P_tgt=1.503e-03, A_F=0.270, K_low=0.074, P_drag=-4.339e-04, P_cool=-3.174e-03, WENO=0.166, rho_mean=1.000000, p_mean=0.720634, div_rms=1.525e+00, vort_rms=7.268e-01, K_dil=0.339, mass_err=-1.245e-10
step= 53000, t=11.484351, dt=2.095e-04, KE=2.703406e-02, Mt=0.2343, A_K=0.002, Cuv=0.051, P_in=2.514e-03, P_tgt=2.515e-03, A_F=0.303, K_low=0.081, P_drag=-4.266e-04, P_cool=-3.557e-03, WENO=0.188, rho_mean=1.000000, p_mean=0.721401, div_rms=1.494e+00, vort_rms=7.255e-01, K_dil=0.284, mass_err=-1.269e-10
step= 54000, t=11.688597, dt=2.026e-04, KE=2.924616e-02, Mt=0.2438, A_K=0.034, Cuv=0.003, P_in=4.233e-03, P_tgt=4.229e-03, A_F=0.064, K_low=0.076, P_drag=-4.217e-04, P_cool=-3.101e-03, WENO=0.193, rho_mean=1.000000, p_mean=0.720488, div_rms=1.507e+00, vort_rms=7.258e-01, K_dil=0.339, mass_err=-1.293e-10
step= 55000, t=11.899426, dt=2.168e-04, KE=3.066432e-02, Mt=0.2509, A_K=0.017, Cuv=-0.017, P_in=4.337e-03, P_tgt=4.342e-03, A_F=0.066, K_low=0.072, P_drag=-4.172e-04, P_cool=-2.864e-03, WENO=0.188, rho_mean=1.000000, p_mean=0.720015, div_rms=1.546e+00, vort_rms=7.230e-01, K_dil=0.376, mass_err=-1.316e-10
step= 56000, t=12.117610, dt=2.154e-04, KE=2.778477e-02, Mt=0.2390, A_K=0.045, Cuv=-0.022, P_in=5.307e-03, P_tgt=5.304e-03, A_F=0.058, K_low=0.078, P_drag=-4.090e-04, P_cool=-3.485e-03, WENO=0.193, rho_mean=1.000000, p_mean=0.721255, div_rms=1.515e+00, vort_rms=7.171e-01, K_dil=0.320, mass_err=-1.340e-10
step= 57000, t=12.329312, dt=2.091e-04, KE=2.630609e-02, Mt=0.2327, A_K=0.144, Cuv=0.027, P_in=1.014e-02, P_tgt=1.011e-02, A_F=0.042, K_low=0.079, P_drag=-3.947e-04, P_cool=-3.913e-03, WENO=0.199, rho_mean=1.000000, p_mean=0.722112, div_rms=1.510e+00, vort_rms=7.090e-01, K_dil=0.300, mass_err=-1.364e-10
warning: flow component anisotropy has increased over the last three diagnostic samples
step= 58000, t=12.540109, dt=2.159e-04, KE=2.774552e-02, Mt=0.2396, A_K=0.272, Cuv=0.084, P_in=2.011e-02, P_tgt=2.012e-02, A_F=0.175, K_low=0.073, P_drag=-3.885e-04, P_cool=-4.072e-03, WENO=0.195, rho_mean=1.000000, p_mean=0.722429, div_rms=1.527e+00, vort_rms=6.982e-01, K_dil=0.352, mass_err=-1.388e-10
warning: flow component anisotropy has increased over the last three diagnostic samples
step= 59000, t=12.755997, dt=2.149e-04, KE=2.978847e-02, Mt=0.2495, A_K=0.297, Cuv=0.073, P_in=2.402e-02, P_tgt=2.401e-02, A_F=0.150, K_low=0.067, P_drag=-3.835e-04, P_cool=-4.450e-03, WENO=0.191, rho_mean=1.000000, p_mean=0.723186, div_rms=1.560e+00, vort_rms=6.858e-01, K_dil=0.412, mass_err=-1.411e-10
step= 60000, t=12.968294, dt=2.156e-04, KE=2.880658e-02, Mt=0.2470, A_K=0.208, Cuv=0.011, P_in=2.482e-02, P_tgt=2.489e-02, A_F=0.009, K_low=0.071, P_drag=-3.778e-04, P_cool=-5.453e-03, WENO=0.170, rho_mean=1.000000, p_mean=0.725191, div_rms=1.570e+00, vort_rms=6.761e-01, K_dil=0.410, mass_err=-1.435e-10
saved snapshot: results/hit2d/dilatational_Mt025_N512_CFL_0p05/hit2d_step0060000.npz
step= 61000, t=13.181515, dt=2.050e-04, KE=2.985116e-02, Mt=0.2508, A_K=0.040, Cuv=0.036, P_in=2.825e-02, P_tgt=2.828e-02, A_F=0.117, K_low=0.069, P_drag=-3.790e-04, P_cool=-6.124e-03, WENO=0.163, rho_mean=1.000000, p_mean=0.726534, div_rms=1.599e+00, vort_rms=6.711e-01, K_dil=0.437, mass_err=-1.458e-10
step= 62000, t=13.384262, dt=2.067e-04, KE=3.475741e-02, Mt=0.2709, A_K=0.085, Cuv=0.076, P_in=1.881e-02, P_tgt=1.877e-02, A_F=0.081, K_low=0.060, P_drag=-3.777e-04, P_cool=-5.882e-03, WENO=0.156, rho_mean=1.000000, p_mean=0.726050, div_rms=1.703e+00, vort_rms=6.749e-01, K_dil=0.517, mass_err=-1.481e-10
step= 63000, t=13.589315, dt=2.067e-04, KE=3.721837e-02, Mt=0.2807, A_K=0.057, Cuv=-0.057, P_in=7.681e-03, P_tgt=7.527e-03, A_F=0.020, K_low=0.055, P_drag=-3.735e-04, P_cool=-5.653e-03, WENO=0.156, rho_mean=1.000000, p_mean=0.725591, div_rms=1.801e+00, vort_rms=6.848e-01, K_dil=0.543, mass_err=-1.504e-10
step= 64000, t=13.796266, dt=2.052e-04, KE=3.529044e-02, Mt=0.2735, A_K=0.018, Cuv=-0.057, P_in=2.928e-03, P_tgt=2.907e-03, A_F=0.060, K_low=0.056, P_drag=-3.690e-04, P_cool=-5.979e-03, WENO=0.161, rho_mean=1.000000, p_mean=0.726243, div_rms=1.910e+00, vort_rms=6.888e-01, K_dil=0.521, mass_err=-1.527e-10
step= 65000, t=14.004657, dt=2.062e-04, KE=3.370563e-02, Mt=0.2653, A_K=0.132, Cuv=0.045, P_in=1.483e-03, P_tgt=1.471e-03, A_F=0.132, K_low=0.056, P_drag=-3.625e-04, P_cool=-6.113e-03, WENO=0.173, rho_mean=1.000000, p_mean=0.726511, div_rms=2.001e+00, vort_rms=6.775e-01, K_dil=0.509, mass_err=-1.551e-10
warning: flow component anisotropy has increased over the last three diagnostic samples
step= 66000, t=14.210223, dt=2.056e-04, KE=3.484972e-02, Mt=0.2676, A_K=0.231, Cuv=0.067, P_in=8.252e-04, P_tgt=8.266e-04, A_F=0.087, K_low=0.050, P_drag=-3.448e-04, P_cool=-5.673e-03, WENO=0.182, rho_mean=1.000000, p_mean=0.725631, div_rms=2.123e+00, vort_rms=6.617e-01, K_dil=0.541, mass_err=-1.574e-10
warning: flow component anisotropy has increased over the last three diagnostic samples
step= 67000, t=14.405280, dt=1.923e-04, KE=3.498627e-02, Mt=0.2673, A_K=0.277, Cuv=-0.020, P_in=4.238e-04, P_tgt=4.248e-04, A_F=0.034, K_low=0.045, P_drag=-3.234e-04, P_cool=-5.442e-03, WENO=0.201, rho_mean=1.000000, p_mean=0.725170, div_rms=2.192e+00, vort_rms=6.474e-01, K_dil=0.555, mass_err=-1.598e-10
warning: flow component anisotropy has increased over the last three diagnostic samples
step= 68000, t=14.597263, dt=1.961e-04, KE=3.242951e-02, Mt=0.2574, A_K=0.288, Cuv=-0.061, P_in=2.594e-04, P_tgt=2.593e-04, A_F=0.163, K_low=0.046, P_drag=-3.046e-04, P_cool=-5.741e-03, WENO=0.214, rho_mean=1.000000, p_mean=0.725768, div_rms=2.241e+00, vort_rms=6.388e-01, K_dil=0.526, mass_err=-1.621e-10
step= 69000, t=14.802304, dt=2.051e-04, KE=3.001371e-02, Mt=0.2475, A_K=0.260, Cuv=-0.022, P_in=2.453e-04, P_tgt=2.454e-04, A_F=0.191, K_low=0.049, P_drag=-2.915e-04, P_cool=-5.980e-03, WENO=0.226, rho_mean=1.000000, p_mean=0.726245, div_rms=2.213e+00, vort_rms=6.402e-01, K_dil=0.484, mass_err=-1.645e-10
step= 70000, t=15.003475, dt=1.999e-04, KE=3.022175e-02, Mt=0.2478, A_K=0.177, Cuv=-0.036, P_in=2.766e-04, P_tgt=2.752e-04, A_F=0.245, K_low=0.048, P_drag=-2.856e-04, P_cool=-5.702e-03, WENO=0.223, rho_mean=1.000000, p_mean=0.725689, div_rms=2.173e+00, vort_rms=6.400e-01, K_dil=0.481, mass_err=-1.668e-10
saved snapshot: results/hit2d/dilatational_Mt025_N512_CFL_0p05/hit2d_step0070000.npz
step= 71000, t=15.198275, dt=1.978e-04, KE=2.915321e-02, Mt=0.2439, A_K=0.082, Cuv=-0.008, P_in=3.160e-04, P_tgt=3.143e-04, A_F=0.202, K_low=0.050, P_drag=-2.777e-04, P_cool=-5.694e-03, WENO=0.223, rho_mean=1.000000, p_mean=0.725674, div_rms=2.122e+00, vort_rms=6.404e-01, K_dil=0.469, mass_err=-1.692e-10
step= 72000, t=15.398810, dt=2.058e-04, KE=2.733075e-02, Mt=0.2357, A_K=0.078, Cuv=0.053, P_in=5.030e-04, P_tgt=4.947e-04, A_F=0.110, K_low=0.053, P_drag=-2.680e-04, P_cool=-5.831e-03, WENO=0.228, rho_mean=1.000000, p_mean=0.725947, div_rms=2.047e+00, vort_rms=6.347e-01, K_dil=0.448, mass_err=-1.715e-10
step= 73000, t=15.611730, dt=2.064e-04, KE=2.671275e-02, Mt=0.2320, A_K=0.161, Cuv=0.080, P_in=1.009e-03, P_tgt=1.012e-03, A_F=0.013, K_low=0.053, P_drag=-2.605e-04, P_cool=-5.727e-03, WENO=0.221, rho_mean=1.000000, p_mean=0.725739, div_rms=1.997e+00, vort_rms=6.189e-01, K_dil=0.450, mass_err=-1.739e-10
step= 74000, t=15.807070, dt=1.972e-04, KE=2.599480e-02, Mt=0.2283, A_K=0.199, Cuv=0.127, P_in=2.496e-03, P_tgt=2.496e-03, A_F=0.085, K_low=0.052, P_drag=-2.554e-04, P_cool=-5.701e-03, WENO=0.217, rho_mean=1.000000, p_mean=0.725687, div_rms=1.934e+00, vort_rms=6.100e-01, K_dil=0.445, mass_err=-1.763e-10
warning: flow component anisotropy has increased over the last three diagnostic samples
step= 75000, t=16.012358, dt=2.059e-04, KE=2.429617e-02, Mt=0.2217, A_K=0.200, Cuv=0.232, P_in=8.482e-03, P_tgt=8.472e-03, A_F=0.158, K_low=0.053, P_drag=-2.490e-04, P_cool=-5.984e-03, WENO=0.218, rho_mean=1.000000, p_mean=0.726253, div_rms=1.834e+00, vort_rms=6.023e-01, K_dil=0.417, mass_err=-1.787e-10
step= 76000, t=16.219417, dt=2.056e-04, KE=2.575387e-02, Mt=0.2272, A_K=0.185, Cuv=0.168, P_in=2.997e-02, P_tgt=2.994e-02, A_F=0.141, K_low=0.047, P_drag=-2.406e-04, P_cool=-6.150e-03, WENO=0.215, rho_mean=1.000000, p_mean=0.726586, div_rms=1.784e+00, vort_rms=5.956e-01, K_dil=0.444, mass_err=-1.810e-10
step= 77000, t=16.421664, dt=2.041e-04, KE=3.086341e-02, Mt=0.2485, A_K=0.161, Cuv=-0.007, P_in=5.133e-02, P_tgt=5.124e-02, A_F=0.055, K_low=0.039, P_drag=-2.300e-04, P_cool=-6.610e-03, WENO=0.207, rho_mean=1.000000, p_mean=0.727507, div_rms=1.793e+00, vort_rms=5.924e-01, K_dil=0.533, mass_err=-1.834e-10
step= 78000, t=16.624215, dt=2.003e-04, KE=2.985165e-02, Mt=0.2466, A_K=0.254, Cuv=-0.041, P_in=5.157e-02, P_tgt=5.155e-02, A_F=0.072, K_low=0.040, P_drag=-2.180e-04, P_cool=-8.559e-03, WENO=0.195, rho_mean=1.000000, p_mean=0.731403, div_rms=1.798e+00, vort_rms=5.965e-01, K_dil=0.530, mass_err=-1.857e-10
warning: flow component anisotropy has increased over the last three diagnostic samples
step= 79000, t=16.817481, dt=1.960e-04, KE=3.144746e-02, Mt=0.2545, A_K=0.350, Cuv=0.115, P_in=5.601e-02, P_tgt=5.614e-02, A_F=0.114, K_low=0.039, P_drag=-2.170e-04, P_cool=-1.001e-02, WENO=0.200, rho_mean=1.000000, p_mean=0.734305, div_rms=1.879e+00, vort_rms=5.960e-01, K_dil=0.567, mass_err=-1.881e-10
step= 80000, t=17.013256, dt=1.924e-04, KE=3.348771e-02, Mt=0.2644, A_K=0.196, Cuv=0.134, P_in=3.752e-02, P_tgt=3.763e-02, A_F=0.099, K_low=0.037, P_drag=-2.104e-04, P_cool=-1.105e-02, WENO=0.197, rho_mean=1.000000, p_mean=0.736391, div_rms=1.966e+00, vort_rms=5.984e-01, K_dil=0.609, mass_err=-1.904e-10
saved snapshot: results/hit2d/dilatational_Mt025_N512_CFL_0p05/hit2d_step0080000.npz
step= 81000, t=17.218283, dt=2.091e-04, KE=3.611541e-02, Mt=0.2770, A_K=0.102, Cuv=0.069, P_in=1.901e-02, P_tgt=1.896e-02, A_F=0.068, K_low=0.034, P_drag=-1.957e-04, P_cool=-1.121e-02, WENO=0.195, rho_mean=1.000000, p_mean=0.736702, div_rms=2.107e+00, vort_rms=5.899e-01, K_dil=0.655, mass_err=-1.927e-10
step= 82000, t=17.421254, dt=2.019e-04, KE=3.823269e-02, Mt=0.2869, A_K=0.193, Cuv=0.157, P_in=6.181e-03, P_tgt=6.187e-03, A_F=0.026, K_low=0.031, P_drag=-1.934e-04, P_cool=-1.081e-02, WENO=0.209, rho_mean=1.000000, p_mean=0.735899, div_rms=2.241e+00, vort_rms=5.844e-01, K_dil=0.689, mass_err=-1.950e-10
step= 83000, t=17.621156, dt=1.904e-04, KE=3.702914e-02, Mt=0.2802, A_K=0.155, Cuv=0.101, P_in=2.088e-03, P_tgt=2.122e-03, A_F=0.018, K_low=0.030, P_drag=-1.812e-04, P_cool=-1.076e-02, WENO=0.219, rho_mean=1.000000, p_mean=0.735799, div_rms=2.353e+00, vort_rms=5.792e-01, K_dil=0.680, mass_err=-1.973e-10
step= 84000, t=17.805066, dt=1.857e-04, KE=4.105188e-02, Mt=0.2934, A_K=0.032, Cuv=0.013, P_in=6.622e-04, P_tgt=6.632e-04, A_F=0.127, K_low=0.026, P_drag=-1.704e-04, P_cool=-9.616e-03, WENO=0.228, rho_mean=1.000000, p_mean=0.733518, div_rms=2.548e+00, vort_rms=5.766e-01, K_dil=0.711, mass_err=-1.996e-10
step= 85000, t=17.994112, dt=1.843e-04, KE=4.236672e-02, Mt=0.2986, A_K=0.072, Cuv=-0.011, P_in=1.483e-04, P_tgt=1.484e-04, A_F=0.055, K_low=0.023, P_drag=-1.702e-04, P_cool=-9.012e-03, WENO=0.245, rho_mean=1.000000, p_mean=0.732310, div_rms=2.697e+00, vort_rms=5.808e-01, K_dil=0.722, mass_err=-2.019e-10
step= 86000, t=18.176601, dt=1.913e-04, KE=3.784087e-02, Mt=0.2803, A_K=0.070, Cuv=-0.006, P_in=3.974e-05, P_tgt=3.974e-05, A_F=0.246, K_low=0.025, P_drag=-1.730e-04, P_cool=-9.578e-03, WENO=0.262, rho_mean=1.000000, p_mean=0.733441, div_rms=2.775e+00, vort_rms=5.901e-01, K_dil=0.688, mass_err=-2.042e-10
step= 87000, t=18.372987, dt=1.909e-04, KE=3.365197e-02, Mt=0.2612, A_K=0.206, Cuv=-0.012, P_in=2.024e-05, P_tgt=2.035e-05, A_F=0.146, K_low=0.027, P_drag=-1.705e-04, P_cool=-1.002e-02, WENO=0.273, rho_mean=1.000000, p_mean=0.734326, div_rms=2.732e+00, vort_rms=5.949e-01, K_dil=0.650, mass_err=-2.065e-10
step= 88000, t=18.559444, dt=1.786e-04, KE=3.476607e-02, Mt=0.2633, A_K=0.133, Cuv=0.033, P_in=1.328e-05, P_tgt=1.327e-05, A_F=0.133, K_low=0.026, P_drag=-1.645e-04, P_cool=-9.428e-03, WENO=0.258, rho_mean=1.000000, p_mean=0.733142, div_rms=2.680e+00, vort_rms=5.999e-01, K_dil=0.664, mass_err=-2.088e-10
step= 89000, t=18.735765, dt=1.678e-04, KE=3.272009e-02, Mt=0.2535, A_K=0.067, Cuv=0.121, P_in=9.273e-06, P_tgt=9.283e-06, A_F=0.063, K_low=0.027, P_drag=-1.617e-04, P_cool=-9.501e-03, WENO=0.264, rho_mean=1.000000, p_mean=0.733287, div_rms=2.607e+00, vort_rms=5.945e-01, K_dil=0.645, mass_err=-2.112e-10
step= 90000, t=18.905371, dt=1.715e-04, KE=3.009313e-02, Mt=0.2426, A_K=0.044, Cuv=0.161, P_in=1.025e-05, P_tgt=1.029e-05, A_F=0.096, K_low=0.030, P_drag=-1.621e-04, P_cool=-9.695e-03, WENO=0.268, rho_mean=1.000000, p_mean=0.733676, div_rms=2.526e+00, vort_rms=5.962e-01, K_dil=0.617, mass_err=-2.135e-10
saved snapshot: results/hit2d/dilatational_Mt025_N512_CFL_0p05/hit2d_step0090000.npz
step= 91000, t=19.082665, dt=1.830e-04, KE=2.797509e-02, Mt=0.2336, A_K=0.079, Cuv=0.108, P_in=1.791e-05, P_tgt=1.789e-05, A_F=0.086, K_low=0.033, P_drag=-1.645e-04, P_cool=-9.767e-03, WENO=0.273, rho_mean=1.000000, p_mean=0.733819, div_rms=2.454e+00, vort_rms=5.837e-01, K_dil=0.589, mass_err=-2.159e-10
step= 92000, t=19.271581, dt=1.846e-04, KE=2.773574e-02, Mt=0.2330, A_K=0.118, Cuv=0.039, P_in=3.731e-05, P_tgt=3.801e-05, A_F=0.238, K_low=0.034, P_drag=-1.674e-04, P_cool=-9.445e-03, WENO=0.274, rho_mean=1.000000, p_mean=0.733176, div_rms=2.380e+00, vort_rms=5.682e-01, K_dil=0.588, mass_err=-2.182e-10
step= 93000, t=19.453736, dt=1.801e-04, KE=2.700008e-02, Mt=0.2311, A_K=0.104, Cuv=0.094, P_in=8.404e-05, P_tgt=8.267e-05, A_F=0.077, K_low=0.033, P_drag=-1.672e-04, P_cool=-9.248e-03, WENO=0.265, rho_mean=1.000000, p_mean=0.732781, div_rms=2.322e+00, vort_rms=5.633e-01, K_dil=0.584, mass_err=-2.206e-10
step= 94000, t=19.644990, dt=2.020e-04, KE=2.403221e-02, Mt=0.2182, A_K=0.055, Cuv=0.153, P_in=2.664e-04, P_tgt=2.666e-04, A_F=0.109, K_low=0.034, P_drag=-1.589e-04, P_cool=-9.484e-03, WENO=0.260, rho_mean=1.000000, p_mean=0.733254, div_rms=2.238e+00, vort_rms=5.487e-01, K_dil=0.544, mass_err=-2.230e-10
step= 95000, t=19.853840, dt=2.096e-04, KE=2.263386e-02, Mt=0.2111, A_K=0.025, Cuv=0.055, P_in=1.824e-03, P_tgt=1.830e-03, A_F=0.010, K_low=0.033, P_drag=-1.478e-04, P_cool=-9.392e-03, WENO=0.268, rho_mean=1.000000, p_mean=0.733070, div_rms=2.141e+00, vort_rms=5.328e-01, K_dil=0.528, mass_err=-2.254e-10
step= 96000, t=20.060692, dt=2.082e-04, KE=2.379960e-02, Mt=0.2172, A_K=0.040, Cuv=-0.035, P_in=1.102e-02, P_tgt=1.102e-02, A_F=0.222, K_low=0.030, P_drag=-1.412e-04, P_cool=-8.993e-03, WENO=0.254, rho_mean=1.000000, p_mean=0.732272, div_rms=2.091e+00, vort_rms=5.202e-01, K_dil=0.566, mass_err=-2.277e-10
step= 97000, t=20.273078, dt=2.148e-04, KE=2.399260e-02, Mt=0.2189, A_K=0.042, Cuv=0.023, P_in=5.855e-02, P_tgt=5.856e-02, A_F=0.045, K_low=0.031, P_drag=-1.409e-04, P_cool=-9.778e-03, WENO=0.253, rho_mean=1.000000, p_mean=0.733842, div_rms=2.015e+00, vort_rms=5.143e-01, K_dil=0.578, mass_err=-2.301e-10
step= 98000, t=20.471996, dt=2.015e-04, KE=3.088478e-02, Mt=0.2502, A_K=0.010, Cuv=-0.004, P_in=1.182e-01, P_tgt=1.181e-01, A_F=0.098, K_low=0.025, P_drag=-1.439e-04, P_cool=-1.182e-02, WENO=0.245, rho_mean=1.000000, p_mean=0.737935, div_rms=2.026e+00, vort_rms=5.170e-01, K_dil=0.675, mass_err=-2.324e-10
step= 99000, t=20.677469, dt=2.056e-04, KE=3.098073e-02, Mt=0.2546, A_K=0.038, Cuv=-0.040, P_in=1.037e-01, P_tgt=1.037e-01, A_F=0.012, K_low=0.028, P_drag=-1.343e-04, P_cool=-1.581e-02, WENO=0.246, rho_mean=1.000000, p_mean=0.745910, div_rms=1.975e+00, vort_rms=5.240e-01, K_dil=0.679, mass_err=-2.347e-10
step=100000, t=20.876051, dt=1.946e-04, KE=3.589656e-02, Mt=0.2780, A_K=0.023, Cuv=0.008, P_in=6.022e-02, P_tgt=6.030e-02, A_F=0.082, K_low=0.028, P_drag=-1.266e-04, P_cool=-1.757e-02, WENO=0.245, rho_mean=1.000000, p_mean=0.749422, div_rms=2.139e+00, vort_rms=5.248e-01, K_dil=0.729, mass_err=-2.371e-10
saved snapshot: results/hit2d/dilatational_Mt025_N512_CFL_0p05/hit2d_step0100000.npz
step=101000, t=21.061904, dt=1.705e-04, KE=4.461502e-02, Mt=0.3079, A_K=0.132, Cuv=0.044, P_in=1.563e-02, P_tgt=1.569e-02, A_F=0.074, K_low=0.023, P_drag=-1.258e-04, P_cool=-1.651e-02, WENO=0.232, rho_mean=1.000000, p_mean=0.747303, div_rms=2.556e+00, vort_rms=5.432e-01, K_dil=0.781, mass_err=-2.394e-10
step=102000, t=21.223847, dt=1.486e-04, KE=5.140825e-02, Mt=0.3298, A_K=0.122, Cuv=0.065, P_in=2.523e-03, P_tgt=2.248e-03, A_F=0.184, K_low=0.019, P_drag=-1.269e-04, P_cool=-1.487e-02, WENO=0.243, rho_mean=1.000000, p_mean=0.744028, div_rms=2.860e+00, vort_rms=6.082e-01, K_dil=0.810, mass_err=-2.417e-10
step=103000, t=21.373496, dt=1.540e-04, KE=5.453289e-02, Mt=0.3354, A_K=0.076, Cuv=0.056, P_in=2.487e-04, P_tgt=2.478e-04, A_F=0.051, K_low=0.017, P_drag=-1.301e-04, P_cool=-1.384e-02, WENO=0.259, rho_mean=1.000000, p_mean=0.741974, div_rms=3.042e+00, vort_rms=7.280e-01, K_dil=0.816, mass_err=-2.440e-10
step=104000, t=21.530083, dt=1.623e-04, KE=5.184254e-02, Mt=0.3268, A_K=0.034, Cuv=0.097, P_in=2.849e-05, P_tgt=2.846e-05, A_F=0.139, K_low=0.019, P_drag=-1.431e-04, P_cool=-1.395e-02, WENO=0.278, rho_mean=1.000000, p_mean=0.742177, div_rms=3.197e+00, vort_rms=7.525e-01, K_dil=0.813, mass_err=-2.463e-10
step=105000, t=21.681825, dt=1.529e-04, KE=4.769687e-02, Mt=0.3135, A_K=0.018, Cuv=0.117, P_in=3.889e-06, P_tgt=3.913e-06, A_F=0.161, K_low=0.021, P_drag=-1.526e-04, P_cool=-1.434e-02, WENO=0.285, rho_mean=1.000000, p_mean=0.742974, div_rms=3.359e+00, vort_rms=7.569e-01, K_dil=0.807, mass_err=-2.486e-10
step=106000, t=21.841120, dt=1.693e-04, KE=3.845827e-02, Mt=0.2790, A_K=0.025, Cuv=0.102, P_in=9.144e-07, P_tgt=9.206e-07, A_F=0.070, K_low=0.023, P_drag=-1.451e-04, P_cool=-1.571e-02, WENO=0.310, rho_mean=1.000000, p_mean=0.745702, div_rms=3.380e+00, vort_rms=7.370e-01, K_dil=0.766, mass_err=-2.510e-10
step=107000, t=22.003077, dt=1.536e-04, KE=3.583827e-02, Mt=0.2645, A_K=0.132, Cuv=0.042, P_in=4.566e-07, P_tgt=4.858e-07, A_F=0.022, K_low=0.021, P_drag=-1.281e-04, P_cool=-1.571e-02, WENO=0.331, rho_mean=1.000000, p_mean=0.745710, div_rms=3.278e+00, vort_rms=7.279e-01, K_dil=0.745, mass_err=-2.532e-10
step=108000, t=22.158909, dt=1.601e-04, KE=4.101105e-02, Mt=0.2821, A_K=0.158, Cuv=-0.018, P_in=2.219e-07, P_tgt=2.205e-07, A_F=0.171, K_low=0.016, P_drag=-1.184e-04, P_cool=-1.421e-02, WENO=0.328, rho_mean=1.000000, p_mean=0.742700, div_rms=3.219e+00, vort_rms=7.197e-01, K_dil=0.776, mass_err=-2.556e-10
step=109000, t=22.322282, dt=1.733e-04, KE=3.970140e-02, Mt=0.2812, A_K=0.131, Cuv=-0.006, P_in=7.096e-08, P_tgt=6.996e-08, A_F=0.227, K_low=0.017, P_drag=-1.166e-04, P_cool=-1.401e-02, WENO=0.326, rho_mean=1.000000, p_mean=0.742306, div_rms=3.186e+00, vort_rms=6.963e-01, K_dil=0.771, mass_err=-2.579e-10
step=110000, t=22.497687, dt=1.645e-04, KE=2.926917e-02, Mt=0.2440, A_K=0.061, Cuv=0.042, P_in=4.438e-08, P_tgt=4.438e-08, A_F=0.237, K_low=0.024, P_drag=-1.207e-04, P_cool=-1.557e-02, WENO=0.335, rho_mean=1.000000, p_mean=0.745431, div_rms=3.001e+00, vort_rms=6.562e-01, K_dil=0.693, mass_err=-2.602e-10
saved snapshot: results/hit2d/dilatational_Mt025_N512_CFL_0p05/hit2d_step0110000.npz
step=111000, t=22.672061, dt=1.785e-04, KE=2.665852e-02, Mt=0.2291, A_K=0.056, Cuv=0.040, P_in=9.244e-08, P_tgt=9.203e-08, A_F=0.127, K_low=0.028, P_drag=-1.298e-04, P_cool=-1.554e-02, WENO=0.333, rho_mean=1.000000, p_mean=0.745369, div_rms=2.872e+00, vort_rms=6.285e-01, K_dil=0.657, mass_err=-2.626e-10
step=112000, t=22.857810, dt=1.818e-04, KE=3.033888e-02, Mt=0.2429, A_K=0.144, Cuv=-0.002, P_in=1.820e-07, P_tgt=1.816e-07, A_F=0.028, K_low=0.026, P_drag=-1.427e-04, P_cool=-1.425e-02, WENO=0.318, rho_mean=1.000000, p_mean=0.742777, div_rms=2.753e+00, vort_rms=5.956e-01, K_dil=0.707, mass_err=-2.649e-10
step=113000, t=23.039924, dt=1.835e-04, KE=2.937669e-02, Mt=0.2414, A_K=0.137, Cuv=0.044, P_in=2.174e-07, P_tgt=2.194e-07, A_F=0.328, K_low=0.028, P_drag=-1.503e-04, P_cool=-1.392e-02, WENO=0.306, rho_mean=1.000000, p_mean=0.742135, div_rms=2.662e+00, vort_rms=5.779e-01, K_dil=0.716, mass_err=-2.672e-10
step=114000, t=23.234193, dt=1.888e-04, KE=2.256472e-02, Mt=0.2116, A_K=0.024, Cuv=0.180, P_in=6.772e-07, P_tgt=6.780e-07, A_F=0.060, K_low=0.034, P_drag=-1.434e-04, P_cool=-1.472e-02, WENO=0.295, rho_mean=1.000000, p_mean=0.743733, div_rms=2.507e+00, vort_rms=5.615e-01, K_dil=0.640, mass_err=-2.696e-10
step=115000, t=23.414027, dt=1.722e-04, KE=2.021636e-02, Mt=0.1991, A_K=0.031, Cuv=0.147, P_in=1.251e-05, P_tgt=8.906e-06, A_F=0.092, K_low=0.035, P_drag=-1.299e-04, P_cool=-1.466e-02, WENO=0.288, rho_mean=1.000000, p_mean=0.743600, div_rms=2.319e+00, vort_rms=5.620e-01, K_dil=0.598, mass_err=-2.720e-10
step=116000, t=23.599697, dt=2.014e-04, KE=2.210174e-02, Mt=0.2073, A_K=0.013, Cuv=0.049, P_in=1.227e-04, P_tgt=1.231e-04, A_F=0.148, K_low=0.027, P_drag=-1.152e-04, P_cool=-1.375e-02, WENO=0.264, rho_mean=1.000000, p_mean=0.741784, div_rms=2.253e+00, vort_rms=5.466e-01, K_dil=0.633, mass_err=-2.743e-10
step=117000, t=23.799089, dt=1.878e-04, KE=2.327030e-02, Mt=0.2135, A_K=0.002, Cuv=-0.050, P_in=9.581e-04, P_tgt=9.648e-04, A_F=0.093, K_low=0.023, P_drag=-1.019e-04, P_cool=-1.299e-02, WENO=0.248, rho_mean=1.000000, p_mean=0.740275, div_rms=2.155e+00, vort_rms=5.316e-01, K_dil=0.655, mass_err=-2.767e-10
step=118000, t=23.994071, dt=1.998e-04, KE=2.039250e-02, Mt=0.2006, A_K=0.050, Cuv=0.016, P_in=8.794e-03, P_tgt=8.829e-03, A_F=0.144, K_low=0.025, P_drag=-9.435e-05, P_cool=-1.319e-02, WENO=0.242, rho_mean=1.000000, p_mean=0.740663, div_rms=2.038e+00, vort_rms=5.196e-01, K_dil=0.609, mass_err=-2.791e-10
step=119000, t=24.200262, dt=2.027e-04, KE=2.389624e-02, Mt=0.2188, A_K=0.015, Cuv=-0.031, P_in=1.318e-01, P_tgt=1.317e-01, A_F=0.003, K_low=0.021, P_drag=-8.766e-05, P_cool=-1.400e-02, WENO=0.236, rho_mean=1.000000, p_mean=0.742281, div_rms=2.007e+00, vort_rms=5.066e-01, K_dil=0.673, mass_err=-2.815e-10
step=120000, t=24.389522, dt=1.923e-04, KE=3.559259e-02, Mt=0.2692, A_K=0.047, Cuv=-0.060, P_in=1.299e-01, P_tgt=1.298e-01, A_F=0.021, K_low=0.014, P_drag=-8.400e-05, P_cool=-1.704e-02, WENO=0.242, rho_mean=1.000000, p_mean=0.748366, div_rms=2.073e+00, vort_rms=5.008e-01, K_dil=0.788, mass_err=-2.838e-10
saved snapshot: results/hit2d/dilatational_Mt025_N512_CFL_0p05/hit2d_step0120000.npz
step=121000, t=24.591134, dt=2.035e-04, KE=3.051159e-02, Mt=0.2533, A_K=0.075, Cuv=-0.034, P_in=8.979e-02, P_tgt=8.981e-02, A_F=0.051, K_low=0.016, P_drag=-9.230e-05, P_cool=-2.140e-02, WENO=0.256, rho_mean=1.000000, p_mean=0.757082, div_rms=2.085e+00, vort_rms=5.004e-01, K_dil=0.767, mass_err=-2.861e-10
step=122000, t=24.791418, dt=1.936e-04, KE=3.989966e-02, Mt=0.2909, A_K=0.043, Cuv=0.075, P_in=4.576e-02, P_tgt=4.567e-02, A_F=0.043, K_low=0.014, P_drag=-8.870e-05, P_cool=-2.156e-02, WENO=0.240, rho_mean=1.000000, p_mean=0.757399, div_rms=2.344e+00, vort_rms=4.950e-01, K_dil=0.829, mass_err=-2.884e-10
step=123000, t=24.973228, dt=1.674e-04, KE=5.018133e-02, Mt=0.3274, A_K=0.122, Cuv=-0.045, P_in=7.818e-03, P_tgt=7.866e-03, A_F=0.012, K_low=0.011, P_drag=-1.006e-04, P_cool=-1.959e-02, WENO=0.256, rho_mean=1.000000, p_mean=0.753475, div_rms=2.818e+00, vort_rms=5.204e-01, K_dil=0.869, mass_err=-2.907e-10
step=124000, t=25.141842, dt=1.763e-04, KE=4.996649e-02, Mt=0.3266, A_K=0.072, Cuv=-0.065, P_in=8.347e-04, P_tgt=9.413e-04, A_F=0.100, K_low=0.011, P_drag=-1.029e-04, P_cool=-1.910e-02, WENO=0.257, rho_mean=1.000000, p_mean=0.752485, div_rms=3.077e+00, vort_rms=5.581e-01, K_dil=0.869, mass_err=-2.930e-10
step=125000, t=25.312985, dt=1.589e-04, KE=5.143609e-02, Mt=0.3263, A_K=0.002, Cuv=0.019, P_in=1.200e-04, P_tgt=1.197e-04, A_F=0.082, K_low=0.012, P_drag=-1.134e-04, P_cool=-1.818e-02, WENO=0.263, rho_mean=1.000000, p_mean=0.750637, div_rms=3.310e+00, vort_rms=5.831e-01, K_dil=0.865, mass_err=-2.953e-10
step=126000, t=25.474220, dt=1.525e-04, KE=5.029081e-02, Mt=0.3202, A_K=0.029, Cuv=0.051, P_in=1.563e-05, P_tgt=1.561e-05, A_F=0.120, K_low=0.012, P_drag=-1.198e-04, P_cool=-1.782e-02, WENO=0.266, rho_mean=1.000000, p_mean=0.749931, div_rms=3.496e+00, vort_rms=6.126e-01, K_dil=0.858, mass_err=-2.976e-10
step=127000, t=25.619067, dt=1.503e-04, KE=4.375963e-02, Mt=0.2976, A_K=0.138, Cuv=-0.014, P_in=2.760e-06, P_tgt=2.770e-06, A_F=0.180, K_low=0.013, P_drag=-1.199e-04, P_cool=-1.860e-02, WENO=0.272, rho_mean=1.000000, p_mean=0.751479, div_rms=3.458e+00, vort_rms=6.498e-01, K_dil=0.835, mass_err=-2.999e-10
step=128000, t=25.783506, dt=1.774e-04, KE=3.933667e-02, Mt=0.2782, A_K=0.156, Cuv=-0.096, P_in=8.377e-07, P_tgt=8.338e-07, A_F=0.022, K_low=0.014, P_drag=-1.225e-04, P_cool=-1.886e-02, WENO=0.288, rho_mean=1.000000, p_mean=0.752001, div_rms=3.403e+00, vort_rms=6.353e-01, K_dil=0.817, mass_err=-3.022e-10
step=129000, t=25.951280, dt=1.681e-04, KE=3.695099e-02, Mt=0.2681, A_K=0.015, Cuv=-0.088, P_in=3.638e-07, P_tgt=3.661e-07, A_F=0.118, K_low=0.016, P_drag=-1.299e-04, P_cool=-1.870e-02, WENO=0.297, rho_mean=1.000000, p_mean=0.751687, div_rms=3.282e+00, vort_rms=6.321e-01, K_dil=0.812, mass_err=-3.046e-10
step=130000, t=26.128766, dt=1.779e-04, KE=3.364224e-02, Mt=0.2547, A_K=0.054, Cuv=-0.015, P_in=2.393e-07, P_tgt=2.395e-07, A_F=0.112, K_low=0.021, P_drag=-1.412e-04, P_cool=-1.869e-02, WENO=0.309, rho_mean=1.000000, p_mean=0.751670, div_rms=3.145e+00, vort_rms=5.961e-01, K_dil=0.800, mass_err=-3.069e-10
saved snapshot: results/hit2d/dilatational_Mt025_N512_CFL_0p05/hit2d_step0130000.npz
step=131000, t=26.308437, dt=1.824e-04, KE=3.103322e-02, Mt=0.2430, A_K=0.010, Cuv=0.027, P_in=2.537e-07, P_tgt=2.519e-07, A_F=0.152, K_low=0.024, P_drag=-1.489e-04, P_cool=-1.854e-02, WENO=0.323, rho_mean=1.000000, p_mean=0.751362, div_rms=2.983e+00, vort_rms=5.657e-01, K_dil=0.785, mass_err=-3.092e-10
step=132000, t=26.497437, dt=1.952e-04, KE=3.137617e-02, Mt=0.2435, A_K=0.094, Cuv=0.041, P_in=3.623e-07, P_tgt=3.472e-07, A_F=0.255, K_low=0.023, P_drag=-1.571e-04, P_cool=-1.778e-02, WENO=0.315, rho_mean=1.000000, p_mean=0.749837, div_rms=2.880e+00, vort_rms=5.347e-01, K_dil=0.788, mass_err=-3.115e-10
step=133000, t=26.691106, dt=1.897e-04, KE=2.813774e-02, Mt=0.2329, A_K=0.134, Cuv=-0.006, P_in=5.784e-07, P_tgt=5.352e-07, A_F=0.169, K_low=0.028, P_drag=-1.684e-04, P_cool=-1.773e-02, WENO=0.312, rho_mean=1.000000, p_mean=0.749750, div_rms=2.751e+00, vort_rms=5.187e-01, K_dil=0.770, mass_err=-3.139e-10
step=134000, t=26.877459, dt=1.766e-04, KE=2.364014e-02, Mt=0.2130, A_K=0.072, Cuv=-0.032, P_in=1.883e-06, P_tgt=1.934e-06, A_F=0.081, K_low=0.035, P_drag=-1.757e-04, P_cool=-1.796e-02, WENO=0.305, rho_mean=1.000000, p_mean=0.750206, div_rms=2.602e+00, vort_rms=5.110e-01, K_dil=0.723, mass_err=-3.162e-10
step=135000, t=27.053020, dt=1.790e-04, KE=2.194788e-02, Mt=0.2042, A_K=0.046, Cuv=0.074, P_in=2.036e-05, P_tgt=2.073e-05, A_F=0.038, K_low=0.039, P_drag=-1.802e-04, P_cool=-1.766e-02, WENO=0.287, rho_mean=1.000000, p_mean=0.749612, div_rms=2.475e+00, vort_rms=5.036e-01, K_dil=0.696, mass_err=-3.186e-10
step=136000, t=27.236204, dt=1.814e-04, KE=2.354363e-02, Mt=0.2111, A_K=0.024, Cuv=0.151, P_in=1.950e-04, P_tgt=1.947e-04, A_F=0.049, K_low=0.036, P_drag=-1.767e-04, P_cool=-1.671e-02, WENO=0.277, rho_mean=1.000000, p_mean=0.747709, div_rms=2.375e+00, vort_rms=4.934e-01, K_dil=0.717, mass_err=-3.209e-10
step=137000, t=27.427859, dt=2.010e-04, KE=2.235043e-02, Mt=0.2072, A_K=0.040, Cuv=0.096, P_in=1.441e-03, P_tgt=1.444e-03, A_F=0.118, K_low=0.034, P_drag=-1.605e-04, P_cool=-1.634e-02, WENO=0.267, rho_mean=1.000000, p_mean=0.746962, div_rms=2.270e+00, vort_rms=4.817e-01, K_dil=0.710, mass_err=-3.233e-10
step=138000, t=27.630960, dt=2.082e-04, KE=2.076228e-02, Mt=0.2006, A_K=0.102, Cuv=-0.049, P_in=1.760e-02, P_tgt=1.766e-02, A_F=0.025, K_low=0.034, P_drag=-1.444e-04, P_cool=-1.625e-02, WENO=0.251, rho_mean=1.000000, p_mean=0.746778, div_rms=2.183e+00, vort_rms=4.708e-01, K_dil=0.696, mass_err=-3.257e-10
step=139000, t=27.843438, dt=2.079e-04, KE=2.713960e-02, Mt=0.2335, A_K=0.038, Cuv=-0.005, P_in=1.577e-01, P_tgt=1.578e-01, A_F=0.089, K_low=0.024, P_drag=-1.366e-04, P_cool=-1.752e-02, WENO=0.243, rho_mean=1.000000, p_mean=0.749334, div_rms=2.159e+00, vort_rms=4.619e-01, K_dil=0.779, mass_err=-3.280e-10
step=140000, t=28.044150, dt=1.928e-04, KE=3.338630e-02, Mt=0.2650, A_K=0.087, Cuv=-0.076, P_in=1.211e-01, P_tgt=1.211e-01, A_F=0.146, K_low=0.021, P_drag=-1.377e-04, P_cool=-2.167e-02, WENO=0.241, rho_mean=1.000000, p_mean=0.757616, div_rms=2.175e+00, vort_rms=4.630e-01, K_dil=0.829, mass_err=-3.303e-10
saved snapshot: results/hit2d/dilatational_Mt025_N512_CFL_0p05/hit2d_step0140000.npz
step=141000, t=28.236606, dt=1.860e-04, KE=3.293665e-02, Mt=0.2608, A_K=0.013, Cuv=0.027, P_in=8.334e-02, P_tgt=8.316e-02, A_F=0.266, K_low=0.024, P_drag=-1.485e-04, P_cool=-2.464e-02, WENO=0.250, rho_mean=1.000000, p_mean=0.763569, div_rms=2.210e+00, vort_rms=4.717e-01, K_dil=0.824, mass_err=-3.326e-10
step=142000, t=28.413090, dt=1.622e-04, KE=4.195438e-02, Mt=0.2947, A_K=0.153, Cuv=0.074, P_in=3.453e-02, P_tgt=3.407e-02, A_F=0.054, K_low=0.021, P_drag=-1.619e-04, P_cool=-2.410e-02, WENO=0.240, rho_mean=1.000000, p_mean=0.762486, div_rms=2.460e+00, vort_rms=5.038e-01, K_dil=0.864, mass_err=-3.349e-10
step=143000, t=28.570096, dt=1.437e-04, KE=4.722212e-02, Mt=0.3131, A_K=0.044, Cuv=0.062, P_in=6.435e-03, P_tgt=6.372e-03, A_F=0.118, K_low=0.019, P_drag=-1.664e-04, P_cool=-2.285e-02, WENO=0.238, rho_mean=1.000000, p_mean=0.759979, div_rms=2.756e+00, vort_rms=6.030e-01, K_dil=0.880, mass_err=-3.372e-10
step=144000, t=28.712377, dt=1.412e-04, KE=4.964034e-02, Mt=0.3159, A_K=0.096, Cuv=0.081, P_in=1.010e-03, P_tgt=1.006e-03, A_F=0.130, K_low=0.019, P_drag=-1.681e-04, P_cool=-2.181e-02, WENO=0.247, rho_mean=1.000000, p_mean=0.757907, div_rms=2.981e+00, vort_rms=6.744e-01, K_dil=0.879, mass_err=-3.395e-10
step=145000, t=28.853230, dt=1.405e-04, KE=5.424462e-02, Mt=0.3279, A_K=0.068, Cuv=0.071, P_in=1.432e-04, P_tgt=1.414e-04, A_F=0.100, K_low=0.018, P_drag=-1.737e-04, P_cool=-2.030e-02, WENO=0.255, rho_mean=1.000000, p_mean=0.754889, div_rms=3.178e+00, vort_rms=6.915e-01, K_dil=0.885, mass_err=-3.418e-10
step=146000, t=28.995109, dt=1.441e-04, KE=5.746570e-02, Mt=0.3380, A_K=0.017, Cuv=0.057, P_in=1.547e-05, P_tgt=1.542e-05, A_F=0.073, K_low=0.016, P_drag=-1.694e-04, P_cool=-1.910e-02, WENO=0.251, rho_mean=1.000000, p_mean=0.752479, div_rms=3.395e+00, vort_rms=6.775e-01, K_dil=0.891, mass_err=-3.441e-10
step=147000, t=29.144017, dt=1.565e-04, KE=4.915632e-02, Mt=0.3128, A_K=0.025, Cuv=0.092, P_in=1.841e-06, P_tgt=1.875e-06, A_F=0.082, K_low=0.017, P_drag=-1.590e-04, P_cool=-2.017e-02, WENO=0.264, rho_mean=1.000000, p_mean=0.754632, div_rms=3.482e+00, vort_rms=6.856e-01, K_dil=0.875, mass_err=-3.465e-10
step=148000, t=29.314051, dt=1.786e-04, KE=3.556340e-02, Mt=0.2653, A_K=0.010, Cuv=0.073, P_in=5.570e-07, P_tgt=5.560e-07, A_F=0.035, K_low=0.023, P_drag=-1.548e-04, P_cool=-2.216e-02, WENO=0.290, rho_mean=1.000000, p_mean=0.758606, div_rms=3.405e+00, vort_rms=6.636e-01, K_dil=0.830, mass_err=-3.488e-10
step=149000, t=29.487406, dt=1.706e-04, KE=3.388655e-02, Mt=0.2538, A_K=0.023, Cuv=-0.029, P_in=4.243e-07, P_tgt=4.438e-07, A_F=0.166, K_low=0.025, P_drag=-1.618e-04, P_cool=-2.172e-02, WENO=0.300, rho_mean=1.000000, p_mean=0.757729, div_rms=3.368e+00, vort_rms=6.328e-01, K_dil=0.817, mass_err=-3.511e-10
step=150000, t=29.656276, dt=1.731e-04, KE=3.738465e-02, Mt=0.2664, A_K=0.034, Cuv=0.001, P_in=3.124e-07, P_tgt=3.125e-07, A_F=0.023, K_low=0.025, P_drag=-1.804e-04, P_cool=-2.031e-02, WENO=0.307, rho_mean=1.000000, p_mean=0.754898, div_rms=3.256e+00, vort_rms=6.128e-01, K_dil=0.837, mass_err=-3.534e-10
saved snapshot: results/hit2d/dilatational_Mt025_N512_CFL_0p05/hit2d_step0150000.npz
step=151000, t=29.827266, dt=1.490e-04, KE=3.714323e-02, Mt=0.2678, A_K=0.078, Cuv=0.014, P_in=1.574e-07, P_tgt=1.547e-07, A_F=0.010, K_low=0.028, P_drag=-2.055e-04, P_cool=-1.967e-02, WENO=0.310, rho_mean=1.000000, p_mean=0.753623, div_rms=3.162e+00, vort_rms=5.905e-01, K_dil=0.840, mass_err=-3.558e-10
step=152000, t=29.973267, dt=1.580e-04, KE=3.150038e-02, Mt=0.2463, A_K=0.080, Cuv=-0.044, P_in=1.135e-07, P_tgt=1.137e-07, A_F=0.046, K_low=0.035, P_drag=-2.250e-04, P_cool=-2.021e-02, WENO=0.325, rho_mean=1.000000, p_mean=0.754703, div_rms=3.041e+00, vort_rms=5.872e-01, K_dil=0.811, mass_err=-3.581e-10
step=153000, t=30.148139, dt=1.829e-04, KE=2.771540e-02, Mt=0.2293, A_K=0.008, Cuv=-0.123, P_in=2.101e-07, P_tgt=2.095e-07, A_F=0.083, K_low=0.046, P_drag=-2.441e-04, P_cool=-2.025e-02, WENO=0.335, rho_mean=1.000000, p_mean=0.754777, div_rms=2.885e+00, vort_rms=5.726e-01, K_dil=0.783, mass_err=-3.604e-10
step=154000, t=30.331405, dt=1.870e-04, KE=2.594844e-02, Mt=0.2230, A_K=0.027, Cuv=0.048, P_in=6.311e-07, P_tgt=6.417e-07, A_F=0.148, K_low=0.052, P_drag=-2.545e-04, P_cool=-1.985e-02, WENO=0.326, rho_mean=1.000000, p_mean=0.753995, div_rms=2.740e+00, vort_rms=5.588e-01, K_dil=0.773, mass_err=-3.628e-10
step=155000, t=30.517539, dt=1.865e-04, KE=2.398021e-02, Mt=0.2143, A_K=0.034, Cuv=0.236, P_in=2.997e-06, P_tgt=3.001e-06, A_F=0.023, K_low=0.055, P_drag=-2.551e-04, P_cool=-1.951e-02, WENO=0.313, rho_mean=1.000000, p_mean=0.753298, div_rms=2.612e+00, vort_rms=5.376e-01, K_dil=0.756, mass_err=-3.651e-10
step=156000, t=30.708720, dt=1.911e-04, KE=2.317714e-02, Mt=0.2110, A_K=0.030, Cuv=0.184, P_in=2.356e-05, P_tgt=2.185e-05, A_F=0.113, K_low=0.055, P_drag=-2.522e-04, P_cool=-1.892e-02, WENO=0.309, rho_mean=1.000000, p_mean=0.752126, div_rms=2.484e+00, vort_rms=5.209e-01, K_dil=0.751, mass_err=-3.675e-10
step=157000, t=30.900006, dt=1.977e-04, KE=2.337261e-02, Mt=0.2122, A_K=0.144, Cuv=0.101, P_in=1.514e-04, P_tgt=1.535e-04, A_F=0.056, K_low=0.054, P_drag=-2.551e-04, P_cool=-1.817e-02, WENO=0.296, rho_mean=1.000000, p_mean=0.750617, div_rms=2.388e+00, vort_rms=5.080e-01, K_dil=0.756, mass_err=-3.698e-10
step=158000, t=31.104663, dt=2.103e-04, KE=2.085178e-02, Mt=0.2015, A_K=0.200, Cuv=0.094, P_in=1.552e-03, P_tgt=1.538e-03, A_F=0.039, K_low=0.062, P_drag=-2.588e-04, P_cool=-1.794e-02, WENO=0.295, rho_mean=1.000000, p_mean=0.750174, div_rms=2.257e+00, vort_rms=4.979e-01, K_dil=0.731, mass_err=-3.722e-10
step=159000, t=31.314495, dt=2.001e-04, KE=2.081822e-02, Mt=0.2022, A_K=0.036, Cuv=0.053, P_in=2.607e-02, P_tgt=2.602e-02, A_F=0.036, K_low=0.061, P_drag=-2.526e-04, P_cool=-1.755e-02, WENO=0.286, rho_mean=1.000000, p_mean=0.749395, div_rms=2.201e+00, vort_rms=4.809e-01, K_dil=0.735, mass_err=-3.746e-10
step=160000, t=31.510425, dt=2.046e-04, KE=2.833763e-02, Mt=0.2360, A_K=0.073, Cuv=-0.033, P_in=1.418e-01, P_tgt=1.418e-01, A_F=0.125, K_low=0.042, P_drag=-2.290e-04, P_cool=-1.851e-02, WENO=0.283, rho_mean=1.000000, p_mean=0.751307, div_rms=2.196e+00, vort_rms=4.749e-01, K_dil=0.806, mass_err=-3.769e-10
saved snapshot: results/hit2d/dilatational_Mt025_N512_CFL_0p05/hit2d_step0160000.npz
step=161000, t=31.708266, dt=1.920e-04, KE=3.265005e-02, Mt=0.2583, A_K=0.005, Cuv=0.046, P_in=1.332e-01, P_tgt=1.330e-01, A_F=0.112, K_low=0.033, P_drag=-1.908e-04, P_cool=-2.271e-02, WENO=0.277, rho_mean=1.000000, p_mean=0.759707, div_rms=2.192e+00, vort_rms=4.870e-01, K_dil=0.835, mass_err=-3.792e-10
step=162000, t=31.897729, dt=1.823e-04, KE=3.191057e-02, Mt=0.2626, A_K=0.015, Cuv=-0.024, P_in=9.936e-02, P_tgt=9.937e-02, A_F=0.017, K_low=0.032, P_drag=-1.450e-04, P_cool=-2.629e-02, WENO=0.262, rho_mean=1.000000, p_mean=0.766856, div_rms=2.232e+00, vort_rms=4.895e-01, K_dil=0.838, mass_err=-3.816e-10
step=163000, t=32.087803, dt=1.937e-04, KE=4.464812e-02, Mt=0.3036, A_K=0.101, Cuv=-0.019, P_in=3.444e-02, P_tgt=3.441e-02, A_F=0.071, K_low=0.021, P_drag=-1.316e-04, P_cool=-2.532e-02, WENO=0.246, rho_mean=1.000000, p_mean=0.764919, div_rms=2.505e+00, vort_rms=4.817e-01, K_dil=0.882, mass_err=-3.839e-10
step=164000, t=32.262306, dt=1.519e-04, KE=5.262701e-02, Mt=0.3303, A_K=0.164, Cuv=0.107, P_in=4.924e-03, P_tgt=4.936e-03, A_F=0.138, K_low=0.017, P_drag=-1.406e-04, P_cool=-2.346e-02, WENO=0.238, rho_mean=1.000000, p_mean=0.761204, div_rms=2.882e+00, vort_rms=5.002e-01, K_dil=0.903, mass_err=-3.862e-10
step=165000, t=32.407695, dt=1.503e-04, KE=5.210561e-02, Mt=0.3255, A_K=0.140, Cuv=0.122, P_in=5.958e-04, P_tgt=5.985e-04, A_F=0.062, K_low=0.017, P_drag=-1.507e-04, P_cool=-2.295e-02, WENO=0.245, rho_mean=1.000000, p_mean=0.760184, div_rms=3.114e+00, vort_rms=5.626e-01, K_dil=0.902, mass_err=-3.885e-10
step=166000, t=32.566731, dt=1.671e-04, KE=5.306748e-02, Mt=0.3270, A_K=0.030, Cuv=0.079, P_in=7.634e-05, P_tgt=7.619e-05, A_F=0.035, K_low=0.016, P_drag=-1.483e-04, P_cool=-2.204e-02, WENO=0.242, rho_mean=1.000000, p_mean=0.758374, div_rms=3.391e+00, vort_rms=6.028e-01, K_dil=0.904, mass_err=-3.908e-10
step=167000, t=32.739555, dt=1.763e-04, KE=4.901745e-02, Mt=0.3128, A_K=0.008, Cuv=-0.016, P_in=1.096e-05, P_tgt=1.063e-05, A_F=0.056, K_low=0.016, P_drag=-1.443e-04, P_cool=-2.209e-02, WENO=0.262, rho_mean=1.000000, p_mean=0.758466, div_rms=3.498e+00, vort_rms=6.171e-01, K_dil=0.896, mass_err=-3.932e-10
step=168000, t=32.912498, dt=1.616e-04, KE=4.515724e-02, Mt=0.2990, A_K=0.027, Cuv=-0.018, P_in=2.008e-06, P_tgt=2.016e-06, A_F=0.211, K_low=0.018, P_drag=-1.560e-04, P_cool=-2.209e-02, WENO=0.266, rho_mean=1.000000, p_mean=0.758472, div_rms=3.576e+00, vort_rms=6.015e-01, K_dil=0.887, mass_err=-3.955e-10
step=169000, t=33.091084, dt=1.893e-04, KE=3.797640e-02, Mt=0.2742, A_K=0.022, Cuv=0.081, P_in=6.135e-07, P_tgt=6.140e-07, A_F=0.102, K_low=0.027, P_drag=-1.872e-04, P_cool=-2.272e-02, WENO=0.284, rho_mean=1.000000, p_mean=0.759730, div_rms=3.524e+00, vort_rms=5.727e-01, K_dil=0.869, mass_err=-3.978e-10
step=170000, t=33.272584, dt=1.706e-04, KE=3.488948e-02, Mt=0.2634, A_K=0.021, Cuv=0.195, P_in=3.273e-07, P_tgt=3.277e-07, A_F=0.005, K_low=0.034, P_drag=-2.102e-04, P_cool=-2.251e-02, WENO=0.293, rho_mean=1.000000, p_mean=0.759303, div_rms=3.456e+00, vort_rms=5.672e-01, K_dil=0.863, mass_err=-4.002e-10
saved snapshot: results/hit2d/dilatational_Mt025_N512_CFL_0p05/hit2d_step0170000.npz
step=171000, t=33.442192, dt=1.683e-04, KE=3.122071e-02, Mt=0.2460, A_K=0.023, Cuv=0.119, P_in=2.702e-07, P_tgt=2.727e-07, A_F=0.028, K_low=0.039, P_drag=-2.249e-04, P_cool=-2.247e-02, WENO=0.308, rho_mean=1.000000, p_mean=0.759228, div_rms=3.272e+00, vort_rms=5.649e-01, K_dil=0.850, mass_err=-4.025e-10
step=172000, t=33.607305, dt=1.636e-04, KE=3.107079e-02, Mt=0.2439, A_K=0.079, Cuv=0.008, P_in=3.889e-07, P_tgt=3.677e-07, A_F=0.054, K_low=0.039, P_drag=-2.322e-04, P_cool=-2.176e-02, WENO=0.321, rho_mean=1.000000, p_mean=0.757806, div_rms=3.097e+00, vort_rms=5.521e-01, K_dil=0.854, mass_err=-4.048e-10
step=173000, t=33.784534, dt=1.889e-04, KE=2.953642e-02, Mt=0.2404, A_K=0.117, Cuv=-0.033, P_in=4.610e-07, P_tgt=4.537e-07, A_F=0.230, K_low=0.039, P_drag=-2.293e-04, P_cool=-2.130e-02, WENO=0.317, rho_mean=1.000000, p_mean=0.756887, div_rms=2.956e+00, vort_rms=5.260e-01, K_dil=0.854, mass_err=-4.071e-10
step=174000, t=33.972842, dt=1.838e-04, KE=2.430843e-02, Mt=0.2177, A_K=0.015, Cuv=-0.001, P_in=1.260e-06, P_tgt=1.252e-06, A_F=0.132, K_low=0.044, P_drag=-2.180e-04, P_cool=-2.153e-02, WENO=0.320, rho_mean=1.000000, p_mean=0.757344, div_rms=2.778e+00, vort_rms=5.014e-01, K_dil=0.826, mass_err=-4.095e-10
step=175000, t=34.160671, dt=1.893e-04, KE=2.245672e-02, Mt=0.2077, A_K=0.144, Cuv=-0.007, P_in=8.357e-06, P_tgt=8.544e-06, A_F=0.063, K_low=0.043, P_drag=-1.998e-04, P_cool=-2.109e-02, WENO=0.313, rho_mean=1.000000, p_mean=0.756468, div_rms=2.616e+00, vort_rms=4.837e-01, K_dil=0.813, mass_err=-4.118e-10
step=176000, t=34.334467, dt=1.820e-04, KE=2.176025e-02, Mt=0.2043, A_K=0.073, Cuv=-0.043, P_in=1.085e-04, P_tgt=9.236e-05, A_F=0.026, K_low=0.041, P_drag=-1.800e-04, P_cool=-2.050e-02, WENO=0.305, rho_mean=1.000000, p_mean=0.755291, div_rms=2.486e+00, vort_rms=4.810e-01, K_dil=0.806, mass_err=-4.141e-10
step=177000, t=34.521522, dt=1.851e-04, KE=2.056999e-02, Mt=0.1992, A_K=0.068, Cuv=-0.058, P_in=1.270e-03, P_tgt=1.285e-03, A_F=0.035, K_low=0.040, P_drag=-1.671e-04, P_cool=-2.000e-02, WENO=0.294, rho_mean=1.000000, p_mean=0.754282, div_rms=2.394e+00, vort_rms=4.623e-01, K_dil=0.793, mass_err=-4.165e-10
step=178000, t=34.703334, dt=1.857e-04, KE=1.969752e-02, Mt=0.1953, A_K=0.022, Cuv=0.124, P_in=2.972e-02, P_tgt=2.971e-02, A_F=0.020, K_low=0.039, P_drag=-1.604e-04, P_cool=-1.977e-02, WENO=0.286, rho_mean=1.000000, p_mean=0.753834, div_rms=2.274e+00, vort_rms=4.540e-01, K_dil=0.783, mass_err=-4.189e-10
step=179000, t=34.893350, dt=1.913e-04, KE=3.336216e-02, Mt=0.2531, A_K=0.011, Cuv=0.107, P_in=1.540e-01, P_tgt=1.539e-01, A_F=0.061, K_low=0.022, P_drag=-1.522e-04, P_cool=-2.018e-02, WENO=0.269, rho_mean=1.000000, p_mean=0.754654, div_rms=2.286e+00, vort_rms=4.392e-01, K_dil=0.875, mass_err=-4.212e-10
step=180000, t=35.089584, dt=2.037e-04, KE=3.335848e-02, Mt=0.2579, A_K=0.009, Cuv=0.032, P_in=9.086e-02, P_tgt=9.099e-02, A_F=0.121, K_low=0.021, P_drag=-1.364e-04, P_cool=-2.403e-02, WENO=0.266, rho_mean=1.000000, p_mean=0.762339, div_rms=2.266e+00, vort_rms=4.389e-01, K_dil=0.882, mass_err=-4.235e-10
saved snapshot: results/hit2d/dilatational_Mt025_N512_CFL_0p05/hit2d_step0180000.npz
step=181000, t=35.290179, dt=1.981e-04, KE=3.319849e-02, Mt=0.2571, A_K=0.092, Cuv=0.096, P_in=9.082e-02, P_tgt=9.088e-02, A_F=0.246, K_low=0.022, P_drag=-1.303e-04, P_cool=-2.661e-02, WENO=0.271, rho_mean=1.000000, p_mean=0.767509, div_rms=2.336e+00, vort_rms=4.378e-01, K_dil=0.884, mass_err=-4.258e-10
step=182000, t=35.482589, dt=1.837e-04, KE=4.563062e-02, Mt=0.2993, A_K=0.055, Cuv=0.032, P_in=3.455e-02, P_tgt=3.453e-02, A_F=0.032, K_low=0.018, P_drag=-1.507e-04, P_cool=-2.560e-02, WENO=0.282, rho_mean=1.000000, p_mean=0.765494, div_rms=2.600e+00, vort_rms=4.400e-01, K_dil=0.914, mass_err=-4.281e-10
step=183000, t=35.652703, dt=1.604e-04, KE=5.022176e-02, Mt=0.3150, A_K=0.035, Cuv=-0.004, P_in=6.266e-03, P_tgt=6.175e-03, A_F=0.004, K_low=0.017, P_drag=-1.676e-04, P_cool=-2.441e-02, WENO=0.275, rho_mean=1.000000, p_mean=0.763110, div_rms=2.879e+00, vort_rms=4.691e-01, K_dil=0.920, mass_err=-4.304e-10
step=184000, t=35.815802, dt=1.641e-04, KE=5.024262e-02, Mt=0.3150, A_K=0.022, Cuv=-0.048, P_in=9.208e-04, P_tgt=9.299e-04, A_F=0.054, K_low=0.016, P_drag=-1.750e-04, P_cool=-2.371e-02, WENO=0.270, rho_mean=1.000000, p_mean=0.761714, div_rms=3.168e+00, vort_rms=5.407e-01, K_dil=0.916, mass_err=-4.327e-10
step=185000, t=35.967866, dt=1.308e-04, KE=5.071827e-02, Mt=0.3152, A_K=0.013, Cuv=-0.047, P_in=1.470e-04, P_tgt=1.468e-04, A_F=0.063, K_low=0.016, P_drag=-1.837e-04, P_cool=-2.291e-02, WENO=0.274, rho_mean=1.000000, p_mean=0.760115, div_rms=3.322e+00, vort_rms=6.217e-01, K_dil=0.913, mass_err=-4.350e-10
step=186000, t=36.098676, dt=1.333e-04, KE=4.938831e-02, Mt=0.3113, A_K=0.038, Cuv=-0.084, P_in=2.314e-05, P_tgt=2.332e-05, A_F=0.070, K_low=0.018, P_drag=-1.943e-04, P_cool=-2.258e-02, WENO=0.276, rho_mean=1.000000, p_mean=0.759451, div_rms=3.396e+00, vort_rms=6.736e-01, K_dil=0.907, mass_err=-4.373e-10
step=187000, t=36.239369, dt=1.498e-04, KE=4.213576e-02, Mt=0.2882, A_K=0.117, Cuv=-0.066, P_in=5.033e-06, P_tgt=4.929e-06, A_F=0.065, K_low=0.023, P_drag=-2.037e-04, P_cool=-2.338e-02, WENO=0.286, rho_mean=1.000000, p_mean=0.761048, div_rms=3.375e+00, vort_rms=6.721e-01, K_dil=0.889, mass_err=-4.397e-10
step=188000, t=36.396410, dt=1.632e-04, KE=3.629980e-02, Mt=0.2641, A_K=0.197, Cuv=-0.017, P_in=2.080e-06, P_tgt=2.094e-06, A_F=0.110, K_low=0.026, P_drag=-2.071e-04, P_cool=-2.380e-02, WENO=0.295, rho_mean=1.000000, p_mean=0.761878, div_rms=3.315e+00, vort_rms=6.674e-01, K_dil=0.866, mass_err=-4.420e-10
step=189000, t=36.563898, dt=1.728e-04, KE=3.462100e-02, Mt=0.2574, A_K=0.115, Cuv=0.013, P_in=1.483e-06, P_tgt=1.489e-06, A_F=0.108, K_low=0.027, P_drag=-2.077e-04, P_cool=-2.333e-02, WENO=0.299, rho_mean=1.000000, p_mean=0.760950, div_rms=3.246e+00, vort_rms=6.462e-01, K_dil=0.860, mass_err=-4.443e-10
step=190000, t=36.727800, dt=1.578e-04, KE=3.554052e-02, Mt=0.2622, A_K=0.048, Cuv=0.036, P_in=1.077e-06, P_tgt=1.056e-06, A_F=0.101, K_low=0.027, P_drag=-2.090e-04, P_cool=-2.239e-02, WENO=0.306, rho_mean=1.000000, p_mean=0.759065, div_rms=3.176e+00, vort_rms=6.244e-01, K_dil=0.866, mass_err=-4.466e-10
saved snapshot: results/hit2d/dilatational_Mt025_N512_CFL_0p05/hit2d_step0190000.npz
step=191000, t=36.888640, dt=1.536e-04, KE=3.321429e-02, Mt=0.2533, A_K=0.122, Cuv=0.026, P_in=7.281e-07, P_tgt=7.324e-07, A_F=0.035, K_low=0.029, P_drag=-2.053e-04, P_cool=-2.214e-02, WENO=0.312, rho_mean=1.000000, p_mean=0.758556, div_rms=3.053e+00, vort_rms=6.052e-01, K_dil=0.857, mass_err=-4.489e-10
step=192000, t=37.048732, dt=1.762e-04, KE=2.891327e-02, Mt=0.2366, A_K=0.049, Cuv=-0.008, P_in=8.968e-07, P_tgt=8.783e-07, A_F=0.053, K_low=0.032, P_drag=-1.966e-04, P_cool=-2.228e-02, WENO=0.312, rho_mean=1.000000, p_mean=0.758842, div_rms=2.952e+00, vort_rms=5.710e-01, K_dil=0.835, mass_err=-4.513e-10
step=193000, t=37.225703, dt=1.744e-04, KE=2.540966e-02, Mt=0.2226, A_K=0.108, Cuv=-0.031, P_in=2.454e-06, P_tgt=2.454e-06, A_F=0.020, K_low=0.037, P_drag=-1.928e-04, P_cool=-2.218e-02, WENO=0.317, rho_mean=1.000000, p_mean=0.758651, div_rms=2.805e+00, vort_rms=5.465e-01, K_dil=0.812, mass_err=-4.536e-10
step=194000, t=37.401806, dt=1.818e-04, KE=2.553455e-02, Mt=0.2237, A_K=0.115, Cuv=0.016, P_in=8.630e-06, P_tgt=8.596e-06, A_F=0.007, K_low=0.039, P_drag=-1.983e-04, P_cool=-2.138e-02, WENO=0.303, rho_mean=1.000000, p_mean=0.757054, div_rms=2.710e+00, vort_rms=5.254e-01, K_dil=0.815, mass_err=-4.559e-10
step=195000, t=37.590440, dt=1.940e-04, KE=2.394718e-02, Mt=0.2160, A_K=0.021, Cuv=0.051, P_in=3.685e-05, P_tgt=3.644e-05, A_F=0.055, K_low=0.042, P_drag=-2.020e-04, P_cool=-2.090e-02, WENO=0.301, rho_mean=1.000000, p_mean=0.756082, div_rms=2.594e+00, vort_rms=5.105e-01, K_dil=0.807, mass_err=-4.583e-10
step=196000, t=37.784450, dt=1.822e-04, KE=2.000262e-02, Mt=0.1983, A_K=0.003, Cuv=0.056, P_in=3.542e-04, P_tgt=3.556e-04, A_F=0.148, K_low=0.048, P_drag=-2.000e-04, P_cool=-2.088e-02, WENO=0.300, rho_mean=1.000000, p_mean=0.756036, div_rms=2.459e+00, vort_rms=5.136e-01, K_dil=0.773, mass_err=-4.606e-10
step=197000, t=37.968067, dt=1.895e-04, KE=2.038739e-02, Mt=0.1993, A_K=0.072, Cuv=0.021, P_in=7.537e-03, P_tgt=7.562e-03, A_F=0.115, K_low=0.045, P_drag=-1.963e-04, P_cool=-2.012e-02, WENO=0.284, rho_mean=1.000000, p_mean=0.754531, div_rms=2.349e+00, vort_rms=5.034e-01, K_dil=0.780, mass_err=-4.629e-10
step=198000, t=38.159994, dt=1.920e-04, KE=2.516413e-02, Mt=0.2211, A_K=0.088, Cuv=0.001, P_in=7.131e-02, P_tgt=7.134e-02, A_F=0.033, K_low=0.035, P_drag=-1.911e-04, P_cool=-1.965e-02, WENO=0.277, rho_mean=1.000000, p_mean=0.753585, div_rms=2.281e+00, vort_rms=4.877e-01, K_dil=0.827, mass_err=-4.653e-10
step=199000, t=38.350305, dt=1.801e-04, KE=3.007697e-02, Mt=0.2468, A_K=0.086, Cuv=0.042, P_in=1.305e-01, P_tgt=1.306e-01, A_F=0.119, K_low=0.027, P_drag=-1.780e-04, P_cool=-2.204e-02, WENO=0.266, rho_mean=1.000000, p_mean=0.758358, div_rms=2.282e+00, vort_rms=4.862e-01, K_dil=0.864, mass_err=-4.677e-10
step=200000, t=38.538610, dt=1.937e-04, KE=3.083854e-02, Mt=0.2495, A_K=0.118, Cuv=-0.068, P_in=1.473e-01, P_tgt=1.472e-01, A_F=0.027, K_low=0.023, P_drag=-1.604e-04, P_cool=-2.621e-02, WENO=0.274, rho_mean=1.000000, p_mean=0.766708, div_rms=2.281e+00, vort_rms=4.801e-01, K_dil=0.868, mass_err=-4.700e-10
saved snapshot: results/hit2d/dilatational_Mt025_N512_CFL_0p05/hit2d_step0200000.npz
step=201000, t=38.722193, dt=1.755e-04, KE=3.964471e-02, Mt=0.2789, A_K=0.084, Cuv=-0.073, P_in=9.429e-02, P_tgt=9.424e-02, A_F=0.162, K_low=0.019, P_drag=-1.632e-04, P_cool=-2.817e-02, WENO=0.268, rho_mean=1.000000, p_mean=0.770628, div_rms=2.463e+00, vort_rms=4.742e-01, K_dil=0.895, mass_err=-4.723e-10
step=202000, t=38.888544, dt=1.487e-04, KE=4.663698e-02, Mt=0.3089, A_K=0.125, Cuv=0.065, P_in=2.385e-02, P_tgt=2.375e-02, A_F=0.027, K_low=0.020, P_drag=-1.772e-04, P_cool=-2.766e-02, WENO=0.266, rho_mean=1.000000, p_mean=0.769613, div_rms=2.861e+00, vort_rms=5.142e-01, K_dil=0.914, mass_err=-4.746e-10
step=203000, t=39.022050, dt=1.299e-04, KE=5.513053e-02, Mt=0.3360, A_K=0.028, Cuv=0.141, P_in=3.215e-03, P_tgt=3.229e-03, A_F=0.090, K_low=0.018, P_drag=-1.823e-04, P_cool=-2.555e-02, WENO=0.260, rho_mean=1.000000, p_mean=0.765377, div_rms=3.121e+00, vort_rms=5.910e-01, K_dil=0.925, mass_err=-4.769e-10
step=204000, t=39.151386, dt=1.303e-04, KE=5.842935e-02, Mt=0.3398, A_K=0.158, Cuv=0.070, P_in=3.048e-04, P_tgt=3.176e-04, A_F=0.052, K_low=0.015, P_drag=-1.677e-04, P_cool=-2.428e-02, WENO=0.266, rho_mean=1.000000, p_mean=0.762838, div_rms=3.322e+00, vort_rms=7.332e-01, K_dil=0.925, mass_err=-4.792e-10
warning: flow component anisotropy has increased over the last three diagnostic samples
step=205000, t=39.284426, dt=1.404e-04, KE=5.323822e-02, Mt=0.3252, A_K=0.214, Cuv=-0.029, P_in=3.559e-05, P_tgt=3.559e-05, A_F=0.001, K_low=0.016, P_drag=-1.590e-04, P_cool=-2.466e-02, WENO=0.276, rho_mean=1.000000, p_mean=0.763613, div_rms=3.480e+00, vort_rms=7.462e-01, K_dil=0.916, mass_err=-4.815e-10
step=206000, t=39.425398, dt=1.308e-04, KE=4.964155e-02, Mt=0.3139, A_K=0.196, Cuv=0.020, P_in=5.210e-06, P_tgt=5.212e-06, A_F=0.078, K_low=0.018, P_drag=-1.648e-04, P_cool=-2.468e-02, WENO=0.287, rho_mean=1.000000, p_mean=0.763645, div_rms=3.559e+00, vort_rms=7.600e-01, K_dil=0.906, mass_err=-4.839e-10
step=207000, t=39.569099, dt=1.583e-04, KE=4.784870e-02, Mt=0.3027, A_K=0.183, Cuv=0.107, P_in=9.340e-07, P_tgt=9.276e-07, A_F=0.179, K_low=0.020, P_drag=-1.801e-04, P_cool=-2.433e-02, WENO=0.300, rho_mean=1.000000, p_mean=0.762947, div_rms=3.607e+00, vort_rms=7.268e-01, K_dil=0.897, mass_err=-4.862e-10
step=208000, t=39.740194, dt=1.714e-04, KE=4.306743e-02, Mt=0.2913, A_K=0.171, Cuv=0.069, P_in=2.105e-07, P_tgt=2.097e-07, A_F=0.103, K_low=0.027, P_drag=-2.083e-04, P_cool=-2.445e-02, WENO=0.301, rho_mean=1.000000, p_mean=0.763184, div_rms=3.610e+00, vort_rms=6.555e-01, K_dil=0.889, mass_err=-4.885e-10
step=209000, t=39.913795, dt=1.768e-04, KE=3.647864e-02, Mt=0.2701, A_K=0.097, Cuv=0.025, P_in=7.435e-08, P_tgt=7.436e-08, A_F=0.030, K_low=0.037, P_drag=-2.466e-04, P_cool=-2.490e-02, WENO=0.316, rho_mean=1.000000, p_mean=0.764087, div_rms=3.531e+00, vort_rms=6.079e-01, K_dil=0.873, mass_err=-4.909e-10
step=210000, t=40.092414, dt=1.790e-04, KE=3.089785e-02, Mt=0.2450, A_K=0.039, Cuv=0.102, P_in=5.907e-08, P_tgt=5.942e-08, A_F=0.031, K_low=0.049, P_drag=-2.851e-04, P_cool=-2.511e-02, WENO=0.332, rho_mean=1.000000, p_mean=0.764508, div_rms=3.351e+00, vort_rms=5.868e-01, K_dil=0.849, mass_err=-4.932e-10
saved snapshot: results/hit2d/dilatational_Mt025_N512_CFL_0p05/hit2d_step0210000.npz
step=211000, t=40.269919, dt=1.737e-04, KE=3.297612e-02, Mt=0.2516, A_K=0.104, Cuv=0.093, P_in=6.739e-08, P_tgt=6.760e-08, A_F=0.077, K_low=0.047, P_drag=-3.092e-04, P_cool=-2.381e-02, WENO=0.333, rho_mean=1.000000, p_mean=0.761914, div_rms=3.213e+00, vort_rms=5.830e-01, K_dil=0.860, mass_err=-4.955e-10
step=212000, t=40.442206, dt=1.737e-04, KE=3.343122e-02, Mt=0.2544, A_K=0.187, Cuv=-0.086, P_in=5.932e-08, P_tgt=5.819e-08, A_F=0.021, K_low=0.049, P_drag=-3.254e-04, P_cool=-2.291e-02, WENO=0.340, rho_mean=1.000000, p_mean=0.760104, div_rms=3.044e+00, vort_rms=5.846e-01, K_dil=0.867, mass_err=-4.978e-10
step=213000, t=40.618683, dt=1.873e-04, KE=2.775090e-02, Mt=0.2346, A_K=0.162, Cuv=-0.044, P_in=6.484e-08, P_tgt=6.576e-08, A_F=0.064, K_low=0.059, P_drag=-3.259e-04, P_cool=-2.322e-02, WENO=0.349, rho_mean=1.000000, p_mean=0.760733, div_rms=2.879e+00, vort_rms=5.765e-01, K_dil=0.847, mass_err=-5.002e-10
step=214000, t=40.800800, dt=1.745e-04, KE=2.302917e-02, Mt=0.2139, A_K=0.076, Cuv=0.123, P_in=2.387e-07, P_tgt=2.426e-07, A_F=0.146, K_low=0.064, P_drag=-2.951e-04, P_cool=-2.331e-02, WENO=0.344, rho_mean=1.000000, p_mean=0.760898, div_rms=2.737e+00, vort_rms=5.496e-01, K_dil=0.817, mass_err=-5.025e-10
step=215000, t=40.981188, dt=1.901e-04, KE=2.035484e-02, Mt=0.2011, A_K=0.029, Cuv=0.043, P_in=2.487e-06, P_tgt=2.303e-06, A_F=0.101, K_low=0.058, P_drag=-2.361e-04, P_cool=-2.300e-02, WENO=0.333, rho_mean=1.000000, p_mean=0.760279, div_rms=2.614e+00, vort_rms=5.304e-01, K_dil=0.792, mass_err=-5.048e-10
step=216000, t=41.172668, dt=1.890e-04, KE=2.134556e-02, Mt=0.2050, A_K=0.074, Cuv=-0.107, P_in=3.562e-05, P_tgt=3.540e-05, A_F=0.161, K_low=0.039, P_drag=-1.651e-04, P_cool=-2.193e-02, WENO=0.320, rho_mean=1.000000, p_mean=0.758142, div_rms=2.503e+00, vort_rms=5.088e-01, K_dil=0.801, mass_err=-5.072e-10
step=217000, t=41.369161, dt=2.010e-04, KE=2.202725e-02, Mt=0.2104, A_K=0.097, Cuv=-0.018, P_in=2.940e-04, P_tgt=2.959e-04, A_F=0.048, K_low=0.025, P_drag=-1.067e-04, P_cool=-2.095e-02, WENO=0.300, rho_mean=1.000000, p_mean=0.756190, div_rms=2.435e+00, vort_rms=4.950e-01, K_dil=0.813, mass_err=-5.095e-10
step=218000, t=41.568344, dt=1.945e-04, KE=1.881832e-02, Mt=0.1959, A_K=0.025, Cuv=0.032, P_in=3.771e-03, P_tgt=3.755e-03, A_F=0.153, K_low=0.024, P_drag=-8.547e-05, P_cool=-2.081e-02, WENO=0.292, rho_mean=1.000000, p_mean=0.755903, div_rms=2.274e+00, vort_rms=4.845e-01, K_dil=0.788, mass_err=-5.119e-10
step=219000, t=41.759863, dt=1.872e-04, KE=2.082907e-02, Mt=0.2053, A_K=0.030, Cuv=-0.025, P_in=9.877e-02, P_tgt=9.876e-02, A_F=0.060, K_low=0.027, P_drag=-1.087e-04, P_cool=-2.077e-02, WENO=0.282, rho_mean=1.000000, p_mean=0.755830, div_rms=2.196e+00, vort_rms=4.726e-01, K_dil=0.813, mass_err=-5.142e-10
step=220000, t=41.950740, dt=1.890e-04, KE=3.476818e-02, Mt=0.2677, A_K=0.073, Cuv=-0.033, P_in=1.494e-01, P_tgt=1.496e-01, A_F=0.020, K_low=0.024, P_drag=-1.514e-04, P_cool=-2.326e-02, WENO=0.275, rho_mean=1.000000, p_mean=0.760800, div_rms=2.263e+00, vort_rms=4.673e-01, K_dil=0.894, mass_err=-5.166e-10
saved snapshot: results/hit2d/dilatational_Mt025_N512_CFL_0p05/hit2d_step0220000.npz
step=221000, t=42.139391, dt=1.923e-04, KE=2.763672e-02, Mt=0.2462, A_K=0.048, Cuv=-0.045, P_in=1.107e-01, P_tgt=1.106e-01, A_F=0.006, K_low=0.041, P_drag=-1.842e-04, P_cool=-2.823e-02, WENO=0.273, rho_mean=1.000000, p_mean=0.770754, div_rms=2.239e+00, vort_rms=4.621e-01, K_dil=0.874, mass_err=-5.189e-10
step=222000, t=42.334724, dt=1.954e-04, KE=3.496482e-02, Mt=0.2762, A_K=0.082, Cuv=-0.047, P_in=8.717e-02, P_tgt=8.696e-02, A_F=0.270, K_low=0.041, P_drag=-2.111e-04, P_cool=-2.989e-02, WENO=0.267, rho_mean=1.000000, p_mean=0.774068, div_rms=2.447e+00, vort_rms=4.634e-01, K_dil=0.900, mass_err=-5.212e-10
step=223000, t=42.520807, dt=1.771e-04, KE=5.051503e-02, Mt=0.3288, A_K=0.032, Cuv=-0.024, P_in=1.841e-02, P_tgt=1.832e-02, A_F=0.200, K_low=0.031, P_drag=-2.405e-04, P_cool=-2.756e-02, WENO=0.242, rho_mean=1.000000, p_mean=0.769414, div_rms=2.868e+00, vort_rms=5.078e-01, K_dil=0.930, mass_err=-5.235e-10
step=224000, t=42.688629, dt=1.601e-04, KE=5.048494e-02, Mt=0.3312, A_K=0.001, Cuv=0.005, P_in=1.980e-03, P_tgt=1.968e-03, A_F=0.177, K_low=0.031, P_drag=-2.595e-04, P_cool=-2.695e-02, WENO=0.244, rho_mean=1.000000, p_mean=0.768185, div_rms=3.176e+00, vort_rms=5.940e-01, K_dil=0.931, mass_err=-5.259e-10
step=225000, t=42.849971, dt=1.634e-04, KE=5.177568e-02, Mt=0.3260, A_K=0.010, Cuv=-0.023, P_in=2.451e-04, P_tgt=2.444e-04, A_F=0.132, K_low=0.027, P_drag=-2.548e-04, P_cool=-2.585e-02, WENO=0.248, rho_mean=1.000000, p_mean=0.765982, div_rms=3.408e+00, vort_rms=6.461e-01, K_dil=0.930, mass_err=-5.282e-10
step=226000, t=43.012197, dt=1.687e-04, KE=5.491219e-02, Mt=0.3298, A_K=0.142, Cuv=-0.054, P_in=3.006e-05, P_tgt=2.992e-05, A_F=0.117, K_low=0.026, P_drag=-2.621e-04, P_cool=-2.440e-02, WENO=0.251, rho_mean=1.000000, p_mean=0.763080, div_rms=3.508e+00, vort_rms=6.954e-01, K_dil=0.931, mass_err=-5.305e-10
warning: flow component anisotropy has increased over the last three diagnostic samples
step=227000, t=43.172618, dt=1.530e-04, KE=5.193730e-02, Mt=0.3215, A_K=0.201, Cuv=-0.057, P_in=3.747e-06, P_tgt=3.769e-06, A_F=0.089, K_low=0.028, P_drag=-2.743e-04, P_cool=-2.420e-02, WENO=0.258, rho_mean=1.000000, p_mean=0.762688, div_rms=3.463e+00, vort_rms=7.331e-01, K_dil=0.925, mass_err=-5.328e-10
step=228000, t=43.313046, dt=1.454e-04, KE=4.475073e-02, Mt=0.2951, A_K=0.171, Cuv=-0.079, P_in=6.565e-07, P_tgt=6.648e-07, A_F=0.125, K_low=0.030, P_drag=-2.717e-04, P_cool=-2.494e-02, WENO=0.262, rho_mean=1.000000, p_mean=0.764166, div_rms=3.416e+00, vort_rms=7.411e-01, K_dil=0.911, mass_err=-5.351e-10
step=229000, t=43.453658, dt=1.431e-04, KE=3.828312e-02, Mt=0.2707, A_K=0.072, Cuv=0.027, P_in=2.299e-07, P_tgt=2.333e-07, A_F=0.081, K_low=0.032, P_drag=-2.587e-04, P_cool=-2.551e-02, WENO=0.270, rho_mean=1.000000, p_mean=0.765313, div_rms=3.374e+00, vort_rms=7.413e-01, K_dil=0.892, mass_err=-5.374e-10
step=230000, t=43.602377, dt=1.540e-04, KE=3.625346e-02, Mt=0.2641, A_K=0.044, Cuv=0.118, P_in=1.290e-07, P_tgt=1.289e-07, A_F=0.001, K_low=0.031, P_drag=-2.453e-04, P_cool=-2.516e-02, WENO=0.281, rho_mean=1.000000, p_mean=0.764599, div_rms=3.322e+00, vort_rms=7.147e-01, K_dil=0.887, mass_err=-5.398e-10
saved snapshot: results/hit2d/dilatational_Mt025_N512_CFL_0p05/hit2d_step0230000.npz
step=231000, t=43.765214, dt=1.726e-04, KE=3.368764e-02, Mt=0.2524, A_K=0.101, Cuv=0.063, P_in=9.171e-08, P_tgt=9.237e-08, A_F=0.024, K_low=0.031, P_drag=-2.321e-04, P_cool=-2.485e-02, WENO=0.302, rho_mean=1.000000, p_mean=0.763981, div_rms=3.161e+00, vort_rms=6.896e-01, K_dil=0.878, mass_err=-5.421e-10
step=232000, t=43.942953, dt=1.775e-04, KE=3.321943e-02, Mt=0.2494, A_K=0.149, Cuv=-0.030, P_in=9.258e-08, P_tgt=9.252e-08, A_F=0.130, K_low=0.028, P_drag=-2.053e-04, P_cool=-2.406e-02, WENO=0.312, rho_mean=1.000000, p_mean=0.762413, div_rms=3.079e+00, vort_rms=6.313e-01, K_dil=0.878, mass_err=-5.444e-10
step=233000, t=44.118096, dt=1.730e-04, KE=3.155421e-02, Mt=0.2456, A_K=0.162, Cuv=-0.134, P_in=9.913e-08, P_tgt=9.950e-08, A_F=0.018, K_low=0.025, P_drag=-1.734e-04, P_cool=-2.356e-02, WENO=0.319, rho_mean=1.000000, p_mean=0.761399, div_rms=2.988e+00, vort_rms=5.882e-01, K_dil=0.877, mass_err=-5.468e-10
step=234000, t=44.293595, dt=1.844e-04, KE=2.782311e-02, Mt=0.2313, A_K=0.067, Cuv=-0.062, P_in=1.560e-07, P_tgt=1.561e-07, A_F=0.095, K_low=0.024, P_drag=-1.513e-04, P_cool=-2.347e-02, WENO=0.312, rho_mean=1.000000, p_mean=0.761231, div_rms=2.896e+00, vort_rms=5.673e-01, K_dil=0.863, mass_err=-5.491e-10
step=235000, t=44.484967, dt=1.930e-04, KE=2.381653e-02, Mt=0.2143, A_K=0.033, Cuv=0.041, P_in=6.029e-07, P_tgt=6.369e-07, A_F=0.080, K_low=0.026, P_drag=-1.415e-04, P_cool=-2.337e-02, WENO=0.311, rho_mean=1.000000, p_mean=0.761019, div_rms=2.764e+00, vort_rms=5.374e-01, K_dil=0.846, mass_err=-5.515e-10
step=236000, t=44.678715, dt=1.930e-04, KE=2.166004e-02, Mt=0.2041, A_K=0.017, Cuv=0.070, P_in=5.665e-06, P_tgt=5.691e-06, A_F=0.005, K_low=0.028, P_drag=-1.436e-04, P_cool=-2.289e-02, WENO=0.315, rho_mean=1.000000, p_mean=0.760072, div_rms=2.638e+00, vort_rms=5.122e-01, K_dil=0.839, mass_err=-5.538e-10
step=237000, t=44.871584, dt=1.978e-04, KE=2.196466e-02, Mt=0.2049, A_K=0.097, Cuv=-0.001, P_in=7.120e-05, P_tgt=7.130e-05, A_F=0.032, K_low=0.033, P_drag=-1.594e-04, P_cool=-2.196e-02, WENO=0.316, rho_mean=1.000000, p_mean=0.758208, div_rms=2.499e+00, vort_rms=5.056e-01, K_dil=0.842, mass_err=-5.561e-10
step=238000, t=45.069147, dt=1.915e-04, KE=2.147303e-02, Mt=0.2047, A_K=0.160, Cuv=0.021, P_in=7.117e-04, P_tgt=7.136e-04, A_F=0.181, K_low=0.040, P_drag=-1.763e-04, P_cool=-2.121e-02, WENO=0.305, rho_mean=1.000000, p_mean=0.756715, div_rms=2.401e+00, vort_rms=4.992e-01, K_dil=0.840, mass_err=-5.585e-10
warning: flow component anisotropy has increased over the last three diagnostic samples
step=239000, t=45.254623, dt=1.837e-04, KE=1.913177e-02, Mt=0.1946, A_K=0.200, Cuv=0.084, P_in=1.216e-02, P_tgt=1.215e-02, A_F=0.033, K_low=0.046, P_drag=-1.795e-04, P_cool=-2.102e-02, WENO=0.292, rho_mean=1.000000, p_mean=0.756333, div_rms=2.280e+00, vort_rms=4.867e-01, K_dil=0.823, mass_err=-5.608e-10
step=240000, t=45.437652, dt=1.903e-04, KE=2.706567e-02, Mt=0.2298, A_K=0.032, Cuv=-0.008, P_in=1.570e-01, P_tgt=1.569e-01, A_F=0.080, K_low=0.032, P_drag=-1.811e-04, P_cool=-2.122e-02, WENO=0.290, rho_mean=1.000000, p_mean=0.756719, div_rms=2.248e+00, vort_rms=4.789e-01, K_dil=0.876, mass_err=-5.632e-10
saved snapshot: results/hit2d/dilatational_Mt025_N512_CFL_0p05/hit2d_step0240000.npz
step=241000, t=45.621153, dt=1.796e-04, KE=3.717208e-02, Mt=0.2717, A_K=0.007, Cuv=-0.147, P_in=1.094e-01, P_tgt=1.095e-01, A_F=0.068, K_low=0.025, P_drag=-1.890e-04, P_cool=-2.392e-02, WENO=0.277, rho_mean=1.000000, p_mean=0.762131, div_rms=2.282e+00, vort_rms=4.750e-01, K_dil=0.913, mass_err=-5.655e-10
step=242000, t=45.805136, dt=1.869e-04, KE=2.871675e-02, Mt=0.2412, A_K=0.045, Cuv=-0.051, P_in=8.962e-02, P_tgt=8.955e-02, A_F=0.097, K_low=0.033, P_drag=-1.896e-04, P_cool=-2.792e-02, WENO=0.275, rho_mean=1.000000, p_mean=0.770125, div_rms=2.290e+00, vort_rms=4.710e-01, K_dil=0.889, mass_err=-5.678e-10
step=243000, t=45.996891, dt=1.978e-04, KE=3.333982e-02, Mt=0.2640, A_K=0.128, Cuv=-0.003, P_in=1.032e-01, P_tgt=1.030e-01, A_F=0.005, K_low=0.030, P_drag=-1.696e-04, P_cool=-2.985e-02, WENO=0.288, rho_mean=1.000000, p_mean=0.773978, div_rms=2.465e+00, vort_rms=4.719e-01, K_dil=0.908, mass_err=-5.701e-10
step=244000, t=46.189570, dt=1.829e-04, KE=4.486940e-02, Mt=0.3075, A_K=0.165, Cuv=-0.091, P_in=3.219e-02, P_tgt=3.219e-02, A_F=0.075, K_low=0.021, P_drag=-1.479e-04, P_cool=-2.898e-02, WENO=0.281, rho_mean=1.000000, p_mean=0.772253, div_rms=2.785e+00, vort_rms=4.839e-01, K_dil=0.933, mass_err=-5.724e-10
step=245000, t=46.369025, dt=1.773e-04, KE=5.167189e-02, Mt=0.3318, A_K=0.067, Cuv=-0.064, P_in=4.347e-03, P_tgt=4.332e-03, A_F=0.318, K_low=0.019, P_drag=-1.558e-04, P_cool=-2.713e-02, WENO=0.276, rho_mean=1.000000, p_mean=0.768547, div_rms=3.054e+00, vort_rms=5.201e-01, K_dil=0.942, mass_err=-5.747e-10
step=246000, t=46.528708, dt=1.551e-04, KE=5.444038e-02, Mt=0.3373, A_K=0.043, Cuv=-0.100, P_in=4.802e-04, P_tgt=4.799e-04, A_F=0.098, K_low=0.020, P_drag=-1.776e-04, P_cool=-2.578e-02, WENO=0.268, rho_mean=1.000000, p_mean=0.765843, div_rms=3.316e+00, vort_rms=5.820e-01, K_dil=0.941, mass_err=-5.770e-10
step=247000, t=46.689863, dt=1.636e-04, KE=5.522578e-02, Mt=0.3400, A_K=0.041, Cuv=-0.222, P_in=4.835e-05, P_tgt=4.839e-05, A_F=0.182, K_low=0.020, P_drag=-2.016e-04, P_cool=-2.481e-02, WENO=0.281, rho_mean=1.000000, p_mean=0.763896, div_rms=3.559e+00, vort_rms=6.168e-01, K_dil=0.941, mass_err=-5.793e-10
step=248000, t=46.851858, dt=1.800e-04, KE=5.007983e-02, Mt=0.3190, A_K=0.071, Cuv=-0.225, P_in=5.486e-06, P_tgt=5.486e-06, A_F=0.013, K_low=0.023, P_drag=-2.278e-04, P_cool=-2.502e-02, WENO=0.289, rho_mean=1.000000, p_mean=0.764336, div_rms=3.637e+00, vort_rms=6.220e-01, K_dil=0.931, mass_err=-5.816e-10
step=249000, t=47.031168, dt=1.814e-04, KE=4.315433e-02, Mt=0.2937, A_K=0.053, Cuv=-0.045, P_in=1.087e-06, P_tgt=1.084e-06, A_F=0.189, K_low=0.027, P_drag=-2.368e-04, P_cool=-2.549e-02, WENO=0.290, rho_mean=1.000000, p_mean=0.765264, div_rms=3.586e+00, vort_rms=6.190e-01, K_dil=0.919, mass_err=-5.839e-10
step=250000, t=47.201297, dt=1.661e-04, KE=4.143502e-02, Mt=0.2863, A_K=0.003, Cuv=-0.001, P_in=3.013e-07, P_tgt=2.998e-07, A_F=0.058, K_low=0.027, P_drag=-2.205e-04, P_cool=-2.497e-02, WENO=0.287, rho_mean=1.000000, p_mean=0.764217, div_rms=3.496e+00, vort_rms=6.239e-01, K_dil=0.918, mass_err=-5.863e-10
saved snapshot: results/hit2d/dilatational_Mt025_N512_CFL_0p05/hit2d_step0250000.npz
step=251000, t=47.350971, dt=1.492e-04, KE=3.750436e-02, Mt=0.2719, A_K=0.027, Cuv=-0.115, P_in=1.102e-07, P_tgt=1.094e-07, A_F=0.010, K_low=0.028, P_drag=-1.993e-04, P_cool=-2.500e-02, WENO=0.297, rho_mean=1.000000, p_mean=0.764282, div_rms=3.381e+00, vort_rms=6.204e-01, K_dil=0.910, mass_err=-5.886e-10
step=252000, t=47.510694, dt=1.721e-04, KE=3.322873e-02, Mt=0.2566, A_K=0.104, Cuv=-0.206, P_in=6.516e-08, P_tgt=6.531e-08, A_F=0.067, K_low=0.027, P_drag=-1.728e-04, P_cool=-2.505e-02, WENO=0.307, rho_mean=1.000000, p_mean=0.764378, div_rms=3.294e+00, vort_rms=6.152e-01, K_dil=0.898, mass_err=-5.909e-10
step=253000, t=47.687736, dt=1.796e-04, KE=3.026902e-02, Mt=0.2423, A_K=0.144, Cuv=-0.056, P_in=7.279e-08, P_tgt=7.278e-08, A_F=0.076, K_low=0.023, P_drag=-1.431e-04, P_cool=-2.475e-02, WENO=0.314, rho_mean=1.000000, p_mean=0.763780, div_rms=3.124e+00, vort_rms=5.859e-01, K_dil=0.883, mass_err=-5.932e-10
step=254000, t=47.860798, dt=1.711e-04, KE=3.056771e-02, Mt=0.2442, A_K=0.042, Cuv=0.052, P_in=9.554e-08, P_tgt=9.610e-08, A_F=0.222, K_low=0.020, P_drag=-1.334e-04, P_cool=-2.384e-02, WENO=0.303, rho_mean=1.000000, p_mean=0.761971, div_rms=3.025e+00, vort_rms=5.544e-01, K_dil=0.885, mass_err=-5.955e-10
step=255000, t=48.032544, dt=1.675e-04, KE=2.824178e-02, Mt=0.2357, A_K=0.069, Cuv=-0.009, P_in=1.360e-07, P_tgt=1.359e-07, A_F=0.178, K_low=0.024, P_drag=-1.411e-04, P_cool=-2.349e-02, WENO=0.300, rho_mean=1.000000, p_mean=0.761272, div_rms=2.917e+00, vort_rms=5.323e-01, K_dil=0.879, mass_err=-5.979e-10
step=256000, t=48.210395, dt=1.767e-04, KE=2.310482e-02, Mt=0.2145, A_K=0.039, Cuv=-0.128, P_in=4.717e-07, P_tgt=4.761e-07, A_F=0.189, K_low=0.033, P_drag=-1.541e-04, P_cool=-2.367e-02, WENO=0.311, rho_mean=1.000000, p_mean=0.761633, div_rms=2.727e+00, vort_rms=5.258e-01, K_dil=0.854, mass_err=-6.002e-10
step=257000, t=48.385089, dt=1.700e-04, KE=2.255692e-02, Mt=0.2115, A_K=0.059, Cuv=-0.168, P_in=3.291e-06, P_tgt=3.237e-06, A_F=0.191, K_low=0.035, P_drag=-1.619e-04, P_cool=-2.296e-02, WENO=0.300, rho_mean=1.000000, p_mean=0.760210, div_rms=2.660e+00, vort_rms=5.153e-01, K_dil=0.850, mass_err=-6.025e-10
step=258000, t=48.556383, dt=1.705e-04, KE=2.205201e-02, Mt=0.2090, A_K=0.022, Cuv=-0.111, P_in=2.477e-05, P_tgt=2.827e-05, A_F=0.129, K_low=0.036, P_drag=-1.628e-04, P_cool=-2.228e-02, WENO=0.300, rho_mean=1.000000, p_mean=0.758847, div_rms=2.522e+00, vort_rms=5.000e-01, K_dil=0.848, mass_err=-6.048e-10
step=259000, t=48.726736, dt=1.842e-04, KE=2.132232e-02, Mt=0.2063, A_K=0.014, Cuv=-0.141, P_in=2.402e-04, P_tgt=2.420e-04, A_F=0.036, K_low=0.036, P_drag=-1.555e-04, P_cool=-2.168e-02, WENO=0.290, rho_mean=1.000000, p_mean=0.757641, div_rms=2.431e+00, vort_rms=4.910e-01, K_dil=0.848, mass_err=-6.072e-10
step=260000, t=48.921604, dt=1.995e-04, KE=1.770477e-02, Mt=0.1893, A_K=0.090, Cuv=-0.126, P_in=4.885e-03, P_tgt=4.895e-03, A_F=0.047, K_low=0.040, P_drag=-1.441e-04, P_cool=-2.161e-02, WENO=0.277, rho_mean=1.000000, p_mean=0.757507, div_rms=2.303e+00, vort_rms=4.755e-01, K_dil=0.821, mass_err=-6.096e-10
saved snapshot: results/hit2d/dilatational_Mt025_N512_CFL_0p05/hit2d_step0260000.npz
step=261000, t=49.114387, dt=1.868e-04, KE=2.433847e-02, Mt=0.2193, A_K=0.183, Cuv=-0.137, P_in=1.144e-01, P_tgt=1.143e-01, A_F=0.194, K_low=0.027, P_drag=-1.337e-04, P_cool=-2.105e-02, WENO=0.265, rho_mean=1.000000, p_mean=0.756385, div_rms=2.269e+00, vort_rms=4.599e-01, K_dil=0.870, mass_err=-6.119e-10
step=262000, t=49.305739, dt=1.889e-04, KE=3.312352e-02, Mt=0.2567, A_K=0.026, Cuv=-0.121, P_in=1.292e-01, P_tgt=1.294e-01, A_F=0.041, K_low=0.018, P_drag=-1.281e-04, P_cool=-2.383e-02, WENO=0.265, rho_mean=1.000000, p_mean=0.761943, div_rms=2.305e+00, vort_rms=4.560e-01, K_dil=0.907, mass_err=-6.143e-10
step=263000, t=49.498723, dt=1.901e-04, KE=2.787916e-02, Mt=0.2427, A_K=0.058, Cuv=-0.049, P_in=1.609e-01, P_tgt=1.608e-01, A_F=0.069, K_low=0.023, P_drag=-1.319e-04, P_cool=-2.907e-02, WENO=0.264, rho_mean=1.000000, p_mean=0.772417, div_rms=2.325e+00, vort_rms=4.633e-01, K_dil=0.895, mass_err=-6.166e-10
step=264000, t=49.685391, dt=1.894e-04, KE=3.606234e-02, Mt=0.2780, A_K=0.010, Cuv=-0.171, P_in=1.107e-01, P_tgt=1.106e-01, A_F=0.041, K_low=0.019, P_drag=-1.344e-04, P_cool=-3.182e-02, WENO=0.260, rho_mean=1.000000, p_mean=0.777930, div_rms=2.618e+00, vort_rms=4.768e-01, K_dil=0.922, mass_err=-6.189e-10
step=265000, t=49.874026, dt=1.895e-04, KE=3.988379e-02, Mt=0.2933, A_K=0.132, Cuv=0.119, P_in=3.464e-02, P_tgt=3.482e-02, A_F=0.214, K_low=0.019, P_drag=-1.446e-04, P_cool=-3.240e-02, WENO=0.261, rho_mean=1.000000, p_mean=0.779078, div_rms=2.964e+00, vort_rms=5.079e-01, K_dil=0.930, mass_err=-6.212e-10
step=266000, t=50.048683, dt=1.654e-04, KE=5.548366e-02, Mt=0.3380, A_K=0.035, Cuv=-0.094, P_in=5.473e-03, P_tgt=5.501e-03, A_F=0.089, K_low=0.014, P_drag=-1.526e-04, P_cool=-2.881e-02, WENO=0.256, rho_mean=1.000000, p_mean=0.771913, div_rms=3.391e+00, vort_rms=5.423e-01, K_dil=0.947, mass_err=-6.236e-10
step=267000, t=50.208889, dt=1.543e-04, KE=6.551496e-02, Mt=0.3670, A_K=0.009, Cuv=-0.329, P_in=4.584e-04, P_tgt=4.572e-04, A_F=0.079, K_low=0.011, P_drag=-1.406e-04, P_cool=-2.599e-02, WENO=0.266, rho_mean=1.000000, p_mean=0.766267, div_rms=3.672e+00, vort_rms=5.641e-01, K_dil=0.955, mass_err=-6.259e-10
step=268000, t=50.361911, dt=1.549e-04, KE=6.259289e-02, Mt=0.3633, A_K=0.040, Cuv=-0.223, P_in=3.000e-05, P_tgt=2.998e-05, A_F=0.070, K_low=0.011, P_drag=-1.395e-04, P_cool=-2.579e-02, WENO=0.266, rho_mean=1.000000, p_mean=0.765868, div_rms=3.963e+00, vort_rms=5.908e-01, K_dil=0.954, mass_err=-6.282e-10
step=269000, t=50.517031, dt=1.581e-04, KE=4.973107e-02, Mt=0.3231, A_K=0.117, Cuv=-0.012, P_in=2.848e-06, P_tgt=2.853e-06, A_F=0.195, K_low=0.017, P_drag=-1.631e-04, P_cool=-2.753e-02, WENO=0.289, rho_mean=1.000000, p_mean=0.769344, div_rms=4.010e+00, vort_rms=6.080e-01, K_dil=0.940, mass_err=-6.305e-10
step=270000, t=50.677617, dt=1.598e-04, KE=4.197016e-02, Mt=0.2919, A_K=0.128, Cuv=-0.082, P_in=5.642e-07, P_tgt=5.540e-07, A_F=0.217, K_low=0.021, P_drag=-1.819e-04, P_cool=-2.818e-02, WENO=0.292, rho_mean=1.000000, p_mean=0.770637, div_rms=3.888e+00, vort_rms=6.290e-01, K_dil=0.925, mass_err=-6.328e-10
saved snapshot: results/hit2d/dilatational_Mt025_N512_CFL_0p05/hit2d_step0270000.npz
step=271000, t=50.841335, dt=1.599e-04, KE=4.236897e-02, Mt=0.2886, A_K=0.006, Cuv=-0.241, P_in=1.604e-07, P_tgt=1.574e-07, A_F=0.259, K_low=0.023, P_drag=-1.997e-04, P_cool=-2.718e-02, WENO=0.298, rho_mean=1.000000, p_mean=0.768649, div_rms=3.793e+00, vort_rms=6.447e-01, K_dil=0.921, mass_err=-6.351e-10
step=272000, t=50.994748, dt=1.659e-04, KE=4.180317e-02, Mt=0.2884, A_K=0.083, Cuv=-0.141, P_in=4.485e-08, P_tgt=4.435e-08, A_F=0.287, K_low=0.026, P_drag=-2.274e-04, P_cool=-2.647e-02, WENO=0.289, rho_mean=1.000000, p_mean=0.767219, div_rms=3.724e+00, vort_rms=6.494e-01, K_dil=0.919, mass_err=-6.374e-10
step=273000, t=51.166366, dt=1.712e-04, KE=3.470769e-02, Mt=0.2627, A_K=0.064, Cuv=-0.023, P_in=1.800e-08, P_tgt=1.776e-08, A_F=0.045, K_low=0.033, P_drag=-2.425e-04, P_cool=-2.696e-02, WENO=0.307, rho_mean=1.000000, p_mean=0.768210, div_rms=3.530e+00, vort_rms=6.364e-01, K_dil=0.902, mass_err=-6.397e-10
step=274000, t=51.338672, dt=1.742e-04, KE=2.984743e-02, Mt=0.2423, A_K=0.197, Cuv=-0.124, P_in=1.729e-08, P_tgt=1.726e-08, A_F=0.171, K_low=0.035, P_drag=-2.246e-04, P_cool=-2.699e-02, WENO=0.327, rho_mean=1.000000, p_mean=0.768272, div_rms=3.305e+00, vort_rms=6.200e-01, K_dil=0.888, mass_err=-6.421e-10
step=275000, t=51.508941, dt=1.615e-04, KE=2.934661e-02, Mt=0.2400, A_K=0.079, Cuv=-0.178, P_in=2.621e-08, P_tgt=2.641e-08, A_F=0.058, K_low=0.032, P_drag=-1.958e-04, P_cool=-2.618e-02, WENO=0.317, rho_mean=1.000000, p_mean=0.766644, div_rms=3.123e+00, vort_rms=5.938e-01, K_dil=0.888, mass_err=-6.444e-10
step=276000, t=51.672300, dt=1.814e-04, KE=2.769803e-02, Mt=0.2342, A_K=0.033, Cuv=-0.121, P_in=4.272e-08, P_tgt=4.287e-08, A_F=0.020, K_low=0.030, P_drag=-1.698e-04, P_cool=-2.566e-02, WENO=0.322, rho_mean=1.000000, p_mean=0.765602, div_rms=3.002e+00, vort_rms=5.646e-01, K_dil=0.882, mass_err=-6.467e-10
step=277000, t=51.856204, dt=1.797e-04, KE=2.432139e-02, Mt=0.2206, A_K=0.085, Cuv=-0.146, P_in=1.157e-07, P_tgt=1.155e-07, A_F=0.172, K_low=0.032, P_drag=-1.495e-04, P_cool=-2.539e-02, WENO=0.316, rho_mean=1.000000, p_mean=0.765068, div_rms=2.847e+00, vort_rms=5.319e-01, K_dil=0.870, mass_err=-6.491e-10
step=278000, t=52.039502, dt=1.933e-04, KE=2.071843e-02, Mt=0.2034, A_K=0.109, Cuv=-0.209, P_in=8.688e-07, P_tgt=8.787e-07, A_F=0.096, K_low=0.036, P_drag=-1.408e-04, P_cool=-2.518e-02, WENO=0.321, rho_mean=1.000000, p_mean=0.764640, div_rms=2.712e+00, vort_rms=5.072e-01, K_dil=0.851, mass_err=-6.514e-10
step=279000, t=52.233966, dt=1.968e-04, KE=1.948117e-02, Mt=0.1969, A_K=0.021, Cuv=-0.090, P_in=1.601e-05, P_tgt=1.581e-05, A_F=0.124, K_low=0.037, P_drag=-1.451e-04, P_cool=-2.445e-02, WENO=0.299, rho_mean=1.000000, p_mean=0.763191, div_rms=2.560e+00, vort_rms=4.917e-01, K_dil=0.844, mass_err=-6.537e-10
step=280000, t=52.436198, dt=2.047e-04, KE=1.937637e-02, Mt=0.1967, A_K=0.001, Cuv=-0.068, P_in=3.495e-04, P_tgt=3.327e-04, A_F=0.115, K_low=0.039, P_drag=-1.556e-04, P_cool=-2.350e-02, WENO=0.280, rho_mean=1.000000, p_mean=0.761293, div_rms=2.430e+00, vort_rms=4.749e-01, K_dil=0.846, mass_err=-6.561e-10
saved snapshot: results/hit2d/dilatational_Mt025_N512_CFL_0p05/hit2d_step0280000.npz
step=281000, t=52.635495, dt=1.942e-04, KE=1.904547e-02, Mt=0.1956, A_K=0.037, Cuv=-0.136, P_in=7.771e-03, P_tgt=7.831e-03, A_F=0.173, K_low=0.041, P_drag=-1.582e-04, P_cool=-2.273e-02, WENO=0.267, rho_mean=1.000000, p_mean=0.759747, div_rms=2.304e+00, vort_rms=4.637e-01, K_dil=0.846, mass_err=-6.585e-10
step=282000, t=52.830889, dt=1.990e-04, KE=2.385774e-02, Mt=0.2180, A_K=0.059, Cuv=-0.131, P_in=1.177e-01, P_tgt=1.176e-01, A_F=0.033, K_low=0.030, P_drag=-1.434e-04, P_cool=-2.271e-02, WENO=0.260, rho_mean=1.000000, p_mean=0.759703, div_rms=2.257e+00, vort_rms=4.527e-01, K_dil=0.881, mass_err=-6.608e-10
step=283000, t=53.022447, dt=1.903e-04, KE=3.471997e-02, Mt=0.2621, A_K=0.051, Cuv=-0.199, P_in=1.370e-01, P_tgt=1.370e-01, A_F=0.082, K_low=0.019, P_drag=-1.223e-04, P_cool=-2.549e-02, WENO=0.257, rho_mean=1.000000, p_mean=0.765258, div_rms=2.290e+00, vort_rms=4.539e-01, K_dil=0.919, mass_err=-6.632e-10
step=284000, t=53.210029, dt=1.883e-04, KE=2.928171e-02, Mt=0.2430, A_K=0.126, Cuv=-0.214, P_in=1.343e-01, P_tgt=1.343e-01, A_F=0.080, K_low=0.023, P_drag=-1.103e-04, P_cool=-3.031e-02, WENO=0.257, rho_mean=1.000000, p_mean=0.774897, div_rms=2.334e+00, vort_rms=4.526e-01, K_dil=0.905, mass_err=-6.655e-10
step=285000, t=53.396982, dt=1.739e-04, KE=3.720984e-02, Mt=0.2791, A_K=0.158, Cuv=-0.087, P_in=9.618e-02, P_tgt=9.608e-02, A_F=0.037, K_low=0.020, P_drag=-1.042e-04, P_cool=-3.239e-02, WENO=0.258, rho_mean=1.000000, p_mean=0.779072, div_rms=2.642e+00, vort_rms=4.590e-01, K_dil=0.929, mass_err=-6.679e-10
step=286000, t=53.566702, dt=1.567e-04, KE=4.224085e-02, Mt=0.2966, A_K=0.047, Cuv=-0.100, P_in=2.687e-02, P_tgt=2.691e-02, A_F=0.001, K_low=0.018, P_drag=-1.249e-04, P_cool=-3.216e-02, WENO=0.250, rho_mean=1.000000, p_mean=0.778613, div_rms=3.021e+00, vort_rms=5.129e-01, K_dil=0.936, mass_err=-6.702e-10
step=287000, t=53.723831, dt=1.609e-04, KE=5.145895e-02, Mt=0.3199, A_K=0.095, Cuv=-0.255, P_in=5.168e-03, P_tgt=5.220e-03, A_F=0.107, K_low=0.016, P_drag=-1.605e-04, P_cool=-2.975e-02, WENO=0.265, rho_mean=1.000000, p_mean=0.773776, div_rms=3.315e+00, vort_rms=5.309e-01, K_dil=0.944, mass_err=-6.725e-10
step=288000, t=53.884771, dt=1.466e-04, KE=6.003030e-02, Mt=0.3496, A_K=0.038, Cuv=-0.111, P_in=5.531e-04, P_tgt=5.492e-04, A_F=0.282, K_low=0.015, P_drag=-2.008e-04, P_cool=-2.719e-02, WENO=0.279, rho_mean=1.000000, p_mean=0.768656, div_rms=3.506e+00, vort_rms=6.004e-01, K_dil=0.952, mass_err=-6.748e-10
step=289000, t=54.021892, dt=1.444e-04, KE=5.857486e-02, Mt=0.3457, A_K=0.037, Cuv=0.026, P_in=4.664e-05, P_tgt=4.653e-05, A_F=0.015, K_low=0.018, P_drag=-2.290e-04, P_cool=-2.674e-02, WENO=0.286, rho_mean=1.000000, p_mean=0.767765, div_rms=3.653e+00, vort_rms=6.617e-01, K_dil=0.950, mass_err=-6.771e-10
step=290000, t=54.186240, dt=1.703e-04, KE=4.852786e-02, Mt=0.3111, A_K=0.036, Cuv=-0.014, P_in=5.724e-06, P_tgt=5.717e-06, A_F=0.153, K_low=0.024, P_drag=-2.457e-04, P_cool=-2.784e-02, WENO=0.297, rho_mean=1.000000, p_mean=0.769962, div_rms=3.696e+00, vort_rms=6.497e-01, K_dil=0.936, mass_err=-6.794e-10
saved snapshot: results/hit2d/dilatational_Mt025_N512_CFL_0p05/hit2d_step0290000.npz
step=291000, t=54.353000, dt=1.508e-04, KE=4.353956e-02, Mt=0.2920, A_K=0.015, Cuv=-0.195, P_in=1.255e-06, P_tgt=1.248e-06, A_F=0.027, K_low=0.024, P_drag=-2.242e-04, P_cool=-2.789e-02, WENO=0.306, rho_mean=1.000000, p_mean=0.770071, div_rms=3.653e+00, vort_rms=6.570e-01, K_dil=0.925, mass_err=-6.817e-10
step=292000, t=54.502155, dt=1.496e-04, KE=4.090259e-02, Mt=0.2840, A_K=0.028, Cuv=-0.167, P_in=3.477e-07, P_tgt=3.557e-07, A_F=0.071, K_low=0.020, P_drag=-1.813e-04, P_cool=-2.759e-02, WENO=0.303, rho_mean=1.000000, p_mean=0.769457, div_rms=3.612e+00, vort_rms=6.789e-01, K_dil=0.915, mass_err=-6.840e-10
step=293000, t=54.656769, dt=1.660e-04, KE=3.727177e-02, Mt=0.2713, A_K=0.008, Cuv=-0.032, P_in=1.390e-07, P_tgt=1.403e-07, A_F=0.033, K_low=0.017, P_drag=-1.451e-04, P_cool=-2.745e-02, WENO=0.317, rho_mean=1.000000, p_mean=0.769191, div_rms=3.538e+00, vort_rms=6.666e-01, K_dil=0.902, mass_err=-6.864e-10
step=294000, t=54.816267, dt=1.685e-04, KE=3.293901e-02, Mt=0.2533, A_K=0.070, Cuv=0.068, P_in=8.943e-08, P_tgt=8.765e-08, A_F=0.056, K_low=0.016, P_drag=-1.285e-04, P_cool=-2.744e-02, WENO=0.328, rho_mean=1.000000, p_mean=0.769162, div_rms=3.358e+00, vort_rms=6.674e-01, K_dil=0.887, mass_err=-6.886e-10
step=295000, t=54.989803, dt=1.768e-04, KE=3.299155e-02, Mt=0.2509, A_K=0.050, Cuv=0.079, P_in=8.506e-08, P_tgt=8.541e-08, A_F=0.097, K_low=0.019, P_drag=-1.437e-04, P_cool=-2.648e-02, WENO=0.325, rho_mean=1.000000, p_mean=0.767255, div_rms=3.224e+00, vort_rms=6.539e-01, K_dil=0.885, mass_err=-6.910e-10
step=296000, t=55.166991, dt=1.570e-04, KE=3.085725e-02, Mt=0.2449, A_K=0.030, Cuv=0.008, P_in=8.985e-08, P_tgt=8.936e-08, A_F=0.118, K_low=0.029, P_drag=-1.901e-04, P_cool=-2.598e-02, WENO=0.329, rho_mean=1.000000, p_mean=0.766243, div_rms=3.072e+00, vort_rms=6.185e-01, K_dil=0.881, mass_err=-6.933e-10
step=297000, t=55.334663, dt=1.868e-04, KE=2.728419e-02, Mt=0.2303, A_K=0.071, Cuv=-0.066, P_in=1.502e-07, P_tgt=1.502e-07, A_F=0.031, K_low=0.043, P_drag=-2.399e-04, P_cool=-2.582e-02, WENO=0.321, rho_mean=1.000000, p_mean=0.765922, div_rms=2.967e+00, vort_rms=5.787e-01, K_dil=0.869, mass_err=-6.956e-10
step=298000, t=55.515574, dt=1.701e-04, KE=2.354825e-02, Mt=0.2147, A_K=0.134, Cuv=-0.122, P_in=6.237e-07, P_tgt=6.242e-07, A_F=0.024, K_low=0.058, P_drag=-2.820e-04, P_cool=-2.562e-02, WENO=0.323, rho_mean=1.000000, p_mean=0.765530, div_rms=2.791e+00, vort_rms=5.469e-01, K_dil=0.851, mass_err=-6.980e-10
step=299000, t=55.686891, dt=1.825e-04, KE=2.367382e-02, Mt=0.2162, A_K=0.099, Cuv=-0.042, P_in=3.634e-06, P_tgt=3.548e-06, A_F=0.057, K_low=0.062, P_drag=-3.006e-04, P_cool=-2.472e-02, WENO=0.311, rho_mean=1.000000, p_mean=0.763734, div_rms=2.703e+00, vort_rms=5.256e-01, K_dil=0.856, mass_err=-7.003e-10
step=300000, t=55.871802, dt=1.749e-04, KE=2.264908e-02, Mt=0.2121, A_K=0.027, Cuv=-0.033, P_in=2.145e-05, P_tgt=2.154e-05, A_F=0.147, K_low=0.063, P_drag=-2.859e-04, P_cool=-2.402e-02, WENO=0.299, rho_mean=1.000000, p_mean=0.762319, div_rms=2.568e+00, vort_rms=5.097e-01, K_dil=0.852, mass_err=-7.027e-10
saved snapshot: results/hit2d/dilatational_Mt025_N512_CFL_0p05/hit2d_step0300000.npz
step=301000, t=56.040529, dt=1.882e-04, KE=2.039267e-02, Mt=0.2020, A_K=0.004, Cuv=-0.096, P_in=1.935e-04, P_tgt=1.925e-04, A_F=0.185, K_low=0.061, P_drag=-2.439e-04, P_cool=-2.366e-02, WENO=0.298, rho_mean=1.000000, p_mean=0.761605, div_rms=2.452e+00, vort_rms=5.095e-01, K_dil=0.838, mass_err=-7.050e-10
step=302000, t=56.238119, dt=2.024e-04, KE=1.777480e-02, Mt=0.1904, A_K=0.003, Cuv=-0.093, P_in=4.838e-03, P_tgt=4.818e-03, A_F=0.225, K_low=0.053, P_drag=-1.826e-04, P_cool=-2.330e-02, WENO=0.290, rho_mean=1.000000, p_mean=0.760883, div_rms=2.320e+00, vort_rms=4.887e-01, K_dil=0.821, mass_err=-7.074e-10
step=303000, t=56.434432, dt=1.895e-04, KE=2.288879e-02, Mt=0.2147, A_K=0.066, Cuv=0.036, P_in=9.897e-02, P_tgt=9.890e-02, A_F=0.168, K_low=0.030, P_drag=-1.320e-04, P_cool=-2.276e-02, WENO=0.268, rho_mean=1.000000, p_mean=0.759809, div_rms=2.274e+00, vort_rms=4.802e-01, K_dil=0.865, mass_err=-7.097e-10
step=304000, t=56.620751, dt=1.766e-04, KE=3.215374e-02, Mt=0.2532, A_K=0.029, Cuv=0.130, P_in=1.598e-01, P_tgt=1.598e-01, A_F=0.041, K_low=0.016, P_drag=-1.010e-04, P_cool=-2.555e-02, WENO=0.258, rho_mean=1.000000, p_mean=0.765385, div_rms=2.296e+00, vort_rms=4.866e-01, K_dil=0.902, mass_err=-7.120e-10
step=305000, t=56.793064, dt=1.735e-04, KE=3.013767e-02, Mt=0.2467, A_K=0.090, Cuv=0.150, P_in=1.684e-01, P_tgt=1.684e-01, A_F=0.062, K_low=0.018, P_drag=-8.911e-05, P_cool=-3.047e-02, WENO=0.257, rho_mean=1.000000, p_mean=0.775220, div_rms=2.276e+00, vort_rms=5.033e-01, K_dil=0.892, mass_err=-7.144e-10
step=306000, t=56.972988, dt=1.831e-04, KE=4.103451e-02, Mt=0.2898, A_K=0.168, Cuv=0.022, P_in=1.004e-01, P_tgt=1.006e-01, A_F=0.109, K_low=0.015, P_drag=-1.100e-04, P_cool=-3.246e-02, WENO=0.252, rho_mean=1.000000, p_mean=0.779212, div_rms=2.474e+00, vort_rms=5.068e-01, K_dil=0.920, mass_err=-7.167e-10
warning: flow component anisotropy has increased over the last three diagnostic samples
step=307000, t=57.146234, dt=1.699e-04, KE=5.699190e-02, Mt=0.3339, A_K=0.261, Cuv=0.101, P_in=1.624e-02, P_tgt=1.606e-02, A_F=0.017, K_low=0.013, P_drag=-1.500e-04, P_cool=-2.992e-02, WENO=0.238, rho_mean=1.000000, p_mean=0.774129, div_rms=2.904e+00, vort_rms=5.178e-01, K_dil=0.939, mass_err=-7.190e-10
step=308000, t=57.314337, dt=1.458e-04, KE=6.034058e-02, Mt=0.3469, A_K=0.149, Cuv=0.181, P_in=1.416e-03, P_tgt=1.583e-03, A_F=0.081, K_low=0.016, P_drag=-1.812e-04, P_cool=-2.848e-02, WENO=0.252, rho_mean=1.000000, p_mean=0.771250, div_rms=3.294e+00, vort_rms=5.320e-01, K_dil=0.942, mass_err=-7.213e-10
step=309000, t=57.449479, dt=1.281e-04, KE=5.976170e-02, Mt=0.3476, A_K=0.085, Cuv=0.188, P_in=1.399e-04, P_tgt=1.400e-04, A_F=0.055, K_low=0.017, P_drag=-1.880e-04, P_cool=-2.785e-02, WENO=0.268, rho_mean=1.000000, p_mean=0.769985, div_rms=3.643e+00, vort_rms=5.885e-01, K_dil=0.943, mass_err=-7.236e-10
step=310000, t=57.577935, dt=1.336e-04, KE=5.771768e-02, Mt=0.3387, A_K=0.092, Cuv=0.177, P_in=1.314e-05, P_tgt=1.314e-05, A_F=0.046, K_low=0.018, P_drag=-1.901e-04, P_cool=-2.754e-02, WENO=0.284, rho_mean=1.000000, p_mean=0.769373, div_rms=3.818e+00, vort_rms=6.709e-01, K_dil=0.939, mass_err=-7.259e-10
saved snapshot: results/hit2d/dilatational_Mt025_N512_CFL_0p05/hit2d_step0310000.npz
step=311000, t=57.721447, dt=1.528e-04, KE=5.284990e-02, Mt=0.3205, A_K=0.163, Cuv=0.174, P_in=1.575e-06, P_tgt=1.570e-06, A_F=0.222, K_low=0.018, P_drag=-1.934e-04, P_cool=-2.772e-02, WENO=0.287, rho_mean=1.000000, p_mean=0.769724, div_rms=3.876e+00, vort_rms=6.818e-01, K_dil=0.932, mass_err=-7.282e-10
step=312000, t=57.876081, dt=1.583e-04, KE=4.439616e-02, Mt=0.2937, A_K=0.162, Cuv=0.192, P_in=2.926e-07, P_tgt=2.848e-07, A_F=0.188, K_low=0.021, P_drag=-2.021e-04, P_cool=-2.854e-02, WENO=0.289, rho_mean=1.000000, p_mean=0.771360, div_rms=3.799e+00, vort_rms=7.126e-01, K_dil=0.919, mass_err=-7.305e-10
step=313000, t=58.036367, dt=1.617e-04, KE=3.863298e-02, Mt=0.2720, A_K=0.124, Cuv=0.158, P_in=9.914e-08, P_tgt=9.925e-08, A_F=0.062, K_low=0.026, P_drag=-2.264e-04, P_cool=-2.876e-02, WENO=0.299, rho_mean=1.000000, p_mean=0.771811, div_rms=3.658e+00, vort_rms=7.059e-01, K_dil=0.904, mass_err=-7.329e-10
step=314000, t=58.193965, dt=1.523e-04, KE=3.875288e-02, Mt=0.2705, A_K=0.113, Cuv=0.123, P_in=4.899e-08, P_tgt=4.895e-08, A_F=0.129, K_low=0.029, P_drag=-2.539e-04, P_cool=-2.784e-02, WENO=0.306, rho_mean=1.000000, p_mean=0.769958, div_rms=3.519e+00, vort_rms=6.833e-01, K_dil=0.901, mass_err=-7.352e-10
step=315000, t=58.352957, dt=1.564e-04, KE=3.739448e-02, Mt=0.2656, A_K=0.080, Cuv=0.126, P_in=2.556e-08, P_tgt=2.545e-08, A_F=0.010, K_low=0.032, P_drag=-2.660e-04, P_cool=-2.722e-02, WENO=0.310, rho_mean=1.000000, p_mean=0.768733, div_rms=3.332e+00, vort_rms=6.459e-01, K_dil=0.896, mass_err=-7.375e-10
step=316000, t=58.517987, dt=1.679e-04, KE=3.363025e-02, Mt=0.2547, A_K=0.006, Cuv=0.172, P_in=1.651e-08, P_tgt=1.674e-08, A_F=0.102, K_low=0.035, P_drag=-2.598e-04, P_cool=-2.707e-02, WENO=0.310, rho_mean=1.000000, p_mean=0.768432, div_rms=3.227e+00, vort_rms=6.206e-01, K_dil=0.885, mass_err=-7.398e-10
step=317000, t=58.675437, dt=1.520e-04, KE=2.849020e-02, Mt=0.2344, A_K=0.027, Cuv=0.188, P_in=2.049e-08, P_tgt=2.052e-08, A_F=0.087, K_low=0.039, P_drag=-2.387e-04, P_cool=-2.724e-02, WENO=0.313, rho_mean=1.000000, p_mean=0.768763, div_rms=3.065e+00, vort_rms=6.030e-01, K_dil=0.863, mass_err=-7.421e-10
step=318000, t=58.847124, dt=1.780e-04, KE=2.568138e-02, Mt=0.2212, A_K=0.170, Cuv=0.110, P_in=6.135e-08, P_tgt=6.178e-08, A_F=0.209, K_low=0.040, P_drag=-2.103e-04, P_cool=-2.686e-02, WENO=0.306, rho_mean=1.000000, p_mean=0.768008, div_rms=2.936e+00, vort_rms=5.688e-01, K_dil=0.849, mass_err=-7.444e-10
step=319000, t=59.018116, dt=1.689e-04, KE=2.494180e-02, Mt=0.2193, A_K=0.182, Cuv=0.140, P_in=2.754e-07, P_tgt=2.755e-07, A_F=0.052, K_low=0.038, P_drag=-1.912e-04, P_cool=-2.610e-02, WENO=0.300, rho_mean=1.000000, p_mean=0.766477, div_rms=2.811e+00, vort_rms=5.494e-01, K_dil=0.850, mass_err=-7.468e-10
step=320000, t=59.187529, dt=1.730e-04, KE=2.505809e-02, Mt=0.2211, A_K=0.139, Cuv=0.183, P_in=1.167e-06, P_tgt=1.165e-06, A_F=0.212, K_low=0.037, P_drag=-1.922e-04, P_cool=-2.520e-02, WENO=0.285, rho_mean=1.000000, p_mean=0.764680, div_rms=2.707e+00, vort_rms=5.270e-01, K_dil=0.855, mass_err=-7.491e-10
saved snapshot: results/hit2d/dilatational_Mt025_N512_CFL_0p05/hit2d_step0320000.npz
step=321000, t=59.376391, dt=1.899e-04, KE=2.286238e-02, Mt=0.2112, A_K=0.050, Cuv=0.239, P_in=5.759e-06, P_tgt=5.763e-06, A_F=0.046, K_low=0.044, P_drag=-2.146e-04, P_cool=-2.469e-02, WENO=0.273, rho_mean=1.000000, p_mean=0.763664, div_rms=2.587e+00, vort_rms=5.044e-01, K_dil=0.841, mass_err=-7.515e-10
step=322000, t=59.569191, dt=1.895e-04, KE=1.802440e-02, Mt=0.1895, A_K=0.044, Cuv=0.173, P_in=9.702e-05, P_tgt=9.677e-05, A_F=0.063, K_low=0.066, P_drag=-2.555e-04, P_cool=-2.470e-02, WENO=0.279, rho_mean=1.000000, p_mean=0.763677, div_rms=2.410e+00, vort_rms=4.878e-01, K_dil=0.798, mass_err=-7.538e-10
step=323000, t=59.759549, dt=1.892e-04, KE=1.841619e-02, Mt=0.1908, A_K=0.011, Cuv=0.111, P_in=4.507e-03, P_tgt=4.524e-03, A_F=0.129, K_low=0.072, P_drag=-2.838e-04, P_cool=-2.373e-02, WENO=0.264, rho_mean=1.000000, p_mean=0.761739, div_rms=2.295e+00, vort_rms=4.728e-01, K_dil=0.802, mass_err=-7.562e-10
step=324000, t=59.952240, dt=1.888e-04, KE=2.303794e-02, Mt=0.2132, A_K=0.011, Cuv=0.021, P_in=8.069e-02, P_tgt=8.072e-02, A_F=0.106, K_low=0.057, P_drag=-2.801e-04, P_cool=-2.306e-02, WENO=0.256, rho_mean=1.000000, p_mean=0.760412, div_rms=2.210e+00, vort_rms=4.625e-01, K_dil=0.845, mass_err=-7.585e-10
step=325000, t=60.133062, dt=1.849e-04, KE=3.408210e-02, Mt=0.2604, A_K=0.039, Cuv=-0.086, P_in=1.393e-01, P_tgt=1.392e-01, A_F=0.054, K_low=0.036, P_drag=-2.640e-04, P_cool=-2.471e-02, WENO=0.247, rho_mean=1.000000, p_mean=0.763701, div_rms=2.250e+00, vort_rms=4.561e-01, K_dil=0.898, mass_err=-7.609e-10
step=326000, t=60.323742, dt=1.931e-04, KE=2.859087e-02, Mt=0.2444, A_K=0.047, Cuv=-0.154, P_in=1.137e-01, P_tgt=1.136e-01, A_F=0.209, K_low=0.036, P_drag=-2.116e-04, P_cool=-2.931e-02, WENO=0.255, rho_mean=1.000000, p_mean=0.772916, div_rms=2.229e+00, vort_rms=4.521e-01, K_dil=0.880, mass_err=-7.633e-10
step=327000, t=60.498460, dt=1.621e-04, KE=3.440867e-02, Mt=0.2694, A_K=0.188, Cuv=-0.183, P_in=1.081e-01, P_tgt=1.080e-01, A_F=0.327, K_low=0.028, P_drag=-1.517e-04, P_cool=-3.134e-02, WENO=0.249, rho_mean=1.000000, p_mean=0.776960, div_rms=2.396e+00, vort_rms=4.576e-01, K_dil=0.900, mass_err=-7.656e-10
step=328000, t=60.665603, dt=1.796e-04, KE=4.662773e-02, Mt=0.3118, A_K=0.091, Cuv=-0.293, P_in=2.948e-02, P_tgt=2.934e-02, A_F=0.061, K_low=0.021, P_drag=-1.469e-04, P_cool=-3.006e-02, WENO=0.253, rho_mean=1.000000, p_mean=0.774403, div_rms=2.793e+00, vort_rms=4.747e-01, K_dil=0.927, mass_err=-7.679e-10
step=329000, t=60.835908, dt=1.610e-04, KE=5.404748e-02, Mt=0.3300, A_K=0.090, Cuv=-0.318, P_in=3.851e-03, P_tgt=3.872e-03, A_F=0.123, K_low=0.017, P_drag=-1.625e-04, P_cool=-2.804e-02, WENO=0.243, rho_mean=1.000000, p_mean=0.770359, div_rms=3.239e+00, vort_rms=5.117e-01, K_dil=0.935, mass_err=-7.702e-10
step=330000, t=60.991801, dt=1.524e-04, KE=5.445746e-02, Mt=0.3330, A_K=0.260, Cuv=-0.254, P_in=4.527e-04, P_tgt=4.486e-04, A_F=0.062, K_low=0.017, P_drag=-1.917e-04, P_cool=-2.714e-02, WENO=0.247, rho_mean=1.000000, p_mean=0.768562, div_rms=3.444e+00, vort_rms=5.433e-01, K_dil=0.935, mass_err=-7.725e-10
saved snapshot: results/hit2d/dilatational_Mt025_N512_CFL_0p05/hit2d_step0330000.npz
warning: flow component anisotropy has increased over the last three diagnostic samples
step=331000, t=61.141987, dt=1.495e-04, KE=5.258177e-02, Mt=0.3289, A_K=0.304, Cuv=-0.190, P_in=5.029e-05, P_tgt=5.031e-05, A_F=0.053, K_low=0.019, P_drag=-2.223e-04, P_cool=-2.671e-02, WENO=0.258, rho_mean=1.000000, p_mean=0.767699, div_rms=3.619e+00, vort_rms=5.596e-01, K_dil=0.931, mass_err=-7.748e-10
step=332000, t=61.301517, dt=1.723e-04, KE=4.518961e-02, Mt=0.3020, A_K=0.176, Cuv=-0.118, P_in=7.733e-06, P_tgt=7.770e-06, A_F=0.106, K_low=0.023, P_drag=-2.338e-04, P_cool=-2.732e-02, WENO=0.264, rho_mean=1.000000, p_mean=0.768917, div_rms=3.621e+00, vort_rms=5.770e-01, K_dil=0.916, mass_err=-7.771e-10
step=333000, t=61.470419, dt=1.699e-04, KE=3.997275e-02, Mt=0.2796, A_K=0.079, Cuv=-0.145, P_in=2.231e-06, P_tgt=2.216e-06, A_F=0.055, K_low=0.025, P_drag=-2.248e-04, P_cool=-2.742e-02, WENO=0.271, rho_mean=1.000000, p_mean=0.769132, div_rms=3.532e+00, vort_rms=5.967e-01, K_dil=0.900, mass_err=-7.794e-10
step=334000, t=61.642119, dt=1.734e-04, KE=3.583204e-02, Mt=0.2644, A_K=0.094, Cuv=-0.187, P_in=9.872e-07, P_tgt=9.958e-07, A_F=0.032, K_low=0.027, P_drag=-2.173e-04, P_cool=-2.730e-02, WENO=0.274, rho_mean=1.000000, p_mean=0.768895, div_rms=3.385e+00, vort_rms=6.018e-01, K_dil=0.888, mass_err=-7.818e-10
step=335000, t=61.818133, dt=1.715e-04, KE=3.399974e-02, Mt=0.2573, A_K=0.113, Cuv=-0.246, P_in=7.072e-07, P_tgt=7.131e-07, A_F=0.121, K_low=0.027, P_drag=-1.954e-04, P_cool=-2.671e-02, WENO=0.279, rho_mean=1.000000, p_mean=0.767703, div_rms=3.270e+00, vort_rms=5.916e-01, K_dil=0.885, mass_err=-7.841e-10
step=336000, t=61.986102, dt=1.730e-04, KE=3.236453e-02, Mt=0.2511, A_K=0.124, Cuv=-0.141, P_in=5.755e-07, P_tgt=5.652e-07, A_F=0.195, K_low=0.023, P_drag=-1.662e-04, P_cool=-2.614e-02, WENO=0.286, rho_mean=1.000000, p_mean=0.766574, div_rms=3.156e+00, vort_rms=5.711e-01, K_dil=0.882, mass_err=-7.864e-10
step=337000, t=62.156920, dt=1.668e-04, KE=2.942426e-02, Mt=0.2374, A_K=0.123, Cuv=-0.093, P_in=7.401e-07, P_tgt=7.359e-07, A_F=0.254, K_low=0.023, P_drag=-1.521e-04, P_cool=-2.584e-02, WENO=0.300, rho_mean=1.000000, p_mean=0.765963, div_rms=2.990e+00, vort_rms=5.702e-01, K_dil=0.870, mass_err=-7.887e-10
step=338000, t=62.333935, dt=1.813e-04, KE=2.619809e-02, Mt=0.2254, A_K=0.163, Cuv=-0.111, P_in=1.693e-06, P_tgt=1.684e-06, A_F=0.031, K_low=0.027, P_drag=-1.591e-04, P_cool=-2.557e-02, WENO=0.306, rho_mean=1.000000, p_mean=0.765424, div_rms=2.862e+00, vort_rms=5.378e-01, K_dil=0.856, mass_err=-7.911e-10
step=339000, t=62.515975, dt=1.855e-04, KE=2.420287e-02, Mt=0.2174, A_K=0.167, Cuv=-0.176, P_in=6.481e-06, P_tgt=6.470e-06, A_F=0.097, K_low=0.034, P_drag=-1.781e-04, P_cool=-2.504e-02, WENO=0.308, rho_mean=1.000000, p_mean=0.764368, div_rms=2.721e+00, vort_rms=5.237e-01, K_dil=0.842, mass_err=-7.934e-10
step=340000, t=62.709566, dt=1.951e-04, KE=2.131299e-02, Mt=0.2049, A_K=0.122, Cuv=-0.134, P_in=6.803e-05, P_tgt=5.076e-05, A_F=0.080, K_low=0.045, P_drag=-1.988e-04, P_cool=-2.465e-02, WENO=0.317, rho_mean=1.000000, p_mean=0.763588, div_rms=2.574e+00, vort_rms=5.034e-01, K_dil=0.819, mass_err=-7.958e-10
saved snapshot: results/hit2d/dilatational_Mt025_N512_CFL_0p05/hit2d_step0340000.npz
step=341000, t=62.898373, dt=1.847e-04, KE=2.126102e-02, Mt=0.2036, A_K=0.122, Cuv=-0.092, P_in=6.043e-04, P_tgt=6.077e-04, A_F=0.258, K_low=0.049, P_drag=-2.134e-04, P_cool=-2.375e-02, WENO=0.311, rho_mean=1.000000, p_mean=0.761783, div_rms=2.456e+00, vort_rms=4.913e-01, K_dil=0.818, mass_err=-7.981e-10
step=342000, t=63.081294, dt=1.873e-04, KE=2.135568e-02, Mt=0.2049, A_K=0.056, Cuv=-0.084, P_in=7.538e-03, P_tgt=7.516e-03, A_F=0.047, K_low=0.051, P_drag=-2.169e-04, P_cool=-2.297e-02, WENO=0.298, rho_mean=1.000000, p_mean=0.760224, div_rms=2.359e+00, vort_rms=4.807e-01, K_dil=0.825, mass_err=-8.005e-10
step=343000, t=63.281259, dt=2.040e-04, KE=2.360897e-02, Mt=0.2175, A_K=0.208, Cuv=-0.089, P_in=6.356e-02, P_tgt=6.356e-02, A_F=0.026, K_low=0.046, P_drag=-2.083e-04, P_cool=-2.273e-02, WENO=0.265, rho_mean=1.000000, p_mean=0.759743, div_rms=2.329e+00, vort_rms=4.691e-01, K_dil=0.850, mass_err=-8.028e-10
step=344000, t=63.477405, dt=1.988e-04, KE=2.836278e-02, Mt=0.2423, A_K=0.119, Cuv=-0.118, P_in=1.700e-01, P_tgt=1.703e-01, A_F=0.168, K_low=0.037, P_drag=-1.775e-04, P_cool=-2.557e-02, WENO=0.268, rho_mean=1.000000, p_mean=0.765427, div_rms=2.318e+00, vort_rms=4.634e-01, K_dil=0.885, mass_err=-8.052e-10
step=345000, t=63.669457, dt=1.893e-04, KE=3.472252e-02, Mt=0.2678, A_K=0.014, Cuv=-0.117, P_in=1.367e-01, P_tgt=1.368e-01, A_F=0.071, K_low=0.029, P_drag=-1.695e-04, P_cool=-2.961e-02, WENO=0.267, rho_mean=1.000000, p_mean=0.773500, div_rms=2.380e+00, vort_rms=4.715e-01, K_dil=0.907, mass_err=-8.075e-10
step=346000, t=63.851752, dt=1.756e-04, KE=4.025046e-02, Mt=0.2854, A_K=0.051, Cuv=-0.169, P_in=5.508e-02, P_tgt=5.504e-02, A_F=0.182, K_low=0.028, P_drag=-1.772e-04, P_cool=-3.087e-02, WENO=0.259, rho_mean=1.000000, p_mean=0.776032, div_rms=2.547e+00, vort_rms=4.832e-01, K_dil=0.916, mass_err=-8.098e-10
step=347000, t=64.030732, dt=1.790e-04, KE=4.472864e-02, Mt=0.3036, A_K=0.100, Cuv=-0.168, P_in=1.282e-02, P_tgt=1.294e-02, A_F=0.157, K_low=0.029, P_drag=-1.997e-04, P_cool=-2.998e-02, WENO=0.254, rho_mean=1.000000, p_mean=0.774246, div_rms=2.843e+00, vort_rms=4.986e-01, K_dil=0.924, mass_err=-8.122e-10
step=348000, t=64.193189, dt=1.477e-04, KE=3.996377e-02, Mt=0.2916, A_K=0.087, Cuv=-0.053, P_in=2.929e-03, P_tgt=2.999e-03, A_F=0.208, K_low=0.035, P_drag=-2.252e-04, P_cool=-3.018e-02, WENO=0.256, rho_mean=1.000000, p_mean=0.774652, div_rms=3.019e+00, vort_rms=5.433e-01, K_dil=0.916, mass_err=-8.145e-10
step=349000, t=64.348836, dt=1.511e-04, KE=4.883491e-02, Mt=0.3121, A_K=0.175, Cuv=-0.102, P_in=6.848e-04, P_tgt=6.861e-04, A_F=0.169, K_low=0.028, P_drag=-2.339e-04, P_cool=-2.755e-02, WENO=0.249, rho_mean=1.000000, p_mean=0.769390, div_rms=3.281e+00, vort_rms=5.869e-01, K_dil=0.926, mass_err=-8.168e-10
step=350000, t=64.510172, dt=1.690e-04, KE=5.853114e-02, Mt=0.3402, A_K=0.126, Cuv=-0.120, P_in=8.384e-05, P_tgt=8.352e-05, A_F=0.048, K_low=0.021, P_drag=-2.160e-04, P_cool=-2.478e-02, WENO=0.261, rho_mean=1.000000, p_mean=0.763842, div_rms=3.511e+00, vort_rms=6.076e-01, K_dil=0.938, mass_err=-8.191e-10
saved snapshot: results/hit2d/dilatational_Mt025_N512_CFL_0p05/hit2d_step0350000.npz
step=351000, t=64.681645, dt=1.724e-04, KE=4.851648e-02, Mt=0.3160, A_K=0.019, Cuv=-0.057, P_in=9.565e-06, P_tgt=9.468e-06, A_F=0.091, K_low=0.021, P_drag=-1.823e-04, P_cool=-2.592e-02, WENO=0.275, rho_mean=1.000000, p_mean=0.766116, div_rms=3.559e+00, vort_rms=6.121e-01, K_dil=0.926, mass_err=-8.214e-10
step=352000, t=64.858803, dt=1.819e-04, KE=3.633063e-02, Mt=0.2675, A_K=0.038, Cuv=0.000, P_in=2.688e-06, P_tgt=2.692e-06, A_F=0.025, K_low=0.021, P_drag=-1.462e-04, P_cool=-2.739e-02, WENO=0.296, rho_mean=1.000000, p_mean=0.769074, div_rms=3.501e+00, vort_rms=6.200e-01, K_dil=0.895, mass_err=-8.237e-10
step=353000, t=65.035304, dt=1.692e-04, KE=3.724163e-02, Mt=0.2667, A_K=0.189, Cuv=0.038, P_in=1.889e-06, P_tgt=1.628e-06, A_F=0.161, K_low=0.017, P_drag=-1.252e-04, P_cool=-2.625e-02, WENO=0.301, rho_mean=1.000000, p_mean=0.766794, div_rms=3.447e+00, vort_rms=6.336e-01, K_dil=0.895, mass_err=-8.260e-10
warning: flow component anisotropy has increased over the last three diagnostic samples
step=354000, t=65.202282, dt=1.697e-04, KE=3.636335e-02, Mt=0.2676, A_K=0.271, Cuv=0.056, P_in=8.086e-07, P_tgt=8.044e-07, A_F=0.159, K_low=0.016, P_drag=-1.189e-04, P_cool=-2.556e-02, WENO=0.309, rho_mean=1.000000, p_mean=0.765412, div_rms=3.391e+00, vort_rms=6.187e-01, K_dil=0.897, mass_err=-8.283e-10
step=355000, t=65.373825, dt=1.600e-04, KE=3.042866e-02, Mt=0.2439, A_K=0.131, Cuv=-0.014, P_in=6.438e-07, P_tgt=6.427e-07, A_F=0.140, K_low=0.020, P_drag=-1.195e-04, P_cool=-2.586e-02, WENO=0.310, rho_mean=1.000000, p_mean=0.766012, div_rms=3.209e+00, vort_rms=5.926e-01, K_dil=0.880, mass_err=-8.307e-10
step=356000, t=65.544063, dt=1.770e-04, KE=2.827015e-02, Mt=0.2321, A_K=0.039, Cuv=-0.027, P_in=1.219e-06, P_tgt=1.140e-06, A_F=0.117, K_low=0.024, P_drag=-1.310e-04, P_cool=-2.542e-02, WENO=0.317, rho_mean=1.000000, p_mean=0.765117, div_rms=3.082e+00, vort_rms=5.695e-01, K_dil=0.873, mass_err=-8.330e-10
step=357000, t=65.718903, dt=1.665e-04, KE=2.765117e-02, Mt=0.2311, A_K=0.070, Cuv=-0.019, P_in=2.521e-06, P_tgt=2.570e-06, A_F=0.056, K_low=0.029, P_drag=-1.514e-04, P_cool=-2.466e-02, WENO=0.319, rho_mean=1.000000, p_mean=0.763606, div_rms=2.928e+00, vort_rms=5.497e-01, K_dil=0.875, mass_err=-8.353e-10
step=358000, t=65.882745, dt=1.720e-04, KE=2.495066e-02, Mt=0.2191, A_K=0.124, Cuv=-0.035, P_in=7.801e-06, P_tgt=7.813e-06, A_F=0.116, K_low=0.035, P_drag=-1.683e-04, P_cool=-2.439e-02, WENO=0.323, rho_mean=1.000000, p_mean=0.763072, div_rms=2.791e+00, vort_rms=5.388e-01, K_dil=0.862, mass_err=-8.377e-10
step=359000, t=66.070069, dt=1.895e-04, KE=2.237044e-02, Mt=0.2078, A_K=0.098, Cuv=-0.021, P_in=5.206e-05, P_tgt=5.195e-05, A_F=0.158, K_low=0.040, P_drag=-1.736e-04, P_cool=-2.400e-02, WENO=0.306, rho_mean=1.000000, p_mean=0.762279, div_rms=2.669e+00, vort_rms=5.153e-01, K_dil=0.846, mass_err=-8.400e-10
step=360000, t=66.266777, dt=1.942e-04, KE=2.009125e-02, Mt=0.1971, A_K=0.006, Cuv=0.013, P_in=7.094e-04, P_tgt=7.164e-04, A_F=0.250, K_low=0.042, P_drag=-1.648e-04, P_cool=-2.352e-02, WENO=0.303, rho_mean=1.000000, p_mean=0.761326, div_rms=2.537e+00, vort_rms=4.951e-01, K_dil=0.826, mass_err=-8.424e-10
saved snapshot: results/hit2d/dilatational_Mt025_N512_CFL_0p05/hit2d_step0360000.npz
step=361000, t=66.456372, dt=1.864e-04, KE=1.980142e-02, Mt=0.1964, A_K=0.049, Cuv=-0.018, P_in=1.722e-02, P_tgt=1.724e-02, A_F=0.134, K_low=0.038, P_drag=-1.477e-04, P_cool=-2.288e-02, WENO=0.295, rho_mean=1.000000, p_mean=0.760041, div_rms=2.397e+00, vort_rms=4.796e-01, K_dil=0.826, mass_err=-8.447e-10
step=362000, t=66.643926, dt=1.952e-04, KE=2.943019e-02, Mt=0.2374, A_K=0.090, Cuv=0.024, P_in=1.247e-01, P_tgt=1.248e-01, A_F=0.156, K_low=0.024, P_drag=-1.329e-04, P_cool=-2.264e-02, WENO=0.283, rho_mean=1.000000, p_mean=0.759560, div_rms=2.361e+00, vort_rms=4.699e-01, K_dil=0.884, mass_err=-8.471e-10
step=363000, t=66.839728, dt=1.963e-04, KE=3.265544e-02, Mt=0.2556, A_K=0.082, Cuv=0.058, P_in=1.067e-01, P_tgt=1.069e-01, A_F=0.106, K_low=0.023, P_drag=-1.328e-04, P_cool=-2.586e-02, WENO=0.277, rho_mean=1.000000, p_mean=0.766010, div_rms=2.338e+00, vort_rms=4.701e-01, K_dil=0.901, mass_err=-8.494e-10
step=364000, t=67.030376, dt=1.969e-04, KE=2.849311e-02, Mt=0.2437, A_K=0.189, Cuv=0.144, P_in=1.330e-01, P_tgt=1.331e-01, A_F=0.223, K_low=0.029, P_drag=-1.545e-04, P_cool=-2.997e-02, WENO=0.286, rho_mean=1.000000, p_mean=0.774226, div_rms=2.353e+00, vort_rms=4.735e-01, K_dil=0.891, mass_err=-8.518e-10
step=365000, t=67.225358, dt=1.848e-04, KE=4.360080e-02, Mt=0.2939, A_K=0.108, Cuv=0.108, P_in=7.290e-02, P_tgt=7.281e-02, A_F=0.116, K_low=0.020, P_drag=-1.730e-04, P_cool=-3.029e-02, WENO=0.287, rho_mean=1.000000, p_mean=0.774858, div_rms=2.610e+00, vort_rms=4.796e-01, K_dil=0.925, mass_err=-8.541e-10
step=366000, t=67.404997, dt=1.768e-04, KE=5.413266e-02, Mt=0.3290, A_K=0.024, Cuv=-0.047, P_in=1.176e-02, P_tgt=1.186e-02, A_F=0.195, K_low=0.018, P_drag=-1.839e-04, P_cool=-2.841e-02, WENO=0.273, rho_mean=1.000000, p_mean=0.771101, div_rms=2.996e+00, vort_rms=5.103e-01, K_dil=0.938, mass_err=-8.564e-10
step=367000, t=67.575580, dt=1.574e-04, KE=5.485096e-02, Mt=0.3300, A_K=0.089, Cuv=-0.003, P_in=1.357e-03, P_tgt=1.355e-03, A_F=0.197, K_low=0.018, P_drag=-1.855e-04, P_cool=-2.748e-02, WENO=0.287, rho_mean=1.000000, p_mean=0.769242, div_rms=3.231e+00, vort_rms=5.938e-01, K_dil=0.937, mass_err=-8.587e-10
warning: flow component anisotropy has increased over the last three diagnostic samples
step=368000, t=67.734550, dt=1.563e-04, KE=5.712032e-02, Mt=0.3353, A_K=0.233, Cuv=0.106, P_in=1.549e-04, P_tgt=1.548e-04, A_F=0.230, K_low=0.015, P_drag=-1.638e-04, P_cool=-2.618e-02, WENO=0.289, rho_mean=1.000000, p_mean=0.766647, div_rms=3.522e+00, vort_rms=6.614e-01, K_dil=0.939, mass_err=-8.610e-10
step=369000, t=67.889944, dt=1.511e-04, KE=5.182098e-02, Mt=0.3172, A_K=0.201, Cuv=0.136, P_in=1.844e-05, P_tgt=1.848e-05, A_F=0.077, K_low=0.014, P_drag=-1.418e-04, P_cool=-2.642e-02, WENO=0.298, rho_mean=1.000000, p_mean=0.767132, div_rms=3.695e+00, vort_rms=6.778e-01, K_dil=0.932, mass_err=-8.633e-10
step=370000, t=68.047985, dt=1.598e-04, KE=4.244618e-02, Mt=0.2867, A_K=0.196, Cuv=0.030, P_in=4.075e-06, P_tgt=4.054e-06, A_F=0.080, K_low=0.017, P_drag=-1.372e-04, P_cool=-2.743e-02, WENO=0.312, rho_mean=1.000000, p_mean=0.769153, div_rms=3.671e+00, vort_rms=6.725e-01, K_dil=0.917, mass_err=-8.657e-10
saved snapshot: results/hit2d/dilatational_Mt025_N512_CFL_0p05/hit2d_step0370000.npz
step=371000, t=68.209894, dt=1.651e-04, KE=3.996023e-02, Mt=0.2752, A_K=0.171, Cuv=0.033, P_in=1.332e-06, P_tgt=1.430e-06, A_F=0.013, K_low=0.018, P_drag=-1.337e-04, P_cool=-2.704e-02, WENO=0.312, rho_mean=1.000000, p_mean=0.768373, div_rms=3.614e+00, vort_rms=6.459e-01, K_dil=0.911, mass_err=-8.680e-10
step=372000, t=68.374223, dt=1.657e-04, KE=3.819538e-02, Mt=0.2696, A_K=0.139, Cuv=0.034, P_in=6.630e-07, P_tgt=6.708e-07, A_F=0.175, K_low=0.017, P_drag=-1.260e-04, P_cool=-2.651e-02, WENO=0.325, rho_mean=1.000000, p_mean=0.767306, div_rms=3.539e+00, vort_rms=6.257e-01, K_dil=0.906, mass_err=-8.703e-10
step=373000, t=68.542226, dt=1.650e-04, KE=3.566240e-02, Mt=0.2618, A_K=0.085, Cuv=0.023, P_in=3.694e-07, P_tgt=3.672e-07, A_F=0.056, K_low=0.018, P_drag=-1.259e-04, P_cool=-2.613e-02, WENO=0.332, rho_mean=1.000000, p_mean=0.766544, div_rms=3.379e+00, vort_rms=6.212e-01, K_dil=0.896, mass_err=-8.726e-10
step=374000, t=68.714099, dt=1.801e-04, KE=3.130766e-02, Mt=0.2436, A_K=0.102, Cuv=-0.010, P_in=3.329e-07, P_tgt=3.317e-07, A_F=0.157, K_low=0.022, P_drag=-1.354e-04, P_cool=-2.610e-02, WENO=0.340, rho_mean=1.000000, p_mean=0.766483, div_rms=3.242e+00, vort_rms=6.129e-01, K_dil=0.878, mass_err=-8.749e-10
step=375000, t=68.899345, dt=1.908e-04, KE=2.981254e-02, Mt=0.2390, A_K=0.126, Cuv=0.079, P_in=5.059e-07, P_tgt=5.076e-07, A_F=0.018, K_low=0.025, P_drag=-1.513e-04, P_cool=-2.544e-02, WENO=0.334, rho_mean=1.000000, p_mean=0.765158, div_rms=3.121e+00, vort_rms=5.759e-01, K_dil=0.874, mass_err=-8.773e-10
step=376000, t=69.083453, dt=1.836e-04, KE=2.658960e-02, Mt=0.2268, A_K=0.074, Cuv=0.058, P_in=1.005e-06, P_tgt=1.018e-06, A_F=0.018, K_low=0.031, P_drag=-1.716e-04, P_cool=-2.514e-02, WENO=0.330, rho_mean=1.000000, p_mean=0.764575, div_rms=2.990e+00, vort_rms=5.469e-01, K_dil=0.864, mass_err=-8.796e-10
step=377000, t=69.260852, dt=1.667e-04, KE=2.367722e-02, Mt=0.2137, A_K=0.089, Cuv=0.019, P_in=4.577e-06, P_tgt=4.591e-06, A_F=0.024, K_low=0.037, P_drag=-1.855e-04, P_cool=-2.483e-02, WENO=0.327, rho_mean=1.000000, p_mean=0.763950, div_rms=2.811e+00, vort_rms=5.395e-01, K_dil=0.850, mass_err=-8.819e-10
step=378000, t=69.435638, dt=1.714e-04, KE=2.221814e-02, Mt=0.2068, A_K=0.160, Cuv=0.033, P_in=3.853e-05, P_tgt=3.858e-05, A_F=0.149, K_low=0.041, P_drag=-1.927e-04, P_cool=-2.426e-02, WENO=0.321, rho_mean=1.000000, p_mean=0.762803, div_rms=2.644e+00, vort_rms=5.251e-01, K_dil=0.842, mass_err=-8.843e-10
step=379000, t=69.615245, dt=1.935e-04, KE=2.199887e-02, Mt=0.2071, A_K=0.194, Cuv=0.063, P_in=3.663e-04, P_tgt=3.663e-04, A_F=0.085, K_low=0.044, P_drag=-1.967e-04, P_cool=-2.345e-02, WENO=0.303, rho_mean=1.000000, p_mean=0.761177, div_rms=2.558e+00, vort_rms=5.122e-01, K_dil=0.844, mass_err=-8.866e-10
step=380000, t=69.816689, dt=2.050e-04, KE=1.985380e-02, Mt=0.1985, A_K=0.129, Cuv=0.004, P_in=4.721e-03, P_tgt=4.756e-03, A_F=0.020, K_low=0.047, P_drag=-1.866e-04, P_cool=-2.300e-02, WENO=0.287, rho_mean=1.000000, p_mean=0.760284, div_rms=2.458e+00, vort_rms=4.943e-01, K_dil=0.830, mass_err=-8.890e-10
saved snapshot: results/hit2d/dilatational_Mt025_N512_CFL_0p05/hit2d_step0380000.npz
step=381000, t=70.016750, dt=1.931e-04, KE=2.115393e-02, Mt=0.2066, A_K=0.128, Cuv=-0.092, P_in=1.006e-01, P_tgt=1.007e-01, A_F=0.038, K_low=0.043, P_drag=-1.707e-04, P_cool=-2.314e-02, WENO=0.281, rho_mean=1.000000, p_mean=0.760565, div_rms=2.357e+00, vort_rms=4.816e-01, K_dil=0.844, mass_err=-8.913e-10
step=382000, t=70.204805, dt=1.811e-04, KE=3.614289e-02, Mt=0.2665, A_K=0.081, Cuv=-0.069, P_in=1.634e-01, P_tgt=1.634e-01, A_F=0.030, K_low=0.026, P_drag=-1.734e-04, P_cool=-2.558e-02, WENO=0.273, rho_mean=1.000000, p_mean=0.765449, div_rms=2.343e+00, vort_rms=4.899e-01, K_dil=0.907, mass_err=-8.936e-10
step=383000, t=70.386047, dt=1.781e-04, KE=3.075520e-02, Mt=0.2490, A_K=0.170, Cuv=0.186, P_in=1.145e-01, P_tgt=1.145e-01, A_F=0.018, K_low=0.028, P_drag=-1.640e-04, P_cool=-3.033e-02, WENO=0.281, rho_mean=1.000000, p_mean=0.774946, div_rms=2.251e+00, vort_rms=5.033e-01, K_dil=0.892, mass_err=-8.959e-10
step=384000, t=70.564330, dt=1.798e-04, KE=3.756597e-02, Mt=0.2736, A_K=0.067, Cuv=0.018, P_in=9.156e-02, P_tgt=9.155e-02, A_F=0.017, K_low=0.018, P_drag=-1.155e-04, P_cool=-3.180e-02, WENO=0.271, rho_mean=1.000000, p_mean=0.777884, div_rms=2.357e+00, vort_rms=5.043e-01, K_dil=0.910, mass_err=-8.983e-10
step=385000, t=70.745202, dt=1.818e-04, KE=5.160104e-02, Mt=0.3196, A_K=0.058, Cuv=-0.186, P_in=2.166e-02, P_tgt=2.159e-02, A_F=0.177, K_low=0.011, P_drag=-7.902e-05, P_cool=-2.983e-02, WENO=0.276, rho_mean=1.000000, p_mean=0.773950, div_rms=2.689e+00, vort_rms=5.093e-01, K_dil=0.934, mass_err=-9.006e-10
step=386000, t=70.918770, dt=1.746e-04, KE=5.634846e-02, Mt=0.3407, A_K=0.006, Cuv=-0.070, P_in=2.509e-03, P_tgt=2.491e-03, A_F=0.161, K_low=0.010, P_drag=-7.019e-05, P_cool=-2.821e-02, WENO=0.276, rho_mean=1.000000, p_mean=0.770700, div_rms=3.195e+00, vort_rms=5.486e-01, K_dil=0.941, mass_err=-9.029e-10
step=387000, t=71.086802, dt=1.621e-04, KE=5.990920e-02, Mt=0.3482, A_K=0.105, Cuv=0.036, P_in=2.245e-04, P_tgt=2.247e-04, A_F=0.004, K_low=0.009, P_drag=-7.594e-05, P_cool=-2.660e-02, WENO=0.278, rho_mean=1.000000, p_mean=0.767491, div_rms=3.738e+00, vort_rms=5.960e-01, K_dil=0.941, mass_err=-9.052e-10
step=388000, t=71.246309, dt=1.596e-04, KE=5.362170e-02, Mt=0.3272, A_K=0.070, Cuv=0.022, P_in=2.285e-05, P_tgt=2.286e-05, A_F=0.016, K_low=0.011, P_drag=-9.414e-05, P_cool=-2.701e-02, WENO=0.295, rho_mean=1.000000, p_mean=0.768300, div_rms=3.941e+00, vort_rms=6.479e-01, K_dil=0.929, mass_err=-9.075e-10
step=389000, t=71.407814, dt=1.568e-04, KE=4.557341e-02, Mt=0.2996, A_K=0.002, Cuv=-0.064, P_in=3.747e-06, P_tgt=3.760e-06, A_F=0.223, K_low=0.013, P_drag=-1.144e-04, P_cool=-2.772e-02, WENO=0.313, rho_mean=1.000000, p_mean=0.769736, div_rms=3.860e+00, vort_rms=7.129e-01, K_dil=0.911, mass_err=-9.098e-10
step=390000, t=71.544594, dt=1.369e-04, KE=4.215824e-02, Mt=0.2848, A_K=0.034, Cuv=-0.126, P_in=1.030e-06, P_tgt=1.017e-06, A_F=0.073, K_low=0.015, P_drag=-1.234e-04, P_cool=-2.764e-02, WENO=0.322, rho_mean=1.000000, p_mean=0.769571, div_rms=3.794e+00, vort_rms=7.542e-01, K_dil=0.901, mass_err=-9.121e-10
saved snapshot: results/hit2d/dilatational_Mt025_N512_CFL_0p05/hit2d_step0390000.npz
step=391000, t=71.691977, dt=1.527e-04, KE=4.261513e-02, Mt=0.2845, A_K=0.060, Cuv=-0.132, P_in=3.350e-07, P_tgt=3.294e-07, A_F=0.210, K_low=0.015, P_drag=-1.212e-04, P_cool=-2.674e-02, WENO=0.319, rho_mean=1.000000, p_mean=0.767773, div_rms=3.736e+00, vort_rms=7.339e-01, K_dil=0.902, mass_err=-9.144e-10
step=392000, t=71.853366, dt=1.695e-04, KE=3.592794e-02, Mt=0.2646, A_K=0.064, Cuv=-0.047, P_in=1.367e-07, P_tgt=1.366e-07, A_F=0.077, K_low=0.017, P_drag=-1.143e-04, P_cool=-2.721e-02, WENO=0.334, rho_mean=1.000000, p_mean=0.768699, div_rms=3.538e+00, vort_rms=6.911e-01, K_dil=0.891, mass_err=-9.167e-10
step=393000, t=72.030590, dt=1.764e-04, KE=3.163776e-02, Mt=0.2461, A_K=0.046, Cuv=0.019, P_in=1.157e-07, P_tgt=1.164e-07, A_F=0.076, K_low=0.019, P_drag=-1.102e-04, P_cool=-2.709e-02, WENO=0.347, rho_mean=1.000000, p_mean=0.768474, div_rms=3.367e+00, vort_rms=6.460e-01, K_dil=0.878, mass_err=-9.191e-10
step=394000, t=72.201658, dt=1.746e-04, KE=2.934770e-02, Mt=0.2351, A_K=0.068, Cuv=0.050, P_in=1.716e-07, P_tgt=1.716e-07, A_F=0.156, K_low=0.020, P_drag=-1.109e-04, P_cool=-2.663e-02, WENO=0.348, rho_mean=1.000000, p_mean=0.767544, div_rms=3.235e+00, vort_rms=6.123e-01, K_dil=0.869, mass_err=-9.214e-10
step=395000, t=72.381385, dt=1.852e-04, KE=2.821785e-02, Mt=0.2319, A_K=0.040, Cuv=0.027, P_in=3.776e-07, P_tgt=3.757e-07, A_F=0.106, K_low=0.023, P_drag=-1.270e-04, P_cool=-2.590e-02, WENO=0.352, rho_mean=1.000000, p_mean=0.766094, div_rms=3.085e+00, vort_rms=5.780e-01, K_dil=0.869, mass_err=-9.237e-10
step=396000, t=72.571548, dt=1.935e-04, KE=2.592016e-02, Mt=0.2224, A_K=0.025, Cuv=0.034, P_in=9.740e-07, P_tgt=9.765e-07, A_F=0.105, K_low=0.028, P_drag=-1.453e-04, P_cool=-2.539e-02, WENO=0.343, rho_mean=1.000000, p_mean=0.765059, div_rms=2.921e+00, vort_rms=5.499e-01, K_dil=0.863, mass_err=-9.260e-10
step=397000, t=72.765418, dt=1.935e-04, KE=2.173412e-02, Mt=0.2039, A_K=0.038, Cuv=0.080, P_in=6.482e-06, P_tgt=6.494e-06, A_F=0.017, K_low=0.034, P_drag=-1.508e-04, P_cool=-2.524e-02, WENO=0.336, rho_mean=1.000000, p_mean=0.764759, div_rms=2.756e+00, vort_rms=5.262e-01, K_dil=0.842, mass_err=-9.283e-10
step=398000, t=72.954383, dt=1.766e-04, KE=1.986326e-02, Mt=0.1939, A_K=0.067, Cuv=0.039, P_in=1.183e-04, P_tgt=1.187e-04, A_F=0.003, K_low=0.035, P_drag=-1.471e-04, P_cool=-2.466e-02, WENO=0.318, rho_mean=1.000000, p_mean=0.763613, div_rms=2.580e+00, vort_rms=5.148e-01, K_dil=0.829, mass_err=-9.307e-10
step=399000, t=73.126992, dt=1.730e-04, KE=1.992779e-02, Mt=0.1927, A_K=0.163, Cuv=-0.048, P_in=3.971e-03, P_tgt=3.976e-03, A_F=0.079, K_low=0.033, P_drag=-1.413e-04, P_cool=-2.384e-02, WENO=0.289, rho_mean=1.000000, p_mean=0.761975, div_rms=2.449e+00, vort_rms=5.081e-01, K_dil=0.826, mass_err=-9.330e-10
step=400000, t=73.313715, dt=1.852e-04, KE=2.270575e-02, Mt=0.2088, A_K=0.072, Cuv=-0.127, P_in=7.727e-02, P_tgt=7.724e-02, A_F=0.238, K_low=0.030, P_drag=-1.383e-04, P_cool=-2.342e-02, WENO=0.275, rho_mean=1.000000, p_mean=0.761132, div_rms=2.354e+00, vort_rms=5.071e-01, K_dil=0.849, mass_err=-9.354e-10
saved snapshot: results/hit2d/dilatational_Mt025_N512_CFL_0p05/hit2d_step0400000.npz
step=401000, t=73.501615, dt=1.947e-04, KE=3.366258e-02, Mt=0.2579, A_K=0.101, Cuv=-0.153, P_in=1.595e-01, P_tgt=1.594e-01, A_F=0.034, K_low=0.022, P_drag=-1.398e-04, P_cool=-2.564e-02, WENO=0.274, rho_mean=1.000000, p_mean=0.765564, div_rms=2.361e+00, vort_rms=5.046e-01, K_dil=0.901, mass_err=-9.377e-10
step=402000, t=73.695198, dt=1.927e-04, KE=2.983732e-02, Mt=0.2513, A_K=0.078, Cuv=-0.083, P_in=1.245e-01, P_tgt=1.245e-01, A_F=0.010, K_low=0.026, P_drag=-1.305e-04, P_cool=-3.062e-02, WENO=0.276, rho_mean=1.000000, p_mean=0.775522, div_rms=2.396e+00, vort_rms=5.105e-01, K_dil=0.896, mass_err=-9.400e-10
step=403000, t=73.890340, dt=1.780e-04, KE=3.593955e-02, Mt=0.2752, A_K=0.046, Cuv=-0.151, P_in=8.461e-02, P_tgt=8.453e-02, A_F=0.150, K_low=0.018, P_drag=-1.231e-04, P_cool=-3.252e-02, WENO=0.271, rho_mean=1.000000, p_mean=0.779322, div_rms=2.691e+00, vort_rms=5.269e-01, K_dil=0.914, mass_err=-9.423e-10
step=404000, t=74.062933, dt=1.691e-04, KE=4.649262e-02, Mt=0.3100, A_K=0.035, Cuv=-0.112, P_in=2.244e-02, P_tgt=2.253e-02, A_F=0.190, K_low=0.013, P_drag=-1.262e-04, P_cool=-3.103e-02, WENO=0.279, rho_mean=1.000000, p_mean=0.776350, div_rms=3.046e+00, vort_rms=5.929e-01, K_dil=0.933, mass_err=-9.446e-10
step=405000, t=74.206710, dt=1.249e-04, KE=5.382371e-02, Mt=0.3319, A_K=0.051, Cuv=-0.115, P_in=2.990e-03, P_tgt=2.995e-03, A_F=0.264, K_low=0.012, P_drag=-1.270e-04, P_cool=-2.900e-02, WENO=0.268, rho_mean=1.000000, p_mean=0.772292, div_rms=3.210e+00, vort_rms=6.917e-01, K_dil=0.940, mass_err=-9.469e-10
step=406000, t=74.347187, dt=1.552e-04, KE=5.444147e-02, Mt=0.3300, A_K=0.061, Cuv=-0.113, P_in=3.467e-04, P_tgt=3.462e-04, A_F=0.153, K_low=0.011, P_drag=-1.175e-04, P_cool=-2.811e-02, WENO=0.265, rho_mean=1.000000, p_mean=0.770496, div_rms=3.353e+00, vort_rms=7.081e-01, K_dil=0.938, mass_err=-9.492e-10
step=407000, t=74.509337, dt=1.705e-04, KE=5.238544e-02, Mt=0.3214, A_K=0.045, Cuv=-0.064, P_in=4.336e-05, P_tgt=4.346e-05, A_F=0.255, K_low=0.009, P_drag=-1.020e-04, P_cool=-2.761e-02, WENO=0.275, rho_mean=1.000000, p_mean=0.769511, div_rms=3.446e+00, vort_rms=7.133e-01, K_dil=0.933, mass_err=-9.515e-10
step=408000, t=74.668406, dt=1.578e-04, KE=4.819108e-02, Mt=0.3051, A_K=0.026, Cuv=0.001, P_in=6.976e-06, P_tgt=7.014e-06, A_F=0.117, K_low=0.009, P_drag=-9.315e-05, P_cool=-2.757e-02, WENO=0.286, rho_mean=1.000000, p_mean=0.769426, div_rms=3.517e+00, vort_rms=7.476e-01, K_dil=0.923, mass_err=-9.539e-10
step=409000, t=74.830423, dt=1.655e-04, KE=4.446688e-02, Mt=0.2899, A_K=0.030, Cuv=-0.019, P_in=1.682e-06, P_tgt=1.661e-06, A_F=0.110, K_low=0.010, P_drag=-9.528e-05, P_cool=-2.742e-02, WENO=0.303, rho_mean=1.000000, p_mean=0.769120, div_rms=3.532e+00, vort_rms=7.398e-01, K_dil=0.915, mass_err=-9.562e-10
step=410000, t=74.996796, dt=1.579e-04, KE=4.120840e-02, Mt=0.2799, A_K=0.038, Cuv=-0.141, P_in=5.032e-07, P_tgt=5.011e-07, A_F=0.362, K_low=0.011, P_drag=-1.114e-04, P_cool=-2.716e-02, WENO=0.300, rho_mean=1.000000, p_mean=0.768608, div_rms=3.539e+00, vort_rms=7.114e-01, K_dil=0.909, mass_err=-9.585e-10
saved snapshot: results/hit2d/dilatational_Mt025_N512_CFL_0p05/hit2d_step0410000.npz
step=411000, t=75.160532, dt=1.615e-04, KE=3.447519e-02, Mt=0.2542, A_K=0.001, Cuv=-0.118, P_in=2.831e-07, P_tgt=2.783e-07, A_F=0.200, K_low=0.017, P_drag=-1.372e-04, P_cool=-2.761e-02, WENO=0.313, rho_mean=1.000000, p_mean=0.769497, div_rms=3.429e+00, vort_rms=6.666e-01, K_dil=0.891, mass_err=-9.608e-10
step=412000, t=75.322259, dt=1.647e-04, KE=3.214769e-02, Mt=0.2453, A_K=0.044, Cuv=0.024, P_in=2.955e-07, P_tgt=2.972e-07, A_F=0.267, K_low=0.023, P_drag=-1.637e-04, P_cool=-2.718e-02, WENO=0.315, rho_mean=1.000000, p_mean=0.768642, div_rms=3.298e+00, vort_rms=6.277e-01, K_dil=0.886, mass_err=-9.631e-10
step=413000, t=75.495664, dt=1.806e-04, KE=3.233994e-02, Mt=0.2461, A_K=0.072, Cuv=0.040, P_in=3.604e-07, P_tgt=3.618e-07, A_F=0.327, K_low=0.027, P_drag=-1.860e-04, P_cool=-2.621e-02, WENO=0.330, rho_mean=1.000000, p_mean=0.766702, div_rms=3.170e+00, vort_rms=5.867e-01, K_dil=0.889, mass_err=-9.654e-10
step=414000, t=75.671664, dt=1.701e-04, KE=3.094338e-02, Mt=0.2429, A_K=0.020, Cuv=-0.072, P_in=4.270e-07, P_tgt=4.255e-07, A_F=0.103, K_low=0.031, P_drag=-1.981e-04, P_cool=-2.557e-02, WENO=0.323, rho_mean=1.000000, p_mean=0.765432, div_rms=3.051e+00, vort_rms=5.654e-01, K_dil=0.888, mass_err=-9.677e-10
step=415000, t=75.845044, dt=1.823e-04, KE=2.699652e-02, Mt=0.2258, A_K=0.070, Cuv=-0.046, P_in=8.425e-07, P_tgt=8.413e-07, A_F=0.091, K_low=0.035, P_drag=-1.963e-04, P_cool=-2.547e-02, WENO=0.317, rho_mean=1.000000, p_mean=0.765226, div_rms=2.908e+00, vort_rms=5.570e-01, K_dil=0.871, mass_err=-9.701e-10
step=416000, t=76.032997, dt=1.904e-04, KE=2.304629e-02, Mt=0.2076, A_K=0.008, Cuv=0.115, P_in=4.416e-06, P_tgt=4.413e-06, A_F=0.048, K_low=0.037, P_drag=-1.840e-04, P_cool=-2.530e-02, WENO=0.317, rho_mean=1.000000, p_mean=0.764883, div_rms=2.764e+00, vort_rms=5.469e-01, K_dil=0.849, mass_err=-9.724e-10
step=417000, t=76.212522, dt=1.890e-04, KE=2.041620e-02, Mt=0.1957, A_K=0.040, Cuv=0.048, P_in=6.969e-05, P_tgt=6.985e-05, A_F=0.012, K_low=0.038, P_drag=-1.711e-04, P_cool=-2.491e-02, WENO=0.314, rho_mean=1.000000, p_mean=0.764115, div_rms=2.619e+00, vort_rms=5.319e-01, K_dil=0.832, mass_err=-9.748e-10
step=418000, t=76.400239, dt=1.910e-04, KE=2.106497e-02, Mt=0.1970, A_K=0.004, Cuv=-0.137, P_in=1.513e-03, P_tgt=1.510e-03, A_F=0.084, K_low=0.034, P_drag=-1.590e-04, P_cool=-2.388e-02, WENO=0.295, rho_mean=1.000000, p_mean=0.762049, div_rms=2.510e+00, vort_rms=5.118e-01, K_dil=0.838, mass_err=-9.771e-10
step=419000, t=76.601853, dt=2.040e-04, KE=2.165893e-02, Mt=0.2021, A_K=0.012, Cuv=-0.109, P_in=2.931e-02, P_tgt=2.935e-02, A_F=0.045, K_low=0.032, P_drag=-1.528e-04, P_cool=-2.320e-02, WENO=0.288, rho_mean=1.000000, p_mean=0.760694, div_rms=2.385e+00, vort_rms=4.954e-01, K_dil=0.848, mass_err=-9.795e-10
step=420000, t=76.795879, dt=1.884e-04, KE=2.960107e-02, Mt=0.2415, A_K=0.122, Cuv=-0.085, P_in=1.352e-01, P_tgt=1.352e-01, A_F=0.106, K_low=0.023, P_drag=-1.405e-04, P_cool=-2.395e-02, WENO=0.273, rho_mean=1.000000, p_mean=0.762184, div_rms=2.354e+00, vort_rms=4.888e-01, K_dil=0.895, mass_err=-9.818e-10
saved snapshot: results/hit2d/dilatational_Mt025_N512_CFL_0p05/hit2d_step0420000.npz
step=421000, t=76.988884, dt=1.930e-04, KE=3.057311e-02, Mt=0.2515, A_K=0.108, Cuv=-0.209, P_in=1.284e-01, P_tgt=1.282e-01, A_F=0.013, K_low=0.023, P_drag=-1.253e-04, P_cool=-2.800e-02, WENO=0.278, rho_mean=1.000000, p_mean=0.770287, div_rms=2.334e+00, vort_rms=4.819e-01, K_dil=0.904, mass_err=-9.841e-10
step=422000, t=77.180271, dt=1.991e-04, KE=3.066617e-02, Mt=0.2549, A_K=0.046, Cuv=-0.180, P_in=1.341e-01, P_tgt=1.343e-01, A_F=0.137, K_low=0.024, P_drag=-1.192e-04, P_cool=-3.189e-02, WENO=0.287, rho_mean=1.000000, p_mean=0.778065, div_rms=2.383e+00, vort_rms=4.819e-01, K_dil=0.907, mass_err=-9.864e-10
step=423000, t=77.368556, dt=1.824e-04, KE=4.217355e-02, Mt=0.2914, A_K=0.035, Cuv=-0.283, P_in=5.892e-02, P_tgt=5.917e-02, A_F=0.113, K_low=0.018, P_drag=-1.353e-04, P_cool=-3.222e-02, WENO=0.272, rho_mean=1.000000, p_mean=0.778728, div_rms=2.717e+00, vort_rms=5.022e-01, K_dil=0.928, mass_err=-9.887e-10
step=424000, t=77.538310, dt=1.616e-04, KE=5.043547e-02, Mt=0.3195, A_K=0.044, Cuv=-0.342, P_in=1.176e-02, P_tgt=1.171e-02, A_F=0.030, K_low=0.016, P_drag=-1.363e-04, P_cool=-3.056e-02, WENO=0.269, rho_mean=1.000000, p_mean=0.775408, div_rms=3.087e+00, vort_rms=5.655e-01, K_dil=0.938, mass_err=-9.910e-10
step=425000, t=77.698119, dt=1.604e-04, KE=5.786580e-02, Mt=0.3391, A_K=0.015, Cuv=-0.164, P_in=1.327e-03, P_tgt=1.353e-03, A_F=0.132, K_low=0.013, P_drag=-1.320e-04, P_cool=-2.830e-02, WENO=0.251, rho_mean=1.000000, p_mean=0.770877, div_rms=3.422e+00, vort_rms=6.514e-01, K_dil=0.941, mass_err=-9.933e-10
step=426000, t=77.856934, dt=1.530e-04, KE=6.118751e-02, Mt=0.3457, A_K=0.048, Cuv=-0.027, P_in=1.301e-04, P_tgt=1.283e-04, A_F=0.085, K_low=0.010, P_drag=-1.308e-04, P_cool=-2.677e-02, WENO=0.255, rho_mean=1.000000, p_mean=0.767830, div_rms=3.663e+00, vort_rms=6.914e-01, K_dil=0.941, mass_err=-9.956e-10
step=427000, t=78.014820, dt=1.672e-04, KE=5.644836e-02, Mt=0.3307, A_K=0.029, Cuv=-0.068, P_in=1.273e-05, P_tgt=1.274e-05, A_F=0.057, K_low=0.012, P_drag=-1.407e-04, P_cool=-2.687e-02, WENO=0.255, rho_mean=1.000000, p_mean=0.768034, div_rms=3.755e+00, vort_rms=6.939e-01, K_dil=0.935, mass_err=-9.979e-10
step=428000, t=78.180527, dt=1.661e-04, KE=4.280715e-02, Mt=0.2850, A_K=0.001, Cuv=-0.168, P_in=2.332e-06, P_tgt=2.342e-06, A_F=0.083, K_low=0.017, P_drag=-1.567e-04, P_cool=-2.868e-02, WENO=0.265, rho_mean=1.000000, p_mean=0.771639, div_rms=3.738e+00, vort_rms=6.815e-01, K_dil=0.912, mass_err=-1.000e-09
step=429000, t=78.353528, dt=1.765e-04, KE=3.908217e-02, Mt=0.2683, A_K=0.035, Cuv=-0.202, P_in=1.059e-06, P_tgt=1.063e-06, A_F=0.070, K_low=0.019, P_drag=-1.637e-04, P_cool=-2.842e-02, WENO=0.267, rho_mean=1.000000, p_mean=0.771122, div_rms=3.659e+00, vort_rms=6.574e-01, K_dil=0.900, mass_err=-1.003e-09
step=430000, t=78.529777, dt=1.775e-04, KE=3.827649e-02, Mt=0.2647, A_K=0.035, Cuv=-0.160, P_in=5.602e-07, P_tgt=5.613e-07, A_F=0.200, K_low=0.020, P_drag=-1.679e-04, P_cool=-2.759e-02, WENO=0.277, rho_mean=1.000000, p_mean=0.769462, div_rms=3.527e+00, vort_rms=6.429e-01, K_dil=0.895, mass_err=-1.005e-09
saved snapshot: results/hit2d/dilatational_Mt025_N512_CFL_0p05/hit2d_step0430000.npz
step=431000, t=78.699644, dt=1.543e-04, KE=3.469980e-02, Mt=0.2517, A_K=0.079, Cuv=-0.133, P_in=4.056e-07, P_tgt=4.073e-07, A_F=0.065, K_low=0.022, P_drag=-1.695e-04, P_cool=-2.737e-02, WENO=0.288, rho_mean=1.000000, p_mean=0.769017, div_rms=3.362e+00, vort_rms=6.262e-01, K_dil=0.881, mass_err=-1.007e-09
step=432000, t=78.851080, dt=1.522e-04, KE=3.231536e-02, Mt=0.2439, A_K=0.093, Cuv=-0.085, P_in=4.539e-07, P_tgt=4.515e-07, A_F=0.025, K_low=0.023, P_drag=-1.661e-04, P_cool=-2.701e-02, WENO=0.299, rho_mean=1.000000, p_mean=0.768314, div_rms=3.224e+00, vort_rms=6.193e-01, K_dil=0.873, mass_err=-1.010e-09
step=433000, t=79.009180, dt=1.638e-04, KE=2.972851e-02, Mt=0.2348, A_K=0.071, Cuv=-0.123, P_in=6.717e-07, P_tgt=6.708e-07, A_F=0.106, K_low=0.026, P_drag=-1.660e-04, P_cool=-2.668e-02, WENO=0.314, rho_mean=1.000000, p_mean=0.767644, div_rms=3.100e+00, vort_rms=5.931e-01, K_dil=0.864, mass_err=-1.012e-09
step=434000, t=79.176019, dt=1.707e-04, KE=2.592679e-02, Mt=0.2188, A_K=0.056, Cuv=-0.024, P_in=1.962e-06, P_tgt=1.942e-06, A_F=0.144, K_low=0.029, P_drag=-1.680e-04, P_cool=-2.655e-02, WENO=0.321, rho_mean=1.000000, p_mean=0.767377, div_rms=2.939e+00, vort_rms=5.766e-01, K_dil=0.844, mass_err=-1.014e-09
step=435000, t=79.344485, dt=1.643e-04, KE=2.416080e-02, Mt=0.2097, A_K=0.021, Cuv=0.046, P_in=1.273e-05, P_tgt=1.266e-05, A_F=0.224, K_low=0.032, P_drag=-1.716e-04, P_cool=-2.601e-02, WENO=0.327, rho_mean=1.000000, p_mean=0.766298, div_rms=2.796e+00, vort_rms=5.581e-01, K_dil=0.836, mass_err=-1.017e-09
step=436000, t=79.517245, dt=1.914e-04, KE=2.326469e-02, Mt=0.2059, A_K=0.041, Cuv=0.067, P_in=1.160e-04, P_tgt=1.196e-04, A_F=0.189, K_low=0.037, P_drag=-1.843e-04, P_cool=-2.529e-02, WENO=0.336, rho_mean=1.000000, p_mean=0.764875, div_rms=2.702e+00, vort_rms=5.493e-01, K_dil=0.834, mass_err=-1.019e-09
step=437000, t=79.707932, dt=1.930e-04, KE=2.231089e-02, Mt=0.2033, A_K=0.008, Cuv=0.003, P_in=1.283e-03, P_tgt=1.267e-03, A_F=0.082, K_low=0.042, P_drag=-1.970e-04, P_cool=-2.455e-02, WENO=0.325, rho_mean=1.000000, p_mean=0.763382, div_rms=2.585e+00, vort_rms=5.295e-01, K_dil=0.832, mass_err=-1.021e-09
step=438000, t=79.905898, dt=2.041e-04, KE=2.041476e-02, Mt=0.1944, A_K=0.079, Cuv=-0.040, P_in=2.633e-02, P_tgt=2.628e-02, A_F=0.358, K_low=0.049, P_drag=-2.081e-04, P_cool=-2.427e-02, WENO=0.315, rho_mean=1.000000, p_mean=0.762820, div_rms=2.453e+00, vort_rms=5.061e-01, K_dil=0.815, mass_err=-1.024e-09
step=439000, t=80.105111, dt=1.932e-04, KE=3.279799e-02, Mt=0.2496, A_K=0.023, Cuv=-0.092, P_in=1.712e-01, P_tgt=1.712e-01, A_F=0.253, K_low=0.032, P_drag=-2.188e-04, P_cool=-2.496e-02, WENO=0.291, rho_mean=1.000000, p_mean=0.764202, div_rms=2.425e+00, vort_rms=4.960e-01, K_dil=0.885, mass_err=-1.026e-09
step=440000, t=80.283993, dt=1.794e-04, KE=3.587921e-02, Mt=0.2640, A_K=0.078, Cuv=-0.001, P_in=9.918e-02, P_tgt=9.921e-02, A_F=0.218, K_low=0.028, P_drag=-2.103e-04, P_cool=-2.835e-02, WENO=0.284, rho_mean=1.000000, p_mean=0.770982, div_rms=2.397e+00, vort_rms=5.102e-01, K_dil=0.891, mass_err=-1.028e-09
saved snapshot: results/hit2d/dilatational_Mt025_N512_CFL_0p05/hit2d_step0440000.npz
step=441000, t=80.474593, dt=1.928e-04, KE=3.185636e-02, Mt=0.2509, A_K=0.022, Cuv=-0.135, P_in=9.089e-02, P_tgt=9.078e-02, A_F=0.233, K_low=0.029, P_drag=-1.847e-04, P_cool=-3.143e-02, WENO=0.294, rho_mean=1.000000, p_mean=0.777137, div_rms=2.466e+00, vort_rms=5.105e-01, K_dil=0.878, mass_err=-1.031e-09
step=442000, t=80.662902, dt=1.763e-04, KE=4.479631e-02, Mt=0.2977, A_K=0.185, Cuv=-0.148, P_in=4.121e-02, P_tgt=4.097e-02, A_F=0.289, K_low=0.018, P_drag=-1.499e-04, P_cool=-3.034e-02, WENO=0.300, rho_mean=1.000000, p_mean=0.774964, div_rms=2.742e+00, vort_rms=5.088e-01, K_dil=0.916, mass_err=-1.033e-09
step=443000, t=80.826413, dt=1.510e-04, KE=4.890676e-02, Mt=0.3120, A_K=0.007, Cuv=-0.109, P_in=7.464e-03, P_tgt=7.438e-03, A_F=0.329, K_low=0.016, P_drag=-1.404e-04, P_cool=-2.921e-02, WENO=0.288, rho_mean=1.000000, p_mean=0.772709, div_rms=3.001e+00, vort_rms=5.266e-01, K_dil=0.927, mass_err=-1.035e-09
step=444000, t=80.990968, dt=1.775e-04, KE=5.105174e-02, Mt=0.3163, A_K=0.040, Cuv=-0.106, P_in=1.232e-03, P_tgt=1.229e-03, A_F=0.199, K_low=0.014, P_drag=-1.351e-04, P_cool=-2.794e-02, WENO=0.283, rho_mean=1.000000, p_mean=0.770173, div_rms=3.274e+00, vort_rms=5.471e-01, K_dil=0.933, mass_err=-1.037e-09
step=445000, t=81.160323, dt=1.637e-04, KE=5.549782e-02, Mt=0.3276, A_K=0.057, Cuv=-0.136, P_in=1.647e-04, P_tgt=1.649e-04, A_F=0.331, K_low=0.013, P_drag=-1.367e-04, P_cool=-2.615e-02, WENO=0.292, rho_mean=1.000000, p_mean=0.766594, div_rms=3.542e+00, vort_rms=5.621e-01, K_dil=0.940, mass_err=-1.040e-09
step=446000, t=81.325706, dt=1.625e-04, KE=4.719348e-02, Mt=0.3036, A_K=0.084, Cuv=-0.104, P_in=2.367e-05, P_tgt=2.366e-05, A_F=0.001, K_low=0.014, P_drag=-1.481e-04, P_cool=-2.694e-02, WENO=0.299, rho_mean=1.000000, p_mean=0.768172, div_rms=3.626e+00, vort_rms=5.869e-01, K_dil=0.931, mass_err=-1.042e-09
step=447000, t=81.490309, dt=1.747e-04, KE=3.566998e-02, Mt=0.2620, A_K=0.041, Cuv=0.025, P_in=8.402e-06, P_tgt=8.417e-06, A_F=0.043, K_low=0.019, P_drag=-1.610e-04, P_cool=-2.833e-02, WENO=0.318, rho_mean=1.000000, p_mean=0.770942, div_rms=3.564e+00, vort_rms=5.924e-01, K_dil=0.907, mass_err=-1.044e-09
step=448000, t=81.660920, dt=1.755e-04, KE=3.426423e-02, Mt=0.2527, A_K=0.031, Cuv=0.054, P_in=7.036e-06, P_tgt=7.093e-06, A_F=0.078, K_low=0.021, P_drag=-1.656e-04, P_cool=-2.765e-02, WENO=0.325, rho_mean=1.000000, p_mean=0.769576, div_rms=3.476e+00, vort_rms=5.710e-01, K_dil=0.901, mass_err=-1.047e-09
step=449000, t=81.834613, dt=1.742e-04, KE=3.474190e-02, Mt=0.2529, A_K=0.012, Cuv=-0.042, P_in=5.878e-06, P_tgt=5.809e-06, A_F=0.002, K_low=0.021, P_drag=-1.663e-04, P_cool=-2.661e-02, WENO=0.323, rho_mean=1.000000, p_mean=0.767499, div_rms=3.378e+00, vort_rms=5.605e-01, K_dil=0.904, mass_err=-1.049e-09
step=450000, t=82.006659, dt=1.542e-04, KE=3.078993e-02, Mt=0.2389, A_K=0.032, Cuv=-0.130, P_in=7.095e-06, P_tgt=7.099e-06, A_F=0.061, K_low=0.025, P_drag=-1.754e-04, P_cool=-2.648e-02, WENO=0.341, rho_mean=1.000000, p_mean=0.767239, div_rms=3.170e+00, vort_rms=5.495e-01, K_dil=0.896, mass_err=-1.051e-09
saved snapshot: results/hit2d/dilatational_Mt025_N512_CFL_0p05/hit2d_step0450000.npz
step=451000, t=82.154821, dt=1.520e-04, KE=3.098421e-02, Mt=0.2385, A_K=0.003, Cuv=-0.102, P_in=1.179e-05, P_tgt=1.184e-05, A_F=0.009, K_low=0.027, P_drag=-1.817e-04, P_cool=-2.566e-02, WENO=0.346, rho_mean=1.000000, p_mean=0.765604, div_rms=3.034e+00, vort_rms=5.508e-01, K_dil=0.897, mass_err=-1.054e-09
step=452000, t=82.307406, dt=1.653e-04, KE=2.927613e-02, Mt=0.2326, A_K=0.018, Cuv=-0.023, P_in=2.047e-05, P_tgt=2.048e-05, A_F=0.021, K_low=0.030, P_drag=-1.843e-04, P_cool=-2.522e-02, WENO=0.329, rho_mean=1.000000, p_mean=0.764731, div_rms=2.950e+00, vort_rms=5.418e-01, K_dil=0.894, mass_err=-1.056e-09
step=453000, t=82.481458, dt=1.870e-04, KE=2.294149e-02, Mt=0.2085, A_K=0.061, Cuv=-0.075, P_in=8.107e-05, P_tgt=8.127e-05, A_F=0.053, K_low=0.041, P_drag=-1.896e-04, P_cool=-2.560e-02, WENO=0.328, rho_mean=1.000000, p_mean=0.765485, div_rms=2.822e+00, vort_rms=5.004e-01, K_dil=0.871, mass_err=-1.058e-09
step=454000, t=82.679159, dt=2.000e-04, KE=1.836806e-02, Mt=0.1848, A_K=0.070, Cuv=-0.130, P_in=2.219e-03, P_tgt=2.184e-03, A_F=0.257, K_low=0.055, P_drag=-1.989e-04, P_cool=-2.551e-02, WENO=0.330, rho_mean=1.000000, p_mean=0.765313, div_rms=2.669e+00, vort_rms=4.711e-01, K_dil=0.838, mass_err=-1.061e-09
step=455000, t=82.873214, dt=1.875e-04, KE=2.287788e-02, Mt=0.2082, A_K=0.051, Cuv=-0.098, P_in=7.700e-02, P_tgt=7.730e-02, A_F=0.128, K_low=0.045, P_drag=-2.052e-04, P_cool=-2.459e-02, WENO=0.310, rho_mean=1.000000, p_mean=0.763473, div_rms=2.549e+00, vort_rms=4.566e-01, K_dil=0.872, mass_err=-1.063e-09
step=456000, t=83.057152, dt=1.704e-04, KE=3.665504e-02, Mt=0.2665, A_K=0.016, Cuv=-0.014, P_in=1.199e-01, P_tgt=1.200e-01, A_F=0.013, K_low=0.029, P_drag=-1.999e-04, P_cool=-2.549e-02, WENO=0.292, rho_mean=1.000000, p_mean=0.765264, div_rms=2.511e+00, vort_rms=4.538e-01, K_dil=0.922, mass_err=-1.065e-09
step=457000, t=83.229772, dt=1.926e-04, KE=3.043513e-02, Mt=0.2471, A_K=0.022, Cuv=0.001, P_in=7.971e-02, P_tgt=7.953e-02, A_F=0.033, K_low=0.035, P_drag=-1.965e-04, P_cool=-2.895e-02, WENO=0.294, rho_mean=1.000000, p_mean=0.772193, div_rms=2.429e+00, vort_rms=4.543e-01, K_dil=0.908, mass_err=-1.068e-09
step=458000, t=83.428792, dt=1.945e-04, KE=3.348347e-02, Mt=0.2589, A_K=0.062, Cuv=-0.022, P_in=8.567e-02, P_tgt=8.574e-02, A_F=0.214, K_low=0.029, P_drag=-1.715e-04, P_cool=-3.058e-02, WENO=0.293, rho_mean=1.000000, p_mean=0.775438, div_rms=2.575e+00, vort_rms=4.480e-01, K_dil=0.917, mass_err=-1.070e-09
step=459000, t=83.621355, dt=1.851e-04, KE=4.171810e-02, Mt=0.2857, A_K=0.051, Cuv=-0.133, P_in=3.831e-02, P_tgt=3.830e-02, A_F=0.136, K_low=0.024, P_drag=-1.451e-04, P_cool=-3.017e-02, WENO=0.295, rho_mean=1.000000, p_mean=0.774626, div_rms=2.771e+00, vort_rms=4.569e-01, K_dil=0.934, mass_err=-1.072e-09
step=460000, t=83.801671, dt=1.847e-04, KE=4.685437e-02, Mt=0.3068, A_K=0.127, Cuv=-0.070, P_in=8.907e-03, P_tgt=8.993e-03, A_F=0.019, K_low=0.021, P_drag=-1.252e-04, P_cool=-2.884e-02, WENO=0.284, rho_mean=1.000000, p_mean=0.771966, div_rms=2.985e+00, vort_rms=5.030e-01, K_dil=0.945, mass_err=-1.075e-09
saved snapshot: results/hit2d/dilatational_Mt025_N512_CFL_0p05/hit2d_step0460000.npz
step=461000, t=83.977065, dt=1.698e-04, KE=5.088509e-02, Mt=0.3159, A_K=0.010, Cuv=0.015, P_in=1.470e-03, P_tgt=1.471e-03, A_F=0.010, K_low=0.016, P_drag=-1.089e-04, P_cool=-2.720e-02, WENO=0.283, rho_mean=1.000000, p_mean=0.768688, div_rms=3.231e+00, vort_rms=5.358e-01, K_dil=0.948, mass_err=-1.077e-09
step=462000, t=84.139915, dt=1.584e-04, KE=5.212166e-02, Mt=0.3130, A_K=0.095, Cuv=-0.051, P_in=2.269e-04, P_tgt=2.275e-04, A_F=0.040, K_low=0.014, P_drag=-1.145e-04, P_cool=-2.611e-02, WENO=0.285, rho_mean=1.000000, p_mean=0.766500, div_rms=3.299e+00, vort_rms=5.977e-01, K_dil=0.944, mass_err=-1.079e-09
step=463000, t=84.304045, dt=1.577e-04, KE=4.736638e-02, Mt=0.3010, A_K=0.071, Cuv=-0.194, P_in=4.191e-05, P_tgt=4.168e-05, A_F=0.087, K_low=0.017, P_drag=-1.298e-04, P_cool=-2.620e-02, WENO=0.296, rho_mean=1.000000, p_mean=0.766689, div_rms=3.424e+00, vort_rms=6.008e-01, K_dil=0.939, mass_err=-1.082e-09
step=464000, t=84.453561, dt=1.538e-04, KE=3.801673e-02, Mt=0.2710, A_K=0.022, Cuv=-0.210, P_in=1.266e-05, P_tgt=1.259e-05, A_F=0.025, K_low=0.022, P_drag=-1.411e-04, P_cool=-2.727e-02, WENO=0.313, rho_mean=1.000000, p_mean=0.768824, div_rms=3.407e+00, vort_rms=6.042e-01, K_dil=0.923, mass_err=-1.084e-09
step=465000, t=84.615949, dt=1.718e-04, KE=3.313673e-02, Mt=0.2493, A_K=0.017, Cuv=-0.091, P_in=9.316e-06, P_tgt=9.357e-06, A_F=0.065, K_low=0.024, P_drag=-1.447e-04, P_cool=-2.735e-02, WENO=0.326, rho_mean=1.000000, p_mean=0.768985, div_rms=3.376e+00, vort_rms=5.749e-01, K_dil=0.909, mass_err=-1.086e-09
step=466000, t=84.785952, dt=1.776e-04, KE=3.505413e-02, Mt=0.2534, A_K=0.059, Cuv=-0.010, P_in=9.445e-06, P_tgt=9.423e-06, A_F=0.048, K_low=0.021, P_drag=-1.371e-04, P_cool=-2.605e-02, WENO=0.326, rho_mean=1.000000, p_mean=0.766389, div_rms=3.345e+00, vort_rms=5.495e-01, K_dil=0.913, mass_err=-1.089e-09
step=467000, t=84.968354, dt=1.839e-04, KE=3.537743e-02, Mt=0.2578, A_K=0.071, Cuv=-0.036, P_in=7.095e-06, P_tgt=7.117e-06, A_F=0.002, K_low=0.019, P_drag=-1.248e-04, P_cool=-2.505e-02, WENO=0.336, rho_mean=1.000000, p_mean=0.764393, div_rms=3.274e+00, vort_rms=5.244e-01, K_dil=0.917, mass_err=-1.091e-09
step=468000, t=85.138617, dt=1.596e-04, KE=3.106005e-02, Mt=0.2440, A_K=0.043, Cuv=0.017, P_in=6.722e-06, P_tgt=6.680e-06, A_F=0.171, K_low=0.021, P_drag=-1.159e-04, P_cool=-2.506e-02, WENO=0.337, rho_mean=1.000000, p_mean=0.764407, div_rms=3.144e+00, vort_rms=5.140e-01, K_dil=0.910, mass_err=-1.093e-09
step=469000, t=85.314489, dt=1.789e-04, KE=2.606347e-02, Mt=0.2220, A_K=0.034, Cuv=0.107, P_in=1.257e-05, P_tgt=1.480e-05, A_F=0.322, K_low=0.023, P_drag=-1.105e-04, P_cool=-2.517e-02, WENO=0.343, rho_mean=1.000000, p_mean=0.764627, div_rms=3.022e+00, vort_rms=4.933e-01, K_dil=0.893, mass_err=-1.096e-09
step=470000, t=85.491137, dt=1.758e-04, KE=2.346193e-02, Mt=0.2110, A_K=0.030, Cuv=0.086, P_in=7.979e-05, P_tgt=7.974e-05, A_F=0.200, K_low=0.025, P_drag=-1.108e-04, P_cool=-2.481e-02, WENO=0.342, rho_mean=1.000000, p_mean=0.763897, div_rms=2.908e+00, vort_rms=4.857e-01, K_dil=0.882, mass_err=-1.098e-09
saved snapshot: results/hit2d/dilatational_Mt025_N512_CFL_0p05/hit2d_step0470000.npz
step=471000, t=85.662675, dt=1.559e-04, KE=2.202714e-02, Mt=0.2043, A_K=0.029, Cuv=0.005, P_in=7.835e-04, P_tgt=7.805e-04, A_F=0.312, K_low=0.028, P_drag=-1.154e-04, P_cool=-2.426e-02, WENO=0.330, rho_mean=1.000000, p_mean=0.762798, div_rms=2.769e+00, vort_rms=4.803e-01, K_dil=0.875, mass_err=-1.100e-09
step=472000, t=85.821062, dt=1.610e-04, KE=2.179390e-02, Mt=0.2024, A_K=0.005, Cuv=-0.059, P_in=1.051e-02, P_tgt=1.053e-02, A_F=0.334, K_low=0.029, P_drag=-1.208e-04, P_cool=-2.366e-02, WENO=0.327, rho_mean=1.000000, p_mean=0.761605, div_rms=2.662e+00, vort_rms=4.760e-01, K_dil=0.875, mass_err=-1.103e-09
step=473000, t=85.989127, dt=1.789e-04, KE=2.650065e-02, Mt=0.2248, A_K=0.016, Cuv=-0.093, P_in=8.405e-02, P_tgt=8.400e-02, A_F=0.017, K_low=0.024, P_drag=-1.236e-04, P_cool=-2.331e-02, WENO=0.323, rho_mean=1.000000, p_mean=0.760897, div_rms=2.605e+00, vort_rms=4.602e-01, K_dil=0.901, mass_err=-1.105e-09
step=474000, t=86.170696, dt=1.862e-04, KE=3.183628e-02, Mt=0.2499, A_K=0.036, Cuv=-0.033, P_in=1.205e-01, P_tgt=1.207e-01, A_F=0.163, K_low=0.022, P_drag=-1.296e-04, P_cool=-2.542e-02, WENO=0.309, rho_mean=1.000000, p_mean=0.765127, div_rms=2.608e+00, vort_rms=4.550e-01, K_dil=0.920, mass_err=-1.107e-09
step=475000, t=86.358942, dt=1.927e-04, KE=3.040831e-02, Mt=0.2486, A_K=0.028, Cuv=0.021, P_in=1.304e-01, P_tgt=1.301e-01, A_F=0.025, K_low=0.025, P_drag=-1.280e-04, P_cool=-2.936e-02, WENO=0.302, rho_mean=1.000000, p_mean=0.773003, div_rms=2.585e+00, vort_rms=4.539e-01, K_dil=0.920, mass_err=-1.110e-09
step=476000, t=86.544887, dt=1.765e-04, KE=3.550809e-02, Mt=0.2674, A_K=0.072, Cuv=-0.083, P_in=1.012e-01, P_tgt=1.014e-01, A_F=0.073, K_low=0.021, P_drag=-1.236e-04, P_cool=-3.175e-02, WENO=0.309, rho_mean=1.000000, p_mean=0.777793, div_rms=2.676e+00, vort_rms=4.579e-01, K_dil=0.930, mass_err=-1.112e-09
step=477000, t=86.723581, dt=1.733e-04, KE=4.478433e-02, Mt=0.2988, A_K=0.105, Cuv=-0.082, P_in=3.417e-02, P_tgt=3.419e-02, A_F=0.007, K_low=0.017, P_drag=-1.196e-04, P_cool=-3.116e-02, WENO=0.297, rho_mean=1.000000, p_mean=0.776608, div_rms=2.913e+00, vort_rms=4.641e-01, K_dil=0.943, mass_err=-1.114e-09
step=478000, t=86.899289, dt=1.808e-04, KE=5.290367e-02, Mt=0.3278, A_K=0.065, Cuv=0.042, P_in=5.634e-03, P_tgt=5.582e-03, A_F=0.075, K_low=0.015, P_drag=-1.429e-04, P_cool=-2.905e-02, WENO=0.271, rho_mean=1.000000, p_mean=0.772381, div_rms=3.308e+00, vort_rms=4.947e-01, K_dil=0.949, mass_err=-1.117e-09
step=479000, t=87.068966, dt=1.566e-04, KE=5.776819e-02, Mt=0.3377, A_K=0.027, Cuv=-0.015, P_in=6.166e-04, P_tgt=6.043e-04, A_F=0.163, K_low=0.015, P_drag=-1.768e-04, P_cool=-2.719e-02, WENO=0.266, rho_mean=1.000000, p_mean=0.768673, div_rms=3.637e+00, vort_rms=5.521e-01, K_dil=0.948, mass_err=-1.119e-09
step=480000, t=87.217190, dt=1.377e-04, KE=5.544511e-02, Mt=0.3303, A_K=0.015, Cuv=-0.124, P_in=6.638e-05, P_tgt=6.629e-05, A_F=0.167, K_low=0.018, P_drag=-2.039e-04, P_cool=-2.686e-02, WENO=0.278, rho_mean=1.000000, p_mean=0.768001, div_rms=3.722e+00, vort_rms=6.117e-01, K_dil=0.942, mass_err=-1.121e-09
saved snapshot: results/hit2d/dilatational_Mt025_N512_CFL_0p05/hit2d_step0480000.npz
step=481000, t=87.343607, dt=1.320e-04, KE=4.957684e-02, Mt=0.3106, A_K=0.065, Cuv=-0.202, P_in=9.066e-06, P_tgt=9.068e-06, A_F=0.040, K_low=0.023, P_drag=-2.199e-04, P_cool=-2.734e-02, WENO=0.274, rho_mean=1.000000, p_mean=0.768970, div_rms=3.739e+00, vort_rms=6.339e-01, K_dil=0.931, mass_err=-1.123e-09
step=482000, t=87.496299, dt=1.625e-04, KE=3.961078e-02, Mt=0.2735, A_K=0.075, Cuv=-0.159, P_in=2.500e-06, P_tgt=2.456e-06, A_F=0.024, K_low=0.029, P_drag=-2.232e-04, P_cool=-2.847e-02, WENO=0.279, rho_mean=1.000000, p_mean=0.771232, div_rms=3.711e+00, vort_rms=6.341e-01, K_dil=0.904, mass_err=-1.126e-09
step=483000, t=87.658990, dt=1.524e-04, KE=3.625065e-02, Mt=0.2589, A_K=0.021, Cuv=-0.097, P_in=1.556e-06, P_tgt=1.525e-06, A_F=0.280, K_low=0.028, P_drag=-2.100e-04, P_cool=-2.821e-02, WENO=0.285, rho_mean=1.000000, p_mean=0.770706, div_rms=3.572e+00, vort_rms=6.236e-01, K_dil=0.891, mass_err=-1.128e-09
step=484000, t=87.810647, dt=1.535e-04, KE=3.798834e-02, Mt=0.2644, A_K=0.049, Cuv=-0.115, P_in=9.804e-07, P_tgt=9.871e-07, A_F=0.267, K_low=0.025, P_drag=-1.971e-04, P_cool=-2.702e-02, WENO=0.280, rho_mean=1.000000, p_mean=0.768320, div_rms=3.459e+00, vort_rms=6.028e-01, K_dil=0.896, mass_err=-1.130e-09
step=485000, t=87.974581, dt=1.779e-04, KE=3.587990e-02, Mt=0.2574, A_K=0.067, Cuv=-0.129, P_in=6.531e-07, P_tgt=6.260e-07, A_F=0.105, K_low=0.025, P_drag=-1.803e-04, P_cool=-2.656e-02, WENO=0.279, rho_mean=1.000000, p_mean=0.767396, div_rms=3.317e+00, vort_rms=5.832e-01, K_dil=0.892, mass_err=-1.133e-09
step=486000, t=88.151589, dt=1.706e-04, KE=2.881462e-02, Mt=0.2318, A_K=0.071, Cuv=-0.096, P_in=7.914e-07, P_tgt=7.879e-07, A_F=0.157, K_low=0.026, P_drag=-1.574e-04, P_cool=-2.701e-02, WENO=0.289, rho_mean=1.000000, p_mean=0.768307, div_rms=3.120e+00, vort_rms=5.628e-01, K_dil=0.868, mass_err=-1.135e-09
step=487000, t=88.315820, dt=1.568e-04, KE=2.578466e-02, Mt=0.2169, A_K=0.104, Cuv=-0.037, P_in=2.835e-06, P_tgt=2.838e-06, A_F=0.163, K_low=0.026, P_drag=-1.455e-04, P_cool=-2.673e-02, WENO=0.291, rho_mean=1.000000, p_mean=0.767738, div_rms=2.962e+00, vort_rms=5.411e-01, K_dil=0.849, mass_err=-1.137e-09
step=488000, t=88.481625, dt=1.809e-04, KE=2.574163e-02, Mt=0.2168, A_K=0.128, Cuv=-0.062, P_in=1.521e-05, P_tgt=1.519e-05, A_F=0.117, K_low=0.028, P_drag=-1.536e-04, P_cool=-2.586e-02, WENO=0.286, rho_mean=1.000000, p_mean=0.765999, div_rms=2.873e+00, vort_rms=5.162e-01, K_dil=0.849, mass_err=-1.140e-09
step=489000, t=88.669076, dt=1.748e-04, KE=2.353278e-02, Mt=0.2096, A_K=0.091, Cuv=-0.105, P_in=1.075e-04, P_tgt=1.056e-04, A_F=0.199, K_low=0.035, P_drag=-1.738e-04, P_cool=-2.533e-02, WENO=0.285, rho_mean=1.000000, p_mean=0.764949, div_rms=2.701e+00, vort_rms=4.957e-01, K_dil=0.838, mass_err=-1.142e-09
step=490000, t=88.838447, dt=1.714e-04, KE=2.099573e-02, Mt=0.1981, A_K=0.215, Cuv=-0.126, P_in=1.239e-03, P_tgt=1.236e-03, A_F=0.050, K_low=0.043, P_drag=-1.937e-04, P_cool=-2.500e-02, WENO=0.289, rho_mean=1.000000, p_mean=0.764277, div_rms=2.575e+00, vort_rms=4.862e-01, K_dil=0.818, mass_err=-1.144e-09
saved snapshot: results/hit2d/dilatational_Mt025_N512_CFL_0p05/hit2d_step0490000.npz
step=491000, t=89.013929, dt=1.709e-04, KE=2.110934e-02, Mt=0.1971, A_K=0.121, Cuv=-0.140, P_in=2.978e-02, P_tgt=2.975e-02, A_F=0.165, K_low=0.048, P_drag=-2.147e-04, P_cool=-2.441e-02, WENO=0.280, rho_mean=1.000000, p_mean=0.763111, div_rms=2.457e+00, vort_rms=4.781e-01, K_dil=0.818, mass_err=-1.147e-09
step=492000, t=89.187718, dt=1.783e-04, KE=3.405358e-02, Mt=0.2510, A_K=0.038, Cuv=-0.284, P_in=1.427e-01, P_tgt=1.427e-01, A_F=0.022, K_low=0.033, P_drag=-2.411e-04, P_cool=-2.429e-02, WENO=0.275, rho_mean=1.000000, p_mean=0.762873, div_rms=2.475e+00, vort_rms=4.673e-01, K_dil=0.889, mass_err=-1.149e-09
step=493000, t=89.376442, dt=1.955e-04, KE=3.284625e-02, Mt=0.2521, A_K=0.030, Cuv=-0.264, P_in=9.660e-02, P_tgt=9.664e-02, A_F=0.073, K_low=0.036, P_drag=-2.596e-04, P_cool=-2.800e-02, WENO=0.281, rho_mean=1.000000, p_mean=0.770279, div_rms=2.434e+00, vort_rms=4.590e-01, K_dil=0.890, mass_err=-1.151e-09
step=494000, t=89.563738, dt=1.815e-04, KE=3.270053e-02, Mt=0.2529, A_K=0.066, Cuv=-0.051, P_in=1.186e-01, P_tgt=1.185e-01, A_F=0.064, K_low=0.036, P_drag=-2.583e-04, P_cool=-3.092e-02, WENO=0.281, rho_mean=1.000000, p_mean=0.776121, div_rms=2.514e+00, vort_rms=4.628e-01, K_dil=0.892, mass_err=-1.154e-09
step=495000, t=89.737449, dt=1.772e-04, KE=4.244606e-02, Mt=0.2879, A_K=0.137, Cuv=-0.111, P_in=5.487e-02, P_tgt=5.484e-02, A_F=0.161, K_low=0.027, P_drag=-2.370e-04, P_cool=-3.104e-02, WENO=0.281, rho_mean=1.000000, p_mean=0.776360, div_rms=2.692e+00, vort_rms=4.801e-01, K_dil=0.916, mass_err=-1.156e-09
step=496000, t=89.906889, dt=1.603e-04, KE=5.295756e-02, Mt=0.3189, A_K=0.055, Cuv=-0.150, P_in=1.128e-02, P_tgt=1.128e-02, A_F=0.014, K_low=0.023, P_drag=-2.327e-04, P_cool=-2.889e-02, WENO=0.281, rho_mean=1.000000, p_mean=0.772075, div_rms=2.983e+00, vort_rms=5.119e-01, K_dil=0.930, mass_err=-1.158e-09
step=497000, t=90.061085, dt=1.523e-04, KE=5.692500e-02, Mt=0.3350, A_K=0.001, Cuv=-0.053, P_in=1.360e-03, P_tgt=1.339e-03, A_F=0.086, K_low=0.021, P_drag=-2.324e-04, P_cool=-2.738e-02, WENO=0.274, rho_mean=1.000000, p_mean=0.769036, div_rms=3.263e+00, vort_rms=5.708e-01, K_dil=0.934, mass_err=-1.161e-09
step=498000, t=90.213522, dt=1.532e-04, KE=5.194256e-02, Mt=0.3180, A_K=0.045, Cuv=0.039, P_in=1.625e-04, P_tgt=1.622e-04, A_F=0.042, K_low=0.020, P_drag=-2.237e-04, P_cool=-2.755e-02, WENO=0.278, rho_mean=1.000000, p_mean=0.769382, div_rms=3.370e+00, vort_rms=6.545e-01, K_dil=0.927, mass_err=-1.163e-09
step=499000, t=90.371237, dt=1.628e-04, KE=4.417455e-02, Mt=0.2890, A_K=0.114, Cuv=0.018, P_in=3.336e-05, P_tgt=3.336e-05, A_F=0.020, K_low=0.021, P_drag=-2.088e-04, P_cool=-2.821e-02, WENO=0.289, rho_mean=1.000000, p_mean=0.770715, div_rms=3.430e+00, vort_rms=6.745e-01, K_dil=0.912, mass_err=-1.165e-09
step=500000, t=90.539780, dt=1.753e-04, KE=4.088007e-02, Mt=0.2729, A_K=0.076, Cuv=-0.096, P_in=1.224e-05, P_tgt=1.228e-05, A_F=0.176, K_low=0.020, P_drag=-1.905e-04, P_cool=-2.792e-02, WENO=0.296, rho_mean=1.000000, p_mean=0.770122, div_rms=3.460e+00, vort_rms=6.386e-01, K_dil=0.901, mass_err=-1.168e-09
saved snapshot: results/hit2d/dilatational_Mt025_N512_CFL_0p05/hit2d_step0500000.npz
step=501000, t=90.712587, dt=1.726e-04, KE=3.923147e-02, Mt=0.2692, A_K=0.081, Cuv=-0.152, P_in=6.097e-06, P_tgt=6.024e-06, A_F=0.184, K_low=0.018, P_drag=-1.701e-04, P_cool=-2.729e-02, WENO=0.305, rho_mean=1.000000, p_mean=0.768858, div_rms=3.437e+00, vort_rms=6.083e-01, K_dil=0.896, mass_err=-1.170e-09
step=502000, t=90.893136, dt=1.805e-04, KE=3.868008e-02, Mt=0.2669, A_K=0.102, Cuv=-0.015, P_in=3.013e-06, P_tgt=3.008e-06, A_F=0.335, K_low=0.016, P_drag=-1.502e-04, P_cool=-2.642e-02, WENO=0.300, rho_mean=1.000000, p_mean=0.767132, div_rms=3.413e+00, vort_rms=5.812e-01, K_dil=0.894, mass_err=-1.172e-09
step=503000, t=91.066047, dt=1.715e-04, KE=3.401537e-02, Mt=0.2522, A_K=0.094, Cuv=0.089, P_in=2.049e-06, P_tgt=2.038e-06, A_F=0.162, K_low=0.018, P_drag=-1.409e-04, P_cool=-2.644e-02, WENO=0.317, rho_mean=1.000000, p_mean=0.767162, div_rms=3.296e+00, vort_rms=5.524e-01, K_dil=0.882, mass_err=-1.175e-09
step=504000, t=91.242000, dt=1.589e-04, KE=2.835428e-02, Mt=0.2306, A_K=0.003, Cuv=0.078, P_in=2.923e-06, P_tgt=2.933e-06, A_F=0.093, K_low=0.023, P_drag=-1.482e-04, P_cool=-2.663e-02, WENO=0.333, rho_mean=1.000000, p_mean=0.767550, div_rms=3.136e+00, vort_rms=5.278e-01, K_dil=0.861, mass_err=-1.177e-09
step=505000, t=91.403900, dt=1.739e-04, KE=2.583355e-02, Mt=0.2198, A_K=0.021, Cuv=0.004, P_in=9.324e-06, P_tgt=9.610e-06, A_F=0.025, K_low=0.029, P_drag=-1.659e-04, P_cool=-2.627e-02, WENO=0.342, rho_mean=1.000000, p_mean=0.766834, div_rms=3.035e+00, vort_rms=5.103e-01, K_dil=0.849, mass_err=-1.179e-09
step=506000, t=91.574796, dt=1.631e-04, KE=2.658243e-02, Mt=0.2214, A_K=0.110, Cuv=0.065, P_in=4.034e-05, P_tgt=4.069e-05, A_F=0.188, K_low=0.033, P_drag=-1.876e-04, P_cool=-2.524e-02, WENO=0.334, rho_mean=1.000000, p_mean=0.764763, div_rms=2.902e+00, vort_rms=5.092e-01, K_dil=0.855, mass_err=-1.182e-09
step=507000, t=91.745356, dt=1.794e-04, KE=2.549293e-02, Mt=0.2174, A_K=0.172, Cuv=0.105, P_in=1.665e-04, P_tgt=1.671e-04, A_F=0.266, K_low=0.037, P_drag=-2.003e-04, P_cool=-2.460e-02, WENO=0.334, rho_mean=1.000000, p_mean=0.763494, div_rms=2.809e+00, vort_rms=5.049e-01, K_dil=0.852, mass_err=-1.184e-09
step=508000, t=91.934786, dt=1.964e-04, KE=2.252840e-02, Mt=0.2044, A_K=0.010, Cuv=0.081, P_in=1.355e-03, P_tgt=1.357e-03, A_F=0.019, K_low=0.042, P_drag=-2.029e-04, P_cool=-2.428e-02, WENO=0.333, rho_mean=1.000000, p_mean=0.762849, div_rms=2.706e+00, vort_rms=4.859e-01, K_dil=0.836, mass_err=-1.186e-09
step=509000, t=92.130395, dt=1.923e-04, KE=2.133531e-02, Mt=0.2002, A_K=0.085, Cuv=-0.001, P_in=2.373e-02, P_tgt=2.374e-02, A_F=0.001, K_low=0.044, P_drag=-1.963e-04, P_cool=-2.387e-02, WENO=0.329, rho_mean=1.000000, p_mean=0.762019, div_rms=2.552e+00, vort_rms=4.699e-01, K_dil=0.833, mass_err=-1.189e-09
step=510000, t=92.326532, dt=1.977e-04, KE=2.835021e-02, Mt=0.2351, A_K=0.051, Cuv=-0.160, P_in=1.461e-01, P_tgt=1.461e-01, A_F=0.032, K_low=0.032, P_drag=-1.651e-04, P_cool=-2.472e-02, WENO=0.304, rho_mean=1.000000, p_mean=0.763720, div_rms=2.509e+00, vort_rms=4.579e-01, K_dil=0.881, mass_err=-1.191e-09
saved snapshot: results/hit2d/dilatational_Mt025_N512_CFL_0p05/hit2d_step0510000.npz
step=511000, t=92.523099, dt=1.902e-04, KE=3.238460e-02, Mt=0.2557, A_K=0.068, Cuv=-0.086, P_in=1.562e-01, P_tgt=1.561e-01, A_F=0.034, K_low=0.026, P_drag=-1.260e-04, P_cool=-2.920e-02, WENO=0.293, rho_mean=1.000000, p_mean=0.772676, div_rms=2.435e+00, vort_rms=4.638e-01, K_dil=0.898, mass_err=-1.193e-09
step=512000, t=92.702072, dt=1.743e-04, KE=3.561470e-02, Mt=0.2710, A_K=0.094, Cuv=0.027, P_in=9.887e-02, P_tgt=9.899e-02, A_F=0.067, K_low=0.024, P_drag=-1.310e-04, P_cool=-3.212e-02, WENO=0.286, rho_mean=1.000000, p_mean=0.778530, div_rms=2.515e+00, vort_rms=4.893e-01, K_dil=0.904, mass_err=-1.196e-09
step=513000, t=92.875666, dt=1.764e-04, KE=4.538224e-02, Mt=0.3008, A_K=0.018, Cuv=-0.204, P_in=3.235e-02, P_tgt=3.250e-02, A_F=0.066, K_low=0.021, P_drag=-1.478e-04, P_cool=-3.125e-02, WENO=0.285, rho_mean=1.000000, p_mean=0.776782, div_rms=2.764e+00, vort_rms=5.181e-01, K_dil=0.917, mass_err=-1.198e-09
step=514000, t=93.044151, dt=1.612e-04, KE=5.629720e-02, Mt=0.3363, A_K=0.024, Cuv=-0.155, P_in=4.592e-03, P_tgt=4.603e-03, A_F=0.009, K_low=0.017, P_drag=-1.387e-04, P_cool=-2.857e-02, WENO=0.280, rho_mean=1.000000, p_mean=0.771418, div_rms=3.203e+00, vort_rms=5.892e-01, K_dil=0.933, mass_err=-1.200e-09
step=515000, t=93.206334, dt=1.663e-04, KE=5.873746e-02, Mt=0.3410, A_K=0.027, Cuv=-0.120, P_in=4.536e-04, P_tgt=4.532e-04, A_F=0.027, K_low=0.014, P_drag=-1.328e-04, P_cool=-2.722e-02, WENO=0.278, rho_mean=1.000000, p_mean=0.768733, div_rms=3.497e+00, vort_rms=6.517e-01, K_dil=0.933, mass_err=-1.202e-09
step=516000, t=93.369178, dt=1.664e-04, KE=5.200493e-02, Mt=0.3202, A_K=0.022, Cuv=-0.185, P_in=5.234e-05, P_tgt=5.241e-05, A_F=0.210, K_low=0.015, P_drag=-1.330e-04, P_cool=-2.767e-02, WENO=0.292, rho_mean=1.000000, p_mean=0.769632, div_rms=3.650e+00, vort_rms=6.698e-01, K_dil=0.923, mass_err=-1.205e-09
step=517000, t=93.529685, dt=1.488e-04, KE=4.515865e-02, Mt=0.2958, A_K=0.011, Cuv=-0.190, P_in=9.673e-06, P_tgt=9.656e-06, A_F=0.013, K_low=0.016, P_drag=-1.334e-04, P_cool=-2.814e-02, WENO=0.303, rho_mean=1.000000, p_mean=0.770563, div_rms=3.693e+00, vort_rms=6.682e-01, K_dil=0.912, mass_err=-1.207e-09
step=518000, t=93.669827, dt=1.348e-04, KE=4.067101e-02, Mt=0.2787, A_K=0.041, Cuv=-0.014, P_in=3.013e-06, P_tgt=2.924e-06, A_F=0.012, K_low=0.016, P_drag=-1.311e-04, P_cool=-2.824e-02, WENO=0.311, rho_mean=1.000000, p_mean=0.770766, div_rms=3.643e+00, vort_rms=6.777e-01, K_dil=0.905, mass_err=-1.209e-09
step=519000, t=93.820787, dt=1.633e-04, KE=3.976121e-02, Mt=0.2745, A_K=0.075, Cuv=0.104, P_in=1.240e-06, P_tgt=1.241e-06, A_F=0.116, K_low=0.016, P_drag=-1.282e-04, P_cool=-2.757e-02, WENO=0.326, rho_mean=1.000000, p_mean=0.769429, div_rms=3.611e+00, vort_rms=6.197e-01, K_dil=0.906, mass_err=-1.212e-09
step=520000, t=93.991925, dt=1.712e-04, KE=3.814514e-02, Mt=0.2704, A_K=0.083, Cuv=-0.052, P_in=5.238e-07, P_tgt=5.278e-07, A_F=0.063, K_low=0.017, P_drag=-1.284e-04, P_cool=-2.696e-02, WENO=0.345, rho_mean=1.000000, p_mean=0.768205, div_rms=3.542e+00, vort_rms=5.797e-01, K_dil=0.907, mass_err=-1.214e-09
saved snapshot: results/hit2d/dilatational_Mt025_N512_CFL_0p05/hit2d_step0520000.npz
step=521000, t=94.169757, dt=1.905e-04, KE=3.522946e-02, Mt=0.2603, A_K=0.041, Cuv=-0.190, P_in=3.039e-07, P_tgt=3.040e-07, A_F=0.072, K_low=0.019, P_drag=-1.287e-04, P_cool=-2.659e-02, WENO=0.340, rho_mean=1.000000, p_mean=0.767456, div_rms=3.455e+00, vort_rms=5.506e-01, K_dil=0.901, mass_err=-1.216e-09
step=522000, t=94.357614, dt=1.743e-04, KE=2.839294e-02, Mt=0.2335, A_K=0.073, Cuv=-0.067, P_in=3.481e-07, P_tgt=3.439e-07, A_F=0.117, K_low=0.023, P_drag=-1.220e-04, P_cool=-2.694e-02, WENO=0.350, rho_mean=1.000000, p_mean=0.768171, div_rms=3.247e+00, vort_rms=5.373e-01, K_dil=0.878, mass_err=-1.219e-09
step=523000, t=94.543742, dt=1.914e-04, KE=2.501602e-02, Mt=0.2185, A_K=0.122, Cuv=-0.005, P_in=1.162e-06, P_tgt=1.166e-06, A_F=0.129, K_low=0.023, P_drag=-1.099e-04, P_cool=-2.661e-02, WENO=0.344, rho_mean=1.000000, p_mean=0.767512, div_rms=3.064e+00, vort_rms=5.197e-01, K_dil=0.862, mass_err=-1.221e-09
step=524000, t=94.722793, dt=1.797e-04, KE=2.526572e-02, Mt=0.2179, A_K=0.110, Cuv=-0.066, P_in=5.597e-06, P_tgt=5.650e-06, A_F=0.105, K_low=0.019, P_drag=-9.662e-05, P_cool=-2.562e-02, WENO=0.322, rho_mean=1.000000, p_mean=0.765534, div_rms=2.916e+00, vort_rms=5.168e-01, K_dil=0.863, mass_err=-1.223e-09
step=525000, t=94.902614, dt=1.811e-04, KE=2.534074e-02, Mt=0.2185, A_K=0.029, Cuv=-0.155, P_in=2.796e-05, P_tgt=2.821e-05, A_F=0.054, K_low=0.017, P_drag=-8.801e-05, P_cool=-2.470e-02, WENO=0.310, rho_mean=1.000000, p_mean=0.763687, div_rms=2.740e+00, vort_rms=5.150e-01, K_dil=0.865, mass_err=-1.226e-09
step=526000, t=95.055337, dt=1.583e-04, KE=2.308400e-02, Mt=0.2094, A_K=0.015, Cuv=-0.139, P_in=1.609e-04, P_tgt=1.610e-04, A_F=0.007, K_low=0.019, P_drag=-8.561e-05, P_cool=-2.440e-02, WENO=0.302, rho_mean=1.000000, p_mean=0.763093, div_rms=2.624e+00, vort_rms=5.337e-01, K_dil=0.854, mass_err=-1.228e-09
step=527000, t=95.225384, dt=1.778e-04, KE=1.898616e-02, Mt=0.1909, A_K=0.009, Cuv=-0.081, P_in=2.757e-03, P_tgt=2.751e-03, A_F=0.108, K_low=0.024, P_drag=-9.033e-05, P_cool=-2.442e-02, WENO=0.295, rho_mean=1.000000, p_mean=0.763123, div_rms=2.508e+00, vort_rms=5.110e-01, K_dil=0.824, mass_err=-1.230e-09
step=528000, t=95.410248, dt=1.916e-04, KE=2.142283e-02, Mt=0.2025, A_K=0.003, Cuv=-0.008, P_in=1.077e-01, P_tgt=1.075e-01, A_F=0.070, K_low=0.025, P_drag=-1.023e-04, P_cool=-2.419e-02, WENO=0.286, rho_mean=1.000000, p_mean=0.762664, div_rms=2.425e+00, vort_rms=4.870e-01, K_dil=0.848, mass_err=-1.233e-09
step=529000, t=95.595041, dt=1.810e-04, KE=3.950478e-02, Mt=0.2772, A_K=0.094, Cuv=-0.121, P_in=1.420e-01, P_tgt=1.421e-01, A_F=0.199, K_low=0.015, P_drag=-1.197e-04, P_cool=-2.589e-02, WENO=0.277, rho_mean=1.000000, p_mean=0.766071, div_rms=2.434e+00, vort_rms=4.744e-01, K_dil=0.923, mass_err=-1.235e-09
step=530000, t=95.783100, dt=1.929e-04, KE=2.899476e-02, Mt=0.2456, A_K=0.121, Cuv=-0.064, P_in=8.275e-02, P_tgt=8.281e-02, A_F=0.180, K_low=0.025, P_drag=-1.299e-04, P_cool=-3.067e-02, WENO=0.277, rho_mean=1.000000, p_mean=0.775621, div_rms=2.366e+00, vort_rms=4.691e-01, K_dil=0.905, mass_err=-1.237e-09
saved snapshot: results/hit2d/dilatational_Mt025_N512_CFL_0p05/hit2d_step0530000.npz
step=531000, t=95.968503, dt=1.919e-04, KE=3.285490e-02, Mt=0.2567, A_K=0.015, Cuv=-0.002, P_in=1.071e-01, P_tgt=1.073e-01, A_F=0.209, K_low=0.026, P_drag=-1.399e-04, P_cool=-3.238e-02, WENO=0.271, rho_mean=1.000000, p_mean=0.779038, div_rms=2.482e+00, vort_rms=4.768e-01, K_dil=0.912, mass_err=-1.240e-09
step=532000, t=96.150043, dt=1.539e-04, KE=4.835085e-02, Mt=0.3106, A_K=0.002, Cuv=-0.035, P_in=3.620e-02, P_tgt=3.618e-02, A_F=0.054, K_low=0.021, P_drag=-1.587e-04, P_cool=-3.089e-02, WENO=0.269, rho_mean=1.000000, p_mean=0.776073, div_rms=2.711e+00, vort_rms=5.286e-01, K_dil=0.936, mass_err=-1.242e-09
step=533000, t=96.295434, dt=1.417e-04, KE=5.628433e-02, Mt=0.3418, A_K=0.110, Cuv=-0.111, P_in=4.377e-03, P_tgt=4.374e-03, A_F=0.211, K_low=0.018, P_drag=-1.539e-04, P_cool=-2.892e-02, WENO=0.261, rho_mean=1.000000, p_mean=0.772120, div_rms=3.085e+00, vort_rms=5.803e-01, K_dil=0.944, mass_err=-1.244e-09
warning: flow component anisotropy has increased over the last three diagnostic samples
step=534000, t=96.443358, dt=1.505e-04, KE=5.142481e-02, Mt=0.3223, A_K=0.255, Cuv=-0.147, P_in=4.881e-04, P_tgt=4.869e-04, A_F=0.177, K_low=0.017, P_drag=-1.296e-04, P_cool=-2.909e-02, WENO=0.277, rho_mean=1.000000, p_mean=0.772462, div_rms=3.338e+00, vort_rms=6.178e-01, K_dil=0.936, mass_err=-1.247e-09
warning: flow component anisotropy has increased over the last three diagnostic samples
step=535000, t=96.595000, dt=1.543e-04, KE=5.331332e-02, Mt=0.3225, A_K=0.284, Cuv=-0.117, P_in=6.927e-05, P_tgt=6.927e-05, A_F=0.031, K_low=0.013, P_drag=-1.025e-04, P_cool=-2.784e-02, WENO=0.278, rho_mean=1.000000, p_mean=0.769973, div_rms=3.603e+00, vort_rms=6.305e-01, K_dil=0.934, mass_err=-1.249e-09
step=536000, t=96.754609, dt=1.653e-04, KE=5.589213e-02, Mt=0.3314, A_K=0.215, Cuv=-0.062, P_in=8.465e-06, P_tgt=8.466e-06, A_F=0.089, K_low=0.010, P_drag=-9.054e-05, P_cool=-2.646e-02, WENO=0.272, rho_mean=1.000000, p_mean=0.767206, div_rms=3.776e+00, vort_rms=6.458e-01, K_dil=0.937, mass_err=-1.251e-09
step=537000, t=96.926783, dt=1.788e-04, KE=4.675178e-02, Mt=0.3035, A_K=0.104, Cuv=-0.049, P_in=1.177e-06, P_tgt=1.192e-06, A_F=0.095, K_low=0.012, P_drag=-9.547e-05, P_cool=-2.736e-02, WENO=0.279, rho_mean=1.000000, p_mean=0.769010, div_rms=3.705e+00, vort_rms=6.463e-01, K_dil=0.925, mass_err=-1.254e-09
step=538000, t=97.097645, dt=1.766e-04, KE=3.602719e-02, Mt=0.2641, A_K=0.064, Cuv=-0.098, P_in=4.083e-07, P_tgt=4.069e-07, A_F=0.278, K_low=0.017, P_drag=-1.095e-04, P_cool=-2.854e-02, WENO=0.275, rho_mean=1.000000, p_mean=0.771372, div_rms=3.560e+00, vort_rms=6.279e-01, K_dil=0.902, mass_err=-1.256e-09
step=539000, t=97.274617, dt=1.763e-04, KE=3.249740e-02, Mt=0.2471, A_K=0.182, Cuv=-0.121, P_in=3.696e-07, P_tgt=3.634e-07, A_F=0.253, K_low=0.021, P_drag=-1.273e-04, P_cool=-2.823e-02, WENO=0.281, rho_mean=1.000000, p_mean=0.770755, div_rms=3.384e+00, vort_rms=6.041e-01, K_dil=0.887, mass_err=-1.258e-09
warning: flow component anisotropy has increased over the last three diagnostic samples
step=540000, t=97.441297, dt=1.493e-04, KE=3.490601e-02, Mt=0.2550, A_K=0.272, Cuv=-0.047, P_in=3.536e-07, P_tgt=3.534e-07, A_F=0.145, K_low=0.021, P_drag=-1.395e-04, P_cool=-2.683e-02, WENO=0.276, rho_mean=1.000000, p_mean=0.767947, div_rms=3.228e+00, vort_rms=5.871e-01, K_dil=0.895, mass_err=-1.260e-09
saved snapshot: results/hit2d/dilatational_Mt025_N512_CFL_0p05/hit2d_step0540000.npz
warning: flow component anisotropy has increased over the last three diagnostic samples
step=541000, t=97.594033, dt=1.554e-04, KE=3.437585e-02, Mt=0.2540, A_K=0.305, Cuv=0.037, P_in=2.750e-07, P_tgt=2.745e-07, A_F=0.011, K_low=0.021, P_drag=-1.438e-04, P_cool=-2.613e-02, WENO=0.268, rho_mean=1.000000, p_mean=0.766539, div_rms=3.132e+00, vort_rms=5.759e-01, K_dil=0.895, mass_err=-1.263e-09
step=542000, t=97.752369, dt=1.584e-04, KE=2.987317e-02, Mt=0.2366, A_K=0.209, Cuv=0.031, P_in=3.373e-07, P_tgt=3.397e-07, A_F=0.045, K_low=0.023, P_drag=-1.389e-04, P_cool=-2.619e-02, WENO=0.279, rho_mean=1.000000, p_mean=0.766672, div_rms=2.967e+00, vort_rms=5.611e-01, K_dil=0.878, mass_err=-1.265e-09
step=543000, t=97.919136, dt=1.706e-04, KE=2.661436e-02, Mt=0.2226, A_K=0.063, Cuv=-0.068, P_in=8.446e-07, P_tgt=8.381e-07, A_F=0.093, K_low=0.025, P_drag=-1.304e-04, P_cool=-2.597e-02, WENO=0.269, rho_mean=1.000000, p_mean=0.766228, div_rms=2.848e+00, vort_rms=5.465e-01, K_dil=0.862, mass_err=-1.267e-09
step=544000, t=98.095881, dt=1.832e-04, KE=2.236838e-02, Mt=0.2032, A_K=0.052, Cuv=-0.101, P_in=5.858e-06, P_tgt=5.864e-06, A_F=0.205, K_low=0.029, P_drag=-1.264e-04, P_cool=-2.590e-02, WENO=0.281, rho_mean=1.000000, p_mean=0.766082, div_rms=2.683e+00, vort_rms=5.290e-01, K_dil=0.835, mass_err=-1.270e-09
step=545000, t=98.284382, dt=1.913e-04, KE=2.087095e-02, Mt=0.1958, A_K=0.184, Cuv=-0.028, P_in=1.191e-04, P_tgt=1.197e-04, A_F=0.106, K_low=0.032, P_drag=-1.318e-04, P_cool=-2.523e-02, WENO=0.273, rho_mean=1.000000, p_mean=0.764740, div_rms=2.546e+00, vort_rms=5.073e-01, K_dil=0.826, mass_err=-1.272e-09
warning: flow component anisotropy has increased over the last three diagnostic samples
step=546000, t=98.474346, dt=1.940e-04, KE=2.224805e-02, Mt=0.2013, A_K=0.230, Cuv=0.065, P_in=2.286e-03, P_tgt=2.278e-03, A_F=0.059, K_low=0.032, P_drag=-1.443e-04, P_cool=-2.404e-02, WENO=0.272, rho_mean=1.000000, p_mean=0.762366, div_rms=2.424e+00, vort_rms=4.948e-01, K_dil=0.837, mass_err=-1.274e-09
step=547000, t=98.662408, dt=1.781e-04, KE=2.426013e-02, Mt=0.2121, A_K=0.136, Cuv=0.031, P_in=2.155e-02, P_tgt=2.151e-02, A_F=0.059, K_low=0.032, P_drag=-1.544e-04, P_cool=-2.308e-02, WENO=0.255, rho_mean=1.000000, p_mean=0.760454, div_rms=2.362e+00, vort_rms=4.795e-01, K_dil=0.855, mass_err=-1.277e-09
step=548000, t=98.852758, dt=1.925e-04, KE=2.719776e-02, Mt=0.2279, A_K=0.029, Cuv=-0.003, P_in=1.086e-01, P_tgt=1.087e-01, A_F=0.108, K_low=0.030, P_drag=-1.580e-04, P_cool=-2.386e-02, WENO=0.250, rho_mean=1.000000, p_mean=0.762009, div_rms=2.336e+00, vort_rms=4.711e-01, K_dil=0.875, mass_err=-1.279e-09
step=549000, t=99.047896, dt=1.909e-04, KE=3.070591e-02, Mt=0.2459, A_K=0.152, Cuv=0.073, P_in=1.753e-01, P_tgt=1.752e-01, A_F=0.194, K_low=0.024, P_drag=-1.492e-04, P_cool=-2.800e-02, WENO=0.259, rho_mean=1.000000, p_mean=0.770288, div_rms=2.356e+00, vort_rms=4.761e-01, K_dil=0.891, mass_err=-1.282e-09
step=550000, t=99.239143, dt=1.858e-04, KE=3.242144e-02, Mt=0.2534, A_K=0.081, Cuv=-0.025, P_in=1.962e-01, P_tgt=1.963e-01, A_F=0.060, K_low=0.019, P_drag=-1.218e-04, P_cool=-3.373e-02, WENO=0.254, rho_mean=1.000000, p_mean=0.781738, div_rms=2.417e+00, vort_rms=4.957e-01, K_dil=0.893, mass_err=-1.284e-09
saved snapshot: results/hit2d/dilatational_Mt025_N512_CFL_0p05/hit2d_step0550000.npz
step=551000, t=99.416141, dt=1.722e-04, KE=4.618308e-02, Mt=0.3035, A_K=0.082, Cuv=-0.184, P_in=8.498e-02, P_tgt=8.477e-02, A_F=0.008, K_low=0.010, P_drag=-8.908e-05, P_cool=-3.509e-02, WENO=0.262, rho_mean=1.000000, p_mean=0.784467, div_rms=2.667e+00, vort_rms=5.150e-01, K_dil=0.924, mass_err=-1.286e-09
step=552000, t=99.585170, dt=1.575e-04, KE=6.278047e-02, Mt=0.3592, A_K=0.063, Cuv=-0.014, P_in=9.308e-03, P_tgt=9.405e-03, A_F=0.063, K_low=0.007, P_drag=-7.275e-05, P_cool=-3.189e-02, WENO=0.251, rho_mean=1.000000, p_mean=0.778074, div_rms=3.255e+00, vort_rms=5.435e-01, K_dil=0.945, mass_err=-1.288e-09
step=553000, t=99.740627, dt=1.594e-04, KE=6.360980e-02, Mt=0.3576, A_K=0.050, Cuv=0.042, P_in=6.937e-04, P_tgt=6.942e-04, A_F=0.010, K_low=0.008, P_drag=-8.377e-05, P_cool=-3.085e-02, WENO=0.270, rho_mean=1.000000, p_mean=0.775989, div_rms=3.704e+00, vort_rms=5.944e-01, K_dil=0.943, mass_err=-1.291e-09
step=554000, t=99.910569, dt=1.653e-04, KE=6.423227e-02, Mt=0.3577, A_K=0.112, Cuv=-0.104, P_in=5.387e-05, P_tgt=5.381e-05, A_F=0.061, K_low=0.009, P_drag=-1.190e-04, P_cool=-2.971e-02, WENO=0.275, rho_mean=1.000000, p_mean=0.773696, div_rms=4.121e+00, vort_rms=6.714e-01, K_dil=0.942, mass_err=-1.293e-09
step=555000, t=100.061057, dt=1.505e-04, KE=5.810716e-02, Mt=0.3400, A_K=0.079, Cuv=-0.180, P_in=4.594e-06, P_tgt=4.589e-06, A_F=0.140, K_low=0.012, P_drag=-1.638e-04, P_cool=-3.003e-02, WENO=0.294, rho_mean=1.000000, p_mean=0.774347, div_rms=4.224e+00, vort_rms=7.528e-01, K_dil=0.934, mass_err=-1.295e-09
step=556000, t=100.213407, dt=1.540e-04, KE=5.143601e-02, Mt=0.3144, A_K=0.038, Cuv=-0.122, P_in=5.895e-07, P_tgt=5.921e-07, A_F=0.170, K_low=0.017, P_drag=-2.000e-04, P_cool=-3.043e-02, WENO=0.313, rho_mean=1.000000, p_mean=0.775154, div_rms=4.174e+00, vort_rms=7.650e-01, K_dil=0.920, mass_err=-1.298e-09
step=557000, t=100.368396, dt=1.574e-04, KE=4.889188e-02, Mt=0.3036, A_K=0.045, Cuv=-0.115, P_in=1.033e-07, P_tgt=1.037e-07, A_F=0.054, K_low=0.021, P_drag=-2.196e-04, P_cool=-3.000e-02, WENO=0.320, rho_mean=1.000000, p_mean=0.774286, div_rms=4.117e+00, vort_rms=7.433e-01, K_dil=0.914, mass_err=-1.300e-09
step=558000, t=100.525873, dt=1.512e-04, KE=4.262745e-02, Mt=0.2831, A_K=0.045, Cuv=-0.064, P_in=2.636e-08, P_tgt=2.644e-08, A_F=0.232, K_low=0.026, P_drag=-2.224e-04, P_cool=-3.030e-02, WENO=0.351, rho_mean=1.000000, p_mean=0.774877, div_rms=3.866e+00, vort_rms=7.588e-01, K_dil=0.902, mass_err=-1.302e-09
step=559000, t=100.681364, dt=1.612e-04, KE=3.867032e-02, Mt=0.2684, A_K=0.032, Cuv=0.035, P_in=1.079e-08, P_tgt=1.078e-08, A_F=0.110, K_low=0.029, P_drag=-2.211e-04, P_cool=-3.014e-02, WENO=0.366, rho_mean=1.000000, p_mean=0.774566, div_rms=3.713e+00, vort_rms=7.389e-01, K_dil=0.893, mass_err=-1.305e-09
step=560000, t=100.838011, dt=1.637e-04, KE=3.359110e-02, Mt=0.2492, A_K=0.092, Cuv=-0.000, P_in=7.758e-09, P_tgt=7.750e-09, A_F=0.247, K_low=0.033, P_drag=-2.202e-04, P_cool=-3.020e-02, WENO=0.375, rho_mean=1.000000, p_mean=0.774692, div_rms=3.523e+00, vort_rms=6.908e-01, K_dil=0.879, mass_err=-1.307e-09
saved snapshot: results/hit2d/dilatational_Mt025_N512_CFL_0p05/hit2d_step0560000.npz
step=561000, t=101.012013, dt=1.785e-04, KE=3.165237e-02, Mt=0.2412, A_K=0.005, Cuv=-0.145, P_in=1.009e-08, P_tgt=1.016e-08, A_F=0.036, K_low=0.036, P_drag=-2.262e-04, P_cool=-2.954e-02, WENO=0.377, rho_mean=1.000000, p_mean=0.773368, div_rms=3.346e+00, vort_rms=6.332e-01, K_dil=0.873, mass_err=-1.309e-09
step=562000, t=101.189631, dt=1.868e-04, KE=3.117613e-02, Mt=0.2399, A_K=0.093, Cuv=-0.094, P_in=1.394e-08, P_tgt=1.377e-08, A_F=0.028, K_low=0.039, P_drag=-2.357e-04, P_cool=-2.860e-02, WENO=0.372, rho_mean=1.000000, p_mean=0.771486, div_rms=3.211e+00, vort_rms=5.955e-01, K_dil=0.875, mass_err=-1.312e-09
step=563000, t=101.377706, dt=1.832e-04, KE=2.750273e-02, Mt=0.2259, A_K=0.042, Cuv=0.061, P_in=2.849e-08, P_tgt=3.091e-08, A_F=0.011, K_low=0.044, P_drag=-2.329e-04, P_cool=-2.826e-02, WENO=0.368, rho_mean=1.000000, p_mean=0.770797, div_rms=2.996e+00, vort_rms=5.746e-01, K_dil=0.859, mass_err=-1.314e-09
step=564000, t=101.562347, dt=1.772e-04, KE=2.384104e-02, Mt=0.2104, A_K=0.069, Cuv=-0.030, P_in=1.427e-07, P_tgt=1.369e-07, A_F=0.015, K_low=0.045, P_drag=-2.112e-04, P_cool=-2.794e-02, WENO=0.353, rho_mean=1.000000, p_mean=0.770174, div_rms=2.865e+00, vort_rms=5.567e-01, K_dil=0.836, mass_err=-1.316e-09
step=565000, t=101.744668, dt=1.857e-04, KE=2.086367e-02, Mt=0.1956, A_K=0.078, Cuv=-0.160, P_in=1.919e-06, P_tgt=1.939e-06, A_F=0.174, K_low=0.044, P_drag=-1.854e-04, P_cool=-2.752e-02, WENO=0.350, rho_mean=1.000000, p_mean=0.769324, div_rms=2.678e+00, vort_rms=5.463e-01, K_dil=0.810, mass_err=-1.319e-09
step=566000, t=101.925907, dt=1.845e-04, KE=2.190890e-02, Mt=0.2001, A_K=0.012, Cuv=-0.064, P_in=4.316e-05, P_tgt=4.287e-05, A_F=0.109, K_low=0.037, P_drag=-1.656e-04, P_cool=-2.633e-02, WENO=0.326, rho_mean=1.000000, p_mean=0.766938, div_rms=2.548e+00, vort_rms=5.318e-01, K_dil=0.821, mass_err=-1.321e-09
step=567000, t=102.114552, dt=1.859e-04, KE=2.109275e-02, Mt=0.1981, A_K=0.124, Cuv=0.017, P_in=7.326e-04, P_tgt=7.286e-04, A_F=0.009, K_low=0.037, P_drag=-1.602e-04, P_cool=-2.552e-02, WENO=0.313, rho_mean=1.000000, p_mean=0.765316, div_rms=2.419e+00, vort_rms=5.086e-01, K_dil=0.821, mass_err=-1.323e-09
step=568000, t=102.304362, dt=1.981e-04, KE=1.812109e-02, Mt=0.1842, A_K=0.053, Cuv=0.076, P_in=2.608e-02, P_tgt=2.612e-02, A_F=0.047, K_low=0.047, P_drag=-1.705e-04, P_cool=-2.539e-02, WENO=0.305, rho_mean=1.000000, p_mean=0.765064, div_rms=2.276e+00, vort_rms=4.975e-01, K_dil=0.796, mass_err=-1.326e-09
step=569000, t=102.500440, dt=1.922e-04, KE=3.593201e-02, Mt=0.2620, A_K=0.072, Cuv=-0.029, P_in=1.950e-01, P_tgt=1.949e-01, A_F=0.268, K_low=0.027, P_drag=-1.918e-04, P_cool=-2.595e-02, WENO=0.289, rho_mean=1.000000, p_mean=0.766195, div_rms=2.349e+00, vort_rms=4.848e-01, K_dil=0.901, mass_err=-1.328e-09
step=570000, t=102.691372, dt=1.903e-04, KE=3.266243e-02, Mt=0.2550, A_K=0.019, Cuv=0.003, P_in=9.833e-02, P_tgt=9.830e-02, A_F=0.073, K_low=0.033, P_drag=-1.996e-04, P_cool=-3.079e-02, WENO=0.279, rho_mean=1.000000, p_mean=0.775863, div_rms=2.345e+00, vort_rms=4.875e-01, K_dil=0.894, mass_err=-1.330e-09
saved snapshot: results/hit2d/dilatational_Mt025_N512_CFL_0p05/hit2d_step0570000.npz
step=571000, t=102.884861, dt=1.900e-04, KE=3.429832e-02, Mt=0.2621, A_K=0.092, Cuv=-0.069, P_in=1.099e-01, P_tgt=1.099e-01, A_F=0.009, K_low=0.035, P_drag=-2.056e-04, P_cool=-3.333e-02, WENO=0.275, rho_mean=1.000000, p_mean=0.780950, div_rms=2.453e+00, vort_rms=4.911e-01, K_dil=0.898, mass_err=-1.333e-09
step=572000, t=103.061872, dt=1.720e-04, KE=4.919087e-02, Mt=0.3093, A_K=0.102, Cuv=-0.158, P_in=3.213e-02, P_tgt=3.203e-02, A_F=0.123, K_low=0.026, P_drag=-2.289e-04, P_cool=-3.169e-02, WENO=0.276, rho_mean=1.000000, p_mean=0.777657, div_rms=2.789e+00, vort_rms=5.005e-01, K_dil=0.926, mass_err=-1.335e-09
step=573000, t=103.224999, dt=1.527e-04, KE=5.737666e-02, Mt=0.3349, A_K=0.087, Cuv=-0.065, P_in=4.246e-03, P_tgt=4.283e-03, A_F=0.011, K_low=0.022, P_drag=-2.274e-04, P_cool=-2.952e-02, WENO=0.273, rho_mean=1.000000, p_mean=0.773321, div_rms=3.105e+00, vort_rms=5.644e-01, K_dil=0.937, mass_err=-1.337e-09
step=574000, t=103.380445, dt=1.623e-04, KE=5.874609e-02, Mt=0.3412, A_K=0.004, Cuv=0.022, P_in=4.264e-04, P_tgt=4.352e-04, A_F=0.018, K_low=0.017, P_drag=-1.866e-04, P_cool=-2.839e-02, WENO=0.276, rho_mean=1.000000, p_mean=0.771064, div_rms=3.463e+00, vort_rms=6.270e-01, K_dil=0.938, mass_err=-1.340e-09
step=575000, t=103.542636, dt=1.632e-04, KE=5.402747e-02, Mt=0.3249, A_K=0.037, Cuv=0.027, P_in=4.642e-05, P_tgt=4.625e-05, A_F=0.076, K_low=0.014, P_drag=-1.475e-04, P_cool=-2.842e-02, WENO=0.284, rho_mean=1.000000, p_mean=0.771122, div_rms=3.713e+00, vort_rms=6.454e-01, K_dil=0.932, mass_err=-1.342e-09
step=576000, t=103.706748, dt=1.540e-04, KE=4.289652e-02, Mt=0.2865, A_K=0.024, Cuv=0.023, P_in=8.884e-06, P_tgt=8.948e-06, A_F=0.074, K_low=0.014, P_drag=-1.253e-04, P_cool=-2.969e-02, WENO=0.307, rho_mean=1.000000, p_mean=0.773660, div_rms=3.682e+00, vort_rms=6.609e-01, K_dil=0.912, mass_err=-1.344e-09
step=577000, t=103.862461, dt=1.569e-04, KE=3.822062e-02, Mt=0.2685, A_K=0.037, Cuv=0.064, P_in=3.744e-06, P_tgt=3.744e-06, A_F=0.071, K_low=0.014, P_drag=-1.159e-04, P_cool=-2.969e-02, WENO=0.312, rho_mean=1.000000, p_mean=0.773662, div_rms=3.607e+00, vort_rms=6.752e-01, K_dil=0.896, mass_err=-1.347e-09
step=578000, t=104.022427, dt=1.665e-04, KE=3.949694e-02, Mt=0.2692, A_K=0.058, Cuv=0.026, P_in=1.998e-06, P_tgt=1.948e-06, A_F=0.062, K_low=0.014, P_drag=-1.166e-04, P_cool=-2.849e-02, WENO=0.302, rho_mean=1.000000, p_mean=0.771276, div_rms=3.591e+00, vort_rms=6.736e-01, K_dil=0.893, mass_err=-1.349e-09
step=579000, t=104.184309, dt=1.503e-04, KE=3.724948e-02, Mt=0.2624, A_K=0.064, Cuv=0.004, P_in=8.380e-07, P_tgt=1.078e-06, A_F=0.079, K_low=0.018, P_drag=-1.393e-04, P_cool=-2.803e-02, WENO=0.301, rho_mean=1.000000, p_mean=0.770336, div_rms=3.434e+00, vort_rms=6.430e-01, K_dil=0.887, mass_err=-1.351e-09
step=580000, t=104.329908, dt=1.564e-04, KE=3.353851e-02, Mt=0.2499, A_K=0.050, Cuv=-0.031, P_in=8.523e-07, P_tgt=8.460e-07, A_F=0.062, K_low=0.025, P_drag=-1.771e-04, P_cool=-2.795e-02, WENO=0.310, rho_mean=1.000000, p_mean=0.770180, div_rms=3.267e+00, vort_rms=6.363e-01, K_dil=0.878, mass_err=-1.354e-09
saved snapshot: results/hit2d/dilatational_Mt025_N512_CFL_0p05/hit2d_step0580000.npz
step=581000, t=104.497137, dt=1.831e-04, KE=2.938846e-02, Mt=0.2328, A_K=0.015, Cuv=-0.052, P_in=1.194e-06, P_tgt=1.191e-06, A_F=0.254, K_low=0.037, P_drag=-2.303e-04, P_cool=-2.784e-02, WENO=0.306, rho_mean=1.000000, p_mean=0.769963, div_rms=3.125e+00, vort_rms=5.868e-01, K_dil=0.861, mass_err=-1.356e-09
step=582000, t=104.677748, dt=1.839e-04, KE=2.795422e-02, Mt=0.2258, A_K=0.032, Cuv=-0.068, P_in=2.836e-06, P_tgt=3.254e-06, A_F=0.209, K_low=0.049, P_drag=-2.846e-04, P_cool=-2.712e-02, WENO=0.305, rho_mean=1.000000, p_mean=0.768528, div_rms=2.977e+00, vort_rms=5.580e-01, K_dil=0.855, mass_err=-1.358e-09
step=583000, t=104.861919, dt=1.801e-04, KE=2.636356e-02, Mt=0.2190, A_K=0.071, Cuv=-0.038, P_in=1.180e-05, P_tgt=1.180e-05, A_F=0.121, K_low=0.060, P_drag=-3.209e-04, P_cool=-2.644e-02, WENO=0.289, rho_mean=1.000000, p_mean=0.767173, div_rms=2.826e+00, vort_rms=5.392e-01, K_dil=0.848, mass_err=-1.361e-09
step=584000, t=105.046894, dt=1.840e-04, KE=2.334514e-02, Mt=0.2075, A_K=0.024, Cuv=-0.014, P_in=7.766e-05, P_tgt=7.940e-05, A_F=0.059, K_low=0.069, P_drag=-3.270e-04, P_cool=-2.606e-02, WENO=0.293, rho_mean=1.000000, p_mean=0.766415, div_rms=2.658e+00, vort_rms=5.174e-01, K_dil=0.833, mass_err=-1.363e-09
step=585000, t=105.235310, dt=2.043e-04, KE=2.153800e-02, Mt=0.1988, A_K=0.043, Cuv=-0.035, P_in=1.043e-03, P_tgt=1.054e-03, A_F=0.034, K_low=0.069, P_drag=-3.010e-04, P_cool=-2.546e-02, WENO=0.287, rho_mean=1.000000, p_mean=0.765198, div_rms=2.529e+00, vort_rms=5.038e-01, K_dil=0.819, mass_err=-1.365e-09
step=586000, t=105.425360, dt=1.798e-04, KE=2.251011e-02, Mt=0.2037, A_K=0.023, Cuv=-0.035, P_in=1.749e-02, P_tgt=1.747e-02, A_F=0.087, K_low=0.056, P_drag=-2.516e-04, P_cool=-2.452e-02, WENO=0.277, rho_mean=1.000000, p_mean=0.763332, div_rms=2.422e+00, vort_rms=4.930e-01, K_dil=0.828, mass_err=-1.368e-09
step=587000, t=105.612032, dt=1.967e-04, KE=2.751576e-02, Mt=0.2278, A_K=0.036, Cuv=-0.049, P_in=1.159e-01, P_tgt=1.160e-01, A_F=0.071, K_low=0.034, P_drag=-1.869e-04, P_cool=-2.484e-02, WENO=0.273, rho_mean=1.000000, p_mean=0.763957, div_rms=2.378e+00, vort_rms=4.868e-01, K_dil=0.865, mass_err=-1.370e-09
step=588000, t=105.809969, dt=1.994e-04, KE=3.086927e-02, Mt=0.2477, A_K=0.108, Cuv=-0.025, P_in=1.590e-01, P_tgt=1.590e-01, A_F=0.161, K_low=0.022, P_drag=-1.304e-04, P_cool=-2.895e-02, WENO=0.281, rho_mean=1.000000, p_mean=0.772178, div_rms=2.374e+00, vort_rms=4.875e-01, K_dil=0.886, mass_err=-1.372e-09
step=589000, t=106.005982, dt=1.951e-04, KE=3.025793e-02, Mt=0.2534, A_K=0.102, Cuv=-0.052, P_in=1.827e-01, P_tgt=1.825e-01, A_F=0.037, K_low=0.019, P_drag=-1.052e-04, P_cool=-3.460e-02, WENO=0.285, rho_mean=1.000000, p_mean=0.783490, div_rms=2.454e+00, vort_rms=4.925e-01, K_dil=0.888, mass_err=-1.375e-09
step=590000, t=106.199093, dt=1.884e-04, KE=3.962261e-02, Mt=0.2888, A_K=0.114, Cuv=0.080, P_in=8.887e-02, P_tgt=8.881e-02, A_F=0.147, K_low=0.014, P_drag=-8.013e-05, P_cool=-3.688e-02, WENO=0.297, rho_mean=1.000000, p_mean=0.788039, div_rms=2.800e+00, vort_rms=5.097e-01, K_dil=0.911, mass_err=-1.377e-09
saved snapshot: results/hit2d/dilatational_Mt025_N512_CFL_0p05/hit2d_step0590000.npz
warning: flow component anisotropy has increased over the last three diagnostic samples
step=591000, t=106.365740, dt=1.502e-04, KE=5.713266e-02, Mt=0.3395, A_K=0.224, Cuv=0.143, P_in=1.486e-02, P_tgt=1.499e-02, A_F=0.000, K_low=0.012, P_drag=-1.154e-04, P_cool=-3.372e-02, WENO=0.271, rho_mean=1.000000, p_mean=0.781728, div_rms=3.198e+00, vort_rms=6.146e-01, K_dil=0.930, mass_err=-1.379e-09
step=592000, t=106.513546, dt=1.536e-04, KE=6.751028e-02, Mt=0.3688, A_K=0.160, Cuv=0.048, P_in=1.157e-03, P_tgt=1.160e-03, A_F=0.011, K_low=0.015, P_drag=-1.821e-04, P_cool=-3.085e-02, WENO=0.266, rho_mean=1.000000, p_mean=0.775996, div_rms=3.545e+00, vort_rms=7.240e-01, K_dil=0.938, mass_err=-1.382e-09
step=593000, t=106.667410, dt=1.510e-04, KE=6.709290e-02, Mt=0.3709, A_K=0.002, Cuv=-0.066, P_in=7.394e-05, P_tgt=7.372e-05, A_F=0.008, K_low=0.020, P_drag=-2.411e-04, P_cool=-3.000e-02, WENO=0.268, rho_mean=1.000000, p_mean=0.774284, div_rms=3.839e+00, vort_rms=7.773e-01, K_dil=0.934, mass_err=-1.384e-09
step=594000, t=106.820470, dt=1.558e-04, KE=5.882472e-02, Mt=0.3399, A_K=0.020, Cuv=-0.058, P_in=5.800e-06, P_tgt=5.781e-06, A_F=0.099, K_low=0.023, P_drag=-2.555e-04, P_cool=-3.070e-02, WENO=0.288, rho_mean=1.000000, p_mean=0.775695, div_rms=3.982e+00, vort_rms=7.771e-01, K_dil=0.918, mass_err=-1.386e-09
step=595000, t=106.973544, dt=1.417e-04, KE=5.411065e-02, Mt=0.3200, A_K=0.037, Cuv=0.038, P_in=7.576e-07, P_tgt=7.231e-07, A_F=0.108, K_low=0.022, P_drag=-2.427e-04, P_cool=-3.069e-02, WENO=0.299, rho_mean=1.000000, p_mean=0.775660, div_rms=3.957e+00, vort_rms=8.298e-01, K_dil=0.907, mass_err=-1.389e-09
step=596000, t=107.120529, dt=1.552e-04, KE=5.468696e-02, Mt=0.3208, A_K=0.011, Cuv=0.036, P_in=1.025e-07, P_tgt=1.010e-07, A_F=0.151, K_low=0.020, P_drag=-2.294e-04, P_cool=-2.967e-02, WENO=0.297, rho_mean=1.000000, p_mean=0.773632, div_rms=4.006e+00, vort_rms=8.435e-01, K_dil=0.906, mass_err=-1.391e-09
step=597000, t=107.273539, dt=1.475e-04, KE=4.882533e-02, Mt=0.3053, A_K=0.031, Cuv=-0.079, P_in=1.619e-08, P_tgt=1.627e-08, A_F=0.137, K_low=0.022, P_drag=-2.312e-04, P_cool=-2.992e-02, WENO=0.316, rho_mean=1.000000, p_mean=0.774134, div_rms=3.904e+00, vort_rms=7.943e-01, K_dil=0.896, mass_err=-1.393e-09
step=598000, t=107.422768, dt=1.532e-04, KE=4.034171e-02, Mt=0.2779, A_K=0.042, Cuv=-0.063, P_in=4.404e-09, P_tgt=4.383e-09, A_F=0.023, K_low=0.028, P_drag=-2.314e-04, P_cool=-3.071e-02, WENO=0.337, rho_mean=1.000000, p_mean=0.775698, div_rms=3.698e+00, vort_rms=7.973e-01, K_dil=0.875, mass_err=-1.395e-09
step=599000, t=107.576980, dt=1.532e-04, KE=3.509747e-02, Mt=0.2554, A_K=0.155, Cuv=0.062, P_in=2.500e-09, P_tgt=2.506e-09, A_F=0.088, K_low=0.031, P_drag=-2.193e-04, P_cool=-3.080e-02, WENO=0.343, rho_mean=1.000000, p_mean=0.775877, div_rms=3.517e+00, vort_rms=7.699e-01, K_dil=0.857, mass_err=-1.398e-09
step=600000, t=107.735653, dt=1.674e-04, KE=3.360311e-02, Mt=0.2476, A_K=0.046, Cuv=0.082, P_in=2.540e-09, P_tgt=2.485e-09, A_F=0.127, K_low=0.030, P_drag=-2.060e-04, P_cool=-3.012e-02, WENO=0.352, rho_mean=1.000000, p_mean=0.774524, div_rms=3.365e+00, vort_rms=7.220e-01, K_dil=0.852, mass_err=-1.400e-09
saved snapshot: results/hit2d/dilatational_Mt025_N512_CFL_0p05/hit2d_step0600000.npz
step=601000, t=107.907832, dt=1.748e-04, KE=3.510688e-02, Mt=0.2564, A_K=0.114, Cuv=-0.010, P_in=2.339e-09, P_tgt=2.327e-09, A_F=0.113, K_low=0.028, P_drag=-1.975e-04, P_cool=-2.880e-02, WENO=0.340, rho_mean=1.000000, p_mean=0.771878, div_rms=3.223e+00, vort_rms=6.709e-01, K_dil=0.864, mass_err=-1.402e-09
step=602000, t=108.089389, dt=1.797e-04, KE=3.144587e-02, Mt=0.2451, A_K=0.016, Cuv=0.001, P_in=1.988e-09, P_tgt=2.008e-09, A_F=0.092, K_low=0.032, P_drag=-1.981e-04, P_cool=-2.849e-02, WENO=0.337, rho_mean=1.000000, p_mean=0.771259, div_rms=3.070e+00, vort_rms=6.306e-01, K_dil=0.850, mass_err=-1.405e-09
step=603000, t=108.263881, dt=1.785e-04, KE=2.674127e-02, Mt=0.2270, A_K=0.192, Cuv=0.045, P_in=3.907e-09, P_tgt=3.896e-09, A_F=0.083, K_low=0.040, P_drag=-2.091e-04, P_cool=-2.842e-02, WENO=0.333, rho_mean=1.000000, p_mean=0.771135, div_rms=2.975e+00, vort_rms=6.147e-01, K_dil=0.822, mass_err=-1.407e-09
step=604000, t=108.450128, dt=1.823e-04, KE=2.479850e-02, Mt=0.2157, A_K=0.109, Cuv=-0.009, P_in=1.572e-08, P_tgt=1.595e-08, A_F=0.124, K_low=0.047, P_drag=-2.311e-04, P_cool=-2.776e-02, WENO=0.339, rho_mean=1.000000, p_mean=0.769801, div_rms=2.794e+00, vort_rms=5.999e-01, K_dil=0.808, mass_err=-1.409e-09
step=605000, t=108.634575, dt=1.873e-04, KE=2.438171e-02, Mt=0.2134, A_K=0.074, Cuv=-0.124, P_in=1.034e-07, P_tgt=1.032e-07, A_F=0.074, K_low=0.050, P_drag=-2.488e-04, P_cool=-2.682e-02, WENO=0.326, rho_mean=1.000000, p_mean=0.767934, div_rms=2.662e+00, vort_rms=5.837e-01, K_dil=0.812, mass_err=-1.412e-09
step=606000, t=108.808029, dt=1.918e-04, KE=2.156420e-02, Mt=0.2026, A_K=0.089, Cuv=-0.120, P_in=8.351e-07, P_tgt=8.350e-07, A_F=0.135, K_low=0.057, P_drag=-2.499e-04, P_cool=-2.646e-02, WENO=0.327, rho_mean=1.000000, p_mean=0.767201, div_rms=2.515e+00, vort_rms=5.799e-01, K_dil=0.793, mass_err=-1.414e-09
step=607000, t=109.000282, dt=1.922e-04, KE=1.942341e-02, Mt=0.1924, A_K=0.006, Cuv=-0.002, P_in=1.980e-05, P_tgt=2.023e-05, A_F=0.150, K_low=0.061, P_drag=-2.386e-04, P_cool=-2.587e-02, WENO=0.316, rho_mean=1.000000, p_mean=0.766019, div_rms=2.384e+00, vort_rms=5.581e-01, K_dil=0.777, mass_err=-1.416e-09
step=608000, t=109.200366, dt=2.040e-04, KE=2.041346e-02, Mt=0.1972, A_K=0.007, Cuv=0.009, P_in=5.154e-04, P_tgt=5.152e-04, A_F=0.070, K_low=0.058, P_drag=-2.297e-04, P_cool=-2.465e-02, WENO=0.290, rho_mean=1.000000, p_mean=0.763596, div_rms=2.265e+00, vort_rms=5.336e-01, K_dil=0.792, mass_err=-1.419e-09
step=609000, t=109.404639, dt=2.069e-04, KE=1.946213e-02, Mt=0.1944, A_K=0.005, Cuv=-0.034, P_in=1.076e-02, P_tgt=1.078e-02, A_F=0.163, K_low=0.059, P_drag=-2.139e-04, P_cool=-2.398e-02, WENO=0.272, rho_mean=1.000000, p_mean=0.762251, div_rms=2.179e+00, vort_rms=5.136e-01, K_dil=0.785, mass_err=-1.421e-09
step=610000, t=109.614790, dt=2.034e-04, KE=2.706362e-02, Mt=0.2284, A_K=0.105, Cuv=-0.041, P_in=1.752e-01, P_tgt=1.752e-01, A_F=0.055, K_low=0.038, P_drag=-1.943e-04, P_cool=-2.449e-02, WENO=0.270, rho_mean=1.000000, p_mean=0.763257, div_rms=2.142e+00, vort_rms=5.037e-01, K_dil=0.845, mass_err=-1.424e-09
saved snapshot: results/hit2d/dilatational_Mt025_N512_CFL_0p05/hit2d_step0610000.npz
step=611000, t=109.815509, dt=1.982e-04, KE=3.621025e-02, Mt=0.2680, A_K=0.090, Cuv=-0.038, P_in=1.237e-01, P_tgt=1.237e-01, A_F=0.058, K_low=0.025, P_drag=-1.747e-04, P_cool=-2.841e-02, WENO=0.265, rho_mean=1.000000, p_mean=0.771112, div_rms=2.206e+00, vort_rms=5.062e-01, K_dil=0.888, mass_err=-1.426e-09
step=611932, t=110.000000, dt=9.149e-05, KE=2.801743e-02, Mt=0.2429, A_K=0.069, Cuv=-0.130, P_in=1.165e-01, P_tgt=1.165e-01, A_F=0.047, K_low=0.031, P_drag=-1.577e-04, P_cool=-3.296e-02, WENO=0.272, rho_mean=1.000000, p_mean=0.780199, div_rms=2.250e+00, vort_rms=5.093e-01, K_dil=0.864, mass_err=-1.428e-09
saved snapshot: results/hit2d/dilatational_Mt025_N512_CFL_0p05/hit2d_step0611932.npz
completed 2D HIT run at t=110.000000 in 611932 steps
