================================================================
FINAL THESIS HIT CAMPAIGN
Started: Tue Aug 18 07:56:55 PM CEST 2026
Target stationary Re_lambda,2D = 130.0
Acceptance tolerance = ±5.0%
Frozen scheme: legacy sensor + local LF
HV: conservative_flux, mn=0.005, every 5 steps
CFL=0.10, seed=1234
================================================================

==================== STAGE 0: Re confirmation ====================

================================================================
START preflight Mt=0.40 at Tue Aug 18 07:56:55 PM CEST 2026
N=256x256; Mt=0.40; mu=0.001098989; tfinal=72.45298058; CFL=0.10
================================================================
Using array backend: cupy
saved run configuration: results/hit2d/final_thesis_Mach_ReL130_N512/preflight_N256/Mt040_N256_mu0p001098989/config.json
step=     0, t=0.000000, dt=0.000e+00, KE=8.000000e-02, Mt=0.4000, A_K=0.000, Cuv=0.000, P_in=0.000e+00, P_tgt=0.000e+00, A_F=0.000, K_low=0.000, P_drag=0.000e+00, P_cool=0.000e+00, WENO=0.018 (x=0.018, y=0.018), ReL2D=132.09, eps_nu=2.674e-03, P_hv=0.000e+00, rho_mean=1.000000, p_mean=0.714286, div_rms=9.852e-15, vort_rms=1.560e+00, mass_err=0.000e+00
step=   300, t=0.227258, dt=7.592e-04, KE=7.868100e-02, Mt=0.3969, A_K=0.001, Cuv=-0.001, P_in=1.011e-03, P_tgt=1.007e-03, A_F=0.001, K_low=0.003, P_drag=-4.869e-05, P_cool=-3.071e-04, WENO=0.032 (x=0.032, y=0.032), ReL2D=125.35, eps_nu=2.705e-03, P_hv=1.874e-05, rho_mean=1.000000, p_mean=0.714900, div_rms=3.230e-01, vort_rms=1.524e+00, mass_err=-7.248e-13
step=   600, t=0.456462, dt=7.711e-04, KE=7.343269e-02, Mt=0.3859, A_K=0.005, Cuv=-0.013, P_in=1.076e-03, P_tgt=1.076e-03, A_F=0.086, K_low=0.010, P_drag=-1.481e-04, P_cool=-1.362e-03, WENO=0.043 (x=0.043, y=0.043), ReL2D=124.27, eps_nu=2.561e-03, P_hv=1.876e-05, rho_mean=1.000000, p_mean=0.717010, div_rms=3.075e-01, vort_rms=1.485e+00, mass_err=-1.457e-12
step=   900, t=0.691485, dt=7.957e-04, KE=7.075103e-02, Mt=0.3844, A_K=0.007, Cuv=-0.030, P_in=1.210e-03, P_tgt=1.222e-03, A_F=0.059, K_low=0.015, P_drag=-2.126e-04, P_cool=-1.865e-03, WENO=0.069 (x=0.069, y=0.069), ReL2D=120.50, eps_nu=2.664e-03, P_hv=1.940e-05, rho_mean=1.000000, p_mean=0.718015, div_rms=4.056e-01, vort_rms=1.485e+00, mass_err=-2.174e-12
step=  1200, t=0.932186, dt=8.051e-04, KE=7.101463e-02, Mt=0.3886, A_K=0.007, Cuv=-0.040, P_in=1.379e-03, P_tgt=1.358e-03, A_F=0.039, K_low=0.017, P_drag=-2.170e-04, P_cool=-1.777e-03, WENO=0.091 (x=0.091, y=0.091), ReL2D=118.94, eps_nu=2.794e-03, P_hv=2.057e-05, rho_mean=1.000000, p_mean=0.717839, div_rms=4.790e-01, vort_rms=1.495e+00, mass_err=-2.885e-12
step=  1500, t=1.173621, dt=7.969e-04, KE=7.132987e-02, Mt=0.3876, A_K=0.005, Cuv=-0.036, P_in=1.515e-03, P_tgt=1.485e-03, A_F=0.020, K_low=0.017, P_drag=-2.021e-04, P_cool=-1.689e-03, WENO=0.105 (x=0.105, y=0.105), ReL2D=118.67, eps_nu=2.786e-03, P_hv=2.091e-05, rho_mean=1.000000, p_mean=0.717664, div_rms=4.801e-01, vort_rms=1.493e+00, mass_err=-3.602e-12
step=  1800, t=1.408848, dt=7.733e-04, KE=7.154195e-02, Mt=0.3854, A_K=0.039, Cuv=-0.011, P_in=1.651e-03, P_tgt=1.654e-03, A_F=0.072, K_low=0.017, P_drag=-2.064e-04, P_cool=-1.658e-03, WENO=0.087 (x=0.087, y=0.087), ReL2D=119.74, eps_nu=2.759e-03, P_hv=2.201e-05, rho_mean=1.000000, p_mean=0.717601, div_rms=4.502e-01, vort_rms=1.497e+00, mass_err=-4.334e-12
step=  2100, t=1.642623, dt=7.904e-04, KE=7.149174e-02, Mt=0.3843, A_K=0.055, Cuv=0.022, P_in=1.873e-03, P_tgt=1.867e-03, A_F=0.020, K_low=0.019, P_drag=-2.422e-04, P_cool=-1.662e-03, WENO=0.098 (x=0.098, y=0.098), ReL2D=121.28, eps_nu=2.730e-03, P_hv=2.412e-05, rho_mean=1.000000, p_mean=0.717609, div_rms=4.305e-01, vort_rms=1.496e+00, mass_err=-5.052e-12
step=  2400, t=1.879758, dt=7.829e-04, KE=7.123339e-02, Mt=0.3834, A_K=0.066, Cuv=0.031, P_in=2.127e-03, P_tgt=2.124e-03, A_F=0.064, K_low=0.023, P_drag=-3.018e-04, P_cool=-1.716e-03, WENO=0.122 (x=0.122, y=0.122), ReL2D=122.81, eps_nu=2.715e-03, P_hv=2.515e-05, rho_mean=1.000000, p_mean=0.717717, div_rms=4.144e-01, vort_rms=1.497e+00, mass_err=-5.770e-12
step=  2700, t=2.113699, dt=7.788e-04, KE=7.136259e-02, Mt=0.3829, A_K=0.072, Cuv=0.019, P_in=2.437e-03, P_tgt=2.433e-03, A_F=0.246, K_low=0.026, P_drag=-3.418e-04, P_cool=-1.701e-03, WENO=0.155 (x=0.155, y=0.155), ReL2D=122.20, eps_nu=2.722e-03, P_hv=2.709e-05, rho_mean=1.000000, p_mean=0.717689, div_rms=4.206e-01, vort_rms=1.497e+00, mass_err=-6.487e-12
step=  3000, t=2.348760, dt=7.903e-04, KE=7.181295e-02, Mt=0.3834, A_K=0.095, Cuv=0.014, P_in=2.832e-03, P_tgt=2.785e-03, A_F=0.017, K_low=0.023, P_drag=-3.266e-04, P_cool=-1.639e-03, WENO=0.148 (x=0.148, y=0.148), ReL2D=119.87, eps_nu=2.754e-03, P_hv=2.971e-05, rho_mean=1.000000, p_mean=0.717563, div_rms=4.430e-01, vort_rms=1.498e+00, mass_err=-7.219e-12
saved snapshot: results/hit2d/final_thesis_Mach_ReL130_N512/preflight_N256/Mt040_N256_mu0p001098989/hit2d_step0003100.npz
step=  3300, t=2.587981, dt=8.017e-04, KE=7.162821e-02, Mt=0.3823, A_K=0.128, Cuv=0.018, P_in=3.187e-03, P_tgt=3.187e-03, A_F=0.135, K_low=0.019, P_drag=-2.777e-04, P_cool=-1.724e-03, WENO=0.147 (x=0.147, y=0.147), ReL2D=117.22, eps_nu=2.751e-03, P_hv=3.138e-05, rho_mean=1.000000, p_mean=0.717734, div_rms=4.456e-01, vort_rms=1.496e+00, mass_err=-7.937e-12
step=  3600, t=2.826828, dt=7.870e-04, KE=7.116316e-02, Mt=0.3805, A_K=0.168, Cuv=0.036, P_in=3.705e-03, P_tgt=3.709e-03, A_F=0.062, K_low=0.018, P_drag=-2.624e-04, P_cool=-1.883e-03, WENO=0.143 (x=0.143, y=0.143), ReL2D=118.32, eps_nu=2.710e-03, P_hv=3.157e-05, rho_mean=1.000000, p_mean=0.718052, div_rms=4.291e-01, vort_rms=1.490e+00, mass_err=-8.662e-12
step=  3900, t=3.062921, dt=7.871e-04, KE=7.170526e-02, Mt=0.3823, A_K=0.189, Cuv=0.056, P_in=4.330e-03, P_tgt=4.315e-03, A_F=0.130, K_low=0.023, P_drag=-3.194e-04, P_cool=-1.862e-03, WENO=0.130 (x=0.130, y=0.130), ReL2D=119.97, eps_nu=2.720e-03, P_hv=3.330e-05, rho_mean=1.000000, p_mean=0.718010, div_rms=4.537e-01, vort_rms=1.483e+00, mass_err=-9.379e-12
step=  4200, t=3.298925, dt=7.887e-04, KE=7.219432e-02, Mt=0.3843, A_K=0.191, Cuv=0.060, P_in=4.933e-03, P_tgt=4.927e-03, A_F=0.198, K_low=0.032, P_drag=-4.363e-04, P_cool=-1.877e-03, WENO=0.129 (x=0.129, y=0.129), ReL2D=122.15, eps_nu=2.703e-03, P_hv=3.302e-05, rho_mean=1.000000, p_mean=0.718039, div_rms=4.522e-01, vort_rms=1.479e+00, mass_err=-1.010e-11
step=  4500, t=3.536548, dt=7.943e-04, KE=7.267554e-02, Mt=0.3858, A_K=0.170, Cuv=0.031, P_in=5.590e-03, P_tgt=5.549e-03, A_F=0.132, K_low=0.042, P_drag=-5.664e-04, P_cool=-1.915e-03, WENO=0.121 (x=0.121, y=0.121), ReL2D=124.96, eps_nu=2.687e-03, P_hv=3.433e-05, rho_mean=1.000000, p_mean=0.718116, div_rms=4.419e-01, vort_rms=1.478e+00, mass_err=-1.082e-11
step=  4800, t=3.775878, dt=7.875e-04, KE=7.310118e-02, Mt=0.3874, A_K=0.141, Cuv=0.001, P_in=6.220e-03, P_tgt=6.167e-03, A_F=0.084, K_low=0.049, P_drag=-6.650e-04, P_cool=-1.988e-03, WENO=0.123 (x=0.123, y=0.123), ReL2D=126.29, eps_nu=2.678e-03, P_hv=3.567e-05, rho_mean=1.000000, p_mean=0.718261, div_rms=4.343e-01, vort_rms=1.478e+00, mass_err=-1.155e-11
step=  5100, t=4.009067, dt=7.696e-04, KE=7.342759e-02, Mt=0.3890, A_K=0.131, Cuv=-0.002, P_in=6.741e-03, P_tgt=6.763e-03, A_F=0.030, K_low=0.053, P_drag=-7.248e-04, P_cool=-2.096e-03, WENO=0.115 (x=0.115, y=0.115), ReL2D=125.84, eps_nu=2.676e-03, P_hv=3.742e-05, rho_mean=1.000000, p_mean=0.718478, div_rms=4.330e-01, vort_rms=1.478e+00, mass_err=-1.226e-11
step=  5400, t=4.242410, dt=7.880e-04, KE=7.379818e-02, Mt=0.3906, A_K=0.109, Cuv=0.005, P_in=7.289e-03, P_tgt=7.322e-03, A_F=0.156, K_low=0.056, P_drag=-7.735e-04, P_cool=-2.216e-03, WENO=0.130 (x=0.130, y=0.130), ReL2D=125.26, eps_nu=2.670e-03, P_hv=3.673e-05, rho_mean=1.000000, p_mean=0.718717, div_rms=4.184e-01, vort_rms=1.482e+00, mass_err=-1.299e-11
step=  5700, t=4.478367, dt=7.823e-04, KE=7.484019e-02, Mt=0.3932, A_K=0.075, Cuv=0.029, P_in=7.873e-03, P_tgt=7.803e-03, A_F=0.144, K_low=0.059, P_drag=-8.363e-04, P_cool=-2.222e-03, WENO=0.148 (x=0.148, y=0.148), ReL2D=126.27, eps_nu=2.673e-03, P_hv=3.595e-05, rho_mean=1.000000, p_mean=0.718729, div_rms=4.171e-01, vort_rms=1.483e+00, mass_err=-1.371e-11
step=  6000, t=4.714198, dt=7.890e-04, KE=7.624047e-02, Mt=0.3967, A_K=0.027, Cuv=0.055, P_in=8.143e-03, P_tgt=8.112e-03, A_F=0.185, K_low=0.062, P_drag=-9.248e-04, P_cool=-2.173e-03, WENO=0.138 (x=0.138, y=0.138), ReL2D=127.79, eps_nu=2.700e-03, P_hv=3.825e-05, rho_mean=1.000000, p_mean=0.718631, div_rms=4.172e-01, vort_rms=1.492e+00, mass_err=-1.443e-11
saved snapshot: results/hit2d/final_thesis_Mach_ReL130_N512/preflight_N256/Mt040_N256_mu0p001098989/hit2d_step0006200.npz
step=  6300, t=4.952067, dt=7.929e-04, KE=7.744655e-02, Mt=0.3996, A_K=0.020, Cuv=0.065, P_in=8.201e-03, P_tgt=8.221e-03, A_F=0.038, K_low=0.066, P_drag=-1.023e-03, P_cool=-2.172e-03, WENO=0.143 (x=0.143, y=0.143), ReL2D=127.80, eps_nu=2.737e-03, P_hv=3.941e-05, rho_mean=1.000000, p_mean=0.718629, div_rms=4.184e-01, vort_rms=1.502e+00, mass_err=-1.515e-11
step=  6600, t=5.189375, dt=7.887e-04, KE=7.815328e-02, Mt=0.4012, A_K=0.051, Cuv=0.049, P_in=8.283e-03, P_tgt=8.187e-03, A_F=0.050, K_low=0.071, P_drag=-1.103e-03, P_cool=-2.266e-03, WENO=0.132 (x=0.132, y=0.132), ReL2D=126.89, eps_nu=2.752e-03, P_hv=4.218e-05, rho_mean=1.000000, p_mean=0.718817, div_rms=4.167e-01, vort_rms=1.508e+00, mass_err=-1.588e-11
step=  6900, t=5.421718, dt=7.658e-04, KE=7.846097e-02, Mt=0.4024, A_K=0.067, Cuv=0.032, P_in=8.117e-03, P_tgt=8.080e-03, A_F=0.137, K_low=0.076, P_drag=-1.152e-03, P_cool=-2.422e-03, WENO=0.126 (x=0.126, y=0.126), ReL2D=124.55, eps_nu=2.762e-03, P_hv=4.259e-05, rho_mean=1.000000, p_mean=0.719130, div_rms=4.132e-01, vort_rms=1.512e+00, mass_err=-1.660e-11
step=  7200, t=5.649848, dt=7.569e-04, KE=7.908122e-02, Mt=0.4050, A_K=0.085, Cuv=0.029, P_in=7.868e-03, P_tgt=7.869e-03, A_F=0.007, K_low=0.078, P_drag=-1.170e-03, P_cool=-2.496e-03, WENO=0.134 (x=0.134, y=0.134), ReL2D=122.68, eps_nu=2.806e-03, P_hv=4.364e-05, rho_mean=1.000000, p_mean=0.719278, div_rms=4.369e-01, vort_rms=1.516e+00, mass_err=-1.731e-11
step=  7500, t=5.876861, dt=7.594e-04, KE=8.007126e-02, Mt=0.4074, A_K=0.086, Cuv=0.035, P_in=7.548e-03, P_tgt=7.516e-03, A_F=0.028, K_low=0.076, P_drag=-1.184e-03, P_cool=-2.480e-03, WENO=0.131 (x=0.131, y=0.131), ReL2D=120.56, eps_nu=2.834e-03, P_hv=4.502e-05, rho_mean=1.000000, p_mean=0.719247, div_rms=4.537e-01, vort_rms=1.518e+00, mass_err=-1.803e-11
step=  7800, t=6.103900, dt=7.501e-04, KE=8.115116e-02, Mt=0.4088, A_K=0.097, Cuv=0.043, P_in=7.086e-03, P_tgt=7.082e-03, A_F=0.255, K_low=0.077, P_drag=-1.240e-03, P_cool=-2.430e-03, WENO=0.137 (x=0.137, y=0.137), ReL2D=119.53, eps_nu=2.859e-03, P_hv=4.603e-05, rho_mean=1.000000, p_mean=0.719146, div_rms=4.656e-01, vort_rms=1.521e+00, mass_err=-1.874e-11
step=  8100, t=6.327857, dt=7.468e-04, KE=8.202453e-02, Mt=0.4104, A_K=0.101, Cuv=0.064, P_in=6.533e-03, P_tgt=6.610e-03, A_F=0.209, K_low=0.084, P_drag=-1.370e-03, P_cool=-2.396e-03, WENO=0.121 (x=0.121, y=0.121), ReL2D=119.11, eps_nu=2.870e-03, P_hv=4.635e-05, rho_mean=1.000000, p_mean=0.719078, div_rms=4.580e-01, vort_rms=1.527e+00, mass_err=-1.948e-11
step=  8400, t=6.553523, dt=7.606e-04, KE=8.283135e-02, Mt=0.4130, A_K=0.089, Cuv=0.073, P_in=6.064e-03, P_tgt=6.073e-03, A_F=0.099, K_low=0.096, P_drag=-1.561e-03, P_cool=-2.348e-03, WENO=0.137 (x=0.137, y=0.137), ReL2D=118.20, eps_nu=2.902e-03, P_hv=4.557e-05, rho_mean=1.000000, p_mean=0.718983, div_rms=4.660e-01, vort_rms=1.533e+00, mass_err=-2.019e-11
step=  8700, t=6.783718, dt=7.652e-04, KE=8.313698e-02, Mt=0.4143, A_K=0.070, Cuv=0.073, P_in=5.599e-03, P_tgt=5.508e-03, A_F=0.008, K_low=0.109, P_drag=-1.758e-03, P_cool=-2.369e-03, WENO=0.133 (x=0.133, y=0.133), ReL2D=120.26, eps_nu=2.881e-03, P_hv=4.445e-05, rho_mean=1.000000, p_mean=0.719023, div_rms=4.562e-01, vort_rms=1.531e+00, mass_err=-2.092e-11
step=  9000, t=7.011457, dt=7.539e-04, KE=8.313954e-02, Mt=0.4147, A_K=0.045, Cuv=0.066, P_in=4.896e-03, P_tgt=4.963e-03, A_F=0.160, K_low=0.120, P_drag=-1.912e-03, P_cool=-2.415e-03, WENO=0.125 (x=0.125, y=0.125), ReL2D=121.90, eps_nu=2.847e-03, P_hv=4.442e-05, rho_mean=1.000000, p_mean=0.719116, div_rms=4.473e-01, vort_rms=1.524e+00, mass_err=-2.164e-11
step=  9300, t=7.235965, dt=7.473e-04, KE=8.280913e-02, Mt=0.4141, A_K=0.019, Cuv=0.055, P_in=4.548e-03, P_tgt=4.481e-03, A_F=0.035, K_low=0.128, P_drag=-2.021e-03, P_cool=-2.496e-03, WENO=0.125 (x=0.125, y=0.125), ReL2D=122.79, eps_nu=2.817e-03, P_hv=4.730e-05, rho_mean=1.000000, p_mean=0.719279, div_rms=4.337e-01, vort_rms=1.521e+00, mass_err=-2.236e-11
saved snapshot: results/hit2d/final_thesis_Mach_ReL130_N512/preflight_N256/Mt040_N256_mu0p001098989/hit2d_step0009300.npz
step=  9600, t=7.460215, dt=7.419e-04, KE=8.260734e-02, Mt=0.4139, A_K=0.001, Cuv=0.056, P_in=4.023e-03, P_tgt=4.055e-03, A_F=0.107, K_low=0.134, P_drag=-2.112e-03, P_cool=-2.523e-03, WENO=0.134 (x=0.134, y=0.134), ReL2D=121.48, eps_nu=2.820e-03, P_hv=4.853e-05, rho_mean=1.000000, p_mean=0.719332, div_rms=4.402e-01, vort_rms=1.519e+00, mass_err=-2.308e-11
step=  9900, t=7.679193, dt=7.258e-04, KE=8.246625e-02, Mt=0.4132, A_K=0.019, Cuv=0.060, P_in=3.680e-03, P_tgt=3.679e-03, A_F=0.012, K_low=0.139, P_drag=-2.205e-03, P_cool=-2.515e-03, WENO=0.134 (x=0.134, y=0.134), ReL2D=120.51, eps_nu=2.820e-03, P_hv=4.983e-05, rho_mean=1.000000, p_mean=0.719315, div_rms=4.446e-01, vort_rms=1.517e+00, mass_err=-2.380e-11
step= 10200, t=7.894020, dt=7.049e-04, KE=8.228768e-02, Mt=0.4110, A_K=0.036, Cuv=0.071, P_in=3.326e-03, P_tgt=3.368e-03, A_F=0.042, K_low=0.143, P_drag=-2.282e-03, P_cool=-2.497e-03, WENO=0.120 (x=0.120, y=0.120), ReL2D=119.88, eps_nu=2.807e-03, P_hv=5.302e-05, rho_mean=1.000000, p_mean=0.719279, div_rms=4.486e-01, vort_rms=1.512e+00, mass_err=-2.452e-11
step= 10500, t=8.103540, dt=6.937e-04, KE=8.187786e-02, Mt=0.4079, A_K=0.050, Cuv=0.093, P_in=3.139e-03, P_tgt=3.145e-03, A_F=0.063, K_low=0.145, P_drag=-2.315e-03, P_cool=-2.513e-03, WENO=0.116 (x=0.116, y=0.116), ReL2D=119.43, eps_nu=2.786e-03, P_hv=5.555e-05, rho_mean=1.000000, p_mean=0.719311, div_rms=4.446e-01, vort_rms=1.507e+00, mass_err=-2.525e-11
step= 10800, t=8.311892, dt=6.967e-04, KE=8.135439e-02, Mt=0.4059, A_K=0.072, Cuv=0.126, P_in=2.976e-03, P_tgt=2.994e-03, A_F=0.082, K_low=0.144, P_drag=-2.298e-03, P_cool=-2.544e-03, WENO=0.126 (x=0.126, y=0.126), ReL2D=119.14, eps_nu=2.751e-03, P_hv=5.664e-05, rho_mean=1.000000, p_mean=0.719374, div_rms=4.335e-01, vort_rms=1.501e+00, mass_err=-2.597e-11
step= 11100, t=8.521591, dt=7.013e-04, KE=8.103214e-02, Mt=0.4054, A_K=0.104, Cuv=0.158, P_in=2.877e-03, P_tgt=2.875e-03, A_F=0.153, K_low=0.143, P_drag=-2.256e-03, P_cool=-2.530e-03, WENO=0.119 (x=0.119, y=0.119), ReL2D=119.92, eps_nu=2.709e-03, P_hv=5.707e-05, rho_mean=1.000000, p_mean=0.719346, div_rms=4.177e-01, vort_rms=1.494e+00, mass_err=-2.669e-11
step= 11400, t=8.732581, dt=7.060e-04, KE=8.098562e-02, Mt=0.4055, A_K=0.143, Cuv=0.187, P_in=2.753e-03, P_tgt=2.761e-03, A_F=0.139, K_low=0.140, P_drag=-2.203e-03, P_cool=-2.459e-03, WENO=0.121 (x=0.121, y=0.121), ReL2D=121.11, eps_nu=2.685e-03, P_hv=5.733e-05, rho_mean=1.000000, p_mean=0.719203, div_rms=4.248e-01, vort_rms=1.484e+00, mass_err=-2.741e-11
step= 11700, t=8.945517, dt=7.088e-04, KE=8.032477e-02, Mt=0.4042, A_K=0.179, Cuv=0.209, P_in=2.679e-03, P_tgt=2.662e-03, A_F=0.135, K_low=0.139, P_drag=-2.158e-03, P_cool=-2.508e-03, WENO=0.127 (x=0.127, y=0.127), ReL2D=122.80, eps_nu=2.623e-03, P_hv=5.396e-05, rho_mean=1.000000, p_mean=0.719302, div_rms=4.148e-01, vort_rms=1.469e+00, mass_err=-2.813e-11
warning: flow component anisotropy has increased over the last three diagnostic samples
step= 12000, t=9.156090, dt=6.988e-04, KE=7.926654e-02, Mt=0.4026, A_K=0.210, Cuv=0.226, P_in=2.627e-03, P_tgt=2.596e-03, A_F=0.127, K_low=0.141, P_drag=-2.136e-03, P_cool=-2.632e-03, WENO=0.141 (x=0.141, y=0.141), ReL2D=123.92, eps_nu=2.561e-03, P_hv=4.946e-05, rho_mean=1.000000, p_mean=0.719550, div_rms=4.096e-01, vort_rms=1.451e+00, mass_err=-2.886e-11
warning: flow component anisotropy has increased over the last three diagnostic samples
step= 12300, t=9.366460, dt=7.057e-04, KE=7.810917e-02, Mt=0.4012, A_K=0.233, Cuv=0.230, P_in=2.593e-03, P_tgt=2.560e-03, A_F=0.055, K_low=0.144, P_drag=-2.131e-03, P_cool=-2.769e-03, WENO=0.123 (x=0.123, y=0.123), ReL2D=125.74, eps_nu=2.493e-03, P_hv=4.917e-05, rho_mean=1.000000, p_mean=0.719825, div_rms=3.898e-01, vort_rms=1.437e+00, mass_err=-2.957e-11
saved snapshot: results/hit2d/final_thesis_Mach_ReL130_N512/preflight_N256/Mt040_N256_mu0p001098989/hit2d_step0012400.npz
warning: flow component anisotropy has increased over the last three diagnostic samples
step= 12600, t=9.580434, dt=7.221e-04, KE=7.732298e-02, Mt=0.4003, A_K=0.245, Cuv=0.225, P_in=2.574e-03, P_tgt=2.546e-03, A_F=0.041, K_low=0.146, P_drag=-2.132e-03, P_cool=-2.825e-03, WENO=0.139 (x=0.139, y=0.139), ReL2D=126.39, eps_nu=2.448e-03, P_hv=4.822e-05, rho_mean=1.000000, p_mean=0.719937, div_rms=3.807e-01, vort_rms=1.426e+00, mass_err=-3.028e-11
warning: flow component anisotropy has increased over the last three diagnostic samples
step= 12900, t=9.799218, dt=7.304e-04, KE=7.690038e-02, Mt=0.3995, A_K=0.246, Cuv=0.219, P_in=2.544e-03, P_tgt=2.547e-03, A_F=0.110, K_low=0.146, P_drag=-2.128e-03, P_cool=-2.805e-03, WENO=0.132 (x=0.132, y=0.132), ReL2D=126.66, eps_nu=2.418e-03, P_hv=4.646e-05, rho_mean=1.000000, p_mean=0.719896, div_rms=3.832e-01, vort_rms=1.416e+00, mass_err=-3.100e-11
step= 13200, t=10.018016, dt=7.257e-04, KE=7.661189e-02, Mt=0.3985, A_K=0.239, Cuv=0.217, P_in=2.571e-03, P_tgt=2.567e-03, A_F=0.008, K_low=0.145, P_drag=-2.120e-03, P_cool=-2.759e-03, WENO=0.130 (x=0.130, y=0.130), ReL2D=127.60, eps_nu=2.379e-03, P_hv=4.520e-05, rho_mean=1.000000, p_mean=0.719804, div_rms=3.716e-01, vort_rms=1.407e+00, mass_err=-3.173e-11
step= 13500, t=10.235162, dt=7.256e-04, KE=7.663557e-02, Mt=0.3988, A_K=0.237, Cuv=0.208, P_in=2.595e-03, P_tgt=2.596e-03, A_F=0.185, K_low=0.146, P_drag=-2.117e-03, P_cool=-2.657e-03, WENO=0.125 (x=0.125, y=0.125), ReL2D=128.96, eps_nu=2.359e-03, P_hv=4.325e-05, rho_mean=1.000000, p_mean=0.719599, div_rms=3.675e-01, vort_rms=1.402e+00, mass_err=-3.244e-11
step= 13800, t=10.453578, dt=7.267e-04, KE=7.658745e-02, Mt=0.3997, A_K=0.224, Cuv=0.198, P_in=2.641e-03, P_tgt=2.610e-03, A_F=0.226, K_low=0.147, P_drag=-2.112e-03, P_cool=-2.597e-03, WENO=0.117 (x=0.117, y=0.117), ReL2D=129.18, eps_nu=2.360e-03, P_hv=4.162e-05, rho_mean=1.000000, p_mean=0.719479, div_rms=3.636e-01, vort_rms=1.404e+00, mass_err=-3.316e-11
step= 14100, t=10.672530, dt=7.344e-04, KE=7.582706e-02, Mt=0.3985, A_K=0.227, Cuv=0.181, P_in=2.702e-03, P_tgt=2.625e-03, A_F=0.146, K_low=0.149, P_drag=-2.088e-03, P_cool=-2.658e-03, WENO=0.102 (x=0.102, y=0.102), ReL2D=131.09, eps_nu=2.319e-03, P_hv=4.165e-05, rho_mean=1.000000, p_mean=0.719601, div_rms=3.619e-01, vort_rms=1.391e+00, mass_err=-3.387e-11
warning: flow component anisotropy has increased over the last three diagnostic samples
step= 14400, t=10.892567, dt=7.328e-04, KE=7.474065e-02, Mt=0.3960, A_K=0.247, Cuv=0.176, P_in=2.717e-03, P_tgt=2.678e-03, A_F=0.051, K_low=0.148, P_drag=-2.043e-03, P_cool=-2.781e-03, WENO=0.105 (x=0.105, y=0.105), ReL2D=131.09, eps_nu=2.276e-03, P_hv=4.065e-05, rho_mean=1.000000, p_mean=0.719848, div_rms=3.576e-01, vort_rms=1.379e+00, mass_err=-3.460e-11
warning: flow component anisotropy has increased over the last three diagnostic samples
step= 14700, t=11.112013, dt=7.241e-04, KE=7.406248e-02, Mt=0.3941, A_K=0.282, Cuv=0.178, P_in=2.801e-03, P_tgt=2.785e-03, A_F=0.220, K_low=0.146, P_drag=-1.997e-03, P_cool=-2.824e-03, WENO=0.113 (x=0.113, y=0.113), ReL2D=130.39, eps_nu=2.269e-03, P_hv=4.014e-05, rho_mean=1.000000, p_mean=0.719935, div_rms=3.595e-01, vort_rms=1.376e+00, mass_err=-3.531e-11
warning: flow component anisotropy has increased over the last three diagnostic samples
step= 15000, t=11.330326, dt=7.403e-04, KE=7.395826e-02, Mt=0.3937, A_K=0.307, Cuv=0.176, P_in=2.926e-03, P_tgt=2.920e-03, A_F=0.233, K_low=0.143, P_drag=-1.962e-03, P_cool=-2.761e-03, WENO=0.109 (x=0.109, y=0.109), ReL2D=129.35, eps_nu=2.277e-03, P_hv=4.058e-05, rho_mean=1.000000, p_mean=0.719807, div_rms=3.682e-01, vort_rms=1.375e+00, mass_err=-3.603e-11
step= 15300, t=11.555701, dt=7.570e-04, KE=7.392914e-02, Mt=0.3934, A_K=0.304, Cuv=0.163, P_in=3.049e-03, P_tgt=3.068e-03, A_F=0.200, K_low=0.141, P_drag=-1.939e-03, P_cool=-2.690e-03, WENO=0.121 (x=0.121, y=0.121), ReL2D=127.82, eps_nu=2.277e-03, P_hv=3.804e-05, rho_mean=1.000000, p_mean=0.719666, div_rms=3.816e-01, vort_rms=1.370e+00, mass_err=-3.676e-11
saved snapshot: results/hit2d/final_thesis_Mach_ReL130_N512/preflight_N256/Mt040_N256_mu0p001098989/hit2d_step0015500.npz
step= 15600, t=11.782908, dt=7.602e-04, KE=7.358578e-02, Mt=0.3928, A_K=0.282, Cuv=0.136, P_in=3.268e-03, P_tgt=3.235e-03, A_F=0.238, K_low=0.141, P_drag=-1.925e-03, P_cool=-2.691e-03, WENO=0.104 (x=0.104, y=0.104), ReL2D=126.67, eps_nu=2.269e-03, P_hv=3.697e-05, rho_mean=1.000000, p_mean=0.719669, div_rms=3.889e-01, vort_rms=1.365e+00, mass_err=-3.747e-11
step= 15900, t=12.012007, dt=7.678e-04, KE=7.330188e-02, Mt=0.3925, A_K=0.250, Cuv=0.102, P_in=3.408e-03, P_tgt=3.425e-03, A_F=0.250, K_low=0.140, P_drag=-1.911e-03, P_cool=-2.689e-03, WENO=0.100 (x=0.100, y=0.100), ReL2D=125.66, eps_nu=2.284e-03, P_hv=3.718e-05, rho_mean=1.000000, p_mean=0.719664, div_rms=4.130e-01, vort_rms=1.361e+00, mass_err=-3.818e-11
step= 16200, t=12.243111, dt=7.707e-04, KE=7.318665e-02, Mt=0.3921, A_K=0.211, Cuv=0.077, P_in=3.591e-03, P_tgt=3.634e-03, A_F=0.007, K_low=0.137, P_drag=-1.897e-03, P_cool=-2.664e-03, WENO=0.086 (x=0.086, y=0.086), ReL2D=125.07, eps_nu=2.301e-03, P_hv=3.718e-05, rho_mean=1.000000, p_mean=0.719614, div_rms=4.352e-01, vort_rms=1.357e+00, mass_err=-3.892e-11
step= 16500, t=12.473524, dt=7.627e-04, KE=7.321202e-02, Mt=0.3918, A_K=0.167, Cuv=0.061, P_in=3.937e-03, P_tgt=3.871e-03, A_F=0.090, K_low=0.136, P_drag=-1.889e-03, P_cool=-2.624e-03, WENO=0.080 (x=0.080, y=0.080), ReL2D=124.44, eps_nu=2.299e-03, P_hv=3.774e-05, rho_mean=1.000000, p_mean=0.719534, div_rms=4.351e-01, vort_rms=1.356e+00, mass_err=-3.963e-11
step= 16800, t=12.701403, dt=7.596e-04, KE=7.343085e-02, Mt=0.3918, A_K=0.139, Cuv=0.031, P_in=4.142e-03, P_tgt=4.123e-03, A_F=0.125, K_low=0.134, P_drag=-1.881e-03, P_cool=-2.561e-03, WENO=0.101 (x=0.101, y=0.101), ReL2D=123.57, eps_nu=2.285e-03, P_hv=3.780e-05, rho_mean=1.000000, p_mean=0.719408, div_rms=4.272e-01, vort_rms=1.355e+00, mass_err=-4.034e-11
step= 17100, t=12.929754, dt=7.602e-04, KE=7.349848e-02, Mt=0.3911, A_K=0.149, Cuv=0.005, P_in=4.372e-03, P_tgt=4.402e-03, A_F=0.079, K_low=0.131, P_drag=-1.851e-03, P_cool=-2.540e-03, WENO=0.106 (x=0.106, y=0.106), ReL2D=123.24, eps_nu=2.262e-03, P_hv=3.730e-05, rho_mean=1.000000, p_mean=0.719366, div_rms=4.064e-01, vort_rms=1.356e+00, mass_err=-4.106e-11
step= 17400, t=13.158215, dt=7.669e-04, KE=7.361504e-02, Mt=0.3901, A_K=0.179, Cuv=-0.016, P_in=4.728e-03, P_tgt=4.736e-03, A_F=0.042, K_low=0.127, P_drag=-1.806e-03, P_cool=-2.525e-03, WENO=0.101 (x=0.101, y=0.101), ReL2D=122.29, eps_nu=2.253e-03, P_hv=3.751e-05, rho_mean=1.000000, p_mean=0.719337, div_rms=4.026e-01, vort_rms=1.354e+00, mass_err=-4.178e-11
warning: flow component anisotropy has increased over the last three diagnostic samples
step= 17700, t=13.389408, dt=7.719e-04, KE=7.380772e-02, Mt=0.3898, A_K=0.202, Cuv=-0.045, P_in=5.139e-03, P_tgt=5.128e-03, A_F=0.023, K_low=0.123, P_drag=-1.759e-03, P_cool=-2.515e-03, WENO=0.098 (x=0.098, y=0.098), ReL2D=122.70, eps_nu=2.243e-03, P_hv=3.759e-05, rho_mean=1.000000, p_mean=0.719316, div_rms=3.956e-01, vort_rms=1.354e+00, mass_err=-4.250e-11
warning: flow component anisotropy has increased over the last three diagnostic samples
step= 18000, t=13.621821, dt=7.685e-04, KE=7.435115e-02, Mt=0.3912, A_K=0.208, Cuv=-0.084, P_in=5.531e-03, P_tgt=5.525e-03, A_F=0.019, K_low=0.120, P_drag=-1.717e-03, P_cool=-2.458e-03, WENO=0.112 (x=0.112, y=0.112), ReL2D=124.50, eps_nu=2.251e-03, P_hv=3.704e-05, rho_mean=1.000000, p_mean=0.719201, div_rms=3.948e-01, vort_rms=1.357e+00, mass_err=-4.323e-11
warning: flow component anisotropy has increased over the last three diagnostic samples
step= 18300, t=13.849775, dt=7.497e-04, KE=7.497563e-02, Mt=0.3931, A_K=0.208, Cuv=-0.118, P_in=5.902e-03, P_tgt=5.871e-03, A_F=0.203, K_low=0.116, P_drag=-1.670e-03, P_cool=-2.405e-03, WENO=0.115 (x=0.115, y=0.115), ReL2D=125.91, eps_nu=2.265e-03, P_hv=3.812e-05, rho_mean=1.000000, p_mean=0.719095, div_rms=3.878e-01, vort_rms=1.364e+00, mass_err=-4.395e-11
step= 18600, t=14.071708, dt=7.330e-04, KE=7.566068e-02, Mt=0.3952, A_K=0.205, Cuv=-0.130, P_in=6.165e-03, P_tgt=6.140e-03, A_F=0.125, K_low=0.112, P_drag=-1.625e-03, P_cool=-2.356e-03, WENO=0.118 (x=0.118, y=0.118), ReL2D=129.38, eps_nu=2.269e-03, P_hv=4.159e-05, rho_mean=1.000000, p_mean=0.718998, div_rms=3.905e-01, vort_rms=1.364e+00, mass_err=-4.468e-11
saved snapshot: results/hit2d/final_thesis_Mach_ReL130_N512/preflight_N256/Mt040_N256_mu0p001098989/hit2d_step0018600.npz
step= 18900, t=14.290131, dt=7.260e-04, KE=7.617788e-02, Mt=0.3966, A_K=0.201, Cuv=-0.127, P_in=6.336e-03, P_tgt=6.331e-03, A_F=0.133, K_low=0.110, P_drag=-1.587e-03, P_cool=-2.353e-03, WENO=0.122 (x=0.122, y=0.122), ReL2D=132.61, eps_nu=2.270e-03, P_hv=4.326e-05, rho_mean=1.000000, p_mean=0.718992, div_rms=3.955e-01, vort_rms=1.363e+00, mass_err=-4.540e-11
step= 19200, t=14.510254, dt=7.433e-04, KE=7.654109e-02, Mt=0.3975, A_K=0.196, Cuv=-0.122, P_in=6.530e-03, P_tgt=6.474e-03, A_F=0.097, K_low=0.109, P_drag=-1.559e-03, P_cool=-2.389e-03, WENO=0.121 (x=0.121, y=0.121), ReL2D=135.18, eps_nu=2.260e-03, P_hv=4.222e-05, rho_mean=1.000000, p_mean=0.719063, div_rms=3.932e-01, vort_rms=1.360e+00, mass_err=-4.612e-11
step= 19500, t=14.736229, dt=7.640e-04, KE=7.686798e-02, Mt=0.3987, A_K=0.200, Cuv=-0.125, P_in=6.553e-03, P_tgt=6.566e-03, A_F=0.073, K_low=0.106, P_drag=-1.536e-03, P_cool=-2.439e-03, WENO=0.124 (x=0.124, y=0.124), ReL2D=136.00, eps_nu=2.278e-03, P_hv=4.049e-05, rho_mean=1.000000, p_mean=0.719165, div_rms=4.054e-01, vort_rms=1.362e+00, mass_err=-4.685e-11
step= 19800, t=14.967056, dt=7.653e-04, KE=7.705549e-02, Mt=0.3998, A_K=0.191, Cuv=-0.145, P_in=6.632e-03, P_tgt=6.604e-03, A_F=0.128, K_low=0.103, P_drag=-1.518e-03, P_cool=-2.522e-03, WENO=0.128 (x=0.128, y=0.128), ReL2D=134.93, eps_nu=2.285e-03, P_hv=3.927e-05, rho_mean=1.000000, p_mean=0.719330, div_rms=4.151e-01, vort_rms=1.360e+00, mass_err=-4.758e-11
step= 20100, t=15.195650, dt=7.633e-04, KE=7.734879e-02, Mt=0.4007, A_K=0.176, Cuv=-0.183, P_in=6.547e-03, P_tgt=6.592e-03, A_F=0.004, K_low=0.101, P_drag=-1.510e-03, P_cool=-2.580e-03, WENO=0.121 (x=0.121, y=0.121), ReL2D=134.71, eps_nu=2.276e-03, P_hv=3.876e-05, rho_mean=1.000000, p_mean=0.719446, div_rms=4.108e-01, vort_rms=1.359e+00, mass_err=-4.830e-11
step= 20400, t=15.424382, dt=7.571e-04, KE=7.794497e-02, Mt=0.4018, A_K=0.165, Cuv=-0.218, P_in=6.546e-03, P_tgt=6.535e-03, A_F=0.010, K_low=0.102, P_drag=-1.528e-03, P_cool=-2.575e-03, WENO=0.119 (x=0.119, y=0.119), ReL2D=135.72, eps_nu=2.270e-03, P_hv=3.990e-05, rho_mean=1.000000, p_mean=0.719435, div_rms=4.022e-01, vort_rms=1.360e+00, mass_err=-4.901e-11
step= 20700, t=15.653866, dt=7.756e-04, KE=7.869854e-02, Mt=0.4035, A_K=0.163, Cuv=-0.237, P_in=6.378e-03, P_tgt=6.409e-03, A_F=0.010, K_low=0.104, P_drag=-1.575e-03, P_cool=-2.533e-03, WENO=0.112 (x=0.112, y=0.112), ReL2D=136.78, eps_nu=2.268e-03, P_hv=3.993e-05, rho_mean=1.000000, p_mean=0.719351, div_rms=3.924e-01, vort_rms=1.363e+00, mass_err=-4.974e-11
step= 21000, t=15.888169, dt=7.697e-04, KE=7.944199e-02, Mt=0.4055, A_K=0.171, Cuv=-0.235, P_in=6.231e-03, P_tgt=6.205e-03, A_F=0.117, K_low=0.107, P_drag=-1.632e-03, P_cool=-2.487e-03, WENO=0.115 (x=0.115, y=0.115), ReL2D=139.00, eps_nu=2.254e-03, P_hv=3.850e-05, rho_mean=1.000000, p_mean=0.719259, div_rms=3.809e-01, vort_rms=1.363e+00, mass_err=-5.046e-11
step= 21300, t=16.115226, dt=7.549e-04, KE=8.003533e-02, Mt=0.4075, A_K=0.187, Cuv=-0.214, P_in=5.908e-03, P_tgt=5.916e-03, A_F=0.005, K_low=0.110, P_drag=-1.686e-03, P_cool=-2.456e-03, WENO=0.113 (x=0.113, y=0.113), ReL2D=140.56, eps_nu=2.244e-03, P_hv=3.917e-05, rho_mean=1.000000, p_mean=0.719198, div_rms=3.762e-01, vort_rms=1.361e+00, mass_err=-5.119e-11
warning: flow component anisotropy has increased over the last three diagnostic samples
step= 21600, t=16.343565, dt=7.672e-04, KE=8.023815e-02, Mt=0.4086, A_K=0.210, Cuv=-0.190, P_in=5.546e-03, P_tgt=5.575e-03, A_F=0.039, K_low=0.113, P_drag=-1.743e-03, P_cool=-2.487e-03, WENO=0.130 (x=0.130, y=0.130), ReL2D=140.96, eps_nu=2.238e-03, P_hv=3.745e-05, rho_mean=1.000000, p_mean=0.719260, div_rms=3.625e-01, vort_rms=1.364e+00, mass_err=-5.191e-11
saved snapshot: results/hit2d/final_thesis_Mach_ReL130_N512/preflight_N256/Mt040_N256_mu0p001098989/hit2d_step0021700.npz
warning: flow component anisotropy has increased over the last three diagnostic samples
step= 21900, t=16.572785, dt=7.637e-04, KE=8.040488e-02, Mt=0.4089, A_K=0.236, Cuv=-0.176, P_in=5.188e-03, P_tgt=5.229e-03, A_F=0.067, K_low=0.117, P_drag=-1.809e-03, P_cool=-2.506e-03, WENO=0.129 (x=0.129, y=0.129), ReL2D=140.57, eps_nu=2.246e-03, P_hv=3.523e-05, rho_mean=1.000000, p_mean=0.719297, div_rms=3.600e-01, vort_rms=1.368e+00, mass_err=-5.263e-11
warning: flow component anisotropy has increased over the last three diagnostic samples
step= 22200, t=16.801782, dt=7.592e-04, KE=8.077748e-02, Mt=0.4090, A_K=0.270, Cuv=-0.173, P_in=4.906e-03, P_tgt=4.903e-03, A_F=0.075, K_low=0.121, P_drag=-1.879e-03, P_cool=-2.465e-03, WENO=0.123 (x=0.123, y=0.123), ReL2D=139.83, eps_nu=2.251e-03, P_hv=3.483e-05, rho_mean=1.000000, p_mean=0.719215, div_rms=3.569e-01, vort_rms=1.371e+00, mass_err=-5.335e-11
warning: flow component anisotropy has increased over the last three diagnostic samples
step= 22500, t=17.030305, dt=7.681e-04, KE=8.116916e-02, Mt=0.4100, A_K=0.298, Cuv=-0.177, P_in=4.533e-03, P_tgt=4.577e-03, A_F=0.131, K_low=0.126, P_drag=-1.955e-03, P_cool=-2.404e-03, WENO=0.122 (x=0.122, y=0.122), ReL2D=139.88, eps_nu=2.255e-03, P_hv=3.327e-05, rho_mean=1.000000, p_mean=0.719094, div_rms=3.574e-01, vort_rms=1.372e+00, mass_err=-5.408e-11
warning: flow component anisotropy has increased over the last three diagnostic samples
step= 22800, t=17.260084, dt=7.598e-04, KE=8.124382e-02, Mt=0.4110, A_K=0.302, Cuv=-0.184, P_in=4.268e-03, P_tgt=4.240e-03, A_F=0.090, K_low=0.131, P_drag=-2.038e-03, P_cool=-2.390e-03, WENO=0.120 (x=0.120, y=0.120), ReL2D=140.72, eps_nu=2.263e-03, P_hv=3.222e-05, rho_mean=1.000000, p_mean=0.719066, div_rms=3.533e-01, vort_rms=1.376e+00, mass_err=-5.480e-11
warning: flow component anisotropy has increased over the last three diagnostic samples
step= 23100, t=17.485470, dt=7.461e-04, KE=8.091221e-02, Mt=0.4100, A_K=0.303, Cuv=-0.196, P_in=4.007e-03, P_tgt=3.925e-03, A_F=0.033, K_low=0.137, P_drag=-2.129e-03, P_cool=-2.438e-03, WENO=0.108 (x=0.108, y=0.108), ReL2D=142.77, eps_nu=2.236e-03, P_hv=3.208e-05, rho_mean=1.000000, p_mean=0.719162, div_rms=3.438e-01, vort_rms=1.370e+00, mass_err=-5.552e-11
warning: flow component anisotropy has increased over the last three diagnostic samples
step= 23400, t=17.707802, dt=7.303e-04, KE=8.056637e-02, Mt=0.4084, A_K=0.304, Cuv=-0.201, P_in=3.742e-03, P_tgt=3.674e-03, A_F=0.092, K_low=0.142, P_drag=-2.222e-03, P_cool=-2.470e-03, WENO=0.097 (x=0.097, y=0.097), ReL2D=145.13, eps_nu=2.210e-03, P_hv=3.231e-05, rho_mean=1.000000, p_mean=0.719226, div_rms=3.453e-01, vort_rms=1.361e+00, mass_err=-5.624e-11
step= 23700, t=17.923879, dt=7.151e-04, KE=8.042695e-02, Mt=0.4081, A_K=0.298, Cuv=-0.192, P_in=3.463e-03, P_tgt=3.460e-03, A_F=0.045, K_low=0.148, P_drag=-2.315e-03, P_cool=-2.448e-03, WENO=0.089 (x=0.089, y=0.089), ReL2D=147.38, eps_nu=2.207e-03, P_hv=3.311e-05, rho_mean=1.000000, p_mean=0.719182, div_rms=3.556e-01, vort_rms=1.356e+00, mass_err=-5.697e-11
step= 24000, t=18.139134, dt=7.224e-04, KE=8.034195e-02, Mt=0.4077, A_K=0.274, Cuv=-0.173, P_in=3.296e-03, P_tgt=3.267e-03, A_F=0.058, K_low=0.154, P_drag=-2.419e-03, P_cool=-2.404e-03, WENO=0.093 (x=0.093, y=0.093), ReL2D=150.02, eps_nu=2.196e-03, P_hv=3.248e-05, rho_mean=1.000000, p_mean=0.719095, div_rms=3.628e-01, vort_rms=1.350e+00, mass_err=-5.768e-11
step= 24300, t=18.358916, dt=7.450e-04, KE=8.002856e-02, Mt=0.4069, A_K=0.247, Cuv=-0.143, P_in=3.161e-03, P_tgt=3.096e-03, A_F=0.137, K_low=0.163, P_drag=-2.550e-03, P_cool=-2.394e-03, WENO=0.092 (x=0.092, y=0.092), ReL2D=150.12, eps_nu=2.195e-03, P_hv=3.198e-05, rho_mean=1.000000, p_mean=0.719074, div_rms=3.699e-01, vort_rms=1.347e+00, mass_err=-5.841e-11
step= 24600, t=18.584136, dt=7.493e-04, KE=7.922401e-02, Mt=0.4052, A_K=0.228, Cuv=-0.115, P_in=2.920e-03, P_tgt=2.960e-03, A_F=0.114, K_low=0.175, P_drag=-2.708e-03, P_cool=-2.465e-03, WENO=0.109 (x=0.109, y=0.109), ReL2D=150.72, eps_nu=2.173e-03, P_hv=3.158e-05, rho_mean=1.000000, p_mean=0.719215, div_rms=3.560e-01, vort_rms=1.345e+00, mass_err=-5.912e-11
saved snapshot: results/hit2d/final_thesis_Mach_ReL130_N512/preflight_N256/Mt040_N256_mu0p001098989/hit2d_step0024800.npz
step= 24900, t=18.809531, dt=7.545e-04, KE=7.863198e-02, Mt=0.4035, A_K=0.210, Cuv=-0.093, P_in=2.882e-03, P_tgt=2.867e-03, A_F=0.058, K_low=0.187, P_drag=-2.874e-03, P_cool=-2.477e-03, WENO=0.099 (x=0.099, y=0.099), ReL2D=150.28, eps_nu=2.149e-03, P_hv=3.210e-05, rho_mean=1.000000, p_mean=0.719239, div_rms=3.507e-01, vort_rms=1.339e+00, mass_err=-5.984e-11
step= 25200, t=19.039617, dt=7.834e-04, KE=7.849617e-02, Mt=0.4025, A_K=0.202, Cuv=-0.082, P_in=2.790e-03, P_tgt=2.806e-03, A_F=0.307, K_low=0.197, P_drag=-3.034e-03, P_cool=-2.385e-03, WENO=0.098 (x=0.098, y=0.098), ReL2D=150.07, eps_nu=2.139e-03, P_hv=3.255e-05, rho_mean=1.000000, p_mean=0.719057, div_rms=3.536e-01, vort_rms=1.334e+00, mass_err=-6.057e-11
step= 25500, t=19.275086, dt=7.834e-04, KE=7.837740e-02, Mt=0.4018, A_K=0.202, Cuv=-0.077, P_in=2.814e-03, P_tgt=2.761e-03, A_F=0.112, K_low=0.206, P_drag=-3.171e-03, P_cool=-2.284e-03, WENO=0.096 (x=0.096, y=0.096), ReL2D=151.36, eps_nu=2.127e-03, P_hv=3.104e-05, rho_mean=1.000000, p_mean=0.718854, div_rms=3.451e-01, vort_rms=1.333e+00, mass_err=-6.128e-11
step= 25800, t=19.510886, dt=7.856e-04, KE=7.783000e-02, Mt=0.4001, A_K=0.199, Cuv=-0.073, P_in=2.684e-03, P_tgt=2.740e-03, A_F=0.128, K_low=0.214, P_drag=-3.275e-03, P_cool=-2.264e-03, WENO=0.096 (x=0.096, y=0.096), ReL2D=152.78, eps_nu=2.098e-03, P_hv=3.121e-05, rho_mean=1.000000, p_mean=0.718814, div_rms=3.314e-01, vort_rms=1.328e+00, mass_err=-6.200e-11
step= 26100, t=19.746981, dt=7.883e-04, KE=7.665654e-02, Mt=0.3969, A_K=0.195, Cuv=-0.054, P_in=2.766e-03, P_tgt=2.768e-03, A_F=0.111, K_low=0.223, P_drag=-3.351e-03, P_cool=-2.364e-03, WENO=0.104 (x=0.104, y=0.104), ReL2D=152.73, eps_nu=2.062e-03, P_hv=3.019e-05, rho_mean=1.000000, p_mean=0.719013, div_rms=3.238e-01, vort_rms=1.318e+00, mass_err=-6.272e-11
step= 26400, t=19.983417, dt=7.833e-04, KE=7.526397e-02, Mt=0.3933, A_K=0.198, Cuv=-0.006, P_in=2.842e-03, P_tgt=2.877e-03, A_F=0.111, K_low=0.234, P_drag=-3.423e-03, P_cool=-2.500e-03, WENO=0.097 (x=0.097, y=0.097), ReL2D=151.02, eps_nu=2.025e-03, P_hv=3.045e-05, rho_mean=1.000000, p_mean=0.719286, div_rms=3.121e-01, vort_rms=1.309e+00, mass_err=-6.344e-11
warning: flow component anisotropy has increased over the last three diagnostic samples
step= 26700, t=20.221319, dt=8.009e-04, KE=7.426381e-02, Mt=0.3908, A_K=0.202, Cuv=0.048, P_in=3.072e-03, P_tgt=3.060e-03, A_F=0.168, K_low=0.242, P_drag=-3.491e-03, P_cool=-2.556e-03, WENO=0.109 (x=0.109, y=0.109), ReL2D=149.91, eps_nu=2.000e-03, P_hv=3.075e-05, rho_mean=1.000000, p_mean=0.719398, div_rms=3.075e-01, vort_rms=1.301e+00, mass_err=-6.416e-11
step= 27000, t=20.461104, dt=7.942e-04, KE=7.362999e-02, Mt=0.3893, A_K=0.199, Cuv=0.086, P_in=3.351e-03, P_tgt=3.310e-03, A_F=0.289, K_low=0.248, P_drag=-3.557e-03, P_cool=-2.543e-03, WENO=0.115 (x=0.115, y=0.115), ReL2D=149.87, eps_nu=1.988e-03, P_hv=3.019e-05, rho_mean=1.000000, p_mean=0.719371, div_rms=3.050e-01, vort_rms=1.298e+00, mass_err=-6.487e-11
step= 27300, t=20.699782, dt=8.015e-04, KE=7.346895e-02, Mt=0.3894, A_K=0.183, Cuv=0.106, P_in=3.549e-03, P_tgt=3.603e-03, A_F=0.138, K_low=0.253, P_drag=-3.643e-03, P_cool=-2.449e-03, WENO=0.113 (x=0.113, y=0.113), ReL2D=149.39, eps_nu=1.977e-03, P_hv=2.956e-05, rho_mean=1.000000, p_mean=0.719183, div_rms=3.101e-01, vort_rms=1.292e+00, mass_err=-6.559e-11
step= 27600, t=20.940734, dt=7.966e-04, KE=7.348751e-02, Mt=0.3898, A_K=0.173, Cuv=0.124, P_in=3.876e-03, P_tgt=3.904e-03, A_F=0.016, K_low=0.261, P_drag=-3.774e-03, P_cool=-2.333e-03, WENO=0.106 (x=0.106, y=0.106), ReL2D=146.21, eps_nu=1.992e-03, P_hv=2.928e-05, rho_mean=1.000000, p_mean=0.718952, div_rms=3.191e-01, vort_rms=1.295e+00, mass_err=-6.631e-11
step= 27900, t=21.176802, dt=7.785e-04, KE=7.340770e-02, Mt=0.3892, A_K=0.166, Cuv=0.147, P_in=4.189e-03, P_tgt=4.235e-03, A_F=0.018, K_low=0.271, P_drag=-3.915e-03, P_cool=-2.252e-03, WENO=0.107 (x=0.107, y=0.107), ReL2D=143.31, eps_nu=1.986e-03, P_hv=3.015e-05, rho_mean=1.000000, p_mean=0.718789, div_rms=3.192e-01, vort_rms=1.293e+00, mass_err=-6.704e-11
saved snapshot: results/hit2d/final_thesis_Mach_ReL130_N512/preflight_N256/Mt040_N256_mu0p001098989/hit2d_step0027900.npz
step= 28200, t=21.410634, dt=7.823e-04, KE=7.321604e-02, Mt=0.3882, A_K=0.157, Cuv=0.182, P_in=4.601e-03, P_tgt=4.626e-03, A_F=0.053, K_low=0.280, P_drag=-4.027e-03, P_cool=-2.207e-03, WENO=0.100 (x=0.100, y=0.100), ReL2D=141.27, eps_nu=1.981e-03, P_hv=3.009e-05, rho_mean=1.000000, p_mean=0.718700, div_rms=3.170e-01, vort_rms=1.292e+00, mass_err=-6.776e-11
step= 28500, t=21.646399, dt=7.880e-04, KE=7.309981e-02, Mt=0.3879, A_K=0.137, Cuv=0.216, P_in=5.109e-03, P_tgt=5.083e-03, A_F=0.047, K_low=0.285, P_drag=-4.097e-03, P_cool=-2.165e-03, WENO=0.104 (x=0.104, y=0.104), ReL2D=140.22, eps_nu=1.991e-03, P_hv=2.896e-05, rho_mean=1.000000, p_mean=0.718615, div_rms=3.204e-01, vort_rms=1.294e+00, mass_err=-6.848e-11
step= 28800, t=21.880419, dt=7.733e-04, KE=7.317160e-02, Mt=0.3882, A_K=0.104, Cuv=0.240, P_in=5.620e-03, P_tgt=5.586e-03, A_F=0.111, K_low=0.287, P_drag=-4.134e-03, P_cool=-2.108e-03, WENO=0.099 (x=0.099, y=0.099), ReL2D=138.12, eps_nu=2.021e-03, P_hv=2.935e-05, rho_mean=1.000000, p_mean=0.718502, div_rms=3.317e-01, vort_rms=1.301e+00, mass_err=-6.920e-11
step= 29100, t=22.111157, dt=7.674e-04, KE=7.327578e-02, Mt=0.3882, A_K=0.076, Cuv=0.249, P_in=6.167e-03, P_tgt=6.125e-03, A_F=0.022, K_low=0.287, P_drag=-4.139e-03, P_cool=-2.071e-03, WENO=0.091 (x=0.091, y=0.091), ReL2D=132.75, eps_nu=2.092e-03, P_hv=3.098e-05, rho_mean=1.000000, p_mean=0.718428, div_rms=3.587e-01, vort_rms=1.316e+00, mass_err=-6.992e-11
step= 29400, t=22.339987, dt=7.635e-04, KE=7.329096e-02, Mt=0.3876, A_K=0.060, Cuv=0.259, P_in=6.701e-03, P_tgt=6.738e-03, A_F=0.012, K_low=0.283, P_drag=-4.104e-03, P_cool=-2.080e-03, WENO=0.088 (x=0.088, y=0.088), ReL2D=128.79, eps_nu=2.137e-03, P_hv=3.237e-05, rho_mean=1.000000, p_mean=0.718446, div_rms=3.683e-01, vort_rms=1.328e+00, mass_err=-7.066e-11
step= 29700, t=22.568662, dt=7.620e-04, KE=7.335296e-02, Mt=0.3870, A_K=0.038, Cuv=0.265, P_in=7.552e-03, P_tgt=7.454e-03, A_F=0.132, K_low=0.278, P_drag=-4.039e-03, P_cool=-2.111e-03, WENO=0.099 (x=0.099, y=0.099), ReL2D=127.95, eps_nu=2.148e-03, P_hv=3.285e-05, rho_mean=1.000000, p_mean=0.718507, div_rms=3.489e-01, vort_rms=1.339e+00, mass_err=-7.137e-11
step= 30000, t=22.794880, dt=7.486e-04, KE=7.372397e-02, Mt=0.3884, A_K=0.010, Cuv=0.256, P_in=8.278e-03, P_tgt=8.216e-03, A_F=0.131, K_low=0.271, P_drag=-3.935e-03, P_cool=-2.118e-03, WENO=0.116 (x=0.116, y=0.116), ReL2D=130.03, eps_nu=2.176e-03, P_hv=3.244e-05, rho_mean=1.000000, p_mean=0.718521, div_rms=3.474e-01, vort_rms=1.349e+00, mass_err=-7.210e-11
step= 30300, t=23.019505, dt=7.460e-04, KE=7.406886e-02, Mt=0.3899, A_K=0.005, Cuv=0.264, P_in=8.964e-03, P_tgt=8.943e-03, A_F=0.062, K_low=0.260, P_drag=-3.795e-03, P_cool=-2.163e-03, WENO=0.113 (x=0.113, y=0.113), ReL2D=131.82, eps_nu=2.209e-03, P_hv=3.367e-05, rho_mean=1.000000, p_mean=0.718611, div_rms=3.471e-01, vort_rms=1.360e+00, mass_err=-7.282e-11
step= 30600, t=23.244774, dt=7.609e-04, KE=7.466506e-02, Mt=0.3910, A_K=0.010, Cuv=0.269, P_in=9.605e-03, P_tgt=9.630e-03, A_F=0.060, K_low=0.246, P_drag=-3.631e-03, P_cool=-2.197e-03, WENO=0.120 (x=0.120, y=0.120), ReL2D=132.03, eps_nu=2.256e-03, P_hv=3.501e-05, rho_mean=1.000000, p_mean=0.718680, div_rms=3.558e-01, vort_rms=1.373e+00, mass_err=-7.355e-11
step= 30900, t=23.472122, dt=7.527e-04, KE=7.558770e-02, Mt=0.3926, A_K=0.008, Cuv=0.271, P_in=1.026e-02, P_tgt=1.027e-02, A_F=0.074, K_low=0.231, P_drag=-3.472e-03, P_cool=-2.207e-03, WENO=0.118 (x=0.118, y=0.118), ReL2D=131.63, eps_nu=2.308e-03, P_hv=3.466e-05, rho_mean=1.000000, p_mean=0.718699, div_rms=3.581e-01, vort_rms=1.389e+00, mass_err=-7.427e-11
saved snapshot: results/hit2d/final_thesis_Mach_ReL130_N512/preflight_N256/Mt040_N256_mu0p001098989/hit2d_step0031000.npz
step= 31200, t=23.697311, dt=7.501e-04, KE=7.676281e-02, Mt=0.3960, A_K=0.025, Cuv=0.265, P_in=1.074e-02, P_tgt=1.074e-02, A_F=0.043, K_low=0.218, P_drag=-3.343e-03, P_cool=-2.194e-03, WENO=0.107 (x=0.107, y=0.107), ReL2D=130.82, eps_nu=2.376e-03, P_hv=3.520e-05, rho_mean=1.000000, p_mean=0.718673, div_rms=3.733e-01, vort_rms=1.406e+00, mass_err=-7.500e-11
step= 31500, t=23.921810, dt=7.429e-04, KE=7.766531e-02, Mt=0.3994, A_K=0.068, Cuv=0.250, P_in=1.090e-02, P_tgt=1.093e-02, A_F=0.125, K_low=0.210, P_drag=-3.238e-03, P_cool=-2.251e-03, WENO=0.111 (x=0.111, y=0.111), ReL2D=130.51, eps_nu=2.427e-03, P_hv=3.521e-05, rho_mean=1.000000, p_mean=0.718788, div_rms=3.724e-01, vort_rms=1.422e+00, mass_err=-7.572e-11
step= 31800, t=24.141914, dt=7.308e-04, KE=7.805604e-02, Mt=0.4017, A_K=0.136, Cuv=0.241, P_in=1.091e-02, P_tgt=1.087e-02, A_F=0.048, K_low=0.204, P_drag=-3.127e-03, P_cool=-2.414e-03, WENO=0.119 (x=0.119, y=0.119), ReL2D=128.26, eps_nu=2.492e-03, P_hv=3.671e-05, rho_mean=1.000000, p_mean=0.719114, div_rms=3.756e-01, vort_rms=1.442e+00, mass_err=-7.644e-11
step= 32100, t=24.360946, dt=7.254e-04, KE=7.792804e-02, Mt=0.4031, A_K=0.183, Cuv=0.257, P_in=1.074e-02, P_tgt=1.068e-02, A_F=0.119, K_low=0.199, P_drag=-3.017e-03, P_cool=-2.670e-03, WENO=0.114 (x=0.114, y=0.114), ReL2D=128.32, eps_nu=2.508e-03, P_hv=3.772e-05, rho_mean=1.000000, p_mean=0.719626, div_rms=3.587e-01, vort_rms=1.453e+00, mass_err=-7.716e-11
warning: flow component anisotropy has increased over the last three diagnostic samples
step= 32400, t=24.578245, dt=7.226e-04, KE=7.815177e-02, Mt=0.4060, A_K=0.218, Cuv=0.268, P_in=1.045e-02, P_tgt=1.034e-02, A_F=0.161, K_low=0.193, P_drag=-2.910e-03, P_cool=-2.837e-03, WENO=0.113 (x=0.113, y=0.113), ReL2D=129.37, eps_nu=2.544e-03, P_hv=3.988e-05, rho_mean=1.000000, p_mean=0.719961, div_rms=3.569e-01, vort_rms=1.464e+00, mass_err=-7.788e-11
warning: flow component anisotropy has increased over the last three diagnostic samples
step= 32700, t=24.796311, dt=7.300e-04, KE=7.921445e-02, Mt=0.4100, A_K=0.240, Cuv=0.259, P_in=9.613e-03, P_tgt=9.756e-03, A_F=0.247, K_low=0.185, P_drag=-2.822e-03, P_cool=-2.817e-03, WENO=0.111 (x=0.111, y=0.111), ReL2D=131.03, eps_nu=2.594e-03, P_hv=4.060e-05, rho_mean=1.000000, p_mean=0.719919, div_rms=3.691e-01, vort_rms=1.476e+00, mass_err=-7.860e-11
warning: flow component anisotropy has increased over the last three diagnostic samples
step= 33000, t=25.015454, dt=7.327e-04, KE=8.072420e-02, Mt=0.4134, A_K=0.248, Cuv=0.247, P_in=9.042e-03, P_tgt=8.958e-03, A_F=0.132, K_low=0.179, P_drag=-2.751e-03, P_cool=-2.682e-03, WENO=0.118 (x=0.118, y=0.118), ReL2D=132.88, eps_nu=2.642e-03, P_hv=4.368e-05, rho_mean=1.000000, p_mean=0.719650, div_rms=3.846e-01, vort_rms=1.485e+00, mass_err=-7.932e-11
step= 33300, t=25.237277, dt=7.456e-04, KE=8.169512e-02, Mt=0.4143, A_K=0.247, Cuv=0.244, P_in=8.038e-03, P_tgt=8.103e-03, A_F=0.124, K_low=0.173, P_drag=-2.696e-03, P_cool=-2.626e-03, WENO=0.120 (x=0.120, y=0.120), ReL2D=132.85, eps_nu=2.691e-03, P_hv=4.353e-05, rho_mean=1.000000, p_mean=0.719539, div_rms=4.024e-01, vort_rms=1.494e+00, mass_err=-8.003e-11
step= 33600, t=25.460003, dt=7.451e-04, KE=8.212674e-02, Mt=0.4144, A_K=0.241, Cuv=0.243, P_in=7.308e-03, P_tgt=7.320e-03, A_F=0.019, K_low=0.168, P_drag=-2.647e-03, P_cool=-2.647e-03, WENO=0.110 (x=0.110, y=0.110), ReL2D=132.37, eps_nu=2.731e-03, P_hv=4.509e-05, rho_mean=1.000000, p_mean=0.719579, div_rms=4.142e-01, vort_rms=1.502e+00, mass_err=-8.076e-11
step= 33900, t=25.685305, dt=7.523e-04, KE=8.288706e-02, Mt=0.4161, A_K=0.235, Cuv=0.233, P_in=6.624e-03, P_tgt=6.574e-03, A_F=0.030, K_low=0.162, P_drag=-2.601e-03, P_cool=-2.571e-03, WENO=0.092 (x=0.092, y=0.092), ReL2D=131.54, eps_nu=2.808e-03, P_hv=4.733e-05, rho_mean=1.000000, p_mean=0.719428, div_rms=4.461e-01, vort_rms=1.513e+00, mass_err=-8.149e-11
saved snapshot: results/hit2d/final_thesis_Mach_ReL130_N512/preflight_N256/Mt040_N256_mu0p001098989/hit2d_step0034100.npz
step= 34200, t=25.909507, dt=7.430e-04, KE=8.338672e-02, Mt=0.4170, A_K=0.238, Cuv=0.219, P_in=5.847e-03, P_tgt=5.841e-03, A_F=0.168, K_low=0.157, P_drag=-2.555e-03, P_cool=-2.519e-03, WENO=0.083 (x=0.083, y=0.083), ReL2D=132.01, eps_nu=2.850e-03, P_hv=4.864e-05, rho_mean=1.000000, p_mean=0.719324, div_rms=4.565e-01, vort_rms=1.522e+00, mass_err=-8.220e-11
warning: flow component anisotropy has increased over the last three diagnostic samples
step= 34500, t=26.134454, dt=7.528e-04, KE=8.306852e-02, Mt=0.4149, A_K=0.248, Cuv=0.209, P_in=5.259e-03, P_tgt=5.212e-03, A_F=0.228, K_low=0.154, P_drag=-2.509e-03, P_cool=-2.600e-03, WENO=0.094 (x=0.094, y=0.094), ReL2D=130.66, eps_nu=2.831e-03, P_hv=4.801e-05, rho_mean=1.000000, p_mean=0.719487, div_rms=4.436e-01, vort_rms=1.521e+00, mass_err=-8.293e-11
step= 34800, t=26.358987, dt=7.502e-04, KE=8.260794e-02, Mt=0.4125, A_K=0.239, Cuv=0.193, P_in=4.875e-03, P_tgt=4.730e-03, A_F=0.147, K_low=0.152, P_drag=-2.482e-03, P_cool=-2.684e-03, WENO=0.113 (x=0.113, y=0.113), ReL2D=130.37, eps_nu=2.803e-03, P_hv=4.722e-05, rho_mean=1.000000, p_mean=0.719654, div_rms=4.226e-01, vort_rms=1.521e+00, mass_err=-8.364e-11
step= 35100, t=26.585199, dt=7.444e-04, KE=8.252228e-02, Mt=0.4111, A_K=0.221, Cuv=0.181, P_in=4.343e-03, P_tgt=4.349e-03, A_F=0.060, K_low=0.152, P_drag=-2.476e-03, P_cool=-2.673e-03, WENO=0.135 (x=0.135, y=0.135), ReL2D=131.28, eps_nu=2.787e-03, P_hv=4.684e-05, rho_mean=1.000000, p_mean=0.719632, div_rms=4.195e-01, vort_rms=1.517e+00, mass_err=-8.436e-11
step= 35400, t=26.805284, dt=7.239e-04, KE=8.242023e-02, Mt=0.4111, A_K=0.206, Cuv=0.182, P_in=4.003e-03, P_tgt=4.019e-03, A_F=0.011, K_low=0.152, P_drag=-2.475e-03, P_cool=-2.652e-03, WENO=0.131 (x=0.131, y=0.131), ReL2D=131.97, eps_nu=2.790e-03, P_hv=4.915e-05, rho_mean=1.000000, p_mean=0.719590, div_rms=4.216e-01, vort_rms=1.517e+00, mass_err=-8.508e-11
step= 35700, t=27.020049, dt=7.095e-04, KE=8.212645e-02, Mt=0.4110, A_K=0.178, Cuv=0.181, P_in=3.673e-03, P_tgt=3.707e-03, A_F=0.097, K_low=0.153, P_drag=-2.482e-03, P_cool=-2.658e-03, WENO=0.144 (x=0.144, y=0.144), ReL2D=129.81, eps_nu=2.815e-03, P_hv=5.239e-05, rho_mean=1.000000, p_mean=0.719602, div_rms=4.413e-01, vort_rms=1.517e+00, mass_err=-8.581e-11
step= 36000, t=27.232620, dt=7.104e-04, KE=8.147021e-02, Mt=0.4096, A_K=0.142, Cuv=0.186, P_in=3.412e-03, P_tgt=3.441e-03, A_F=0.008, K_low=0.155, P_drag=-2.504e-03, P_cool=-2.722e-03, WENO=0.132 (x=0.132, y=0.132), ReL2D=127.28, eps_nu=2.813e-03, P_hv=5.120e-05, rho_mean=1.000000, p_mean=0.719729, div_rms=4.452e-01, vort_rms=1.515e+00, mass_err=-8.653e-11
step= 36300, t=27.447412, dt=7.215e-04, KE=8.081040e-02, Mt=0.4082, A_K=0.119, Cuv=0.186, P_in=3.207e-03, P_tgt=3.225e-03, A_F=0.105, K_low=0.160, P_drag=-2.553e-03, P_cool=-2.770e-03, WENO=0.129 (x=0.129, y=0.129), ReL2D=123.76, eps_nu=2.814e-03, P_hv=5.075e-05, rho_mean=1.000000, p_mean=0.719825, div_rms=4.541e-01, vort_rms=1.512e+00, mass_err=-8.725e-11
step= 36600, t=27.663081, dt=7.199e-04, KE=8.026502e-02, Mt=0.4070, A_K=0.113, Cuv=0.170, P_in=3.041e-03, P_tgt=3.050e-03, A_F=0.040, K_low=0.168, P_drag=-2.626e-03, P_cool=-2.781e-03, WENO=0.113 (x=0.113, y=0.113), ReL2D=121.33, eps_nu=2.811e-03, P_hv=5.081e-05, rho_mean=1.000000, p_mean=0.719848, div_rms=4.671e-01, vort_rms=1.506e+00, mass_err=-8.797e-11
step= 36900, t=27.879458, dt=7.271e-04, KE=7.989053e-02, Mt=0.4059, A_K=0.088, Cuv=0.126, P_in=2.986e-03, P_tgt=2.911e-03, A_F=0.031, K_low=0.174, P_drag=-2.688e-03, P_cool=-2.752e-03, WENO=0.125 (x=0.125, y=0.125), ReL2D=120.14, eps_nu=2.791e-03, P_hv=5.032e-05, rho_mean=1.000000, p_mean=0.719790, div_rms=4.621e-01, vort_rms=1.502e+00, mass_err=-8.869e-11
step= 37200, t=28.102096, dt=7.581e-04, KE=7.980516e-02, Mt=0.4055, A_K=0.071, Cuv=0.098, P_in=2.769e-03, P_tgt=2.792e-03, A_F=0.016, K_low=0.177, P_drag=-2.742e-03, P_cool=-2.655e-03, WENO=0.129 (x=0.129, y=0.129), ReL2D=120.22, eps_nu=2.755e-03, P_hv=4.687e-05, rho_mean=1.000000, p_mean=0.719596, div_rms=4.684e-01, vort_rms=1.488e+00, mass_err=-8.939e-11
saved snapshot: results/hit2d/final_thesis_Mach_ReL130_N512/preflight_N256/Mt040_N256_mu0p001098989/hit2d_step0037200.npz
step= 37500, t=28.327764, dt=7.534e-04, KE=7.950112e-02, Mt=0.4048, A_K=0.060, Cuv=0.092, P_in=2.686e-03, P_tgt=2.687e-03, A_F=0.046, K_low=0.178, P_drag=-2.778e-03, P_cool=-2.597e-03, WENO=0.133 (x=0.133, y=0.133), ReL2D=121.23, eps_nu=2.715e-03, P_hv=4.392e-05, rho_mean=1.000000, p_mean=0.719480, div_rms=4.658e-01, vort_rms=1.477e+00, mass_err=-9.012e-11
step= 37800, t=28.553956, dt=7.545e-04, KE=7.894494e-02, Mt=0.4032, A_K=0.049, Cuv=0.097, P_in=2.617e-03, P_tgt=2.606e-03, A_F=0.052, K_low=0.179, P_drag=-2.804e-03, P_cool=-2.585e-03, WENO=0.141 (x=0.141, y=0.141), ReL2D=119.79, eps_nu=2.696e-03, P_hv=4.273e-05, rho_mean=1.000000, p_mean=0.719455, div_rms=4.682e-01, vort_rms=1.470e+00, mass_err=-9.084e-11
step= 38100, t=28.777374, dt=7.355e-04, KE=7.844007e-02, Mt=0.4008, A_K=0.029, Cuv=0.106, P_in=2.558e-03, P_tgt=2.567e-03, A_F=0.093, K_low=0.181, P_drag=-2.835e-03, P_cool=-2.560e-03, WENO=0.123 (x=0.123, y=0.123), ReL2D=116.57, eps_nu=2.669e-03, P_hv=4.316e-05, rho_mean=1.000000, p_mean=0.719405, div_rms=4.669e-01, vort_rms=1.462e+00, mass_err=-9.157e-11
step= 38400, t=28.997782, dt=7.400e-04, KE=7.818171e-02, Mt=0.3993, A_K=0.013, Cuv=0.113, P_in=2.587e-03, P_tgt=2.567e-03, A_F=0.101, K_low=0.183, P_drag=-2.861e-03, P_cool=-2.488e-03, WENO=0.122 (x=0.122, y=0.122), ReL2D=117.19, eps_nu=2.622e-03, P_hv=4.457e-05, rho_mean=1.000000, p_mean=0.719261, div_rms=4.558e-01, vort_rms=1.452e+00, mass_err=-9.229e-11
step= 38700, t=29.222989, dt=7.660e-04, KE=7.745166e-02, Mt=0.3976, A_K=0.001, Cuv=0.125, P_in=2.580e-03, P_tgt=2.595e-03, A_F=0.044, K_low=0.186, P_drag=-2.873e-03, P_cool=-2.509e-03, WENO=0.130 (x=0.130, y=0.130), ReL2D=119.64, eps_nu=2.560e-03, P_hv=4.302e-05, rho_mean=1.000000, p_mean=0.719304, div_rms=4.401e-01, vort_rms=1.439e+00, mass_err=-9.302e-11
step= 39000, t=29.451126, dt=7.505e-04, KE=7.596931e-02, Mt=0.3945, A_K=0.011, Cuv=0.145, P_in=2.737e-03, P_tgt=2.674e-03, A_F=0.315, K_low=0.190, P_drag=-2.869e-03, P_cool=-2.677e-03, WENO=0.140 (x=0.140, y=0.140), ReL2D=120.75, eps_nu=2.499e-03, P_hv=4.109e-05, rho_mean=1.000000, p_mean=0.719640, div_rms=4.282e-01, vort_rms=1.425e+00, mass_err=-9.374e-11
step= 39300, t=29.674881, dt=7.460e-04, KE=7.462405e-02, Mt=0.3921, A_K=0.027, Cuv=0.176, P_in=2.776e-03, P_tgt=2.818e-03, A_F=0.254, K_low=0.196, P_drag=-2.852e-03, P_cool=-2.818e-03, WENO=0.132 (x=0.132, y=0.132), ReL2D=120.96, eps_nu=2.458e-03, P_hv=4.191e-05, rho_mean=1.000000, p_mean=0.719922, div_rms=4.280e-01, vort_rms=1.412e+00, mass_err=-9.446e-11
step= 39600, t=29.901296, dt=7.660e-04, KE=7.373055e-02, Mt=0.3905, A_K=0.053, Cuv=0.205, P_in=3.018e-03, P_tgt=3.015e-03, A_F=0.210, K_low=0.199, P_drag=-2.820e-03, P_cool=-2.871e-03, WENO=0.134 (x=0.134, y=0.134), ReL2D=121.60, eps_nu=2.434e-03, P_hv=4.078e-05, rho_mean=1.000000, p_mean=0.720027, div_rms=4.271e-01, vort_rms=1.404e+00, mass_err=-9.518e-11
step= 39900, t=30.132616, dt=7.752e-04, KE=7.324706e-02, Mt=0.3889, A_K=0.083, Cuv=0.229, P_in=3.249e-03, P_tgt=3.267e-03, A_F=0.104, K_low=0.197, P_drag=-2.757e-03, P_cool=-2.850e-03, WENO=0.139 (x=0.139, y=0.139), ReL2D=121.65, eps_nu=2.420e-03, P_hv=3.996e-05, rho_mean=1.000000, p_mean=0.719987, div_rms=4.286e-01, vort_rms=1.399e+00, mass_err=-9.590e-11
step= 40200, t=30.365811, dt=7.808e-04, KE=7.306976e-02, Mt=0.3882, A_K=0.092, Cuv=0.241, P_in=3.577e-03, P_tgt=3.577e-03, A_F=0.052, K_low=0.192, P_drag=-2.680e-03, P_cool=-2.787e-03, WENO=0.154 (x=0.154, y=0.154), ReL2D=122.50, eps_nu=2.388e-03, P_hv=4.067e-05, rho_mean=1.000000, p_mean=0.719860, div_rms=4.175e-01, vort_rms=1.393e+00, mass_err=-9.663e-11
saved snapshot: results/hit2d/final_thesis_Mach_ReL130_N512/preflight_N256/Mt040_N256_mu0p001098989/hit2d_step0040300.npz
step= 40500, t=30.600413, dt=7.810e-04, KE=7.323016e-02, Mt=0.3887, A_K=0.093, Cuv=0.231, P_in=3.890e-03, P_tgt=3.916e-03, A_F=0.053, K_low=0.187, P_drag=-2.618e-03, P_cool=-2.680e-03, WENO=0.148 (x=0.148, y=0.148), ReL2D=124.19, eps_nu=2.351e-03, P_hv=4.277e-05, rho_mean=1.000000, p_mean=0.719645, div_rms=4.143e-01, vort_rms=1.382e+00, mass_err=-9.735e-11
step= 40800, t=30.834495, dt=7.724e-04, KE=7.322290e-02, Mt=0.3890, A_K=0.080, Cuv=0.216, P_in=4.282e-03, P_tgt=4.270e-03, A_F=0.104, K_low=0.184, P_drag=-2.577e-03, P_cool=-2.627e-03, WENO=0.142 (x=0.142, y=0.142), ReL2D=126.11, eps_nu=2.314e-03, P_hv=4.227e-05, rho_mean=1.000000, p_mean=0.719540, div_rms=4.088e-01, vort_rms=1.372e+00, mass_err=-9.806e-11
step= 41100, t=31.064341, dt=7.640e-04, KE=7.307530e-02, Mt=0.3886, A_K=0.067, Cuv=0.201, P_in=4.618e-03, P_tgt=4.658e-03, A_F=0.054, K_low=0.182, P_drag=-2.540e-03, P_cool=-2.625e-03, WENO=0.140 (x=0.140, y=0.140), ReL2D=126.94, eps_nu=2.278e-03, P_hv=4.095e-05, rho_mean=1.000000, p_mean=0.719535, div_rms=3.988e-01, vort_rms=1.364e+00, mass_err=-9.878e-11
step= 41400, t=31.294552, dt=7.756e-04, KE=7.322899e-02, Mt=0.3882, A_K=0.038, Cuv=0.187, P_in=5.202e-03, P_tgt=5.101e-03, A_F=0.254, K_low=0.177, P_drag=-2.485e-03, P_cool=-2.586e-03, WENO=0.127 (x=0.127, y=0.127), ReL2D=124.65, eps_nu=2.289e-03, P_hv=4.129e-05, rho_mean=1.000000, p_mean=0.719458, div_rms=4.072e-01, vort_rms=1.365e+00, mass_err=-9.951e-11
step= 41700, t=31.528883, dt=7.870e-04, KE=7.348421e-02, Mt=0.3881, A_K=0.013, Cuv=0.177, P_in=5.574e-03, P_tgt=5.602e-03, A_F=0.183, K_low=0.170, P_drag=-2.427e-03, P_cool=-2.552e-03, WENO=0.135 (x=0.135, y=0.135), ReL2D=122.67, eps_nu=2.339e-03, P_hv=4.019e-05, rho_mean=1.000000, p_mean=0.719391, div_rms=4.133e-01, vort_rms=1.379e+00, mass_err=-1.002e-10
step= 42000, t=31.765975, dt=7.892e-04, KE=7.389902e-02, Mt=0.3888, A_K=0.055, Cuv=0.145, P_in=6.205e-03, P_tgt=6.141e-03, A_F=0.219, K_low=0.164, P_drag=-2.375e-03, P_cool=-2.512e-03, WENO=0.134 (x=0.134, y=0.134), ReL2D=124.72, eps_nu=2.339e-03, P_hv=4.002e-05, rho_mean=1.000000, p_mean=0.719309, div_rms=4.053e-01, vort_rms=1.382e+00, mass_err=-1.010e-10
step= 42300, t=32.004107, dt=7.973e-04, KE=7.457359e-02, Mt=0.3907, A_K=0.099, Cuv=0.105, P_in=6.777e-03, P_tgt=6.653e-03, A_F=0.139, K_low=0.159, P_drag=-2.331e-03, P_cool=-2.452e-03, WENO=0.135 (x=0.135, y=0.135), ReL2D=127.66, eps_nu=2.358e-03, P_hv=4.147e-05, rho_mean=1.000000, p_mean=0.719190, div_rms=4.141e-01, vort_rms=1.384e+00, mass_err=-1.017e-10
step= 42600, t=32.241433, dt=7.764e-04, KE=7.494555e-02, Mt=0.3916, A_K=0.102, Cuv=0.082, P_in=7.036e-03, P_tgt=7.120e-03, A_F=0.128, K_low=0.154, P_drag=-2.270e-03, P_cool=-2.480e-03, WENO=0.134 (x=0.134, y=0.134), ReL2D=128.29, eps_nu=2.373e-03, P_hv=4.064e-05, rho_mean=1.000000, p_mean=0.719246, div_rms=4.069e-01, vort_rms=1.392e+00, mass_err=-1.024e-10
step= 42900, t=32.473189, dt=7.793e-04, KE=7.508945e-02, Mt=0.3922, A_K=0.110, Cuv=0.084, P_in=7.545e-03, P_tgt=7.581e-03, A_F=0.108, K_low=0.148, P_drag=-2.185e-03, P_cool=-2.574e-03, WENO=0.129 (x=0.129, y=0.129), ReL2D=127.63, eps_nu=2.387e-03, P_hv=4.276e-05, rho_mean=1.000000, p_mean=0.719433, div_rms=4.028e-01, vort_rms=1.398e+00, mass_err=-1.031e-10
step= 43200, t=32.707178, dt=7.742e-04, KE=7.498396e-02, Mt=0.3931, A_K=0.088, Cuv=0.108, P_in=8.028e-03, P_tgt=8.021e-03, A_F=0.126, K_low=0.142, P_drag=-2.096e-03, P_cool=-2.736e-03, WENO=0.125 (x=0.125, y=0.125), ReL2D=126.43, eps_nu=2.412e-03, P_hv=4.406e-05, rho_mean=1.000000, p_mean=0.719757, div_rms=4.007e-01, vort_rms=1.407e+00, mass_err=-1.039e-10
saved snapshot: results/hit2d/final_thesis_Mach_ReL130_N512/preflight_N256/Mt040_N256_mu0p001098989/hit2d_step0043400.npz
step= 43500, t=32.938447, dt=7.659e-04, KE=7.508191e-02, Mt=0.3936, A_K=0.058, Cuv=0.126, P_in=8.396e-03, P_tgt=8.439e-03, A_F=0.092, K_low=0.136, P_drag=-2.023e-03, P_cool=-2.872e-03, WENO=0.141 (x=0.141, y=0.141), ReL2D=123.96, eps_nu=2.450e-03, P_hv=4.435e-05, rho_mean=1.000000, p_mean=0.720030, div_rms=3.968e-01, vort_rms=1.421e+00, mass_err=-1.046e-10
step= 43800, t=33.165931, dt=7.526e-04, KE=7.598525e-02, Mt=0.3949, A_K=0.036, Cuv=0.111, P_in=8.822e-03, P_tgt=8.831e-03, A_F=0.087, K_low=0.130, P_drag=-1.971e-03, P_cool=-2.865e-03, WENO=0.136 (x=0.136, y=0.136), ReL2D=121.59, eps_nu=2.517e-03, P_hv=4.370e-05, rho_mean=1.000000, p_mean=0.720015, div_rms=4.150e-01, vort_rms=1.435e+00, mass_err=-1.053e-10
step= 44100, t=33.389468, dt=7.388e-04, KE=7.755315e-02, Mt=0.3980, A_K=0.037, Cuv=0.081, P_in=9.144e-03, P_tgt=9.076e-03, A_F=0.017, K_low=0.123, P_drag=-1.942e-03, P_cool=-2.741e-03, WENO=0.134 (x=0.134, y=0.134), ReL2D=118.84, eps_nu=2.619e-03, P_hv=4.419e-05, rho_mean=1.000000, p_mean=0.719767, div_rms=4.480e-01, vort_rms=1.455e+00, mass_err=-1.060e-10
step= 44400, t=33.610407, dt=7.393e-04, KE=7.896846e-02, Mt=0.4008, A_K=0.068, Cuv=0.062, P_in=9.139e-03, P_tgt=9.108e-03, A_F=0.021, K_low=0.118, P_drag=-1.936e-03, P_cool=-2.655e-03, WENO=0.138 (x=0.138, y=0.138), ReL2D=119.03, eps_nu=2.690e-03, P_hv=4.735e-05, rho_mean=1.000000, p_mean=0.719595, div_rms=4.558e-01, vort_rms=1.473e+00, mass_err=-1.067e-10
step= 44700, t=33.834623, dt=7.446e-04, KE=8.035999e-02, Mt=0.4037, A_K=0.104, Cuv=0.040, P_in=8.958e-03, P_tgt=8.963e-03, A_F=0.009, K_low=0.118, P_drag=-1.970e-03, P_cool=-2.576e-03, WENO=0.141 (x=0.141, y=0.141), ReL2D=121.75, eps_nu=2.730e-03, P_hv=4.935e-05, rho_mean=1.000000, p_mean=0.719438, div_rms=4.636e-01, vort_rms=1.482e+00, mass_err=-1.075e-10
step= 45000, t=34.057824, dt=7.529e-04, KE=8.158057e-02, Mt=0.4070, A_K=0.133, Cuv=0.039, P_in=8.755e-03, P_tgt=8.618e-03, A_F=0.148, K_low=0.122, P_drag=-2.032e-03, P_cool=-2.522e-03, WENO=0.137 (x=0.137, y=0.137), ReL2D=125.95, eps_nu=2.729e-03, P_hv=4.967e-05, rho_mean=1.000000, p_mean=0.719331, div_rms=4.566e-01, vort_rms=1.485e+00, mass_err=-1.082e-10
step= 45300, t=34.281600, dt=7.381e-04, KE=8.236622e-02, Mt=0.4098, A_K=0.156, Cuv=0.050, P_in=8.085e-03, P_tgt=8.099e-03, A_F=0.238, K_low=0.129, P_drag=-2.110e-03, P_cool=-2.537e-03, WENO=0.135 (x=0.135, y=0.135), ReL2D=129.36, eps_nu=2.748e-03, P_hv=5.015e-05, rho_mean=1.000000, p_mean=0.719359, div_rms=4.527e-01, vort_rms=1.492e+00, mass_err=-1.089e-10
step= 45600, t=34.503714, dt=7.434e-04, KE=8.263097e-02, Mt=0.4110, A_K=0.156, Cuv=0.065, P_in=7.498e-03, P_tgt=7.515e-03, A_F=0.076, K_low=0.136, P_drag=-2.192e-03, P_cool=-2.621e-03, WENO=0.129 (x=0.129, y=0.129), ReL2D=131.55, eps_nu=2.725e-03, P_hv=4.901e-05, rho_mean=1.000000, p_mean=0.719528, div_rms=4.201e-01, vort_rms=1.498e+00, mass_err=-1.096e-10
step= 45900, t=34.722515, dt=7.193e-04, KE=8.313406e-02, Mt=0.4126, A_K=0.142, Cuv=0.073, P_in=6.912e-03, P_tgt=6.904e-03, A_F=0.125, K_low=0.139, P_drag=-2.252e-03, P_cool=-2.624e-03, WENO=0.137 (x=0.137, y=0.137), ReL2D=131.56, eps_nu=2.745e-03, P_hv=4.851e-05, rho_mean=1.000000, p_mean=0.719534, div_rms=4.287e-01, vort_rms=1.501e+00, mass_err=-1.103e-10
step= 46200, t=34.936393, dt=7.079e-04, KE=8.318310e-02, Mt=0.4127, A_K=0.120, Cuv=0.082, P_in=6.298e-03, P_tgt=6.300e-03, A_F=0.018, K_low=0.138, P_drag=-2.269e-03, P_cool=-2.685e-03, WENO=0.146 (x=0.146, y=0.146), ReL2D=129.81, eps_nu=2.751e-03, P_hv=5.052e-05, rho_mean=1.000000, p_mean=0.719656, div_rms=4.366e-01, vort_rms=1.500e+00, mass_err=-1.111e-10
step= 46500, t=35.147031, dt=6.999e-04, KE=8.271517e-02, Mt=0.4112, A_K=0.109, Cuv=0.087, P_in=5.783e-03, P_tgt=5.779e-03, A_F=0.047, K_low=0.135, P_drag=-2.239e-03, P_cool=-2.821e-03, WENO=0.132 (x=0.132, y=0.132), ReL2D=128.53, eps_nu=2.758e-03, P_hv=5.273e-05, rho_mean=1.000000, p_mean=0.719928, div_rms=4.446e-01, vort_rms=1.499e+00, mass_err=-1.118e-10
saved snapshot: results/hit2d/final_thesis_Mach_ReL130_N512/preflight_N256/Mt040_N256_mu0p001098989/hit2d_step0046500.npz
step= 46800, t=35.358226, dt=7.094e-04, KE=8.229433e-02, Mt=0.4098, A_K=0.100, Cuv=0.085, P_in=5.364e-03, P_tgt=5.361e-03, A_F=0.062, K_low=0.131, P_drag=-2.181e-03, P_cool=-2.926e-03, WENO=0.125 (x=0.125, y=0.125), ReL2D=128.85, eps_nu=2.751e-03, P_hv=5.431e-05, rho_mean=1.000000, p_mean=0.720137, div_rms=4.386e-01, vort_rms=1.499e+00, mass_err=-1.125e-10
step= 47100, t=35.573595, dt=7.288e-04, KE=8.235670e-02, Mt=0.4100, A_K=0.091, Cuv=0.083, P_in=4.939e-03, P_tgt=4.991e-03, A_F=0.042, K_low=0.128, P_drag=-2.134e-03, P_cool=-2.919e-03, WENO=0.129 (x=0.129, y=0.129), ReL2D=128.37, eps_nu=2.772e-03, P_hv=5.181e-05, rho_mean=1.000000, p_mean=0.720123, div_rms=4.615e-01, vort_rms=1.496e+00, mass_err=-1.132e-10
step= 47400, t=35.793574, dt=7.352e-04, KE=8.203246e-02, Mt=0.4099, A_K=0.085, Cuv=0.074, P_in=4.678e-03, P_tgt=4.649e-03, A_F=0.132, K_low=0.129, P_drag=-2.133e-03, P_cool=-2.972e-03, WENO=0.130 (x=0.130, y=0.130), ReL2D=129.97, eps_nu=2.730e-03, P_hv=4.998e-05, rho_mean=1.000000, p_mean=0.720230, div_rms=4.473e-01, vort_rms=1.489e+00, mass_err=-1.139e-10
step= 47700, t=36.015824, dt=7.477e-04, KE=8.198180e-02, Mt=0.4114, A_K=0.086, Cuv=0.057, P_in=4.298e-03, P_tgt=4.309e-03, A_F=0.085, K_low=0.133, P_drag=-2.181e-03, P_cool=-2.953e-03, WENO=0.118 (x=0.118, y=0.118), ReL2D=131.39, eps_nu=2.715e-03, P_hv=5.048e-05, rho_mean=1.000000, p_mean=0.720191, div_rms=4.560e-01, vort_rms=1.481e+00, mass_err=-1.146e-10
step= 48000, t=36.241498, dt=7.536e-04, KE=8.185567e-02, Mt=0.4127, A_K=0.097, Cuv=0.037, P_in=3.949e-03, P_tgt=3.948e-03, A_F=0.089, K_low=0.139, P_drag=-2.248e-03, P_cool=-2.932e-03, WENO=0.123 (x=0.123, y=0.123), ReL2D=132.69, eps_nu=2.689e-03, P_hv=5.097e-05, rho_mean=1.000000, p_mean=0.720149, div_rms=4.504e-01, vort_rms=1.475e+00, mass_err=-1.154e-10
step= 48300, t=36.466072, dt=7.406e-04, KE=8.140944e-02, Mt=0.4120, A_K=0.093, Cuv=0.016, P_in=3.624e-03, P_tgt=3.611e-03, A_F=0.105, K_low=0.145, P_drag=-2.311e-03, P_cool=-2.958e-03, WENO=0.132 (x=0.132, y=0.132), ReL2D=132.70, eps_nu=2.651e-03, P_hv=5.020e-05, rho_mean=1.000000, p_mean=0.720202, div_rms=4.441e-01, vort_rms=1.466e+00, mass_err=-1.161e-10
step= 48600, t=36.685522, dt=7.257e-04, KE=8.092012e-02, Mt=0.4111, A_K=0.074, Cuv=0.002, P_in=3.287e-03, P_tgt=3.325e-03, A_F=0.118, K_low=0.150, P_drag=-2.362e-03, P_cool=-2.978e-03, WENO=0.135 (x=0.135, y=0.135), ReL2D=132.70, eps_nu=2.603e-03, P_hv=5.002e-05, rho_mean=1.000000, p_mean=0.720242, div_rms=4.323e-01, vort_rms=1.456e+00, mass_err=-1.168e-10
step= 48900, t=36.902206, dt=7.163e-04, KE=8.081056e-02, Mt=0.4114, A_K=0.044, Cuv=-0.016, P_in=3.096e-03, P_tgt=3.067e-03, A_F=0.037, K_low=0.153, P_drag=-2.387e-03, P_cool=-2.910e-03, WENO=0.137 (x=0.137, y=0.137), ReL2D=132.56, eps_nu=2.589e-03, P_hv=5.080e-05, rho_mean=1.000000, p_mean=0.720106, div_rms=4.450e-01, vort_rms=1.446e+00, mass_err=-1.175e-10
step= 49200, t=37.115748, dt=7.096e-04, KE=8.052272e-02, Mt=0.4113, A_K=0.012, Cuv=-0.042, P_in=2.833e-03, P_tgt=2.825e-03, A_F=0.078, K_low=0.152, P_drag=-2.363e-03, P_cool=-2.868e-03, WENO=0.117 (x=0.117, y=0.117), ReL2D=132.11, eps_nu=2.574e-03, P_hv=5.267e-05, rho_mean=1.000000, p_mean=0.720021, div_rms=4.491e-01, vort_rms=1.440e+00, mass_err=-1.183e-10
step= 49500, t=37.329095, dt=7.126e-04, KE=7.997917e-02, Mt=0.4098, A_K=0.008, Cuv=-0.068, P_in=2.616e-03, P_tgt=2.616e-03, A_F=0.019, K_low=0.147, P_drag=-2.294e-03, P_cool=-2.868e-03, WENO=0.112 (x=0.112, y=0.112), ReL2D=130.69, eps_nu=2.562e-03, P_hv=5.360e-05, rho_mean=1.000000, p_mean=0.720022, div_rms=4.569e-01, vort_rms=1.433e+00, mass_err=-1.190e-10
saved snapshot: results/hit2d/final_thesis_Mach_ReL130_N512/preflight_N256/Mt040_N256_mu0p001098989/hit2d_step0049600.npz
step= 49800, t=37.543392, dt=7.179e-04, KE=7.917778e-02, Mt=0.4068, A_K=0.020, Cuv=-0.098, P_in=2.452e-03, P_tgt=2.461e-03, A_F=0.071, K_low=0.141, P_drag=-2.210e-03, P_cool=-2.914e-03, WENO=0.106 (x=0.106, y=0.106), ReL2D=130.79, eps_nu=2.501e-03, P_hv=5.442e-05, rho_mean=1.000000, p_mean=0.720114, div_rms=4.482e-01, vort_rms=1.417e+00, mass_err=-1.197e-10
step= 50100, t=37.760549, dt=7.247e-04, KE=7.851258e-02, Mt=0.4042, A_K=0.029, Cuv=-0.130, P_in=2.388e-03, P_tgt=2.364e-03, A_F=0.067, K_low=0.136, P_drag=-2.144e-03, P_cool=-2.929e-03, WENO=0.109 (x=0.109, y=0.109), ReL2D=131.30, eps_nu=2.436e-03, P_hv=5.305e-05, rho_mean=1.000000, p_mean=0.720144, div_rms=4.431e-01, vort_rms=1.398e+00, mass_err=-1.204e-10
step= 50400, t=37.978325, dt=7.284e-04, KE=7.787188e-02, Mt=0.4020, A_K=0.022, Cuv=-0.154, P_in=2.425e-03, P_tgt=2.309e-03, A_F=0.060, K_low=0.136, P_drag=-2.120e-03, P_cool=-2.939e-03, WENO=0.128 (x=0.128, y=0.128), ReL2D=131.60, eps_nu=2.393e-03, P_hv=5.105e-05, rho_mean=1.000000, p_mean=0.720164, div_rms=4.411e-01, vort_rms=1.385e+00, mass_err=-1.211e-10
step= 50700, t=38.200562, dt=7.539e-04, KE=7.698223e-02, Mt=0.3991, A_K=0.012, Cuv=-0.158, P_in=2.339e-03, P_tgt=2.299e-03, A_F=0.032, K_low=0.139, P_drag=-2.132e-03, P_cool=-2.993e-03, WENO=0.105 (x=0.105, y=0.105), ReL2D=130.73, eps_nu=2.361e-03, P_hv=4.887e-05, rho_mean=1.000000, p_mean=0.720272, div_rms=4.309e-01, vort_rms=1.379e+00, mass_err=-1.219e-10
step= 51000, t=38.423575, dt=7.301e-04, KE=7.652905e-02, Mt=0.3974, A_K=0.008, Cuv=-0.152, P_in=2.331e-03, P_tgt=2.333e-03, A_F=0.044, K_low=0.145, P_drag=-2.178e-03, P_cool=-2.959e-03, WENO=0.134 (x=0.134, y=0.134), ReL2D=130.99, eps_nu=2.329e-03, P_hv=4.845e-05, rho_mean=1.000000, p_mean=0.720204, div_rms=4.296e-01, vort_rms=1.369e+00, mass_err=-1.226e-10
step= 51300, t=38.639980, dt=7.156e-04, KE=7.686784e-02, Mt=0.3982, A_K=0.010, Cuv=-0.147, P_in=2.348e-03, P_tgt=2.375e-03, A_F=0.158, K_low=0.148, P_drag=-2.239e-03, P_cool=-2.774e-03, WENO=0.134 (x=0.134, y=0.134), ReL2D=131.35, eps_nu=2.327e-03, P_hv=4.689e-05, rho_mean=1.000000, p_mean=0.719834, div_rms=4.477e-01, vort_rms=1.360e+00, mass_err=-1.233e-10
step= 51600, t=38.854395, dt=7.196e-04, KE=7.707950e-02, Mt=0.3991, A_K=0.023, Cuv=-0.148, P_in=2.409e-03, P_tgt=2.397e-03, A_F=0.119, K_low=0.152, P_drag=-2.302e-03, P_cool=-2.623e-03, WENO=0.117 (x=0.117, y=0.117), ReL2D=132.42, eps_nu=2.311e-03, P_hv=4.636e-05, rho_mean=1.000000, p_mean=0.719532, div_rms=4.581e-01, vort_rms=1.350e+00, mass_err=-1.240e-10
step= 51900, t=39.072882, dt=7.355e-04, KE=7.688850e-02, Mt=0.3988, A_K=0.034, Cuv=-0.153, P_in=2.402e-03, P_tgt=2.413e-03, A_F=0.114, K_low=0.155, P_drag=-2.356e-03, P_cool=-2.552e-03, WENO=0.103 (x=0.103, y=0.103), ReL2D=133.26, eps_nu=2.284e-03, P_hv=4.623e-05, rho_mean=1.000000, p_mean=0.719390, div_rms=4.610e-01, vort_rms=1.340e+00, mass_err=-1.247e-10
step= 52200, t=39.292544, dt=7.273e-04, KE=7.673554e-02, Mt=0.3979, A_K=0.037, Cuv=-0.158, P_in=2.444e-03, P_tgt=2.444e-03, A_F=0.195, K_low=0.157, P_drag=-2.397e-03, P_cool=-2.473e-03, WENO=0.092 (x=0.092, y=0.092), ReL2D=133.87, eps_nu=2.233e-03, P_hv=4.604e-05, rho_mean=1.000000, p_mean=0.719232, div_rms=4.550e-01, vort_rms=1.325e+00, mass_err=-1.255e-10
step= 52500, t=39.510918, dt=7.293e-04, KE=7.656109e-02, Mt=0.3968, A_K=0.034, Cuv=-0.164, P_in=2.490e-03, P_tgt=2.493e-03, A_F=0.115, K_low=0.160, P_drag=-2.433e-03, P_cool=-2.402e-03, WENO=0.101 (x=0.101, y=0.101), ReL2D=134.47, eps_nu=2.170e-03, P_hv=4.424e-05, rho_mean=1.000000, p_mean=0.719091, div_rms=4.417e-01, vort_rms=1.309e+00, mass_err=-1.262e-10
saved snapshot: results/hit2d/final_thesis_Mach_ReL130_N512/preflight_N256/Mt040_N256_mu0p001098989/hit2d_step0052700.npz
step= 52800, t=39.729773, dt=7.289e-04, KE=7.591181e-02, Mt=0.3950, A_K=0.028, Cuv=-0.170, P_in=2.545e-03, P_tgt=2.571e-03, A_F=0.133, K_low=0.163, P_drag=-2.461e-03, P_cool=-2.431e-03, WENO=0.111 (x=0.111, y=0.111), ReL2D=135.68, eps_nu=2.108e-03, P_hv=4.149e-05, rho_mean=1.000000, p_mean=0.719147, div_rms=4.241e-01, vort_rms=1.295e+00, mass_err=-1.269e-10
step= 53100, t=39.949691, dt=7.382e-04, KE=7.496307e-02, Mt=0.3927, A_K=0.017, Cuv=-0.172, P_in=2.693e-03, P_tgt=2.695e-03, A_F=0.076, K_low=0.166, P_drag=-2.474e-03, P_cool=-2.521e-03, WENO=0.116 (x=0.116, y=0.116), ReL2D=136.16, eps_nu=2.063e-03, P_hv=3.976e-05, rho_mean=1.000000, p_mean=0.719327, div_rms=4.100e-01, vort_rms=1.286e+00, mass_err=-1.276e-10
step= 53400, t=40.171200, dt=7.365e-04, KE=7.424954e-02, Mt=0.3909, A_K=0.015, Cuv=-0.173, P_in=2.854e-03, P_tgt=2.873e-03, A_F=0.025, K_low=0.168, P_drag=-2.480e-03, P_cool=-2.566e-03, WENO=0.113 (x=0.113, y=0.113), ReL2D=135.63, eps_nu=2.019e-03, P_hv=3.774e-05, rho_mean=1.000000, p_mean=0.719417, div_rms=3.942e-01, vort_rms=1.277e+00, mass_err=-1.284e-10
step= 53700, t=40.392012, dt=7.358e-04, KE=7.412608e-02, Mt=0.3903, A_K=0.017, Cuv=-0.176, P_in=3.055e-03, P_tgt=3.092e-03, A_F=0.167, K_low=0.168, P_drag=-2.483e-03, P_cool=-2.499e-03, WENO=0.123 (x=0.123, y=0.123), ReL2D=135.33, eps_nu=1.986e-03, P_hv=3.574e-05, rho_mean=1.000000, p_mean=0.719285, div_rms=3.904e-01, vort_rms=1.266e+00, mass_err=-1.291e-10
step= 54000, t=40.612709, dt=7.334e-04, KE=7.407853e-02, Mt=0.3903, A_K=0.014, Cuv=-0.180, P_in=3.346e-03, P_tgt=3.335e-03, A_F=0.039, K_low=0.169, P_drag=-2.485e-03, P_cool=-2.430e-03, WENO=0.135 (x=0.135, y=0.135), ReL2D=135.74, eps_nu=1.957e-03, P_hv=3.419e-05, rho_mean=1.000000, p_mean=0.719147, div_rms=3.834e-01, vort_rms=1.259e+00, mass_err=-1.298e-10
step= 54300, t=40.834909, dt=7.509e-04, KE=7.375859e-02, Mt=0.3903, A_K=0.017, Cuv=-0.172, P_in=3.610e-03, P_tgt=3.597e-03, A_F=0.015, K_low=0.169, P_drag=-2.484e-03, P_cool=-2.429e-03, WENO=0.120 (x=0.120, y=0.120), ReL2D=136.78, eps_nu=1.930e-03, P_hv=3.277e-05, rho_mean=1.000000, p_mean=0.719144, div_rms=3.712e-01, vort_rms=1.254e+00, mass_err=-1.305e-10
step= 54600, t=41.060387, dt=7.509e-04, KE=7.343483e-02, Mt=0.3899, A_K=0.023, Cuv=-0.145, P_in=3.907e-03, P_tgt=3.881e-03, A_F=0.174, K_low=0.169, P_drag=-2.464e-03, P_cool=-2.442e-03, WENO=0.136 (x=0.136, y=0.136), ReL2D=137.12, eps_nu=1.931e-03, P_hv=3.187e-05, rho_mean=1.000000, p_mean=0.719169, div_rms=3.745e-01, vort_rms=1.253e+00, mass_err=-1.313e-10
step= 54900, t=41.287139, dt=7.623e-04, KE=7.298697e-02, Mt=0.3882, A_K=0.040, Cuv=-0.101, P_in=4.221e-03, P_tgt=4.225e-03, A_F=0.015, K_low=0.166, P_drag=-2.424e-03, P_cool=-2.493e-03, WENO=0.120 (x=0.120, y=0.120), ReL2D=135.94, eps_nu=1.922e-03, P_hv=3.045e-05, rho_mean=1.000000, p_mean=0.719272, div_rms=3.710e-01, vort_rms=1.251e+00, mass_err=-1.320e-10
step= 55200, t=41.518843, dt=7.840e-04, KE=7.266697e-02, Mt=0.3868, A_K=0.054, Cuv=-0.050, P_in=4.684e-03, P_tgt=4.664e-03, A_F=0.206, K_low=0.163, P_drag=-2.377e-03, P_cool=-2.535e-03, WENO=0.121 (x=0.121, y=0.121), ReL2D=136.15, eps_nu=1.905e-03, P_hv=2.907e-05, rho_mean=1.000000, p_mean=0.719355, div_rms=3.669e-01, vort_rms=1.246e+00, mass_err=-1.327e-10
step= 55500, t=41.757218, dt=7.929e-04, KE=7.275016e-02, Mt=0.3870, A_K=0.047, Cuv=-0.012, P_in=5.234e-03, P_tgt=5.178e-03, A_F=0.118, K_low=0.159, P_drag=-2.331e-03, P_cool=-2.519e-03, WENO=0.115 (x=0.115, y=0.115), ReL2D=137.46, eps_nu=1.917e-03, P_hv=2.692e-05, rho_mean=1.000000, p_mean=0.719324, div_rms=3.669e-01, vort_rms=1.251e+00, mass_err=-1.334e-10
step= 55800, t=41.992030, dt=7.797e-04, KE=7.298446e-02, Mt=0.3880, A_K=0.039, Cuv=0.014, P_in=5.730e-03, P_tgt=5.714e-03, A_F=0.211, K_low=0.155, P_drag=-2.290e-03, P_cool=-2.502e-03, WENO=0.113 (x=0.113, y=0.113), ReL2D=139.81, eps_nu=1.941e-03, P_hv=2.792e-05, rho_mean=1.000000, p_mean=0.719289, div_rms=3.660e-01, vort_rms=1.260e+00, mass_err=-1.341e-10
saved snapshot: results/hit2d/final_thesis_Mach_ReL130_N512/preflight_N256/Mt040_N256_mu0p001098989/hit2d_step0055800.npz
step= 56100, t=42.227260, dt=7.928e-04, KE=7.325981e-02, Mt=0.3897, A_K=0.049, Cuv=0.030, P_in=6.333e-03, P_tgt=6.236e-03, A_F=0.246, K_low=0.153, P_drag=-2.262e-03, P_cool=-2.503e-03, WENO=0.121 (x=0.121, y=0.121), ReL2D=140.87, eps_nu=1.962e-03, P_hv=2.709e-05, rho_mean=1.000000, p_mean=0.719293, div_rms=3.721e-01, vort_rms=1.265e+00, mass_err=-1.349e-10
step= 56400, t=42.467210, dt=8.050e-04, KE=7.349147e-02, Mt=0.3918, A_K=0.074, Cuv=0.049, P_in=6.696e-03, P_tgt=6.701e-03, A_F=0.006, K_low=0.153, P_drag=-2.245e-03, P_cool=-2.540e-03, WENO=0.137 (x=0.137, y=0.137), ReL2D=140.48, eps_nu=2.002e-03, P_hv=2.566e-05, rho_mean=1.000000, p_mean=0.719365, div_rms=3.854e-01, vort_rms=1.274e+00, mass_err=-1.356e-10
step= 56700, t=42.706531, dt=7.879e-04, KE=7.363218e-02, Mt=0.3941, A_K=0.094, Cuv=0.061, P_in=7.148e-03, P_tgt=7.074e-03, A_F=0.033, K_low=0.153, P_drag=-2.229e-03, P_cool=-2.612e-03, WENO=0.121 (x=0.121, y=0.121), ReL2D=138.12, eps_nu=2.052e-03, P_hv=2.530e-05, rho_mean=1.000000, p_mean=0.719509, div_rms=3.889e-01, vort_rms=1.291e+00, mass_err=-1.363e-10
step= 57000, t=42.939385, dt=7.697e-04, KE=7.399912e-02, Mt=0.3962, A_K=0.114, Cuv=0.064, P_in=7.323e-03, P_tgt=7.333e-03, A_F=0.322, K_low=0.153, P_drag=-2.218e-03, P_cool=-2.648e-03, WENO=0.121 (x=0.121, y=0.121), ReL2D=136.16, eps_nu=2.101e-03, P_hv=2.622e-05, rho_mean=1.000000, p_mean=0.719582, div_rms=3.856e-01, vort_rms=1.309e+00, mass_err=-1.370e-10
step= 57300, t=43.171404, dt=7.803e-04, KE=7.475878e-02, Mt=0.3978, A_K=0.127, Cuv=0.077, P_in=7.477e-03, P_tgt=7.498e-03, A_F=0.109, K_low=0.151, P_drag=-2.205e-03, P_cool=-2.616e-03, WENO=0.110 (x=0.110, y=0.110), ReL2D=136.65, eps_nu=2.151e-03, P_hv=2.663e-05, rho_mean=1.000000, p_mean=0.719518, div_rms=3.905e-01, vort_rms=1.324e+00, mass_err=-1.377e-10
step= 57600, t=43.406199, dt=7.799e-04, KE=7.550057e-02, Mt=0.3984, A_K=0.117, Cuv=0.109, P_in=7.590e-03, P_tgt=7.601e-03, A_F=0.170, K_low=0.147, P_drag=-2.195e-03, P_cool=-2.597e-03, WENO=0.119 (x=0.119, y=0.119), ReL2D=139.54, eps_nu=2.185e-03, P_hv=2.660e-05, rho_mean=1.000000, p_mean=0.719479, div_rms=3.752e-01, vort_rms=1.342e+00, mass_err=-1.384e-10
step= 57900, t=43.638778, dt=7.721e-04, KE=7.639253e-02, Mt=0.3991, A_K=0.088, Cuv=0.137, P_in=7.747e-03, P_tgt=7.675e-03, A_F=0.056, K_low=0.143, P_drag=-2.192e-03, P_cool=-2.552e-03, WENO=0.132 (x=0.132, y=0.132), ReL2D=140.87, eps_nu=2.228e-03, P_hv=2.699e-05, rho_mean=1.000000, p_mean=0.719390, div_rms=3.701e-01, vort_rms=1.358e+00, mass_err=-1.392e-10
step= 58200, t=43.871300, dt=7.760e-04, KE=7.721240e-02, Mt=0.4007, A_K=0.069, Cuv=0.150, P_in=7.599e-03, P_tgt=7.683e-03, A_F=0.091, K_low=0.142, P_drag=-2.190e-03, P_cool=-2.526e-03, WENO=0.120 (x=0.120, y=0.120), ReL2D=140.66, eps_nu=2.276e-03, P_hv=2.833e-05, rho_mean=1.000000, p_mean=0.719338, div_rms=3.781e-01, vort_rms=1.371e+00, mass_err=-1.399e-10
step= 58500, t=44.102930, dt=7.721e-04, KE=7.771706e-02, Mt=0.4033, A_K=0.074, Cuv=0.146, P_in=7.562e-03, P_tgt=7.574e-03, A_F=0.092, K_low=0.143, P_drag=-2.191e-03, P_cool=-2.561e-03, WENO=0.110 (x=0.110, y=0.110), ReL2D=140.11, eps_nu=2.323e-03, P_hv=3.036e-05, rho_mean=1.000000, p_mean=0.719407, div_rms=3.906e-01, vort_rms=1.382e+00, mass_err=-1.406e-10
step= 58800, t=44.333955, dt=7.619e-04, KE=7.817781e-02, Mt=0.4062, A_K=0.074, Cuv=0.140, P_in=7.318e-03, P_tgt=7.315e-03, A_F=0.071, K_low=0.142, P_drag=-2.176e-03, P_cool=-2.594e-03, WENO=0.126 (x=0.126, y=0.126), ReL2D=139.78, eps_nu=2.359e-03, P_hv=3.101e-05, rho_mean=1.000000, p_mean=0.719474, div_rms=4.038e-01, vort_rms=1.389e+00, mass_err=-1.413e-10
saved snapshot: results/hit2d/final_thesis_Mach_ReL130_N512/preflight_N256/Mt040_N256_mu0p001098989/hit2d_step0058900.npz
step= 59100, t=44.558823, dt=7.412e-04, KE=7.889222e-02, Mt=0.4088, A_K=0.083, Cuv=0.135, P_in=6.948e-03, P_tgt=6.922e-03, A_F=0.061, K_low=0.140, P_drag=-2.151e-03, P_cool=-2.560e-03, WENO=0.127 (x=0.127, y=0.127), ReL2D=139.70, eps_nu=2.394e-03, P_hv=3.188e-05, rho_mean=1.000000, p_mean=0.719405, div_rms=4.203e-01, vort_rms=1.394e+00, mass_err=-1.420e-10
step= 59400, t=44.779419, dt=7.296e-04, KE=7.978588e-02, Mt=0.4112, A_K=0.093, Cuv=0.125, P_in=6.462e-03, P_tgt=6.438e-03, A_F=0.082, K_low=0.137, P_drag=-2.115e-03, P_cool=-2.471e-03, WENO=0.118 (x=0.118, y=0.118), ReL2D=140.29, eps_nu=2.430e-03, P_hv=3.284e-05, rho_mean=1.000000, p_mean=0.719229, div_rms=4.396e-01, vort_rms=1.398e+00, mass_err=-1.428e-10
step= 59700, t=44.999858, dt=7.378e-04, KE=8.046025e-02, Mt=0.4133, A_K=0.093, Cuv=0.111, P_in=5.864e-03, P_tgt=5.893e-03, A_F=0.127, K_low=0.132, P_drag=-2.062e-03, P_cool=-2.409e-03, WENO=0.098 (x=0.098, y=0.098), ReL2D=140.60, eps_nu=2.475e-03, P_hv=3.422e-05, rho_mean=1.000000, p_mean=0.719103, div_rms=4.593e-01, vort_rms=1.404e+00, mass_err=-1.435e-10
step= 60000, t=45.222066, dt=7.432e-04, KE=8.018534e-02, Mt=0.4125, A_K=0.077, Cuv=0.101, P_in=5.327e-03, P_tgt=5.363e-03, A_F=0.253, K_low=0.126, P_drag=-1.986e-03, P_cool=-2.513e-03, WENO=0.089 (x=0.089, y=0.089), ReL2D=142.18, eps_nu=2.476e-03, P_hv=3.496e-05, rho_mean=1.000000, p_mean=0.719312, div_rms=4.472e-01, vort_rms=1.409e+00, mass_err=-1.442e-10
step= 60300, t=45.437359, dt=6.965e-04, KE=7.918867e-02, Mt=0.4094, A_K=0.070, Cuv=0.095, P_in=4.894e-03, P_tgt=4.953e-03, A_F=0.013, K_low=0.121, P_drag=-1.897e-03, P_cool=-2.738e-03, WENO=0.090 (x=0.090, y=0.090), ReL2D=142.05, eps_nu=2.464e-03, P_hv=3.836e-05, rho_mean=1.000000, p_mean=0.719761, div_rms=4.396e-01, vort_rms=1.409e+00, mass_err=-1.449e-10
step= 60600, t=45.643882, dt=6.816e-04, KE=7.814112e-02, Mt=0.4069, A_K=0.063, Cuv=0.086, P_in=4.717e-03, P_tgt=4.673e-03, A_F=0.113, K_low=0.117, P_drag=-1.814e-03, P_cool=-2.952e-03, WENO=0.096 (x=0.096, y=0.096), ReL2D=139.59, eps_nu=2.451e-03, P_hv=4.027e-05, rho_mean=1.000000, p_mean=0.720190, div_rms=4.268e-01, vort_rms=1.410e+00, mass_err=-1.456e-10
step= 60900, t=45.847024, dt=6.768e-04, KE=7.768326e-02, Mt=0.4068, A_K=0.067, Cuv=0.075, P_in=4.400e-03, P_tgt=4.453e-03, A_F=0.127, K_low=0.113, P_drag=-1.728e-03, P_cool=-3.036e-03, WENO=0.093 (x=0.093, y=0.093), ReL2D=137.30, eps_nu=2.464e-03, P_hv=4.168e-05, rho_mean=1.000000, p_mean=0.720357, div_rms=4.126e-01, vort_rms=1.420e+00, mass_err=-1.463e-10
step= 61200, t=46.052304, dt=6.912e-04, KE=7.824765e-02, Mt=0.4096, A_K=0.078, Cuv=0.070, P_in=4.159e-03, P_tgt=4.200e-03, A_F=0.014, K_low=0.107, P_drag=-1.637e-03, P_cool=-2.909e-03, WENO=0.099 (x=0.099, y=0.099), ReL2D=134.38, eps_nu=2.514e-03, P_hv=4.075e-05, rho_mean=1.000000, p_mean=0.720104, div_rms=4.310e-01, vort_rms=1.428e+00, mass_err=-1.471e-10
step= 61500, t=46.260849, dt=6.971e-04, KE=7.902135e-02, Mt=0.4122, A_K=0.086, Cuv=0.064, P_in=3.873e-03, P_tgt=3.878e-03, A_F=0.045, K_low=0.101, P_drag=-1.537e-03, P_cool=-2.738e-03, WENO=0.107 (x=0.107, y=0.107), ReL2D=132.63, eps_nu=2.565e-03, P_hv=4.083e-05, rho_mean=1.000000, p_mean=0.719762, div_rms=4.513e-01, vort_rms=1.436e+00, mass_err=-1.478e-10
step= 61800, t=46.469590, dt=6.926e-04, KE=7.922948e-02, Mt=0.4121, A_K=0.090, Cuv=0.054, P_in=3.564e-03, P_tgt=3.549e-03, A_F=0.067, K_low=0.095, P_drag=-1.426e-03, P_cool=-2.677e-03, WENO=0.095 (x=0.095, y=0.095), ReL2D=130.93, eps_nu=2.581e-03, P_hv=4.121e-05, rho_mean=1.000000, p_mean=0.719639, div_rms=4.521e-01, vort_rms=1.441e+00, mass_err=-1.485e-10
saved snapshot: results/hit2d/final_thesis_Mach_ReL130_N512/preflight_N256/Mt040_N256_mu0p001098989/hit2d_step0062000.npz
step= 62100, t=46.676874, dt=6.932e-04, KE=7.925542e-02, Mt=0.4107, A_K=0.092, Cuv=0.037, P_in=3.236e-03, P_tgt=3.268e-03, A_F=0.191, K_low=0.087, P_drag=-1.315e-03, P_cool=-2.648e-03, WENO=0.106 (x=0.106, y=0.106), ReL2D=130.40, eps_nu=2.566e-03, P_hv=4.056e-05, rho_mean=1.000000, p_mean=0.719581, div_rms=4.444e-01, vort_rms=1.439e+00, mass_err=-1.492e-10
step= 62400, t=46.885899, dt=7.032e-04, KE=7.899699e-02, Mt=0.4092, A_K=0.104, Cuv=0.026, P_in=3.025e-03, P_tgt=3.041e-03, A_F=0.100, K_low=0.080, P_drag=-1.207e-03, P_cool=-2.671e-03, WENO=0.110 (x=0.110, y=0.110), ReL2D=130.29, eps_nu=2.548e-03, P_hv=4.011e-05, rho_mean=1.000000, p_mean=0.719627, div_rms=4.390e-01, vort_rms=1.436e+00, mass_err=-1.499e-10
step= 62700, t=47.101468, dt=7.359e-04, KE=7.846989e-02, Mt=0.4070, A_K=0.110, Cuv=0.022, P_in=2.906e-03, P_tgt=2.866e-03, A_F=0.134, K_low=0.073, P_drag=-1.107e-03, P_cool=-2.739e-03, WENO=0.114 (x=0.114, y=0.114), ReL2D=129.76, eps_nu=2.547e-03, P_hv=4.093e-05, rho_mean=1.000000, p_mean=0.719763, div_rms=4.320e-01, vort_rms=1.438e+00, mass_err=-1.507e-10
step= 63000, t=47.323531, dt=7.359e-04, KE=7.804514e-02, Mt=0.4054, A_K=0.103, Cuv=0.010, P_in=2.723e-03, P_tgt=2.740e-03, A_F=0.002, K_low=0.069, P_drag=-1.037e-03, P_cool=-2.777e-03, WENO=0.100 (x=0.100, y=0.100), ReL2D=130.16, eps_nu=2.535e-03, P_hv=4.201e-05, rho_mean=1.000000, p_mean=0.719840, div_rms=4.235e-01, vort_rms=1.438e+00, mass_err=-1.514e-10
step= 63300, t=47.542680, dt=7.274e-04, KE=7.796760e-02, Mt=0.4053, A_K=0.099, Cuv=0.004, P_in=2.627e-03, P_tgt=2.636e-03, A_F=0.455, K_low=0.067, P_drag=-1.008e-03, P_cool=-2.742e-03, WENO=0.102 (x=0.102, y=0.102), ReL2D=131.80, eps_nu=2.512e-03, P_hv=4.394e-05, rho_mean=1.000000, p_mean=0.719769, div_rms=4.241e-01, vort_rms=1.430e+00, mass_err=-1.521e-10
step= 63600, t=47.760192, dt=7.193e-04, KE=7.807508e-02, Mt=0.4057, A_K=0.102, Cuv=0.005, P_in=2.530e-03, P_tgt=2.531e-03, A_F=0.257, K_low=0.067, P_drag=-1.009e-03, P_cool=-2.670e-03, WENO=0.087 (x=0.087, y=0.087), ReL2D=131.88, eps_nu=2.504e-03, P_hv=4.348e-05, rho_mean=1.000000, p_mean=0.719625, div_rms=4.506e-01, vort_rms=1.417e+00, mass_err=-1.528e-10
step= 63900, t=47.974275, dt=7.189e-04, KE=7.787122e-02, Mt=0.4050, A_K=0.109, Cuv=0.008, P_in=2.396e-03, P_tgt=2.432e-03, A_F=0.068, K_low=0.070, P_drag=-1.024e-03, P_cool=-2.659e-03, WENO=0.091 (x=0.091, y=0.091), ReL2D=132.39, eps_nu=2.484e-03, P_hv=4.309e-05, rho_mean=1.000000, p_mean=0.719603, div_rms=4.653e-01, vort_rms=1.404e+00, mass_err=-1.535e-10
step= 64200, t=48.193019, dt=7.400e-04, KE=7.754887e-02, Mt=0.4044, A_K=0.117, Cuv=0.005, P_in=2.362e-03, P_tgt=2.350e-03, A_F=0.085, K_low=0.072, P_drag=-1.036e-03, P_cool=-2.666e-03, WENO=0.099 (x=0.099, y=0.099), ReL2D=135.54, eps_nu=2.421e-03, P_hv=4.116e-05, rho_mean=1.000000, p_mean=0.719618, div_rms=4.448e-01, vort_rms=1.393e+00, mass_err=-1.542e-10
step= 64500, t=48.417915, dt=7.598e-04, KE=7.727036e-02, Mt=0.4047, A_K=0.123, Cuv=0.006, P_in=2.250e-03, P_tgt=2.273e-03, A_F=0.140, K_low=0.072, P_drag=-1.038e-03, P_cool=-2.659e-03, WENO=0.096 (x=0.096, y=0.096), ReL2D=138.31, eps_nu=2.381e-03, P_hv=3.945e-05, rho_mean=1.000000, p_mean=0.719603, div_rms=4.227e-01, vort_rms=1.389e+00, mass_err=-1.549e-10
step= 64800, t=48.647326, dt=7.693e-04, KE=7.678180e-02, Mt=0.4042, A_K=0.129, Cuv=0.020, P_in=2.273e-03, P_tgt=2.197e-03, A_F=0.036, K_low=0.071, P_drag=-1.032e-03, P_cool=-2.689e-03, WENO=0.108 (x=0.108, y=0.108), ReL2D=138.69, eps_nu=2.357e-03, P_hv=3.703e-05, rho_mean=1.000000, p_mean=0.719663, div_rms=4.101e-01, vort_rms=1.386e+00, mass_err=-1.557e-10
step= 65100, t=48.875806, dt=7.524e-04, KE=7.611363e-02, Mt=0.4022, A_K=0.137, Cuv=0.041, P_in=2.080e-03, P_tgt=2.146e-03, A_F=0.159, K_low=0.070, P_drag=-1.028e-03, P_cool=-2.751e-03, WENO=0.101 (x=0.101, y=0.101), ReL2D=137.53, eps_nu=2.329e-03, P_hv=3.772e-05, rho_mean=1.000000, p_mean=0.719788, div_rms=4.152e-01, vort_rms=1.374e+00, mass_err=-1.564e-10
saved snapshot: results/hit2d/final_thesis_Mach_ReL130_N512/preflight_N256/Mt040_N256_mu0p001098989/hit2d_step0065100.npz
step= 65400, t=49.099783, dt=7.395e-04, KE=7.573086e-02, Mt=0.4001, A_K=0.145, Cuv=0.058, P_in=2.114e-03, P_tgt=2.127e-03, A_F=0.035, K_low=0.070, P_drag=-1.031e-03, P_cool=-2.755e-03, WENO=0.098 (x=0.098, y=0.098), ReL2D=134.95, eps_nu=2.349e-03, P_hv=3.789e-05, rho_mean=1.000000, p_mean=0.719796, div_rms=4.582e-01, vort_rms=1.363e+00, mass_err=-1.571e-10
step= 65700, t=49.318889, dt=7.204e-04, KE=7.552683e-02, Mt=0.3986, A_K=0.140, Cuv=0.068, P_in=2.123e-03, P_tgt=2.140e-03, A_F=0.015, K_low=0.072, P_drag=-1.046e-03, P_cool=-2.724e-03, WENO=0.096 (x=0.096, y=0.096), ReL2D=133.65, eps_nu=2.358e-03, P_hv=3.816e-05, rho_mean=1.000000, p_mean=0.719733, div_rms=4.748e-01, vort_rms=1.358e+00, mass_err=-1.578e-10
step= 66000, t=49.533083, dt=7.071e-04, KE=7.563757e-02, Mt=0.3982, A_K=0.134, Cuv=0.082, P_in=2.152e-03, P_tgt=2.167e-03, A_F=0.280, K_low=0.075, P_drag=-1.079e-03, P_cool=-2.633e-03, WENO=0.102 (x=0.102, y=0.102), ReL2D=135.13, eps_nu=2.342e-03, P_hv=3.910e-05, rho_mean=1.000000, p_mean=0.719552, div_rms=4.678e-01, vort_rms=1.356e+00, mass_err=-1.585e-10
step= 66300, t=49.743459, dt=6.973e-04, KE=7.589833e-02, Mt=0.3984, A_K=0.143, Cuv=0.106, P_in=2.211e-03, P_tgt=2.195e-03, A_F=0.161, K_low=0.079, P_drag=-1.129e-03, P_cool=-2.517e-03, WENO=0.102 (x=0.102, y=0.102), ReL2D=136.41, eps_nu=2.318e-03, P_hv=3.850e-05, rho_mean=1.000000, p_mean=0.719319, div_rms=4.587e-01, vort_rms=1.352e+00, mass_err=-1.593e-10
step= 66600, t=49.952946, dt=7.007e-04, KE=7.602353e-02, Mt=0.3984, A_K=0.161, Cuv=0.126, P_in=2.218e-03, P_tgt=2.220e-03, A_F=0.010, K_low=0.083, P_drag=-1.189e-03, P_cool=-2.432e-03, WENO=0.102 (x=0.102, y=0.102), ReL2D=138.43, eps_nu=2.279e-03, P_hv=3.762e-05, rho_mean=1.000000, p_mean=0.719149, div_rms=4.386e-01, vort_rms=1.348e+00, mass_err=-1.600e-10
step= 66900, t=50.162336, dt=6.899e-04, KE=7.602392e-02, Mt=0.3979, A_K=0.179, Cuv=0.129, P_in=2.247e-03, P_tgt=2.249e-03, A_F=0.047, K_low=0.087, P_drag=-1.251e-03, P_cool=-2.374e-03, WENO=0.088 (x=0.088, y=0.088), ReL2D=140.21, eps_nu=2.238e-03, P_hv=3.753e-05, rho_mean=1.000000, p_mean=0.719034, div_rms=4.232e-01, vort_rms=1.341e+00, mass_err=-1.607e-10
step= 67200, t=50.369381, dt=6.978e-04, KE=7.584370e-02, Mt=0.3968, A_K=0.186, Cuv=0.128, P_in=2.249e-03, P_tgt=2.294e-03, A_F=0.277, K_low=0.091, P_drag=-1.314e-03, P_cool=-2.366e-03, WENO=0.109 (x=0.109, y=0.109), ReL2D=139.92, eps_nu=2.211e-03, P_hv=3.709e-05, rho_mean=1.000000, p_mean=0.719017, div_rms=4.080e-01, vort_rms=1.338e+00, mass_err=-1.614e-10
step= 67500, t=50.580807, dt=7.059e-04, KE=7.536465e-02, Mt=0.3956, A_K=0.186, Cuv=0.128, P_in=2.376e-03, P_tgt=2.362e-03, A_F=0.055, K_low=0.096, P_drag=-1.383e-03, P_cool=-2.402e-03, WENO=0.116 (x=0.116, y=0.116), ReL2D=139.71, eps_nu=2.178e-03, P_hv=3.480e-05, rho_mean=1.000000, p_mean=0.719090, div_rms=3.975e-01, vort_rms=1.331e+00, mass_err=-1.621e-10
step= 67800, t=50.791462, dt=6.984e-04, KE=7.491430e-02, Mt=0.3953, A_K=0.175, Cuv=0.131, P_in=2.444e-03, P_tgt=2.447e-03, A_F=0.250, K_low=0.102, P_drag=-1.458e-03, P_cool=-2.431e-03, WENO=0.118 (x=0.118, y=0.118), ReL2D=139.51, eps_nu=2.167e-03, P_hv=3.438e-05, rho_mean=1.000000, p_mean=0.719148, div_rms=4.014e-01, vort_rms=1.325e+00, mass_err=-1.628e-10
step= 68100, t=51.000706, dt=6.984e-04, KE=7.439398e-02, Mt=0.3944, A_K=0.152, Cuv=0.143, P_in=2.592e-03, P_tgt=2.543e-03, A_F=0.169, K_low=0.107, P_drag=-1.528e-03, P_cool=-2.475e-03, WENO=0.119 (x=0.119, y=0.119), ReL2D=139.04, eps_nu=2.146e-03, P_hv=3.463e-05, rho_mean=1.000000, p_mean=0.719237, div_rms=4.039e-01, vort_rms=1.317e+00, mass_err=-1.636e-10
saved snapshot: results/hit2d/final_thesis_Mach_ReL130_N512/preflight_N256/Mt040_N256_mu0p001098989/hit2d_step0068200.npz
step= 68400, t=51.210871, dt=7.052e-04, KE=7.407946e-02, Mt=0.3929, A_K=0.117, Cuv=0.166, P_in=2.675e-03, P_tgt=2.670e-03, A_F=0.058, K_low=0.111, P_drag=-1.588e-03, P_cool=-2.479e-03, WENO=0.110 (x=0.110, y=0.110), ReL2D=136.98, eps_nu=2.123e-03, P_hv=3.387e-05, rho_mean=1.000000, p_mean=0.719245, div_rms=4.068e-01, vort_rms=1.308e+00, mass_err=-1.643e-10
step= 68700, t=51.424091, dt=7.203e-04, KE=7.427115e-02, Mt=0.3925, A_K=0.082, Cuv=0.195, P_in=2.816e-03, P_tgt=2.830e-03, A_F=0.059, K_low=0.113, P_drag=-1.646e-03, P_cool=-2.386e-03, WENO=0.103 (x=0.103, y=0.103), ReL2D=135.74, eps_nu=2.107e-03, P_hv=3.316e-05, rho_mean=1.000000, p_mean=0.719057, div_rms=4.062e-01, vort_rms=1.303e+00, mass_err=-1.650e-10
step= 69000, t=51.642641, dt=7.369e-04, KE=7.482903e-02, Mt=0.3938, A_K=0.057, Cuv=0.218, P_in=3.000e-03, P_tgt=2.985e-03, A_F=0.088, K_low=0.116, P_drag=-1.706e-03, P_cool=-2.226e-03, WENO=0.099 (x=0.099, y=0.099), ReL2D=136.47, eps_nu=2.110e-03, P_hv=3.142e-05, rho_mean=1.000000, p_mean=0.718738, div_rms=4.092e-01, vort_rms=1.303e+00, mass_err=-1.657e-10
step= 69300, t=51.863455, dt=7.375e-04, KE=7.496277e-02, Mt=0.3944, A_K=0.047, Cuv=0.224, P_in=3.135e-03, P_tgt=3.120e-03, A_F=0.070, K_low=0.120, P_drag=-1.772e-03, P_cool=-2.160e-03, WENO=0.095 (x=0.095, y=0.095), ReL2D=137.34, eps_nu=2.095e-03, P_hv=3.185e-05, rho_mean=1.000000, p_mean=0.718605, div_rms=3.942e-01, vort_rms=1.303e+00, mass_err=-1.664e-10
step= 69600, t=52.085499, dt=7.433e-04, KE=7.456186e-02, Mt=0.3935, A_K=0.048, Cuv=0.224, P_in=3.278e-03, P_tgt=3.267e-03, A_F=0.092, K_low=0.125, P_drag=-1.847e-03, P_cool=-2.204e-03, WENO=0.122 (x=0.122, y=0.122), ReL2D=137.48, eps_nu=2.076e-03, P_hv=2.961e-05, rho_mean=1.000000, p_mean=0.718694, div_rms=3.720e-01, vort_rms=1.305e+00, mass_err=-1.672e-10
step= 69900, t=52.309180, dt=7.482e-04, KE=7.415586e-02, Mt=0.3922, A_K=0.052, Cuv=0.230, P_in=3.450e-03, P_tgt=3.453e-03, A_F=0.037, K_low=0.131, P_drag=-1.923e-03, P_cool=-2.252e-03, WENO=0.124 (x=0.124, y=0.124), ReL2D=136.01, eps_nu=2.090e-03, P_hv=2.934e-05, rho_mean=1.000000, p_mean=0.718790, div_rms=3.657e-01, vort_rms=1.313e+00, mass_err=-1.679e-10
step= 70200, t=52.533029, dt=7.368e-04, KE=7.380094e-02, Mt=0.3908, A_K=0.082, Cuv=0.242, P_in=3.723e-03, P_tgt=3.689e-03, A_F=0.048, K_low=0.137, P_drag=-1.992e-03, P_cool=-2.294e-03, WENO=0.126 (x=0.126, y=0.126), ReL2D=135.81, eps_nu=2.103e-03, P_hv=3.033e-05, rho_mean=1.000000, p_mean=0.718873, div_rms=3.663e-01, vort_rms=1.317e+00, mass_err=-1.686e-10
step= 70500, t=52.751221, dt=7.239e-04, KE=7.378949e-02, Mt=0.3908, A_K=0.117, Cuv=0.261, P_in=4.021e-03, P_tgt=3.966e-03, A_F=0.084, K_low=0.142, P_drag=-2.057e-03, P_cool=-2.288e-03, WENO=0.112 (x=0.112, y=0.112), ReL2D=134.96, eps_nu=2.149e-03, P_hv=3.231e-05, rho_mean=1.000000, p_mean=0.718862, div_rms=3.873e-01, vort_rms=1.325e+00, mass_err=-1.693e-10
step= 70800, t=52.968396, dt=7.260e-04, KE=7.377310e-02, Mt=0.3911, A_K=0.142, Cuv=0.266, P_in=4.229e-03, P_tgt=4.254e-03, A_F=0.171, K_low=0.148, P_drag=-2.134e-03, P_cool=-2.281e-03, WENO=0.106 (x=0.106, y=0.106), ReL2D=133.97, eps_nu=2.164e-03, P_hv=3.279e-05, rho_mean=1.000000, p_mean=0.718848, div_rms=4.009e-01, vort_rms=1.325e+00, mass_err=-1.701e-10
step= 71100, t=53.187604, dt=7.331e-04, KE=7.359480e-02, Mt=0.3906, A_K=0.146, Cuv=0.269, P_in=4.563e-03, P_tgt=4.565e-03, A_F=0.065, K_low=0.155, P_drag=-2.219e-03, P_cool=-2.313e-03, WENO=0.109 (x=0.109, y=0.109), ReL2D=132.49, eps_nu=2.144e-03, P_hv=3.238e-05, rho_mean=1.000000, p_mean=0.718912, div_rms=3.845e-01, vort_rms=1.324e+00, mass_err=-1.708e-10
saved snapshot: results/hit2d/final_thesis_Mach_ReL130_N512/preflight_N256/Mt040_N256_mu0p001098989/hit2d_step0071300.npz
step= 71400, t=53.404593, dt=7.241e-04, KE=7.361125e-02, Mt=0.3903, A_K=0.128, Cuv=0.268, P_in=4.938e-03, P_tgt=4.918e-03, A_F=0.255, K_low=0.162, P_drag=-2.316e-03, P_cool=-2.316e-03, WENO=0.111 (x=0.111, y=0.111), ReL2D=131.91, eps_nu=2.128e-03, P_hv=3.340e-05, rho_mean=1.000000, p_mean=0.718918, div_rms=3.754e-01, vort_rms=1.322e+00, mass_err=-1.715e-10
step= 71700, t=53.623520, dt=7.328e-04, KE=7.353646e-02, Mt=0.3905, A_K=0.097, Cuv=0.270, P_in=5.293e-03, P_tgt=5.298e-03, A_F=0.076, K_low=0.170, P_drag=-2.426e-03, P_cool=-2.350e-03, WENO=0.116 (x=0.116, y=0.116), ReL2D=132.38, eps_nu=2.122e-03, P_hv=3.365e-05, rho_mean=1.000000, p_mean=0.718985, div_rms=3.660e-01, vort_rms=1.324e+00, mass_err=-1.722e-10
step= 72000, t=53.843823, dt=7.376e-04, KE=7.329218e-02, Mt=0.3905, A_K=0.062, Cuv=0.277, P_in=5.671e-03, P_tgt=5.704e-03, A_F=0.040, K_low=0.180, P_drag=-2.540e-03, P_cool=-2.426e-03, WENO=0.111 (x=0.111, y=0.111), ReL2D=133.26, eps_nu=2.120e-03, P_hv=3.437e-05, rho_mean=1.000000, p_mean=0.719138, div_rms=3.514e-01, vort_rms=1.328e+00, mass_err=-1.729e-10
step= 72300, t=54.066530, dt=7.470e-04, KE=7.346191e-02, Mt=0.3911, A_K=0.028, Cuv=0.283, P_in=6.163e-03, P_tgt=6.131e-03, A_F=0.137, K_low=0.188, P_drag=-2.644e-03, P_cool=-2.433e-03, WENO=0.117 (x=0.117, y=0.117), ReL2D=134.85, eps_nu=2.141e-03, P_hv=3.580e-05, rho_mean=1.000000, p_mean=0.719151, div_rms=3.524e-01, vort_rms=1.335e+00, mass_err=-1.737e-10
step= 72600, t=54.291379, dt=7.520e-04, KE=7.406240e-02, Mt=0.3922, A_K=0.020, Cuv=0.292, P_in=6.533e-03, P_tgt=6.545e-03, A_F=0.147, K_low=0.193, P_drag=-2.736e-03, P_cool=-2.369e-03, WENO=0.113 (x=0.113, y=0.113), ReL2D=135.03, eps_nu=2.146e-03, P_hv=3.561e-05, rho_mean=1.000000, p_mean=0.719023, div_rms=3.595e-01, vort_rms=1.334e+00, mass_err=-1.744e-10
step= 72900, t=54.514978, dt=7.361e-04, KE=7.482571e-02, Mt=0.3937, A_K=0.061, Cuv=0.297, P_in=6.900e-03, P_tgt=6.910e-03, A_F=0.014, K_low=0.195, P_drag=-2.816e-03, P_cool=-2.289e-03, WENO=0.105 (x=0.105, y=0.105), ReL2D=135.20, eps_nu=2.166e-03, P_hv=3.543e-05, rho_mean=1.000000, p_mean=0.718864, div_rms=3.705e-01, vort_rms=1.337e+00, mass_err=-1.751e-10
step= 73200, t=54.732858, dt=7.161e-04, KE=7.557423e-02, Mt=0.3952, A_K=0.092, Cuv=0.300, P_in=7.097e-03, P_tgt=7.212e-03, A_F=0.147, K_low=0.197, P_drag=-2.891e-03, P_cool=-2.226e-03, WENO=0.110 (x=0.110, y=0.110), ReL2D=136.62, eps_nu=2.185e-03, P_hv=3.667e-05, rho_mean=1.000000, p_mean=0.718737, div_rms=3.702e-01, vort_rms=1.344e+00, mass_err=-1.758e-10
step= 73500, t=54.946096, dt=7.068e-04, KE=7.627905e-02, Mt=0.3969, A_K=0.112, Cuv=0.286, P_in=7.431e-03, P_tgt=7.432e-03, A_F=0.159, K_low=0.200, P_drag=-2.969e-03, P_cool=-2.180e-03, WENO=0.117 (x=0.117, y=0.117), ReL2D=136.63, eps_nu=2.209e-03, P_hv=3.656e-05, rho_mean=1.000000, p_mean=0.718647, div_rms=3.684e-01, vort_rms=1.352e+00, mass_err=-1.766e-10
step= 73800, t=55.157508, dt=7.028e-04, KE=7.669517e-02, Mt=0.3982, A_K=0.121, Cuv=0.267, P_in=7.475e-03, P_tgt=7.569e-03, A_F=0.019, K_low=0.203, P_drag=-3.038e-03, P_cool=-2.198e-03, WENO=0.123 (x=0.123, y=0.123), ReL2D=135.45, eps_nu=2.242e-03, P_hv=3.723e-05, rho_mean=1.000000, p_mean=0.718682, div_rms=3.650e-01, vort_rms=1.365e+00, mass_err=-1.773e-10
step= 74100, t=55.367266, dt=6.944e-04, KE=7.689288e-02, Mt=0.3995, A_K=0.116, Cuv=0.249, P_in=7.459e-03, P_tgt=7.641e-03, A_F=0.035, K_low=0.206, P_drag=-3.096e-03, P_cool=-2.260e-03, WENO=0.134 (x=0.134, y=0.134), ReL2D=134.00, eps_nu=2.301e-03, P_hv=3.693e-05, rho_mean=1.000000, p_mean=0.718805, div_rms=3.663e-01, vort_rms=1.384e+00, mass_err=-1.780e-10
step= 74400, t=55.574472, dt=6.843e-04, KE=7.701525e-02, Mt=0.4009, A_K=0.117, Cuv=0.224, P_in=7.586e-03, P_tgt=7.623e-03, A_F=0.145, K_low=0.212, P_drag=-3.169e-03, P_cool=-2.330e-03, WENO=0.125 (x=0.125, y=0.125), ReL2D=132.48, eps_nu=2.365e-03, P_hv=3.713e-05, rho_mean=1.000000, p_mean=0.718945, div_rms=3.910e-01, vort_rms=1.396e+00, mass_err=-1.787e-10
saved snapshot: results/hit2d/final_thesis_Mach_ReL130_N512/preflight_N256/Mt040_N256_mu0p001098989/hit2d_step0074400.npz
step= 74700, t=55.778434, dt=6.774e-04, KE=7.681738e-02, Mt=0.4011, A_K=0.129, Cuv=0.203, P_in=7.533e-03, P_tgt=7.562e-03, A_F=0.254, K_low=0.218, P_drag=-3.250e-03, P_cool=-2.450e-03, WENO=0.108 (x=0.108, y=0.108), ReL2D=131.52, eps_nu=2.416e-03, P_hv=3.956e-05, rho_mean=1.000000, p_mean=0.719186, div_rms=4.093e-01, vort_rms=1.406e+00, mass_err=-1.794e-10
step= 75000, t=55.982804, dt=6.876e-04, KE=7.705636e-02, Mt=0.4015, A_K=0.138, Cuv=0.187, P_in=7.486e-03, P_tgt=7.494e-03, A_F=0.234, K_low=0.223, P_drag=-3.332e-03, P_cool=-2.471e-03, WENO=0.112 (x=0.112, y=0.112), ReL2D=131.88, eps_nu=2.436e-03, P_hv=4.068e-05, rho_mean=1.000000, p_mean=0.719228, div_rms=4.144e-01, vort_rms=1.410e+00, mass_err=-1.802e-10
step= 75300, t=56.191478, dt=7.022e-04, KE=7.778509e-02, Mt=0.4025, A_K=0.153, Cuv=0.178, P_in=7.396e-03, P_tgt=7.386e-03, A_F=0.219, K_low=0.227, P_drag=-3.429e-03, P_cool=-2.391e-03, WENO=0.123 (x=0.123, y=0.123), ReL2D=133.37, eps_nu=2.436e-03, P_hv=3.964e-05, rho_mean=1.000000, p_mean=0.719067, div_rms=4.061e-01, vort_rms=1.413e+00, mass_err=-1.809e-10
step= 75600, t=56.407036, dt=7.337e-04, KE=7.860187e-02, Mt=0.4039, A_K=0.166, Cuv=0.172, P_in=7.206e-03, P_tgt=7.214e-03, A_F=0.143, K_low=0.233, P_drag=-3.548e-03, P_cool=-2.289e-03, WENO=0.130 (x=0.130, y=0.130), ReL2D=135.53, eps_nu=2.432e-03, P_hv=3.911e-05, rho_mean=1.000000, p_mean=0.718865, div_rms=3.885e-01, vort_rms=1.418e+00, mass_err=-1.816e-10
step= 75900, t=56.627753, dt=7.394e-04, KE=7.923881e-02, Mt=0.4047, A_K=0.170, Cuv=0.178, P_in=6.917e-03, P_tgt=6.983e-03, A_F=0.040, K_low=0.239, P_drag=-3.675e-03, P_cool=-2.216e-03, WENO=0.125 (x=0.125, y=0.125), ReL2D=135.95, eps_nu=2.432e-03, P_hv=3.825e-05, rho_mean=1.000000, p_mean=0.718718, div_rms=3.780e-01, vort_rms=1.422e+00, mass_err=-1.823e-10
step= 76200, t=56.851909, dt=7.490e-04, KE=7.937477e-02, Mt=0.4035, A_K=0.164, Cuv=0.193, P_in=6.737e-03, P_tgt=6.765e-03, A_F=0.313, K_low=0.246, P_drag=-3.795e-03, P_cool=-2.231e-03, WENO=0.111 (x=0.111, y=0.111), ReL2D=135.36, eps_nu=2.412e-03, P_hv=3.708e-05, rho_mean=1.000000, p_mean=0.718747, div_rms=3.586e-01, vort_rms=1.422e+00, mass_err=-1.831e-10
step= 76500, t=57.075210, dt=7.486e-04, KE=7.909396e-02, Mt=0.4013, A_K=0.148, Cuv=0.189, P_in=6.637e-03, P_tgt=6.646e-03, A_F=0.065, K_low=0.252, P_drag=-3.893e-03, P_cool=-2.313e-03, WENO=0.116 (x=0.116, y=0.116), ReL2D=135.01, eps_nu=2.389e-03, P_hv=3.806e-05, rho_mean=1.000000, p_mean=0.718912, div_rms=3.418e-01, vort_rms=1.421e+00, mass_err=-1.838e-10
step= 76800, t=57.303644, dt=7.761e-04, KE=7.893117e-02, Mt=0.4007, A_K=0.135, Cuv=0.161, P_in=6.579e-03, P_tgt=6.605e-03, A_F=0.126, K_low=0.259, P_drag=-3.994e-03, P_cool=-2.361e-03, WENO=0.117 (x=0.117, y=0.117), ReL2D=134.76, eps_nu=2.401e-03, P_hv=3.970e-05, rho_mean=1.000000, p_mean=0.719007, div_rms=3.468e-01, vort_rms=1.423e+00, mass_err=-1.845e-10
step= 77100, t=57.537602, dt=7.774e-04, KE=7.881610e-02, Mt=0.4016, A_K=0.128, Cuv=0.125, P_in=6.563e-03, P_tgt=6.551e-03, A_F=0.205, K_low=0.268, P_drag=-4.107e-03, P_cool=-2.391e-03, WENO=0.106 (x=0.106, y=0.106), ReL2D=134.81, eps_nu=2.408e-03, P_hv=3.957e-05, rho_mean=1.000000, p_mean=0.719068, div_rms=3.334e-01, vort_rms=1.429e+00, mass_err=-1.852e-10
step= 77400, t=57.771685, dt=7.751e-04, KE=7.890288e-02, Mt=0.4027, A_K=0.121, Cuv=0.097, P_in=6.417e-03, P_tgt=6.442e-03, A_F=0.187, K_low=0.276, P_drag=-4.215e-03, P_cool=-2.372e-03, WENO=0.097 (x=0.097, y=0.097), ReL2D=134.86, eps_nu=2.416e-03, P_hv=4.048e-05, rho_mean=1.000000, p_mean=0.719030, div_rms=3.405e-01, vort_rms=1.430e+00, mass_err=-1.859e-10
saved snapshot: results/hit2d/final_thesis_Mach_ReL130_N512/preflight_N256/Mt040_N256_mu0p001098989/hit2d_step0077500.npz
step= 77700, t=58.003872, dt=7.734e-04, KE=7.884258e-02, Mt=0.4026, A_K=0.106, Cuv=0.072, P_in=6.360e-03, P_tgt=6.312e-03, A_F=0.102, K_low=0.281, P_drag=-4.293e-03, P_cool=-2.374e-03, WENO=0.103 (x=0.103, y=0.103), ReL2D=134.01, eps_nu=2.414e-03, P_hv=3.964e-05, rho_mean=1.000000, p_mean=0.719034, div_rms=3.436e-01, vort_rms=1.428e+00, mass_err=-1.867e-10
step= 78000, t=58.236117, dt=7.757e-04, KE=7.836421e-02, Mt=0.4016, A_K=0.088, Cuv=0.052, P_in=6.101e-03, P_tgt=6.211e-03, A_F=0.056, K_low=0.287, P_drag=-4.345e-03, P_cool=-2.450e-03, WENO=0.110 (x=0.110, y=0.110), ReL2D=131.83, eps_nu=2.424e-03, P_hv=3.830e-05, rho_mean=1.000000, p_mean=0.719186, div_rms=3.402e-01, vort_rms=1.432e+00, mass_err=-1.874e-10
step= 78300, t=58.467542, dt=7.660e-04, KE=7.776132e-02, Mt=0.4005, A_K=0.059, Cuv=0.026, P_in=6.144e-03, P_tgt=6.165e-03, A_F=0.145, K_low=0.292, P_drag=-4.380e-03, P_cool=-2.543e-03, WENO=0.110 (x=0.110, y=0.110), ReL2D=127.59, eps_nu=2.453e-03, P_hv=3.842e-05, rho_mean=1.000000, p_mean=0.719371, div_rms=3.460e-01, vort_rms=1.440e+00, mass_err=-1.881e-10
step= 78600, t=58.696223, dt=7.633e-04, KE=7.737479e-02, Mt=0.4001, A_K=0.046, Cuv=0.009, P_in=6.120e-03, P_tgt=6.154e-03, A_F=0.096, K_low=0.296, P_drag=-4.402e-03, P_cool=-2.584e-03, WENO=0.101 (x=0.101, y=0.101), ReL2D=125.36, eps_nu=2.456e-03, P_hv=4.106e-05, rho_mean=1.000000, p_mean=0.719453, div_rms=3.507e-01, vort_rms=1.439e+00, mass_err=-1.888e-10
step= 78900, t=58.927208, dt=7.793e-04, KE=7.720241e-02, Mt=0.3994, A_K=0.042, Cuv=-0.002, P_in=6.207e-03, P_tgt=6.164e-03, A_F=0.155, K_low=0.297, P_drag=-4.422e-03, P_cool=-2.578e-03, WENO=0.108 (x=0.108, y=0.108), ReL2D=124.39, eps_nu=2.448e-03, P_hv=4.275e-05, rho_mean=1.000000, p_mean=0.719441, div_rms=3.679e-01, vort_rms=1.431e+00, mass_err=-1.895e-10
step= 79200, t=59.163436, dt=7.859e-04, KE=7.702366e-02, Mt=0.3987, A_K=0.040, Cuv=-0.004, P_in=6.252e-03, P_tgt=6.210e-03, A_F=0.023, K_low=0.299, P_drag=-4.448e-03, P_cool=-2.573e-03, WENO=0.122 (x=0.122, y=0.122), ReL2D=125.41, eps_nu=2.438e-03, P_hv=4.092e-05, rho_mean=1.000000, p_mean=0.719432, div_rms=3.612e-01, vort_rms=1.430e+00, mass_err=-1.903e-10
step= 79500, t=59.396815, dt=7.765e-04, KE=7.725599e-02, Mt=0.3991, A_K=0.036, Cuv=0.010, P_in=6.334e-03, P_tgt=6.265e-03, A_F=0.052, K_low=0.298, P_drag=-4.467e-03, P_cool=-2.492e-03, WENO=0.136 (x=0.136, y=0.136), ReL2D=126.25, eps_nu=2.442e-03, P_hv=4.170e-05, rho_mean=1.000000, p_mean=0.719270, div_rms=3.677e-01, vort_rms=1.429e+00, mass_err=-1.910e-10
step= 79800, t=59.632032, dt=7.901e-04, KE=7.747615e-02, Mt=0.3994, A_K=0.031, Cuv=0.022, P_in=6.307e-03, P_tgt=6.297e-03, A_F=0.125, K_low=0.294, P_drag=-4.457e-03, P_cool=-2.420e-03, WENO=0.121 (x=0.121, y=0.121), ReL2D=126.46, eps_nu=2.460e-03, P_hv=4.109e-05, rho_mean=1.000000, p_mean=0.719125, div_rms=3.745e-01, vort_rms=1.432e+00, mass_err=-1.917e-10
step= 80100, t=59.864842, dt=7.635e-04, KE=7.725405e-02, Mt=0.3987, A_K=0.028, Cuv=0.027, P_in=6.278e-03, P_tgt=6.338e-03, A_F=0.124, K_low=0.288, P_drag=-4.394e-03, P_cool=-2.439e-03, WENO=0.127 (x=0.127, y=0.127), ReL2D=126.64, eps_nu=2.458e-03, P_hv=4.167e-05, rho_mean=1.000000, p_mean=0.719164, div_rms=3.611e-01, vort_rms=1.436e+00, mass_err=-1.924e-10
step= 80400, t=60.090575, dt=7.433e-04, KE=7.707307e-02, Mt=0.3989, A_K=0.007, Cuv=0.021, P_in=6.597e-03, P_tgt=6.403e-03, A_F=0.185, K_low=0.282, P_drag=-4.294e-03, P_cool=-2.456e-03, WENO=0.118 (x=0.118, y=0.118), ReL2D=127.06, eps_nu=2.466e-03, P_hv=4.276e-05, rho_mean=1.000000, p_mean=0.719197, div_rms=3.633e-01, vort_rms=1.438e+00, mass_err=-1.931e-10
saved snapshot: results/hit2d/final_thesis_Mach_ReL130_N512/preflight_N256/Mt040_N256_mu0p001098989/hit2d_step0080600.npz
step= 80700, t=60.312615, dt=7.359e-04, KE=7.669738e-02, Mt=0.3989, A_K=0.010, Cuv=0.003, P_in=6.467e-03, P_tgt=6.447e-03, A_F=0.240, K_low=0.275, P_drag=-4.155e-03, P_cool=-2.518e-03, WENO=0.122 (x=0.122, y=0.122), ReL2D=127.80, eps_nu=2.474e-03, P_hv=4.410e-05, rho_mean=1.000000, p_mean=0.719322, div_rms=3.745e-01, vort_rms=1.437e+00, mass_err=-1.939e-10
step= 81000, t=60.532967, dt=7.403e-04, KE=7.565447e-02, Mt=0.3975, A_K=0.027, Cuv=-0.031, P_in=6.545e-03, P_tgt=6.531e-03, A_F=0.194, K_low=0.269, P_drag=-3.991e-03, P_cool=-2.718e-03, WENO=0.117 (x=0.117, y=0.117), ReL2D=127.76, eps_nu=2.470e-03, P_hv=4.533e-05, rho_mean=1.000000, p_mean=0.719721, div_rms=3.681e-01, vort_rms=1.438e+00, mass_err=-1.946e-10
step= 81300, t=60.757567, dt=7.567e-04, KE=7.464237e-02, Mt=0.3959, A_K=0.041, Cuv=-0.062, P_in=6.763e-03, P_tgt=6.696e-03, A_F=0.103, K_low=0.262, P_drag=-3.818e-03, P_cool=-2.915e-03, WENO=0.121 (x=0.121, y=0.121), ReL2D=127.28, eps_nu=2.478e-03, P_hv=4.671e-05, rho_mean=1.000000, p_mean=0.720115, div_rms=3.732e-01, vort_rms=1.438e+00, mass_err=-1.953e-10
step= 81600, t=60.987373, dt=7.747e-04, KE=7.399404e-02, Mt=0.3942, A_K=0.043, Cuv=-0.078, P_in=7.002e-03, P_tgt=6.958e-03, A_F=0.082, K_low=0.255, P_drag=-3.658e-03, P_cool=-3.049e-03, WENO=0.121 (x=0.121, y=0.121), ReL2D=125.05, eps_nu=2.485e-03, P_hv=4.791e-05, rho_mean=1.000000, p_mean=0.720384, div_rms=3.840e-01, vort_rms=1.437e+00, mass_err=-1.960e-10
step= 81900, t=61.218732, dt=7.532e-04, KE=7.366747e-02, Mt=0.3938, A_K=0.033, Cuv=-0.094, P_in=7.269e-03, P_tgt=7.296e-03, A_F=0.126, K_low=0.249, P_drag=-3.528e-03, P_cool=-3.134e-03, WENO=0.108 (x=0.108, y=0.108), ReL2D=123.78, eps_nu=2.491e-03, P_hv=4.842e-05, rho_mean=1.000000, p_mean=0.720555, div_rms=3.833e-01, vort_rms=1.439e+00, mass_err=-1.967e-10
step= 82200, t=61.440172, dt=7.272e-04, KE=7.412661e-02, Mt=0.3956, A_K=0.004, Cuv=-0.103, P_in=7.579e-03, P_tgt=7.610e-03, A_F=0.110, K_low=0.241, P_drag=-3.424e-03, P_cool=-3.081e-03, WENO=0.108 (x=0.108, y=0.108), ReL2D=123.23, eps_nu=2.507e-03, P_hv=5.131e-05, rho_mean=1.000000, p_mean=0.720448, div_rms=3.832e-01, vort_rms=1.444e+00, mass_err=-1.975e-10
step= 82500, t=61.655760, dt=7.114e-04, KE=7.539890e-02, Mt=0.3992, A_K=0.043, Cuv=-0.099, P_in=7.739e-03, P_tgt=7.762e-03, A_F=0.024, K_low=0.229, P_drag=-3.317e-03, P_cool=-2.885e-03, WENO=0.129 (x=0.129, y=0.129), ReL2D=123.84, eps_nu=2.540e-03, P_hv=5.124e-05, rho_mean=1.000000, p_mean=0.720057, div_rms=3.906e-01, vort_rms=1.452e+00, mass_err=-1.982e-10
step= 82800, t=61.867358, dt=6.989e-04, KE=7.672027e-02, Mt=0.4024, A_K=0.099, Cuv=-0.096, P_in=7.758e-03, P_tgt=7.710e-03, A_F=0.061, K_low=0.216, P_drag=-3.212e-03, P_cool=-2.694e-03, WENO=0.131 (x=0.131, y=0.131), ReL2D=124.39, eps_nu=2.575e-03, P_hv=5.075e-05, rho_mean=1.000000, p_mean=0.719674, div_rms=3.918e-01, vort_rms=1.462e+00, mass_err=-1.989e-10
step= 83100, t=62.075832, dt=6.906e-04, KE=7.754304e-02, Mt=0.4042, A_K=0.146, Cuv=-0.089, P_in=7.473e-03, P_tgt=7.518e-03, A_F=0.178, K_low=0.206, P_drag=-3.099e-03, P_cool=-2.606e-03, WENO=0.138 (x=0.138, y=0.138), ReL2D=123.57, eps_nu=2.628e-03, P_hv=5.020e-05, rho_mean=1.000000, p_mean=0.719498, div_rms=3.959e-01, vort_rms=1.477e+00, mass_err=-1.996e-10
step= 83400, t=62.282764, dt=6.907e-04, KE=7.794150e-02, Mt=0.4049, A_K=0.162, Cuv=-0.087, P_in=7.228e-03, P_tgt=7.268e-03, A_F=0.071, K_low=0.196, P_drag=-2.971e-03, P_cool=-2.599e-03, WENO=0.134 (x=0.134, y=0.134), ReL2D=122.62, eps_nu=2.669e-03, P_hv=5.050e-05, rho_mean=1.000000, p_mean=0.719484, div_rms=4.105e-01, vort_rms=1.485e+00, mass_err=-2.003e-10
step= 83700, t=62.489020, dt=6.806e-04, KE=7.821960e-02, Mt=0.4048, A_K=0.155, Cuv=-0.073, P_in=6.903e-03, P_tgt=7.012e-03, A_F=0.076, K_low=0.184, P_drag=-2.832e-03, P_cool=-2.611e-03, WENO=0.105 (x=0.105, y=0.105), ReL2D=120.64, eps_nu=2.720e-03, P_hv=5.267e-05, rho_mean=1.000000, p_mean=0.719508, div_rms=4.239e-01, vort_rms=1.495e+00, mass_err=-2.010e-10
saved snapshot: results/hit2d/final_thesis_Mach_ReL130_N512/preflight_N256/Mt040_N256_mu0p001098989/hit2d_step0083700.npz
step= 84000, t=62.690047, dt=6.651e-04, KE=7.848218e-02, Mt=0.4047, A_K=0.143, Cuv=-0.050, P_in=6.764e-03, P_tgt=6.769e-03, A_F=0.083, K_low=0.174, P_drag=-2.695e-03, P_cool=-2.619e-03, WENO=0.107 (x=0.107, y=0.107), ReL2D=118.95, eps_nu=2.764e-03, P_hv=5.266e-05, rho_mean=1.000000, p_mean=0.719524, div_rms=4.357e-01, vort_rms=1.504e+00, mass_err=-2.018e-10
step= 84300, t=62.889000, dt=6.617e-04, KE=7.854888e-02, Mt=0.4049, A_K=0.141, Cuv=-0.039, P_in=6.501e-03, P_tgt=6.535e-03, A_F=0.008, K_low=0.166, P_drag=-2.571e-03, P_cool=-2.660e-03, WENO=0.111 (x=0.111, y=0.111), ReL2D=119.60, eps_nu=2.776e-03, P_hv=5.148e-05, rho_mean=1.000000, p_mean=0.719605, div_rms=4.287e-01, vort_rms=1.510e+00, mass_err=-2.025e-10
step= 84600, t=63.088751, dt=6.742e-04, KE=7.863258e-02, Mt=0.4056, A_K=0.158, Cuv=-0.036, P_in=6.263e-03, P_tgt=6.288e-03, A_F=0.153, K_low=0.159, P_drag=-2.458e-03, P_cool=-2.691e-03, WENO=0.096 (x=0.096, y=0.096), ReL2D=120.73, eps_nu=2.814e-03, P_hv=5.090e-05, rho_mean=1.000000, p_mean=0.719669, div_rms=4.362e-01, vort_rms=1.519e+00, mass_err=-2.032e-10
step= 84900, t=63.296045, dt=7.130e-04, KE=7.859356e-02, Mt=0.4061, A_K=0.189, Cuv=-0.028, P_in=5.992e-03, P_tgt=6.022e-03, A_F=0.133, K_low=0.154, P_drag=-2.342e-03, P_cool=-2.743e-03, WENO=0.096 (x=0.096, y=0.096), ReL2D=122.41, eps_nu=2.834e-03, P_hv=5.118e-05, rho_mean=1.000000, p_mean=0.719772, div_rms=4.334e-01, vort_rms=1.526e+00, mass_err=-2.039e-10
warning: flow component anisotropy has increased over the last three diagnostic samples
step= 85200, t=63.513329, dt=7.284e-04, KE=7.830385e-02, Mt=0.4058, A_K=0.215, Cuv=-0.032, P_in=5.814e-03, P_tgt=5.762e-03, A_F=0.195, K_low=0.148, P_drag=-2.222e-03, P_cool=-2.837e-03, WENO=0.097 (x=0.097, y=0.097), ReL2D=121.74, eps_nu=2.859e-03, P_hv=4.813e-05, rho_mean=1.000000, p_mean=0.719959, div_rms=4.310e-01, vort_rms=1.534e+00, mass_err=-2.046e-10
warning: flow component anisotropy has increased over the last three diagnostic samples
step= 85500, t=63.729389, dt=7.138e-04, KE=7.783170e-02, Mt=0.4047, A_K=0.222, Cuv=-0.044, P_in=5.575e-03, P_tgt=5.541e-03, A_F=0.057, K_low=0.142, P_drag=-2.101e-03, P_cool=-2.957e-03, WENO=0.104 (x=0.104, y=0.104), ReL2D=120.94, eps_nu=2.866e-03, P_hv=4.879e-05, rho_mean=1.000000, p_mean=0.720199, div_rms=4.285e-01, vort_rms=1.537e+00, mass_err=-2.053e-10
step= 85800, t=63.943267, dt=7.127e-04, KE=7.775709e-02, Mt=0.4039, A_K=0.220, Cuv=-0.056, P_in=5.354e-03, P_tgt=5.370e-03, A_F=0.065, K_low=0.135, P_drag=-1.971e-03, P_cool=-2.990e-03, WENO=0.115 (x=0.115, y=0.115), ReL2D=120.10, eps_nu=2.859e-03, P_hv=5.082e-05, rho_mean=1.000000, p_mean=0.720266, div_rms=4.221e-01, vort_rms=1.538e+00, mass_err=-2.061e-10
step= 86100, t=64.157525, dt=7.156e-04, KE=7.817320e-02, Mt=0.4040, A_K=0.208, Cuv=-0.060, P_in=5.228e-03, P_tgt=5.217e-03, A_F=0.088, K_low=0.125, P_drag=-1.843e-03, P_cool=-2.925e-03, WENO=0.112 (x=0.112, y=0.112), ReL2D=120.72, eps_nu=2.845e-03, P_hv=5.177e-05, rho_mean=1.000000, p_mean=0.720136, div_rms=4.155e-01, vort_rms=1.536e+00, mass_err=-2.068e-10
step= 86400, t=64.371540, dt=7.100e-04, KE=7.887395e-02, Mt=0.4055, A_K=0.193, Cuv=-0.058, P_in=5.048e-03, P_tgt=5.042e-03, A_F=0.142, K_low=0.114, P_drag=-1.733e-03, P_cool=-2.807e-03, WENO=0.119 (x=0.119, y=0.119), ReL2D=121.42, eps_nu=2.833e-03, P_hv=5.096e-05, rho_mean=1.000000, p_mean=0.719899, div_rms=4.202e-01, vort_rms=1.531e+00, mass_err=-2.075e-10
step= 86700, t=64.584335, dt=7.077e-04, KE=7.941157e-02, Mt=0.4070, A_K=0.172, Cuv=-0.063, P_in=4.810e-03, P_tgt=4.814e-03, A_F=0.015, K_low=0.107, P_drag=-1.658e-03, P_cool=-2.720e-03, WENO=0.104 (x=0.104, y=0.104), ReL2D=121.29, eps_nu=2.821e-03, P_hv=4.970e-05, rho_mean=1.000000, p_mean=0.719726, div_rms=4.275e-01, vort_rms=1.524e+00, mass_err=-2.082e-10
saved snapshot: results/hit2d/final_thesis_Mach_ReL130_N512/preflight_N256/Mt040_N256_mu0p001098989/hit2d_step0086800.npz
step= 87000, t=64.796357, dt=7.066e-04, KE=7.957428e-02, Mt=0.4072, A_K=0.143, Cuv=-0.079, P_in=4.571e-03, P_tgt=4.568e-03, A_F=0.011, K_low=0.103, P_drag=-1.619e-03, P_cool=-2.701e-03, WENO=0.094 (x=0.094, y=0.094), ReL2D=121.19, eps_nu=2.779e-03, P_hv=4.799e-05, rho_mean=1.000000, p_mean=0.719689, div_rms=4.202e-01, vort_rms=1.514e+00, mass_err=-2.089e-10
step= 87300, t=65.009734, dt=7.161e-04, KE=7.952559e-02, Mt=0.4069, A_K=0.109, Cuv=-0.086, P_in=4.365e-03, P_tgt=4.337e-03, A_F=0.063, K_low=0.101, P_drag=-1.602e-03, P_cool=-2.716e-03, WENO=0.098 (x=0.098, y=0.098), ReL2D=121.77, eps_nu=2.732e-03, P_hv=4.663e-05, rho_mean=1.000000, p_mean=0.719718, div_rms=4.042e-01, vort_rms=1.506e+00, mass_err=-2.097e-10
step= 87600, t=65.226045, dt=7.253e-04, KE=7.930190e-02, Mt=0.4065, A_K=0.080, Cuv=-0.075, P_in=4.063e-03, P_tgt=4.128e-03, A_F=0.175, K_low=0.101, P_drag=-1.603e-03, P_cool=-2.756e-03, WENO=0.098 (x=0.098, y=0.098), ReL2D=122.85, eps_nu=2.709e-03, P_hv=4.510e-05, rho_mean=1.000000, p_mean=0.719799, div_rms=3.941e-01, vort_rms=1.503e+00, mass_err=-2.104e-10
step= 87900, t=65.442913, dt=7.183e-04, KE=7.886909e-02, Mt=0.4055, A_K=0.060, Cuv=-0.052, P_in=3.972e-03, P_tgt=3.949e-03, A_F=0.002, K_low=0.103, P_drag=-1.622e-03, P_cool=-2.827e-03, WENO=0.101 (x=0.101, y=0.101), ReL2D=123.89, eps_nu=2.670e-03, P_hv=4.637e-05, rho_mean=1.000000, p_mean=0.719940, div_rms=3.790e-01, vort_rms=1.496e+00, mass_err=-2.111e-10
step= 88200, t=65.656575, dt=7.117e-04, KE=7.867715e-02, Mt=0.4049, A_K=0.048, Cuv=-0.019, P_in=3.776e-03, P_tgt=3.804e-03, A_F=0.164, K_low=0.106, P_drag=-1.661e-03, P_cool=-2.840e-03, WENO=0.109 (x=0.109, y=0.109), ReL2D=125.50, eps_nu=2.624e-03, P_hv=4.849e-05, rho_mean=1.000000, p_mean=0.719965, div_rms=3.749e-01, vort_rms=1.483e+00, mass_err=-2.118e-10
step= 88500, t=65.872764, dt=7.310e-04, KE=7.869301e-02, Mt=0.4054, A_K=0.025, Cuv=0.010, P_in=3.566e-03, P_tgt=3.665e-03, A_F=0.076, K_low=0.111, P_drag=-1.723e-03, P_cool=-2.804e-03, WENO=0.107 (x=0.107, y=0.107), ReL2D=129.52, eps_nu=2.567e-03, P_hv=4.785e-05, rho_mean=1.000000, p_mean=0.719893, div_rms=3.645e-01, vort_rms=1.469e+00, mass_err=-2.126e-10
step= 88800, t=66.093776, dt=7.411e-04, KE=7.891329e-02, Mt=0.4068, A_K=0.011, Cuv=0.028, P_in=3.499e-03, P_tgt=3.503e-03, A_F=0.085, K_low=0.115, P_drag=-1.795e-03, P_cool=-2.719e-03, WENO=0.122 (x=0.122, y=0.122), ReL2D=131.69, eps_nu=2.542e-03, P_hv=4.573e-05, rho_mean=1.000000, p_mean=0.719724, div_rms=3.741e-01, vort_rms=1.458e+00, mass_err=-2.133e-10
step= 89100, t=66.315837, dt=7.366e-04, KE=7.886044e-02, Mt=0.4073, A_K=0.034, Cuv=0.030, P_in=3.339e-03, P_tgt=3.325e-03, A_F=0.014, K_low=0.120, P_drag=-1.847e-03, P_cool=-2.681e-03, WENO=0.117 (x=0.117, y=0.117), ReL2D=133.10, eps_nu=2.521e-03, P_hv=4.661e-05, rho_mean=1.000000, p_mean=0.719647, div_rms=3.820e-01, vort_rms=1.449e+00, mass_err=-2.140e-10
step= 89400, t=66.537408, dt=7.397e-04, KE=7.836335e-02, Mt=0.4061, A_K=0.059, Cuv=0.022, P_in=3.129e-03, P_tgt=3.162e-03, A_F=0.010, K_low=0.122, P_drag=-1.844e-03, P_cool=-2.722e-03, WENO=0.116 (x=0.116, y=0.116), ReL2D=132.55, eps_nu=2.500e-03, P_hv=4.789e-05, rho_mean=1.000000, p_mean=0.719730, div_rms=3.883e-01, vort_rms=1.440e+00, mass_err=-2.147e-10
step= 89700, t=66.759945, dt=7.459e-04, KE=7.767365e-02, Mt=0.4046, A_K=0.075, Cuv=0.013, P_in=3.078e-03, P_tgt=3.041e-03, A_F=0.181, K_low=0.119, P_drag=-1.785e-03, P_cool=-2.794e-03, WENO=0.105 (x=0.105, y=0.105), ReL2D=130.48, eps_nu=2.482e-03, P_hv=4.759e-05, rho_mean=1.000000, p_mean=0.719874, div_rms=3.945e-01, vort_rms=1.432e+00, mass_err=-2.154e-10
saved snapshot: results/hit2d/final_thesis_Mach_ReL130_N512/preflight_N256/Mt040_N256_mu0p001098989/hit2d_step0089900.npz
step= 90000, t=66.983199, dt=7.417e-04, KE=7.725755e-02, Mt=0.4033, A_K=0.086, Cuv=0.016, P_in=2.967e-03, P_tgt=2.952e-03, A_F=0.127, K_low=0.112, P_drag=-1.696e-03, P_cool=-2.808e-03, WENO=0.091 (x=0.091, y=0.091), ReL2D=127.45, eps_nu=2.507e-03, P_hv=4.807e-05, rho_mean=1.000000, p_mean=0.719902, div_rms=4.288e-01, vort_rms=1.427e+00, mass_err=-2.161e-10
step= 90300, t=67.204336, dt=7.354e-04, KE=7.683185e-02, Mt=0.4009, A_K=0.091, Cuv=0.027, P_in=2.936e-03, P_tgt=2.904e-03, A_F=0.149, K_low=0.105, P_drag=-1.614e-03, P_cool=-2.826e-03, WENO=0.097 (x=0.097, y=0.097), ReL2D=126.94, eps_nu=2.504e-03, P_hv=4.893e-05, rho_mean=1.000000, p_mean=0.719938, div_rms=4.429e-01, vort_rms=1.420e+00, mass_err=-2.169e-10
step= 90600, t=67.429160, dt=7.647e-04, KE=7.594548e-02, Mt=0.3970, A_K=0.089, Cuv=0.040, P_in=2.922e-03, P_tgt=2.926e-03, A_F=0.071, K_low=0.103, P_drag=-1.589e-03, P_cool=-2.935e-03, WENO=0.099 (x=0.099, y=0.099), ReL2D=128.69, eps_nu=2.421e-03, P_hv=4.730e-05, rho_mean=1.000000, p_mean=0.720156, div_rms=4.011e-01, vort_rms=1.410e+00, mass_err=-2.176e-10
step= 90900, t=67.658378, dt=7.567e-04, KE=7.525833e-02, Mt=0.3947, A_K=0.075, Cuv=0.047, P_in=3.040e-03, P_tgt=3.026e-03, A_F=0.140, K_low=0.108, P_drag=-1.651e-03, P_cool=-3.000e-03, WENO=0.116 (x=0.116, y=0.116), ReL2D=129.22, eps_nu=2.377e-03, P_hv=4.512e-05, rho_mean=1.000000, p_mean=0.720286, div_rms=3.820e-01, vort_rms=1.403e+00, mass_err=-2.183e-10
step= 91200, t=67.882777, dt=7.390e-04, KE=7.494224e-02, Mt=0.3941, A_K=0.053, Cuv=0.041, P_in=3.218e-03, P_tgt=3.159e-03, A_F=0.025, K_low=0.117, P_drag=-1.783e-03, P_cool=-2.992e-03, WENO=0.118 (x=0.118, y=0.118), ReL2D=129.03, eps_nu=2.349e-03, P_hv=4.183e-05, rho_mean=1.000000, p_mean=0.720269, div_rms=3.811e-01, vort_rms=1.394e+00, mass_err=-2.190e-10
step= 91500, t=68.103104, dt=7.322e-04, KE=7.496995e-02, Mt=0.3937, A_K=0.030, Cuv=0.041, P_in=3.330e-03, P_tgt=3.313e-03, A_F=0.028, K_low=0.129, P_drag=-1.944e-03, P_cool=-2.917e-03, WENO=0.106 (x=0.106, y=0.106), ReL2D=128.30, eps_nu=2.335e-03, P_hv=4.425e-05, rho_mean=1.000000, p_mean=0.720120, div_rms=3.913e-01, vort_rms=1.386e+00, mass_err=-2.197e-10
step= 91800, t=68.321395, dt=7.251e-04, KE=7.541806e-02, Mt=0.3948, A_K=0.011, Cuv=0.043, P_in=3.464e-03, P_tgt=3.464e-03, A_F=0.134, K_low=0.139, P_drag=-2.097e-03, P_cool=-2.765e-03, WENO=0.093 (x=0.093, y=0.093), ReL2D=126.85, eps_nu=2.350e-03, P_hv=4.459e-05, rho_mean=1.000000, p_mean=0.719816, div_rms=4.082e-01, vort_rms=1.384e+00, mass_err=-2.204e-10
step= 92100, t=68.541657, dt=7.436e-04, KE=7.562655e-02, Mt=0.3954, A_K=0.007, Cuv=0.034, P_in=3.575e-03, P_tgt=3.592e-03, A_F=0.100, K_low=0.146, P_drag=-2.206e-03, P_cool=-2.664e-03, WENO=0.096 (x=0.096, y=0.096), ReL2D=126.18, eps_nu=2.338e-03, P_hv=4.260e-05, rho_mean=1.000000, p_mean=0.719613, div_rms=4.080e-01, vort_rms=1.380e+00, mass_err=-2.211e-10
step= 92400, t=68.767202, dt=7.619e-04, KE=7.528029e-02, Mt=0.3940, A_K=0.007, Cuv=0.022, P_in=3.726e-03, P_tgt=3.736e-03, A_F=0.066, K_low=0.151, P_drag=-2.263e-03, P_cool=-2.675e-03, WENO=0.117 (x=0.117, y=0.117), ReL2D=125.32, eps_nu=2.316e-03, P_hv=4.032e-05, rho_mean=1.000000, p_mean=0.719635, div_rms=4.007e-01, vort_rms=1.376e+00, mass_err=-2.219e-10
step= 92700, t=68.998116, dt=7.767e-04, KE=7.482148e-02, Mt=0.3921, A_K=0.022, Cuv=0.007, P_in=3.971e-03, P_tgt=3.943e-03, A_F=0.134, K_low=0.155, P_drag=-2.295e-03, P_cool=-2.711e-03, WENO=0.121 (x=0.121, y=0.121), ReL2D=125.25, eps_nu=2.283e-03, P_hv=3.766e-05, rho_mean=1.000000, p_mean=0.719709, div_rms=3.890e-01, vort_rms=1.369e+00, mass_err=-2.226e-10
step= 93000, t=69.232562, dt=7.843e-04, KE=7.480338e-02, Mt=0.3920, A_K=0.043, Cuv=-0.003, P_in=4.214e-03, P_tgt=4.199e-03, A_F=0.379, K_low=0.158, P_drag=-2.330e-03, P_cool=-2.670e-03, WENO=0.134 (x=0.134, y=0.134), ReL2D=126.55, eps_nu=2.268e-03, P_hv=3.686e-05, rho_mean=1.000000, p_mean=0.719625, div_rms=3.834e-01, vort_rms=1.367e+00, mass_err=-2.233e-10
saved snapshot: results/hit2d/final_thesis_Mach_ReL130_N512/preflight_N256/Mt040_N256_mu0p001098989/hit2d_step0093000.npz
step= 93300, t=69.466696, dt=7.776e-04, KE=7.498310e-02, Mt=0.3925, A_K=0.051, Cuv=0.011, P_in=4.572e-03, P_tgt=4.456e-03, A_F=0.201, K_low=0.161, P_drag=-2.383e-03, P_cool=-2.602e-03, WENO=0.128 (x=0.128, y=0.128), ReL2D=127.55, eps_nu=2.261e-03, P_hv=3.656e-05, rho_mean=1.000000, p_mean=0.719490, div_rms=3.728e-01, vort_rms=1.368e+00, mass_err=-2.240e-10
step= 93600, t=69.698725, dt=7.626e-04, KE=7.521061e-02, Mt=0.3931, A_K=0.047, Cuv=0.031, P_in=4.740e-03, P_tgt=4.713e-03, A_F=0.110, K_low=0.166, P_drag=-2.461e-03, P_cool=-2.538e-03, WENO=0.140 (x=0.140, y=0.140), ReL2D=126.10, eps_nu=2.279e-03, P_hv=3.603e-05, rho_mean=1.000000, p_mean=0.719362, div_rms=3.778e-01, vort_rms=1.372e+00, mass_err=-2.247e-10
step= 93900, t=69.924257, dt=7.418e-04, KE=7.539411e-02, Mt=0.3936, A_K=0.034, Cuv=0.026, P_in=4.983e-03, P_tgt=4.959e-03, A_F=0.139, K_low=0.171, P_drag=-2.545e-03, P_cool=-2.494e-03, WENO=0.151 (x=0.151, y=0.151), ReL2D=124.91, eps_nu=2.310e-03, P_hv=3.599e-05, rho_mean=1.000000, p_mean=0.719273, div_rms=3.944e-01, vort_rms=1.376e+00, mass_err=-2.255e-10
step= 94200, t=70.145320, dt=7.306e-04, KE=7.551362e-02, Mt=0.3938, A_K=0.015, Cuv=0.010, P_in=5.190e-03, P_tgt=5.205e-03, A_F=0.234, K_low=0.176, P_drag=-2.624e-03, P_cool=-2.471e-03, WENO=0.152 (x=0.152, y=0.152), ReL2D=126.10, eps_nu=2.322e-03, P_hv=3.600e-05, rho_mean=1.000000, p_mean=0.719228, div_rms=3.951e-01, vort_rms=1.380e+00, mass_err=-2.262e-10
step= 94500, t=70.363265, dt=7.288e-04, KE=7.590880e-02, Mt=0.3944, A_K=0.001, Cuv=0.000, P_in=5.387e-03, P_tgt=5.444e-03, A_F=0.097, K_low=0.179, P_drag=-2.680e-03, P_cool=-2.402e-03, WENO=0.137 (x=0.137, y=0.137), ReL2D=126.86, eps_nu=2.338e-03, P_hv=3.729e-05, rho_mean=1.000000, p_mean=0.719090, div_rms=3.998e-01, vort_rms=1.384e+00, mass_err=-2.269e-10
step= 94800, t=70.583443, dt=7.379e-04, KE=7.639802e-02, Mt=0.3953, A_K=0.000, Cuv=-0.005, P_in=5.562e-03, P_tgt=5.663e-03, A_F=0.015, K_low=0.182, P_drag=-2.716e-03, P_cool=-2.326e-03, WENO=0.132 (x=0.132, y=0.132), ReL2D=127.06, eps_nu=2.362e-03, P_hv=3.742e-05, rho_mean=1.000000, p_mean=0.718938, div_rms=4.016e-01, vort_rms=1.391e+00, mass_err=-2.276e-10
step= 95100, t=70.803492, dt=7.286e-04, KE=7.689015e-02, Mt=0.3962, A_K=0.032, Cuv=-0.013, P_in=5.873e-03, P_tgt=5.846e-03, A_F=0.002, K_low=0.182, P_drag=-2.732e-03, P_cool=-2.262e-03, WENO=0.131 (x=0.131, y=0.131), ReL2D=128.42, eps_nu=2.395e-03, P_hv=3.758e-05, rho_mean=1.000000, p_mean=0.718810, div_rms=3.921e-01, vort_rms=1.405e+00, mass_err=-2.283e-10
step= 95400, t=71.020913, dt=7.167e-04, KE=7.720100e-02, Mt=0.3959, A_K=0.043, Cuv=-0.004, P_in=6.015e-03, P_tgt=6.016e-03, A_F=0.096, K_low=0.181, P_drag=-2.740e-03, P_cool=-2.242e-03, WENO=0.129 (x=0.129, y=0.129), ReL2D=128.08, eps_nu=2.414e-03, P_hv=3.847e-05, rho_mean=1.000000, p_mean=0.718769, div_rms=3.969e-01, vort_rms=1.410e+00, mass_err=-2.291e-10
step= 95700, t=71.236095, dt=7.190e-04, KE=7.691118e-02, Mt=0.3950, A_K=0.048, Cuv=0.002, P_in=6.265e-03, P_tgt=6.232e-03, A_F=0.462, K_low=0.182, P_drag=-2.755e-03, P_cool=-2.346e-03, WENO=0.123 (x=0.123, y=0.123), ReL2D=128.22, eps_nu=2.408e-03, P_hv=4.014e-05, rho_mean=1.000000, p_mean=0.718978, div_rms=3.841e-01, vort_rms=1.412e+00, mass_err=-2.298e-10
step= 96000, t=71.453446, dt=7.209e-04, KE=7.683078e-02, Mt=0.3964, A_K=0.062, Cuv=0.003, P_in=6.448e-03, P_tgt=6.451e-03, A_F=0.056, K_low=0.184, P_drag=-2.791e-03, P_cool=-2.414e-03, WENO=0.124 (x=0.124, y=0.124), ReL2D=128.65, eps_nu=2.431e-03, P_hv=4.094e-05, rho_mean=1.000000, p_mean=0.719114, div_rms=3.875e-01, vort_rms=1.418e+00, mass_err=-2.305e-10
saved snapshot: results/hit2d/final_thesis_Mach_ReL130_N512/preflight_N256/Mt040_N256_mu0p001098989/hit2d_step0096100.npz
step= 96300, t=71.670266, dt=7.306e-04, KE=7.713901e-02, Mt=0.3984, A_K=0.087, Cuv=-0.005, P_in=6.639e-03, P_tgt=6.580e-03, A_F=0.059, K_low=0.186, P_drag=-2.830e-03, P_cool=-2.409e-03, WENO=0.145 (x=0.145, y=0.145), ReL2D=129.98, eps_nu=2.440e-03, P_hv=4.162e-05, rho_mean=1.000000, p_mean=0.719105, div_rms=3.856e-01, vort_rms=1.422e+00, mass_err=-2.312e-10
step= 96600, t=71.894965, dt=7.579e-04, KE=7.765538e-02, Mt=0.3995, A_K=0.092, Cuv=-0.014, P_in=6.536e-03, P_tgt=6.626e-03, A_F=0.297, K_low=0.185, P_drag=-2.856e-03, P_cool=-2.368e-03, WENO=0.140 (x=0.140, y=0.140), ReL2D=131.58, eps_nu=2.438e-03, P_hv=4.048e-05, rho_mean=1.000000, p_mean=0.719022, div_rms=3.846e-01, vort_rms=1.422e+00, mass_err=-2.319e-10
step= 96900, t=72.122671, dt=7.615e-04, KE=7.800475e-02, Mt=0.3992, A_K=0.076, Cuv=-0.005, P_in=6.605e-03, P_tgt=6.660e-03, A_F=0.274, K_low=0.182, P_drag=-2.852e-03, P_cool=-2.363e-03, WENO=0.129 (x=0.129, y=0.129), ReL2D=134.15, eps_nu=2.422e-03, P_hv=4.104e-05, rho_mean=1.000000, p_mean=0.719012, div_rms=3.761e-01, vort_rms=1.420e+00, mass_err=-2.327e-10
step= 97200, t=72.352352, dt=7.645e-04, KE=7.828161e-02, Mt=0.3999, A_K=0.034, Cuv=0.005, P_in=6.733e-03, P_tgt=6.692e-03, A_F=0.022, K_low=0.178, P_drag=-2.820e-03, P_cool=-2.376e-03, WENO=0.120 (x=0.120, y=0.120), ReL2D=136.62, eps_nu=2.411e-03, P_hv=4.014e-05, rho_mean=1.000000, p_mean=0.719037, div_rms=3.732e-01, vort_rms=1.417e+00, mass_err=-2.334e-10
step= 97332, t=72.452981, dt=4.047e-04, KE=7.833187e-02, Mt=0.4006, A_K=0.020, Cuv=0.005, P_in=6.672e-03, P_tgt=6.686e-03, A_F=0.089, K_low=0.176, P_drag=-2.799e-03, P_cool=-2.396e-03, WENO=0.120 (x=0.120, y=0.120), ReL2D=137.41, eps_nu=2.415e-03, P_hv=3.949e-05, rho_mean=1.000000, p_mean=0.719077, div_rms=3.758e-01, vort_rms=1.417e+00, mass_err=-2.337e-10
saved snapshot: results/hit2d/final_thesis_Mach_ReL130_N512/preflight_N256/Mt040_N256_mu0p001098989/hit2d_step0097332.npz
completed 2D HIT run at t=72.452981 in 97332 steps
Post-processing preflight Mt=0.40
FINISHED preflight Mt=0.40 at Tue Aug 18 08:52:15 PM CEST 2026
stationary check: Mt=0.40020, Re_lambda=133.139 ± 7.491, target=130.000, error=+2.41%

================================================================
START preflight Mt=0.60 at Tue Aug 18 08:52:15 PM CEST 2026
N=256x256; Mt=0.60; mu=0.001330976; tfinal=48.30198705; CFL=0.10
================================================================
Using array backend: cupy
saved run configuration: results/hit2d/final_thesis_Mach_ReL130_N512/preflight_N256/Mt060_N256_mu0p001330976/config.json
step=     0, t=0.000000, dt=0.000e+00, KE=1.800000e-01, Mt=0.6000, A_K=0.000, Cuv=0.000, P_in=0.000e+00, P_tgt=0.000e+00, A_F=0.000, K_low=0.000, P_drag=0.000e+00, P_cool=0.000e+00, WENO=0.018 (x=0.018, y=0.018), ReL2D=163.60, eps_nu=7.286e-03, P_hv=0.000e+00, rho_mean=1.000000, p_mean=0.714286, div_rms=1.473e-14, vort_rms=2.340e+00, mass_err=0.000e+00
warning: cumulative forcing anisotropy is high (A_F=0.230)
step=   200, t=0.127055, dt=6.359e-04, KE=1.786245e-01, Mt=0.5977, A_K=0.000, Cuv=-0.000, P_in=9.934e-04, P_tgt=1.003e-03, A_F=0.230, K_low=0.002, P_drag=-8.153e-05, P_cool=-3.007e-04, WENO=0.033 (x=0.033, y=0.033), ReL2D=154.66, eps_nu=7.468e-03, P_hv=5.046e-05, rho_mean=1.000000, p_mean=0.714887, div_rms=5.062e-01, vort_rms=2.296e+00, mass_err=-4.903e-13
step=   400, t=0.254559, dt=6.400e-04, KE=1.717424e-01, Mt=0.5874, A_K=0.002, Cuv=-0.003, P_in=1.017e-03, P_tgt=1.025e-03, A_F=0.090, K_low=0.009, P_drag=-2.943e-04, P_cool=-1.676e-03, WENO=0.041 (x=0.041, y=0.041), ReL2D=145.30, eps_nu=7.440e-03, P_hv=5.179e-05, rho_mean=1.000000, p_mean=0.717639, div_rms=7.123e-01, vort_rms=2.217e+00, mass_err=-9.734e-13
step=   600, t=0.383437, dt=6.505e-04, KE=1.590096e-01, Mt=0.5693, A_K=0.005, Cuv=-0.008, P_in=1.109e-03, P_tgt=1.106e-03, A_F=0.093, K_low=0.017, P_drag=-5.498e-04, P_cool=-4.165e-03, WENO=0.120 (x=0.120, y=0.120), ReL2D=139.65, eps_nu=7.170e-03, P_hv=5.259e-05, rho_mean=1.000000, p_mean=0.722615, div_rms=7.287e-01, vort_rms=2.163e+00, mass_err=-1.442e-12
step=   800, t=0.515501, dt=6.720e-04, KE=1.493767e-01, Mt=0.5598, A_K=0.005, Cuv=-0.014, P_in=1.283e-03, P_tgt=1.266e-03, A_F=0.151, K_low=0.026, P_drag=-7.537e-04, P_cool=-5.969e-03, WENO=0.181 (x=0.181, y=0.181), ReL2D=123.00, eps_nu=7.937e-03, P_hv=5.387e-05, rho_mean=1.000000, p_mean=0.726223, div_rms=9.960e-01, vort_rms=2.154e+00, mass_err=-1.918e-12
step=  1000, t=0.652792, dt=7.011e-04, KE=1.452721e-01, Mt=0.5630, A_K=0.007, Cuv=-0.021, P_in=1.400e-03, P_tgt=1.463e-03, A_F=0.033, K_low=0.031, P_drag=-8.591e-04, P_cool=-6.631e-03, WENO=0.231 (x=0.231, y=0.231), ReL2D=110.38, eps_nu=9.292e-03, P_hv=5.946e-05, rho_mean=1.000000, p_mean=0.727547, div_rms=1.300e+00, vort_rms=2.174e+00, mass_err=-2.380e-12
step=  1200, t=0.794941, dt=7.126e-04, KE=1.444389e-01, Mt=0.5703, A_K=0.011, Cuv=-0.029, P_in=1.688e-03, P_tgt=1.651e-03, A_F=0.049, K_low=0.035, P_drag=-8.744e-04, P_cool=-6.632e-03, WENO=0.259 (x=0.259, y=0.259), ReL2D=106.24, eps_nu=1.021e-02, P_hv=6.344e-05, rho_mean=1.000000, p_mean=0.727549, div_rms=1.466e+00, vort_rms=2.192e+00, mass_err=-2.828e-12
step=  1400, t=0.935125, dt=6.923e-04, KE=1.445532e-01, Mt=0.5731, A_K=0.011, Cuv=-0.037, P_in=1.799e-03, P_tgt=1.824e-03, A_F=0.098, K_low=0.037, P_drag=-8.440e-04, P_cool=-6.453e-03, WENO=0.268 (x=0.268, y=0.268), ReL2D=107.19, eps_nu=1.031e-02, P_hv=6.699e-05, rho_mean=1.000000, p_mean=0.727192, div_rms=1.487e+00, vort_rms=2.191e+00, mass_err=-3.290e-12
step=  1600, t=1.073988, dt=6.988e-04, KE=1.444673e-01, Mt=0.5700, A_K=0.002, Cuv=-0.032, P_in=1.939e-03, P_tgt=2.017e-03, A_F=0.127, K_low=0.039, P_drag=-8.142e-04, P_cool=-6.324e-03, WENO=0.263 (x=0.263, y=0.263), ReL2D=109.21, eps_nu=9.907e-03, P_hv=6.837e-05, rho_mean=1.000000, p_mean=0.726933, div_rms=1.420e+00, vort_rms=2.181e+00, mass_err=-3.752e-12
step=  1800, t=1.212422, dt=6.760e-04, KE=1.442680e-01, Mt=0.5636, A_K=0.013, Cuv=-0.012, P_in=2.250e-03, P_tgt=2.275e-03, A_F=0.076, K_low=0.040, P_drag=-8.170e-04, P_cool=-6.229e-03, WENO=0.252 (x=0.252, y=0.252), ReL2D=111.92, eps_nu=9.262e-03, P_hv=7.171e-05, rho_mean=1.000000, p_mean=0.726744, div_rms=1.304e+00, vort_rms=2.166e+00, mass_err=-4.214e-12
step=  2000, t=1.344597, dt=6.532e-04, KE=1.444191e-01, Mt=0.5586, A_K=0.037, Cuv=0.014, P_in=2.687e-03, P_tgt=2.628e-03, A_F=0.098, K_low=0.041, P_drag=-8.687e-04, P_cool=-6.075e-03, WENO=0.257 (x=0.257, y=0.257), ReL2D=113.66, eps_nu=8.866e-03, P_hv=7.889e-05, rho_mean=1.000000, p_mean=0.726436, div_rms=1.226e+00, vort_rms=2.158e+00, mass_err=-4.682e-12
saved snapshot: results/hit2d/final_thesis_Mach_ReL130_N512/preflight_N256/Mt060_N256_mu0p001330976/hit2d_step0002100.npz
step=  2200, t=1.476831, dt=6.732e-04, KE=1.444333e-01, Mt=0.5553, A_K=0.060, Cuv=0.045, P_in=3.057e-03, P_tgt=3.086e-03, A_F=0.158, K_low=0.043, P_drag=-9.705e-04, P_cool=-5.982e-03, WENO=0.281 (x=0.281, y=0.281), ReL2D=114.90, eps_nu=8.648e-03, P_hv=8.242e-05, rho_mean=1.000000, p_mean=0.726249, div_rms=1.175e+00, vort_rms=2.158e+00, mass_err=-5.137e-12
step=  2400, t=1.613768, dt=6.981e-04, KE=1.438331e-01, Mt=0.5526, A_K=0.074, Cuv=0.066, P_in=3.671e-03, P_tgt=3.669e-03, A_F=0.079, K_low=0.047, P_drag=-1.115e-03, P_cool=-6.004e-03, WENO=0.303 (x=0.303, y=0.303), ReL2D=115.48, eps_nu=8.545e-03, P_hv=8.451e-05, rho_mean=1.000000, p_mean=0.726293, div_rms=1.156e+00, vort_rms=2.154e+00, mass_err=-5.606e-12
step=  2600, t=1.755810, dt=7.146e-04, KE=1.425480e-01, Mt=0.5491, A_K=0.082, Cuv=0.067, P_in=4.409e-03, P_tgt=4.420e-03, A_F=0.076, K_low=0.053, P_drag=-1.284e-03, P_cool=-6.172e-03, WENO=0.341 (x=0.341, y=0.341), ReL2D=116.48, eps_nu=8.389e-03, P_hv=8.300e-05, rho_mean=1.000000, p_mean=0.726630, div_rms=1.130e+00, vort_rms=2.145e+00, mass_err=-6.075e-12
step=  2800, t=1.896244, dt=6.888e-04, KE=1.416624e-01, Mt=0.5458, A_K=0.085, Cuv=0.055, P_in=5.309e-03, P_tgt=5.405e-03, A_F=0.151, K_low=0.057, P_drag=-1.418e-03, P_cool=-6.276e-03, WENO=0.343 (x=0.343, y=0.343), ReL2D=114.60, eps_nu=8.376e-03, P_hv=9.086e-05, rho_mean=1.000000, p_mean=0.726837, div_rms=1.144e+00, vort_rms=2.133e+00, mass_err=-6.544e-12
step=  3000, t=2.034607, dt=6.904e-04, KE=1.410026e-01, Mt=0.5431, A_K=0.088, Cuv=0.043, P_in=6.840e-03, P_tgt=6.700e-03, A_F=0.028, K_low=0.058, P_drag=-1.462e-03, P_cool=-6.358e-03, WENO=0.345 (x=0.345, y=0.345), ReL2D=113.16, eps_nu=8.332e-03, P_hv=1.008e-04, rho_mean=1.000000, p_mean=0.727002, div_rms=1.141e+00, vort_rms=2.127e+00, mass_err=-7.013e-12
step=  3200, t=2.173397, dt=6.975e-04, KE=1.408582e-01, Mt=0.5419, A_K=0.093, Cuv=0.036, P_in=8.384e-03, P_tgt=8.376e-03, A_F=0.082, K_low=0.053, P_drag=-1.388e-03, P_cool=-6.375e-03, WENO=0.336 (x=0.336, y=0.336), ReL2D=111.49, eps_nu=8.397e-03, P_hv=1.126e-04, rho_mean=1.000000, p_mean=0.727037, div_rms=1.155e+00, vort_rms=2.128e+00, mass_err=-7.482e-12
step=  3400, t=2.312043, dt=6.838e-04, KE=1.408094e-01, Mt=0.5403, A_K=0.104, Cuv=0.033, P_in=1.058e-02, P_tgt=1.053e-02, A_F=0.110, K_low=0.046, P_drag=-1.232e-03, P_cool=-6.430e-03, WENO=0.337 (x=0.337, y=0.337), ReL2D=110.37, eps_nu=8.378e-03, P_hv=1.124e-04, rho_mean=1.000000, p_mean=0.727145, div_rms=1.152e+00, vort_rms=2.127e+00, mass_err=-7.951e-12
step=  3600, t=2.449175, dt=6.864e-04, KE=1.407368e-01, Mt=0.5382, A_K=0.125, Cuv=0.031, P_in=1.342e-02, P_tgt=1.336e-02, A_F=0.045, K_low=0.039, P_drag=-1.071e-03, P_cool=-6.561e-03, WENO=0.316 (x=0.316, y=0.316), ReL2D=109.63, eps_nu=8.351e-03, P_hv=1.076e-04, rho_mean=1.000000, p_mean=0.727409, div_rms=1.150e+00, vort_rms=2.124e+00, mass_err=-8.427e-12
step=  3800, t=2.585620, dt=6.792e-04, KE=1.407607e-01, Mt=0.5375, A_K=0.139, Cuv=0.037, P_in=1.717e-02, P_tgt=1.707e-02, A_F=0.017, K_low=0.035, P_drag=-9.701e-04, P_cool=-6.764e-03, WENO=0.311 (x=0.311, y=0.311), ReL2D=109.78, eps_nu=8.295e-03, P_hv=1.112e-04, rho_mean=1.000000, p_mean=0.727813, div_rms=1.138e+00, vort_rms=2.122e+00, mass_err=-8.896e-12
step=  4000, t=2.720720, dt=6.681e-04, KE=1.416912e-01, Mt=0.5399, A_K=0.149, Cuv=0.048, P_in=2.168e-02, P_tgt=2.175e-02, A_F=0.128, K_low=0.035, P_drag=-9.699e-04, P_cool=-6.892e-03, WENO=0.297 (x=0.297, y=0.297), ReL2D=110.98, eps_nu=8.282e-03, P_hv=1.201e-04, rho_mean=1.000000, p_mean=0.728070, div_rms=1.139e+00, vort_rms=2.120e+00, mass_err=-9.358e-12
step=  4200, t=2.853085, dt=6.572e-04, KE=1.438810e-01, Mt=0.5453, A_K=0.159, Cuv=0.054, P_in=2.727e-02, P_tgt=2.720e-02, A_F=0.209, K_low=0.038, P_drag=-1.088e-03, P_cool=-6.892e-03, WENO=0.285 (x=0.285, y=0.285), ReL2D=113.01, eps_nu=8.348e-03, P_hv=1.284e-04, rho_mean=1.000000, p_mean=0.728071, div_rms=1.150e+00, vort_rms=2.123e+00, mass_err=-9.827e-12
saved snapshot: results/hit2d/final_thesis_Mach_ReL130_N512/preflight_N256/Mt060_N256_mu0p001330976/hit2d_step0004200.npz
step=  4400, t=2.984051, dt=6.534e-04, KE=1.466049e-01, Mt=0.5525, A_K=0.162, Cuv=0.043, P_in=3.292e-02, P_tgt=3.306e-02, A_F=0.272, K_low=0.046, P_drag=-1.315e-03, P_cool=-6.923e-03, WENO=0.274 (x=0.274, y=0.274), ReL2D=116.30, eps_nu=8.424e-03, P_hv=1.322e-04, rho_mean=1.000000, p_mean=0.728133, div_rms=1.155e+00, vort_rms=2.133e+00, mass_err=-1.030e-11
step=  4600, t=3.114619, dt=6.533e-04, KE=1.497600e-01, Mt=0.5604, A_K=0.157, Cuv=0.015, P_in=3.886e-02, P_tgt=3.890e-02, A_F=0.174, K_low=0.057, P_drag=-1.610e-03, P_cool=-7.011e-03, WENO=0.263 (x=0.263, y=0.263), ReL2D=118.63, eps_nu=8.586e-03, P_hv=1.308e-04, rho_mean=1.000000, p_mean=0.728308, div_rms=1.176e+00, vort_rms=2.147e+00, mass_err=-1.076e-11
step=  4800, t=3.245202, dt=6.508e-04, KE=1.530682e-01, Mt=0.5679, A_K=0.133, Cuv=-0.026, P_in=4.450e-02, P_tgt=4.435e-02, A_F=0.031, K_low=0.069, P_drag=-1.916e-03, P_cool=-7.205e-03, WENO=0.258 (x=0.258, y=0.258), ReL2D=120.99, eps_nu=8.732e-03, P_hv=1.380e-04, rho_mean=1.000000, p_mean=0.728696, div_rms=1.179e+00, vort_rms=2.170e+00, mass_err=-1.123e-11
step=  5000, t=3.374489, dt=6.470e-04, KE=1.565096e-01, Mt=0.5751, A_K=0.107, Cuv=-0.056, P_in=4.891e-02, P_tgt=4.913e-02, A_F=0.228, K_low=0.079, P_drag=-2.183e-03, P_cool=-7.485e-03, WENO=0.281 (x=0.281, y=0.281), ReL2D=122.80, eps_nu=8.864e-03, P_hv=1.466e-04, rho_mean=1.000000, p_mean=0.729256, div_rms=1.177e+00, vort_rms=2.194e+00, mass_err=-1.170e-11
step=  5200, t=3.505390, dt=6.626e-04, KE=1.603234e-01, Mt=0.5827, A_K=0.071, Cuv=-0.069, P_in=5.297e-02, P_tgt=5.293e-02, A_F=0.035, K_low=0.086, P_drag=-2.387e-03, P_cool=-7.803e-03, WENO=0.298 (x=0.298, y=0.298), ReL2D=124.33, eps_nu=9.006e-03, P_hv=1.420e-04, rho_mean=1.000000, p_mean=0.729891, div_rms=1.170e+00, vort_rms=2.223e+00, mass_err=-1.216e-11
step=  5400, t=3.637780, dt=6.639e-04, KE=1.642329e-01, Mt=0.5899, A_K=0.026, Cuv=-0.078, P_in=5.529e-02, P_tgt=5.548e-02, A_F=0.165, K_low=0.090, P_drag=-2.519e-03, P_cool=-8.184e-03, WENO=0.305 (x=0.305, y=0.305), ReL2D=126.93, eps_nu=9.088e-03, P_hv=1.267e-04, rho_mean=1.000000, p_mean=0.730654, div_rms=1.140e+00, vort_rms=2.257e+00, mass_err=-1.263e-11
step=  5600, t=3.770485, dt=6.541e-04, KE=1.685701e-01, Mt=0.5975, A_K=0.016, Cuv=-0.079, P_in=5.652e-02, P_tgt=5.671e-02, A_F=0.118, K_low=0.091, P_drag=-2.597e-03, P_cool=-8.522e-03, WENO=0.294 (x=0.294, y=0.294), ReL2D=128.80, eps_nu=9.209e-03, P_hv=1.216e-04, rho_mean=1.000000, p_mean=0.731330, div_rms=1.125e+00, vort_rms=2.287e+00, mass_err=-1.310e-11
step=  5800, t=3.901548, dt=6.635e-04, KE=1.730952e-01, Mt=0.6062, A_K=0.062, Cuv=-0.067, P_in=5.633e-02, P_tgt=5.638e-02, A_F=0.022, K_low=0.090, P_drag=-2.655e-03, P_cool=-8.810e-03, WENO=0.296 (x=0.296, y=0.296), ReL2D=130.44, eps_nu=9.375e-03, P_hv=1.227e-04, rho_mean=1.000000, p_mean=0.731907, div_rms=1.118e+00, vort_rms=2.319e+00, mass_err=-1.356e-11
step=  6000, t=4.032954, dt=6.457e-04, KE=1.781570e-01, Mt=0.6154, A_K=0.105, Cuv=-0.062, P_in=5.453e-02, P_tgt=5.444e-02, A_F=0.157, K_low=0.089, P_drag=-2.750e-03, P_cool=-8.958e-03, WENO=0.303 (x=0.303, y=0.303), ReL2D=128.93, eps_nu=9.854e-03, P_hv=1.324e-04, rho_mean=1.000000, p_mean=0.732201, div_rms=1.188e+00, vort_rms=2.350e+00, mass_err=-1.403e-11
step=  6200, t=4.163351, dt=6.631e-04, KE=1.826720e-01, Mt=0.6238, A_K=0.145, Cuv=-0.060, P_in=5.106e-02, P_tgt=5.114e-02, A_F=0.030, K_low=0.088, P_drag=-2.886e-03, P_cool=-9.127e-03, WENO=0.299 (x=0.299, y=0.299), ReL2D=127.85, eps_nu=1.031e-02, P_hv=1.435e-04, rho_mean=1.000000, p_mean=0.732539, div_rms=1.252e+00, vort_rms=2.379e+00, mass_err=-1.448e-11
saved snapshot: results/hit2d/final_thesis_Mach_ReL130_N512/preflight_N256/Mt060_N256_mu0p001330976/hit2d_step0006300.npz
step=  6400, t=4.296194, dt=6.645e-04, KE=1.861669e-01, Mt=0.6317, A_K=0.181, Cuv=-0.043, P_in=4.737e-02, P_tgt=4.690e-02, A_F=0.071, K_low=0.090, P_drag=-3.071e-03, P_cool=-9.403e-03, WENO=0.303 (x=0.303, y=0.303), ReL2D=127.53, eps_nu=1.081e-02, P_hv=1.522e-04, rho_mean=1.000000, p_mean=0.733091, div_rms=1.318e+00, vort_rms=2.409e+00, mass_err=-1.494e-11
warning: flow component anisotropy has increased over the last three diagnostic samples
step=  6600, t=4.429061, dt=6.626e-04, KE=1.888022e-01, Mt=0.6384, A_K=0.211, Cuv=-0.011, P_in=4.234e-02, P_tgt=4.210e-02, A_F=0.058, K_low=0.094, P_drag=-3.306e-03, P_cool=-9.715e-03, WENO=0.311 (x=0.311, y=0.311), ReL2D=125.73, eps_nu=1.147e-02, P_hv=1.571e-04, rho_mean=1.000000, p_mean=0.733717, div_rms=1.415e+00, vort_rms=2.438e+00, mass_err=-1.541e-11
warning: flow component anisotropy has increased over the last three diagnostic samples
step=  6800, t=4.561356, dt=6.578e-04, KE=1.906990e-01, Mt=0.6435, A_K=0.228, Cuv=0.029, P_in=3.735e-02, P_tgt=3.720e-02, A_F=0.224, K_low=0.100, P_drag=-3.572e-03, P_cool=-1.003e-02, WENO=0.312 (x=0.312, y=0.312), ReL2D=125.19, eps_nu=1.182e-02, P_hv=1.721e-04, rho_mean=1.000000, p_mean=0.734355, div_rms=1.451e+00, vort_rms=2.464e+00, mass_err=-1.588e-11
warning: flow component anisotropy has increased over the last three diagnostic samples
step=  7000, t=4.691804, dt=6.457e-04, KE=1.920304e-01, Mt=0.6473, A_K=0.245, Cuv=0.067, P_in=3.234e-02, P_tgt=3.247e-02, A_F=0.084, K_low=0.105, P_drag=-3.772e-03, P_cool=-1.032e-02, WENO=0.315 (x=0.315, y=0.315), ReL2D=124.18, eps_nu=1.203e-02, P_hv=1.851e-04, rho_mean=1.000000, p_mean=0.734935, div_rms=1.473e+00, vort_rms=2.480e+00, mass_err=-1.634e-11
warning: flow component anisotropy has increased over the last three diagnostic samples
step=  7200, t=4.819148, dt=6.265e-04, KE=1.928509e-01, Mt=0.6506, A_K=0.257, Cuv=0.101, P_in=2.804e-02, P_tgt=2.807e-02, A_F=0.021, K_low=0.108, P_drag=-3.859e-03, P_cool=-1.058e-02, WENO=0.320 (x=0.320, y=0.320), ReL2D=123.43, eps_nu=1.225e-02, P_hv=1.930e-04, rho_mean=1.000000, p_mean=0.735444, div_rms=1.499e+00, vort_rms=2.491e+00, mass_err=-1.680e-11
step=  7400, t=4.942468, dt=6.097e-04, KE=1.926626e-01, Mt=0.6510, A_K=0.247, Cuv=0.131, P_in=2.428e-02, P_tgt=2.415e-02, A_F=0.051, K_low=0.106, P_drag=-3.817e-03, P_cool=-1.090e-02, WENO=0.317 (x=0.317, y=0.317), ReL2D=120.33, eps_nu=1.259e-02, P_hv=2.046e-04, rho_mean=1.000000, p_mean=0.736092, div_rms=1.560e+00, vort_rms=2.494e+00, mass_err=-1.726e-11
step=  7600, t=5.063721, dt=6.040e-04, KE=1.920256e-01, Mt=0.6489, A_K=0.224, Cuv=0.146, P_in=2.067e-02, P_tgt=2.081e-02, A_F=0.018, K_low=0.102, P_drag=-3.675e-03, P_cool=-1.121e-02, WENO=0.309 (x=0.309, y=0.309), ReL2D=116.59, eps_nu=1.283e-02, P_hv=2.139e-04, rho_mean=1.000000, p_mean=0.736705, div_rms=1.611e+00, vort_rms=2.486e+00, mass_err=-1.772e-11
step=  7800, t=5.185019, dt=6.089e-04, KE=1.911690e-01, Mt=0.6450, A_K=0.201, Cuv=0.153, P_in=1.806e-02, P_tgt=1.809e-02, A_F=0.254, K_low=0.096, P_drag=-3.503e-03, P_cool=-1.148e-02, WENO=0.309 (x=0.309, y=0.309), ReL2D=114.27, eps_nu=1.273e-02, P_hv=2.209e-04, rho_mean=1.000000, p_mean=0.737243, div_rms=1.605e+00, vort_rms=2.476e+00, mass_err=-1.818e-11
step=  8000, t=5.307804, dt=6.163e-04, KE=1.903532e-01, Mt=0.6417, A_K=0.179, Cuv=0.162, P_in=1.585e-02, P_tgt=1.589e-02, A_F=0.231, K_low=0.092, P_drag=-3.353e-03, P_cool=-1.168e-02, WENO=0.310 (x=0.310, y=0.310), ReL2D=113.67, eps_nu=1.250e-02, P_hv=2.132e-04, rho_mean=1.000000, p_mean=0.737642, div_rms=1.567e+00, vort_rms=2.473e+00, mass_err=-1.864e-11
step=  8200, t=5.430498, dt=6.118e-04, KE=1.899198e-01, Mt=0.6394, A_K=0.152, Cuv=0.169, P_in=1.410e-02, P_tgt=1.406e-02, A_F=0.140, K_low=0.090, P_drag=-3.248e-03, P_cool=-1.175e-02, WENO=0.293 (x=0.293, y=0.293), ReL2D=113.91, eps_nu=1.225e-02, P_hv=2.101e-04, rho_mean=1.000000, p_mean=0.737795, div_rms=1.531e+00, vort_rms=2.466e+00, mass_err=-1.911e-11
step=  8400, t=5.552454, dt=6.069e-04, KE=1.891798e-01, Mt=0.6376, A_K=0.120, Cuv=0.177, P_in=1.244e-02, P_tgt=1.250e-02, A_F=0.080, K_low=0.090, P_drag=-3.200e-03, P_cool=-1.186e-02, WENO=0.291 (x=0.291, y=0.291), ReL2D=114.82, eps_nu=1.195e-02, P_hv=2.039e-04, rho_mean=1.000000, p_mean=0.737996, div_rms=1.484e+00, vort_rms=2.458e+00, mass_err=-1.958e-11
saved snapshot: results/hit2d/final_thesis_Mach_ReL130_N512/preflight_N256/Mt060_N256_mu0p001330976/hit2d_step0008400.npz
step=  8600, t=5.673745, dt=6.069e-04, KE=1.876652e-01, Mt=0.6346, A_K=0.084, Cuv=0.186, P_in=1.135e-02, P_tgt=1.120e-02, A_F=0.024, K_low=0.094, P_drag=-3.214e-03, P_cool=-1.208e-02, WENO=0.287 (x=0.287, y=0.287), ReL2D=116.58, eps_nu=1.151e-02, P_hv=2.031e-04, rho_mean=1.000000, p_mean=0.738439, div_rms=1.418e+00, vort_rms=2.442e+00, mass_err=-2.004e-11
step=  8800, t=5.795300, dt=6.097e-04, KE=1.861469e-01, Mt=0.6314, A_K=0.052, Cuv=0.190, P_in=1.007e-02, P_tgt=1.011e-02, A_F=0.123, K_low=0.098, P_drag=-3.280e-03, P_cool=-1.227e-02, WENO=0.270 (x=0.270, y=0.270), ReL2D=118.19, eps_nu=1.113e-02, P_hv=2.212e-04, rho_mean=1.000000, p_mean=0.738822, div_rms=1.369e+00, vort_rms=2.422e+00, mass_err=-2.051e-11
step=  9000, t=5.917573, dt=6.105e-04, KE=1.851131e-01, Mt=0.6287, A_K=0.025, Cuv=0.184, P_in=9.033e-03, P_tgt=9.216e-03, A_F=0.139, K_low=0.102, P_drag=-3.391e-03, P_cool=-1.233e-02, WENO=0.273 (x=0.273, y=0.273), ReL2D=119.34, eps_nu=1.088e-02, P_hv=2.372e-04, rho_mean=1.000000, p_mean=0.738952, div_rms=1.339e+00, vort_rms=2.405e+00, mass_err=-2.097e-11
step=  9200, t=6.039504, dt=6.097e-04, KE=1.849971e-01, Mt=0.6267, A_K=0.008, Cuv=0.164, P_in=8.515e-03, P_tgt=8.457e-03, A_F=0.114, K_low=0.105, P_drag=-3.534e-03, P_cool=-1.220e-02, WENO=0.272 (x=0.272, y=0.272), ReL2D=120.84, eps_nu=1.066e-02, P_hv=2.266e-04, rho_mean=1.000000, p_mean=0.738677, div_rms=1.318e+00, vort_rms=2.385e+00, mass_err=-2.143e-11
step=  9400, t=6.161951, dt=6.157e-04, KE=1.853599e-01, Mt=0.6262, A_K=0.035, Cuv=0.149, P_in=7.993e-03, P_tgt=7.787e-03, A_F=0.011, K_low=0.109, P_drag=-3.684e-03, P_cool=-1.194e-02, WENO=0.280 (x=0.280, y=0.280), ReL2D=122.32, eps_nu=1.044e-02, P_hv=2.281e-04, rho_mean=1.000000, p_mean=0.738168, div_rms=1.297e+00, vort_rms=2.366e+00, mass_err=-2.189e-11
step=  9600, t=6.283620, dt=6.049e-04, KE=1.854502e-01, Mt=0.6258, A_K=0.055, Cuv=0.130, P_in=7.040e-03, P_tgt=7.177e-03, A_F=0.107, K_low=0.112, P_drag=-3.848e-03, P_cool=-1.173e-02, WENO=0.276 (x=0.276, y=0.276), ReL2D=121.71, eps_nu=1.042e-02, P_hv=2.256e-04, rho_mean=1.000000, p_mean=0.737745, div_rms=1.314e+00, vort_rms=2.352e+00, mass_err=-2.235e-11
step=  9800, t=6.406255, dt=6.199e-04, KE=1.844355e-01, Mt=0.6236, A_K=0.065, Cuv=0.110, P_in=6.654e-03, P_tgt=6.639e-03, A_F=0.059, K_low=0.116, P_drag=-4.028e-03, P_cool=-1.172e-02, WENO=0.290 (x=0.290, y=0.290), ReL2D=120.57, eps_nu=1.040e-02, P_hv=2.173e-04, rho_mean=1.000000, p_mean=0.737721, div_rms=1.329e+00, vort_rms=2.337e+00, mass_err=-2.282e-11
step= 10000, t=6.529622, dt=6.163e-04, KE=1.828253e-01, Mt=0.6201, A_K=0.074, Cuv=0.089, P_in=6.220e-03, P_tgt=6.195e-03, A_F=0.044, K_low=0.121, P_drag=-4.212e-03, P_cool=-1.180e-02, WENO=0.294 (x=0.294, y=0.294), ReL2D=119.32, eps_nu=1.035e-02, P_hv=2.038e-04, rho_mean=1.000000, p_mean=0.737893, div_rms=1.342e+00, vort_rms=2.319e+00, mass_err=-2.329e-11
step= 10200, t=6.653404, dt=6.231e-04, KE=1.815527e-01, Mt=0.6172, A_K=0.084, Cuv=0.074, P_in=5.764e-03, P_tgt=5.840e-03, A_F=0.046, K_low=0.126, P_drag=-4.409e-03, P_cool=-1.180e-02, WENO=0.308 (x=0.308, y=0.308), ReL2D=119.39, eps_nu=1.026e-02, P_hv=1.835e-04, rho_mean=1.000000, p_mean=0.737894, div_rms=1.354e+00, vort_rms=2.295e+00, mass_err=-2.376e-11
step= 10400, t=6.778513, dt=6.243e-04, KE=1.806385e-01, Mt=0.6160, A_K=0.089, Cuv=0.059, P_in=5.551e-03, P_tgt=5.540e-03, A_F=0.018, K_low=0.132, P_drag=-4.617e-03, P_cool=-1.172e-02, WENO=0.301 (x=0.301, y=0.301), ReL2D=120.49, eps_nu=1.006e-02, P_hv=1.774e-04, rho_mean=1.000000, p_mean=0.737723, div_rms=1.339e+00, vort_rms=2.274e+00, mass_err=-2.422e-11
saved snapshot: results/hit2d/final_thesis_Mach_ReL130_N512/preflight_N256/Mt060_N256_mu0p001330976/hit2d_step0010500.npz
step= 10600, t=6.903440, dt=6.235e-04, KE=1.797394e-01, Mt=0.6152, A_K=0.087, Cuv=0.045, P_in=5.241e-03, P_tgt=5.268e-03, A_F=0.041, K_low=0.138, P_drag=-4.824e-03, P_cool=-1.162e-02, WENO=0.290 (x=0.290, y=0.290), ReL2D=121.03, eps_nu=9.935e-03, P_hv=1.776e-04, rho_mean=1.000000, p_mean=0.737532, div_rms=1.334e+00, vort_rms=2.257e+00, mass_err=-2.468e-11
step= 10800, t=7.027609, dt=6.193e-04, KE=1.783687e-01, Mt=0.6129, A_K=0.076, Cuv=0.036, P_in=4.995e-03, P_tgt=5.033e-03, A_F=0.083, K_low=0.145, P_drag=-5.021e-03, P_cool=-1.162e-02, WENO=0.302 (x=0.302, y=0.302), ReL2D=120.51, eps_nu=9.852e-03, P_hv=1.628e-04, rho_mean=1.000000, p_mean=0.737518, div_rms=1.340e+00, vort_rms=2.238e+00, mass_err=-2.516e-11
step= 11000, t=7.151791, dt=6.201e-04, KE=1.763059e-01, Mt=0.6085, A_K=0.056, Cuv=0.032, P_in=4.888e-03, P_tgt=4.859e-03, A_F=0.204, K_low=0.153, P_drag=-5.213e-03, P_cool=-1.174e-02, WENO=0.311 (x=0.311, y=0.311), ReL2D=121.02, eps_nu=9.643e-03, P_hv=1.580e-04, rho_mean=1.000000, p_mean=0.737761, div_rms=1.325e+00, vort_rms=2.215e+00, mass_err=-2.563e-11
step= 11200, t=7.274472, dt=6.066e-04, KE=1.743716e-01, Mt=0.6037, A_K=0.029, Cuv=0.031, P_in=4.685e-03, P_tgt=4.763e-03, A_F=0.018, K_low=0.161, P_drag=-5.402e-03, P_cool=-1.183e-02, WENO=0.296 (x=0.296, y=0.296), ReL2D=121.85, eps_nu=9.460e-03, P_hv=2.057e-04, rho_mean=1.000000, p_mean=0.737937, div_rms=1.321e+00, vort_rms=2.187e+00, mass_err=-2.610e-11
step= 11400, t=7.394464, dt=5.943e-04, KE=1.726928e-01, Mt=0.5998, A_K=0.002, Cuv=0.038, P_in=4.338e-03, P_tgt=4.736e-03, A_F=0.120, K_low=0.169, P_drag=-5.565e-03, P_cool=-1.186e-02, WENO=0.297 (x=0.297, y=0.297), ReL2D=122.34, eps_nu=9.328e-03, P_hv=2.340e-04, rho_mean=1.000000, p_mean=0.738009, div_rms=1.317e+00, vort_rms=2.167e+00, mass_err=-2.657e-11
step= 11600, t=7.513238, dt=5.974e-04, KE=1.709902e-01, Mt=0.5963, A_K=0.017, Cuv=0.051, P_in=4.686e-03, P_tgt=4.768e-03, A_F=0.121, K_low=0.176, P_drag=-5.681e-03, P_cool=-1.190e-02, WENO=0.286 (x=0.286, y=0.286), ReL2D=121.71, eps_nu=9.322e-03, P_hv=2.255e-04, rho_mean=1.000000, p_mean=0.738086, div_rms=1.338e+00, vort_rms=2.149e+00, mass_err=-2.703e-11
step= 11800, t=7.634064, dt=6.091e-04, KE=1.690197e-01, Mt=0.5934, A_K=0.020, Cuv=0.067, P_in=4.880e-03, P_tgt=4.854e-03, A_F=0.214, K_low=0.181, P_drag=-5.742e-03, P_cool=-1.198e-02, WENO=0.294 (x=0.294, y=0.294), ReL2D=122.13, eps_nu=9.231e-03, P_hv=1.973e-04, rho_mean=1.000000, p_mean=0.738249, div_rms=1.341e+00, vort_rms=2.130e+00, mass_err=-2.751e-11
step= 12000, t=7.756472, dt=6.129e-04, KE=1.668808e-01, Mt=0.5915, A_K=0.007, Cuv=0.082, P_in=4.931e-03, P_tgt=4.981e-03, A_F=0.131, K_low=0.185, P_drag=-5.749e-03, P_cool=-1.209e-02, WENO=0.285 (x=0.285, y=0.285), ReL2D=123.06, eps_nu=9.042e-03, P_hv=1.761e-04, rho_mean=1.000000, p_mean=0.738467, div_rms=1.323e+00, vort_rms=2.111e+00, mass_err=-2.797e-11
step= 12200, t=7.879540, dt=6.181e-04, KE=1.644727e-01, Mt=0.5904, A_K=0.010, Cuv=0.098, P_in=5.148e-03, P_tgt=5.137e-03, A_F=0.192, K_low=0.188, P_drag=-5.710e-03, P_cool=-1.225e-02, WENO=0.278 (x=0.278, y=0.278), ReL2D=125.45, eps_nu=8.731e-03, P_hv=1.700e-04, rho_mean=1.000000, p_mean=0.738793, div_rms=1.276e+00, vort_rms=2.095e+00, mass_err=-2.843e-11
step= 12400, t=8.004576, dt=6.318e-04, KE=1.621069e-01, Mt=0.5891, A_K=0.020, Cuv=0.112, P_in=5.352e-03, P_tgt=5.319e-03, A_F=0.044, K_low=0.190, P_drag=-5.636e-03, P_cool=-1.241e-02, WENO=0.284 (x=0.284, y=0.284), ReL2D=126.04, eps_nu=8.518e-03, P_hv=1.659e-04, rho_mean=1.000000, p_mean=0.739100, div_rms=1.249e+00, vort_rms=2.079e+00, mass_err=-2.889e-11
step= 12600, t=8.132751, dt=6.457e-04, KE=1.596310e-01, Mt=0.5856, A_K=0.016, Cuv=0.123, P_in=5.528e-03, P_tgt=5.551e-03, A_F=0.045, K_low=0.190, P_drag=-5.547e-03, P_cool=-1.258e-02, WENO=0.277 (x=0.277, y=0.277), ReL2D=125.09, eps_nu=8.351e-03, P_hv=1.520e-04, rho_mean=1.000000, p_mean=0.739442, div_rms=1.237e+00, vort_rms=2.058e+00, mass_err=-2.935e-11
saved snapshot: results/hit2d/final_thesis_Mach_ReL130_N512/preflight_N256/Mt060_N256_mu0p001330976/hit2d_step0012600.npz
step= 12800, t=8.261356, dt=6.419e-04, KE=1.571518e-01, Mt=0.5802, A_K=0.001, Cuv=0.129, P_in=5.855e-03, P_tgt=5.890e-03, A_F=0.072, K_low=0.190, P_drag=-5.485e-03, P_cool=-1.275e-02, WENO=0.274 (x=0.274, y=0.274), ReL2D=124.01, eps_nu=8.146e-03, P_hv=1.470e-04, rho_mean=1.000000, p_mean=0.739791, div_rms=1.228e+00, vort_rms=2.027e+00, mass_err=-2.981e-11
step= 13000, t=8.389628, dt=6.377e-04, KE=1.549098e-01, Mt=0.5750, A_K=0.024, Cuv=0.126, P_in=6.397e-03, P_tgt=6.378e-03, A_F=0.005, K_low=0.193, P_drag=-5.488e-03, P_cool=-1.289e-02, WENO=0.273 (x=0.273, y=0.273), ReL2D=123.68, eps_nu=7.910e-03, P_hv=1.436e-04, rho_mean=1.000000, p_mean=0.740063, div_rms=1.201e+00, vort_rms=2.005e+00, mass_err=-3.028e-11
step= 13200, t=8.517662, dt=6.434e-04, KE=1.537299e-01, Mt=0.5719, A_K=0.045, Cuv=0.115, P_in=7.048e-03, P_tgt=7.017e-03, A_F=0.005, K_low=0.197, P_drag=-5.570e-03, P_cool=-1.283e-02, WENO=0.274 (x=0.274, y=0.274), ReL2D=123.25, eps_nu=7.808e-03, P_hv=1.408e-04, rho_mean=1.000000, p_mean=0.739937, div_rms=1.192e+00, vort_rms=1.993e+00, mass_err=-3.073e-11
step= 13400, t=8.646236, dt=6.413e-04, KE=1.536046e-01, Mt=0.5712, A_K=0.059, Cuv=0.096, P_in=7.795e-03, P_tgt=7.775e-03, A_F=0.061, K_low=0.202, P_drag=-5.696e-03, P_cool=-1.257e-02, WENO=0.274 (x=0.274, y=0.274), ReL2D=123.03, eps_nu=7.809e-03, P_hv=1.388e-04, rho_mean=1.000000, p_mean=0.739431, div_rms=1.197e+00, vort_rms=1.989e+00, mass_err=-3.119e-11
step= 13600, t=8.775045, dt=6.482e-04, KE=1.540961e-01, Mt=0.5716, A_K=0.067, Cuv=0.073, P_in=8.660e-03, P_tgt=8.618e-03, A_F=0.185, K_low=0.206, P_drag=-5.830e-03, P_cool=-1.222e-02, WENO=0.273 (x=0.273, y=0.273), ReL2D=122.05, eps_nu=7.905e-03, P_hv=1.357e-04, rho_mean=1.000000, p_mean=0.738734, div_rms=1.226e+00, vort_rms=1.984e+00, mass_err=-3.165e-11
step= 13800, t=8.906186, dt=6.593e-04, KE=1.544285e-01, Mt=0.5722, A_K=0.069, Cuv=0.055, P_in=9.572e-03, P_tgt=9.531e-03, A_F=0.232, K_low=0.208, P_drag=-5.934e-03, P_cool=-1.193e-02, WENO=0.260 (x=0.260, y=0.260), ReL2D=122.35, eps_nu=7.870e-03, P_hv=1.350e-04, rho_mean=1.000000, p_mean=0.738145, div_rms=1.221e+00, vort_rms=1.982e+00, mass_err=-3.212e-11
step= 14000, t=9.038447, dt=6.637e-04, KE=1.543942e-01, Mt=0.5728, A_K=0.067, Cuv=0.044, P_in=1.053e-02, P_tgt=1.052e-02, A_F=0.188, K_low=0.209, P_drag=-5.996e-03, P_cool=-1.173e-02, WENO=0.260 (x=0.260, y=0.260), ReL2D=124.30, eps_nu=7.761e-03, P_hv=1.325e-04, rho_mean=1.000000, p_mean=0.737744, div_rms=1.196e+00, vort_rms=1.981e+00, mass_err=-3.259e-11
step= 14200, t=9.168618, dt=6.415e-04, KE=1.543793e-01, Mt=0.5737, A_K=0.057, Cuv=0.037, P_in=1.163e-02, P_tgt=1.157e-02, A_F=0.115, K_low=0.209, P_drag=-6.010e-03, P_cool=-1.155e-02, WENO=0.259 (x=0.259, y=0.259), ReL2D=126.29, eps_nu=7.694e-03, P_hv=1.347e-04, rho_mean=1.000000, p_mean=0.737394, div_rms=1.177e+00, vort_rms=1.983e+00, mass_err=-3.305e-11
step= 14400, t=9.296412, dt=6.402e-04, KE=1.547103e-01, Mt=0.5740, A_K=0.038, Cuv=0.034, P_in=1.270e-02, P_tgt=1.270e-02, A_F=0.081, K_low=0.205, P_drag=-5.991e-03, P_cool=-1.135e-02, WENO=0.245 (x=0.245, y=0.245), ReL2D=128.19, eps_nu=7.608e-03, P_hv=1.326e-04, rho_mean=1.000000, p_mean=0.736977, div_rms=1.171e+00, vort_rms=1.972e+00, mass_err=-3.352e-11
step= 14600, t=9.424845, dt=6.421e-04, KE=1.551805e-01, Mt=0.5740, A_K=0.013, Cuv=0.031, P_in=1.387e-02, P_tgt=1.393e-02, A_F=0.004, K_low=0.201, P_drag=-5.940e-03, P_cool=-1.115e-02, WENO=0.236 (x=0.236, y=0.236), ReL2D=128.14, eps_nu=7.593e-03, P_hv=1.285e-04, rho_mean=1.000000, p_mean=0.736583, div_rms=1.184e+00, vort_rms=1.959e+00, mass_err=-3.399e-11
saved snapshot: results/hit2d/final_thesis_Mach_ReL130_N512/preflight_N256/Mt060_N256_mu0p001330976/hit2d_step0014700.npz
step= 14800, t=9.553318, dt=6.431e-04, KE=1.550712e-01, Mt=0.5723, A_K=0.011, Cuv=0.026, P_in=1.536e-02, P_tgt=1.533e-02, A_F=0.036, K_low=0.197, P_drag=-5.874e-03, P_cool=-1.111e-02, WENO=0.242 (x=0.242, y=0.242), ReL2D=127.91, eps_nu=7.530e-03, P_hv=1.183e-04, rho_mean=1.000000, p_mean=0.736509, div_rms=1.176e+00, vort_rms=1.953e+00, mass_err=-3.445e-11
step= 15000, t=9.681213, dt=6.348e-04, KE=1.544688e-01, Mt=0.5701, A_K=0.038, Cuv=0.028, P_in=1.701e-02, P_tgt=1.700e-02, A_F=0.232, K_low=0.194, P_drag=-5.791e-03, P_cool=-1.122e-02, WENO=0.235 (x=0.235, y=0.235), ReL2D=127.87, eps_nu=7.418e-03, P_hv=1.177e-04, rho_mean=1.000000, p_mean=0.736721, div_rms=1.149e+00, vort_rms=1.953e+00, mass_err=-3.492e-11
step= 15200, t=9.807163, dt=6.254e-04, KE=1.540422e-01, Mt=0.5690, A_K=0.064, Cuv=0.039, P_in=1.892e-02, P_tgt=1.898e-02, A_F=0.131, K_low=0.191, P_drag=-5.713e-03, P_cool=-1.133e-02, WENO=0.236 (x=0.236, y=0.236), ReL2D=127.06, eps_nu=7.403e-03, P_hv=1.283e-04, rho_mean=1.000000, p_mean=0.736951, div_rms=1.136e+00, vort_rms=1.960e+00, mass_err=-3.540e-11
step= 15400, t=9.932075, dt=6.251e-04, KE=1.541338e-01, Mt=0.5694, A_K=0.084, Cuv=0.060, P_in=2.143e-02, P_tgt=2.122e-02, A_F=0.204, K_low=0.188, P_drag=-5.634e-03, P_cool=-1.139e-02, WENO=0.216 (x=0.216, y=0.216), ReL2D=127.17, eps_nu=7.430e-03, P_hv=1.350e-04, rho_mean=1.000000, p_mean=0.737066, div_rms=1.118e+00, vort_rms=1.979e+00, mass_err=-3.586e-11
step= 15600, t=10.057178, dt=6.209e-04, KE=1.547640e-01, Mt=0.5706, A_K=0.100, Cuv=0.080, P_in=2.388e-02, P_tgt=2.366e-02, A_F=0.271, K_low=0.185, P_drag=-5.543e-03, P_cool=-1.140e-02, WENO=0.197 (x=0.197, y=0.197), ReL2D=126.25, eps_nu=7.509e-03, P_hv=1.415e-04, rho_mean=1.000000, p_mean=0.737078, div_rms=1.105e+00, vort_rms=2.004e+00, mass_err=-3.633e-11
step= 15800, t=10.179733, dt=6.070e-04, KE=1.556469e-01, Mt=0.5719, A_K=0.111, Cuv=0.102, P_in=2.641e-02, P_tgt=2.623e-02, A_F=0.059, K_low=0.182, P_drag=-5.460e-03, P_cool=-1.141e-02, WENO=0.192 (x=0.192, y=0.192), ReL2D=126.08, eps_nu=7.526e-03, P_hv=1.446e-04, rho_mean=1.000000, p_mean=0.737108, div_rms=1.088e+00, vort_rms=2.019e+00, mass_err=-3.679e-11
step= 16000, t=10.300994, dt=6.019e-04, KE=1.565075e-01, Mt=0.5734, A_K=0.122, Cuv=0.129, P_in=2.844e-02, P_tgt=2.893e-02, A_F=0.190, K_low=0.181, P_drag=-5.389e-03, P_cool=-1.150e-02, WENO=0.201 (x=0.201, y=0.201), ReL2D=128.52, eps_nu=7.457e-03, P_hv=1.438e-04, rho_mean=1.000000, p_mean=0.737280, div_rms=1.061e+00, vort_rms=2.025e+00, mass_err=-3.726e-11
step= 16200, t=10.419809, dt=5.861e-04, KE=1.574219e-01, Mt=0.5773, A_K=0.130, Cuv=0.151, P_in=3.162e-02, P_tgt=3.160e-02, A_F=0.011, K_low=0.180, P_drag=-5.325e-03, P_cool=-1.164e-02, WENO=0.205 (x=0.205, y=0.205), ReL2D=130.90, eps_nu=7.609e-03, P_hv=1.507e-04, rho_mean=1.000000, p_mean=0.737559, div_rms=1.069e+00, vort_rms=2.048e+00, mass_err=-3.773e-11
step= 16400, t=10.535953, dt=5.751e-04, KE=1.581853e-01, Mt=0.5831, A_K=0.128, Cuv=0.166, P_in=3.388e-02, P_tgt=3.388e-02, A_F=0.165, K_low=0.180, P_drag=-5.258e-03, P_cool=-1.186e-02, WENO=0.221 (x=0.221, y=0.221), ReL2D=131.42, eps_nu=7.862e-03, P_hv=1.459e-04, rho_mean=1.000000, p_mean=0.737998, div_rms=1.107e+00, vort_rms=2.067e+00, mass_err=-3.821e-11
step= 16600, t=10.650194, dt=5.672e-04, KE=1.587769e-01, Mt=0.5873, A_K=0.118, Cuv=0.166, P_in=3.566e-02, P_tgt=3.564e-02, A_F=0.061, K_low=0.179, P_drag=-5.198e-03, P_cool=-1.214e-02, WENO=0.235 (x=0.235, y=0.235), ReL2D=129.29, eps_nu=8.142e-03, P_hv=1.476e-04, rho_mean=1.000000, p_mean=0.738569, div_rms=1.172e+00, vort_rms=2.070e+00, mass_err=-3.866e-11
step= 16800, t=10.762911, dt=5.635e-04, KE=1.591381e-01, Mt=0.5901, A_K=0.098, Cuv=0.160, P_in=3.718e-02, P_tgt=3.703e-02, A_F=0.118, K_low=0.177, P_drag=-5.131e-03, P_cool=-1.250e-02, WENO=0.253 (x=0.253, y=0.253), ReL2D=125.82, eps_nu=8.485e-03, P_hv=1.502e-04, rho_mean=1.000000, p_mean=0.739279, div_rms=1.241e+00, vort_rms=2.079e+00, mass_err=-3.912e-11
saved snapshot: results/hit2d/final_thesis_Mach_ReL130_N512/preflight_N256/Mt060_N256_mu0p001330976/hit2d_step0016800.npz
step= 17000, t=10.875978, dt=5.660e-04, KE=1.594868e-01, Mt=0.5915, A_K=0.086, Cuv=0.155, P_in=3.823e-02, P_tgt=3.820e-02, A_F=0.133, K_low=0.173, P_drag=-5.051e-03, P_cool=-1.288e-02, WENO=0.253 (x=0.253, y=0.253), ReL2D=121.09, eps_nu=8.896e-03, P_hv=1.407e-04, rho_mean=1.000000, p_mean=0.740037, div_rms=1.314e+00, vort_rms=2.093e+00, mass_err=-3.958e-11
step= 17200, t=10.989123, dt=5.661e-04, KE=1.598559e-01, Mt=0.5926, A_K=0.086, Cuv=0.157, P_in=3.933e-02, P_tgt=3.926e-02, A_F=0.096, K_low=0.167, P_drag=-4.959e-03, P_cool=-1.327e-02, WENO=0.256 (x=0.256, y=0.256), ReL2D=118.08, eps_nu=9.242e-03, P_hv=1.466e-04, rho_mean=1.000000, p_mean=0.740825, div_rms=1.357e+00, vort_rms=2.119e+00, mass_err=-4.002e-11
step= 17400, t=11.102449, dt=5.691e-04, KE=1.608189e-01, Mt=0.5942, A_K=0.084, Cuv=0.164, P_in=4.010e-02, P_tgt=4.015e-02, A_F=0.035, K_low=0.161, P_drag=-4.870e-03, P_cool=-1.356e-02, WENO=0.252 (x=0.252, y=0.252), ReL2D=117.86, eps_nu=9.384e-03, P_hv=1.550e-04, rho_mean=1.000000, p_mean=0.741412, div_rms=1.351e+00, vort_rms=2.148e+00, mass_err=-4.048e-11
step= 17600, t=11.217698, dt=5.806e-04, KE=1.630820e-01, Mt=0.5970, A_K=0.077, Cuv=0.169, P_in=4.103e-02, P_tgt=4.077e-02, A_F=0.113, K_low=0.155, P_drag=-4.804e-03, P_cool=-1.362e-02, WENO=0.250 (x=0.250, y=0.250), ReL2D=119.14, eps_nu=9.428e-03, P_hv=1.657e-04, rho_mean=1.000000, p_mean=0.741530, div_rms=1.335e+00, vort_rms=2.170e+00, mass_err=-4.094e-11
step= 17800, t=11.334876, dt=5.919e-04, KE=1.667203e-01, Mt=0.6013, A_K=0.070, Cuv=0.174, P_in=4.096e-02, P_tgt=4.090e-02, A_F=0.082, K_low=0.150, P_drag=-4.787e-03, P_cool=-1.343e-02, WENO=0.270 (x=0.270, y=0.270), ReL2D=121.49, eps_nu=9.490e-03, P_hv=1.624e-04, rho_mean=1.000000, p_mean=0.741146, div_rms=1.323e+00, vort_rms=2.190e+00, mass_err=-4.140e-11
step= 18000, t=11.455289, dt=6.107e-04, KE=1.711316e-01, Mt=0.6061, A_K=0.069, Cuv=0.163, P_in=4.046e-02, P_tgt=4.041e-02, A_F=0.056, K_low=0.147, P_drag=-4.842e-03, P_cool=-1.310e-02, WENO=0.285 (x=0.285, y=0.285), ReL2D=122.84, eps_nu=9.669e-03, P_hv=1.452e-04, rho_mean=1.000000, p_mean=0.740492, div_rms=1.323e+00, vort_rms=2.220e+00, mass_err=-4.187e-11
step= 18200, t=11.578151, dt=6.174e-04, KE=1.747133e-01, Mt=0.6101, A_K=0.067, Cuv=0.135, P_in=3.933e-02, P_tgt=3.934e-02, A_F=0.202, K_low=0.150, P_drag=-4.989e-03, P_cool=-1.294e-02, WENO=0.290 (x=0.290, y=0.290), ReL2D=124.84, eps_nu=9.781e-03, P_hv=1.415e-04, rho_mean=1.000000, p_mean=0.740162, div_rms=1.317e+00, vort_rms=2.244e+00, mass_err=-4.233e-11
step= 18400, t=11.701337, dt=6.132e-04, KE=1.779183e-01, Mt=0.6130, A_K=0.064, Cuv=0.097, P_in=3.796e-02, P_tgt=3.788e-02, A_F=0.054, K_low=0.156, P_drag=-5.221e-03, P_cool=-1.281e-02, WENO=0.289 (x=0.289, y=0.289), ReL2D=126.02, eps_nu=9.914e-03, P_hv=1.505e-04, rho_mean=1.000000, p_mean=0.739914, div_rms=1.327e+00, vort_rms=2.259e+00, mass_err=-4.280e-11
step= 18600, t=11.823846, dt=6.116e-04, KE=1.810349e-01, Mt=0.6151, A_K=0.059, Cuv=0.063, P_in=3.624e-02, P_tgt=3.619e-02, A_F=0.134, K_low=0.163, P_drag=-5.488e-03, P_cool=-1.266e-02, WENO=0.282 (x=0.282, y=0.282), ReL2D=127.52, eps_nu=9.946e-03, P_hv=1.718e-04, rho_mean=1.000000, p_mean=0.739601, div_rms=1.324e+00, vort_rms=2.266e+00, mass_err=-4.326e-11
step= 18800, t=11.945648, dt=6.080e-04, KE=1.840595e-01, Mt=0.6176, A_K=0.057, Cuv=0.038, P_in=3.459e-02, P_tgt=3.435e-02, A_F=0.084, K_low=0.167, P_drag=-5.749e-03, P_cool=-1.247e-02, WENO=0.294 (x=0.294, y=0.294), ReL2D=128.67, eps_nu=1.005e-02, P_hv=1.732e-04, rho_mean=1.000000, p_mean=0.739219, div_rms=1.330e+00, vort_rms=2.279e+00, mass_err=-4.373e-11
saved snapshot: results/hit2d/final_thesis_Mach_ReL130_N512/preflight_N256/Mt060_N256_mu0p001330976/hit2d_step0018900.npz
step= 19000, t=12.067491, dt=6.099e-04, KE=1.864263e-01, Mt=0.6205, A_K=0.063, Cuv=0.028, P_in=3.231e-02, P_tgt=3.234e-02, A_F=0.046, K_low=0.168, P_drag=-5.937e-03, P_cool=-1.236e-02, WENO=0.300 (x=0.300, y=0.300), ReL2D=130.85, eps_nu=1.006e-02, P_hv=1.733e-04, rho_mean=1.000000, p_mean=0.738999, div_rms=1.322e+00, vort_rms=2.286e+00, mass_err=-4.418e-11
step= 19200, t=12.189188, dt=6.097e-04, KE=1.879899e-01, Mt=0.6240, A_K=0.071, Cuv=0.031, P_in=3.020e-02, P_tgt=3.014e-02, A_F=0.072, K_low=0.168, P_drag=-6.037e-03, P_cool=-1.236e-02, WENO=0.300 (x=0.300, y=0.300), ReL2D=132.55, eps_nu=1.016e-02, P_hv=1.754e-04, rho_mean=1.000000, p_mean=0.738996, div_rms=1.329e+00, vort_rms=2.297e+00, mass_err=-4.464e-11
step= 19400, t=12.312339, dt=6.253e-04, KE=1.885152e-01, Mt=0.6270, A_K=0.073, Cuv=0.031, P_in=2.786e-02, P_tgt=2.782e-02, A_F=0.024, K_low=0.166, P_drag=-6.031e-03, P_cool=-1.251e-02, WENO=0.304 (x=0.304, y=0.304), ReL2D=133.99, eps_nu=1.022e-02, P_hv=1.713e-04, rho_mean=1.000000, p_mean=0.739302, div_rms=1.325e+00, vort_rms=2.310e+00, mass_err=-4.511e-11
step= 19600, t=12.438053, dt=6.289e-04, KE=1.882599e-01, Mt=0.6282, A_K=0.070, Cuv=0.032, P_in=2.558e-02, P_tgt=2.551e-02, A_F=0.176, K_low=0.164, P_drag=-5.920e-03, P_cool=-1.276e-02, WENO=0.311 (x=0.311, y=0.311), ReL2D=134.60, eps_nu=1.026e-02, P_hv=1.752e-04, rho_mean=1.000000, p_mean=0.739804, div_rms=1.314e+00, vort_rms=2.325e+00, mass_err=-4.557e-11
step= 19800, t=12.564469, dt=6.350e-04, KE=1.882047e-01, Mt=0.6274, A_K=0.062, Cuv=0.042, P_in=2.340e-02, P_tgt=2.338e-02, A_F=0.133, K_low=0.160, P_drag=-5.744e-03, P_cool=-1.291e-02, WENO=0.301 (x=0.301, y=0.301), ReL2D=132.56, eps_nu=1.041e-02, P_hv=1.806e-04, rho_mean=1.000000, p_mean=0.740109, div_rms=1.349e+00, vort_rms=2.323e+00, mass_err=-4.604e-11
step= 20000, t=12.691327, dt=6.302e-04, KE=1.875956e-01, Mt=0.6242, A_K=0.055, Cuv=0.061, P_in=2.161e-02, P_tgt=2.156e-02, A_F=0.168, K_low=0.157, P_drag=-5.572e-03, P_cool=-1.312e-02, WENO=0.314 (x=0.314, y=0.314), ReL2D=129.92, eps_nu=1.044e-02, P_hv=1.846e-04, rho_mean=1.000000, p_mean=0.740535, div_rms=1.364e+00, vort_rms=2.317e+00, mass_err=-4.651e-11
step= 20200, t=12.818108, dt=6.364e-04, KE=1.865983e-01, Mt=0.6206, A_K=0.049, Cuv=0.082, P_in=1.995e-02, P_tgt=2.009e-02, A_F=0.012, K_low=0.156, P_drag=-5.461e-03, P_cool=-1.337e-02, WENO=0.322 (x=0.322, y=0.322), ReL2D=127.72, eps_nu=1.046e-02, P_hv=1.979e-04, rho_mean=1.000000, p_mean=0.741027, div_rms=1.378e+00, vort_rms=2.308e+00, mass_err=-4.697e-11
step= 20400, t=12.945696, dt=6.397e-04, KE=1.858690e-01, Mt=0.6187, A_K=0.043, Cuv=0.105, P_in=1.887e-02, P_tgt=1.888e-02, A_F=0.018, K_low=0.155, P_drag=-5.425e-03, P_cool=-1.353e-02, WENO=0.326 (x=0.326, y=0.326), ReL2D=127.12, eps_nu=1.039e-02, P_hv=2.164e-04, rho_mean=1.000000, p_mean=0.741338, div_rms=1.376e+00, vort_rms=2.299e+00, mass_err=-4.744e-11
step= 20600, t=13.073200, dt=6.384e-04, KE=1.857038e-01, Mt=0.6189, A_K=0.031, Cuv=0.130, P_in=1.766e-02, P_tgt=1.780e-02, A_F=0.006, K_low=0.156, P_drag=-5.455e-03, P_cool=-1.354e-02, WENO=0.342 (x=0.342, y=0.342), ReL2D=128.04, eps_nu=1.020e-02, P_hv=2.204e-04, rho_mean=1.000000, p_mean=0.741365, div_rms=1.355e+00, vort_rms=2.285e+00, mass_err=-4.790e-11
step= 20800, t=13.200918, dt=6.413e-04, KE=1.862067e-01, Mt=0.6217, A_K=0.016, Cuv=0.157, P_in=1.673e-02, P_tgt=1.669e-02, A_F=0.052, K_low=0.158, P_drag=-5.542e-03, P_cool=-1.340e-02, WENO=0.336 (x=0.336, y=0.336), ReL2D=129.25, eps_nu=1.011e-02, P_hv=2.197e-04, rho_mean=1.000000, p_mean=0.741077, div_rms=1.354e+00, vort_rms=2.270e+00, mass_err=-4.837e-11
step= 21000, t=13.329649, dt=6.469e-04, KE=1.862211e-01, Mt=0.6245, A_K=0.003, Cuv=0.191, P_in=1.561e-02, P_tgt=1.552e-02, A_F=0.110, K_low=0.163, P_drag=-5.687e-03, P_cool=-1.332e-02, WENO=0.331 (x=0.331, y=0.331), ReL2D=131.56, eps_nu=9.955e-03, P_hv=2.176e-04, rho_mean=1.000000, p_mean=0.740929, div_rms=1.350e+00, vort_rms=2.247e+00, mass_err=-4.884e-11
saved snapshot: results/hit2d/final_thesis_Mach_ReL130_N512/preflight_N256/Mt060_N256_mu0p001330976/hit2d_step0021000.npz
step= 21200, t=13.458745, dt=6.450e-04, KE=1.855483e-01, Mt=0.6270, A_K=0.001, Cuv=0.223, P_in=1.419e-02, P_tgt=1.432e-02, A_F=0.067, K_low=0.171, P_drag=-5.870e-03, P_cool=-1.335e-02, WENO=0.326 (x=0.326, y=0.326), ReL2D=129.53, eps_nu=1.009e-02, P_hv=2.086e-04, rho_mean=1.000000, p_mean=0.740989, div_rms=1.404e+00, vort_rms=2.225e+00, mass_err=-4.930e-11
step= 21400, t=13.586470, dt=6.343e-04, KE=1.839014e-01, Mt=0.6273, A_K=0.010, Cuv=0.253, P_in=1.306e-02, P_tgt=1.314e-02, A_F=0.031, K_low=0.181, P_drag=-6.083e-03, P_cool=-1.354e-02, WENO=0.336 (x=0.336, y=0.336), ReL2D=127.97, eps_nu=1.018e-02, P_hv=1.943e-04, rho_mean=1.000000, p_mean=0.741367, div_rms=1.440e+00, vort_rms=2.209e+00, mass_err=-4.977e-11
step= 21600, t=13.711651, dt=6.227e-04, KE=1.821723e-01, Mt=0.6254, A_K=0.032, Cuv=0.271, P_in=1.203e-02, P_tgt=1.210e-02, A_F=0.028, K_low=0.192, P_drag=-6.315e-03, P_cool=-1.371e-02, WENO=0.329 (x=0.329, y=0.329), ReL2D=126.40, eps_nu=1.021e-02, P_hv=1.952e-04, rho_mean=1.000000, p_mean=0.741702, div_rms=1.466e+00, vort_rms=2.193e+00, mass_err=-5.025e-11
step= 21800, t=13.835537, dt=6.178e-04, KE=1.808507e-01, Mt=0.6222, A_K=0.053, Cuv=0.278, P_in=1.126e-02, P_tgt=1.122e-02, A_F=0.101, K_low=0.201, P_drag=-6.543e-03, P_cool=-1.376e-02, WENO=0.330 (x=0.330, y=0.330), ReL2D=124.33, eps_nu=1.033e-02, P_hv=1.941e-04, rho_mean=1.000000, p_mean=0.741809, div_rms=1.500e+00, vort_rms=2.183e+00, mass_err=-5.071e-11
step= 22000, t=13.959299, dt=6.211e-04, KE=1.794929e-01, Mt=0.6180, A_K=0.068, Cuv=0.277, P_in=1.049e-02, P_tgt=1.053e-02, A_F=0.036, K_low=0.208, P_drag=-6.737e-03, P_cool=-1.380e-02, WENO=0.316 (x=0.316, y=0.316), ReL2D=123.32, eps_nu=1.029e-02, P_hv=1.885e-04, rho_mean=1.000000, p_mean=0.741877, div_rms=1.502e+00, vort_rms=2.172e+00, mass_err=-5.118e-11
step= 22200, t=14.083806, dt=6.220e-04, KE=1.781592e-01, Mt=0.6138, A_K=0.076, Cuv=0.269, P_in=1.001e-02, P_tgt=1.000e-02, A_F=0.073, K_low=0.212, P_drag=-6.900e-03, P_cool=-1.380e-02, WENO=0.322 (x=0.322, y=0.322), ReL2D=124.01, eps_nu=9.954e-03, P_hv=1.848e-04, rho_mean=1.000000, p_mean=0.741887, div_rms=1.458e+00, vort_rms=2.155e+00, mass_err=-5.166e-11
step= 22400, t=14.208562, dt=6.281e-04, KE=1.770991e-01, Mt=0.6108, A_K=0.077, Cuv=0.255, P_in=9.608e-03, P_tgt=9.618e-03, A_F=0.057, K_low=0.215, P_drag=-7.035e-03, P_cool=-1.374e-02, WENO=0.322 (x=0.322, y=0.322), ReL2D=126.13, eps_nu=9.525e-03, P_hv=1.724e-04, rho_mean=1.000000, p_mean=0.741756, div_rms=1.392e+00, vort_rms=2.139e+00, mass_err=-5.213e-11
step= 22600, t=14.335304, dt=6.392e-04, KE=1.761671e-01, Mt=0.6089, A_K=0.067, Cuv=0.241, P_in=9.361e-03, P_tgt=9.317e-03, A_F=0.022, K_low=0.217, P_drag=-7.124e-03, P_cool=-1.363e-02, WENO=0.314 (x=0.314, y=0.314), ReL2D=129.79, eps_nu=9.087e-03, P_hv=1.683e-04, rho_mean=1.000000, p_mean=0.741550, div_rms=1.312e+00, vort_rms=2.129e+00, mass_err=-5.259e-11
step= 22800, t=14.464119, dt=6.494e-04, KE=1.757104e-01, Mt=0.6080, A_K=0.048, Cuv=0.226, P_in=9.089e-03, P_tgt=9.063e-03, A_F=0.091, K_low=0.214, P_drag=-7.147e-03, P_cool=-1.343e-02, WENO=0.301 (x=0.301, y=0.301), ReL2D=131.34, eps_nu=8.898e-03, P_hv=1.655e-04, rho_mean=1.000000, p_mean=0.741140, div_rms=1.282e+00, vort_rms=2.119e+00, mass_err=-5.306e-11
step= 23000, t=14.595063, dt=6.599e-04, KE=1.746916e-01, Mt=0.6057, A_K=0.028, Cuv=0.206, P_in=8.862e-03, P_tgt=8.856e-03, A_F=0.050, K_low=0.210, P_drag=-7.114e-03, P_cool=-1.333e-02, WENO=0.309 (x=0.309, y=0.309), ReL2D=131.76, eps_nu=8.774e-03, P_hv=1.615e-04, rho_mean=1.000000, p_mean=0.740949, div_rms=1.272e+00, vort_rms=2.106e+00, mass_err=-5.353e-11
saved snapshot: results/hit2d/final_thesis_Mach_ReL130_N512/preflight_N256/Mt060_N256_mu0p001330976/hit2d_step0023100.npz
step= 23200, t=14.728666, dt=6.757e-04, KE=1.730839e-01, Mt=0.6021, A_K=0.011, Cuv=0.180, P_in=8.770e-03, P_tgt=8.744e-03, A_F=0.081, K_low=0.207, P_drag=-7.062e-03, P_cool=-1.335e-02, WENO=0.312 (x=0.312, y=0.312), ReL2D=131.92, eps_nu=8.610e-03, P_hv=1.473e-04, rho_mean=1.000000, p_mean=0.740978, div_rms=1.260e+00, vort_rms=2.086e+00, mass_err=-5.399e-11
step= 23400, t=14.861803, dt=6.555e-04, KE=1.717290e-01, Mt=0.5992, A_K=0.004, Cuv=0.153, P_in=8.727e-03, P_tgt=8.727e-03, A_F=0.080, K_low=0.204, P_drag=-7.014e-03, P_cool=-1.331e-02, WENO=0.298 (x=0.298, y=0.298), ReL2D=131.93, eps_nu=8.488e-03, P_hv=1.504e-04, rho_mean=1.000000, p_mean=0.740905, div_rms=1.258e+00, vort_rms=2.066e+00, mass_err=-5.446e-11
step= 23600, t=14.993274, dt=6.598e-04, KE=1.708112e-01, Mt=0.5970, A_K=0.015, Cuv=0.130, P_in=8.703e-03, P_tgt=8.782e-03, A_F=0.068, K_low=0.203, P_drag=-6.972e-03, P_cool=-1.319e-02, WENO=0.283 (x=0.283, y=0.283), ReL2D=129.90, eps_nu=8.542e-03, P_hv=1.530e-04, rho_mean=1.000000, p_mean=0.740667, div_rms=1.290e+00, vort_rms=2.049e+00, mass_err=-5.493e-11
step= 23800, t=15.126600, dt=6.736e-04, KE=1.688865e-01, Mt=0.5924, A_K=0.017, Cuv=0.112, P_in=8.924e-03, P_tgt=8.932e-03, A_F=0.004, K_low=0.204, P_drag=-6.941e-03, P_cool=-1.327e-02, WENO=0.291 (x=0.291, y=0.291), ReL2D=130.21, eps_nu=8.399e-03, P_hv=1.495e-04, rho_mean=1.000000, p_mean=0.740827, div_rms=1.279e+00, vort_rms=2.032e+00, mass_err=-5.540e-11
step= 24000, t=15.262119, dt=6.762e-04, KE=1.663738e-01, Mt=0.5869, A_K=0.011, Cuv=0.104, P_in=9.272e-03, P_tgt=9.254e-03, A_F=0.065, K_low=0.207, P_drag=-6.921e-03, P_cool=-1.347e-02, WENO=0.297 (x=0.297, y=0.297), ReL2D=130.35, eps_nu=8.202e-03, P_hv=1.432e-04, rho_mean=1.000000, p_mean=0.741218, div_rms=1.257e+00, vort_rms=2.014e+00, mass_err=-5.587e-11
step= 24200, t=15.396493, dt=6.672e-04, KE=1.636872e-01, Mt=0.5818, A_K=0.007, Cuv=0.100, P_in=9.766e-03, P_tgt=9.773e-03, A_F=0.087, K_low=0.213, P_drag=-6.942e-03, P_cool=-1.371e-02, WENO=0.295 (x=0.295, y=0.295), ReL2D=128.93, eps_nu=8.077e-03, P_hv=1.375e-04, rho_mean=1.000000, p_mean=0.741698, div_rms=1.243e+00, vort_rms=2.002e+00, mass_err=-5.634e-11
step= 24400, t=15.529519, dt=6.620e-04, KE=1.616915e-01, Mt=0.5784, A_K=0.027, Cuv=0.098, P_in=1.050e-02, P_tgt=1.049e-02, A_F=0.165, K_low=0.219, P_drag=-7.013e-03, P_cool=-1.382e-02, WENO=0.294 (x=0.294, y=0.294), ReL2D=127.56, eps_nu=8.068e-03, P_hv=1.416e-04, rho_mean=1.000000, p_mean=0.741933, div_rms=1.248e+00, vort_rms=1.997e+00, mass_err=-5.681e-11
step= 24600, t=15.660708, dt=6.512e-04, KE=1.607476e-01, Mt=0.5775, A_K=0.038, Cuv=0.095, P_in=1.123e-02, P_tgt=1.134e-02, A_F=0.113, K_low=0.225, P_drag=-7.133e-03, P_cool=-1.375e-02, WENO=0.275 (x=0.275, y=0.275), ReL2D=126.44, eps_nu=8.194e-03, P_hv=1.577e-04, rho_mean=1.000000, p_mean=0.741793, div_rms=1.281e+00, vort_rms=1.992e+00, mass_err=-5.728e-11
step= 24800, t=15.790168, dt=6.427e-04, KE=1.600467e-01, Mt=0.5768, A_K=0.044, Cuv=0.088, P_in=1.226e-02, P_tgt=1.230e-02, A_F=0.209, K_low=0.232, P_drag=-7.285e-03, P_cool=-1.366e-02, WENO=0.258 (x=0.258, y=0.258), ReL2D=129.06, eps_nu=7.977e-03, P_hv=1.710e-04, rho_mean=1.000000, p_mean=0.741608, div_rms=1.245e+00, vort_rms=1.982e+00, mass_err=-5.776e-11
step= 25000, t=15.916655, dt=6.247e-04, KE=1.596669e-01, Mt=0.5761, A_K=0.051, Cuv=0.085, P_in=1.334e-02, P_tgt=1.337e-02, A_F=0.021, K_low=0.237, P_drag=-7.457e-03, P_cool=-1.353e-02, WENO=0.258 (x=0.258, y=0.258), ReL2D=132.46, eps_nu=7.631e-03, P_hv=1.717e-04, rho_mean=1.000000, p_mean=0.741356, div_rms=1.185e+00, vort_rms=1.965e+00, mass_err=-5.823e-11
step= 25200, t=16.040900, dt=6.173e-04, KE=1.598490e-01, Mt=0.5760, A_K=0.050, Cuv=0.080, P_in=1.446e-02, P_tgt=1.455e-02, A_F=0.295, K_low=0.241, P_drag=-7.628e-03, P_cool=-1.333e-02, WENO=0.257 (x=0.257, y=0.257), ReL2D=133.52, eps_nu=7.406e-03, P_hv=1.768e-04, rho_mean=1.000000, p_mean=0.740942, div_rms=1.150e+00, vort_rms=1.950e+00, mass_err=-5.870e-11
saved snapshot: results/hit2d/final_thesis_Mach_ReL130_N512/preflight_N256/Mt060_N256_mu0p001330976/hit2d_step0025200.npz
step= 25400, t=16.164454, dt=6.213e-04, KE=1.602445e-01, Mt=0.5763, A_K=0.043, Cuv=0.071, P_in=1.611e-02, P_tgt=1.584e-02, A_F=0.166, K_low=0.243, P_drag=-7.781e-03, P_cool=-1.311e-02, WENO=0.257 (x=0.257, y=0.257), ReL2D=136.43, eps_nu=7.191e-03, P_hv=1.676e-04, rho_mean=1.000000, p_mean=0.740509, div_rms=1.109e+00, vort_rms=1.940e+00, mass_err=-5.916e-11
step= 25600, t=16.289304, dt=6.274e-04, KE=1.612962e-01, Mt=0.5776, A_K=0.030, Cuv=0.059, P_in=1.746e-02, P_tgt=1.719e-02, A_F=0.086, K_low=0.245, P_drag=-7.899e-03, P_cool=-1.280e-02, WENO=0.250 (x=0.250, y=0.250), ReL2D=137.61, eps_nu=7.122e-03, P_hv=1.707e-04, rho_mean=1.000000, p_mean=0.739888, div_rms=1.103e+00, vort_rms=1.931e+00, mass_err=-5.964e-11
step= 25800, t=16.413933, dt=6.173e-04, KE=1.624811e-01, Mt=0.5789, A_K=0.015, Cuv=0.053, P_in=1.846e-02, P_tgt=1.856e-02, A_F=0.177, K_low=0.245, P_drag=-7.957e-03, P_cool=-1.250e-02, WENO=0.250 (x=0.250, y=0.250), ReL2D=138.43, eps_nu=7.046e-03, P_hv=1.693e-04, rho_mean=1.000000, p_mean=0.739293, div_rms=1.100e+00, vort_rms=1.919e+00, mass_err=-6.009e-11
step= 26000, t=16.536845, dt=6.126e-04, KE=1.634304e-01, Mt=0.5803, A_K=0.005, Cuv=0.044, P_in=1.996e-02, P_tgt=1.994e-02, A_F=0.068, K_low=0.242, P_drag=-7.932e-03, P_cool=-1.229e-02, WENO=0.247 (x=0.247, y=0.247), ReL2D=138.78, eps_nu=6.978e-03, P_hv=1.669e-04, rho_mean=1.000000, p_mean=0.738873, div_rms=1.094e+00, vort_rms=1.910e+00, mass_err=-6.055e-11
step= 26200, t=16.658531, dt=6.052e-04, KE=1.641218e-01, Mt=0.5821, A_K=0.025, Cuv=0.033, P_in=2.109e-02, P_tgt=2.130e-02, A_F=0.037, K_low=0.238, P_drag=-7.832e-03, P_cool=-1.217e-02, WENO=0.254 (x=0.254, y=0.254), ReL2D=139.00, eps_nu=6.959e-03, P_hv=1.555e-04, rho_mean=1.000000, p_mean=0.738630, div_rms=1.091e+00, vort_rms=1.908e+00, mass_err=-6.102e-11
step= 26400, t=16.779289, dt=6.028e-04, KE=1.643351e-01, Mt=0.5836, A_K=0.047, Cuv=0.016, P_in=2.250e-02, P_tgt=2.260e-02, A_F=0.090, K_low=0.233, P_drag=-7.700e-03, P_cool=-1.218e-02, WENO=0.255 (x=0.255, y=0.255), ReL2D=139.04, eps_nu=6.956e-03, P_hv=1.518e-04, rho_mean=1.000000, p_mean=0.738646, div_rms=1.081e+00, vort_rms=1.915e+00, mass_err=-6.148e-11
step= 26600, t=16.900896, dt=6.124e-04, KE=1.644783e-01, Mt=0.5846, A_K=0.060, Cuv=-0.005, P_in=2.396e-02, P_tgt=2.389e-02, A_F=0.033, K_low=0.229, P_drag=-7.590e-03, P_cool=-1.224e-02, WENO=0.262 (x=0.262, y=0.262), ReL2D=138.26, eps_nu=6.987e-03, P_hv=1.493e-04, rho_mean=1.000000, p_mean=0.738756, div_rms=1.077e+00, vort_rms=1.925e+00, mass_err=-6.193e-11
step= 26800, t=17.023225, dt=6.101e-04, KE=1.650745e-01, Mt=0.5859, A_K=0.075, Cuv=-0.028, P_in=2.519e-02, P_tgt=2.514e-02, A_F=0.010, K_low=0.224, P_drag=-7.530e-03, P_cool=-1.223e-02, WENO=0.252 (x=0.252, y=0.252), ReL2D=135.27, eps_nu=7.152e-03, P_hv=1.490e-04, rho_mean=1.000000, p_mean=0.738747, div_rms=1.114e+00, vort_rms=1.929e+00, mass_err=-6.240e-11
step= 27000, t=17.145608, dt=6.164e-04, KE=1.661692e-01, Mt=0.5878, A_K=0.090, Cuv=-0.048, P_in=2.628e-02, P_tgt=2.631e-02, A_F=0.295, K_low=0.222, P_drag=-7.535e-03, P_cool=-1.216e-02, WENO=0.248 (x=0.248, y=0.248), ReL2D=133.41, eps_nu=7.351e-03, P_hv=1.489e-04, rho_mean=1.000000, p_mean=0.738598, div_rms=1.161e+00, vort_rms=1.930e+00, mass_err=-6.286e-11
step= 27200, t=17.270394, dt=6.296e-04, KE=1.672024e-01, Mt=0.5892, A_K=0.107, Cuv=-0.066, P_in=2.709e-02, P_tgt=2.736e-02, A_F=0.103, K_low=0.222, P_drag=-7.610e-03, P_cool=-1.212e-02, WENO=0.238 (x=0.238, y=0.238), ReL2D=133.71, eps_nu=7.456e-03, P_hv=1.466e-04, rho_mean=1.000000, p_mean=0.738528, div_rms=1.179e+00, vort_rms=1.936e+00, mass_err=-6.332e-11
saved snapshot: results/hit2d/final_thesis_Mach_ReL130_N512/preflight_N256/Mt060_N256_mu0p001330976/hit2d_step0027300.npz
step= 27400, t=17.395437, dt=6.200e-04, KE=1.677347e-01, Mt=0.5901, A_K=0.120, Cuv=-0.074, P_in=2.849e-02, P_tgt=2.834e-02, A_F=0.048, K_low=0.224, P_drag=-7.743e-03, P_cool=-1.221e-02, WENO=0.236 (x=0.236, y=0.236), ReL2D=134.02, eps_nu=7.549e-03, P_hv=1.440e-04, rho_mean=1.000000, p_mean=0.738707, div_rms=1.190e+00, vort_rms=1.945e+00, mass_err=-6.379e-11
step= 27600, t=17.518537, dt=6.147e-04, KE=1.678230e-01, Mt=0.5897, A_K=0.136, Cuv=-0.071, P_in=2.928e-02, P_tgt=2.933e-02, A_F=0.015, K_low=0.229, P_drag=-7.883e-03, P_cool=-1.240e-02, WENO=0.241 (x=0.241, y=0.241), ReL2D=133.77, eps_nu=7.581e-03, P_hv=1.349e-04, rho_mean=1.000000, p_mean=0.739093, div_rms=1.183e+00, vort_rms=1.957e+00, mass_err=-6.425e-11
step= 27800, t=17.642830, dt=6.303e-04, KE=1.677825e-01, Mt=0.5885, A_K=0.147, Cuv=-0.060, P_in=3.033e-02, P_tgt=3.044e-02, A_F=0.083, K_low=0.232, P_drag=-7.993e-03, P_cool=-1.264e-02, WENO=0.239 (x=0.239, y=0.239), ReL2D=133.84, eps_nu=7.610e-03, P_hv=1.361e-04, rho_mean=1.000000, p_mean=0.739570, div_rms=1.173e+00, vort_rms=1.971e+00, mass_err=-6.472e-11
step= 28000, t=17.769800, dt=6.392e-04, KE=1.679447e-01, Mt=0.5882, A_K=0.152, Cuv=-0.040, P_in=3.173e-02, P_tgt=3.170e-02, A_F=0.168, K_low=0.236, P_drag=-8.065e-03, P_cool=-1.287e-02, WENO=0.244 (x=0.244, y=0.244), ReL2D=133.16, eps_nu=7.711e-03, P_hv=1.373e-04, rho_mean=1.000000, p_mean=0.740023, div_rms=1.175e+00, vort_rms=1.988e+00, mass_err=-6.518e-11
step= 28200, t=17.898364, dt=6.467e-04, KE=1.688102e-01, Mt=0.5900, A_K=0.152, Cuv=-0.025, P_in=3.272e-02, P_tgt=3.293e-02, A_F=0.048, K_low=0.237, P_drag=-8.095e-03, P_cool=-1.298e-02, WENO=0.250 (x=0.250, y=0.250), ReL2D=131.94, eps_nu=7.910e-03, P_hv=1.390e-04, rho_mean=1.000000, p_mean=0.740253, div_rms=1.194e+00, vort_rms=2.010e+00, mass_err=-6.563e-11
step= 28400, t=18.028225, dt=6.485e-04, KE=1.701377e-01, Mt=0.5929, A_K=0.149, Cuv=-0.016, P_in=3.385e-02, P_tgt=3.391e-02, A_F=0.024, K_low=0.236, P_drag=-8.106e-03, P_cool=-1.304e-02, WENO=0.246 (x=0.246, y=0.246), ReL2D=131.65, eps_nu=8.066e-03, P_hv=1.314e-04, rho_mean=1.000000, p_mean=0.740358, div_rms=1.200e+00, vort_rms=2.035e+00, mass_err=-6.609e-11
step= 28600, t=18.156221, dt=6.358e-04, KE=1.717384e-01, Mt=0.5969, A_K=0.154, Cuv=-0.018, P_in=3.459e-02, P_tgt=3.452e-02, A_F=0.105, K_low=0.236, P_drag=-8.146e-03, P_cool=-1.305e-02, WENO=0.258 (x=0.258, y=0.258), ReL2D=132.26, eps_nu=8.136e-03, P_hv=1.247e-04, rho_mean=1.000000, p_mean=0.740384, div_rms=1.182e+00, vort_rms=2.061e+00, mass_err=-6.655e-11
step= 28800, t=18.283727, dt=6.395e-04, KE=1.741418e-01, Mt=0.6027, A_K=0.171, Cuv=-0.022, P_in=3.480e-02, P_tgt=3.456e-02, A_F=0.119, K_low=0.238, P_drag=-8.267e-03, P_cool=-1.291e-02, WENO=0.264 (x=0.264, y=0.264), ReL2D=133.69, eps_nu=8.277e-03, P_hv=1.281e-04, rho_mean=1.000000, p_mean=0.740102, div_rms=1.186e+00, vort_rms=2.084e+00, mass_err=-6.703e-11
step= 29000, t=18.412088, dt=6.422e-04, KE=1.772101e-01, Mt=0.6088, A_K=0.195, Cuv=-0.014, P_in=3.376e-02, P_tgt=3.390e-02, A_F=0.108, K_low=0.241, P_drag=-8.461e-03, P_cool=-1.263e-02, WENO=0.272 (x=0.272, y=0.272), ReL2D=135.49, eps_nu=8.460e-03, P_hv=1.340e-04, rho_mean=1.000000, p_mean=0.739545, div_rms=1.200e+00, vort_rms=2.106e+00, mass_err=-6.747e-11
warning: flow component anisotropy has increased over the last three diagnostic samples
step= 29200, t=18.540080, dt=6.391e-04, KE=1.805331e-01, Mt=0.6135, A_K=0.213, Cuv=0.013, P_in=3.273e-02, P_tgt=3.269e-02, A_F=0.052, K_low=0.245, P_drag=-8.684e-03, P_cool=-1.228e-02, WENO=0.270 (x=0.270, y=0.270), ReL2D=135.22, eps_nu=8.703e-03, P_hv=1.348e-04, rho_mean=1.000000, p_mean=0.738843, div_rms=1.231e+00, vort_rms=2.125e+00, mass_err=-6.794e-11
warning: flow component anisotropy has increased over the last three diagnostic samples
step= 29400, t=18.666724, dt=6.224e-04, KE=1.832823e-01, Mt=0.6170, A_K=0.221, Cuv=0.045, P_in=3.106e-02, P_tgt=3.111e-02, A_F=0.028, K_low=0.248, P_drag=-8.876e-03, P_cool=-1.201e-02, WENO=0.256 (x=0.256, y=0.256), ReL2D=133.62, eps_nu=8.914e-03, P_hv=1.368e-04, rho_mean=1.000000, p_mean=0.738301, div_rms=1.260e+00, vort_rms=2.140e+00, mass_err=-6.840e-11
saved snapshot: results/hit2d/final_thesis_Mach_ReL130_N512/preflight_N256/Mt060_N256_mu0p001330976/hit2d_step0029400.npz
step= 29600, t=18.789890, dt=6.083e-04, KE=1.846316e-01, Mt=0.6188, A_K=0.221, Cuv=0.071, P_in=2.937e-02, P_tgt=2.938e-02, A_F=0.047, K_low=0.249, P_drag=-8.984e-03, P_cool=-1.197e-02, WENO=0.255 (x=0.255, y=0.255), ReL2D=132.56, eps_nu=9.040e-03, P_hv=1.437e-04, rho_mean=1.000000, p_mean=0.738223, div_rms=1.273e+00, vort_rms=2.152e+00, mass_err=-6.887e-11
step= 29800, t=18.910515, dt=6.029e-04, KE=1.850274e-01, Mt=0.6194, A_K=0.227, Cuv=0.091, P_in=2.751e-02, P_tgt=2.763e-02, A_F=0.000, K_low=0.248, P_drag=-8.990e-03, P_cool=-1.207e-02, WENO=0.248 (x=0.248, y=0.248), ReL2D=132.42, eps_nu=9.110e-03, P_hv=1.504e-04, rho_mean=1.000000, p_mean=0.738432, div_rms=1.274e+00, vort_rms=2.163e+00, mass_err=-6.933e-11
warning: flow component anisotropy has increased over the last three diagnostic samples
step= 30000, t=19.031784, dt=6.124e-04, KE=1.846473e-01, Mt=0.6181, A_K=0.233, Cuv=0.109, P_in=2.578e-02, P_tgt=2.603e-02, A_F=0.110, K_low=0.245, P_drag=-8.907e-03, P_cool=-1.229e-02, WENO=0.267 (x=0.267, y=0.267), ReL2D=132.75, eps_nu=8.997e-03, P_hv=1.539e-04, rho_mean=1.000000, p_mean=0.738875, div_rms=1.249e+00, vort_rms=2.163e+00, mass_err=-6.980e-11
step= 30200, t=19.155166, dt=6.213e-04, KE=1.842979e-01, Mt=0.6178, A_K=0.231, Cuv=0.123, P_in=2.454e-02, P_tgt=2.459e-02, A_F=0.018, K_low=0.241, P_drag=-8.778e-03, P_cool=-1.247e-02, WENO=0.269 (x=0.269, y=0.269), ReL2D=131.70, eps_nu=9.077e-03, P_hv=1.522e-04, rho_mean=1.000000, p_mean=0.739229, div_rms=1.264e+00, vort_rms=2.166e+00, mass_err=-7.027e-11
step= 30400, t=19.280943, dt=6.362e-04, KE=1.837962e-01, Mt=0.6175, A_K=0.221, Cuv=0.129, P_in=2.325e-02, P_tgt=2.323e-02, A_F=0.012, K_low=0.238, P_drag=-8.656e-03, P_cool=-1.264e-02, WENO=0.286 (x=0.286, y=0.286), ReL2D=131.12, eps_nu=9.159e-03, P_hv=1.505e-04, rho_mean=1.000000, p_mean=0.739570, div_rms=1.278e+00, vort_rms=2.168e+00, mass_err=-7.073e-11
step= 30600, t=19.405386, dt=6.140e-04, KE=1.832448e-01, Mt=0.6169, A_K=0.210, Cuv=0.127, P_in=2.200e-02, P_tgt=2.199e-02, A_F=0.050, K_low=0.237, P_drag=-8.568e-03, P_cool=-1.278e-02, WENO=0.290 (x=0.290, y=0.290), ReL2D=131.16, eps_nu=9.240e-03, P_hv=1.631e-04, rho_mean=1.000000, p_mean=0.739849, div_rms=1.293e+00, vort_rms=2.171e+00, mass_err=-7.120e-11
step= 30800, t=19.525854, dt=5.905e-04, KE=1.825983e-01, Mt=0.6171, A_K=0.196, Cuv=0.117, P_in=2.091e-02, P_tgt=2.083e-02, A_F=0.037, K_low=0.239, P_drag=-8.513e-03, P_cool=-1.290e-02, WENO=0.302 (x=0.302, y=0.302), ReL2D=131.56, eps_nu=9.312e-03, P_hv=1.795e-04, rho_mean=1.000000, p_mean=0.740096, div_rms=1.305e+00, vort_rms=2.174e+00, mass_err=-7.167e-11
step= 31000, t=19.642130, dt=5.760e-04, KE=1.820762e-01, Mt=0.6181, A_K=0.188, Cuv=0.105, P_in=1.962e-02, P_tgt=1.969e-02, A_F=0.188, K_low=0.241, P_drag=-8.483e-03, P_cool=-1.297e-02, WENO=0.309 (x=0.309, y=0.309), ReL2D=131.89, eps_nu=9.355e-03, P_hv=1.825e-04, rho_mean=1.000000, p_mean=0.740232, div_rms=1.313e+00, vort_rms=2.175e+00, mass_err=-7.215e-11
step= 31200, t=19.756725, dt=5.741e-04, KE=1.819627e-01, Mt=0.6197, A_K=0.191, Cuv=0.086, P_in=1.860e-02, P_tgt=1.855e-02, A_F=0.067, K_low=0.243, P_drag=-8.440e-03, P_cool=-1.294e-02, WENO=0.302 (x=0.302, y=0.302), ReL2D=132.77, eps_nu=9.354e-03, P_hv=1.847e-04, rho_mean=1.000000, p_mean=0.740158, div_rms=1.315e+00, vort_rms=2.173e+00, mass_err=-7.261e-11
step= 31400, t=19.872564, dt=5.839e-04, KE=1.821054e-01, Mt=0.6209, A_K=0.199, Cuv=0.058, P_in=1.741e-02, P_tgt=1.738e-02, A_F=0.192, K_low=0.242, P_drag=-8.340e-03, P_cool=-1.283e-02, WENO=0.304 (x=0.304, y=0.304), ReL2D=132.63, eps_nu=9.435e-03, P_hv=1.887e-04, rho_mean=1.000000, p_mean=0.739941, div_rms=1.338e+00, vort_rms=2.168e+00, mass_err=-7.307e-11
saved snapshot: results/hit2d/final_thesis_Mach_ReL130_N512/preflight_N256/Mt060_N256_mu0p001330976/hit2d_step0031500.npz
warning: flow component anisotropy has increased over the last three diagnostic samples
step= 31600, t=19.991255, dt=6.035e-04, KE=1.814838e-01, Mt=0.6198, A_K=0.209, Cuv=0.028, P_in=1.631e-02, P_tgt=1.629e-02, A_F=0.040, K_low=0.240, P_drag=-8.169e-03, P_cool=-1.285e-02, WENO=0.299 (x=0.299, y=0.299), ReL2D=133.34, eps_nu=9.339e-03, P_hv=1.831e-04, rho_mean=1.000000, p_mean=0.739987, div_rms=1.330e+00, vort_rms=2.158e+00, mass_err=-7.354e-11
warning: flow component anisotropy has increased over the last three diagnostic samples
step= 31800, t=20.114207, dt=6.281e-04, KE=1.803180e-01, Mt=0.6171, A_K=0.216, Cuv=0.003, P_in=1.539e-02, P_tgt=1.536e-02, A_F=0.085, K_low=0.237, P_drag=-7.913e-03, P_cool=-1.296e-02, WENO=0.301 (x=0.301, y=0.301), ReL2D=132.54, eps_nu=9.242e-03, P_hv=1.659e-04, rho_mean=1.000000, p_mean=0.740205, div_rms=1.325e+00, vort_rms=2.146e+00, mass_err=-7.400e-11
warning: flow component anisotropy has increased over the last three diagnostic samples
step= 32000, t=20.241596, dt=6.419e-04, KE=1.788831e-01, Mt=0.6146, A_K=0.219, Cuv=-0.015, P_in=1.456e-02, P_tgt=1.460e-02, A_F=0.143, K_low=0.231, P_drag=-7.564e-03, P_cool=-1.310e-02, WENO=0.290 (x=0.290, y=0.290), ReL2D=130.33, eps_nu=9.207e-03, P_hv=1.498e-04, rho_mean=1.000000, p_mean=0.740485, div_rms=1.332e+00, vort_rms=2.134e+00, mass_err=-7.446e-11
step= 32200, t=20.370202, dt=6.465e-04, KE=1.770627e-01, Mt=0.6132, A_K=0.219, Cuv=-0.022, P_in=1.394e-02, P_tgt=1.396e-02, A_F=0.091, K_low=0.224, P_drag=-7.150e-03, P_cool=-1.330e-02, WENO=0.269 (x=0.269, y=0.269), ReL2D=127.30, eps_nu=9.287e-03, P_hv=1.502e-04, rho_mean=1.000000, p_mean=0.740887, div_rms=1.360e+00, vort_rms=2.124e+00, mass_err=-7.493e-11
step= 32400, t=20.499577, dt=6.503e-04, KE=1.742074e-01, Mt=0.6114, A_K=0.221, Cuv=-0.029, P_in=1.348e-02, P_tgt=1.341e-02, A_F=0.154, K_low=0.217, P_drag=-6.714e-03, P_cool=-1.370e-02, WENO=0.285 (x=0.285, y=0.285), ReL2D=126.33, eps_nu=9.218e-03, P_hv=1.518e-04, rho_mean=1.000000, p_mean=0.741679, div_rms=1.358e+00, vort_rms=2.113e+00, mass_err=-7.539e-11
warning: flow component anisotropy has increased over the last three diagnostic samples
step= 32600, t=20.630240, dt=6.559e-04, KE=1.708964e-01, Mt=0.6093, A_K=0.227, Cuv=-0.040, P_in=1.281e-02, P_tgt=1.297e-02, A_F=0.234, K_low=0.210, P_drag=-6.309e-03, P_cool=-1.417e-02, WENO=0.308 (x=0.308, y=0.308), ReL2D=126.25, eps_nu=9.064e-03, P_hv=1.518e-04, rho_mean=1.000000, p_mean=0.742623, div_rms=1.343e+00, vort_rms=2.099e+00, mass_err=-7.585e-11
warning: flow component anisotropy has increased over the last three diagnostic samples
step= 32800, t=20.761069, dt=6.552e-04, KE=1.682200e-01, Mt=0.6079, A_K=0.238, Cuv=-0.056, P_in=1.269e-02, P_tgt=1.261e-02, A_F=0.304, K_low=0.203, P_drag=-5.963e-03, P_cool=-1.450e-02, WENO=0.311 (x=0.311, y=0.311), ReL2D=126.54, eps_nu=9.036e-03, P_hv=1.540e-04, rho_mean=1.000000, p_mean=0.743291, div_rms=1.353e+00, vort_rms=2.086e+00, mass_err=-7.631e-11
warning: flow component anisotropy has increased over the last three diagnostic samples
step= 33000, t=20.891136, dt=6.434e-04, KE=1.659849e-01, Mt=0.6062, A_K=0.252, Cuv=-0.073, P_in=1.227e-02, P_tgt=1.233e-02, A_F=0.134, K_low=0.196, P_drag=-5.685e-03, P_cool=-1.474e-02, WENO=0.310 (x=0.310, y=0.310), ReL2D=125.93, eps_nu=9.007e-03, P_hv=1.577e-04, rho_mean=1.000000, p_mean=0.743771, div_rms=1.364e+00, vort_rms=2.070e+00, mass_err=-7.677e-11
warning: flow component anisotropy has increased over the last three diagnostic samples
step= 33200, t=21.018947, dt=6.344e-04, KE=1.643644e-01, Mt=0.6043, A_K=0.255, Cuv=-0.089, P_in=1.229e-02, P_tgt=1.212e-02, A_F=0.226, K_low=0.191, P_drag=-5.495e-03, P_cool=-1.486e-02, WENO=0.311 (x=0.311, y=0.311), ReL2D=124.46, eps_nu=9.085e-03, P_hv=1.645e-04, rho_mean=1.000000, p_mean=0.744004, div_rms=1.384e+00, vort_rms=2.067e+00, mass_err=-7.724e-11
step= 33400, t=21.146579, dt=6.483e-04, KE=1.637084e-01, Mt=0.6025, A_K=0.244, Cuv=-0.100, P_in=1.206e-02, P_tgt=1.198e-02, A_F=0.115, K_low=0.188, P_drag=-5.415e-03, P_cool=-1.478e-02, WENO=0.313 (x=0.313, y=0.313), ReL2D=123.18, eps_nu=9.171e-03, P_hv=1.632e-04, rho_mean=1.000000, p_mean=0.743847, div_rms=1.397e+00, vort_rms=2.071e+00, mass_err=-7.769e-11
step= 33600, t=21.277502, dt=6.602e-04, KE=1.648679e-01, Mt=0.6026, A_K=0.219, Cuv=-0.104, P_in=1.186e-02, P_tgt=1.189e-02, A_F=0.037, K_low=0.185, P_drag=-5.446e-03, P_cool=-1.434e-02, WENO=0.304 (x=0.304, y=0.304), ReL2D=121.69, eps_nu=9.335e-03, P_hv=1.568e-04, rho_mean=1.000000, p_mean=0.742966, div_rms=1.426e+00, vort_rms=2.074e+00, mass_err=-7.816e-11
saved snapshot: results/hit2d/final_thesis_Mach_ReL130_N512/preflight_N256/Mt060_N256_mu0p001330976/hit2d_step0033600.npz
step= 33800, t=21.410497, dt=6.666e-04, KE=1.669842e-01, Mt=0.6033, A_K=0.179, Cuv=-0.104, P_in=1.181e-02, P_tgt=1.177e-02, A_F=0.132, K_low=0.184, P_drag=-5.549e-03, P_cool=-1.372e-02, WENO=0.293 (x=0.293, y=0.293), ReL2D=121.29, eps_nu=9.388e-03, P_hv=1.543e-04, rho_mean=1.000000, p_mean=0.741719, div_rms=1.437e+00, vort_rms=2.073e+00, mass_err=-7.862e-11
step= 34000, t=21.538940, dt=6.277e-04, KE=1.681524e-01, Mt=0.6020, A_K=0.137, Cuv=-0.098, P_in=1.178e-02, P_tgt=1.166e-02, A_F=0.041, K_low=0.186, P_drag=-5.681e-03, P_cool=-1.330e-02, WENO=0.287 (x=0.287, y=0.287), ReL2D=121.95, eps_nu=9.189e-03, P_hv=1.529e-04, rho_mean=1.000000, p_mean=0.740888, div_rms=1.408e+00, vort_rms=2.064e+00, mass_err=-7.908e-11
step= 34200, t=21.662599, dt=6.113e-04, KE=1.683669e-01, Mt=0.6005, A_K=0.100, Cuv=-0.097, P_in=1.171e-02, P_tgt=1.162e-02, A_F=0.142, K_low=0.190, P_drag=-5.823e-03, P_cool=-1.309e-02, WENO=0.301 (x=0.301, y=0.301), ReL2D=122.70, eps_nu=8.914e-03, P_hv=1.491e-04, rho_mean=1.000000, p_mean=0.740459, div_rms=1.373e+00, vort_rms=2.045e+00, mass_err=-7.955e-11
step= 34400, t=21.785015, dt=6.170e-04, KE=1.684915e-01, Mt=0.6012, A_K=0.063, Cuv=-0.103, P_in=1.164e-02, P_tgt=1.159e-02, A_F=0.355, K_low=0.194, P_drag=-5.950e-03, P_cool=-1.289e-02, WENO=0.305 (x=0.305, y=0.305), ReL2D=123.62, eps_nu=8.800e-03, P_hv=1.410e-04, rho_mean=1.000000, p_mean=0.740063, div_rms=1.366e+00, vort_rms=2.031e+00, mass_err=-8.001e-11
step= 34600, t=21.909209, dt=6.254e-04, KE=1.679707e-01, Mt=0.6013, A_K=0.033, Cuv=-0.111, P_in=1.153e-02, P_tgt=1.154e-02, A_F=0.182, K_low=0.199, P_drag=-6.076e-03, P_cool=-1.281e-02, WENO=0.307 (x=0.307, y=0.307), ReL2D=125.04, eps_nu=8.564e-03, P_hv=1.304e-04, rho_mean=1.000000, p_mean=0.739911, div_rms=1.329e+00, vort_rms=2.020e+00, mass_err=-8.046e-11
step= 34800, t=22.035098, dt=6.331e-04, KE=1.670333e-01, Mt=0.6007, A_K=0.017, Cuv=-0.125, P_in=1.148e-02, P_tgt=1.149e-02, A_F=0.135, K_low=0.204, P_drag=-6.171e-03, P_cool=-1.281e-02, WENO=0.314 (x=0.314, y=0.314), ReL2D=125.09, eps_nu=8.428e-03, P_hv=1.290e-04, rho_mean=1.000000, p_mean=0.739907, div_rms=1.311e+00, vort_rms=2.010e+00, mass_err=-8.092e-11
step= 35000, t=22.161690, dt=6.322e-04, KE=1.655812e-01, Mt=0.5990, A_K=0.008, Cuv=-0.138, P_in=1.158e-02, P_tgt=1.150e-02, A_F=0.037, K_low=0.209, P_drag=-6.235e-03, P_cool=-1.291e-02, WENO=0.295 (x=0.295, y=0.295), ReL2D=124.68, eps_nu=8.348e-03, P_hv=1.333e-04, rho_mean=1.000000, p_mean=0.740096, div_rms=1.300e+00, vort_rms=2.004e+00, mass_err=-8.138e-11
step= 35200, t=22.287890, dt=6.287e-04, KE=1.639832e-01, Mt=0.5964, A_K=0.010, Cuv=-0.150, P_in=1.148e-02, P_tgt=1.158e-02, A_F=0.036, K_low=0.212, P_drag=-6.260e-03, P_cool=-1.303e-02, WENO=0.297 (x=0.297, y=0.297), ReL2D=123.50, eps_nu=8.295e-03, P_hv=1.402e-04, rho_mean=1.000000, p_mean=0.740336, div_rms=1.289e+00, vort_rms=2.004e+00, mass_err=-8.184e-11
step= 35400, t=22.414142, dt=6.343e-04, KE=1.626025e-01, Mt=0.5929, A_K=0.014, Cuv=-0.154, P_in=1.177e-02, P_tgt=1.179e-02, A_F=0.030, K_low=0.212, P_drag=-6.246e-03, P_cool=-1.310e-02, WENO=0.294 (x=0.294, y=0.294), ReL2D=122.05, eps_nu=8.233e-03, P_hv=1.462e-04, rho_mean=1.000000, p_mean=0.740494, div_rms=1.283e+00, vort_rms=1.997e+00, mass_err=-8.230e-11
step= 35600, t=22.539820, dt=6.255e-04, KE=1.614878e-01, Mt=0.5891, A_K=0.010, Cuv=-0.153, P_in=1.202e-02, P_tgt=1.216e-02, A_F=0.087, K_low=0.210, P_drag=-6.213e-03, P_cool=-1.314e-02, WENO=0.281 (x=0.281, y=0.281), ReL2D=119.92, eps_nu=8.258e-03, P_hv=1.526e-04, rho_mean=1.000000, p_mean=0.740567, div_rms=1.295e+00, vort_rms=1.992e+00, mass_err=-8.276e-11
saved snapshot: results/hit2d/final_thesis_Mach_ReL130_N512/preflight_N256/Mt060_N256_mu0p001330976/hit2d_step0035700.npz
step= 35800, t=22.665629, dt=6.297e-04, KE=1.605687e-01, Mt=0.5842, A_K=0.001, Cuv=-0.153, P_in=1.267e-02, P_tgt=1.272e-02, A_F=0.074, K_low=0.206, P_drag=-6.181e-03, P_cool=-1.316e-02, WENO=0.263 (x=0.263, y=0.263), ReL2D=116.60, eps_nu=8.326e-03, P_hv=1.596e-04, rho_mean=1.000000, p_mean=0.740599, div_rms=1.319e+00, vort_rms=1.983e+00, mass_err=-8.323e-11
step= 36000, t=22.792282, dt=6.362e-04, KE=1.600783e-01, Mt=0.5796, A_K=0.012, Cuv=-0.146, P_in=1.360e-02, P_tgt=1.356e-02, A_F=0.013, K_low=0.202, P_drag=-6.162e-03, P_cool=-1.311e-02, WENO=0.264 (x=0.264, y=0.264), ReL2D=115.21, eps_nu=8.285e-03, P_hv=1.590e-04, rho_mean=1.000000, p_mean=0.740499, div_rms=1.324e+00, vort_rms=1.972e+00, mass_err=-8.370e-11
step= 36200, t=22.920330, dt=6.444e-04, KE=1.606925e-01, Mt=0.5780, A_K=0.023, Cuv=-0.137, P_in=1.461e-02, P_tgt=1.462e-02, A_F=0.025, K_low=0.198, P_drag=-6.180e-03, P_cool=-1.286e-02, WENO=0.259 (x=0.259, y=0.259), ReL2D=115.79, eps_nu=8.228e-03, P_hv=1.586e-04, rho_mean=1.000000, p_mean=0.740005, div_rms=1.322e+00, vort_rms=1.963e+00, mass_err=-8.416e-11
step= 36400, t=23.049535, dt=6.471e-04, KE=1.616198e-01, Mt=0.5782, A_K=0.034, Cuv=-0.131, P_in=1.575e-02, P_tgt=1.580e-02, A_F=0.186, K_low=0.197, P_drag=-6.268e-03, P_cool=-1.258e-02, WENO=0.259 (x=0.259, y=0.259), ReL2D=117.31, eps_nu=8.159e-03, P_hv=1.518e-04, rho_mean=1.000000, p_mean=0.739442, div_rms=1.319e+00, vort_rms=1.952e+00, mass_err=-8.463e-11
step= 36600, t=23.178640, dt=6.408e-04, KE=1.624388e-01, Mt=0.5794, A_K=0.051, Cuv=-0.123, P_in=1.694e-02, P_tgt=1.703e-02, A_F=0.042, K_low=0.200, P_drag=-6.446e-03, P_cool=-1.235e-02, WENO=0.267 (x=0.267, y=0.267), ReL2D=119.79, eps_nu=8.081e-03, P_hv=1.458e-04, rho_mean=1.000000, p_mean=0.738982, div_rms=1.314e+00, vort_rms=1.942e+00, mass_err=-8.511e-11
step= 36800, t=23.306610, dt=6.386e-04, KE=1.633651e-01, Mt=0.5808, A_K=0.063, Cuv=-0.111, P_in=1.816e-02, P_tgt=1.826e-02, A_F=0.086, K_low=0.207, P_drag=-6.713e-03, P_cool=-1.213e-02, WENO=0.272 (x=0.272, y=0.272), ReL2D=122.94, eps_nu=7.969e-03, P_hv=1.379e-04, rho_mean=1.000000, p_mean=0.738541, div_rms=1.297e+00, vort_rms=1.935e+00, mass_err=-8.558e-11
step= 37000, t=23.434393, dt=6.381e-04, KE=1.644269e-01, Mt=0.5831, A_K=0.068, Cuv=-0.097, P_in=1.969e-02, P_tgt=1.945e-02, A_F=0.040, K_low=0.216, P_drag=-7.051e-03, P_cool=-1.191e-02, WENO=0.276 (x=0.276, y=0.276), ReL2D=126.25, eps_nu=7.805e-03, P_hv=1.246e-04, rho_mean=1.000000, p_mean=0.738104, div_rms=1.258e+00, vort_rms=1.938e+00, mass_err=-8.605e-11
step= 37200, t=23.562183, dt=6.400e-04, KE=1.656748e-01, Mt=0.5856, A_K=0.060, Cuv=-0.078, P_in=2.030e-02, P_tgt=2.053e-02, A_F=0.012, K_low=0.226, P_drag=-7.444e-03, P_cool=-1.168e-02, WENO=0.283 (x=0.283, y=0.283), ReL2D=128.14, eps_nu=7.743e-03, P_hv=1.118e-04, rho_mean=1.000000, p_mean=0.737647, div_rms=1.229e+00, vort_rms=1.950e+00, mass_err=-8.651e-11
step= 37400, t=23.690533, dt=6.449e-04, KE=1.670197e-01, Mt=0.5871, A_K=0.039, Cuv=-0.055, P_in=2.160e-02, P_tgt=2.152e-02, A_F=0.078, K_low=0.237, P_drag=-7.835e-03, P_cool=-1.146e-02, WENO=0.278 (x=0.278, y=0.278), ReL2D=127.87, eps_nu=7.732e-03, P_hv=1.114e-04, rho_mean=1.000000, p_mean=0.737199, div_rms=1.214e+00, vort_rms=1.961e+00, mass_err=-8.698e-11
step= 37600, t=23.821092, dt=6.629e-04, KE=1.678736e-01, Mt=0.5867, A_K=0.010, Cuv=-0.036, P_in=2.245e-02, P_tgt=2.249e-02, A_F=0.067, K_low=0.247, P_drag=-8.197e-03, P_cool=-1.135e-02, WENO=0.276 (x=0.276, y=0.276), ReL2D=128.53, eps_nu=7.611e-03, P_hv=1.192e-04, rho_mean=1.000000, p_mean=0.736991, div_rms=1.188e+00, vort_rms=1.959e+00, mass_err=-8.746e-11
step= 37800, t=23.955629, dt=6.809e-04, KE=1.677969e-01, Mt=0.5847, A_K=0.024, Cuv=-0.019, P_in=2.360e-02, P_tgt=2.363e-02, A_F=0.049, K_low=0.257, P_drag=-8.519e-03, P_cool=-1.146e-02, WENO=0.277 (x=0.277, y=0.277), ReL2D=130.01, eps_nu=7.419e-03, P_hv=1.217e-04, rho_mean=1.000000, p_mean=0.737204, div_rms=1.154e+00, vort_rms=1.949e+00, mass_err=-8.794e-11
saved snapshot: results/hit2d/final_thesis_Mach_ReL130_N512/preflight_N256/Mt060_N256_mu0p001330976/hit2d_step0037800.npz
step= 38000, t=24.090196, dt=6.666e-04, KE=1.672809e-01, Mt=0.5834, A_K=0.057, Cuv=-0.009, P_in=2.498e-02, P_tgt=2.499e-02, A_F=0.045, K_low=0.267, P_drag=-8.797e-03, P_cool=-1.167e-02, WENO=0.282 (x=0.282, y=0.282), ReL2D=131.65, eps_nu=7.290e-03, P_hv=1.251e-04, rho_mean=1.000000, p_mean=0.737636, div_rms=1.129e+00, vort_rms=1.944e+00, mass_err=-8.841e-11
step= 38200, t=24.223294, dt=6.580e-04, KE=1.669710e-01, Mt=0.5844, A_K=0.091, Cuv=-0.006, P_in=2.663e-02, P_tgt=2.645e-02, A_F=0.016, K_low=0.277, P_drag=-9.019e-03, P_cool=-1.187e-02, WENO=0.271 (x=0.271, y=0.271), ReL2D=132.86, eps_nu=7.314e-03, P_hv=1.274e-04, rho_mean=1.000000, p_mean=0.738032, div_rms=1.129e+00, vort_rms=1.948e+00, mass_err=-8.887e-11
step= 38400, t=24.353895, dt=6.516e-04, KE=1.665405e-01, Mt=0.5867, A_K=0.120, Cuv=-0.009, P_in=2.794e-02, P_tgt=2.781e-02, A_F=0.103, K_low=0.285, P_drag=-9.170e-03, P_cool=-1.212e-02, WENO=0.277 (x=0.277, y=0.277), ReL2D=134.68, eps_nu=7.352e-03, P_hv=1.373e-04, rho_mean=1.000000, p_mean=0.738525, div_rms=1.125e+00, vort_rms=1.959e+00, mass_err=-8.934e-11
step= 38600, t=24.484180, dt=6.511e-04, KE=1.661213e-01, Mt=0.5892, A_K=0.136, Cuv=-0.020, P_in=2.895e-02, P_tgt=2.899e-02, A_F=0.082, K_low=0.292, P_drag=-9.279e-03, P_cool=-1.238e-02, WENO=0.289 (x=0.289, y=0.289), ReL2D=137.02, eps_nu=7.362e-03, P_hv=1.331e-04, rho_mean=1.000000, p_mean=0.739054, div_rms=1.108e+00, vort_rms=1.974e+00, mass_err=-8.980e-11
step= 38800, t=24.614539, dt=6.523e-04, KE=1.661652e-01, Mt=0.5919, A_K=0.152, Cuv=-0.036, P_in=2.996e-02, P_tgt=2.993e-02, A_F=0.011, K_low=0.298, P_drag=-9.384e-03, P_cool=-1.257e-02, WENO=0.316 (x=0.316, y=0.316), ReL2D=138.52, eps_nu=7.444e-03, P_hv=1.307e-04, rho_mean=1.000000, p_mean=0.739435, div_rms=1.106e+00, vort_rms=1.991e+00, mass_err=-9.026e-11
step= 39000, t=24.744029, dt=6.402e-04, KE=1.666265e-01, Mt=0.5946, A_K=0.166, Cuv=-0.053, P_in=3.061e-02, P_tgt=3.063e-02, A_F=0.299, K_low=0.303, P_drag=-9.517e-03, P_cool=-1.269e-02, WENO=0.306 (x=0.306, y=0.306), ReL2D=140.45, eps_nu=7.512e-03, P_hv=1.329e-04, rho_mean=1.000000, p_mean=0.739667, div_rms=1.102e+00, vort_rms=2.006e+00, mass_err=-9.073e-11
step= 39200, t=24.870568, dt=6.257e-04, KE=1.676723e-01, Mt=0.5973, A_K=0.178, Cuv=-0.071, P_in=3.070e-02, P_tgt=3.105e-02, A_F=0.323, K_low=0.307, P_drag=-9.689e-03, P_cool=-1.269e-02, WENO=0.286 (x=0.286, y=0.286), ReL2D=140.80, eps_nu=7.657e-03, P_hv=1.447e-04, rho_mean=1.000000, p_mean=0.739673, div_rms=1.115e+00, vort_rms=2.024e+00, mass_err=-9.118e-11
step= 39400, t=24.994828, dt=6.186e-04, KE=1.689607e-01, Mt=0.5998, A_K=0.190, Cuv=-0.087, P_in=3.124e-02, P_tgt=3.120e-02, A_F=0.236, K_low=0.312, P_drag=-9.881e-03, P_cool=-1.265e-02, WENO=0.276 (x=0.276, y=0.276), ReL2D=140.78, eps_nu=7.788e-03, P_hv=1.535e-04, rho_mean=1.000000, p_mean=0.739583, div_rms=1.127e+00, vort_rms=2.039e+00, mass_err=-9.165e-11
warning: flow component anisotropy has increased over the last three diagnostic samples
step= 39600, t=25.118352, dt=6.178e-04, KE=1.703982e-01, Mt=0.6020, A_K=0.204, Cuv=-0.096, P_in=3.129e-02, P_tgt=3.110e-02, A_F=0.213, K_low=0.316, P_drag=-1.005e-02, P_cool=-1.257e-02, WENO=0.262 (x=0.262, y=0.262), ReL2D=141.93, eps_nu=7.876e-03, P_hv=1.446e-04, rho_mean=1.000000, p_mean=0.739431, div_rms=1.133e+00, vort_rms=2.051e+00, mass_err=-9.210e-11
warning: flow component anisotropy has increased over the last three diagnostic samples
step= 39800, t=25.242339, dt=6.208e-04, KE=1.719187e-01, Mt=0.6040, A_K=0.223, Cuv=-0.104, P_in=3.075e-02, P_tgt=3.079e-02, A_F=0.070, K_low=0.319, P_drag=-1.019e-02, P_cool=-1.248e-02, WENO=0.270 (x=0.270, y=0.270), ReL2D=143.71, eps_nu=7.939e-03, P_hv=1.412e-04, rho_mean=1.000000, p_mean=0.739238, div_rms=1.133e+00, vort_rms=2.062e+00, mass_err=-9.257e-11
saved snapshot: results/hit2d/final_thesis_Mach_ReL130_N512/preflight_N256/Mt060_N256_mu0p001330976/hit2d_step0039900.npz
warning: flow component anisotropy has increased over the last three diagnostic samples
step= 40000, t=25.366907, dt=6.211e-04, KE=1.737990e-01, Mt=0.6065, A_K=0.247, Cuv=-0.110, P_in=3.033e-02, P_tgt=3.028e-02, A_F=0.131, K_low=0.320, P_drag=-1.029e-02, P_cool=-1.230e-02, WENO=0.270 (x=0.270, y=0.270), ReL2D=144.59, eps_nu=8.093e-03, P_hv=1.359e-04, rho_mean=1.000000, p_mean=0.738885, div_rms=1.143e+00, vort_rms=2.083e+00, mass_err=-9.304e-11
warning: flow component anisotropy has increased over the last three diagnostic samples
step= 40200, t=25.490618, dt=6.182e-04, KE=1.758914e-01, Mt=0.6093, A_K=0.268, Cuv=-0.115, P_in=2.952e-02, P_tgt=2.951e-02, A_F=0.042, K_low=0.319, P_drag=-1.037e-02, P_cool=-1.207e-02, WENO=0.273 (x=0.273, y=0.273), ReL2D=144.48, eps_nu=8.286e-03, P_hv=1.322e-04, rho_mean=1.000000, p_mean=0.738420, div_rms=1.154e+00, vort_rms=2.110e+00, mass_err=-9.351e-11
warning: flow component anisotropy has increased over the last three diagnostic samples
step= 40400, t=25.614656, dt=6.229e-04, KE=1.775087e-01, Mt=0.6109, A_K=0.282, Cuv=-0.122, P_in=2.845e-02, P_tgt=2.854e-02, A_F=0.012, K_low=0.317, P_drag=-1.038e-02, P_cool=-1.191e-02, WENO=0.274 (x=0.274, y=0.274), ReL2D=143.44, eps_nu=8.441e-03, P_hv=1.401e-04, rho_mean=1.000000, p_mean=0.738107, div_rms=1.155e+00, vort_rms=2.136e+00, mass_err=-9.398e-11
step= 40600, t=25.739379, dt=6.262e-04, KE=1.782279e-01, Mt=0.6112, A_K=0.281, Cuv=-0.134, P_in=2.748e-02, P_tgt=2.753e-02, A_F=0.089, K_low=0.313, P_drag=-1.034e-02, P_cool=-1.191e-02, WENO=0.275 (x=0.275, y=0.275), ReL2D=142.33, eps_nu=8.574e-03, P_hv=1.452e-04, rho_mean=1.000000, p_mean=0.738107, div_rms=1.149e+00, vort_rms=2.163e+00, mass_err=-9.444e-11
step= 40800, t=25.865466, dt=6.353e-04, KE=1.785482e-01, Mt=0.6113, A_K=0.265, Cuv=-0.153, P_in=2.656e-02, P_tgt=2.654e-02, A_F=0.110, K_low=0.307, P_drag=-1.023e-02, P_cool=-1.197e-02, WENO=0.257 (x=0.257, y=0.257), ReL2D=140.66, eps_nu=8.748e-03, P_hv=1.537e-04, rho_mean=1.000000, p_mean=0.738221, div_rms=1.160e+00, vort_rms=2.186e+00, mass_err=-9.491e-11
step= 41000, t=25.993696, dt=6.464e-04, KE=1.787635e-01, Mt=0.6113, A_K=0.242, Cuv=-0.176, P_in=2.560e-02, P_tgt=2.559e-02, A_F=0.172, K_low=0.300, P_drag=-1.007e-02, P_cool=-1.202e-02, WENO=0.255 (x=0.255, y=0.255), ReL2D=139.84, eps_nu=8.853e-03, P_hv=1.556e-04, rho_mean=1.000000, p_mean=0.738334, div_rms=1.164e+00, vort_rms=2.202e+00, mass_err=-9.537e-11
step= 41200, t=26.124068, dt=6.550e-04, KE=1.788681e-01, Mt=0.6115, A_K=0.213, Cuv=-0.194, P_in=2.505e-02, P_tgt=2.467e-02, A_F=0.147, K_low=0.293, P_drag=-9.889e-03, P_cool=-1.208e-02, WENO=0.258 (x=0.258, y=0.258), ReL2D=139.89, eps_nu=8.854e-03, P_hv=1.493e-04, rho_mean=1.000000, p_mean=0.738451, div_rms=1.154e+00, vort_rms=2.209e+00, mass_err=-9.583e-11
step= 41400, t=26.255170, dt=6.595e-04, KE=1.785891e-01, Mt=0.6118, A_K=0.194, Cuv=-0.201, P_in=2.370e-02, P_tgt=2.375e-02, A_F=0.288, K_low=0.288, P_drag=-9.715e-03, P_cool=-1.220e-02, WENO=0.251 (x=0.251, y=0.251), ReL2D=139.85, eps_nu=8.858e-03, P_hv=1.459e-04, rho_mean=1.000000, p_mean=0.738683, div_rms=1.155e+00, vort_rms=2.208e+00, mass_err=-9.631e-11
step= 41600, t=26.388698, dt=6.701e-04, KE=1.777524e-01, Mt=0.6122, A_K=0.185, Cuv=-0.192, P_in=2.276e-02, P_tgt=2.285e-02, A_F=0.414, K_low=0.286, P_drag=-9.560e-03, P_cool=-1.240e-02, WENO=0.269 (x=0.269, y=0.269), ReL2D=140.38, eps_nu=8.865e-03, P_hv=1.414e-04, rho_mean=1.000000, p_mean=0.739088, div_rms=1.158e+00, vort_rms=2.208e+00, mass_err=-9.677e-11
step= 41800, t=26.522977, dt=6.743e-04, KE=1.767528e-01, Mt=0.6122, A_K=0.181, Cuv=-0.167, P_in=2.193e-02, P_tgt=2.196e-02, A_F=0.147, K_low=0.285, P_drag=-9.432e-03, P_cool=-1.261e-02, WENO=0.274 (x=0.274, y=0.274), ReL2D=141.55, eps_nu=8.898e-03, P_hv=1.440e-04, rho_mean=1.000000, p_mean=0.739505, div_rms=1.165e+00, vort_rms=2.208e+00, mass_err=-9.723e-11
step= 42000, t=26.657851, dt=6.728e-04, KE=1.762758e-01, Mt=0.6121, A_K=0.168, Cuv=-0.140, P_in=2.112e-02, P_tgt=2.111e-02, A_F=0.222, K_low=0.284, P_drag=-9.319e-03, P_cool=-1.269e-02, WENO=0.285 (x=0.285, y=0.285), ReL2D=141.71, eps_nu=8.940e-03, P_hv=1.571e-04, rho_mean=1.000000, p_mean=0.739667, div_rms=1.175e+00, vort_rms=2.208e+00, mass_err=-9.770e-11
saved snapshot: results/hit2d/final_thesis_Mach_ReL130_N512/preflight_N256/Mt060_N256_mu0p001330976/hit2d_step0042000.npz
step= 42200, t=26.790733, dt=6.589e-04, KE=1.764497e-01, Mt=0.6127, A_K=0.154, Cuv=-0.110, P_in=2.021e-02, P_tgt=2.028e-02, A_F=0.119, K_low=0.279, P_drag=-9.199e-03, P_cool=-1.263e-02, WENO=0.285 (x=0.285, y=0.285), ReL2D=141.11, eps_nu=8.938e-03, P_hv=1.653e-04, rho_mean=1.000000, p_mean=0.739536, div_rms=1.177e+00, vort_rms=2.206e+00, mass_err=-9.815e-11
step= 42400, t=26.922602, dt=6.615e-04, KE=1.771112e-01, Mt=0.6129, A_K=0.139, Cuv=-0.081, P_in=1.942e-02, P_tgt=1.946e-02, A_F=0.171, K_low=0.273, P_drag=-9.113e-03, P_cool=-1.245e-02, WENO=0.290 (x=0.290, y=0.290), ReL2D=141.17, eps_nu=8.879e-03, P_hv=1.735e-04, rho_mean=1.000000, p_mean=0.739178, div_rms=1.163e+00, vort_rms=2.206e+00, mass_err=-9.862e-11
step= 42600, t=27.054142, dt=6.550e-04, KE=1.786315e-01, Mt=0.6139, A_K=0.125, Cuv=-0.050, P_in=1.860e-02, P_tgt=1.864e-02, A_F=0.129, K_low=0.267, P_drag=-9.063e-03, P_cool=-1.209e-02, WENO=0.290 (x=0.290, y=0.290), ReL2D=140.70, eps_nu=8.883e-03, P_hv=1.691e-04, rho_mean=1.000000, p_mean=0.738458, div_rms=1.161e+00, vort_rms=2.209e+00, mass_err=-9.909e-11
step= 42800, t=27.183587, dt=6.420e-04, KE=1.804096e-01, Mt=0.6146, A_K=0.115, Cuv=-0.017, P_in=1.780e-02, P_tgt=1.781e-02, A_F=0.098, K_low=0.261, P_drag=-9.032e-03, P_cool=-1.166e-02, WENO=0.281 (x=0.281, y=0.281), ReL2D=140.85, eps_nu=8.793e-03, P_hv=1.733e-04, rho_mean=1.000000, p_mean=0.737612, div_rms=1.146e+00, vort_rms=2.203e+00, mass_err=-9.955e-11
step= 43000, t=27.311193, dt=6.374e-04, KE=1.817990e-01, Mt=0.6148, A_K=0.095, Cuv=0.017, P_in=1.689e-02, P_tgt=1.698e-02, A_F=0.248, K_low=0.258, P_drag=-8.987e-03, P_cool=-1.131e-02, WENO=0.272 (x=0.272, y=0.272), ReL2D=140.54, eps_nu=8.721e-03, P_hv=1.689e-04, rho_mean=1.000000, p_mean=0.736898, div_rms=1.134e+00, vort_rms=2.200e+00, mass_err=-1.000e-10
step= 43200, t=27.437967, dt=6.312e-04, KE=1.821298e-01, Mt=0.6143, A_K=0.065, Cuv=0.053, P_in=1.646e-02, P_tgt=1.620e-02, A_F=0.123, K_low=0.256, P_drag=-8.926e-03, P_cool=-1.115e-02, WENO=0.267 (x=0.267, y=0.267), ReL2D=139.73, eps_nu=8.710e-03, P_hv=1.738e-04, rho_mean=1.000000, p_mean=0.736582, div_rms=1.124e+00, vort_rms=2.204e+00, mass_err=-1.005e-10
step= 43400, t=27.564361, dt=6.334e-04, KE=1.814909e-01, Mt=0.6130, A_K=0.037, Cuv=0.077, P_in=1.540e-02, P_tgt=1.551e-02, A_F=0.066, K_low=0.254, P_drag=-8.804e-03, P_cool=-1.117e-02, WENO=0.287 (x=0.287, y=0.287), ReL2D=138.74, eps_nu=8.673e-03, P_hv=1.619e-04, rho_mean=1.000000, p_mean=0.736623, div_rms=1.112e+00, vort_rms=2.207e+00, mass_err=-1.009e-10
step= 43600, t=27.693462, dt=6.590e-04, KE=1.806456e-01, Mt=0.6124, A_K=0.014, Cuv=0.087, P_in=1.471e-02, P_tgt=1.488e-02, A_F=0.032, K_low=0.249, P_drag=-8.598e-03, P_cool=-1.122e-02, WENO=0.294 (x=0.294, y=0.294), ReL2D=136.81, eps_nu=8.769e-03, P_hv=1.673e-04, rho_mean=1.000000, p_mean=0.736719, div_rms=1.130e+00, vort_rms=2.210e+00, mass_err=-1.014e-10
step= 43800, t=27.826724, dt=6.714e-04, KE=1.795189e-01, Mt=0.6108, A_K=0.008, Cuv=0.081, P_in=1.437e-02, P_tgt=1.433e-02, A_F=0.067, K_low=0.244, P_drag=-8.367e-03, P_cool=-1.130e-02, WENO=0.298 (x=0.298, y=0.298), ReL2D=135.66, eps_nu=8.895e-03, P_hv=1.714e-04, rho_mean=1.000000, p_mean=0.736892, div_rms=1.170e+00, vort_rms=2.204e+00, mass_err=-1.019e-10
step= 44000, t=27.961136, dt=6.669e-04, KE=1.782100e-01, Mt=0.6080, A_K=0.025, Cuv=0.062, P_in=1.392e-02, P_tgt=1.389e-02, A_F=0.093, K_low=0.238, P_drag=-8.139e-03, P_cool=-1.142e-02, WENO=0.298 (x=0.298, y=0.298), ReL2D=131.42, eps_nu=9.178e-03, P_hv=1.866e-04, rho_mean=1.000000, p_mean=0.737120, div_rms=1.245e+00, vort_rms=2.198e+00, mass_err=-1.024e-10
saved snapshot: results/hit2d/final_thesis_Mach_ReL130_N512/preflight_N256/Mt060_N256_mu0p001330976/hit2d_step0044100.npz
step= 44200, t=28.093471, dt=6.597e-04, KE=1.771059e-01, Mt=0.6053, A_K=0.025, Cuv=0.041, P_in=1.362e-02, P_tgt=1.360e-02, A_F=0.096, K_low=0.232, P_drag=-7.932e-03, P_cool=-1.149e-02, WENO=0.288 (x=0.288, y=0.288), ReL2D=128.07, eps_nu=9.339e-03, P_hv=2.118e-04, rho_mean=1.000000, p_mean=0.737259, div_rms=1.283e+00, vort_rms=2.196e+00, mass_err=-1.028e-10
step= 44400, t=28.224400, dt=6.439e-04, KE=1.766735e-01, Mt=0.6038, A_K=0.011, Cuv=0.026, P_in=1.341e-02, P_tgt=1.340e-02, A_F=0.035, K_low=0.225, P_drag=-7.748e-03, P_cool=-1.142e-02, WENO=0.306 (x=0.306, y=0.306), ReL2D=126.15, eps_nu=9.399e-03, P_hv=2.077e-04, rho_mean=1.000000, p_mean=0.737134, div_rms=1.297e+00, vort_rms=2.195e+00, mass_err=-1.033e-10
step= 44600, t=28.353663, dt=6.541e-04, KE=1.762451e-01, Mt=0.6027, A_K=0.009, Cuv=0.018, P_in=1.350e-02, P_tgt=1.325e-02, A_F=0.013, K_low=0.219, P_drag=-7.593e-03, P_cool=-1.137e-02, WENO=0.310 (x=0.310, y=0.310), ReL2D=125.23, eps_nu=9.340e-03, P_hv=1.899e-04, rho_mean=1.000000, p_mean=0.737018, div_rms=1.291e+00, vort_rms=2.189e+00, mass_err=-1.037e-10
step= 44800, t=28.484629, dt=6.331e-04, KE=1.751966e-01, Mt=0.6008, A_K=0.027, Cuv=0.018, P_in=1.325e-02, P_tgt=1.317e-02, A_F=0.026, K_low=0.214, P_drag=-7.464e-03, P_cool=-1.143e-02, WENO=0.307 (x=0.307, y=0.307), ReL2D=125.09, eps_nu=9.225e-03, P_hv=1.843e-04, rho_mean=1.000000, p_mean=0.737146, div_rms=1.270e+00, vort_rms=2.186e+00, mass_err=-1.042e-10
step= 45000, t=28.607911, dt=6.137e-04, KE=1.737552e-01, Mt=0.5977, A_K=0.047, Cuv=0.020, P_in=1.314e-02, P_tgt=1.320e-02, A_F=0.157, K_low=0.212, P_drag=-7.367e-03, P_cool=-1.158e-02, WENO=0.322 (x=0.322, y=0.322), ReL2D=123.59, eps_nu=9.188e-03, P_hv=1.760e-04, rho_mean=1.000000, p_mean=0.737447, div_rms=1.270e+00, vort_rms=2.180e+00, mass_err=-1.047e-10
step= 45200, t=28.733125, dt=6.294e-04, KE=1.718611e-01, Mt=0.5935, A_K=0.071, Cuv=0.023, P_in=1.336e-02, P_tgt=1.339e-02, A_F=0.172, K_low=0.214, P_drag=-7.300e-03, P_cool=-1.182e-02, WENO=0.329 (x=0.329, y=0.329), ReL2D=122.83, eps_nu=9.084e-03, P_hv=1.625e-04, rho_mean=1.000000, p_mean=0.737932, div_rms=1.264e+00, vort_rms=2.167e+00, mass_err=-1.052e-10
step= 45400, t=28.860484, dt=6.348e-04, KE=1.695330e-01, Mt=0.5889, A_K=0.087, Cuv=0.024, P_in=1.384e-02, P_tgt=1.380e-02, A_F=0.245, K_low=0.218, P_drag=-7.275e-03, P_cool=-1.216e-02, WENO=0.324 (x=0.324, y=0.324), ReL2D=122.24, eps_nu=8.946e-03, P_hv=1.666e-04, rho_mean=1.000000, p_mean=0.738598, div_rms=1.257e+00, vort_rms=2.148e+00, mass_err=-1.056e-10
step= 45600, t=28.987126, dt=6.340e-04, KE=1.674225e-01, Mt=0.5855, A_K=0.093, Cuv=0.028, P_in=1.449e-02, P_tgt=1.443e-02, A_F=0.095, K_low=0.224, P_drag=-7.281e-03, P_cool=-1.245e-02, WENO=0.337 (x=0.337, y=0.337), ReL2D=121.72, eps_nu=8.787e-03, P_hv=1.591e-04, rho_mean=1.000000, p_mean=0.739184, div_rms=1.237e+00, vort_rms=2.136e+00, mass_err=-1.061e-10
step= 45800, t=29.114363, dt=6.375e-04, KE=1.663243e-01, Mt=0.5845, A_K=0.090, Cuv=0.025, P_in=1.517e-02, P_tgt=1.521e-02, A_F=0.036, K_low=0.228, P_drag=-7.304e-03, P_cool=-1.255e-02, WENO=0.327 (x=0.327, y=0.327), ReL2D=121.30, eps_nu=8.734e-03, P_hv=1.523e-04, rho_mean=1.000000, p_mean=0.739378, div_rms=1.241e+00, vort_rms=2.123e+00, mass_err=-1.066e-10
step= 46000, t=29.242839, dt=6.493e-04, KE=1.651962e-01, Mt=0.5843, A_K=0.074, Cuv=0.014, P_in=1.606e-02, P_tgt=1.605e-02, A_F=0.100, K_low=0.232, P_drag=-7.348e-03, P_cool=-1.266e-02, WENO=0.331 (x=0.331, y=0.331), ReL2D=122.58, eps_nu=8.622e-03, P_hv=1.769e-04, rho_mean=1.000000, p_mean=0.739598, div_rms=1.224e+00, vort_rms=2.116e+00, mass_err=-1.070e-10
step= 46200, t=29.373497, dt=6.554e-04, KE=1.645128e-01, Mt=0.5845, A_K=0.058, Cuv=-0.012, P_in=1.701e-02, P_tgt=1.695e-02, A_F=0.019, K_low=0.237, P_drag=-7.461e-03, P_cool=-1.269e-02, WENO=0.329 (x=0.329, y=0.329), ReL2D=124.27, eps_nu=8.470e-03, P_hv=1.874e-04, rho_mean=1.000000, p_mean=0.739663, div_rms=1.206e+00, vort_rms=2.104e+00, mass_err=-1.075e-10
saved snapshot: results/hit2d/final_thesis_Mach_ReL130_N512/preflight_N256/Mt060_N256_mu0p001330976/hit2d_step0046200.npz
step= 46400, t=29.504481, dt=6.561e-04, KE=1.646479e-01, Mt=0.5851, A_K=0.042, Cuv=-0.044, P_in=1.784e-02, P_tgt=1.787e-02, A_F=0.174, K_low=0.243, P_drag=-7.675e-03, P_cool=-1.258e-02, WENO=0.314 (x=0.314, y=0.314), ReL2D=125.57, eps_nu=8.339e-03, P_hv=1.757e-04, rho_mean=1.000000, p_mean=0.739438, div_rms=1.187e+00, vort_rms=2.094e+00, mass_err=-1.079e-10
step= 46600, t=29.635572, dt=6.473e-04, KE=1.656253e-01, Mt=0.5864, A_K=0.021, Cuv=-0.075, P_in=1.881e-02, P_tgt=1.877e-02, A_F=0.050, K_low=0.250, P_drag=-7.961e-03, P_cool=-1.232e-02, WENO=0.306 (x=0.306, y=0.306), ReL2D=126.13, eps_nu=8.307e-03, P_hv=1.553e-04, rho_mean=1.000000, p_mean=0.738921, div_rms=1.177e+00, vort_rms=2.096e+00, mass_err=-1.084e-10
step= 46800, t=29.764433, dt=6.405e-04, KE=1.675083e-01, Mt=0.5884, A_K=0.005, Cuv=-0.098, P_in=1.957e-02, P_tgt=1.961e-02, A_F=0.065, K_low=0.255, P_drag=-8.248e-03, P_cool=-1.191e-02, WENO=0.300 (x=0.300, y=0.300), ReL2D=127.05, eps_nu=8.330e-03, P_hv=1.445e-04, rho_mean=1.000000, p_mean=0.738096, div_rms=1.178e+00, vort_rms=2.100e+00, mass_err=-1.089e-10
step= 47000, t=29.891868, dt=6.352e-04, KE=1.693625e-01, Mt=0.5899, A_K=0.013, Cuv=-0.108, P_in=2.033e-02, P_tgt=2.034e-02, A_F=0.100, K_low=0.258, P_drag=-8.485e-03, P_cool=-1.153e-02, WENO=0.289 (x=0.289, y=0.289), ReL2D=128.09, eps_nu=8.339e-03, P_hv=1.630e-04, rho_mean=1.000000, p_mean=0.737340, div_rms=1.180e+00, vort_rms=2.099e+00, mass_err=-1.094e-10
step= 47200, t=30.018118, dt=6.255e-04, KE=1.700457e-01, Mt=0.5890, A_K=0.033, Cuv=-0.108, P_in=2.094e-02, P_tgt=2.108e-02, A_F=0.182, K_low=0.261, P_drag=-8.686e-03, P_cool=-1.141e-02, WENO=0.284 (x=0.284, y=0.284), ReL2D=130.62, eps_nu=8.145e-03, P_hv=1.598e-04, rho_mean=1.000000, p_mean=0.737103, div_rms=1.143e+00, vort_rms=2.092e+00, mass_err=-1.098e-10
step= 47400, t=30.142330, dt=6.181e-04, KE=1.703223e-01, Mt=0.5883, A_K=0.057, Cuv=-0.115, P_in=2.206e-02, P_tgt=2.193e-02, A_F=0.130, K_low=0.263, P_drag=-8.840e-03, P_cool=-1.139e-02, WENO=0.278 (x=0.278, y=0.278), ReL2D=132.72, eps_nu=7.924e-03, P_hv=1.537e-04, rho_mean=1.000000, p_mean=0.737073, div_rms=1.100e+00, vort_rms=2.083e+00, mass_err=-1.103e-10
step= 47600, t=30.264291, dt=6.067e-04, KE=1.712953e-01, Mt=0.5899, A_K=0.082, Cuv=-0.127, P_in=2.296e-02, P_tgt=2.278e-02, A_F=0.183, K_low=0.262, P_drag=-8.954e-03, P_cool=-1.126e-02, WENO=0.285 (x=0.285, y=0.285), ReL2D=133.41, eps_nu=7.909e-03, P_hv=1.566e-04, rho_mean=1.000000, p_mean=0.736804, div_rms=1.104e+00, vort_rms=2.078e+00, mass_err=-1.108e-10
step= 47800, t=30.385857, dt=6.110e-04, KE=1.724664e-01, Mt=0.5930, A_K=0.092, Cuv=-0.146, P_in=2.344e-02, P_tgt=2.346e-02, A_F=0.206, K_low=0.261, P_drag=-9.018e-03, P_cool=-1.110e-02, WENO=0.287 (x=0.287, y=0.287), ReL2D=135.21, eps_nu=7.921e-03, P_hv=1.481e-04, rho_mean=1.000000, p_mean=0.736483, div_rms=1.107e+00, vort_rms=2.077e+00, mass_err=-1.112e-10
step= 48000, t=30.509120, dt=6.190e-04, KE=1.737117e-01, Mt=0.5968, A_K=0.097, Cuv=-0.166, P_in=2.385e-02, P_tgt=2.387e-02, A_F=0.115, K_low=0.259, P_drag=-9.069e-03, P_cool=-1.093e-02, WENO=0.302 (x=0.302, y=0.302), ReL2D=136.46, eps_nu=7.953e-03, P_hv=1.404e-04, rho_mean=1.000000, p_mean=0.736155, div_rms=1.122e+00, vort_rms=2.073e+00, mass_err=-1.117e-10
step= 48200, t=30.633021, dt=6.218e-04, KE=1.744415e-01, Mt=0.5997, A_K=0.092, Cuv=-0.183, P_in=2.408e-02, P_tgt=2.400e-02, A_F=0.094, K_low=0.260, P_drag=-9.140e-03, P_cool=-1.088e-02, WENO=0.307 (x=0.307, y=0.307), ReL2D=138.36, eps_nu=7.937e-03, P_hv=1.304e-04, rho_mean=1.000000, p_mean=0.736048, div_rms=1.115e+00, vort_rms=2.075e+00, mass_err=-1.122e-10
saved snapshot: results/hit2d/final_thesis_Mach_ReL130_N512/preflight_N256/Mt060_N256_mu0p001330976/hit2d_step0048300.npz
step= 48400, t=30.757483, dt=6.234e-04, KE=1.746885e-01, Mt=0.6015, A_K=0.081, Cuv=-0.190, P_in=2.400e-02, P_tgt=2.394e-02, A_F=0.170, K_low=0.265, P_drag=-9.276e-03, P_cool=-1.092e-02, WENO=0.308 (x=0.308, y=0.308), ReL2D=139.27, eps_nu=8.010e-03, P_hv=1.238e-04, rho_mean=1.000000, p_mean=0.736135, div_rms=1.119e+00, vort_rms=2.085e+00, mass_err=-1.126e-10
step= 48600, t=30.880672, dt=6.077e-04, KE=1.743949e-01, Mt=0.6012, A_K=0.067, Cuv=-0.194, P_in=2.383e-02, P_tgt=2.382e-02, A_F=0.133, K_low=0.274, P_drag=-9.487e-03, P_cool=-1.107e-02, WENO=0.297 (x=0.297, y=0.297), ReL2D=139.50, eps_nu=8.113e-03, P_hv=1.371e-04, rho_mean=1.000000, p_mean=0.736422, div_rms=1.125e+00, vort_rms=2.099e+00, mass_err=-1.131e-10
step= 48800, t=31.000956, dt=5.946e-04, KE=1.739008e-01, Mt=0.6005, A_K=0.055, Cuv=-0.191, P_in=2.384e-02, P_tgt=2.376e-02, A_F=0.223, K_low=0.284, P_drag=-9.724e-03, P_cool=-1.124e-02, WENO=0.295 (x=0.295, y=0.295), ReL2D=138.93, eps_nu=8.222e-03, P_hv=1.492e-04, rho_mean=1.000000, p_mean=0.736761, div_rms=1.125e+00, vort_rms=2.119e+00, mass_err=-1.136e-10
step= 49000, t=31.119091, dt=5.885e-04, KE=1.738508e-01, Mt=0.6006, A_K=0.047, Cuv=-0.191, P_in=2.371e-02, P_tgt=2.372e-02, A_F=0.164, K_low=0.294, P_drag=-9.946e-03, P_cool=-1.131e-02, WENO=0.294 (x=0.294, y=0.294), ReL2D=133.36, eps_nu=8.571e-03, P_hv=1.600e-04, rho_mean=1.000000, p_mean=0.736905, div_rms=1.186e+00, vort_rms=2.137e+00, mass_err=-1.140e-10
step= 49200, t=31.236744, dt=5.903e-04, KE=1.738586e-01, Mt=0.6011, A_K=0.051, Cuv=-0.199, P_in=2.359e-02, P_tgt=2.365e-02, A_F=0.070, K_low=0.302, P_drag=-1.010e-02, P_cool=-1.137e-02, WENO=0.293 (x=0.293, y=0.293), ReL2D=128.69, eps_nu=8.894e-03, P_hv=1.616e-04, rho_mean=1.000000, p_mean=0.737022, div_rms=1.249e+00, vort_rms=2.145e+00, mass_err=-1.145e-10
step= 49400, t=31.355327, dt=5.942e-04, KE=1.736632e-01, Mt=0.6012, A_K=0.069, Cuv=-0.220, P_in=2.405e-02, P_tgt=2.355e-02, A_F=0.115, K_low=0.308, P_drag=-1.021e-02, P_cool=-1.147e-02, WENO=0.286 (x=0.286, y=0.286), ReL2D=126.87, eps_nu=9.034e-03, P_hv=1.578e-04, rho_mean=1.000000, p_mean=0.737216, div_rms=1.263e+00, vort_rms=2.159e+00, mass_err=-1.150e-10
step= 49600, t=31.474119, dt=5.973e-04, KE=1.731712e-01, Mt=0.6006, A_K=0.094, Cuv=-0.251, P_in=2.349e-02, P_tgt=2.348e-02, A_F=0.107, K_low=0.312, P_drag=-1.031e-02, P_cool=-1.161e-02, WENO=0.290 (x=0.290, y=0.290), ReL2D=126.05, eps_nu=8.943e-03, P_hv=1.538e-04, rho_mean=1.000000, p_mean=0.737516, div_rms=1.237e+00, vort_rms=2.163e+00, mass_err=-1.154e-10
step= 49800, t=31.593233, dt=5.950e-04, KE=1.726272e-01, Mt=0.5999, A_K=0.127, Cuv=-0.285, P_in=2.351e-02, P_tgt=2.347e-02, A_F=0.034, K_low=0.317, P_drag=-1.040e-02, P_cool=-1.177e-02, WENO=0.282 (x=0.282, y=0.282), ReL2D=125.00, eps_nu=8.983e-03, P_hv=1.495e-04, rho_mean=1.000000, p_mean=0.737823, div_rms=1.240e+00, vort_rms=2.167e+00, mass_err=-1.159e-10
step= 50000, t=31.713530, dt=6.075e-04, KE=1.714073e-01, Mt=0.5997, A_K=0.139, Cuv=-0.308, P_in=2.341e-02, P_tgt=2.348e-02, A_F=0.069, K_low=0.323, P_drag=-1.050e-02, P_cool=-1.205e-02, WENO=0.281 (x=0.281, y=0.281), ReL2D=124.10, eps_nu=9.144e-03, P_hv=1.542e-04, rho_mean=1.000000, p_mean=0.738384, div_rms=1.274e+00, vort_rms=2.169e+00, mass_err=-1.164e-10
step= 50200, t=31.835549, dt=6.170e-04, KE=1.696743e-01, Mt=0.5992, A_K=0.138, Cuv=-0.315, P_in=2.357e-02, P_tgt=2.353e-02, A_F=0.021, K_low=0.330, P_drag=-1.059e-02, P_cool=-1.242e-02, WENO=0.283 (x=0.283, y=0.283), ReL2D=122.69, eps_nu=9.318e-03, P_hv=1.617e-04, rho_mean=1.000000, p_mean=0.739116, div_rms=1.319e+00, vort_rms=2.164e+00, mass_err=-1.168e-10
step= 50400, t=31.961013, dt=6.363e-04, KE=1.678989e-01, Mt=0.5990, A_K=0.137, Cuv=-0.309, P_in=2.357e-02, P_tgt=2.360e-02, A_F=0.046, K_low=0.336, P_drag=-1.065e-02, P_cool=-1.277e-02, WENO=0.288 (x=0.288, y=0.288), ReL2D=121.41, eps_nu=9.512e-03, P_hv=1.753e-04, rho_mean=1.000000, p_mean=0.739834, div_rms=1.358e+00, vort_rms=2.165e+00, mass_err=-1.173e-10
saved snapshot: results/hit2d/final_thesis_Mach_ReL130_N512/preflight_N256/Mt060_N256_mu0p001330976/hit2d_step0050400.npz
step= 50600, t=32.088751, dt=6.398e-04, KE=1.663022e-01, Mt=0.5984, A_K=0.137, Cuv=-0.302, P_in=2.370e-02, P_tgt=2.370e-02, A_F=0.105, K_low=0.340, P_drag=-1.067e-02, P_cool=-1.308e-02, WENO=0.292 (x=0.292, y=0.292), ReL2D=119.94, eps_nu=9.630e-03, P_hv=1.529e-04, rho_mean=1.000000, p_mean=0.740455, div_rms=1.378e+00, vort_rms=2.169e+00, mass_err=-1.178e-10
step= 50800, t=32.215413, dt=6.196e-04, KE=1.653567e-01, Mt=0.5970, A_K=0.139, Cuv=-0.289, P_in=2.384e-02, P_tgt=2.388e-02, A_F=0.003, K_low=0.339, P_drag=-1.065e-02, P_cool=-1.326e-02, WENO=0.285 (x=0.285, y=0.285), ReL2D=118.33, eps_nu=9.590e-03, P_hv=1.564e-04, rho_mean=1.000000, p_mean=0.740811, div_rms=1.371e+00, vort_rms=2.168e+00, mass_err=-1.182e-10
step= 51000, t=32.338499, dt=6.151e-04, KE=1.650972e-01, Mt=0.5952, A_K=0.146, Cuv=-0.269, P_in=2.415e-02, P_tgt=2.419e-02, A_F=0.052, K_low=0.334, P_drag=-1.059e-02, P_cool=-1.331e-02, WENO=0.285 (x=0.285, y=0.285), ReL2D=115.80, eps_nu=9.585e-03, P_hv=1.652e-04, rho_mean=1.000000, p_mean=0.740908, div_rms=1.377e+00, vort_rms=2.161e+00, mass_err=-1.187e-10
step= 51200, t=32.461514, dt=6.156e-04, KE=1.651962e-01, Mt=0.5935, A_K=0.161, Cuv=-0.234, P_in=2.479e-02, P_tgt=2.466e-02, A_F=0.163, K_low=0.328, P_drag=-1.051e-02, P_cool=-1.330e-02, WENO=0.279 (x=0.279, y=0.279), ReL2D=114.71, eps_nu=9.534e-03, P_hv=1.588e-04, rho_mean=1.000000, p_mean=0.740890, div_rms=1.375e+00, vort_rms=2.154e+00, mass_err=-1.192e-10
step= 51400, t=32.586210, dt=6.355e-04, KE=1.654316e-01, Mt=0.5919, A_K=0.181, Cuv=-0.193, P_in=2.516e-02, P_tgt=2.528e-02, A_F=0.059, K_low=0.324, P_drag=-1.043e-02, P_cool=-1.328e-02, WENO=0.274 (x=0.274, y=0.274), ReL2D=115.48, eps_nu=9.361e-03, P_hv=1.547e-04, rho_mean=1.000000, p_mean=0.740849, div_rms=1.340e+00, vort_rms=2.154e+00, mass_err=-1.196e-10
step= 51600, t=32.714389, dt=6.426e-04, KE=1.657837e-01, Mt=0.5926, A_K=0.199, Cuv=-0.153, P_in=2.589e-02, P_tgt=2.597e-02, A_F=0.115, K_low=0.320, P_drag=-1.036e-02, P_cool=-1.326e-02, WENO=0.260 (x=0.260, y=0.260), ReL2D=116.96, eps_nu=9.170e-03, P_hv=1.508e-04, rho_mean=1.000000, p_mean=0.740802, div_rms=1.297e+00, vort_rms=2.156e+00, mass_err=-1.201e-10
warning: flow component anisotropy has increased over the last three diagnostic samples
step= 51800, t=32.842583, dt=6.382e-04, KE=1.659315e-01, Mt=0.5935, A_K=0.208, Cuv=-0.126, P_in=2.673e-02, P_tgt=2.658e-02, A_F=0.007, K_low=0.317, P_drag=-1.027e-02, P_cool=-1.329e-02, WENO=0.268 (x=0.268, y=0.268), ReL2D=118.09, eps_nu=9.043e-03, P_hv=1.507e-04, rho_mean=1.000000, p_mean=0.740867, div_rms=1.268e+00, vort_rms=2.157e+00, mass_err=-1.205e-10
step= 52000, t=32.969277, dt=6.313e-04, KE=1.654491e-01, Mt=0.5938, A_K=0.205, Cuv=-0.117, P_in=2.717e-02, P_tgt=2.715e-02, A_F=0.255, K_low=0.315, P_drag=-1.018e-02, P_cool=-1.346e-02, WENO=0.287 (x=0.287, y=0.287), ReL2D=120.21, eps_nu=8.853e-03, P_hv=1.351e-04, rho_mean=1.000000, p_mean=0.741212, div_rms=1.223e+00, vort_rms=2.158e+00, mass_err=-1.210e-10
step= 52200, t=33.096260, dt=6.367e-04, KE=1.653194e-01, Mt=0.5931, A_K=0.192, Cuv=-0.125, P_in=2.774e-02, P_tgt=2.776e-02, A_F=0.207, K_low=0.312, P_drag=-1.010e-02, P_cool=-1.358e-02, WENO=0.284 (x=0.284, y=0.284), ReL2D=121.19, eps_nu=8.803e-03, P_hv=1.327e-04, rho_mean=1.000000, p_mean=0.741439, div_rms=1.207e+00, vort_rms=2.161e+00, mass_err=-1.215e-10
step= 52400, t=33.223050, dt=6.305e-04, KE=1.660318e-01, Mt=0.5934, A_K=0.183, Cuv=-0.142, P_in=2.851e-02, P_tgt=2.842e-02, A_F=0.171, K_low=0.307, P_drag=-1.002e-02, P_cool=-1.354e-02, WENO=0.275 (x=0.275, y=0.275), ReL2D=122.91, eps_nu=8.834e-03, P_hv=1.380e-04, rho_mean=1.000000, p_mean=0.741372, div_rms=1.202e+00, vort_rms=2.171e+00, mass_err=-1.219e-10
saved snapshot: results/hit2d/final_thesis_Mach_ReL130_N512/preflight_N256/Mt060_N256_mu0p001330976/hit2d_step0052500.npz
step= 52600, t=33.347469, dt=6.133e-04, KE=1.672748e-01, Mt=0.5953, A_K=0.182, Cuv=-0.173, P_in=2.898e-02, P_tgt=2.897e-02, A_F=0.046, K_low=0.300, P_drag=-9.923e-03, P_cool=-1.343e-02, WENO=0.281 (x=0.281, y=0.281), ReL2D=122.59, eps_nu=9.008e-03, P_hv=1.455e-04, rho_mean=1.000000, p_mean=0.741151, div_rms=1.232e+00, vort_rms=2.178e+00, mass_err=-1.224e-10
step= 52800, t=33.469012, dt=5.997e-04, KE=1.678665e-01, Mt=0.5958, A_K=0.182, Cuv=-0.195, P_in=2.930e-02, P_tgt=2.939e-02, A_F=0.118, K_low=0.294, P_drag=-9.789e-03, P_cool=-1.347e-02, WENO=0.274 (x=0.274, y=0.274), ReL2D=121.60, eps_nu=9.162e-03, P_hv=1.526e-04, rho_mean=1.000000, p_mean=0.741225, div_rms=1.259e+00, vort_rms=2.184e+00, mass_err=-1.229e-10
step= 53000, t=33.588079, dt=5.951e-04, KE=1.676744e-01, Mt=0.5947, A_K=0.193, Cuv=-0.205, P_in=2.963e-02, P_tgt=2.986e-02, A_F=0.060, K_low=0.289, P_drag=-9.651e-03, P_cool=-1.367e-02, WENO=0.275 (x=0.275, y=0.275), ReL2D=119.81, eps_nu=9.293e-03, P_hv=1.632e-04, rho_mean=1.000000, p_mean=0.741619, div_rms=1.278e+00, vort_rms=2.191e+00, mass_err=-1.233e-10
warning: flow component anisotropy has increased over the last three diagnostic samples
step= 53200, t=33.708086, dt=6.036e-04, KE=1.674491e-01, Mt=0.5936, A_K=0.211, Cuv=-0.207, P_in=3.042e-02, P_tgt=3.046e-02, A_F=0.074, K_low=0.285, P_drag=-9.493e-03, P_cool=-1.388e-02, WENO=0.280 (x=0.280, y=0.280), ReL2D=118.20, eps_nu=9.435e-03, P_hv=1.650e-04, rho_mean=1.000000, p_mean=0.742042, div_rms=1.286e+00, vort_rms=2.210e+00, mass_err=-1.238e-10
warning: flow component anisotropy has increased over the last three diagnostic samples
step= 53400, t=33.829128, dt=6.051e-04, KE=1.674327e-01, Mt=0.5934, A_K=0.229, Cuv=-0.209, P_in=3.070e-02, P_tgt=3.114e-02, A_F=0.020, K_low=0.281, P_drag=-9.334e-03, P_cool=-1.406e-02, WENO=0.283 (x=0.283, y=0.283), ReL2D=117.23, eps_nu=9.612e-03, P_hv=1.786e-04, rho_mean=1.000000, p_mean=0.742409, div_rms=1.297e+00, vort_rms=2.231e+00, mass_err=-1.242e-10
warning: flow component anisotropy has increased over the last three diagnostic samples
step= 53600, t=33.949417, dt=5.983e-04, KE=1.677673e-01, Mt=0.5945, A_K=0.242, Cuv=-0.206, P_in=3.213e-02, P_tgt=3.180e-02, A_F=0.129, K_low=0.277, P_drag=-9.206e-03, P_cool=-1.419e-02, WENO=0.294 (x=0.294, y=0.294), ReL2D=115.76, eps_nu=9.913e-03, P_hv=1.793e-04, rho_mean=1.000000, p_mean=0.742668, div_rms=1.329e+00, vort_rms=2.257e+00, mass_err=-1.247e-10
warning: flow component anisotropy has increased over the last three diagnostic samples
step= 53800, t=34.068333, dt=5.914e-04, KE=1.689182e-01, Mt=0.5963, A_K=0.243, Cuv=-0.202, P_in=3.226e-02, P_tgt=3.230e-02, A_F=0.108, K_low=0.273, P_drag=-9.108e-03, P_cool=-1.417e-02, WENO=0.295 (x=0.295, y=0.295), ReL2D=114.08, eps_nu=1.025e-02, P_hv=1.782e-04, rho_mean=1.000000, p_mean=0.742620, div_rms=1.378e+00, vort_rms=2.274e+00, mass_err=-1.252e-10
step= 54000, t=34.187189, dt=5.966e-04, KE=1.711762e-01, Mt=0.5989, A_K=0.240, Cuv=-0.186, P_in=3.223e-02, P_tgt=3.257e-02, A_F=0.066, K_low=0.269, P_drag=-9.039e-03, P_cool=-1.394e-02, WENO=0.293 (x=0.293, y=0.293), ReL2D=115.76, eps_nu=1.032e-02, P_hv=1.899e-04, rho_mean=1.000000, p_mean=0.742158, div_rms=1.384e+00, vort_rms=2.279e+00, mass_err=-1.257e-10
step= 54200, t=34.307524, dt=6.081e-04, KE=1.738733e-01, Mt=0.6028, A_K=0.245, Cuv=-0.167, P_in=3.273e-02, P_tgt=3.249e-02, A_F=0.036, K_low=0.265, P_drag=-8.987e-03, P_cool=-1.363e-02, WENO=0.278 (x=0.278, y=0.278), ReL2D=120.61, eps_nu=1.022e-02, P_hv=1.900e-04, rho_mean=1.000000, p_mean=0.741549, div_rms=1.357e+00, vort_rms=2.286e+00, mass_err=-1.261e-10
warning: flow component anisotropy has increased over the last three diagnostic samples
step= 54400, t=34.430169, dt=6.200e-04, KE=1.770775e-01, Mt=0.6087, A_K=0.249, Cuv=-0.143, P_in=3.190e-02, P_tgt=3.189e-02, A_F=0.060, K_low=0.261, P_drag=-8.937e-03, P_cool=-1.323e-02, WENO=0.290 (x=0.290, y=0.290), ReL2D=123.58, eps_nu=1.034e-02, P_hv=1.736e-04, rho_mean=1.000000, p_mean=0.740745, div_rms=1.358e+00, vort_rms=2.304e+00, mass_err=-1.266e-10
step= 54600, t=34.556187, dt=6.356e-04, KE=1.796585e-01, Mt=0.6134, A_K=0.239, Cuv=-0.125, P_in=3.081e-02, P_tgt=3.074e-02, A_F=0.152, K_low=0.260, P_drag=-8.897e-03, P_cool=-1.295e-02, WENO=0.302 (x=0.302, y=0.302), ReL2D=124.05, eps_nu=1.057e-02, P_hv=1.599e-04, rho_mean=1.000000, p_mean=0.740177, div_rms=1.374e+00, vort_rms=2.328e+00, mass_err=-1.270e-10
saved snapshot: results/hit2d/final_thesis_Mach_ReL130_N512/preflight_N256/Mt060_N256_mu0p001330976/hit2d_step0054600.npz
step= 54800, t=34.681743, dt=6.241e-04, KE=1.806755e-01, Mt=0.6154, A_K=0.217, Cuv=-0.116, P_in=2.933e-02, P_tgt=2.934e-02, A_F=0.071, K_low=0.260, P_drag=-8.860e-03, P_cool=-1.295e-02, WENO=0.310 (x=0.310, y=0.310), ReL2D=124.29, eps_nu=1.062e-02, P_hv=1.641e-04, rho_mean=1.000000, p_mean=0.740178, div_rms=1.367e+00, vort_rms=2.343e+00, mass_err=-1.275e-10
step= 55000, t=34.806569, dt=6.262e-04, KE=1.816566e-01, Mt=0.6178, A_K=0.187, Cuv=-0.117, P_in=2.775e-02, P_tgt=2.783e-02, A_F=0.053, K_low=0.259, P_drag=-8.799e-03, P_cool=-1.292e-02, WENO=0.331 (x=0.331, y=0.331), ReL2D=123.39, eps_nu=1.083e-02, P_hv=1.592e-04, rho_mean=1.000000, p_mean=0.740122, div_rms=1.403e+00, vort_rms=2.348e+00, mass_err=-1.280e-10
step= 55200, t=34.933675, dt=6.481e-04, KE=1.829099e-01, Mt=0.6208, A_K=0.146, Cuv=-0.120, P_in=2.599e-02, P_tgt=2.617e-02, A_F=0.218, K_low=0.253, P_drag=-8.689e-03, P_cool=-1.280e-02, WENO=0.338 (x=0.338, y=0.338), ReL2D=125.84, eps_nu=1.082e-02, P_hv=1.599e-04, rho_mean=1.000000, p_mean=0.739895, div_rms=1.397e+00, vort_rms=2.351e+00, mass_err=-1.285e-10
step= 55400, t=35.066324, dt=6.719e-04, KE=1.835355e-01, Mt=0.6224, A_K=0.094, Cuv=-0.123, P_in=2.481e-02, P_tgt=2.443e-02, A_F=0.200, K_low=0.244, P_drag=-8.524e-03, P_cool=-1.279e-02, WENO=0.340 (x=0.340, y=0.340), ReL2D=127.62, eps_nu=1.077e-02, P_hv=1.621e-04, rho_mean=1.000000, p_mean=0.739857, div_rms=1.380e+00, vort_rms=2.356e+00, mass_err=-1.289e-10
step= 55600, t=35.200089, dt=6.675e-04, KE=1.833651e-01, Mt=0.6213, A_K=0.036, Cuv=-0.120, P_in=2.246e-02, P_tgt=2.278e-02, A_F=0.067, K_low=0.234, P_drag=-8.284e-03, P_cool=-1.289e-02, WENO=0.336 (x=0.336, y=0.336), ReL2D=126.62, eps_nu=1.081e-02, P_hv=1.665e-04, rho_mean=1.000000, p_mean=0.740062, div_rms=1.383e+00, vort_rms=2.360e+00, mass_err=-1.294e-10
step= 55800, t=35.332940, dt=6.585e-04, KE=1.821428e-01, Mt=0.6183, A_K=0.005, Cuv=-0.114, P_in=2.125e-02, P_tgt=2.139e-02, A_F=0.210, K_low=0.226, P_drag=-7.955e-03, P_cool=-1.317e-02, WENO=0.309 (x=0.309, y=0.309), ReL2D=125.89, eps_nu=1.078e-02, P_hv=1.795e-04, rho_mean=1.000000, p_mean=0.740623, div_rms=1.372e+00, vort_rms=2.363e+00, mass_err=-1.299e-10
step= 56000, t=35.464630, dt=6.603e-04, KE=1.802472e-01, Mt=0.6146, A_K=0.036, Cuv=-0.115, P_in=2.055e-02, P_tgt=2.029e-02, A_F=0.140, K_low=0.216, P_drag=-7.564e-03, P_cool=-1.356e-02, WENO=0.303 (x=0.303, y=0.303), ReL2D=124.57, eps_nu=1.078e-02, P_hv=1.839e-04, rho_mean=1.000000, p_mean=0.741396, div_rms=1.375e+00, vort_rms=2.362e+00, mass_err=-1.303e-10
step= 56200, t=35.594874, dt=6.433e-04, KE=1.782247e-01, Mt=0.6108, A_K=0.061, Cuv=-0.121, P_in=1.952e-02, P_tgt=1.947e-02, A_F=0.212, K_low=0.206, P_drag=-7.133e-03, P_cool=-1.394e-02, WENO=0.319 (x=0.319, y=0.319), ReL2D=122.93, eps_nu=1.080e-02, P_hv=1.819e-04, rho_mean=1.000000, p_mean=0.742159, div_rms=1.379e+00, vort_rms=2.362e+00, mass_err=-1.308e-10
step= 56400, t=35.723164, dt=6.422e-04, KE=1.765945e-01, Mt=0.6083, A_K=0.065, Cuv=-0.117, P_in=1.894e-02, P_tgt=1.888e-02, A_F=0.003, K_low=0.195, P_drag=-6.723e-03, P_cool=-1.421e-02, WENO=0.334 (x=0.334, y=0.334), ReL2D=120.43, eps_nu=1.085e-02, P_hv=1.754e-04, rho_mean=1.000000, p_mean=0.742715, div_rms=1.385e+00, vort_rms=2.365e+00, mass_err=-1.313e-10
step= 56600, t=35.852639, dt=6.543e-04, KE=1.757564e-01, Mt=0.6078, A_K=0.047, Cuv=-0.103, P_in=1.836e-02, P_tgt=1.840e-02, A_F=0.002, K_low=0.186, P_drag=-6.361e-03, P_cool=-1.432e-02, WENO=0.342 (x=0.342, y=0.342), ReL2D=119.59, eps_nu=1.090e-02, P_hv=1.763e-04, rho_mean=1.000000, p_mean=0.742916, div_rms=1.388e+00, vort_rms=2.372e+00, mass_err=-1.317e-10
saved snapshot: results/hit2d/final_thesis_Mach_ReL130_N512/preflight_N256/Mt060_N256_mu0p001330976/hit2d_step0056700.npz
step= 56800, t=35.982235, dt=6.450e-04, KE=1.756024e-01, Mt=0.6075, A_K=0.010, Cuv=-0.083, P_in=1.763e-02, P_tgt=1.794e-02, A_F=0.136, K_low=0.177, P_drag=-6.057e-03, P_cool=-1.428e-02, WENO=0.343 (x=0.343, y=0.343), ReL2D=119.47, eps_nu=1.090e-02, P_hv=1.960e-04, rho_mean=1.000000, p_mean=0.742837, div_rms=1.390e+00, vort_rms=2.369e+00, mass_err=-1.322e-10
step= 57000, t=36.111807, dt=6.497e-04, KE=1.755846e-01, Mt=0.6061, A_K=0.032, Cuv=-0.060, P_in=1.749e-02, P_tgt=1.754e-02, A_F=0.290, K_low=0.169, P_drag=-5.804e-03, P_cool=-1.422e-02, WENO=0.344 (x=0.344, y=0.344), ReL2D=118.98, eps_nu=1.077e-02, P_hv=2.149e-04, rho_mean=1.000000, p_mean=0.742721, div_rms=1.382e+00, vort_rms=2.355e+00, mass_err=-1.326e-10
step= 57200, t=36.239959, dt=6.369e-04, KE=1.757597e-01, Mt=0.6043, A_K=0.064, Cuv=-0.035, P_in=1.731e-02, P_tgt=1.725e-02, A_F=0.002, K_low=0.163, P_drag=-5.602e-03, P_cool=-1.413e-02, WENO=0.346 (x=0.346, y=0.346), ReL2D=119.19, eps_nu=1.060e-02, P_hv=2.140e-04, rho_mean=1.000000, p_mean=0.742546, div_rms=1.358e+00, vort_rms=2.346e+00, mass_err=-1.331e-10
step= 57400, t=36.365088, dt=6.211e-04, KE=1.758907e-01, Mt=0.6033, A_K=0.080, Cuv=-0.008, P_in=1.704e-02, P_tgt=1.704e-02, A_F=0.174, K_low=0.158, P_drag=-5.442e-03, P_cool=-1.406e-02, WENO=0.348 (x=0.348, y=0.348), ReL2D=118.40, eps_nu=1.056e-02, P_hv=2.015e-04, rho_mean=1.000000, p_mean=0.742398, div_rms=1.348e+00, vort_rms=2.348e+00, mass_err=-1.336e-10
step= 57600, t=36.489580, dt=6.283e-04, KE=1.759761e-01, Mt=0.6034, A_K=0.091, Cuv=0.016, P_in=1.697e-02, P_tgt=1.686e-02, A_F=0.216, K_low=0.155, P_drag=-5.319e-03, P_cool=-1.398e-02, WENO=0.341 (x=0.341, y=0.341), ReL2D=116.88, eps_nu=1.056e-02, P_hv=1.876e-04, rho_mean=1.000000, p_mean=0.742255, div_rms=1.345e+00, vort_rms=2.350e+00, mass_err=-1.341e-10
step= 57800, t=36.616570, dt=6.413e-04, KE=1.755133e-01, Mt=0.6034, A_K=0.105, Cuv=0.039, P_in=1.661e-02, P_tgt=1.667e-02, A_F=0.118, K_low=0.152, P_drag=-5.213e-03, P_cool=-1.401e-02, WENO=0.343 (x=0.343, y=0.343), ReL2D=117.46, eps_nu=1.044e-02, P_hv=1.785e-04, rho_mean=1.000000, p_mean=0.742303, div_rms=1.331e+00, vort_rms=2.342e+00, mass_err=-1.345e-10
step= 58000, t=36.745438, dt=6.455e-04, KE=1.752623e-01, Mt=0.6039, A_K=0.124, Cuv=0.063, P_in=1.650e-02, P_tgt=1.647e-02, A_F=0.101, K_low=0.149, P_drag=-5.104e-03, P_cool=-1.398e-02, WENO=0.335 (x=0.335, y=0.335), ReL2D=117.98, eps_nu=1.042e-02, P_hv=1.741e-04, rho_mean=1.000000, p_mean=0.742248, div_rms=1.348e+00, vort_rms=2.325e+00, mass_err=-1.350e-10
step= 58200, t=36.874333, dt=6.375e-04, KE=1.754719e-01, Mt=0.6050, A_K=0.142, Cuv=0.080, P_in=1.605e-02, P_tgt=1.623e-02, A_F=0.075, K_low=0.146, P_drag=-4.987e-03, P_cool=-1.386e-02, WENO=0.332 (x=0.332, y=0.332), ReL2D=118.68, eps_nu=1.033e-02, P_hv=1.819e-04, rho_mean=1.000000, p_mean=0.742009, div_rms=1.350e+00, vort_rms=2.309e+00, mass_err=-1.354e-10
step= 58400, t=37.003315, dt=6.509e-04, KE=1.751756e-01, Mt=0.6049, A_K=0.153, Cuv=0.093, P_in=1.590e-02, P_tgt=1.596e-02, A_F=0.103, K_low=0.145, P_drag=-4.883e-03, P_cool=-1.384e-02, WENO=0.331 (x=0.331, y=0.331), ReL2D=119.17, eps_nu=1.019e-02, P_hv=1.774e-04, rho_mean=1.000000, p_mean=0.741975, div_rms=1.340e+00, vort_rms=2.293e+00, mass_err=-1.359e-10
step= 58600, t=37.133932, dt=6.555e-04, KE=1.741533e-01, Mt=0.6037, A_K=0.148, Cuv=0.090, P_in=1.575e-02, P_tgt=1.573e-02, A_F=0.043, K_low=0.145, P_drag=-4.778e-03, P_cool=-1.397e-02, WENO=0.322 (x=0.322, y=0.322), ReL2D=120.22, eps_nu=1.001e-02, P_hv=1.827e-04, rho_mean=1.000000, p_mean=0.742224, div_rms=1.317e+00, vort_rms=2.283e+00, mass_err=-1.364e-10
step= 58800, t=37.265456, dt=6.602e-04, KE=1.730399e-01, Mt=0.6030, A_K=0.132, Cuv=0.071, P_in=1.555e-02, P_tgt=1.557e-02, A_F=0.068, K_low=0.145, P_drag=-4.662e-03, P_cool=-1.411e-02, WENO=0.315 (x=0.315, y=0.315), ReL2D=120.02, eps_nu=9.925e-03, P_hv=1.770e-04, rho_mean=1.000000, p_mean=0.742497, div_rms=1.309e+00, vort_rms=2.275e+00, mass_err=-1.369e-10
saved snapshot: results/hit2d/final_thesis_Mach_ReL130_N512/preflight_N256/Mt060_N256_mu0p001330976/hit2d_step0058800.npz
step= 59000, t=37.398009, dt=6.651e-04, KE=1.724350e-01, Mt=0.6032, A_K=0.112, Cuv=0.051, P_in=1.531e-02, P_tgt=1.541e-02, A_F=0.238, K_low=0.142, P_drag=-4.528e-03, P_cool=-1.414e-02, WENO=0.303 (x=0.303, y=0.303), ReL2D=121.23, eps_nu=9.913e-03, P_hv=1.731e-04, rho_mean=1.000000, p_mean=0.742559, div_rms=1.309e+00, vort_rms=2.272e+00, mass_err=-1.373e-10
step= 59200, t=37.531687, dt=6.722e-04, KE=1.725583e-01, Mt=0.6041, A_K=0.086, Cuv=0.042, P_in=1.535e-02, P_tgt=1.523e-02, A_F=0.058, K_low=0.136, P_drag=-4.380e-03, P_cool=-1.402e-02, WENO=0.294 (x=0.294, y=0.294), ReL2D=121.93, eps_nu=1.002e-02, P_hv=1.668e-04, rho_mean=1.000000, p_mean=0.742331, div_rms=1.339e+00, vort_rms=2.266e+00, mass_err=-1.378e-10
step= 59400, t=37.666809, dt=6.770e-04, KE=1.727939e-01, Mt=0.6053, A_K=0.060, Cuv=0.036, P_in=1.499e-02, P_tgt=1.500e-02, A_F=0.073, K_low=0.130, P_drag=-4.234e-03, P_cool=-1.389e-02, WENO=0.288 (x=0.288, y=0.288), ReL2D=123.19, eps_nu=9.929e-03, P_hv=1.728e-04, rho_mean=1.000000, p_mean=0.742066, div_rms=1.331e+00, vort_rms=2.258e+00, mass_err=-1.383e-10
step= 59600, t=37.801664, dt=6.703e-04, KE=1.733528e-01, Mt=0.6063, A_K=0.035, Cuv=0.032, P_in=1.471e-02, P_tgt=1.471e-02, A_F=0.053, K_low=0.124, P_drag=-4.113e-03, P_cool=-1.370e-02, WENO=0.284 (x=0.284, y=0.284), ReL2D=123.82, eps_nu=9.924e-03, P_hv=1.821e-04, rho_mean=1.000000, p_mean=0.741676, div_rms=1.351e+00, vort_rms=2.241e+00, mass_err=-1.387e-10
step= 59800, t=37.934383, dt=6.547e-04, KE=1.743046e-01, Mt=0.6068, A_K=0.018, Cuv=0.037, P_in=1.434e-02, P_tgt=1.440e-02, A_F=0.078, K_low=0.120, P_drag=-4.027e-03, P_cool=-1.343e-02, WENO=0.278 (x=0.278, y=0.278), ReL2D=124.33, eps_nu=9.818e-03, P_hv=1.898e-04, rho_mean=1.000000, p_mean=0.741138, div_rms=1.353e+00, vort_rms=2.221e+00, mass_err=-1.392e-10
step= 60000, t=38.063752, dt=6.382e-04, KE=1.747412e-01, Mt=0.6067, A_K=0.009, Cuv=0.042, P_in=1.411e-02, P_tgt=1.408e-02, A_F=0.260, K_low=0.117, P_drag=-3.964e-03, P_cool=-1.326e-02, WENO=0.292 (x=0.292, y=0.292), ReL2D=124.61, eps_nu=9.704e-03, P_hv=1.885e-04, rho_mean=1.000000, p_mean=0.740813, div_rms=1.347e+00, vort_rms=2.207e+00, mass_err=-1.396e-10
step= 60200, t=38.192476, dt=6.647e-04, KE=1.738971e-01, Mt=0.6047, A_K=0.009, Cuv=0.051, P_in=1.371e-02, P_tgt=1.382e-02, A_F=0.001, K_low=0.116, P_drag=-3.905e-03, P_cool=-1.335e-02, WENO=0.303 (x=0.303, y=0.303), ReL2D=126.43, eps_nu=9.462e-03, P_hv=1.736e-04, rho_mean=1.000000, p_mean=0.740983, div_rms=1.318e+00, vort_rms=2.189e+00, mass_err=-1.401e-10
step= 60400, t=38.323032, dt=6.367e-04, KE=1.723689e-01, Mt=0.6017, A_K=0.012, Cuv=0.066, P_in=1.343e-02, P_tgt=1.366e-02, A_F=0.057, K_low=0.115, P_drag=-3.851e-03, P_cool=-1.356e-02, WENO=0.316 (x=0.316, y=0.316), ReL2D=125.11, eps_nu=9.321e-03, P_hv=1.662e-04, rho_mean=1.000000, p_mean=0.741415, div_rms=1.306e+00, vort_rms=2.174e+00, mass_err=-1.406e-10
step= 60600, t=38.449216, dt=6.256e-04, KE=1.704215e-01, Mt=0.5973, A_K=0.010, Cuv=0.092, P_in=1.379e-02, P_tgt=1.370e-02, A_F=0.107, K_low=0.115, P_drag=-3.807e-03, P_cool=-1.386e-02, WENO=0.316 (x=0.316, y=0.316), ReL2D=122.07, eps_nu=9.280e-03, P_hv=1.619e-04, rho_mean=1.000000, p_mean=0.742016, div_rms=1.308e+00, vort_rms=2.166e+00, mass_err=-1.410e-10
step= 60800, t=38.573703, dt=6.266e-04, KE=1.688261e-01, Mt=0.5954, A_K=0.004, Cuv=0.119, P_in=1.384e-02, P_tgt=1.388e-02, A_F=0.165, K_low=0.116, P_drag=-3.787e-03, P_cool=-1.409e-02, WENO=0.322 (x=0.322, y=0.322), ReL2D=121.12, eps_nu=9.287e-03, P_hv=1.614e-04, rho_mean=1.000000, p_mean=0.742456, div_rms=1.317e+00, vort_rms=2.160e+00, mass_err=-1.415e-10
saved snapshot: results/hit2d/final_thesis_Mach_ReL130_N512/preflight_N256/Mt060_N256_mu0p001330976/hit2d_step0060900.npz
step= 61000, t=38.699868, dt=6.327e-04, KE=1.680111e-01, Mt=0.5965, A_K=0.014, Cuv=0.145, P_in=1.426e-02, P_tgt=1.408e-02, A_F=0.142, K_low=0.118, P_drag=-3.805e-03, P_cool=-1.415e-02, WENO=0.318 (x=0.318, y=0.318), ReL2D=121.30, eps_nu=9.338e-03, P_hv=1.725e-04, rho_mean=1.000000, p_mean=0.742586, div_rms=1.324e+00, vort_rms=2.163e+00, mass_err=-1.420e-10
step= 61200, t=38.827105, dt=6.405e-04, KE=1.679742e-01, Mt=0.5991, A_K=0.023, Cuv=0.167, P_in=1.403e-02, P_tgt=1.418e-02, A_F=0.011, K_low=0.119, P_drag=-3.855e-03, P_cool=-1.406e-02, WENO=0.296 (x=0.296, y=0.296), ReL2D=121.29, eps_nu=9.419e-03, P_hv=1.841e-04, rho_mean=1.000000, p_mean=0.742412, div_rms=1.346e+00, vort_rms=2.159e+00, mass_err=-1.424e-10
step= 61400, t=38.956089, dt=6.422e-04, KE=1.682091e-01, Mt=0.6004, A_K=0.030, Cuv=0.183, P_in=1.413e-02, P_tgt=1.419e-02, A_F=0.022, K_low=0.122, P_drag=-3.947e-03, P_cool=-1.393e-02, WENO=0.277 (x=0.277, y=0.277), ReL2D=120.14, eps_nu=9.443e-03, P_hv=1.892e-04, rho_mean=1.000000, p_mean=0.742143, div_rms=1.368e+00, vort_rms=2.144e+00, mass_err=-1.429e-10
step= 61600, t=39.083606, dt=6.343e-04, KE=1.685083e-01, Mt=0.6002, A_K=0.033, Cuv=0.199, P_in=1.419e-02, P_tgt=1.417e-02, A_F=0.095, K_low=0.125, P_drag=-4.060e-03, P_cool=-1.379e-02, WENO=0.269 (x=0.269, y=0.269), ReL2D=119.64, eps_nu=9.295e-03, P_hv=1.831e-04, rho_mean=1.000000, p_mean=0.741863, div_rms=1.357e+00, vort_rms=2.128e+00, mass_err=-1.434e-10
step= 61800, t=39.208195, dt=6.127e-04, KE=1.691273e-01, Mt=0.5997, A_K=0.034, Cuv=0.206, P_in=1.431e-02, P_tgt=1.417e-02, A_F=0.058, K_low=0.129, P_drag=-4.188e-03, P_cool=-1.359e-02, WENO=0.256 (x=0.256, y=0.256), ReL2D=119.14, eps_nu=9.158e-03, P_hv=1.845e-04, rho_mean=1.000000, p_mean=0.741472, div_rms=1.353e+00, vort_rms=2.107e+00, mass_err=-1.438e-10
step= 62000, t=39.331286, dt=6.234e-04, KE=1.694960e-01, Mt=0.5998, A_K=0.035, Cuv=0.207, P_in=1.439e-02, P_tgt=1.419e-02, A_F=0.055, K_low=0.135, P_drag=-4.344e-03, P_cool=-1.345e-02, WENO=0.252 (x=0.252, y=0.252), ReL2D=120.58, eps_nu=8.961e-03, P_hv=1.814e-04, rho_mean=1.000000, p_mean=0.741183, div_rms=1.330e+00, vort_rms=2.092e+00, mass_err=-1.443e-10
step= 62200, t=39.457275, dt=6.322e-04, KE=1.694849e-01, Mt=0.6002, A_K=0.036, Cuv=0.210, P_in=1.433e-02, P_tgt=1.419e-02, A_F=0.025, K_low=0.144, P_drag=-4.548e-03, P_cool=-1.337e-02, WENO=0.265 (x=0.265, y=0.265), ReL2D=124.10, eps_nu=8.640e-03, P_hv=1.650e-04, rho_mean=1.000000, p_mean=0.741028, div_rms=1.278e+00, vort_rms=2.077e+00, mass_err=-1.448e-10
step= 62400, t=39.582888, dt=6.238e-04, KE=1.691968e-01, Mt=0.6017, A_K=0.041, Cuv=0.218, P_in=1.400e-02, P_tgt=1.415e-02, A_F=0.101, K_low=0.155, P_drag=-4.800e-03, P_cool=-1.333e-02, WENO=0.273 (x=0.273, y=0.273), ReL2D=127.73, eps_nu=8.416e-03, P_hv=1.558e-04, rho_mean=1.000000, p_mean=0.740953, div_rms=1.239e+00, vort_rms=2.068e+00, mass_err=-1.452e-10
step= 62600, t=39.707016, dt=6.201e-04, KE=1.685112e-01, Mt=0.6032, A_K=0.050, Cuv=0.230, P_in=1.418e-02, P_tgt=1.404e-02, A_F=0.054, K_low=0.167, P_drag=-5.082e-03, P_cool=-1.336e-02, WENO=0.270 (x=0.270, y=0.270), ReL2D=130.48, eps_nu=8.250e-03, P_hv=1.596e-04, rho_mean=1.000000, p_mean=0.741003, div_rms=1.208e+00, vort_rms=2.062e+00, mass_err=-1.457e-10
step= 62800, t=39.831482, dt=6.238e-04, KE=1.680755e-01, Mt=0.6046, A_K=0.056, Cuv=0.247, P_in=1.388e-02, P_tgt=1.385e-02, A_F=0.132, K_low=0.178, P_drag=-5.368e-03, P_cool=-1.332e-02, WENO=0.270 (x=0.270, y=0.270), ReL2D=131.75, eps_nu=8.195e-03, P_hv=1.653e-04, rho_mean=1.000000, p_mean=0.740916, div_rms=1.199e+00, vort_rms=2.059e+00, mass_err=-1.462e-10
step= 63000, t=39.955628, dt=6.111e-04, KE=1.680696e-01, Mt=0.6047, A_K=0.045, Cuv=0.254, P_in=1.377e-02, P_tgt=1.363e-02, A_F=0.001, K_low=0.186, P_drag=-5.645e-03, P_cool=-1.318e-02, WENO=0.275 (x=0.275, y=0.275), ReL2D=131.46, eps_nu=8.240e-03, P_hv=1.653e-04, rho_mean=1.000000, p_mean=0.740649, div_rms=1.211e+00, vort_rms=2.058e+00, mass_err=-1.466e-10
saved snapshot: results/hit2d/final_thesis_Mach_ReL130_N512/preflight_N256/Mt060_N256_mu0p001330976/hit2d_step0063000.npz
step= 63200, t=40.076128, dt=5.980e-04, KE=1.679759e-01, Mt=0.6035, A_K=0.036, Cuv=0.267, P_in=1.352e-02, P_tgt=1.345e-02, A_F=0.438, K_low=0.191, P_drag=-5.843e-03, P_cool=-1.306e-02, WENO=0.284 (x=0.284, y=0.284), ReL2D=131.55, eps_nu=8.226e-03, P_hv=1.658e-04, rho_mean=1.000000, p_mean=0.740411, div_rms=1.217e+00, vort_rms=2.050e+00, mass_err=-1.471e-10
step= 63400, t=40.196549, dt=6.081e-04, KE=1.677140e-01, Mt=0.6019, A_K=0.024, Cuv=0.274, P_in=1.319e-02, P_tgt=1.333e-02, A_F=0.313, K_low=0.194, P_drag=-6.002e-03, P_cool=-1.297e-02, WENO=0.288 (x=0.288, y=0.288), ReL2D=132.65, eps_nu=8.143e-03, P_hv=1.606e-04, rho_mean=1.000000, p_mean=0.740233, div_rms=1.208e+00, vort_rms=2.043e+00, mass_err=-1.476e-10
step= 63600, t=40.319610, dt=6.248e-04, KE=1.670628e-01, Mt=0.6002, A_K=0.011, Cuv=0.281, P_in=1.322e-02, P_tgt=1.328e-02, A_F=0.253, K_low=0.198, P_drag=-6.135e-03, P_cool=-1.296e-02, WENO=0.268 (x=0.268, y=0.268), ReL2D=133.90, eps_nu=8.017e-03, P_hv=1.597e-04, rho_mean=1.000000, p_mean=0.740202, div_rms=1.185e+00, vort_rms=2.038e+00, mass_err=-1.480e-10
step= 63800, t=40.446703, dt=6.454e-04, KE=1.659331e-01, Mt=0.5973, A_K=0.000, Cuv=0.288, P_in=1.336e-02, P_tgt=1.333e-02, A_F=0.063, K_low=0.200, P_drag=-6.236e-03, P_cool=-1.303e-02, WENO=0.260 (x=0.260, y=0.260), ReL2D=135.01, eps_nu=7.898e-03, P_hv=1.619e-04, rho_mean=1.000000, p_mean=0.740356, div_rms=1.157e+00, vort_rms=2.037e+00, mass_err=-1.485e-10
step= 64000, t=40.575886, dt=6.465e-04, KE=1.646562e-01, Mt=0.5940, A_K=0.010, Cuv=0.293, P_in=1.360e-02, P_tgt=1.353e-02, A_F=0.153, K_low=0.204, P_drag=-6.334e-03, P_cool=-1.314e-02, WENO=0.262 (x=0.262, y=0.262), ReL2D=135.61, eps_nu=7.775e-03, P_hv=1.621e-04, rho_mean=1.000000, p_mean=0.740568, div_rms=1.134e+00, vort_rms=2.032e+00, mass_err=-1.490e-10
step= 64200, t=40.704955, dt=6.434e-04, KE=1.636824e-01, Mt=0.5916, A_K=0.019, Cuv=0.297, P_in=1.387e-02, P_tgt=1.387e-02, A_F=0.088, K_low=0.208, P_drag=-6.445e-03, P_cool=-1.319e-02, WENO=0.270 (x=0.270, y=0.270), ReL2D=135.16, eps_nu=7.734e-03, P_hv=1.577e-04, rho_mean=1.000000, p_mean=0.740669, div_rms=1.134e+00, vort_rms=2.024e+00, mass_err=-1.494e-10
step= 64400, t=40.833936, dt=6.486e-04, KE=1.631051e-01, Mt=0.5904, A_K=0.027, Cuv=0.305, P_in=1.432e-02, P_tgt=1.431e-02, A_F=0.143, K_low=0.214, P_drag=-6.580e-03, P_cool=-1.317e-02, WENO=0.275 (x=0.275, y=0.275), ReL2D=135.07, eps_nu=7.638e-03, P_hv=1.578e-04, rho_mean=1.000000, p_mean=0.740618, div_rms=1.122e+00, vort_rms=2.015e+00, mass_err=-1.499e-10
step= 64600, t=40.963865, dt=6.435e-04, KE=1.635875e-01, Mt=0.5916, A_K=0.026, Cuv=0.316, P_in=1.487e-02, P_tgt=1.477e-02, A_F=0.151, K_low=0.220, P_drag=-6.755e-03, P_cool=-1.293e-02, WENO=0.284 (x=0.284, y=0.284), ReL2D=135.63, eps_nu=7.560e-03, P_hv=1.557e-04, rho_mean=1.000000, p_mean=0.740149, div_rms=1.115e+00, vort_rms=2.006e+00, mass_err=-1.503e-10
step= 64800, t=41.093032, dt=6.527e-04, KE=1.649424e-01, Mt=0.5947, A_K=0.014, Cuv=0.327, P_in=1.517e-02, P_tgt=1.511e-02, A_F=0.060, K_low=0.226, P_drag=-6.965e-03, P_cool=-1.253e-02, WENO=0.276 (x=0.276, y=0.276), ReL2D=136.36, eps_nu=7.539e-03, P_hv=1.603e-04, rho_mean=1.000000, p_mean=0.739344, div_rms=1.122e+00, vort_rms=1.996e+00, mass_err=-1.508e-10
step= 65000, t=41.224598, dt=6.603e-04, KE=1.663070e-01, Mt=0.5968, A_K=0.004, Cuv=0.335, P_in=1.524e-02, P_tgt=1.533e-02, A_F=0.091, K_low=0.231, P_drag=-7.199e-03, P_cool=-1.213e-02, WENO=0.273 (x=0.273, y=0.273), ReL2D=138.36, eps_nu=7.465e-03, P_hv=1.479e-04, rho_mean=1.000000, p_mean=0.738552, div_rms=1.117e+00, vort_rms=1.986e+00, mass_err=-1.513e-10
saved snapshot: results/hit2d/final_thesis_Mach_ReL130_N512/preflight_N256/Mt060_N256_mu0p001330976/hit2d_step0065100.npz
step= 65200, t=41.356138, dt=6.510e-04, KE=1.676419e-01, Mt=0.5972, A_K=0.017, Cuv=0.337, P_in=1.523e-02, P_tgt=1.547e-02, A_F=0.135, K_low=0.233, P_drag=-7.410e-03, P_cool=-1.176e-02, WENO=0.273 (x=0.273, y=0.273), ReL2D=139.60, eps_nu=7.444e-03, P_hv=1.344e-04, rho_mean=1.000000, p_mean=0.737797, div_rms=1.119e+00, vort_rms=1.980e+00, mass_err=-1.517e-10
step= 65400, t=41.483638, dt=6.266e-04, KE=1.685831e-01, Mt=0.5962, A_K=0.016, Cuv=0.337, P_in=1.567e-02, P_tgt=1.564e-02, A_F=0.046, K_low=0.234, P_drag=-7.587e-03, P_cool=-1.148e-02, WENO=0.265 (x=0.265, y=0.265), ReL2D=138.92, eps_nu=7.444e-03, P_hv=1.384e-04, rho_mean=1.000000, p_mean=0.737237, div_rms=1.131e+00, vort_rms=1.971e+00, mass_err=-1.522e-10
step= 65600, t=41.606762, dt=6.068e-04, KE=1.688523e-01, Mt=0.5941, A_K=0.014, Cuv=0.333, P_in=1.582e-02, P_tgt=1.589e-02, A_F=0.036, K_low=0.235, P_drag=-7.735e-03, P_cool=-1.134e-02, WENO=0.274 (x=0.274, y=0.274), ReL2D=137.71, eps_nu=7.453e-03, P_hv=1.361e-04, rho_mean=1.000000, p_mean=0.736975, div_rms=1.139e+00, vort_rms=1.967e+00, mass_err=-1.527e-10
step= 65800, t=41.727783, dt=6.044e-04, KE=1.681910e-01, Mt=0.5914, A_K=0.011, Cuv=0.322, P_in=1.633e-02, P_tgt=1.629e-02, A_F=0.015, K_low=0.237, P_drag=-7.858e-03, P_cool=-1.141e-02, WENO=0.266 (x=0.266, y=0.266), ReL2D=137.01, eps_nu=7.380e-03, P_hv=1.322e-04, rho_mean=1.000000, p_mean=0.737098, div_rms=1.123e+00, vort_rms=1.966e+00, mass_err=-1.532e-10
step= 66000, t=41.849972, dt=6.195e-04, KE=1.671956e-01, Mt=0.5895, A_K=0.006, Cuv=0.305, P_in=1.687e-02, P_tgt=1.683e-02, A_F=0.256, K_low=0.241, P_drag=-7.967e-03, P_cool=-1.154e-02, WENO=0.251 (x=0.251, y=0.251), ReL2D=135.33, eps_nu=7.425e-03, P_hv=1.425e-04, rho_mean=1.000000, p_mean=0.737357, div_rms=1.135e+00, vort_rms=1.965e+00, mass_err=-1.536e-10
step= 66200, t=41.974543, dt=6.238e-04, KE=1.661595e-01, Mt=0.5883, A_K=0.003, Cuv=0.285, P_in=1.747e-02, P_tgt=1.748e-02, A_F=0.145, K_low=0.246, P_drag=-8.055e-03, P_cool=-1.168e-02, WENO=0.244 (x=0.244, y=0.244), ReL2D=136.03, eps_nu=7.351e-03, P_hv=1.522e-04, rho_mean=1.000000, p_mean=0.737643, div_rms=1.127e+00, vort_rms=1.957e+00, mass_err=-1.541e-10
step= 66400, t=42.099830, dt=6.313e-04, KE=1.651729e-01, Mt=0.5876, A_K=0.009, Cuv=0.267, P_in=1.826e-02, P_tgt=1.823e-02, A_F=0.164, K_low=0.252, P_drag=-8.130e-03, P_cool=-1.182e-02, WENO=0.251 (x=0.251, y=0.251), ReL2D=136.40, eps_nu=7.291e-03, P_hv=1.529e-04, rho_mean=1.000000, p_mean=0.737929, div_rms=1.127e+00, vort_rms=1.945e+00, mass_err=-1.546e-10
step= 66600, t=42.227431, dt=6.430e-04, KE=1.646107e-01, Mt=0.5879, A_K=0.018, Cuv=0.244, P_in=1.900e-02, P_tgt=1.902e-02, A_F=0.012, K_low=0.258, P_drag=-8.204e-03, P_cool=-1.189e-02, WENO=0.262 (x=0.262, y=0.262), ReL2D=137.40, eps_nu=7.256e-03, P_hv=1.436e-04, rho_mean=1.000000, p_mean=0.738073, div_rms=1.126e+00, vort_rms=1.940e+00, mass_err=-1.550e-10
step= 66800, t=42.356738, dt=6.503e-04, KE=1.647028e-01, Mt=0.5893, A_K=0.025, Cuv=0.218, P_in=1.970e-02, P_tgt=1.978e-02, A_F=0.026, K_low=0.264, P_drag=-8.292e-03, P_cool=-1.185e-02, WENO=0.247 (x=0.247, y=0.247), ReL2D=136.51, eps_nu=7.337e-03, P_hv=1.397e-04, rho_mean=1.000000, p_mean=0.737995, div_rms=1.140e+00, vort_rms=1.945e+00, mass_err=-1.555e-10
step= 67000, t=42.487881, dt=6.561e-04, KE=1.649112e-01, Mt=0.5913, A_K=0.017, Cuv=0.190, P_in=2.033e-02, P_tgt=2.044e-02, A_F=0.176, K_low=0.269, P_drag=-8.396e-03, P_cool=-1.181e-02, WENO=0.239 (x=0.239, y=0.239), ReL2D=136.82, eps_nu=7.442e-03, P_hv=1.359e-04, rho_mean=1.000000, p_mean=0.737911, div_rms=1.141e+00, vort_rms=1.963e+00, mass_err=-1.560e-10
step= 67200, t=42.619597, dt=6.618e-04, KE=1.648064e-01, Mt=0.5930, A_K=0.001, Cuv=0.165, P_in=2.123e-02, P_tgt=2.099e-02, A_F=0.285, K_low=0.275, P_drag=-8.511e-03, P_cool=-1.185e-02, WENO=0.246 (x=0.246, y=0.246), ReL2D=139.07, eps_nu=7.529e-03, P_hv=1.364e-04, rho_mean=1.000000, p_mean=0.737976, div_rms=1.131e+00, vort_rms=1.988e+00, mass_err=-1.564e-10
saved snapshot: results/hit2d/final_thesis_Mach_ReL130_N512/preflight_N256/Mt060_N256_mu0p001330976/hit2d_step0067200.npz
step= 67400, t=42.751386, dt=6.509e-04, KE=1.650601e-01, Mt=0.5943, A_K=0.014, Cuv=0.142, P_in=2.151e-02, P_tgt=2.144e-02, A_F=0.096, K_low=0.280, P_drag=-8.645e-03, P_cool=-1.182e-02, WENO=0.245 (x=0.245, y=0.245), ReL2D=140.03, eps_nu=7.673e-03, P_hv=1.323e-04, rho_mean=1.000000, p_mean=0.737920, div_rms=1.132e+00, vort_rms=2.014e+00, mass_err=-1.569e-10
step= 67600, t=42.880272, dt=6.385e-04, KE=1.656717e-01, Mt=0.5944, A_K=0.028, Cuv=0.126, P_in=2.190e-02, P_tgt=2.185e-02, A_F=0.065, K_low=0.284, P_drag=-8.768e-03, P_cool=-1.173e-02, WENO=0.258 (x=0.258, y=0.258), ReL2D=138.98, eps_nu=7.853e-03, P_hv=1.434e-04, rho_mean=1.000000, p_mean=0.737747, div_rms=1.140e+00, vort_rms=2.041e+00, mass_err=-1.574e-10
step= 67800, t=43.007496, dt=6.344e-04, KE=1.661535e-01, Mt=0.5933, A_K=0.027, Cuv=0.121, P_in=2.229e-02, P_tgt=2.230e-02, A_F=0.251, K_low=0.285, P_drag=-8.874e-03, P_cool=-1.168e-02, WENO=0.243 (x=0.243, y=0.243), ReL2D=136.91, eps_nu=7.990e-03, P_hv=1.513e-04, rho_mean=1.000000, p_mean=0.737651, div_rms=1.156e+00, vort_rms=2.054e+00, mass_err=-1.578e-10
step= 68000, t=43.134087, dt=6.312e-04, KE=1.664512e-01, Mt=0.5921, A_K=0.017, Cuv=0.122, P_in=2.294e-02, P_tgt=2.286e-02, A_F=0.243, K_low=0.286, P_drag=-8.978e-03, P_cool=-1.168e-02, WENO=0.257 (x=0.257, y=0.257), ReL2D=134.59, eps_nu=8.098e-03, P_hv=1.464e-04, rho_mean=1.000000, p_mean=0.737641, div_rms=1.168e+00, vort_rms=2.065e+00, mass_err=-1.583e-10
step= 68200, t=43.259763, dt=6.252e-04, KE=1.671797e-01, Mt=0.5921, A_K=0.005, Cuv=0.125, P_in=2.358e-02, P_tgt=2.350e-02, A_F=0.107, K_low=0.286, P_drag=-9.088e-03, P_cool=-1.159e-02, WENO=0.264 (x=0.264, y=0.264), ReL2D=133.68, eps_nu=8.151e-03, P_hv=1.570e-04, rho_mean=1.000000, p_mean=0.737474, div_rms=1.163e+00, vort_rms=2.079e+00, mass_err=-1.588e-10
step= 68400, t=43.384014, dt=6.155e-04, KE=1.681446e-01, Mt=0.5933, A_K=0.013, Cuv=0.123, P_in=2.407e-02, P_tgt=2.410e-02, A_F=0.076, K_low=0.286, P_drag=-9.225e-03, P_cool=-1.148e-02, WENO=0.260 (x=0.260, y=0.260), ReL2D=134.81, eps_nu=8.117e-03, P_hv=1.583e-04, rho_mean=1.000000, p_mean=0.737239, div_rms=1.138e+00, vort_rms=2.091e+00, mass_err=-1.592e-10
step= 68600, t=43.506170, dt=6.072e-04, KE=1.690703e-01, Mt=0.5951, A_K=0.030, Cuv=0.115, P_in=2.477e-02, P_tgt=2.457e-02, A_F=0.006, K_low=0.288, P_drag=-9.386e-03, P_cool=-1.138e-02, WENO=0.247 (x=0.247, y=0.247), ReL2D=136.31, eps_nu=8.083e-03, P_hv=1.630e-04, rho_mean=1.000000, p_mean=0.737041, div_rms=1.117e+00, vort_rms=2.100e+00, mass_err=-1.597e-10
step= 68800, t=43.627196, dt=6.044e-04, KE=1.699449e-01, Mt=0.5966, A_K=0.044, Cuv=0.099, P_in=2.477e-02, P_tgt=2.492e-02, A_F=0.168, K_low=0.291, P_drag=-9.550e-03, P_cool=-1.130e-02, WENO=0.250 (x=0.250, y=0.250), ReL2D=137.49, eps_nu=8.011e-03, P_hv=1.627e-04, rho_mean=1.000000, p_mean=0.736880, div_rms=1.096e+00, vort_rms=2.102e+00, mass_err=-1.602e-10
step= 69000, t=43.747814, dt=6.054e-04, KE=1.710293e-01, Mt=0.5982, A_K=0.052, Cuv=0.079, P_in=2.507e-02, P_tgt=2.514e-02, A_F=0.102, K_low=0.294, P_drag=-9.709e-03, P_cool=-1.118e-02, WENO=0.238 (x=0.238, y=0.238), ReL2D=137.84, eps_nu=8.017e-03, P_hv=1.587e-04, rho_mean=1.000000, p_mean=0.736644, div_rms=1.089e+00, vort_rms=2.108e+00, mass_err=-1.606e-10
step= 69200, t=43.869394, dt=6.103e-04, KE=1.722786e-01, Mt=0.6001, A_K=0.060, Cuv=0.061, P_in=2.501e-02, P_tgt=2.521e-02, A_F=0.042, K_low=0.297, P_drag=-9.832e-03, P_cool=-1.103e-02, WENO=0.247 (x=0.247, y=0.247), ReL2D=136.69, eps_nu=8.117e-03, P_hv=1.618e-04, rho_mean=1.000000, p_mean=0.736350, div_rms=1.097e+00, vort_rms=2.120e+00, mass_err=-1.611e-10
saved snapshot: results/hit2d/final_thesis_Mach_ReL130_N512/preflight_N256/Mt060_N256_mu0p001330976/hit2d_step0069300.npz
step= 69400, t=43.991250, dt=6.105e-04, KE=1.732345e-01, Mt=0.6015, A_K=0.069, Cuv=0.041, P_in=2.534e-02, P_tgt=2.514e-02, A_F=0.162, K_low=0.298, P_drag=-9.889e-03, P_cool=-1.095e-02, WENO=0.229 (x=0.229, y=0.229), ReL2D=134.14, eps_nu=8.335e-03, P_hv=1.684e-04, rho_mean=1.000000, p_mean=0.736177, div_rms=1.132e+00, vort_rms=2.134e+00, mass_err=-1.616e-10
step= 69600, t=44.114490, dt=6.222e-04, KE=1.738046e-01, Mt=0.6024, A_K=0.086, Cuv=0.017, P_in=2.524e-02, P_tgt=2.497e-02, A_F=0.104, K_low=0.296, P_drag=-9.857e-03, P_cool=-1.094e-02, WENO=0.223 (x=0.223, y=0.223), ReL2D=133.27, eps_nu=8.432e-03, P_hv=1.721e-04, rho_mean=1.000000, p_mean=0.736159, div_rms=1.130e+00, vort_rms=2.152e+00, mass_err=-1.620e-10
step= 69800, t=44.240778, dt=6.324e-04, KE=1.739762e-01, Mt=0.6017, A_K=0.095, Cuv=-0.011, P_in=2.457e-02, P_tgt=2.479e-02, A_F=0.053, K_low=0.290, P_drag=-9.723e-03, P_cool=-1.101e-02, WENO=0.237 (x=0.237, y=0.237), ReL2D=132.70, eps_nu=8.491e-03, P_hv=1.646e-04, rho_mean=1.000000, p_mean=0.736307, div_rms=1.111e+00, vort_rms=2.176e+00, mass_err=-1.625e-10
step= 70000, t=44.369041, dt=6.428e-04, KE=1.737722e-01, Mt=0.6007, A_K=0.100, Cuv=-0.030, P_in=2.485e-02, P_tgt=2.470e-02, A_F=0.159, K_low=0.281, P_drag=-9.461e-03, P_cool=-1.116e-02, WENO=0.237 (x=0.237, y=0.237), ReL2D=132.88, eps_nu=8.508e-03, P_hv=1.605e-04, rho_mean=1.000000, p_mean=0.736603, div_rms=1.095e+00, vort_rms=2.190e+00, mass_err=-1.630e-10
step= 70200, t=44.497521, dt=6.430e-04, KE=1.736435e-01, Mt=0.6004, A_K=0.105, Cuv=-0.044, P_in=2.447e-02, P_tgt=2.465e-02, A_F=0.049, K_low=0.269, P_drag=-9.146e-03, P_cool=-1.129e-02, WENO=0.235 (x=0.235, y=0.235), ReL2D=132.84, eps_nu=8.578e-03, P_hv=1.709e-04, rho_mean=1.000000, p_mean=0.736873, div_rms=1.097e+00, vort_rms=2.200e+00, mass_err=-1.635e-10
step= 70400, t=44.626657, dt=6.462e-04, KE=1.735693e-01, Mt=0.6000, A_K=0.107, Cuv=-0.055, P_in=2.469e-02, P_tgt=2.464e-02, A_F=0.016, K_low=0.256, P_drag=-8.810e-03, P_cool=-1.142e-02, WENO=0.235 (x=0.235, y=0.235), ReL2D=132.17, eps_nu=8.605e-03, P_hv=1.740e-04, rho_mean=1.000000, p_mean=0.737131, div_rms=1.099e+00, vort_rms=2.203e+00, mass_err=-1.639e-10
step= 70600, t=44.755447, dt=6.415e-04, KE=1.737054e-01, Mt=0.5993, A_K=0.110, Cuv=-0.071, P_in=2.450e-02, P_tgt=2.467e-02, A_F=0.095, K_low=0.243, P_drag=-8.481e-03, P_cool=-1.152e-02, WENO=0.250 (x=0.250, y=0.250), ReL2D=131.30, eps_nu=8.635e-03, P_hv=1.763e-04, rho_mean=1.000000, p_mean=0.737317, div_rms=1.111e+00, vort_rms=2.200e+00, mass_err=-1.644e-10
step= 70800, t=44.883859, dt=6.391e-04, KE=1.740167e-01, Mt=0.5983, A_K=0.108, Cuv=-0.082, P_in=2.462e-02, P_tgt=2.477e-02, A_F=0.161, K_low=0.233, P_drag=-8.215e-03, P_cool=-1.158e-02, WENO=0.256 (x=0.256, y=0.256), ReL2D=131.75, eps_nu=8.594e-03, P_hv=1.689e-04, rho_mean=1.000000, p_mean=0.737452, div_rms=1.106e+00, vort_rms=2.196e+00, mass_err=-1.649e-10
step= 71000, t=45.010707, dt=6.325e-04, KE=1.747208e-01, Mt=0.5974, A_K=0.104, Cuv=-0.077, P_in=2.510e-02, P_tgt=2.495e-02, A_F=0.168, K_low=0.226, P_drag=-8.057e-03, P_cool=-1.158e-02, WENO=0.266 (x=0.266, y=0.266), ReL2D=131.82, eps_nu=8.646e-03, P_hv=1.766e-04, rho_mean=1.000000, p_mean=0.737444, div_rms=1.112e+00, vort_rms=2.202e+00, mass_err=-1.653e-10
step= 71200, t=45.137852, dt=6.393e-04, KE=1.754551e-01, Mt=0.5972, A_K=0.103, Cuv=-0.056, P_in=2.521e-02, P_tgt=2.519e-02, A_F=0.084, K_low=0.225, P_drag=-8.027e-03, P_cool=-1.158e-02, WENO=0.267 (x=0.267, y=0.267), ReL2D=131.91, eps_nu=8.696e-03, P_hv=1.721e-04, rho_mean=1.000000, p_mean=0.737439, div_rms=1.114e+00, vort_rms=2.209e+00, mass_err=-1.658e-10
step= 71400, t=45.266005, dt=6.470e-04, KE=1.761720e-01, Mt=0.5987, A_K=0.116, Cuv=-0.028, P_in=2.527e-02, P_tgt=2.537e-02, A_F=0.257, K_low=0.229, P_drag=-8.130e-03, P_cool=-1.158e-02, WENO=0.256 (x=0.256, y=0.256), ReL2D=131.27, eps_nu=8.813e-03, P_hv=1.856e-04, rho_mean=1.000000, p_mean=0.737446, div_rms=1.143e+00, vort_rms=2.209e+00, mass_err=-1.663e-10
saved snapshot: results/hit2d/final_thesis_Mach_ReL130_N512/preflight_N256/Mt060_N256_mu0p001330976/hit2d_step0071400.npz
step= 71600, t=45.395298, dt=6.390e-04, KE=1.769154e-01, Mt=0.6015, A_K=0.138, Cuv=0.003, P_in=2.536e-02, P_tgt=2.538e-02, A_F=0.079, K_low=0.238, P_drag=-8.328e-03, P_cool=-1.157e-02, WENO=0.268 (x=0.268, y=0.268), ReL2D=133.13, eps_nu=8.782e-03, P_hv=1.959e-04, rho_mean=1.000000, p_mean=0.737432, div_rms=1.133e+00, vort_rms=2.210e+00, mass_err=-1.667e-10
step= 71800, t=45.519429, dt=6.084e-04, KE=1.778442e-01, Mt=0.6047, A_K=0.160, Cuv=0.031, P_in=2.523e-02, P_tgt=2.512e-02, A_F=0.041, K_low=0.246, P_drag=-8.554e-03, P_cool=-1.151e-02, WENO=0.262 (x=0.262, y=0.262), ReL2D=134.42, eps_nu=8.732e-03, P_hv=2.003e-04, rho_mean=1.000000, p_mean=0.737315, div_rms=1.123e+00, vort_rms=2.209e+00, mass_err=-1.672e-10
step= 72000, t=45.642600, dt=6.268e-04, KE=1.785198e-01, Mt=0.6071, A_K=0.177, Cuv=0.045, P_in=2.460e-02, P_tgt=2.463e-02, A_F=0.053, K_low=0.253, P_drag=-8.772e-03, P_cool=-1.149e-02, WENO=0.257 (x=0.257, y=0.257), ReL2D=134.99, eps_nu=8.642e-03, P_hv=1.900e-04, rho_mean=1.000000, p_mean=0.737270, div_rms=1.102e+00, vort_rms=2.208e+00, mass_err=-1.677e-10
step= 72200, t=45.770745, dt=6.516e-04, KE=1.791621e-01, Mt=0.6084, A_K=0.177, Cuv=0.045, P_in=2.391e-02, P_tgt=2.401e-02, A_F=0.147, K_low=0.258, P_drag=-8.951e-03, P_cool=-1.147e-02, WENO=0.265 (x=0.265, y=0.265), ReL2D=134.85, eps_nu=8.622e-03, P_hv=1.723e-04, rho_mean=1.000000, p_mean=0.737221, div_rms=1.095e+00, vort_rms=2.209e+00, mass_err=-1.681e-10
step= 72400, t=45.896206, dt=6.081e-04, KE=1.797704e-01, Mt=0.6091, A_K=0.154, Cuv=0.046, P_in=2.336e-02, P_tgt=2.333e-02, A_F=0.011, K_low=0.260, P_drag=-9.033e-03, P_cool=-1.144e-02, WENO=0.268 (x=0.268, y=0.268), ReL2D=134.67, eps_nu=8.750e-03, P_hv=1.697e-04, rho_mean=1.000000, p_mean=0.737156, div_rms=1.124e+00, vort_rms=2.211e+00, mass_err=-1.686e-10
step= 72600, t=46.017270, dt=6.078e-04, KE=1.792262e-01, Mt=0.6078, A_K=0.125, Cuv=0.052, P_in=2.294e-02, P_tgt=2.268e-02, A_F=0.153, K_low=0.260, P_drag=-9.020e-03, P_cool=-1.161e-02, WENO=0.277 (x=0.277, y=0.277), ReL2D=136.71, eps_nu=8.663e-03, P_hv=1.707e-04, rho_mean=1.000000, p_mean=0.737515, div_rms=1.114e+00, vort_rms=2.203e+00, mass_err=-1.691e-10
step= 72800, t=46.140995, dt=6.295e-04, KE=1.779363e-01, Mt=0.6050, A_K=0.104, Cuv=0.063, P_in=2.244e-02, P_tgt=2.220e-02, A_F=0.117, K_low=0.260, P_drag=-8.962e-03, P_cool=-1.193e-02, WENO=0.290 (x=0.290, y=0.290), ReL2D=136.83, eps_nu=8.609e-03, P_hv=1.570e-04, rho_mean=1.000000, p_mean=0.738141, div_rms=1.121e+00, vort_rms=2.189e+00, mass_err=-1.695e-10
step= 73000, t=46.268173, dt=6.397e-04, KE=1.763952e-01, Mt=0.6018, A_K=0.093, Cuv=0.070, P_in=2.203e-02, P_tgt=2.195e-02, A_F=0.030, K_low=0.260, P_drag=-8.869e-03, P_cool=-1.227e-02, WENO=0.296 (x=0.296, y=0.296), ReL2D=135.34, eps_nu=8.585e-03, P_hv=1.472e-04, rho_mean=1.000000, p_mean=0.738835, div_rms=1.124e+00, vort_rms=2.183e+00, mass_err=-1.700e-10
step= 73200, t=46.395928, dt=6.327e-04, KE=1.755926e-01, Mt=0.5998, A_K=0.075, Cuv=0.078, P_in=2.218e-02, P_tgt=2.190e-02, A_F=0.145, K_low=0.257, P_drag=-8.743e-03, P_cool=-1.246e-02, WENO=0.292 (x=0.292, y=0.292), ReL2D=131.55, eps_nu=8.786e-03, P_hv=1.553e-04, rho_mean=1.000000, p_mean=0.739212, div_rms=1.171e+00, vort_rms=2.185e+00, mass_err=-1.705e-10
step= 73400, t=46.522946, dt=6.400e-04, KE=1.753185e-01, Mt=0.5992, A_K=0.056, Cuv=0.085, P_in=2.147e-02, P_tgt=2.195e-02, A_F=0.148, K_low=0.253, P_drag=-8.586e-03, P_cool=-1.254e-02, WENO=0.297 (x=0.297, y=0.297), ReL2D=129.43, eps_nu=8.886e-03, P_hv=1.505e-04, rho_mean=1.000000, p_mean=0.739366, div_rms=1.187e+00, vort_rms=2.191e+00, mass_err=-1.709e-10
saved snapshot: results/hit2d/final_thesis_Mach_ReL130_N512/preflight_N256/Mt060_N256_mu0p001330976/hit2d_step0073500.npz
step= 73600, t=46.653144, dt=6.557e-04, KE=1.764496e-01, Mt=0.6020, A_K=0.039, Cuv=0.089, P_in=2.206e-02, P_tgt=2.193e-02, A_F=0.166, K_low=0.246, P_drag=-8.411e-03, P_cool=-1.233e-02, WENO=0.293 (x=0.293, y=0.293), ReL2D=126.80, eps_nu=9.146e-03, P_hv=1.529e-04, rho_mean=1.000000, p_mean=0.738955, div_rms=1.228e+00, vort_rms=2.205e+00, mass_err=-1.714e-10
step= 73800, t=46.783507, dt=6.448e-04, KE=1.782868e-01, Mt=0.6061, A_K=0.018, Cuv=0.091, P_in=2.158e-02, P_tgt=2.164e-02, A_F=0.029, K_low=0.239, P_drag=-8.255e-03, P_cool=-1.199e-02, WENO=0.292 (x=0.292, y=0.292), ReL2D=125.90, eps_nu=9.408e-03, P_hv=1.635e-04, rho_mean=1.000000, p_mean=0.738268, div_rms=1.260e+00, vort_rms=2.226e+00, mass_err=-1.719e-10
step= 74000, t=46.910589, dt=6.285e-04, KE=1.800072e-01, Mt=0.6092, A_K=0.002, Cuv=0.090, P_in=2.103e-02, P_tgt=2.110e-02, A_F=0.181, K_low=0.232, P_drag=-8.104e-03, P_cool=-1.168e-02, WENO=0.292 (x=0.292, y=0.292), ReL2D=126.18, eps_nu=9.509e-03, P_hv=1.631e-04, rho_mean=1.000000, p_mean=0.737636, div_rms=1.272e+00, vort_rms=2.233e+00, mass_err=-1.723e-10
step= 74200, t=47.035317, dt=6.230e-04, KE=1.807638e-01, Mt=0.6099, A_K=0.016, Cuv=0.085, P_in=2.039e-02, P_tgt=2.044e-02, A_F=0.036, K_low=0.226, P_drag=-7.965e-03, P_cool=-1.155e-02, WENO=0.291 (x=0.291, y=0.291), ReL2D=127.36, eps_nu=9.488e-03, P_hv=1.756e-04, rho_mean=1.000000, p_mean=0.737391, div_rms=1.266e+00, vort_rms=2.234e+00, mass_err=-1.728e-10
step= 74400, t=47.159283, dt=6.164e-04, KE=1.800228e-01, Mt=0.6088, A_K=0.023, Cuv=0.065, P_in=1.972e-02, P_tgt=1.982e-02, A_F=0.139, K_low=0.223, P_drag=-7.859e-03, P_cool=-1.172e-02, WENO=0.289 (x=0.289, y=0.289), ReL2D=128.21, eps_nu=9.430e-03, P_hv=1.868e-04, rho_mean=1.000000, p_mean=0.737720, div_rms=1.250e+00, vort_rms=2.236e+00, mass_err=-1.733e-10
step= 74600, t=47.282508, dt=6.188e-04, KE=1.788951e-01, Mt=0.6077, A_K=0.024, Cuv=0.033, P_in=1.932e-02, P_tgt=1.930e-02, A_F=0.287, K_low=0.223, P_drag=-7.777e-03, P_cool=-1.194e-02, WENO=0.317 (x=0.317, y=0.317), ReL2D=128.93, eps_nu=9.325e-03, P_hv=1.856e-04, rho_mean=1.000000, p_mean=0.738165, div_rms=1.237e+00, vort_rms=2.228e+00, mass_err=-1.737e-10
step= 74800, t=47.406988, dt=6.252e-04, KE=1.787458e-01, Mt=0.6087, A_K=0.027, Cuv=-0.005, P_in=1.872e-02, P_tgt=1.880e-02, A_F=0.053, K_low=0.222, P_drag=-7.693e-03, P_cool=-1.195e-02, WENO=0.314 (x=0.314, y=0.314), ReL2D=127.71, eps_nu=9.382e-03, P_hv=1.862e-04, rho_mean=1.000000, p_mean=0.738189, div_rms=1.269e+00, vort_rms=2.214e+00, mass_err=-1.742e-10
step= 75000, t=47.532355, dt=6.302e-04, KE=1.786503e-01, Mt=0.6108, A_K=0.034, Cuv=-0.040, P_in=1.817e-02, P_tgt=1.821e-02, A_F=0.216, K_low=0.221, P_drag=-7.586e-03, P_cool=-1.194e-02, WENO=0.319 (x=0.319, y=0.319), ReL2D=127.92, eps_nu=9.372e-03, P_hv=1.812e-04, rho_mean=1.000000, p_mean=0.738169, div_rms=1.277e+00, vort_rms=2.206e+00, mass_err=-1.747e-10
step= 75200, t=47.659579, dt=6.414e-04, KE=1.776915e-01, Mt=0.6112, A_K=0.034, Cuv=-0.068, P_in=1.756e-02, P_tgt=1.756e-02, A_F=0.388, K_low=0.220, P_drag=-7.456e-03, P_cool=-1.209e-02, WENO=0.313 (x=0.313, y=0.313), ReL2D=127.79, eps_nu=9.342e-03, P_hv=1.745e-04, rho_mean=1.000000, p_mean=0.738466, div_rms=1.270e+00, vort_rms=2.206e+00, mass_err=-1.751e-10
step= 75400, t=47.788608, dt=6.479e-04, KE=1.762730e-01, Mt=0.6096, A_K=0.020, Cuv=-0.091, P_in=1.691e-02, P_tgt=1.697e-02, A_F=0.095, K_low=0.217, P_drag=-7.292e-03, P_cool=-1.231e-02, WENO=0.318 (x=0.318, y=0.318), ReL2D=127.28, eps_nu=9.300e-03, P_hv=1.754e-04, rho_mean=1.000000, p_mean=0.738913, div_rms=1.269e+00, vort_rms=2.200e+00, mass_err=-1.756e-10
step= 75600, t=47.918134, dt=6.470e-04, KE=1.752250e-01, Mt=0.6071, A_K=0.002, Cuv=-0.106, P_in=1.648e-02, P_tgt=1.651e-02, A_F=0.153, K_low=0.211, P_drag=-7.077e-03, P_cool=-1.245e-02, WENO=0.322 (x=0.322, y=0.322), ReL2D=125.56, eps_nu=9.307e-03, P_hv=1.823e-04, rho_mean=1.000000, p_mean=0.739185, div_rms=1.281e+00, vort_rms=2.192e+00, mass_err=-1.761e-10
saved snapshot: results/hit2d/final_thesis_Mach_ReL130_N512/preflight_N256/Mt060_N256_mu0p001330976/hit2d_step0075600.npz
step= 75800, t=48.047920, dt=6.510e-04, KE=1.744720e-01, Mt=0.6045, A_K=0.025, Cuv=-0.116, P_in=1.610e-02, P_tgt=1.620e-02, A_F=0.006, K_low=0.203, P_drag=-6.839e-03, P_cool=-1.252e-02, WENO=0.315 (x=0.315, y=0.315), ReL2D=123.79, eps_nu=9.397e-03, P_hv=1.808e-04, rho_mean=1.000000, p_mean=0.739327, div_rms=1.315e+00, vort_rms=2.181e+00, mass_err=-1.765e-10
step= 76000, t=48.178632, dt=6.551e-04, KE=1.739906e-01, Mt=0.6026, A_K=0.050, Cuv=-0.129, P_in=1.609e-02, P_tgt=1.602e-02, A_F=0.072, K_low=0.195, P_drag=-6.613e-03, P_cool=-1.254e-02, WENO=0.313 (x=0.313, y=0.313), ReL2D=123.21, eps_nu=9.417e-03, P_hv=1.797e-04, rho_mean=1.000000, p_mean=0.739361, div_rms=1.327e+00, vort_rms=2.174e+00, mass_err=-1.770e-10
step= 76195, t=48.301987, dt=1.027e-04, KE=1.736012e-01, Mt=0.6009, A_K=0.072, Cuv=-0.141, P_in=1.598e-02, P_tgt=1.592e-02, A_F=0.280, K_low=0.189, P_drag=-6.448e-03, P_cool=-1.254e-02, WENO=0.302 (x=0.302, y=0.302), ReL2D=122.71, eps_nu=9.419e-03, P_hv=1.848e-04, rho_mean=1.000000, p_mean=0.739369, div_rms=1.341e+00, vort_rms=2.163e+00, mass_err=-1.775e-10
saved snapshot: results/hit2d/final_thesis_Mach_ReL130_N512/preflight_N256/Mt060_N256_mu0p001330976/hit2d_step0076195.npz
completed 2D HIT run at t=48.301987 in 76195 steps
Post-processing preflight Mt=0.60
FINISHED preflight Mt=0.60 at Tue Aug 18 09:35:16 PM CEST 2026
stationary check: Mt=0.60116, Re_lambda=128.549 ± 7.342, target=130.000, error=-1.12%

Preflight result: Mt0.40 pass=1, Mt0.60 pass=1

==================== STAGE 1: FINAL N=512 ====================

================================================================
START FINAL Mt=0.10 at Tue Aug 18 09:35:16 PM CEST 2026
N=512x512; Mt=0.10; mu=0.0003024280385; tfinal=289.81192232; CFL=0.10
================================================================
Using array backend: cupy
saved run configuration: results/hit2d/final_thesis_Mach_ReL130_N512/production_N512/Mt010_N512/config.json
step=     0, t=0.000000, dt=0.000e+00, KE=5.000000e-03, Mt=0.1000, A_K=0.000, Cuv=0.000, P_in=0.000e+00, P_tgt=0.000e+00, A_F=0.000, K_low=0.000, P_drag=0.000e+00, P_cool=0.000e+00, WENO=0.012 (x=0.012, y=0.012), ReL2D=120.00, eps_nu=4.599e-05, P_hv=0.000e+00, rho_mean=1.000000, p_mean=0.714286, div_rms=6.426e-15, vort_rms=3.900e-01, mass_err=0.000e+00
step=  2400, t=1.264531, dt=5.265e-04, KE=5.835063e-03, Mt=0.1082, A_K=0.078, Cuv=0.004, P_in=3.211e-04, P_tgt=3.143e-04, A_F=0.139, K_low=0.001, P_drag=-1.698e-06, P_cool=-1.974e-05, WENO=0.006 (x=0.006, y=0.006), ReL2D=122.72, eps_nu=5.780e-05, P_hv=1.342e-07, rho_mean=1.000000, p_mean=0.714325, div_rms=2.095e-02, vort_rms=4.365e-01, mass_err=-5.819e-12
step=  4800, t=2.520138, dt=5.220e-04, KE=5.941999e-03, Mt=0.1092, A_K=0.100, Cuv=-0.005, P_in=4.768e-05, P_tgt=4.753e-05, A_F=0.013, K_low=0.004, P_drag=-4.506e-06, P_cool=-2.764e-05, WENO=0.010 (x=0.010, y=0.010), ReL2D=126.25, eps_nu=5.883e-05, P_hv=1.518e-07, rho_mean=1.000000, p_mean=0.714341, div_rms=2.133e-02, vort_rms=4.404e-01, mass_err=-1.164e-11
step=  7200, t=3.767433, dt=5.185e-04, KE=5.892773e-03, Mt=0.1087, A_K=0.104, Cuv=-0.006, P_in=7.441e-06, P_tgt=7.150e-06, A_F=0.128, K_low=0.007, P_drag=-8.241e-06, P_cool=-3.487e-05, WENO=0.016 (x=0.016, y=0.016), ReL2D=129.45, eps_nu=5.835e-05, P_hv=1.587e-07, rho_mean=1.000000, p_mean=0.714355, div_rms=1.989e-02, vort_rms=4.386e-01, mass_err=-1.744e-11
step=  9600, t=5.013430, dt=5.191e-04, KE=5.815399e-03, Mt=0.1080, A_K=0.084, Cuv=-0.009, P_in=1.179e-06, P_tgt=1.207e-06, A_F=0.148, K_low=0.011, P_drag=-1.269e-05, P_cool=-3.906e-05, WENO=0.017 (x=0.017, y=0.017), ReL2D=130.58, eps_nu=5.749e-05, P_hv=1.660e-07, rho_mean=1.000000, p_mean=0.714364, div_rms=2.040e-02, vort_rms=4.354e-01, mass_err=-2.326e-11
step= 12000, t=6.253626, dt=5.137e-04, KE=5.738262e-03, Mt=0.1072, A_K=0.083, Cuv=0.001, P_in=2.384e-07, P_tgt=2.345e-07, A_F=0.104, K_low=0.014, P_drag=-1.566e-05, P_cool=-4.121e-05, WENO=0.015 (x=0.015, y=0.015), ReL2D=131.73, eps_nu=5.666e-05, P_hv=1.788e-07, rho_mean=1.000000, p_mean=0.714368, div_rms=1.935e-02, vort_rms=4.323e-01, mass_err=-2.908e-11
step= 14400, t=7.489652, dt=5.143e-04, KE=5.636291e-03, Mt=0.1064, A_K=0.065, Cuv=-0.014, P_in=5.325e-08, P_tgt=5.368e-08, A_F=0.078, K_low=0.017, P_drag=-1.939e-05, P_cool=-4.629e-05, WENO=0.011 (x=0.011, y=0.011), ReL2D=133.64, eps_nu=5.550e-05, P_hv=1.956e-07, rho_mean=1.000000, p_mean=0.714378, div_rms=1.947e-02, vort_rms=4.278e-01, mass_err=-3.489e-11
step= 16800, t=8.727605, dt=5.156e-04, KE=5.550753e-03, Mt=0.1055, A_K=0.051, Cuv=0.004, P_in=1.454e-08, P_tgt=1.461e-08, A_F=0.029, K_low=0.020, P_drag=-2.251e-05, P_cool=-4.675e-05, WENO=0.007 (x=0.007, y=0.007), ReL2D=133.73, eps_nu=5.442e-05, P_hv=2.111e-07, rho_mean=1.000000, p_mean=0.714379, div_rms=1.867e-02, vort_rms=4.236e-01, mass_err=-4.071e-11
step= 19200, t=9.964823, dt=5.175e-04, KE=5.449050e-03, Mt=0.1045, A_K=0.044, Cuv=0.005, P_in=4.779e-09, P_tgt=4.787e-09, A_F=0.085, K_low=0.024, P_drag=-2.585e-05, P_cool=-4.920e-05, WENO=0.012 (x=0.012, y=0.012), ReL2D=134.97, eps_nu=5.316e-05, P_hv=2.262e-07, rho_mean=1.000000, p_mean=0.714384, div_rms=1.935e-02, vort_rms=4.187e-01, mass_err=-4.652e-11
step= 21600, t=11.206000, dt=5.180e-04, KE=5.354221e-03, Mt=0.1036, A_K=0.034, Cuv=0.013, P_in=1.902e-09, P_tgt=1.907e-09, A_F=0.043, K_low=0.028, P_drag=-2.952e-05, P_cool=-4.910e-05, WENO=0.018 (x=0.018, y=0.018), ReL2D=134.50, eps_nu=5.188e-05, P_hv=2.364e-07, rho_mean=1.000000, p_mean=0.714384, div_rms=1.755e-02, vort_rms=4.137e-01, mass_err=-5.233e-11
step= 24000, t=12.450122, dt=5.162e-04, KE=5.251604e-03, Mt=0.1026, A_K=0.045, Cuv=0.037, P_in=9.280e-10, P_tgt=9.375e-10, A_F=0.052, K_low=0.031, P_drag=-3.286e-05, P_cool=-4.961e-05, WENO=0.018 (x=0.018, y=0.018), ReL2D=133.93, eps_nu=5.055e-05, P_hv=2.437e-07, rho_mean=1.000000, p_mean=0.714385, div_rms=1.822e-02, vort_rms=4.083e-01, mass_err=-5.814e-11
saved snapshot: results/hit2d/final_thesis_Mach_ReL130_N512/production_N512/Mt010_N512/hit2d_step0024800.npz
step= 26400, t=13.696228, dt=5.227e-04, KE=5.150794e-03, Mt=0.1016, A_K=0.035, Cuv=0.021, P_in=5.729e-10, P_tgt=5.789e-10, A_F=0.097, K_low=0.035, P_drag=-3.633e-05, P_cool=-4.871e-05, WENO=0.019 (x=0.019, y=0.019), ReL2D=132.79, eps_nu=4.915e-05, P_hv=2.479e-07, rho_mean=1.000000, p_mean=0.714383, div_rms=1.985e-02, vort_rms=4.025e-01, mass_err=-6.396e-11
step= 28800, t=14.954434, dt=5.230e-04, KE=5.037812e-03, Mt=0.1005, A_K=0.047, Cuv=0.032, P_in=7.623e-10, P_tgt=4.549e-10, A_F=0.009, K_low=0.039, P_drag=-3.892e-05, P_cool=-4.949e-05, WENO=0.011 (x=0.011, y=0.011), ReL2D=130.73, eps_nu=4.764e-05, P_hv=2.497e-07, rho_mean=1.000000, p_mean=0.714385, div_rms=1.858e-02, vort_rms=3.963e-01, mass_err=-6.975e-11
step= 31200, t=16.211117, dt=5.271e-04, KE=4.931154e-03, Mt=0.0994, A_K=0.034, Cuv=0.031, P_in=4.578e-10, P_tgt=4.580e-10, A_F=0.002, K_low=0.041, P_drag=-4.046e-05, P_cool=-4.862e-05, WENO=0.007 (x=0.007, y=0.007), ReL2D=130.10, eps_nu=4.623e-05, P_hv=2.460e-07, rho_mean=1.000000, p_mean=0.714383, div_rms=1.939e-02, vort_rms=3.903e-01, mass_err=-7.557e-11
step= 33600, t=17.479316, dt=5.293e-04, KE=4.827260e-03, Mt=0.0983, A_K=0.045, Cuv=0.042, P_in=6.076e-10, P_tgt=6.096e-10, A_F=0.208, K_low=0.043, P_drag=-4.102e-05, P_cool=-4.679e-05, WENO=0.025 (x=0.025, y=0.025), ReL2D=129.37, eps_nu=4.481e-05, P_hv=2.412e-07, rho_mean=1.000000, p_mean=0.714379, div_rms=1.713e-02, vort_rms=3.844e-01, mass_err=-8.138e-11
step= 36000, t=18.752533, dt=5.311e-04, KE=4.713584e-03, Mt=0.0972, A_K=0.054, Cuv=0.067, P_in=1.065e-09, P_tgt=1.066e-09, A_F=0.137, K_low=0.042, P_drag=-3.973e-05, P_cool=-4.719e-05, WENO=0.010 (x=0.010, y=0.010), ReL2D=128.63, eps_nu=4.340e-05, P_hv=2.322e-07, rho_mean=1.000000, p_mean=0.714380, div_rms=1.786e-02, vort_rms=3.782e-01, mass_err=-8.718e-11
step= 38400, t=20.028700, dt=5.343e-04, KE=4.608836e-03, Mt=0.0961, A_K=0.039, Cuv=0.070, P_in=2.479e-09, P_tgt=2.483e-09, A_F=0.002, K_low=0.041, P_drag=-3.773e-05, P_cool=-4.643e-05, WENO=0.006 (x=0.006, y=0.006), ReL2D=126.40, eps_nu=4.200e-05, P_hv=2.296e-07, rho_mean=1.000000, p_mean=0.714379, div_rms=1.764e-02, vort_rms=3.721e-01, mass_err=-9.299e-11
step= 40800, t=21.310644, dt=5.326e-04, KE=4.511597e-03, Mt=0.0951, A_K=0.044, Cuv=0.079, P_in=7.649e-09, P_tgt=7.686e-09, A_F=0.082, K_low=0.039, P_drag=-3.515e-05, P_cool=-4.492e-05, WENO=0.016 (x=0.016, y=0.016), ReL2D=124.25, eps_nu=4.070e-05, P_hv=2.226e-07, rho_mean=1.000000, p_mean=0.714376, div_rms=1.824e-02, vort_rms=3.662e-01, mass_err=-9.880e-11
step= 43200, t=22.591677, dt=5.366e-04, KE=4.415648e-03, Mt=0.0940, A_K=0.049, Cuv=0.098, P_in=3.184e-08, P_tgt=3.153e-08, A_F=0.021, K_low=0.037, P_drag=-3.265e-05, P_cool=-4.418e-05, WENO=0.012 (x=0.012, y=0.012), ReL2D=121.71, eps_nu=3.938e-05, P_hv=2.151e-07, rho_mean=1.000000, p_mean=0.714374, div_rms=1.632e-02, vort_rms=3.604e-01, mass_err=-1.046e-10
step= 45600, t=23.878178, dt=5.333e-04, KE=4.328730e-03, Mt=0.0931, A_K=0.049, Cuv=0.106, P_in=1.732e-07, P_tgt=1.725e-07, A_F=0.184, K_low=0.036, P_drag=-3.085e-05, P_cool=-4.234e-05, WENO=0.009 (x=0.009, y=0.009), ReL2D=119.06, eps_nu=3.812e-05, P_hv=2.109e-07, rho_mean=1.000000, p_mean=0.714370, div_rms=1.666e-02, vort_rms=3.545e-01, mass_err=-1.104e-10
step= 48000, t=25.166827, dt=5.353e-04, KE=4.237185e-03, Mt=0.0922, A_K=0.046, Cuv=0.134, P_in=1.261e-06, P_tgt=1.247e-06, A_F=0.006, K_low=0.035, P_drag=-2.929e-05, P_cool=-4.228e-05, WENO=0.002 (x=0.002, y=0.002), ReL2D=115.40, eps_nu=3.687e-05, P_hv=2.055e-07, rho_mean=1.000000, p_mean=0.714370, div_rms=1.680e-02, vort_rms=3.486e-01, mass_err=-1.162e-10
saved snapshot: results/hit2d/final_thesis_Mach_ReL130_N512/production_N512/Mt010_N512/hit2d_step0049600.npz
step= 50400, t=26.448593, dt=5.319e-04, KE=4.168782e-03, Mt=0.0914, A_K=0.052, Cuv=0.158, P_in=1.194e-05, P_tgt=1.182e-05, A_F=0.130, K_low=0.034, P_drag=-2.874e-05, P_cool=-3.933e-05, WENO=0.003 (x=0.003, y=0.003), ReL2D=112.62, eps_nu=3.577e-05, P_hv=2.013e-07, rho_mean=1.000000, p_mean=0.714364, div_rms=1.868e-02, vort_rms=3.433e-01, mass_err=-1.220e-10
step= 52800, t=27.721750, dt=5.297e-04, KE=4.146058e-03, Mt=0.0911, A_K=0.112, Cuv=0.140, P_in=1.364e-04, P_tgt=1.374e-04, A_F=0.157, K_low=0.035, P_drag=-2.867e-05, P_cool=-3.952e-05, WENO=0.015 (x=0.015, y=0.015), ReL2D=114.08, eps_nu=3.565e-05, P_hv=2.022e-07, rho_mean=1.000000, p_mean=0.714365, div_rms=1.777e-02, vort_rms=3.427e-01, mass_err=-1.278e-10
step= 55200, t=28.994252, dt=5.269e-04, KE=4.655376e-03, Mt=0.0965, A_K=0.100, Cuv=0.078, P_in=9.045e-04, P_tgt=9.107e-04, A_F=0.030, K_low=0.031, P_drag=-2.886e-05, P_cool=-3.933e-05, WENO=0.027 (x=0.027, y=0.027), ReL2D=117.03, eps_nu=4.200e-05, P_hv=2.095e-07, rho_mean=1.000000, p_mean=0.714364, div_rms=1.772e-02, vort_rms=3.721e-01, mass_err=-1.336e-10
step= 57600, t=30.253551, dt=5.258e-04, KE=5.671222e-03, Mt=0.1066, A_K=0.133, Cuv=0.005, P_in=5.718e-04, P_tgt=5.745e-04, A_F=0.232, K_low=0.025, P_drag=-2.853e-05, P_cool=-4.362e-05, WENO=0.012 (x=0.012, y=0.012), ReL2D=120.31, eps_nu=5.359e-05, P_hv=2.417e-07, rho_mean=1.000000, p_mean=0.714373, div_rms=1.863e-02, vort_rms=4.204e-01, mass_err=-1.395e-10
step= 60000, t=31.506537, dt=5.223e-04, KE=5.919621e-03, Mt=0.1089, A_K=0.140, Cuv=-0.035, P_in=9.812e-05, P_tgt=9.941e-05, A_F=0.090, K_low=0.022, P_drag=-2.663e-05, P_cool=-4.622e-05, WENO=0.025 (x=0.025, y=0.025), ReL2D=125.15, eps_nu=5.556e-05, P_hv=2.674e-07, rho_mean=1.000000, p_mean=0.714378, div_rms=1.886e-02, vort_rms=4.281e-01, mass_err=-1.453e-10
step= 62400, t=32.763305, dt=5.251e-04, KE=5.878159e-03, Mt=0.1085, A_K=0.117, Cuv=-0.034, P_in=1.547e-05, P_tgt=1.549e-05, A_F=0.012, K_low=0.021, P_drag=-2.423e-05, P_cool=-4.750e-05, WENO=0.011 (x=0.011, y=0.011), ReL2D=123.99, eps_nu=5.480e-05, P_hv=2.786e-07, rho_mean=1.000000, p_mean=0.714381, div_rms=1.989e-02, vort_rms=4.251e-01, mass_err=-1.511e-10
step= 64800, t=34.028782, dt=5.285e-04, KE=5.787018e-03, Mt=0.1077, A_K=0.083, Cuv=-0.029, P_in=2.750e-06, P_tgt=2.745e-06, A_F=0.053, K_low=0.018, P_drag=-2.091e-05, P_cool=-4.973e-05, WENO=0.019 (x=0.019, y=0.019), ReL2D=123.33, eps_nu=5.317e-05, P_hv=2.824e-07, rho_mean=1.000000, p_mean=0.714385, div_rms=1.863e-02, vort_rms=4.187e-01, mass_err=-1.569e-10
step= 67200, t=35.294457, dt=5.264e-04, KE=5.703973e-03, Mt=0.1069, A_K=0.052, Cuv=-0.027, P_in=5.679e-07, P_tgt=5.684e-07, A_F=0.005, K_low=0.015, P_drag=-1.683e-05, P_cool=-4.942e-05, WENO=0.007 (x=0.007, y=0.007), ReL2D=122.52, eps_nu=5.157e-05, P_hv=2.844e-07, rho_mean=1.000000, p_mean=0.714385, div_rms=1.806e-02, vort_rms=4.124e-01, mass_err=-1.627e-10
step= 69600, t=36.559287, dt=5.274e-04, KE=5.618949e-03, Mt=0.1061, A_K=0.039, Cuv=-0.000, P_in=1.417e-07, P_tgt=1.381e-07, A_F=0.044, K_low=0.012, P_drag=-1.341e-05, P_cool=-5.000e-05, WENO=0.011 (x=0.011, y=0.011), ReL2D=121.35, eps_nu=4.997e-05, P_hv=2.821e-07, rho_mean=1.000000, p_mean=0.714386, div_rms=1.940e-02, vort_rms=4.059e-01, mass_err=-1.685e-10
step= 72000, t=37.832351, dt=5.328e-04, KE=5.536809e-03, Mt=0.1053, A_K=0.005, Cuv=0.007, P_in=3.876e-08, P_tgt=3.888e-08, A_F=0.026, K_low=0.010, P_drag=-1.119e-05, P_cool=-5.075e-05, WENO=0.014 (x=0.014, y=0.014), ReL2D=121.65, eps_nu=4.829e-05, P_hv=2.812e-07, rho_mean=1.000000, p_mean=0.714387, div_rms=1.683e-02, vort_rms=3.991e-01, mass_err=-1.743e-10
step= 74400, t=39.110266, dt=5.336e-04, KE=5.471052e-03, Mt=0.1047, A_K=0.010, Cuv=0.025, P_in=1.325e-08, P_tgt=1.271e-08, A_F=0.123, K_low=0.010, P_drag=-1.041e-05, P_cool=-4.866e-05, WENO=0.021 (x=0.021, y=0.021), ReL2D=120.91, eps_nu=4.676e-05, P_hv=2.766e-07, rho_mean=1.000000, p_mean=0.714383, div_rms=1.765e-02, vort_rms=3.927e-01, mass_err=-1.801e-10
saved snapshot: results/hit2d/final_thesis_Mach_ReL130_N512/production_N512/Mt010_N512/hit2d_step0074400.npz
step= 76800, t=40.398481, dt=5.382e-04, KE=5.400081e-03, Mt=0.1040, A_K=0.026, Cuv=0.052, P_in=4.806e-09, P_tgt=4.827e-09, A_F=0.051, K_low=0.010, P_drag=-1.131e-05, P_cool=-4.746e-05, WENO=0.016 (x=0.016, y=0.016), ReL2D=120.81, eps_nu=4.520e-05, P_hv=2.616e-07, rho_mean=1.000000, p_mean=0.714381, div_rms=1.822e-02, vort_rms=3.860e-01, mass_err=-1.859e-10
step= 79200, t=41.691137, dt=5.379e-04, KE=5.323474e-03, Mt=0.1033, A_K=0.015, Cuv=0.048, P_in=1.982e-09, P_tgt=2.123e-09, A_F=0.066, K_low=0.012, P_drag=-1.323e-05, P_cool=-4.737e-05, WENO=0.009 (x=0.009, y=0.009), ReL2D=120.63, eps_nu=4.368e-05, P_hv=2.539e-07, rho_mean=1.000000, p_mean=0.714380, div_rms=1.916e-02, vort_rms=3.794e-01, mass_err=-1.917e-10
step= 81600, t=42.984633, dt=5.393e-04, KE=5.251114e-03, Mt=0.1025, A_K=0.034, Cuv=0.071, P_in=1.090e-09, P_tgt=1.092e-09, A_F=0.090, K_low=0.015, P_drag=-1.613e-05, P_cool=-4.595e-05, WENO=0.011 (x=0.011, y=0.011), ReL2D=119.96, eps_nu=4.222e-05, P_hv=2.451e-07, rho_mean=1.000000, p_mean=0.714378, div_rms=1.791e-02, vort_rms=3.731e-01, mass_err=-1.975e-10
step= 84000, t=44.277866, dt=5.386e-04, KE=5.172301e-03, Mt=0.1018, A_K=0.021, Cuv=0.061, P_in=6.568e-10, P_tgt=6.626e-10, A_F=0.030, K_low=0.019, P_drag=-1.949e-05, P_cool=-4.526e-05, WENO=0.013 (x=0.013, y=0.013), ReL2D=119.14, eps_nu=4.076e-05, P_hv=2.421e-07, rho_mean=1.000000, p_mean=0.714376, div_rms=1.833e-02, vort_rms=3.665e-01, mass_err=-2.034e-10
step= 86400, t=45.566624, dt=5.386e-04, KE=5.089814e-03, Mt=0.1010, A_K=0.021, Cuv=0.056, P_in=4.749e-10, P_tgt=4.763e-10, A_F=0.064, K_low=0.022, P_drag=-2.285e-05, P_cool=-4.494e-05, WENO=0.015 (x=0.015, y=0.015), ReL2D=118.08, eps_nu=3.932e-05, P_hv=2.401e-07, rho_mean=1.000000, p_mean=0.714376, div_rms=1.748e-02, vort_rms=3.600e-01, mass_err=-2.092e-10
step= 88800, t=46.855252, dt=5.367e-04, KE=5.015109e-03, Mt=0.1002, A_K=0.015, Cuv=0.037, P_in=4.162e-10, P_tgt=4.141e-10, A_F=0.129, K_low=0.026, P_drag=-2.610e-05, P_cool=-4.233e-05, WENO=0.009 (x=0.009, y=0.009), ReL2D=116.87, eps_nu=3.797e-05, P_hv=2.315e-07, rho_mean=1.000000, p_mean=0.714370, div_rms=1.677e-02, vort_rms=3.538e-01, mass_err=-2.150e-10
step= 91200, t=48.144539, dt=5.374e-04, KE=4.933282e-03, Mt=0.0994, A_K=0.021, Cuv=0.024, P_in=4.281e-10, P_tgt=4.379e-10, A_F=0.026, K_low=0.029, P_drag=-2.876e-05, P_cool=-4.076e-05, WENO=0.021 (x=0.021, y=0.021), ReL2D=117.06, eps_nu=3.665e-05, P_hv=2.179e-07, rho_mean=1.000000, p_mean=0.714367, div_rms=1.682e-02, vort_rms=3.476e-01, mass_err=-2.208e-10
step= 93600, t=49.433115, dt=5.384e-04, KE=4.848070e-03, Mt=0.0985, A_K=0.002, Cuv=-0.012, P_in=5.834e-10, P_tgt=5.705e-10, A_F=0.132, K_low=0.032, P_drag=-3.087e-05, P_cool=-3.955e-05, WENO=0.006 (x=0.006, y=0.006), ReL2D=116.86, eps_nu=3.542e-05, P_hv=2.042e-07, rho_mean=1.000000, p_mean=0.714365, div_rms=1.829e-02, vort_rms=3.416e-01, mass_err=-2.266e-10
step= 96000, t=50.727950, dt=5.410e-04, KE=4.755932e-03, Mt=0.0976, A_K=0.065, Cuv=-0.040, P_in=9.303e-10, P_tgt=9.207e-10, A_F=0.208, K_low=0.034, P_drag=-3.240e-05, P_cool=-3.954e-05, WENO=0.008 (x=0.008, y=0.008), ReL2D=116.09, eps_nu=3.421e-05, P_hv=1.886e-07, rho_mean=1.000000, p_mean=0.714365, div_rms=1.617e-02, vort_rms=3.358e-01, mass_err=-2.324e-10
step= 98400, t=52.027752, dt=5.424e-04, KE=4.668308e-03, Mt=0.0967, A_K=0.064, Cuv=-0.068, P_in=1.866e-09, P_tgt=1.871e-09, A_F=0.011, K_low=0.036, P_drag=-3.338e-05, P_cool=-3.855e-05, WENO=0.005 (x=0.005, y=0.005), ReL2D=116.36, eps_nu=3.310e-05, P_hv=1.760e-07, rho_mean=1.000000, p_mean=0.714363, div_rms=1.613e-02, vort_rms=3.303e-01, mass_err=-2.382e-10
saved snapshot: results/hit2d/final_thesis_Mach_ReL130_N512/production_N512/Mt010_N512/hit2d_step0099200.npz
step=100800, t=53.331246, dt=5.443e-04, KE=4.584253e-03, Mt=0.0958, A_K=0.101, Cuv=-0.098, P_in=5.003e-09, P_tgt=4.810e-09, A_F=0.013, K_low=0.037, P_drag=-3.363e-05, P_cool=-3.700e-05, WENO=0.017 (x=0.017, y=0.017), ReL2D=115.61, eps_nu=3.213e-05, P_hv=1.611e-07, rho_mean=1.000000, p_mean=0.714360, div_rms=1.726e-02, vort_rms=3.253e-01, mass_err=-2.440e-10
step=103200, t=54.642538, dt=5.481e-04, KE=4.504480e-03, Mt=0.0950, A_K=0.118, Cuv=-0.117, P_in=1.543e-08, P_tgt=1.577e-08, A_F=0.068, K_low=0.037, P_drag=-3.357e-05, P_cool=-3.472e-05, WENO=0.012 (x=0.012, y=0.012), ReL2D=115.63, eps_nu=3.119e-05, P_hv=1.487e-07, rho_mean=1.000000, p_mean=0.714355, div_rms=1.702e-02, vort_rms=3.205e-01, mass_err=-2.498e-10
step=105600, t=55.954798, dt=5.461e-04, KE=4.416747e-03, Mt=0.0941, A_K=0.127, Cuv=-0.136, P_in=6.926e-08, P_tgt=6.672e-08, A_F=0.119, K_low=0.037, P_drag=-3.305e-05, P_cool=-3.438e-05, WENO=0.011 (x=0.011, y=0.011), ReL2D=116.44, eps_nu=3.023e-05, P_hv=1.424e-07, rho_mean=1.000000, p_mean=0.714354, div_rms=1.509e-02, vort_rms=3.157e-01, mass_err=-2.556e-10
step=108000, t=57.262007, dt=5.420e-04, KE=4.335920e-03, Mt=0.0932, A_K=0.154, Cuv=-0.144, P_in=3.590e-07, P_tgt=3.621e-07, A_F=0.162, K_low=0.038, P_drag=-3.267e-05, P_cool=-3.320e-05, WENO=0.013 (x=0.013, y=0.013), ReL2D=116.42, eps_nu=2.940e-05, P_hv=1.349e-07, rho_mean=1.000000, p_mean=0.714352, div_rms=1.632e-02, vort_rms=3.112e-01, mass_err=-2.614e-10
step=110400, t=58.563332, dt=5.423e-04, KE=4.258573e-03, Mt=0.0924, A_K=0.146, Cuv=-0.156, P_in=2.549e-06, P_tgt=2.533e-06, A_F=0.012, K_low=0.038, P_drag=-3.261e-05, P_cool=-3.194e-05, WENO=0.016 (x=0.016, y=0.016), ReL2D=116.52, eps_nu=2.859e-05, P_hv=1.252e-07, rho_mean=1.000000, p_mean=0.714350, div_rms=1.617e-02, vort_rms=3.069e-01, mass_err=-2.672e-10
step=112800, t=59.864221, dt=5.427e-04, KE=4.187688e-03, Mt=0.0916, A_K=0.178, Cuv=-0.155, P_in=2.240e-05, P_tgt=2.266e-05, A_F=0.186, K_low=0.039, P_drag=-3.303e-05, P_cool=-3.174e-05, WENO=0.017 (x=0.017, y=0.017), ReL2D=117.07, eps_nu=2.790e-05, P_hv=1.155e-07, rho_mean=1.000000, p_mean=0.714349, div_rms=1.707e-02, vort_rms=3.031e-01, mass_err=-2.730e-10
step=115200, t=61.166967, dt=5.442e-04, KE=4.230337e-03, Mt=0.0920, A_K=0.145, Cuv=-0.141, P_in=2.248e-04, P_tgt=2.248e-04, A_F=0.246, K_low=0.040, P_drag=-3.358e-05, P_cool=-3.052e-05, WENO=0.024 (x=0.024, y=0.024), ReL2D=117.49, eps_nu=2.807e-05, P_hv=1.052e-07, rho_mean=1.000000, p_mean=0.714347, div_rms=1.568e-02, vort_rms=3.041e-01, mass_err=-2.788e-10
step=117600, t=62.457923, dt=5.288e-04, KE=4.888989e-03, Mt=0.0990, A_K=0.053, Cuv=-0.164, P_in=9.132e-04, P_tgt=9.135e-04, A_F=0.031, K_low=0.037, P_drag=-3.617e-05, P_cool=-3.122e-05, WENO=0.015 (x=0.015, y=0.015), ReL2D=114.76, eps_nu=3.726e-05, P_hv=1.119e-07, rho_mean=1.000000, p_mean=0.714348, div_rms=1.735e-02, vort_rms=3.504e-01, mass_err=-2.846e-10
step=120000, t=63.720328, dt=5.185e-04, KE=5.680689e-03, Mt=0.1068, A_K=0.029, Cuv=-0.078, P_in=4.145e-04, P_tgt=4.136e-04, A_F=0.055, K_low=0.032, P_drag=-3.651e-05, P_cool=-4.000e-05, WENO=0.008 (x=0.008, y=0.008), ReL2D=116.48, eps_nu=4.940e-05, P_hv=1.488e-07, rho_mean=1.000000, p_mean=0.714366, div_rms=1.647e-02, vort_rms=4.037e-01, mass_err=-2.904e-10
step=122400, t=64.955400, dt=5.159e-04, KE=5.847479e-03, Mt=0.1083, A_K=0.014, Cuv=-0.044, P_in=7.613e-05, P_tgt=7.676e-05, A_F=0.148, K_low=0.031, P_drag=-3.661e-05, P_cool=-3.855e-05, WENO=0.005 (x=0.005, y=0.005), ReL2D=121.19, eps_nu=5.219e-05, P_hv=1.760e-07, rho_mean=1.000000, p_mean=0.714363, div_rms=1.909e-02, vort_rms=4.148e-01, mass_err=-2.962e-10
saved snapshot: results/hit2d/final_thesis_Mach_ReL130_N512/production_N512/Mt010_N512/hit2d_step0124000.npz
step=124800, t=66.203646, dt=5.219e-04, KE=5.819252e-03, Mt=0.1081, A_K=0.013, Cuv=-0.058, P_in=1.280e-05, P_tgt=1.284e-05, A_F=0.261, K_low=0.032, P_drag=-3.688e-05, P_cool=-4.397e-05, WENO=0.012 (x=0.012, y=0.012), ReL2D=125.81, eps_nu=5.371e-05, P_hv=1.892e-07, rho_mean=1.000000, p_mean=0.714374, div_rms=1.986e-02, vort_rms=4.208e-01, mass_err=-3.021e-10
step=127200, t=67.455611, dt=5.241e-04, KE=5.715616e-03, Mt=0.1071, A_K=0.021, Cuv=-0.035, P_in=2.520e-06, P_tgt=2.490e-06, A_F=0.082, K_low=0.035, P_drag=-3.971e-05, P_cool=-4.546e-05, WENO=0.020 (x=0.020, y=0.020), ReL2D=127.21, eps_nu=5.271e-05, P_hv=1.943e-07, rho_mean=1.000000, p_mean=0.714377, div_rms=1.911e-02, vort_rms=4.169e-01, mass_err=-3.079e-10
step=129600, t=68.713134, dt=5.256e-04, KE=5.607579e-03, Mt=0.1061, A_K=0.014, Cuv=-0.028, P_in=5.957e-07, P_tgt=5.921e-07, A_F=0.054, K_low=0.039, P_drag=-4.340e-05, P_cool=-4.554e-05, WENO=0.016 (x=0.016, y=0.016), ReL2D=127.01, eps_nu=5.160e-05, P_hv=2.033e-07, rho_mean=1.000000, p_mean=0.714377, div_rms=1.757e-02, vort_rms=4.126e-01, mass_err=-3.137e-10
step=132000, t=69.976611, dt=5.267e-04, KE=5.479588e-03, Mt=0.1049, A_K=0.013, Cuv=-0.008, P_in=1.766e-07, P_tgt=1.771e-07, A_F=0.191, K_low=0.043, P_drag=-4.713e-05, P_cool=-4.778e-05, WENO=0.012 (x=0.012, y=0.012), ReL2D=126.49, eps_nu=5.028e-05, P_hv=2.142e-07, rho_mean=1.000000, p_mean=0.714381, div_rms=1.704e-02, vort_rms=4.073e-01, mass_err=-3.195e-10
step=134400, t=71.237304, dt=5.252e-04, KE=5.358594e-03, Mt=0.1037, A_K=0.019, Cuv=0.030, P_in=6.736e-08, P_tgt=6.708e-08, A_F=0.029, K_low=0.047, P_drag=-5.018e-05, P_cool=-4.797e-05, WENO=0.010 (x=0.010, y=0.010), ReL2D=123.80, eps_nu=4.895e-05, P_hv=2.280e-07, rho_mean=1.000000, p_mean=0.714382, div_rms=1.647e-02, vort_rms=4.019e-01, mass_err=-3.254e-10
step=136800, t=72.502133, dt=5.263e-04, KE=5.232884e-03, Mt=0.1025, A_K=0.021, Cuv=0.046, P_in=3.314e-08, P_tgt=3.313e-08, A_F=0.143, K_low=0.050, P_drag=-5.214e-05, P_cool=-4.784e-05, WENO=0.012 (x=0.012, y=0.012), ReL2D=122.00, eps_nu=4.748e-05, P_hv=2.458e-07, rho_mean=1.000000, p_mean=0.714381, div_rms=1.700e-02, vort_rms=3.957e-01, mass_err=-3.312e-10
step=139200, t=73.759220, dt=5.241e-04, KE=5.111587e-03, Mt=0.1013, A_K=0.021, Cuv=0.088, P_in=2.180e-08, P_tgt=2.138e-08, A_F=0.113, K_low=0.052, P_drag=-5.266e-05, P_cool=-4.706e-05, WENO=0.006 (x=0.006, y=0.006), ReL2D=119.17, eps_nu=4.597e-05, P_hv=2.607e-07, rho_mean=1.000000, p_mean=0.714380, div_rms=1.752e-02, vort_rms=3.894e-01, mass_err=-3.370e-10
step=141600, t=75.012226, dt=5.194e-04, KE=4.987081e-03, Mt=0.1000, A_K=0.026, Cuv=0.115, P_in=2.187e-08, P_tgt=1.844e-08, A_F=0.138, K_low=0.052, P_drag=-5.164e-05, P_cool=-4.691e-05, WENO=0.012 (x=0.012, y=0.012), ReL2D=116.03, eps_nu=4.433e-05, P_hv=2.740e-07, rho_mean=1.000000, p_mean=0.714380, div_rms=1.557e-02, vort_rms=3.824e-01, mass_err=-3.428e-10
step=144000, t=76.257394, dt=5.191e-04, KE=4.871890e-03, Mt=0.0989, A_K=0.009, Cuv=0.141, P_in=2.077e-08, P_tgt=2.105e-08, A_F=0.083, K_low=0.052, P_drag=-5.065e-05, P_cool=-4.574e-05, WENO=0.018 (x=0.018, y=0.018), ReL2D=114.59, eps_nu=4.274e-05, P_hv=2.795e-07, rho_mean=1.000000, p_mean=0.714377, div_rms=1.845e-02, vort_rms=3.753e-01, mass_err=-3.487e-10
step=146400, t=77.503027, dt=5.187e-04, KE=4.758920e-03, Mt=0.0977, A_K=0.007, Cuv=0.171, P_in=3.267e-08, P_tgt=3.226e-08, A_F=0.071, K_low=0.052, P_drag=-4.956e-05, P_cool=-4.457e-05, WENO=0.025 (x=0.025, y=0.025), ReL2D=111.60, eps_nu=4.112e-05, P_hv=2.756e-07, rho_mean=1.000000, p_mean=0.714375, div_rms=1.739e-02, vort_rms=3.682e-01, mass_err=-3.545e-10
step=148800, t=78.755277, dt=5.246e-04, KE=4.640680e-03, Mt=0.0965, A_K=0.067, Cuv=0.202, P_in=7.049e-08, P_tgt=6.694e-08, A_F=0.325, K_low=0.052, P_drag=-4.810e-05, P_cool=-4.459e-05, WENO=0.010 (x=0.010, y=0.010), ReL2D=109.91, eps_nu=3.949e-05, P_hv=2.695e-07, rho_mean=1.000000, p_mean=0.714375, div_rms=1.588e-02, vort_rms=3.609e-01, mass_err=-3.604e-10
saved snapshot: results/hit2d/final_thesis_Mach_ReL130_N512/production_N512/Mt010_N512/hit2d_step0148800.npz
step=151200, t=80.016543, dt=5.292e-04, KE=4.533298e-03, Mt=0.0954, A_K=0.059, Cuv=0.216, P_in=1.862e-07, P_tgt=1.866e-07, A_F=0.132, K_low=0.052, P_drag=-4.714e-05, P_cool=-4.329e-05, WENO=0.006 (x=0.006, y=0.006), ReL2D=108.97, eps_nu=3.793e-05, P_hv=2.592e-07, rho_mean=1.000000, p_mean=0.714372, div_rms=1.724e-02, vort_rms=3.536e-01, mass_err=-3.662e-10
step=153600, t=81.291397, dt=5.300e-04, KE=4.432626e-03, Mt=0.0943, A_K=0.115, Cuv=0.223, P_in=7.270e-07, P_tgt=7.177e-07, A_F=0.088, K_low=0.052, P_drag=-4.559e-05, P_cool=-4.078e-05, WENO=0.023 (x=0.023, y=0.023), ReL2D=107.49, eps_nu=3.644e-05, P_hv=2.445e-07, rho_mean=1.000000, p_mean=0.714367, div_rms=1.518e-02, vort_rms=3.467e-01, mass_err=-3.720e-10
step=156000, t=82.558308, dt=5.302e-04, KE=4.327121e-03, Mt=0.0932, A_K=0.107, Cuv=0.216, P_in=3.728e-06, P_tgt=3.733e-06, A_F=0.169, K_low=0.050, P_drag=-4.360e-05, P_cool=-4.093e-05, WENO=0.020 (x=0.020, y=0.020), ReL2D=107.57, eps_nu=3.501e-05, P_hv=2.320e-07, rho_mean=1.000000, p_mean=0.714368, div_rms=1.488e-02, vort_rms=3.398e-01, mass_err=-3.778e-10
step=158400, t=83.833350, dt=5.304e-04, KE=4.252171e-03, Mt=0.0923, A_K=0.123, Cuv=0.219, P_in=2.629e-05, P_tgt=2.625e-05, A_F=0.099, K_low=0.048, P_drag=-4.028e-05, P_cool=-3.823e-05, WENO=0.016 (x=0.016, y=0.016), ReL2D=108.02, eps_nu=3.391e-05, P_hv=2.179e-07, rho_mean=1.000000, p_mean=0.714362, div_rms=1.521e-02, vort_rms=3.344e-01, mass_err=-3.837e-10
step=160800, t=85.111218, dt=5.348e-04, KE=4.274223e-03, Mt=0.0926, A_K=0.180, Cuv=0.209, P_in=2.142e-04, P_tgt=2.144e-04, A_F=0.159, K_low=0.042, P_drag=-3.593e-05, P_cool=-3.745e-05, WENO=0.016 (x=0.016, y=0.016), ReL2D=110.02, eps_nu=3.412e-05, P_hv=2.077e-07, rho_mean=1.000000, p_mean=0.714361, div_rms=1.807e-02, vort_rms=3.352e-01, mass_err=-3.895e-10
step=163200, t=86.379361, dt=5.213e-04, KE=4.839278e-03, Mt=0.0985, A_K=0.139, Cuv=0.174, P_in=8.194e-04, P_tgt=8.212e-04, A_F=0.058, K_low=0.033, P_drag=-3.134e-05, P_cool=-3.817e-05, WENO=0.012 (x=0.012, y=0.012), ReL2D=114.47, eps_nu=4.027e-05, P_hv=2.097e-07, rho_mean=1.000000, p_mean=0.714362, div_rms=1.635e-02, vort_rms=3.644e-01, mass_err=-3.953e-10
step=165600, t=87.631025, dt=5.208e-04, KE=5.615794e-03, Mt=0.1062, A_K=0.135, Cuv=0.146, P_in=4.323e-04, P_tgt=4.319e-04, A_F=0.033, K_low=0.022, P_drag=-2.519e-05, P_cool=-4.182e-05, WENO=0.012 (x=0.012, y=0.012), ReL2D=118.11, eps_nu=4.965e-05, P_hv=2.366e-07, rho_mean=1.000000, p_mean=0.714369, div_rms=1.975e-02, vort_rms=4.045e-01, mass_err=-4.012e-10
step=168000, t=88.880701, dt=5.190e-04, KE=5.797188e-03, Mt=0.1079, A_K=0.138, Cuv=0.102, P_in=8.952e-05, P_tgt=8.777e-05, A_F=0.314, K_low=0.016, P_drag=-1.855e-05, P_cool=-4.466e-05, WENO=0.008 (x=0.008, y=0.008), ReL2D=122.91, eps_nu=5.045e-05, P_hv=2.496e-07, rho_mean=1.000000, p_mean=0.714375, div_rms=1.929e-02, vort_rms=4.078e-01, mass_err=-4.070e-10
step=170400, t=90.120816, dt=5.177e-04, KE=5.789250e-03, Mt=0.1078, A_K=0.120, Cuv=0.113, P_in=1.595e-05, P_tgt=1.605e-05, A_F=0.204, K_low=0.013, P_drag=-1.553e-05, P_cool=-4.416e-05, WENO=0.020 (x=0.020, y=0.020), ReL2D=124.59, eps_nu=4.921e-05, P_hv=2.496e-07, rho_mean=1.000000, p_mean=0.714374, div_rms=2.085e-02, vort_rms=4.027e-01, mass_err=-4.129e-10
step=172800, t=91.361709, dt=5.168e-04, KE=5.726430e-03, Mt=0.1072, A_K=0.050, Cuv=0.068, P_in=3.059e-06, P_tgt=3.217e-06, A_F=0.136, K_low=0.014, P_drag=-1.553e-05, P_cool=-4.401e-05, WENO=0.011 (x=0.011, y=0.011), ReL2D=123.34, eps_nu=4.797e-05, P_hv=2.442e-07, rho_mean=1.000000, p_mean=0.714374, div_rms=1.922e-02, vort_rms=3.976e-01, mass_err=-4.187e-10
saved snapshot: results/hit2d/final_thesis_Mach_ReL130_N512/production_N512/Mt010_N512/hit2d_step0173600.npz
step=175200, t=92.605878, dt=5.179e-04, KE=5.641484e-03, Mt=0.1064, A_K=0.021, Cuv=0.086, P_in=7.354e-07, P_tgt=7.366e-07, A_F=0.193, K_low=0.017, P_drag=-1.860e-05, P_cool=-4.585e-05, WENO=0.024 (x=0.024, y=0.024), ReL2D=122.96, eps_nu=4.659e-05, P_hv=2.427e-07, rho_mean=1.000000, p_mean=0.714377, div_rms=1.908e-02, vort_rms=3.919e-01, mass_err=-4.245e-10
step=177600, t=93.849721, dt=5.181e-04, KE=5.560820e-03, Mt=0.1056, A_K=0.022, Cuv=0.067, P_in=1.780e-07, P_tgt=1.956e-07, A_F=0.107, K_low=0.020, P_drag=-2.222e-05, P_cool=-4.577e-05, WENO=0.009 (x=0.009, y=0.009), ReL2D=122.55, eps_nu=4.527e-05, P_hv=2.386e-07, rho_mean=1.000000, p_mean=0.714377, div_rms=1.725e-02, vort_rms=3.864e-01, mass_err=-4.303e-10
step=180000, t=95.094064, dt=5.201e-04, KE=5.473765e-03, Mt=0.1048, A_K=0.057, Cuv=0.072, P_in=6.085e-08, P_tgt=6.102e-08, A_F=0.205, K_low=0.024, P_drag=-2.625e-05, P_cool=-4.601e-05, WENO=0.015 (x=0.015, y=0.015), ReL2D=121.49, eps_nu=4.395e-05, P_hv=2.336e-07, rho_mean=1.000000, p_mean=0.714378, div_rms=1.767e-02, vort_rms=3.807e-01, mass_err=-4.361e-10
step=182400, t=96.338781, dt=5.177e-04, KE=5.390557e-03, Mt=0.1040, A_K=0.066, Cuv=0.095, P_in=2.672e-08, P_tgt=2.267e-08, A_F=0.049, K_low=0.027, P_drag=-2.930e-05, P_cool=-4.457e-05, WENO=0.008 (x=0.008, y=0.008), ReL2D=120.39, eps_nu=4.269e-05, P_hv=2.323e-07, rho_mean=1.000000, p_mean=0.714375, div_rms=1.867e-02, vort_rms=3.751e-01, mass_err=-4.420e-10
step=184800, t=97.587871, dt=5.209e-04, KE=5.297126e-03, Mt=0.1031, A_K=0.101, Cuv=0.106, P_in=1.022e-08, P_tgt=1.014e-08, A_F=0.008, K_low=0.030, P_drag=-3.127e-05, P_cool=-4.458e-05, WENO=0.024 (x=0.024, y=0.024), ReL2D=119.64, eps_nu=4.137e-05, P_hv=2.251e-07, rho_mean=1.000000, p_mean=0.714375, div_rms=1.779e-02, vort_rms=3.693e-01, mass_err=-4.478e-10
step=187200, t=98.833083, dt=5.201e-04, KE=5.213430e-03, Mt=0.1022, A_K=0.065, Cuv=0.127, P_in=5.491e-09, P_tgt=5.460e-09, A_F=0.104, K_low=0.031, P_drag=-3.272e-05, P_cool=-4.260e-05, WENO=0.017 (x=0.017, y=0.017), ReL2D=119.49, eps_nu=4.017e-05, P_hv=2.238e-07, rho_mean=1.000000, p_mean=0.714371, div_rms=1.830e-02, vort_rms=3.638e-01, mass_err=-4.536e-10
step=189600, t=100.074052, dt=5.137e-04, KE=5.128157e-03, Mt=0.1014, A_K=0.090, Cuv=0.155, P_in=3.640e-09, P_tgt=3.627e-09, A_F=0.063, K_low=0.033, P_drag=-3.356e-05, P_cool=-4.085e-05, WENO=0.010 (x=0.010, y=0.010), ReL2D=119.02, eps_nu=3.895e-05, P_hv=2.222e-07, rho_mean=1.000000, p_mean=0.714367, div_rms=1.810e-02, vort_rms=3.583e-01, mass_err=-4.594e-10
step=192000, t=101.310615, dt=5.178e-04, KE=5.034040e-03, Mt=0.1005, A_K=0.028, Cuv=0.181, P_in=2.739e-09, P_tgt=2.932e-09, A_F=0.211, K_low=0.034, P_drag=-3.466e-05, P_cool=-4.098e-05, WENO=0.013 (x=0.013, y=0.013), ReL2D=119.15, eps_nu=3.770e-05, P_hv=2.198e-07, rho_mean=1.000000, p_mean=0.714368, div_rms=1.782e-02, vort_rms=3.524e-01, mass_err=-4.652e-10
step=194400, t=102.553146, dt=5.210e-04, KE=4.941882e-03, Mt=0.0995, A_K=0.026, Cuv=0.185, P_in=2.797e-09, P_tgt=2.937e-09, A_F=0.067, K_low=0.036, P_drag=-3.558e-05, P_cool=-4.064e-05, WENO=0.009 (x=0.009, y=0.009), ReL2D=119.15, eps_nu=3.650e-05, P_hv=2.147e-07, rho_mean=1.000000, p_mean=0.714367, div_rms=1.807e-02, vort_rms=3.468e-01, mass_err=-4.710e-10
step=196800, t=103.805115, dt=5.227e-04, KE=4.852656e-03, Mt=0.0986, A_K=0.015, Cuv=0.205, P_in=3.679e-09, P_tgt=3.646e-09, A_F=0.131, K_low=0.038, P_drag=-3.677e-05, P_cool=-3.954e-05, WENO=0.016 (x=0.016, y=0.016), ReL2D=118.94, eps_nu=3.532e-05, P_hv=2.078e-07, rho_mean=1.000000, p_mean=0.714365, div_rms=1.673e-02, vort_rms=3.412e-01, mass_err=-4.769e-10
saved snapshot: results/hit2d/final_thesis_Mach_ReL130_N512/production_N512/Mt010_N512/hit2d_step0198400.npz
step=199200, t=105.068310, dt=5.269e-04, KE=4.765736e-03, Mt=0.0977, A_K=0.046, Cuv=0.192, P_in=5.765e-09, P_tgt=5.741e-09, A_F=0.119, K_low=0.040, P_drag=-3.838e-05, P_cool=-3.758e-05, WENO=0.010 (x=0.010, y=0.010), ReL2D=119.85, eps_nu=3.422e-05, P_hv=1.975e-07, rho_mean=1.000000, p_mean=0.714361, div_rms=1.728e-02, vort_rms=3.358e-01, mass_err=-4.827e-10
step=201600, t=106.334901, dt=5.300e-04, KE=4.663033e-03, Mt=0.0967, A_K=0.071, Cuv=0.196, P_in=1.147e-08, P_tgt=1.146e-08, A_F=0.079, K_low=0.043, P_drag=-3.998e-05, P_cool=-3.867e-05, WENO=0.028 (x=0.028, y=0.028), ReL2D=120.51, eps_nu=3.302e-05, P_hv=1.891e-07, rho_mean=1.000000, p_mean=0.714363, div_rms=1.643e-02, vort_rms=3.299e-01, mass_err=-4.885e-10
step=204000, t=107.609926, dt=5.323e-04, KE=4.577185e-03, Mt=0.0958, A_K=0.096, Cuv=0.195, P_in=2.900e-08, P_tgt=2.944e-08, A_F=0.078, K_low=0.045, P_drag=-4.147e-05, P_cool=-3.620e-05, WENO=0.014 (x=0.014, y=0.014), ReL2D=120.87, eps_nu=3.202e-05, P_hv=1.799e-07, rho_mean=1.000000, p_mean=0.714358, div_rms=1.830e-02, vort_rms=3.247e-01, mass_err=-4.943e-10
step=206400, t=108.885527, dt=5.310e-04, KE=4.484513e-03, Mt=0.0948, A_K=0.094, Cuv=0.178, P_in=9.940e-08, P_tgt=9.935e-08, A_F=0.213, K_low=0.047, P_drag=-4.235e-05, P_cool=-3.489e-05, WENO=0.010 (x=0.010, y=0.010), ReL2D=121.42, eps_nu=3.098e-05, P_hv=1.708e-07, rho_mean=1.000000, p_mean=0.714355, div_rms=1.827e-02, vort_rms=3.194e-01, mass_err=-5.001e-10
step=208800, t=110.163012, dt=5.332e-04, KE=4.387407e-03, Mt=0.0938, A_K=0.128, Cuv=0.188, P_in=4.400e-07, P_tgt=4.398e-07, A_F=0.100, K_low=0.048, P_drag=-4.231e-05, P_cool=-3.469e-05, WENO=0.016 (x=0.016, y=0.016), ReL2D=121.33, eps_nu=2.997e-05, P_hv=1.608e-07, rho_mean=1.000000, p_mean=0.714355, div_rms=1.686e-02, vort_rms=3.142e-01, mass_err=-5.059e-10
step=211200, t=111.446448, dt=5.361e-04, KE=4.304218e-03, Mt=0.0929, A_K=0.113, Cuv=0.169, P_in=2.713e-06, P_tgt=2.600e-06, A_F=0.005, K_low=0.049, P_drag=-4.173e-05, P_cool=-3.220e-05, WENO=0.013 (x=0.013, y=0.013), ReL2D=121.50, eps_nu=2.912e-05, P_hv=1.498e-07, rho_mean=1.000000, p_mean=0.714350, div_rms=1.829e-02, vort_rms=3.096e-01, mass_err=-5.118e-10
step=213600, t=112.731266, dt=5.368e-04, KE=4.223367e-03, Mt=0.0920, A_K=0.159, Cuv=0.167, P_in=1.963e-05, P_tgt=2.031e-05, A_F=0.045, K_low=0.047, P_drag=-4.005e-05, P_cool=-3.193e-05, WENO=0.013 (x=0.013, y=0.013), ReL2D=120.79, eps_nu=2.839e-05, P_hv=1.382e-07, rho_mean=1.000000, p_mean=0.714350, div_rms=1.725e-02, vort_rms=3.058e-01, mass_err=-5.176e-10
step=216000, t=114.025844, dt=5.396e-04, KE=4.234978e-03, Mt=0.0921, A_K=0.096, Cuv=0.209, P_in=1.837e-04, P_tgt=1.851e-04, A_F=0.102, K_low=0.045, P_drag=-3.815e-05, P_cool=-3.106e-05, WENO=0.006 (x=0.006, y=0.006), ReL2D=120.08, eps_nu=2.875e-05, P_hv=1.307e-07, rho_mean=1.000000, p_mean=0.714348, div_rms=1.748e-02, vort_rms=3.077e-01, mass_err=-5.234e-10
step=218400, t=115.312215, dt=5.267e-04, KE=4.783582e-03, Mt=0.0979, A_K=0.100, Cuv=0.182, P_in=8.369e-04, P_tgt=8.423e-04, A_F=0.035, K_low=0.037, P_drag=-3.555e-05, P_cool=-3.172e-05, WENO=0.023 (x=0.023, y=0.023), ReL2D=124.30, eps_nu=3.557e-05, P_hv=1.367e-07, rho_mean=1.000000, p_mean=0.714349, div_rms=1.850e-02, vort_rms=3.423e-01, mass_err=-5.292e-10
step=220800, t=116.568082, dt=5.204e-04, KE=5.627525e-03, Mt=0.1062, A_K=0.085, Cuv=0.094, P_in=4.755e-04, P_tgt=4.749e-04, A_F=0.057, K_low=0.030, P_drag=-3.386e-05, P_cool=-3.526e-05, WENO=0.012 (x=0.012, y=0.012), ReL2D=132.98, eps_nu=4.468e-05, P_hv=1.623e-07, rho_mean=1.000000, p_mean=0.714356, div_rms=1.895e-02, vort_rms=3.838e-01, mass_err=-5.351e-10
step=223200, t=117.812157, dt=5.181e-04, KE=5.823345e-03, Mt=0.1081, A_K=0.068, Cuv=0.069, P_in=9.442e-05, P_tgt=9.356e-05, A_F=0.007, K_low=0.029, P_drag=-3.394e-05, P_cool=-3.880e-05, WENO=0.006 (x=0.006, y=0.006), ReL2D=134.93, eps_nu=4.728e-05, P_hv=1.808e-07, rho_mean=1.000000, p_mean=0.714363, div_rms=1.681e-02, vort_rms=3.949e-01, mass_err=-5.409e-10
saved snapshot: results/hit2d/final_thesis_Mach_ReL130_N512/production_N512/Mt010_N512/hit2d_step0223200.npz
step=225600, t=119.058026, dt=5.192e-04, KE=5.782220e-03, Mt=0.1077, A_K=0.086, Cuv=0.010, P_in=1.244e-05, P_tgt=1.707e-05, A_F=0.070, K_low=0.031, P_drag=-3.608e-05, P_cool=-3.945e-05, WENO=0.015 (x=0.015, y=0.015), ReL2D=134.58, eps_nu=4.680e-05, P_hv=1.870e-07, rho_mean=1.000000, p_mean=0.714365, div_rms=1.936e-02, vort_rms=3.928e-01, mass_err=-5.467e-10
step=228000, t=120.304556, dt=5.205e-04, KE=5.685076e-03, Mt=0.1068, A_K=0.091, Cuv=-0.024, P_in=2.666e-06, P_tgt=3.554e-06, A_F=0.086, K_low=0.035, P_drag=-3.930e-05, P_cool=-4.155e-05, WENO=0.017 (x=0.017, y=0.017), ReL2D=133.14, eps_nu=4.576e-05, P_hv=1.918e-07, rho_mean=1.000000, p_mean=0.714369, div_rms=1.868e-02, vort_rms=3.884e-01, mass_err=-5.525e-10
step=230400, t=121.555267, dt=5.228e-04, KE=5.576962e-03, Mt=0.1058, A_K=0.100, Cuv=-0.072, P_in=9.087e-07, P_tgt=8.914e-07, A_F=0.041, K_low=0.038, P_drag=-4.246e-05, P_cool=-4.292e-05, WENO=0.017 (x=0.017, y=0.017), ReL2D=131.23, eps_nu=4.460e-05, P_hv=1.963e-07, rho_mean=1.000000, p_mean=0.714372, div_rms=1.637e-02, vort_rms=3.836e-01, mass_err=-5.583e-10
step=232800, t=122.803362, dt=5.206e-04, KE=5.474469e-03, Mt=0.1048, A_K=0.112, Cuv=-0.104, P_in=2.732e-07, P_tgt=2.749e-07, A_F=0.112, K_low=0.041, P_drag=-4.472e-05, P_cool=-4.214e-05, WENO=0.022 (x=0.022, y=0.022), ReL2D=129.28, eps_nu=4.344e-05, P_hv=2.013e-07, rho_mean=1.000000, p_mean=0.714370, div_rms=1.827e-02, vort_rms=3.784e-01, mass_err=-5.641e-10
step=235200, t=124.057722, dt=5.231e-04, KE=5.360484e-03, Mt=0.1037, A_K=0.126, Cuv=-0.149, P_in=1.037e-07, P_tgt=1.054e-07, A_F=0.019, K_low=0.043, P_drag=-4.550e-05, P_cool=-4.303e-05, WENO=0.022 (x=0.022, y=0.022), ReL2D=128.49, eps_nu=4.214e-05, P_hv=2.107e-07, rho_mean=1.000000, p_mean=0.714372, div_rms=1.769e-02, vort_rms=3.727e-01, mass_err=-5.700e-10
step=237600, t=125.310166, dt=5.235e-04, KE=5.260950e-03, Mt=0.1027, A_K=0.143, Cuv=-0.207, P_in=5.108e-08, P_tgt=5.091e-08, A_F=0.340, K_low=0.043, P_drag=-4.482e-05, P_cool=-4.095e-05, WENO=0.017 (x=0.017, y=0.017), ReL2D=127.63, eps_nu=4.088e-05, P_hv=2.146e-07, rho_mean=1.000000, p_mean=0.714368, div_rms=1.788e-02, vort_rms=3.671e-01, mass_err=-5.758e-10
step=240000, t=126.568360, dt=5.250e-04, KE=5.152558e-03, Mt=0.1017, A_K=0.159, Cuv=-0.244, P_in=3.062e-08, P_tgt=3.083e-08, A_F=0.105, K_low=0.042, P_drag=-4.307e-05, P_cool=-4.114e-05, WENO=0.012 (x=0.012, y=0.012), ReL2D=127.71, eps_nu=3.957e-05, P_hv=2.139e-07, rho_mean=1.000000, p_mean=0.714368, div_rms=1.797e-02, vort_rms=3.611e-01, mass_err=-5.816e-10
step=242400, t=127.830518, dt=5.266e-04, KE=5.053548e-03, Mt=0.1007, A_K=0.181, Cuv=-0.299, P_in=2.816e-08, P_tgt=2.358e-08, A_F=0.142, K_low=0.040, P_drag=-4.024e-05, P_cool=-3.999e-05, WENO=0.011 (x=0.011, y=0.011), ReL2D=127.73, eps_nu=3.829e-05, P_hv=2.099e-07, rho_mean=1.000000, p_mean=0.714366, div_rms=1.854e-02, vort_rms=3.552e-01, mass_err=-5.874e-10
step=244800, t=129.098485, dt=5.284e-04, KE=4.959140e-03, Mt=0.0997, A_K=0.190, Cuv=-0.326, P_in=2.261e-08, P_tgt=2.278e-08, A_F=0.138, K_low=0.038, P_drag=-3.717e-05, P_cool=-3.899e-05, WENO=0.026 (x=0.026, y=0.026), ReL2D=127.30, eps_nu=3.706e-05, P_hv=2.012e-07, rho_mean=1.000000, p_mean=0.714364, div_rms=1.727e-02, vort_rms=3.495e-01, mass_err=-5.932e-10
step=247200, t=130.374147, dt=5.317e-04, KE=4.860758e-03, Mt=0.0987, A_K=0.198, Cuv=-0.372, P_in=2.795e-08, P_tgt=2.761e-08, A_F=0.008, K_low=0.035, P_drag=-3.370e-05, P_cool=-3.950e-05, WENO=0.013 (x=0.013, y=0.013), ReL2D=126.74, eps_nu=3.585e-05, P_hv=1.876e-07, rho_mean=1.000000, p_mean=0.714365, div_rms=1.652e-02, vort_rms=3.438e-01, mass_err=-5.990e-10
saved snapshot: results/hit2d/final_thesis_Mach_ReL130_N512/production_N512/Mt010_N512/hit2d_step0248000.npz
warning: flow component anisotropy has increased over the last three diagnostic samples
step=249600, t=131.646985, dt=5.282e-04, KE=4.778716e-03, Mt=0.0978, A_K=0.216, Cuv=-0.371, P_in=4.112e-08, P_tgt=4.194e-08, A_F=0.080, K_low=0.032, P_drag=-3.085e-05, P_cool=-3.803e-05, WENO=0.020 (x=0.020, y=0.020), ReL2D=126.52, eps_nu=3.481e-05, P_hv=1.770e-07, rho_mean=1.000000, p_mean=0.714362, div_rms=1.675e-02, vort_rms=3.387e-01, mass_err=-6.048e-10
step=252000, t=132.914445, dt=5.291e-04, KE=4.696202e-03, Mt=0.0970, A_K=0.200, Cuv=-0.408, P_in=7.950e-08, P_tgt=7.886e-08, A_F=0.098, K_low=0.030, P_drag=-2.822e-05, P_cool=-3.753e-05, WENO=0.023 (x=0.023, y=0.023), ReL2D=125.03, eps_nu=3.375e-05, P_hv=1.674e-07, rho_mean=1.000000, p_mean=0.714361, div_rms=1.627e-02, vort_rms=3.335e-01, mass_err=-6.106e-10
step=254400, t=134.178169, dt=5.244e-04, KE=4.625262e-03, Mt=0.0963, A_K=0.215, Cuv=-0.407, P_in=1.819e-07, P_tgt=1.832e-07, A_F=0.362, K_low=0.029, P_drag=-2.643e-05, P_cool=-3.566e-05, WENO=0.017 (x=0.017, y=0.017), ReL2D=124.69, eps_nu=3.287e-05, P_hv=1.592e-07, rho_mean=1.000000, p_mean=0.714357, div_rms=1.639e-02, vort_rms=3.291e-01, mass_err=-6.165e-10
step=256800, t=135.437625, dt=5.254e-04, KE=4.548423e-03, Mt=0.0955, A_K=0.179, Cuv=-0.417, P_in=5.320e-07, P_tgt=5.253e-07, A_F=0.028, K_low=0.028, P_drag=-2.556e-05, P_cool=-3.564e-05, WENO=0.003 (x=0.003, y=0.003), ReL2D=123.16, eps_nu=3.193e-05, P_hv=1.540e-07, rho_mean=1.000000, p_mean=0.714357, div_rms=1.731e-02, vort_rms=3.243e-01, mass_err=-6.223e-10
step=259200, t=136.694797, dt=5.228e-04, KE=4.484799e-03, Mt=0.0948, A_K=0.203, Cuv=-0.410, P_in=1.805e-06, P_tgt=1.849e-06, A_F=0.005, K_low=0.028, P_drag=-2.504e-05, P_cool=-3.354e-05, WENO=0.012 (x=0.012, y=0.012), ReL2D=122.09, eps_nu=3.112e-05, P_hv=1.470e-07, rho_mean=1.000000, p_mean=0.714353, div_rms=1.683e-02, vort_rms=3.202e-01, mass_err=-6.281e-10
step=261600, t=137.946650, dt=5.222e-04, KE=4.417847e-03, Mt=0.0941, A_K=0.160, Cuv=-0.398, P_in=8.359e-06, P_tgt=8.012e-06, A_F=0.032, K_low=0.029, P_drag=-2.545e-05, P_cool=-3.328e-05, WENO=0.011 (x=0.011, y=0.011), ReL2D=121.35, eps_nu=3.043e-05, P_hv=1.415e-07, rho_mean=1.000000, p_mean=0.714352, div_rms=1.732e-02, vort_rms=3.166e-01, mass_err=-6.339e-10
step=264000, t=139.197420, dt=5.212e-04, KE=4.379062e-03, Mt=0.0937, A_K=0.135, Cuv=-0.389, P_in=4.026e-05, P_tgt=4.058e-05, A_F=0.057, K_low=0.029, P_drag=-2.542e-05, P_cool=-3.266e-05, WENO=0.023 (x=0.023, y=0.023), ReL2D=120.88, eps_nu=2.995e-05, P_hv=1.350e-07, rho_mean=1.000000, p_mean=0.714351, div_rms=1.710e-02, vort_rms=3.141e-01, mass_err=-6.397e-10
step=266400, t=140.446075, dt=5.193e-04, KE=4.440372e-03, Mt=0.0943, A_K=0.091, Cuv=-0.355, P_in=2.101e-04, P_tgt=2.086e-04, A_F=0.077, K_low=0.029, P_drag=-2.574e-05, P_cool=-3.213e-05, WENO=0.026 (x=0.026, y=0.026), ReL2D=119.82, eps_nu=3.090e-05, P_hv=1.333e-07, rho_mean=1.000000, p_mean=0.714350, div_rms=1.656e-02, vort_rms=3.191e-01, mass_err=-6.455e-10
step=268800, t=141.689861, dt=5.191e-04, KE=4.848907e-03, Mt=0.0986, A_K=0.042, Cuv=-0.307, P_in=5.702e-04, P_tgt=5.656e-04, A_F=0.077, K_low=0.026, P_drag=-2.544e-05, P_cool=-3.422e-05, WENO=0.019 (x=0.019, y=0.019), ReL2D=123.24, eps_nu=3.587e-05, P_hv=1.379e-07, rho_mean=1.000000, p_mean=0.714354, div_rms=1.649e-02, vort_rms=3.438e-01, mass_err=-6.513e-10
step=271200, t=142.939902, dt=5.220e-04, KE=5.434898e-03, Mt=0.1043, A_K=0.045, Cuv=-0.268, P_in=3.861e-04, P_tgt=3.844e-04, A_F=0.036, K_low=0.023, P_drag=-2.460e-05, P_cool=-3.369e-05, WENO=0.015 (x=0.015, y=0.015), ReL2D=126.26, eps_nu=4.221e-05, P_hv=1.515e-07, rho_mean=1.000000, p_mean=0.714353, div_rms=1.903e-02, vort_rms=3.729e-01, mass_err=-6.571e-10
saved snapshot: results/hit2d/final_thesis_Mach_ReL130_N512/production_N512/Mt010_N512/hit2d_step0272800.npz
step=273600, t=144.196186, dt=5.230e-04, KE=5.616436e-03, Mt=0.1062, A_K=0.047, Cuv=-0.204, P_in=1.124e-04, P_tgt=1.132e-04, A_F=0.008, K_low=0.020, P_drag=-2.208e-05, P_cool=-4.002e-05, WENO=0.017 (x=0.017, y=0.017), ReL2D=129.17, eps_nu=4.518e-05, P_hv=1.674e-07, rho_mean=1.000000, p_mean=0.714366, div_rms=1.717e-02, vort_rms=3.860e-01, mass_err=-6.630e-10
step=276000, t=145.446346, dt=5.161e-04, KE=5.672597e-03, Mt=0.1066, A_K=0.073, Cuv=-0.155, P_in=2.809e-05, P_tgt=2.833e-05, A_F=0.052, K_low=0.017, P_drag=-1.917e-05, P_cool=-4.033e-05, WENO=0.015 (x=0.015, y=0.015), ReL2D=133.48, eps_nu=4.592e-05, P_hv=1.787e-07, rho_mean=1.000000, p_mean=0.714366, div_rms=2.001e-02, vort_rms=3.890e-01, mass_err=-6.688e-10
step=278400, t=146.688163, dt=5.193e-04, KE=5.617705e-03, Mt=0.1062, A_K=0.065, Cuv=-0.160, P_in=6.933e-06, P_tgt=6.876e-06, A_F=0.141, K_low=0.016, P_drag=-1.755e-05, P_cool=-4.242e-05, WENO=0.014 (x=0.014, y=0.014), ReL2D=132.48, eps_nu=4.522e-05, P_hv=1.870e-07, rho_mean=1.000000, p_mean=0.714371, div_rms=1.942e-02, vort_rms=3.861e-01, mass_err=-6.746e-10
step=280800, t=147.934762, dt=5.199e-04, KE=5.551076e-03, Mt=0.1055, A_K=0.085, Cuv=-0.137, P_in=1.885e-06, P_tgt=1.887e-06, A_F=0.204, K_low=0.015, P_drag=-1.614e-05, P_cool=-4.211e-05, WENO=0.015 (x=0.015, y=0.015), ReL2D=132.16, eps_nu=4.429e-05, P_hv=1.885e-07, rho_mean=1.000000, p_mean=0.714370, div_rms=1.940e-02, vort_rms=3.820e-01, mass_err=-6.804e-10
step=283200, t=149.178556, dt=5.187e-04, KE=5.479654e-03, Mt=0.1048, A_K=0.081, Cuv=-0.134, P_in=6.532e-07, P_tgt=6.020e-07, A_F=0.158, K_low=0.014, P_drag=-1.550e-05, P_cool=-4.231e-05, WENO=0.015 (x=0.015, y=0.015), ReL2D=130.83, eps_nu=4.324e-05, P_hv=1.940e-07, rho_mean=1.000000, p_mean=0.714370, div_rms=1.891e-02, vort_rms=3.775e-01, mass_err=-6.862e-10
step=285600, t=150.420876, dt=5.161e-04, KE=5.410436e-03, Mt=0.1041, A_K=0.082, Cuv=-0.093, P_in=2.190e-07, P_tgt=2.196e-07, A_F=0.001, K_low=0.015, P_drag=-1.576e-05, P_cool=-4.183e-05, WENO=0.015 (x=0.015, y=0.015), ReL2D=130.98, eps_nu=4.222e-05, P_hv=1.974e-07, rho_mean=1.000000, p_mean=0.714369, div_rms=1.907e-02, vort_rms=3.730e-01, mass_err=-6.921e-10
step=288000, t=151.657400, dt=5.164e-04, KE=5.341599e-03, Mt=0.1034, A_K=0.053, Cuv=-0.072, P_in=9.546e-08, P_tgt=9.314e-08, A_F=0.224, K_low=0.016, P_drag=-1.651e-05, P_cool=-4.125e-05, WENO=0.011 (x=0.011, y=0.011), ReL2D=131.42, eps_nu=4.115e-05, P_hv=1.978e-07, rho_mean=1.000000, p_mean=0.714368, div_rms=1.891e-02, vort_rms=3.682e-01, mass_err=-6.979e-10
step=290400, t=152.893721, dt=5.141e-04, KE=5.263171e-03, Mt=0.1027, A_K=0.007, Cuv=-0.033, P_in=4.563e-08, P_tgt=4.582e-08, A_F=0.135, K_low=0.017, P_drag=-1.799e-05, P_cool=-4.233e-05, WENO=0.014 (x=0.014, y=0.014), ReL2D=131.04, eps_nu=4.001e-05, P_hv=1.980e-07, rho_mean=1.000000, p_mean=0.714370, div_rms=1.836e-02, vort_rms=3.631e-01, mass_err=-7.037e-10
step=292800, t=154.129497, dt=5.188e-04, KE=5.196179e-03, Mt=0.1020, A_K=0.027, Cuv=0.011, P_in=2.468e-08, P_tgt=2.632e-08, A_F=0.105, K_low=0.019, P_drag=-2.001e-05, P_cool=-4.088e-05, WENO=0.005 (x=0.005, y=0.005), ReL2D=132.09, eps_nu=3.900e-05, P_hv=1.952e-07, rho_mean=1.000000, p_mean=0.714367, div_rms=1.941e-02, vort_rms=3.584e-01, mass_err=-7.095e-10
step=295200, t=155.367605, dt=5.170e-04, KE=5.118744e-03, Mt=0.1013, A_K=0.087, Cuv=0.026, P_in=1.990e-08, P_tgt=1.770e-08, A_F=0.141, K_low=0.021, P_drag=-2.184e-05, P_cool=-4.118e-05, WENO=0.026 (x=0.026, y=0.026), ReL2D=132.46, eps_nu=3.790e-05, P_hv=1.907e-07, rho_mean=1.000000, p_mean=0.714368, div_rms=1.542e-02, vort_rms=3.536e-01, mass_err=-7.153e-10
step=297600, t=156.611252, dt=5.176e-04, KE=5.047239e-03, Mt=0.1006, A_K=0.122, Cuv=0.063, P_in=1.380e-08, P_tgt=1.412e-08, A_F=0.033, K_low=0.024, P_drag=-2.408e-05, P_cool=-3.984e-05, WENO=0.018 (x=0.018, y=0.018), ReL2D=133.13, eps_nu=3.691e-05, P_hv=1.828e-07, rho_mean=1.000000, p_mean=0.714365, div_rms=1.781e-02, vort_rms=3.487e-01, mass_err=-7.211e-10
saved snapshot: results/hit2d/final_thesis_Mach_ReL130_N512/production_N512/Mt010_N512/hit2d_step0297600.npz
step=300000, t=157.855734, dt=5.200e-04, KE=4.972923e-03, Mt=0.0999, A_K=0.186, Cuv=0.049, P_in=1.347e-08, P_tgt=1.341e-08, A_F=0.108, K_low=0.026, P_drag=-2.570e-05, P_cool=-3.880e-05, WENO=0.016 (x=0.016, y=0.016), ReL2D=134.88, eps_nu=3.592e-05, P_hv=1.796e-07, rho_mean=1.000000, p_mean=0.714363, div_rms=1.943e-02, vort_rms=3.439e-01, mass_err=-7.269e-10
warning: flow component anisotropy has increased over the last three diagnostic samples
step=302400, t=159.107053, dt=5.202e-04, KE=4.899018e-03, Mt=0.0991, A_K=0.206, Cuv=0.057, P_in=1.549e-08, P_tgt=1.539e-08, A_F=0.139, K_low=0.028, P_drag=-2.725e-05, P_cool=-3.722e-05, WENO=0.018 (x=0.018, y=0.018), ReL2D=134.84, eps_nu=3.492e-05, P_hv=1.743e-07, rho_mean=1.000000, p_mean=0.714360, div_rms=1.734e-02, vort_rms=3.392e-01, mass_err=-7.327e-10
warning: flow component anisotropy has increased over the last three diagnostic samples
step=304800, t=160.359115, dt=5.250e-04, KE=4.813655e-03, Mt=0.0983, A_K=0.239, Cuv=0.025, P_in=2.124e-08, P_tgt=2.130e-08, A_F=0.068, K_low=0.029, P_drag=-2.831e-05, P_cool=-3.805e-05, WENO=0.008 (x=0.008, y=0.008), ReL2D=136.11, eps_nu=3.387e-05, P_hv=1.738e-07, rho_mean=1.000000, p_mean=0.714362, div_rms=1.880e-02, vort_rms=3.340e-01, mass_err=-7.385e-10
warning: flow component anisotropy has increased over the last three diagnostic samples
step=307200, t=161.617975, dt=5.251e-04, KE=4.744725e-03, Mt=0.0975, A_K=0.250, Cuv=0.006, P_in=2.085e-08, P_tgt=3.619e-08, A_F=0.182, K_low=0.031, P_drag=-2.913e-05, P_cool=-3.527e-05, WENO=0.005 (x=0.005, y=0.005), ReL2D=137.99, eps_nu=3.292e-05, P_hv=1.711e-07, rho_mean=1.000000, p_mean=0.714356, div_rms=1.711e-02, vort_rms=3.293e-01, mass_err=-7.443e-10
warning: flow component anisotropy has increased over the last three diagnostic samples
step=309600, t=162.877490, dt=5.257e-04, KE=4.658568e-03, Mt=0.0967, A_K=0.252, Cuv=-0.020, P_in=7.362e-08, P_tgt=7.554e-08, A_F=0.148, K_low=0.032, P_drag=-2.985e-05, P_cool=-3.608e-05, WENO=0.023 (x=0.023, y=0.023), ReL2D=137.37, eps_nu=3.188e-05, P_hv=1.686e-07, rho_mean=1.000000, p_mean=0.714358, div_rms=1.779e-02, vort_rms=3.240e-01, mass_err=-7.502e-10
step=312000, t=164.135640, dt=5.222e-04, KE=4.588426e-03, Mt=0.0959, A_K=0.229, Cuv=-0.046, P_in=1.955e-07, P_tgt=1.946e-07, A_F=0.179, K_low=0.033, P_drag=-3.047e-05, P_cool=-3.378e-05, WENO=0.023 (x=0.023, y=0.023), ReL2D=138.01, eps_nu=3.095e-05, P_hv=1.646e-07, rho_mean=1.000000, p_mean=0.714353, div_rms=1.820e-02, vort_rms=3.192e-01, mass_err=-7.560e-10
step=314400, t=165.391496, dt=5.218e-04, KE=4.508584e-03, Mt=0.0951, A_K=0.214, Cuv=-0.045, P_in=6.292e-07, P_tgt=6.285e-07, A_F=0.160, K_low=0.034, P_drag=-3.077e-05, P_cool=-3.349e-05, WENO=0.018 (x=0.018, y=0.018), ReL2D=138.08, eps_nu=2.998e-05, P_hv=1.599e-07, rho_mean=1.000000, p_mean=0.714353, div_rms=1.627e-02, vort_rms=3.143e-01, mass_err=-7.618e-10
step=316800, t=166.637543, dt=5.210e-04, KE=4.431470e-03, Mt=0.0943, A_K=0.193, Cuv=-0.070, P_in=2.327e-06, P_tgt=2.513e-06, A_F=0.182, K_low=0.036, P_drag=-3.157e-05, P_cool=-3.330e-05, WENO=0.012 (x=0.012, y=0.012), ReL2D=137.18, eps_nu=2.906e-05, P_hv=1.545e-07, rho_mean=1.000000, p_mean=0.714352, div_rms=1.675e-02, vort_rms=3.094e-01, mass_err=-7.676e-10
step=319200, t=167.883308, dt=5.166e-04, KE=4.369194e-03, Mt=0.0936, A_K=0.173, Cuv=-0.062, P_in=1.315e-05, P_tgt=1.254e-05, A_F=0.095, K_low=0.036, P_drag=-3.167e-05, P_cool=-3.141e-05, WENO=0.020 (x=0.020, y=0.020), ReL2D=137.08, eps_nu=2.834e-05, P_hv=1.486e-07, rho_mean=1.000000, p_mean=0.714349, div_rms=1.591e-02, vort_rms=3.056e-01, mass_err=-7.734e-10
step=321600, t=169.120988, dt=5.146e-04, KE=4.335061e-03, Mt=0.0932, A_K=0.123, Cuv=-0.057, P_in=7.365e-05, P_tgt=7.380e-05, A_F=0.078, K_low=0.037, P_drag=-3.221e-05, P_cool=-3.121e-05, WENO=0.013 (x=0.013, y=0.013), ReL2D=136.63, eps_nu=2.786e-05, P_hv=1.423e-07, rho_mean=1.000000, p_mean=0.714348, div_rms=1.744e-02, vort_rms=3.029e-01, mass_err=-7.792e-10
saved snapshot: results/hit2d/final_thesis_Mach_ReL130_N512/production_N512/Mt010_N512/hit2d_step0322400.npz
step=324000, t=170.355060, dt=5.088e-04, KE=4.502041e-03, Mt=0.0950, A_K=0.095, Cuv=-0.088, P_in=3.800e-04, P_tgt=3.806e-04, A_F=0.005, K_low=0.036, P_drag=-3.254e-05, P_cool=-3.074e-05, WENO=0.010 (x=0.010, y=0.010), ReL2D=137.42, eps_nu=2.900e-05, P_hv=1.390e-07, rho_mean=1.000000, p_mean=0.714347, div_rms=1.704e-02, vort_rms=3.091e-01, mass_err=-7.850e-10
step=326400, t=171.586252, dt=5.217e-04, KE=5.134342e-03, Mt=0.1014, A_K=0.023, Cuv=0.002, P_in=6.478e-04, P_tgt=6.436e-04, A_F=0.184, K_low=0.033, P_drag=-3.376e-05, P_cool=-3.089e-05, WENO=0.008 (x=0.008, y=0.008), ReL2D=136.94, eps_nu=3.620e-05, P_hv=1.469e-07, rho_mean=1.000000, p_mean=0.714347, div_rms=1.843e-02, vort_rms=3.453e-01, mass_err=-7.908e-10
step=328800, t=172.847778, dt=5.265e-04, KE=5.611811e-03, Mt=0.1060, A_K=0.002, Cuv=-0.004, P_in=2.533e-04, P_tgt=2.538e-04, A_F=0.100, K_low=0.030, P_drag=-3.365e-05, P_cool=-3.362e-05, WENO=0.010 (x=0.010, y=0.010), ReL2D=151.13, eps_nu=4.066e-05, P_hv=1.558e-07, rho_mean=1.000000, p_mean=0.714353, div_rms=1.775e-02, vort_rms=3.661e-01, mass_err=-7.967e-10
step=331200, t=174.111350, dt=5.239e-04, KE=5.737862e-03, Mt=0.1073, A_K=0.033, Cuv=-0.017, P_in=5.643e-05, P_tgt=5.648e-05, A_F=0.104, K_low=0.028, P_drag=-3.270e-05, P_cool=-3.688e-05, WENO=0.014 (x=0.014, y=0.014), ReL2D=146.37, eps_nu=4.263e-05, P_hv=1.648e-07, rho_mean=1.000000, p_mean=0.714359, div_rms=1.918e-02, vort_rms=3.748e-01, mass_err=-8.025e-10
step=333600, t=175.360725, dt=5.204e-04, KE=5.698692e-03, Mt=0.1069, A_K=0.024, Cuv=-0.029, P_in=1.207e-05, P_tgt=1.211e-05, A_F=0.071, K_low=0.029, P_drag=-3.275e-05, P_cool=-3.660e-05, WENO=0.014 (x=0.014, y=0.014), ReL2D=144.70, eps_nu=4.235e-05, P_hv=1.696e-07, rho_mean=1.000000, p_mean=0.714359, div_rms=1.949e-02, vort_rms=3.735e-01, mass_err=-8.083e-10
step=336000, t=176.609716, dt=5.203e-04, KE=5.612997e-03, Mt=0.1061, A_K=0.017, Cuv=-0.088, P_in=2.970e-06, P_tgt=2.964e-06, A_F=0.127, K_low=0.030, P_drag=-3.326e-05, P_cool=-3.827e-05, WENO=0.012 (x=0.012, y=0.012), ReL2D=141.00, eps_nu=4.157e-05, P_hv=1.724e-07, rho_mean=1.000000, p_mean=0.714362, div_rms=1.767e-02, vort_rms=3.702e-01, mass_err=-8.141e-10
step=338400, t=177.859927, dt=5.230e-04, KE=5.526941e-03, Mt=0.1052, A_K=0.005, Cuv=-0.072, P_in=8.479e-07, P_tgt=8.518e-07, A_F=0.175, K_low=0.031, P_drag=-3.430e-05, P_cool=-3.782e-05, WENO=0.019 (x=0.019, y=0.019), ReL2D=140.09, eps_nu=4.062e-05, P_hv=1.747e-07, rho_mean=1.000000, p_mean=0.714361, div_rms=1.824e-02, vort_rms=3.659e-01, mass_err=-8.199e-10
step=340800, t=179.120622, dt=5.275e-04, KE=5.420909e-03, Mt=0.1042, A_K=0.006, Cuv=-0.117, P_in=3.087e-07, P_tgt=2.938e-07, A_F=0.347, K_low=0.033, P_drag=-3.573e-05, P_cool=-4.056e-05, WENO=0.023 (x=0.023, y=0.023), ReL2D=136.86, eps_nu=3.954e-05, P_hv=1.720e-07, rho_mean=1.000000, p_mean=0.714367, div_rms=1.686e-02, vort_rms=3.611e-01, mass_err=-8.257e-10
step=343200, t=180.384771, dt=5.268e-04, KE=5.339220e-03, Mt=0.1035, A_K=0.015, Cuv=-0.112, P_in=1.239e-07, P_tgt=1.223e-07, A_F=0.000, K_low=0.036, P_drag=-3.805e-05, P_cool=-3.789e-05, WENO=0.016 (x=0.016, y=0.016), ReL2D=135.47, eps_nu=3.857e-05, P_hv=1.748e-07, rho_mean=1.000000, p_mean=0.714361, div_rms=1.774e-02, vort_rms=3.566e-01, mass_err=-8.315e-10
step=345600, t=181.652573, dt=5.307e-04, KE=5.243487e-03, Mt=0.1025, A_K=0.029, Cuv=-0.113, P_in=6.272e-08, P_tgt=6.251e-08, A_F=0.196, K_low=0.039, P_drag=-4.060e-05, P_cool=-3.740e-05, WENO=0.016 (x=0.016, y=0.016), ReL2D=132.37, eps_nu=3.759e-05, P_hv=1.748e-07, rho_mean=1.000000, p_mean=0.714361, div_rms=1.808e-02, vort_rms=3.519e-01, mass_err=-8.373e-10
saved snapshot: results/hit2d/final_thesis_Mach_ReL130_N512/production_N512/Mt010_N512/hit2d_step0347200.npz
step=348000, t=182.928486, dt=5.326e-04, KE=5.135574e-03, Mt=0.1014, A_K=0.038, Cuv=-0.128, P_in=3.957e-08, P_tgt=3.968e-08, A_F=0.195, K_low=0.043, P_drag=-4.409e-05, P_cool=-3.842e-05, WENO=0.010 (x=0.010, y=0.010), ReL2D=130.27, eps_nu=3.650e-05, P_hv=1.717e-07, rho_mean=1.000000, p_mean=0.714363, div_rms=1.762e-02, vort_rms=3.468e-01, mass_err=-8.432e-10
step=350400, t=184.204446, dt=5.305e-04, KE=5.036134e-03, Mt=0.1004, A_K=0.033, Cuv=-0.114, P_in=3.204e-08, P_tgt=3.168e-08, A_F=0.143, K_low=0.048, P_drag=-4.796e-05, P_cool=-3.703e-05, WENO=0.003 (x=0.003, y=0.003), ReL2D=127.89, eps_nu=3.548e-05, P_hv=1.734e-07, rho_mean=1.000000, p_mean=0.714360, div_rms=1.816e-02, vort_rms=3.419e-01, mass_err=-8.490e-10
step=352800, t=185.478444, dt=5.324e-04, KE=4.926694e-03, Mt=0.0993, A_K=0.041, Cuv=-0.110, P_in=3.221e-08, P_tgt=3.256e-08, A_F=0.320, K_low=0.053, P_drag=-5.262e-05, P_cool=-3.666e-05, WENO=0.012 (x=0.012, y=0.012), ReL2D=126.78, eps_nu=3.442e-05, P_hv=1.712e-07, rho_mean=1.000000, p_mean=0.714359, div_rms=1.740e-02, vort_rms=3.367e-01, mass_err=-8.548e-10
step=355200, t=186.753178, dt=5.291e-04, KE=4.817051e-03, Mt=0.0982, A_K=0.051, Cuv=-0.109, P_in=4.697e-08, P_tgt=4.400e-08, A_F=0.069, K_low=0.060, P_drag=-5.746e-05, P_cool=-3.529e-05, WENO=0.018 (x=0.018, y=0.018), ReL2D=126.40, eps_nu=3.338e-05, P_hv=1.714e-07, rho_mean=1.000000, p_mean=0.714356, div_rms=1.796e-02, vort_rms=3.316e-01, mass_err=-8.606e-10
step=357600, t=188.024958, dt=5.299e-04, KE=4.694981e-03, Mt=0.0970, A_K=0.055, Cuv=-0.098, P_in=8.085e-08, P_tgt=8.016e-08, A_F=0.145, K_low=0.066, P_drag=-6.226e-05, P_cool=-3.545e-05, WENO=0.021 (x=0.021, y=0.021), ReL2D=124.58, eps_nu=3.229e-05, P_hv=1.694e-07, rho_mean=1.000000, p_mean=0.714357, div_rms=1.769e-02, vort_rms=3.261e-01, mass_err=-8.663e-10
step=360000, t=189.298269, dt=5.291e-04, KE=4.574051e-03, Mt=0.0957, A_K=0.045, Cuv=-0.094, P_in=1.984e-07, P_tgt=2.019e-07, A_F=0.086, K_low=0.072, P_drag=-6.608e-05, P_cool=-3.440e-05, WENO=0.029 (x=0.029, y=0.029), ReL2D=125.18, eps_nu=3.129e-05, P_hv=1.644e-07, rho_mean=1.000000, p_mean=0.714355, div_rms=1.802e-02, vort_rms=3.210e-01, mass_err=-8.722e-10
step=362400, t=190.570821, dt=5.298e-04, KE=4.451333e-03, Mt=0.0944, A_K=0.065, Cuv=-0.109, P_in=7.419e-07, P_tgt=7.239e-07, A_F=0.003, K_low=0.077, P_drag=-6.877e-05, P_cool=-3.320e-05, WENO=0.014 (x=0.014, y=0.014), ReL2D=123.98, eps_nu=3.019e-05, P_hv=1.649e-07, rho_mean=1.000000, p_mean=0.714352, div_rms=1.646e-02, vort_rms=3.154e-01, mass_err=-8.780e-10
step=364800, t=191.844470, dt=5.329e-04, KE=4.316781e-03, Mt=0.0930, A_K=0.054, Cuv=-0.090, P_in=3.948e-06, P_tgt=3.795e-06, A_F=0.042, K_low=0.081, P_drag=-6.947e-05, P_cool=-3.439e-05, WENO=0.009 (x=0.009, y=0.009), ReL2D=125.30, eps_nu=2.914e-05, P_hv=1.638e-07, rho_mean=1.000000, p_mean=0.714354, div_rms=1.625e-02, vort_rms=3.099e-01, mass_err=-8.838e-10
step=367200, t=193.116246, dt=5.295e-04, KE=4.220886e-03, Mt=0.0919, A_K=0.049, Cuv=-0.120, P_in=2.878e-05, P_tgt=2.884e-05, A_F=0.260, K_low=0.081, P_drag=-6.860e-05, P_cool=-3.136e-05, WENO=0.021 (x=0.021, y=0.021), ReL2D=124.71, eps_nu=2.828e-05, P_hv=1.622e-07, rho_mean=1.000000, p_mean=0.714348, div_rms=1.748e-02, vort_rms=3.051e-01, mass_err=-8.896e-10
step=369600, t=194.388570, dt=5.305e-04, KE=4.235199e-03, Mt=0.0921, A_K=0.044, Cuv=-0.091, P_in=2.755e-04, P_tgt=2.751e-04, A_F=0.026, K_low=0.078, P_drag=-6.566e-05, P_cool=-3.126e-05, WENO=0.010 (x=0.010, y=0.010), ReL2D=126.85, eps_nu=2.864e-05, P_hv=1.616e-07, rho_mean=1.000000, p_mean=0.714348, div_rms=1.589e-02, vort_rms=3.072e-01, mass_err=-8.954e-10
step=372000, t=195.651613, dt=5.201e-04, KE=4.958784e-03, Mt=0.0997, A_K=0.057, Cuv=-0.026, P_in=1.000e-03, P_tgt=1.004e-03, A_F=0.125, K_low=0.064, P_drag=-6.333e-05, P_cool=-3.252e-05, WENO=0.012 (x=0.012, y=0.012), ReL2D=136.67, eps_nu=3.557e-05, P_hv=1.689e-07, rho_mean=1.000000, p_mean=0.714351, div_rms=1.620e-02, vort_rms=3.424e-01, mass_err=-9.012e-10
saved snapshot: results/hit2d/final_thesis_Mach_ReL130_N512/production_N512/Mt010_N512/hit2d_step0372000.npz
step=374400, t=196.890781, dt=5.125e-04, KE=5.757918e-03, Mt=0.1074, A_K=0.081, Cuv=0.054, P_in=3.869e-04, P_tgt=3.873e-04, A_F=0.189, K_low=0.053, P_drag=-6.077e-05, P_cool=-3.453e-05, WENO=0.013 (x=0.013, y=0.013), ReL2D=140.03, eps_nu=4.384e-05, P_hv=1.982e-07, rho_mean=1.000000, p_mean=0.714355, div_rms=1.823e-02, vort_rms=3.801e-01, mass_err=-9.070e-10
step=376800, t=198.126241, dt=5.148e-04, KE=5.856958e-03, Mt=0.1083, A_K=0.030, Cuv=0.075, P_in=6.840e-05, P_tgt=6.797e-05, A_F=0.125, K_low=0.049, P_drag=-5.736e-05, P_cool=-3.717e-05, WENO=0.006 (x=0.006, y=0.006), ReL2D=135.28, eps_nu=4.615e-05, P_hv=2.193e-07, rho_mean=1.000000, p_mean=0.714360, div_rms=1.835e-02, vort_rms=3.901e-01, mass_err=-9.128e-10
step=379200, t=199.366722, dt=5.191e-04, KE=5.771209e-03, Mt=0.1076, A_K=0.025, Cuv=0.088, P_in=1.213e-05, P_tgt=1.224e-05, A_F=0.196, K_low=0.047, P_drag=-5.426e-05, P_cool=-3.911e-05, WENO=0.013 (x=0.013, y=0.013), ReL2D=134.41, eps_nu=4.522e-05, P_hv=2.279e-07, rho_mean=1.000000, p_mean=0.714364, div_rms=1.654e-02, vort_rms=3.862e-01, mass_err=-9.186e-10
step=381600, t=200.615598, dt=5.211e-04, KE=5.657639e-03, Mt=0.1065, A_K=0.020, Cuv=0.100, P_in=2.693e-06, P_tgt=2.654e-06, A_F=0.186, K_low=0.047, P_drag=-5.343e-05, P_cool=-4.021e-05, WENO=0.006 (x=0.006, y=0.006), ReL2D=135.64, eps_nu=4.393e-05, P_hv=2.292e-07, rho_mean=1.000000, p_mean=0.714366, div_rms=1.819e-02, vort_rms=3.806e-01, mass_err=-9.244e-10
step=384000, t=201.865622, dt=5.202e-04, KE=5.544216e-03, Mt=0.1054, A_K=0.049, Cuv=0.100, P_in=7.670e-07, P_tgt=7.193e-07, A_F=0.009, K_low=0.049, P_drag=-5.408e-05, P_cool=-3.976e-05, WENO=0.006 (x=0.006, y=0.006), ReL2D=133.86, eps_nu=4.264e-05, P_hv=2.287e-07, rho_mean=1.000000, p_mean=0.714365, div_rms=1.694e-02, vort_rms=3.750e-01, mass_err=-9.302e-10
step=386400, t=203.119342, dt=5.243e-04, KE=5.419763e-03, Mt=0.1042, A_K=0.090, Cuv=0.113, P_in=2.430e-07, P_tgt=2.452e-07, A_F=0.039, K_low=0.051, P_drag=-5.506e-05, P_cool=-4.101e-05, WENO=0.016 (x=0.016, y=0.016), ReL2D=135.26, eps_nu=4.130e-05, P_hv=2.248e-07, rho_mean=1.000000, p_mean=0.714368, div_rms=1.695e-02, vort_rms=3.690e-01, mass_err=-9.360e-10
step=388800, t=204.370097, dt=5.187e-04, KE=5.301446e-03, Mt=0.1031, A_K=0.122, Cuv=0.088, P_in=1.078e-07, P_tgt=1.070e-07, A_F=0.269, K_low=0.053, P_drag=-5.608e-05, P_cool=-4.056e-05, WENO=0.013 (x=0.013, y=0.013), ReL2D=134.56, eps_nu=3.995e-05, P_hv=2.238e-07, rho_mean=1.000000, p_mean=0.714367, div_rms=1.698e-02, vort_rms=3.629e-01, mass_err=-9.419e-10
step=391200, t=205.620078, dt=5.226e-04, KE=5.179039e-03, Mt=0.1019, A_K=0.141, Cuv=0.096, P_in=6.010e-08, P_tgt=6.018e-08, A_F=0.073, K_low=0.053, P_drag=-5.500e-05, P_cool=-4.103e-05, WENO=0.015 (x=0.015, y=0.015), ReL2D=135.01, eps_nu=3.859e-05, P_hv=2.269e-07, rho_mean=1.000000, p_mean=0.714368, div_rms=1.586e-02, vort_rms=3.567e-01, mass_err=-9.477e-10
step=393600, t=206.867950, dt=5.218e-04, KE=5.065220e-03, Mt=0.1008, A_K=0.154, Cuv=0.057, P_in=4.375e-08, P_tgt=4.407e-08, A_F=0.054, K_low=0.052, P_drag=-5.278e-05, P_cool=-4.023e-05, WENO=0.030 (x=0.030, y=0.030), ReL2D=133.89, eps_nu=3.725e-05, P_hv=2.297e-07, rho_mean=1.000000, p_mean=0.714366, div_rms=1.697e-02, vort_rms=3.504e-01, mass_err=-9.535e-10
step=396000, t=208.122748, dt=5.235e-04, KE=4.964082e-03, Mt=0.0997, A_K=0.153, Cuv=0.056, P_in=4.183e-08, P_tgt=4.184e-08, A_F=0.155, K_low=0.048, P_drag=-4.814e-05, P_cool=-3.787e-05, WENO=0.012 (x=0.012, y=0.012), ReL2D=132.68, eps_nu=3.593e-05, P_hv=2.327e-07, rho_mean=1.000000, p_mean=0.714361, div_rms=1.786e-02, vort_rms=3.441e-01, mass_err=-9.593e-10
saved snapshot: results/hit2d/final_thesis_Mach_ReL130_N512/production_N512/Mt010_N512/hit2d_step0396800.npz
step=398400, t=209.386675, dt=5.314e-04, KE=4.850029e-03, Mt=0.0986, A_K=0.169, Cuv=0.043, P_in=5.271e-08, P_tgt=5.168e-08, A_F=0.172, K_low=0.044, P_drag=-4.298e-05, P_cool=-3.937e-05, WENO=0.024 (x=0.024, y=0.024), ReL2D=131.81, eps_nu=3.452e-05, P_hv=2.300e-07, rho_mean=1.000000, p_mean=0.714364, div_rms=1.620e-02, vort_rms=3.373e-01, mass_err=-9.651e-10
step=400800, t=210.666403, dt=5.372e-04, KE=4.767972e-03, Mt=0.0977, A_K=0.157, Cuv=0.034, P_in=8.237e-08, P_tgt=8.153e-08, A_F=0.042, K_low=0.039, P_drag=-3.727e-05, P_cool=-3.589e-05, WENO=0.010 (x=0.010, y=0.010), ReL2D=129.81, eps_nu=3.317e-05, P_hv=2.249e-07, rho_mean=1.000000, p_mean=0.714357, div_rms=1.661e-02, vort_rms=3.306e-01, mass_err=-9.709e-10
step=403200, t=211.959121, dt=5.392e-04, KE=4.671182e-03, Mt=0.0968, A_K=0.171, Cuv=0.017, P_in=1.593e-07, P_tgt=1.634e-07, A_F=0.182, K_low=0.034, P_drag=-3.174e-05, P_cool=-3.689e-05, WENO=0.007 (x=0.007, y=0.007), ReL2D=130.42, eps_nu=3.183e-05, P_hv=2.194e-07, rho_mean=1.000000, p_mean=0.714360, div_rms=1.702e-02, vort_rms=3.238e-01, mass_err=-9.767e-10
step=405600, t=213.253418, dt=5.388e-04, KE=4.598890e-03, Mt=0.0960, A_K=0.175, Cuv=0.027, P_in=3.888e-07, P_tgt=4.095e-07, A_F=0.059, K_low=0.030, P_drag=-2.748e-05, P_cool=-3.457e-05, WENO=0.023 (x=0.023, y=0.023), ReL2D=128.00, eps_nu=3.053e-05, P_hv=2.132e-07, rho_mean=1.000000, p_mean=0.714355, div_rms=1.641e-02, vort_rms=3.171e-01, mass_err=-9.826e-10
step=408000, t=214.545129, dt=5.362e-04, KE=4.524735e-03, Mt=0.0952, A_K=0.198, Cuv=0.034, P_in=1.243e-06, P_tgt=1.267e-06, A_F=0.070, K_low=0.027, P_drag=-2.417e-05, P_cool=-3.413e-05, WENO=0.016 (x=0.016, y=0.016), ReL2D=128.99, eps_nu=2.930e-05, P_hv=2.009e-07, rho_mean=1.000000, p_mean=0.714354, div_rms=1.476e-02, vort_rms=3.108e-01, mass_err=-9.884e-10
warning: flow component anisotropy has increased over the last three diagnostic samples
step=410400, t=215.828313, dt=5.350e-04, KE=4.465150e-03, Mt=0.0946, A_K=0.201, Cuv=0.040, P_in=4.792e-06, P_tgt=4.798e-06, A_F=0.302, K_low=0.025, P_drag=-2.245e-05, P_cool=-3.218e-05, WENO=0.012 (x=0.012, y=0.012), ReL2D=128.24, eps_nu=2.816e-05, P_hv=1.941e-07, rho_mean=1.000000, p_mean=0.714350, div_rms=1.483e-02, vort_rms=3.047e-01, mass_err=-9.942e-10
warning: flow component anisotropy has increased over the last three diagnostic samples
step=412800, t=217.108953, dt=5.325e-04, KE=4.412646e-03, Mt=0.0940, A_K=0.221, Cuv=0.073, P_in=2.117e-05, P_tgt=2.130e-05, A_F=0.173, K_low=0.024, P_drag=-2.154e-05, P_cool=-3.198e-05, WENO=0.021 (x=0.021, y=0.021), ReL2D=130.11, eps_nu=2.722e-05, P_hv=1.804e-07, rho_mean=1.000000, p_mean=0.714350, div_rms=1.588e-02, vort_rms=2.995e-01, mass_err=-1.000e-09
warning: flow component anisotropy has increased over the last three diagnostic samples
step=415200, t=218.390831, dt=5.333e-04, KE=4.419820e-03, Mt=0.0941, A_K=0.222, Cuv=0.084, P_in=1.032e-04, P_tgt=1.042e-04, A_F=0.151, K_low=0.025, P_drag=-2.174e-05, P_cool=-3.034e-05, WENO=0.028 (x=0.028, y=0.028), ReL2D=132.69, eps_nu=2.670e-05, P_hv=1.706e-07, rho_mean=1.000000, p_mean=0.714346, div_rms=1.453e-02, vort_rms=2.966e-01, mass_err=-1.006e-09
step=417600, t=219.659736, dt=5.225e-04, KE=4.639219e-03, Mt=0.0964, A_K=0.164, Cuv=0.104, P_in=3.800e-04, P_tgt=3.825e-04, A_F=0.077, K_low=0.025, P_drag=-2.276e-05, P_cool=-3.060e-05, WENO=0.006 (x=0.006, y=0.006), ReL2D=134.50, eps_nu=2.953e-05, P_hv=1.669e-07, rho_mean=1.000000, p_mean=0.714347, div_rms=1.625e-02, vort_rms=3.119e-01, mass_err=-1.012e-09
step=420000, t=220.916775, dt=5.219e-04, KE=5.176190e-03, Mt=0.1018, A_K=0.121, Cuv=0.073, P_in=4.864e-04, P_tgt=4.857e-04, A_F=0.023, K_low=0.024, P_drag=-2.466e-05, P_cool=-3.142e-05, WENO=0.022 (x=0.022, y=0.022), ReL2D=140.59, eps_nu=3.541e-05, P_hv=1.764e-07, rho_mean=1.000000, p_mean=0.714349, div_rms=1.788e-02, vort_rms=3.416e-01, mass_err=-1.017e-09
saved snapshot: results/hit2d/final_thesis_Mach_ReL130_N512/production_N512/Mt010_N512/hit2d_step0421600.npz
step=422400, t=222.174215, dt=5.246e-04, KE=5.532848e-03, Mt=0.1053, A_K=0.093, Cuv=0.065, P_in=2.023e-04, P_tgt=2.025e-04, A_F=0.108, K_low=0.024, P_drag=-2.665e-05, P_cool=-3.249e-05, WENO=0.014 (x=0.014, y=0.014), ReL2D=144.34, eps_nu=3.872e-05, P_hv=1.812e-07, rho_mean=1.000000, p_mean=0.714351, div_rms=1.642e-02, vort_rms=3.573e-01, mass_err=-1.023e-09
step=424800, t=223.432154, dt=5.253e-04, KE=5.589689e-03, Mt=0.1059, A_K=0.086, Cuv=0.044, P_in=5.768e-05, P_tgt=5.756e-05, A_F=0.038, K_low=0.025, P_drag=-2.767e-05, P_cool=-3.484e-05, WENO=0.008 (x=0.008, y=0.008), ReL2D=143.93, eps_nu=3.962e-05, P_hv=1.859e-07, rho_mean=1.000000, p_mean=0.714355, div_rms=1.614e-02, vort_rms=3.615e-01, mass_err=-1.029e-09
step=427200, t=224.695357, dt=5.271e-04, KE=5.554121e-03, Mt=0.1055, A_K=0.093, Cuv=0.078, P_in=1.642e-05, P_tgt=1.640e-05, A_F=0.012, K_low=0.025, P_drag=-2.774e-05, P_cool=-3.459e-05, WENO=0.012 (x=0.012, y=0.012), ReL2D=143.14, eps_nu=3.902e-05, P_hv=1.820e-07, rho_mean=1.000000, p_mean=0.714355, div_rms=1.692e-02, vort_rms=3.587e-01, mass_err=-1.035e-09
step=429600, t=225.969249, dt=5.342e-04, KE=5.469470e-03, Mt=0.1047, A_K=0.095, Cuv=0.099, P_in=5.264e-06, P_tgt=5.226e-06, A_F=0.077, K_low=0.026, P_drag=-2.826e-05, P_cool=-3.768e-05, WENO=0.009 (x=0.009, y=0.009), ReL2D=143.36, eps_nu=3.801e-05, P_hv=1.754e-07, rho_mean=1.000000, p_mean=0.714361, div_rms=1.609e-02, vort_rms=3.540e-01, mass_err=-1.041e-09
step=432000, t=227.253327, dt=5.360e-04, KE=5.398324e-03, Mt=0.1040, A_K=0.105, Cuv=0.127, P_in=2.057e-06, P_tgt=1.950e-06, A_F=0.011, K_low=0.026, P_drag=-2.823e-05, P_cool=-3.623e-05, WENO=0.026 (x=0.026, y=0.026), ReL2D=141.83, eps_nu=3.708e-05, P_hv=1.701e-07, rho_mean=1.000000, p_mean=0.714358, div_rms=1.483e-02, vort_rms=3.497e-01, mass_err=-1.047e-09
step=434400, t=228.536811, dt=5.344e-04, KE=5.312385e-03, Mt=0.1032, A_K=0.099, Cuv=0.163, P_in=8.579e-07, P_tgt=8.528e-07, A_F=0.097, K_low=0.026, P_drag=-2.813e-05, P_cool=-3.726e-05, WENO=0.015 (x=0.015, y=0.015), ReL2D=141.39, eps_nu=3.605e-05, P_hv=1.689e-07, rho_mean=1.000000, p_mean=0.714360, div_rms=1.573e-02, vort_rms=3.448e-01, mass_err=-1.052e-09
step=436800, t=229.819014, dt=5.316e-04, KE=5.239361e-03, Mt=0.1024, A_K=0.107, Cuv=0.175, P_in=4.499e-07, P_tgt=4.479e-07, A_F=0.086, K_low=0.027, P_drag=-2.796e-05, P_cool=-3.533e-05, WENO=0.008 (x=0.008, y=0.008), ReL2D=139.64, eps_nu=3.509e-05, P_hv=1.686e-07, rho_mean=1.000000, p_mean=0.714356, div_rms=1.500e-02, vort_rms=3.402e-01, mass_err=-1.058e-09
step=439200, t=231.093854, dt=5.297e-04, KE=5.153928e-03, Mt=0.1016, A_K=0.115, Cuv=0.232, P_in=2.784e-07, P_tgt=2.769e-07, A_F=0.220, K_low=0.027, P_drag=-2.756e-05, P_cool=-3.643e-05, WENO=0.021 (x=0.021, y=0.021), ReL2D=140.37, eps_nu=3.407e-05, P_hv=1.645e-07, rho_mean=1.000000, p_mean=0.714359, div_rms=1.508e-02, vort_rms=3.352e-01, mass_err=-1.064e-09
step=441600, t=232.367063, dt=5.312e-04, KE=5.080213e-03, Mt=0.1009, A_K=0.122, Cuv=0.231, P_in=1.948e-07, P_tgt=2.054e-07, A_F=0.149, K_low=0.027, P_drag=-2.692e-05, P_cool=-3.515e-05, WENO=0.016 (x=0.016, y=0.016), ReL2D=138.73, eps_nu=3.310e-05, P_hv=1.632e-07, rho_mean=1.000000, p_mean=0.714356, div_rms=1.484e-02, vort_rms=3.304e-01, mass_err=-1.070e-09
step=444000, t=233.635743, dt=5.269e-04, KE=5.006435e-03, Mt=0.1001, A_K=0.135, Cuv=0.273, P_in=1.847e-07, P_tgt=1.806e-07, A_F=0.009, K_low=0.026, P_drag=-2.627e-05, P_cool=-3.449e-05, WENO=0.022 (x=0.022, y=0.022), ReL2D=138.24, eps_nu=3.214e-05, P_hv=1.605e-07, rho_mean=1.000000, p_mean=0.714355, div_rms=1.562e-02, vort_rms=3.255e-01, mass_err=-1.076e-09
step=446400, t=234.904843, dt=5.303e-04, KE=4.931930e-03, Mt=0.0994, A_K=0.136, Cuv=0.263, P_in=1.913e-07, P_tgt=1.899e-07, A_F=0.049, K_low=0.026, P_drag=-2.567e-05, P_cool=-3.412e-05, WENO=0.022 (x=0.022, y=0.022), ReL2D=137.70, eps_nu=3.120e-05, P_hv=1.563e-07, rho_mean=1.000000, p_mean=0.714354, div_rms=1.519e-02, vort_rms=3.207e-01, mass_err=-1.081e-09
saved snapshot: results/hit2d/final_thesis_Mach_ReL130_N512/production_N512/Mt010_N512/hit2d_step0446400.npz
step=448800, t=236.176227, dt=5.300e-04, KE=4.868708e-03, Mt=0.0988, A_K=0.157, Cuv=0.280, P_in=2.428e-07, P_tgt=2.384e-07, A_F=0.019, K_low=0.026, P_drag=-2.488e-05, P_cool=-3.195e-05, WENO=0.007 (x=0.007, y=0.007), ReL2D=135.53, eps_nu=3.030e-05, P_hv=1.532e-07, rho_mean=1.000000, p_mean=0.714350, div_rms=1.545e-02, vort_rms=3.160e-01, mass_err=-1.087e-09
step=451200, t=237.449636, dt=5.318e-04, KE=4.793516e-03, Mt=0.0980, A_K=0.156, Cuv=0.273, P_in=3.582e-07, P_tgt=3.579e-07, A_F=0.150, K_low=0.025, P_drag=-2.433e-05, P_cool=-3.244e-05, WENO=0.016 (x=0.016, y=0.016), ReL2D=135.86, eps_nu=2.940e-05, P_hv=1.504e-07, rho_mean=1.000000, p_mean=0.714351, div_rms=1.560e-02, vort_rms=3.113e-01, mass_err=-1.093e-09
step=453600, t=238.734857, dt=5.359e-04, KE=4.732794e-03, Mt=0.0973, A_K=0.178, Cuv=0.279, P_in=6.265e-07, P_tgt=6.406e-07, A_F=0.256, K_low=0.025, P_drag=-2.341e-05, P_cool=-3.037e-05, WENO=0.018 (x=0.018, y=0.018), ReL2D=134.83, eps_nu=2.849e-05, P_hv=1.456e-07, rho_mean=1.000000, p_mean=0.714346, div_rms=1.516e-02, vort_rms=3.065e-01, mass_err=-1.099e-09
step=456000, t=240.023606, dt=5.390e-04, KE=4.657703e-03, Mt=0.0966, A_K=0.174, Cuv=0.273, P_in=1.541e-06, P_tgt=1.365e-06, A_F=0.038, K_low=0.024, P_drag=-2.216e-05, P_cool=-3.182e-05, WENO=0.013 (x=0.013, y=0.013), ReL2D=136.22, eps_nu=2.760e-05, P_hv=1.424e-07, rho_mean=1.000000, p_mean=0.714349, div_rms=1.508e-02, vort_rms=3.016e-01, mass_err=-1.105e-09
step=458400, t=241.313069, dt=5.342e-04, KE=4.607646e-03, Mt=0.0960, A_K=0.180, Cuv=0.273, P_in=3.564e-06, P_tgt=3.450e-06, A_F=0.087, K_low=0.022, P_drag=-2.061e-05, P_cool=-2.913e-05, WENO=0.029 (x=0.029, y=0.029), ReL2D=136.42, eps_nu=2.680e-05, P_hv=1.369e-07, rho_mean=1.000000, p_mean=0.714344, div_rms=1.460e-02, vort_rms=2.972e-01, mass_err=-1.110e-09
step=460800, t=242.598286, dt=5.361e-04, KE=4.553884e-03, Mt=0.0955, A_K=0.174, Cuv=0.268, P_in=1.020e-05, P_tgt=1.020e-05, A_F=0.190, K_low=0.021, P_drag=-1.866e-05, P_cool=-2.901e-05, WENO=0.004 (x=0.004, y=0.004), ReL2D=137.54, eps_nu=2.608e-05, P_hv=1.328e-07, rho_mean=1.000000, p_mean=0.714344, div_rms=1.372e-02, vort_rms=2.932e-01, mass_err=-1.116e-09
step=463200, t=243.883400, dt=5.363e-04, KE=4.525100e-03, Mt=0.0952, A_K=0.147, Cuv=0.266, P_in=3.398e-05, P_tgt=3.427e-05, A_F=0.228, K_low=0.019, P_drag=-1.682e-05, P_cool=-2.791e-05, WENO=0.016 (x=0.016, y=0.016), ReL2D=136.77, eps_nu=2.550e-05, P_hv=1.273e-07, rho_mean=1.000000, p_mean=0.714342, div_rms=1.353e-02, vort_rms=2.900e-01, mass_err=-1.122e-09
step=465600, t=245.163450, dt=5.321e-04, KE=4.559095e-03, Mt=0.0955, A_K=0.119, Cuv=0.279, P_in=1.144e-04, P_tgt=1.154e-04, A_F=0.114, K_low=0.016, P_drag=-1.482e-05, P_cool=-2.736e-05, WENO=0.010 (x=0.010, y=0.010), ReL2D=138.24, eps_nu=2.580e-05, P_hv=1.234e-07, rho_mean=1.000000, p_mean=0.714340, div_rms=1.437e-02, vort_rms=2.916e-01, mass_err=-1.128e-09
step=468000, t=246.442374, dt=5.304e-04, KE=4.749682e-03, Mt=0.0976, A_K=0.077, Cuv=0.277, P_in=2.894e-04, P_tgt=2.905e-04, A_F=0.184, K_low=0.014, P_drag=-1.309e-05, P_cool=-2.917e-05, WENO=0.018 (x=0.018, y=0.018), ReL2D=137.75, eps_nu=2.749e-05, P_hv=1.196e-07, rho_mean=1.000000, p_mean=0.714344, div_rms=1.351e-02, vort_rms=3.011e-01, mass_err=-1.134e-09
step=470400, t=247.706975, dt=5.269e-04, KE=5.128683e-03, Mt=0.1013, A_K=0.016, Cuv=0.327, P_in=3.315e-04, P_tgt=3.310e-04, A_F=0.043, K_low=0.011, P_drag=-1.169e-05, P_cool=-2.811e-05, WENO=0.020 (x=0.020, y=0.020), ReL2D=140.44, eps_nu=3.120e-05, P_hv=1.234e-07, rho_mean=1.000000, p_mean=0.714342, div_rms=1.357e-02, vort_rms=3.208e-01, mass_err=-1.140e-09
saved snapshot: results/hit2d/final_thesis_Mach_ReL130_N512/production_N512/Mt010_N512/hit2d_step0471200.npz
step=472800, t=248.973990, dt=5.288e-04, KE=5.381933e-03, Mt=0.1039, A_K=0.066, Cuv=0.338, P_in=1.722e-04, P_tgt=1.724e-04, A_F=0.106, K_low=0.011, P_drag=-1.172e-05, P_cool=-3.180e-05, WENO=0.017 (x=0.017, y=0.017), ReL2D=142.53, eps_nu=3.416e-05, P_hv=1.305e-07, rho_mean=1.000000, p_mean=0.714349, div_rms=1.450e-02, vort_rms=3.356e-01, mass_err=-1.145e-09
step=475200, t=250.247662, dt=5.333e-04, KE=5.482160e-03, Mt=0.1048, A_K=0.068, Cuv=0.342, P_in=6.325e-05, P_tgt=6.324e-05, A_F=0.272, K_low=0.012, P_drag=-1.271e-05, P_cool=-2.913e-05, WENO=0.018 (x=0.018, y=0.018), ReL2D=140.89, eps_nu=3.450e-05, P_hv=1.337e-07, rho_mean=1.000000, p_mean=0.714344, div_rms=1.481e-02, vort_rms=3.373e-01, mass_err=-1.151e-09
step=477600, t=251.533281, dt=5.357e-04, KE=5.472837e-03, Mt=0.1047, A_K=0.106, Cuv=0.327, P_in=2.182e-05, P_tgt=2.144e-05, A_F=0.009, K_low=0.013, P_drag=-1.464e-05, P_cool=-3.187e-05, WENO=0.008 (x=0.008, y=0.008), ReL2D=139.98, eps_nu=3.437e-05, P_hv=1.346e-07, rho_mean=1.000000, p_mean=0.714349, div_rms=1.443e-02, vort_rms=3.367e-01, mass_err=-1.157e-09
step=480000, t=252.819605, dt=5.363e-04, KE=5.430831e-03, Mt=0.1043, A_K=0.119, Cuv=0.325, P_in=7.747e-06, P_tgt=7.756e-06, A_F=0.185, K_low=0.016, P_drag=-1.709e-05, P_cool=-3.130e-05, WENO=0.010 (x=0.010, y=0.010), ReL2D=138.22, eps_nu=3.373e-05, P_hv=1.357e-07, rho_mean=1.000000, p_mean=0.714348, div_rms=1.495e-02, vort_rms=3.335e-01, mass_err=-1.163e-09
step=482400, t=254.102984, dt=5.338e-04, KE=5.370454e-03, Mt=0.1037, A_K=0.175, Cuv=0.330, P_in=3.123e-06, P_tgt=3.126e-06, A_F=0.296, K_low=0.018, P_drag=-1.948e-05, P_cool=-3.185e-05, WENO=0.022 (x=0.022, y=0.022), ReL2D=138.02, eps_nu=3.296e-05, P_hv=1.372e-07, rho_mean=1.000000, p_mean=0.714349, div_rms=1.456e-02, vort_rms=3.297e-01, mass_err=-1.169e-09
step=484800, t=255.383231, dt=5.325e-04, KE=5.296561e-03, Mt=0.1030, A_K=0.170, Cuv=0.317, P_in=1.427e-06, P_tgt=1.435e-06, A_F=0.088, K_low=0.020, P_drag=-2.154e-05, P_cool=-3.347e-05, WENO=0.008 (x=0.008, y=0.008), ReL2D=136.22, eps_nu=3.217e-05, P_hv=1.350e-07, rho_mean=1.000000, p_mean=0.714353, div_rms=1.422e-02, vort_rms=3.257e-01, mass_err=-1.174e-09
step=487200, t=256.656218, dt=5.293e-04, KE=5.236225e-03, Mt=0.1025, A_K=0.204, Cuv=0.320, P_in=7.615e-07, P_tgt=7.580e-07, A_F=0.066, K_low=0.023, P_drag=-2.357e-05, P_cool=-3.195e-05, WENO=0.009 (x=0.009, y=0.009), ReL2D=136.27, eps_nu=3.142e-05, P_hv=1.343e-07, rho_mean=1.000000, p_mean=0.714350, div_rms=1.396e-02, vort_rms=3.219e-01, mass_err=-1.180e-09
step=489600, t=257.926039, dt=5.297e-04, KE=5.163348e-03, Mt=0.1017, A_K=0.196, Cuv=0.294, P_in=5.049e-07, P_tgt=4.663e-07, A_F=0.037, K_low=0.024, P_drag=-2.500e-05, P_cool=-3.223e-05, WENO=0.016 (x=0.016, y=0.016), ReL2D=136.07, eps_nu=3.065e-05, P_hv=1.302e-07, rho_mean=1.000000, p_mean=0.714350, div_rms=1.395e-02, vort_rms=3.179e-01, mass_err=-1.186e-09
step=492000, t=259.195793, dt=5.275e-04, KE=5.092807e-03, Mt=0.1011, A_K=0.227, Cuv=0.289, P_in=3.403e-07, P_tgt=3.354e-07, A_F=0.087, K_low=0.026, P_drag=-2.672e-05, P_cool=-3.174e-05, WENO=0.010 (x=0.010, y=0.010), ReL2D=136.73, eps_nu=2.992e-05, P_hv=1.277e-07, rho_mean=1.000000, p_mean=0.714349, div_rms=1.387e-02, vort_rms=3.141e-01, mass_err=-1.192e-09
step=494400, t=260.462960, dt=5.302e-04, KE=5.016422e-03, Mt=0.1003, A_K=0.213, Cuv=0.265, P_in=2.747e-07, P_tgt=2.836e-07, A_F=0.099, K_low=0.028, P_drag=-2.841e-05, P_cool=-3.222e-05, WENO=0.015 (x=0.015, y=0.015), ReL2D=136.89, eps_nu=2.913e-05, P_hv=1.252e-07, rho_mean=1.000000, p_mean=0.714350, div_rms=1.262e-02, vort_rms=3.100e-01, mass_err=-1.198e-09
saved snapshot: results/hit2d/final_thesis_Mach_ReL130_N512/production_N512/Mt010_N512/hit2d_step0496000.npz
step=496800, t=261.732183, dt=5.290e-04, KE=4.949073e-03, Mt=0.0996, A_K=0.222, Cuv=0.255, P_in=2.943e-07, P_tgt=2.858e-07, A_F=0.026, K_low=0.030, P_drag=-3.007e-05, P_cool=-3.040e-05, WENO=0.015 (x=0.015, y=0.015), ReL2D=137.04, eps_nu=2.846e-05, P_hv=1.222e-07, rho_mean=1.000000, p_mean=0.714347, div_rms=1.375e-02, vort_rms=3.064e-01, mass_err=-1.204e-09
warning: flow component anisotropy has increased over the last three diagnostic samples
step=499200, t=263.001685, dt=5.293e-04, KE=4.872014e-03, Mt=0.0989, A_K=0.225, Cuv=0.223, P_in=3.456e-07, P_tgt=3.429e-07, A_F=0.086, K_low=0.033, P_drag=-3.192e-05, P_cool=-3.039e-05, WENO=0.016 (x=0.016, y=0.016), ReL2D=137.33, eps_nu=2.771e-05, P_hv=1.197e-07, rho_mean=1.000000, p_mean=0.714346, div_rms=1.334e-02, vort_rms=3.023e-01, mass_err=-1.209e-09
step=501600, t=264.271452, dt=5.304e-04, KE=4.800317e-03, Mt=0.0981, A_K=0.203, Cuv=0.217, P_in=4.915e-07, P_tgt=4.995e-07, A_F=0.112, K_low=0.035, P_drag=-3.361e-05, P_cool=-2.887e-05, WENO=0.008 (x=0.008, y=0.008), ReL2D=137.27, eps_nu=2.703e-05, P_hv=1.180e-07, rho_mean=1.000000, p_mean=0.714343, div_rms=1.405e-02, vort_rms=2.985e-01, mass_err=-1.215e-09
step=504000, t=265.546061, dt=5.310e-04, KE=4.721264e-03, Mt=0.0973, A_K=0.228, Cuv=0.196, P_in=8.925e-07, P_tgt=8.888e-07, A_F=0.010, K_low=0.037, P_drag=-3.525e-05, P_cool=-2.862e-05, WENO=0.013 (x=0.013, y=0.013), ReL2D=137.70, eps_nu=2.631e-05, P_hv=1.137e-07, rho_mean=1.000000, p_mean=0.714343, div_rms=1.371e-02, vort_rms=2.945e-01, mass_err=-1.221e-09
step=506400, t=266.821425, dt=5.327e-04, KE=4.640517e-03, Mt=0.0965, A_K=0.192, Cuv=0.179, P_in=1.929e-06, P_tgt=1.936e-06, A_F=0.266, K_low=0.040, P_drag=-3.673e-05, P_cool=-2.866e-05, WENO=0.010 (x=0.010, y=0.010), ReL2D=136.49, eps_nu=2.563e-05, P_hv=1.124e-07, rho_mean=1.000000, p_mean=0.714343, div_rms=1.291e-02, vort_rms=2.907e-01, mass_err=-1.227e-09
step=508800, t=268.097640, dt=5.312e-04, KE=4.571184e-03, Mt=0.0957, A_K=0.218, Cuv=0.185, P_in=5.212e-06, P_tgt=5.233e-06, A_F=0.079, K_low=0.041, P_drag=-3.783e-05, P_cool=-2.673e-05, WENO=0.008 (x=0.008, y=0.008), ReL2D=137.16, eps_nu=2.503e-05, P_hv=1.098e-07, rho_mean=1.000000, p_mean=0.714339, div_rms=1.261e-02, vort_rms=2.873e-01, mass_err=-1.233e-09
step=511200, t=269.378330, dt=5.345e-04, KE=4.494538e-03, Mt=0.0950, A_K=0.177, Cuv=0.153, P_in=1.751e-05, P_tgt=1.738e-05, A_F=0.035, K_low=0.043, P_drag=-3.861e-05, P_cool=-2.793e-05, WENO=0.010 (x=0.010, y=0.010), ReL2D=135.78, eps_nu=2.453e-05, P_hv=1.060e-07, rho_mean=1.000000, p_mean=0.714342, div_rms=1.310e-02, vort_rms=2.844e-01, mass_err=-1.239e-09
step=513600, t=270.662990, dt=5.360e-04, KE=4.469079e-03, Mt=0.0947, A_K=0.209, Cuv=0.160, P_in=6.825e-05, P_tgt=6.774e-05, A_F=0.011, K_low=0.044, P_drag=-3.897e-05, P_cool=-2.567e-05, WENO=0.010 (x=0.010, y=0.010), ReL2D=136.58, eps_nu=2.431e-05, P_hv=1.028e-07, rho_mean=1.000000, p_mean=0.714337, div_rms=1.376e-02, vort_rms=2.831e-01, mass_err=-1.245e-09
step=516000, t=271.946781, dt=5.293e-04, KE=4.563031e-03, Mt=0.0957, A_K=0.172, Cuv=0.138, P_in=2.522e-04, P_tgt=2.501e-04, A_F=0.149, K_low=0.043, P_drag=-3.967e-05, P_cool=-2.672e-05, WENO=0.016 (x=0.016, y=0.016), ReL2D=133.67, eps_nu=2.568e-05, P_hv=1.011e-07, rho_mean=1.000000, p_mean=0.714339, div_rms=1.275e-02, vort_rms=2.911e-01, mass_err=-1.250e-09
step=518400, t=273.213297, dt=5.249e-04, KE=4.956298e-03, Mt=0.0997, A_K=0.171, Cuv=0.155, P_in=4.707e-04, P_tgt=4.696e-04, A_F=0.122, K_low=0.041, P_drag=-4.098e-05, P_cool=-2.754e-05, WENO=0.012 (x=0.012, y=0.012), ReL2D=132.38, eps_nu=3.068e-05, P_hv=1.089e-07, rho_mean=1.000000, p_mean=0.714341, div_rms=1.272e-02, vort_rms=3.182e-01, mass_err=-1.256e-09
step=520800, t=274.480432, dt=5.291e-04, KE=5.377385e-03, Mt=0.1038, A_K=0.153, Cuv=0.129, P_in=2.961e-04, P_tgt=2.962e-04, A_F=0.057, K_low=0.038, P_drag=-4.080e-05, P_cool=-2.924e-05, WENO=0.019 (x=0.019, y=0.019), ReL2D=128.47, eps_nu=3.646e-05, P_hv=1.254e-07, rho_mean=1.000000, p_mean=0.714344, div_rms=1.304e-02, vort_rms=3.469e-01, mass_err=-1.262e-09
saved snapshot: results/hit2d/final_thesis_Mach_ReL130_N512/production_N512/Mt010_N512/hit2d_step0520800.npz
step=523200, t=275.744620, dt=5.292e-04, KE=5.525085e-03, Mt=0.1053, A_K=0.115, Cuv=0.140, P_in=1.021e-04, P_tgt=1.023e-04, A_F=0.153, K_low=0.036, P_drag=-4.020e-05, P_cool=-3.131e-05, WENO=0.022 (x=0.022, y=0.022), ReL2D=127.05, eps_nu=3.799e-05, P_hv=1.356e-07, rho_mean=1.000000, p_mean=0.714348, div_rms=1.445e-02, vort_rms=3.540e-01, mass_err=-1.268e-09
step=525600, t=277.016060, dt=5.277e-04, KE=5.521571e-03, Mt=0.1052, A_K=0.142, Cuv=0.147, P_in=3.213e-05, P_tgt=3.164e-05, A_F=0.186, K_low=0.037, P_drag=-4.084e-05, P_cool=-3.196e-05, WENO=0.019 (x=0.019, y=0.019), ReL2D=127.15, eps_nu=3.848e-05, P_hv=1.388e-07, rho_mean=1.000000, p_mean=0.714350, div_rms=1.425e-02, vort_rms=3.563e-01, mass_err=-1.274e-09
step=528000, t=278.282275, dt=5.272e-04, KE=5.442303e-03, Mt=0.1045, A_K=0.108, Cuv=0.136, P_in=9.188e-06, P_tgt=1.077e-05, A_F=0.066, K_low=0.039, P_drag=-4.274e-05, P_cool=-3.356e-05, WENO=0.010 (x=0.010, y=0.010), ReL2D=128.15, eps_nu=3.781e-05, P_hv=1.438e-07, rho_mean=1.000000, p_mean=0.714353, div_rms=1.478e-02, vort_rms=3.531e-01, mass_err=-1.280e-09
step=530400, t=279.538392, dt=5.217e-04, KE=5.353105e-03, Mt=0.1036, A_K=0.144, Cuv=0.142, P_in=4.336e-06, P_tgt=4.291e-06, A_F=0.185, K_low=0.042, P_drag=-4.459e-05, P_cool=-3.472e-05, WENO=0.009 (x=0.009, y=0.009), ReL2D=129.38, eps_nu=3.697e-05, P_hv=1.461e-07, rho_mean=1.000000, p_mean=0.714355, div_rms=1.453e-02, vort_rms=3.492e-01, mass_err=-1.286e-09
step=532800, t=280.792003, dt=5.238e-04, KE=5.255471e-03, Mt=0.1027, A_K=0.126, Cuv=0.129, P_in=2.064e-06, P_tgt=2.096e-06, A_F=0.265, K_low=0.044, P_drag=-4.612e-05, P_cool=-3.486e-05, WENO=0.010 (x=0.010, y=0.010), ReL2D=130.12, eps_nu=3.609e-05, P_hv=1.468e-07, rho_mean=1.000000, p_mean=0.714355, div_rms=1.457e-02, vort_rms=3.450e-01, mass_err=-1.291e-09
step=535200, t=282.044506, dt=5.206e-04, KE=5.156993e-03, Mt=0.1017, A_K=0.152, Cuv=0.154, P_in=1.100e-06, P_tgt=1.271e-06, A_F=0.046, K_low=0.045, P_drag=-4.673e-05, P_cool=-3.446e-05, WENO=0.009 (x=0.009, y=0.009), ReL2D=132.00, eps_nu=3.519e-05, P_hv=1.479e-07, rho_mean=1.000000, p_mean=0.714355, div_rms=1.529e-02, vort_rms=3.407e-01, mass_err=-1.297e-09
step=537600, t=283.301340, dt=5.263e-04, KE=5.049648e-03, Mt=0.1006, A_K=0.144, Cuv=0.124, P_in=9.820e-07, P_tgt=9.659e-07, A_F=0.165, K_low=0.046, P_drag=-4.639e-05, P_cool=-3.573e-05, WENO=0.008 (x=0.008, y=0.008), ReL2D=131.95, eps_nu=3.422e-05, P_hv=1.461e-07, rho_mean=1.000000, p_mean=0.714357, div_rms=1.357e-02, vort_rms=3.360e-01, mass_err=-1.303e-09
step=540000, t=284.565955, dt=5.277e-04, KE=4.953533e-03, Mt=0.0996, A_K=0.161, Cuv=0.143, P_in=9.254e-07, P_tgt=9.284e-07, A_F=0.024, K_low=0.045, P_drag=-4.460e-05, P_cool=-3.470e-05, WENO=0.021 (x=0.021, y=0.021), ReL2D=132.83, eps_nu=3.330e-05, P_hv=1.475e-07, rho_mean=1.000000, p_mean=0.714355, div_rms=1.290e-02, vort_rms=3.315e-01, mass_err=-1.309e-09
step=542400, t=285.836863, dt=5.311e-04, KE=4.853359e-03, Mt=0.0987, A_K=0.177, Cuv=0.127, P_in=1.131e-06, P_tgt=1.127e-06, A_F=0.064, K_low=0.044, P_drag=-4.222e-05, P_cool=-3.531e-05, WENO=0.006 (x=0.006, y=0.006), ReL2D=133.15, eps_nu=3.235e-05, P_hv=1.458e-07, rho_mean=1.000000, p_mean=0.714356, div_rms=1.227e-02, vort_rms=3.268e-01, mass_err=-1.315e-09
step=544800, t=287.115799, dt=5.348e-04, KE=4.764660e-03, Mt=0.0978, A_K=0.158, Cuv=0.134, P_in=2.130e-06, P_tgt=1.739e-06, A_F=0.039, K_low=0.041, P_drag=-3.896e-05, P_cool=-3.429e-05, WENO=0.010 (x=0.010, y=0.010), ReL2D=134.47, eps_nu=3.148e-05, P_hv=1.424e-07, rho_mean=1.000000, p_mean=0.714354, div_rms=1.367e-02, vort_rms=3.222e-01, mass_err=-1.321e-09
saved snapshot: results/hit2d/final_thesis_Mach_ReL130_N512/production_N512/Mt010_N512/hit2d_step0545600.npz
step=547200, t=288.399798, dt=5.366e-04, KE=4.685256e-03, Mt=0.0969, A_K=0.193, Cuv=0.138, P_in=3.349e-06, P_tgt=3.364e-06, A_F=0.204, K_low=0.038, P_drag=-3.563e-05, P_cool=-3.271e-05, WENO=0.022 (x=0.022, y=0.022), ReL2D=135.85, eps_nu=3.063e-05, P_hv=1.381e-07, rho_mean=1.000000, p_mean=0.714351, div_rms=1.260e-02, vort_rms=3.179e-01, mass_err=-1.326e-09
step=549600, t=289.684534, dt=5.342e-04, KE=4.604656e-03, Mt=0.0961, A_K=0.186, Cuv=0.154, P_in=8.050e-06, P_tgt=8.105e-06, A_F=0.048, K_low=0.035, P_drag=-3.224e-05, P_cool=-3.315e-05, WENO=0.006 (x=0.006, y=0.006), ReL2D=136.82, eps_nu=2.976e-05, P_hv=1.342e-07, rho_mean=1.000000, p_mean=0.714352, div_rms=1.288e-02, vort_rms=3.133e-01, mass_err=-1.332e-09
step=549839, t=289.811922, dt=2.448e-04, KE=4.596714e-03, Mt=0.0960, A_K=0.194, Cuv=0.159, P_in=8.922e-06, P_tgt=8.951e-06, A_F=0.215, K_low=0.035, P_drag=-3.191e-05, P_cool=-3.330e-05, WENO=0.014 (x=0.014, y=0.014), ReL2D=136.86, eps_nu=2.968e-05, P_hv=1.303e-07, rho_mean=1.000000, p_mean=0.714352, div_rms=1.207e-02, vort_rms=3.129e-01, mass_err=-1.333e-09
saved snapshot: results/hit2d/final_thesis_Mach_ReL130_N512/production_N512/Mt010_N512/hit2d_step0549839.npz
completed 2D HIT run at t=289.811922 in 549839 steps
Post-processing FINAL Mt=0.10
FINISHED FINAL Mt=0.10 at Wed Aug 19 06:16:54 AM CEST 2026

================================================================
START FINAL Mt=0.25 at Wed Aug 19 06:16:54 AM CEST 2026
N=512x512; Mt=0.25; mu=0.0007560700962; tfinal=115.92476892; CFL=0.10
================================================================
Using array backend: cupy
saved run configuration: results/hit2d/final_thesis_Mach_ReL130_N512/production_N512/Mt025_N512/config.json
step=     0, t=0.000000, dt=0.000e+00, KE=3.125000e-02, Mt=0.2500, A_K=0.000, Cuv=0.000, P_in=0.000e+00, P_tgt=0.000e+00, A_F=0.000, K_low=0.000, P_drag=0.000e+00, P_cool=0.000e+00, WENO=0.012 (x=0.012, y=0.012), ReL2D=120.00, eps_nu=7.186e-04, P_hv=0.000e+00, rho_mean=1.000000, p_mean=0.714286, div_rms=1.610e-14, vort_rms=9.749e-01, mass_err=0.000e+00
warning: cumulative forcing cross-correlation is high (|Fxy|/(Fxx+Fyy)=0.104)
step=  1000, t=0.445452, dt=4.514e-04, KE=3.046691e-02, Mt=0.2475, A_K=0.017, Cuv=-0.043, P_in=1.025e-03, P_tgt=1.025e-03, A_F=0.043, K_low=0.004, P_drag=-2.478e-05, P_cool=-2.461e-04, WENO=0.010 (x=0.010, y=0.010), ReL2D=120.33, eps_nu=6.983e-04, P_hv=7.856e-07, rho_mean=1.000000, p_mean=0.714778, div_rms=1.173e-01, vort_rms=9.515e-01, mass_err=-2.430e-12
step=  2000, t=0.901609, dt=4.588e-04, KE=3.014669e-02, Mt=0.2484, A_K=0.025, Cuv=-0.072, P_in=1.152e-03, P_tgt=1.149e-03, A_F=0.140, K_low=0.008, P_drag=-4.619e-05, P_cool=-3.742e-04, WENO=0.020 (x=0.020, y=0.020), ReL2D=123.01, eps_nu=7.047e-04, P_hv=7.818e-07, rho_mean=1.000000, p_mean=0.715034, div_rms=1.361e-01, vort_rms=9.525e-01, mass_err=-4.853e-12
step=  3000, t=1.358688, dt=4.510e-04, KE=3.054660e-02, Mt=0.2492, A_K=0.083, Cuv=-0.090, P_in=1.216e-03, P_tgt=1.194e-03, A_F=0.001, K_low=0.007, P_drag=-3.846e-05, P_cool=-3.769e-04, WENO=0.033 (x=0.033, y=0.033), ReL2D=124.47, eps_nu=7.159e-04, P_hv=8.029e-07, rho_mean=1.000000, p_mean=0.715040, div_rms=1.204e-01, vort_rms=9.631e-01, mass_err=-7.276e-12
step=  4000, t=1.812834, dt=4.566e-04, KE=3.070865e-02, Mt=0.2498, A_K=0.095, Cuv=-0.057, P_in=1.201e-03, P_tgt=1.222e-03, A_F=0.207, K_low=0.009, P_drag=-5.324e-05, P_cool=-4.153e-04, WENO=0.031 (x=0.031, y=0.031), ReL2D=128.04, eps_nu=7.218e-04, P_hv=8.727e-07, rho_mean=1.000000, p_mean=0.715116, div_rms=1.338e-01, vort_rms=9.648e-01, mass_err=-9.692e-12
step=  5000, t=2.269961, dt=4.539e-04, KE=3.096661e-02, Mt=0.2509, A_K=0.085, Cuv=-0.063, P_in=1.203e-03, P_tgt=1.204e-03, A_F=0.072, K_low=0.013, P_drag=-7.974e-05, P_cool=-4.296e-04, WENO=0.037 (x=0.037, y=0.037), ReL2D=130.80, eps_nu=7.269e-04, P_hv=9.169e-07, rho_mean=1.000000, p_mean=0.715145, div_rms=1.367e-01, vort_rms=9.677e-01, mass_err=-1.211e-11
step=  6000, t=2.722100, dt=4.508e-04, KE=3.122721e-02, Mt=0.2516, A_K=0.081, Cuv=-0.047, P_in=1.145e-03, P_tgt=1.136e-03, A_F=0.333, K_low=0.010, P_drag=-6.545e-05, P_cool=-4.387e-04, WENO=0.041 (x=0.041, y=0.041), ReL2D=126.32, eps_nu=7.397e-04, P_hv=9.984e-07, rho_mean=1.000000, p_mean=0.715163, div_rms=1.406e-01, vort_rms=9.757e-01, mass_err=-1.452e-11
step=  7000, t=3.171954, dt=4.520e-04, KE=3.129731e-02, Mt=0.2518, A_K=0.081, Cuv=-0.008, P_in=1.102e-03, P_tgt=1.072e-03, A_F=0.143, K_low=0.011, P_drag=-6.983e-05, P_cool=-4.772e-04, WENO=0.029 (x=0.029, y=0.029), ReL2D=123.13, eps_nu=7.505e-04, P_hv=1.075e-06, rho_mean=1.000000, p_mean=0.715240, div_rms=1.393e-01, vort_rms=9.832e-01, mass_err=-1.693e-11
step=  8000, t=3.624711, dt=4.509e-04, KE=3.143700e-02, Mt=0.2526, A_K=0.070, Cuv=-0.001, P_in=9.789e-04, P_tgt=9.792e-04, A_F=0.147, K_low=0.017, P_drag=-1.069e-04, P_cool=-4.907e-04, WENO=0.033 (x=0.033, y=0.033), ReL2D=123.44, eps_nu=7.513e-04, P_hv=1.137e-06, rho_mean=1.000000, p_mean=0.715267, div_rms=1.354e-01, vort_rms=9.845e-01, mass_err=-1.936e-11
step=  9000, t=4.077589, dt=4.552e-04, KE=3.149028e-02, Mt=0.2528, A_K=0.077, Cuv=-0.043, P_in=8.671e-04, P_tgt=8.763e-04, A_F=0.259, K_low=0.021, P_drag=-1.282e-04, P_cool=-5.269e-04, WENO=0.030 (x=0.030, y=0.030), ReL2D=121.86, eps_nu=7.554e-04, P_hv=1.222e-06, rho_mean=1.000000, p_mean=0.715339, div_rms=1.339e-01, vort_rms=9.875e-01, mass_err=-2.176e-11
step= 10000, t=4.531003, dt=4.506e-04, KE=3.139529e-02, Mt=0.2528, A_K=0.090, Cuv=-0.046, P_in=7.827e-04, P_tgt=7.867e-04, A_F=0.283, K_low=0.022, P_drag=-1.374e-04, P_cool=-5.597e-04, WENO=0.026 (x=0.026, y=0.026), ReL2D=119.38, eps_nu=7.539e-04, P_hv=1.278e-06, rho_mean=1.000000, p_mean=0.715405, div_rms=1.362e-01, vort_rms=9.861e-01, mass_err=-2.417e-11
saved snapshot: results/hit2d/final_thesis_Mach_ReL130_N512/production_N512/Mt025_N512/hit2d_step0010000.npz
step= 11000, t=4.979338, dt=4.481e-04, KE=3.140720e-02, Mt=0.2522, A_K=0.049, Cuv=0.031, P_in=5.892e-04, P_tgt=7.135e-04, A_F=0.059, K_low=0.026, P_drag=-1.653e-04, P_cool=-5.682e-04, WENO=0.032 (x=0.032, y=0.032), ReL2D=121.49, eps_nu=7.469e-04, P_hv=1.357e-06, rho_mean=1.000000, p_mean=0.715422, div_rms=1.365e-01, vort_rms=9.813e-01, mass_err=-2.660e-11
step= 12000, t=5.424156, dt=4.414e-04, KE=3.142918e-02, Mt=0.2520, A_K=0.072, Cuv=0.012, P_in=6.583e-04, P_tgt=6.594e-04, A_F=0.097, K_low=0.029, P_drag=-1.869e-04, P_cool=-5.603e-04, WENO=0.033 (x=0.033, y=0.033), ReL2D=122.58, eps_nu=7.430e-04, P_hv=1.470e-06, rho_mean=1.000000, p_mean=0.715406, div_rms=1.390e-01, vort_rms=9.783e-01, mass_err=-2.903e-11
step= 13000, t=5.864717, dt=4.396e-04, KE=3.145633e-02, Mt=0.2518, A_K=0.096, Cuv=-0.017, P_in=6.051e-04, P_tgt=6.085e-04, A_F=0.181, K_low=0.026, P_drag=-1.642e-04, P_cool=-5.468e-04, WENO=0.037 (x=0.037, y=0.037), ReL2D=121.30, eps_nu=7.330e-04, P_hv=1.512e-06, rho_mean=1.000000, p_mean=0.715379, div_rms=1.447e-01, vort_rms=9.704e-01, mass_err=-3.144e-11
step= 14000, t=6.306219, dt=4.433e-04, KE=3.128122e-02, Mt=0.2512, A_K=0.082, Cuv=-0.025, P_in=5.724e-04, P_tgt=5.744e-04, A_F=0.089, K_low=0.023, P_drag=-1.457e-04, P_cool=-5.708e-04, WENO=0.036 (x=0.036, y=0.036), ReL2D=121.54, eps_nu=7.231e-04, P_hv=1.535e-06, rho_mean=1.000000, p_mean=0.715427, div_rms=1.390e-01, vort_rms=9.647e-01, mass_err=-3.385e-11
step= 15000, t=6.744006, dt=4.359e-04, KE=3.110214e-02, Mt=0.2507, A_K=0.085, Cuv=-0.029, P_in=5.500e-04, P_tgt=5.526e-04, A_F=0.151, K_low=0.025, P_drag=-1.549e-04, P_cool=-5.920e-04, WENO=0.030 (x=0.030, y=0.030), ReL2D=120.95, eps_nu=7.099e-04, P_hv=1.588e-06, rho_mean=1.000000, p_mean=0.715470, div_rms=1.408e-01, vort_rms=9.553e-01, mass_err=-3.627e-11
step= 16000, t=7.184471, dt=4.425e-04, KE=3.086061e-02, Mt=0.2502, A_K=0.094, Cuv=-0.058, P_in=5.456e-04, P_tgt=5.420e-04, A_F=0.126, K_low=0.025, P_drag=-1.487e-04, P_cool=-6.214e-04, WENO=0.041 (x=0.041, y=0.041), ReL2D=119.19, eps_nu=6.996e-04, P_hv=1.583e-06, rho_mean=1.000000, p_mean=0.715529, div_rms=1.339e-01, vort_rms=9.494e-01, mass_err=-3.870e-11
step= 17000, t=7.626834, dt=4.408e-04, KE=3.083728e-02, Mt=0.2498, A_K=0.089, Cuv=-0.097, P_in=5.360e-04, P_tgt=5.427e-04, A_F=0.089, K_low=0.020, P_drag=-1.278e-04, P_cool=-6.224e-04, WENO=0.037 (x=0.037, y=0.037), ReL2D=119.81, eps_nu=6.883e-04, P_hv=1.620e-06, rho_mean=1.000000, p_mean=0.715530, div_rms=1.329e-01, vort_rms=9.417e-01, mass_err=-4.111e-11
step= 18000, t=8.068679, dt=4.433e-04, KE=3.084663e-02, Mt=0.2497, A_K=0.067, Cuv=-0.121, P_in=5.441e-04, P_tgt=5.501e-04, A_F=0.059, K_low=0.021, P_drag=-1.331e-04, P_cool=-6.040e-04, WENO=0.028 (x=0.028, y=0.028), ReL2D=121.20, eps_nu=6.810e-04, P_hv=1.616e-06, rho_mean=1.000000, p_mean=0.715494, div_rms=1.363e-01, vort_rms=9.359e-01, mass_err=-4.353e-11
step= 19000, t=8.512084, dt=4.440e-04, KE=3.077435e-02, Mt=0.2492, A_K=0.054, Cuv=-0.109, P_in=5.648e-04, P_tgt=5.610e-04, A_F=0.130, K_low=0.024, P_drag=-1.506e-04, P_cool=-6.016e-04, WENO=0.031 (x=0.031, y=0.031), ReL2D=121.17, eps_nu=6.684e-04, P_hv=1.620e-06, rho_mean=1.000000, p_mean=0.715489, div_rms=1.296e-01, vort_rms=9.282e-01, mass_err=-4.596e-11
step= 20000, t=8.956609, dt=4.490e-04, KE=3.070646e-02, Mt=0.2490, A_K=0.076, Cuv=-0.117, P_in=5.766e-04, P_tgt=5.797e-04, A_F=0.043, K_low=0.024, P_drag=-1.480e-04, P_cool=-6.029e-04, WENO=0.038 (x=0.038, y=0.038), ReL2D=119.48, eps_nu=6.686e-04, P_hv=1.655e-06, rho_mean=1.000000, p_mean=0.715491, div_rms=1.340e-01, vort_rms=9.276e-01, mass_err=-4.838e-11
saved snapshot: results/hit2d/final_thesis_Mach_ReL130_N512/production_N512/Mt025_N512/hit2d_step0020000.npz
step= 21000, t=9.405458, dt=4.478e-04, KE=3.040785e-02, Mt=0.2477, A_K=0.100, Cuv=-0.162, P_in=6.236e-04, P_tgt=6.235e-04, A_F=0.048, K_low=0.025, P_drag=-1.486e-04, P_cool=-6.467e-04, WENO=0.036 (x=0.036, y=0.036), ReL2D=119.10, eps_nu=6.549e-04, P_hv=1.705e-06, rho_mean=1.000000, p_mean=0.715579, div_rms=1.323e-01, vort_rms=9.180e-01, mass_err=-5.080e-11
step= 22000, t=9.849323, dt=4.432e-04, KE=3.049085e-02, Mt=0.2479, A_K=0.078, Cuv=-0.204, P_in=6.906e-04, P_tgt=6.841e-04, A_F=0.124, K_low=0.027, P_drag=-1.671e-04, P_cool=-6.181e-04, WENO=0.042 (x=0.042, y=0.042), ReL2D=117.75, eps_nu=6.456e-04, P_hv=1.790e-06, rho_mean=1.000000, p_mean=0.715522, div_rms=1.329e-01, vort_rms=9.113e-01, mass_err=-5.322e-11
step= 23000, t=10.286952, dt=4.325e-04, KE=3.058350e-02, Mt=0.2480, A_K=0.029, Cuv=-0.205, P_in=7.508e-04, P_tgt=7.439e-04, A_F=0.157, K_low=0.029, P_drag=-1.794e-04, P_cool=-5.946e-04, WENO=0.031 (x=0.031, y=0.031), ReL2D=118.29, eps_nu=6.501e-04, P_hv=1.792e-06, rho_mean=1.000000, p_mean=0.715475, div_rms=1.365e-01, vort_rms=9.138e-01, mass_err=-5.563e-11
step= 24000, t=10.726508, dt=4.427e-04, KE=3.050088e-02, Mt=0.2484, A_K=0.004, Cuv=-0.194, P_in=8.097e-04, P_tgt=8.044e-04, A_F=0.062, K_low=0.030, P_drag=-1.850e-04, P_cool=-6.103e-04, WENO=0.034 (x=0.034, y=0.034), ReL2D=120.15, eps_nu=6.337e-04, P_hv=1.798e-06, rho_mean=1.000000, p_mean=0.715506, div_rms=1.354e-01, vort_rms=9.021e-01, mass_err=-5.805e-11
step= 25000, t=11.168710, dt=4.442e-04, KE=3.043080e-02, Mt=0.2483, A_K=0.008, Cuv=-0.193, P_in=8.659e-04, P_tgt=8.562e-04, A_F=0.254, K_low=0.033, P_drag=-2.046e-04, P_cool=-6.260e-04, WENO=0.041 (x=0.041, y=0.041), ReL2D=121.49, eps_nu=6.211e-04, P_hv=1.777e-06, rho_mean=1.000000, p_mean=0.715538, div_rms=1.311e-01, vort_rms=8.936e-01, mass_err=-6.046e-11
step= 26000, t=11.613955, dt=4.459e-04, KE=3.037162e-02, Mt=0.2478, A_K=0.014, Cuv=-0.209, P_in=9.297e-04, P_tgt=9.307e-04, A_F=0.169, K_low=0.039, P_drag=-2.353e-04, P_cool=-6.411e-04, WENO=0.037 (x=0.037, y=0.037), ReL2D=121.77, eps_nu=6.139e-04, P_hv=1.747e-06, rho_mean=1.000000, p_mean=0.715568, div_rms=1.314e-01, vort_rms=8.882e-01, mass_err=-6.289e-11
step= 27000, t=12.057893, dt=4.407e-04, KE=3.049798e-02, Mt=0.2483, A_K=0.045, Cuv=-0.242, P_in=1.006e-03, P_tgt=1.005e-03, A_F=0.025, K_low=0.040, P_drag=-2.410e-04, P_cool=-6.246e-04, WENO=0.039 (x=0.039, y=0.039), ReL2D=120.09, eps_nu=6.145e-04, P_hv=1.770e-06, rho_mean=1.000000, p_mean=0.715535, div_rms=1.398e-01, vort_rms=8.870e-01, mass_err=-6.531e-11
step= 28000, t=12.493603, dt=4.372e-04, KE=3.055474e-02, Mt=0.2485, A_K=0.068, Cuv=-0.260, P_in=1.084e-03, P_tgt=1.077e-03, A_F=0.002, K_low=0.040, P_drag=-2.415e-04, P_cool=-6.281e-04, WENO=0.041 (x=0.041, y=0.041), ReL2D=121.29, eps_nu=6.061e-04, P_hv=1.800e-06, rho_mean=1.000000, p_mean=0.715542, div_rms=1.323e-01, vort_rms=8.822e-01, mass_err=-6.773e-11
step= 29000, t=12.929094, dt=4.326e-04, KE=3.074509e-02, Mt=0.2491, A_K=0.065, Cuv=-0.257, P_in=1.132e-03, P_tgt=1.129e-03, A_F=0.061, K_low=0.042, P_drag=-2.573e-04, P_cool=-6.110e-04, WENO=0.045 (x=0.045, y=0.045), ReL2D=122.43, eps_nu=6.003e-04, P_hv=1.750e-06, rho_mean=1.000000, p_mean=0.715508, div_rms=1.324e-01, vort_rms=8.779e-01, mass_err=-7.015e-11
step= 30000, t=13.362550, dt=4.339e-04, KE=3.091171e-02, Mt=0.2498, A_K=0.080, Cuv=-0.253, P_in=1.161e-03, P_tgt=1.158e-03, A_F=0.161, K_low=0.044, P_drag=-2.748e-04, P_cool=-6.016e-04, WENO=0.040 (x=0.040, y=0.040), ReL2D=123.28, eps_nu=6.004e-04, P_hv=1.772e-06, rho_mean=1.000000, p_mean=0.715489, div_rms=1.330e-01, vort_rms=8.778e-01, mass_err=-7.255e-11
saved snapshot: results/hit2d/final_thesis_Mach_ReL130_N512/production_N512/Mt025_N512/hit2d_step0030000.npz
step= 31000, t=13.793238, dt=4.288e-04, KE=3.085105e-02, Mt=0.2502, A_K=0.108, Cuv=-0.250, P_in=1.157e-03, P_tgt=1.153e-03, A_F=0.057, K_low=0.045, P_drag=-2.789e-04, P_cool=-6.366e-04, WENO=0.045 (x=0.045, y=0.045), ReL2D=125.38, eps_nu=5.969e-04, P_hv=1.803e-06, rho_mean=1.000000, p_mean=0.715559, div_rms=1.277e-01, vort_rms=8.762e-01, mass_err=-7.497e-11
step= 32000, t=14.223469, dt=4.300e-04, KE=3.098466e-02, Mt=0.2506, A_K=0.130, Cuv=-0.242, P_in=1.142e-03, P_tgt=1.137e-03, A_F=0.064, K_low=0.046, P_drag=-2.828e-04, P_cool=-6.295e-04, WENO=0.049 (x=0.049, y=0.049), ReL2D=126.73, eps_nu=5.924e-04, P_hv=1.838e-06, rho_mean=1.000000, p_mean=0.715545, div_rms=1.329e-01, vort_rms=8.717e-01, mass_err=-7.740e-11
step= 33000, t=14.655597, dt=4.360e-04, KE=3.125428e-02, Mt=0.2513, A_K=0.140, Cuv=-0.256, P_in=1.088e-03, P_tgt=1.093e-03, A_F=0.009, K_low=0.047, P_drag=-2.945e-04, P_cool=-5.943e-04, WENO=0.049 (x=0.049, y=0.049), ReL2D=127.04, eps_nu=5.867e-04, P_hv=1.820e-06, rho_mean=1.000000, p_mean=0.715474, div_rms=1.340e-01, vort_rms=8.672e-01, mass_err=-7.982e-11
step= 34000, t=15.091897, dt=4.354e-04, KE=3.143752e-02, Mt=0.2517, A_K=0.134, Cuv=-0.275, P_in=1.027e-03, P_tgt=1.026e-03, A_F=0.093, K_low=0.048, P_drag=-2.941e-04, P_cool=-5.737e-04, WENO=0.039 (x=0.039, y=0.039), ReL2D=130.17, eps_nu=5.795e-04, P_hv=1.800e-06, rho_mean=1.000000, p_mean=0.715433, div_rms=1.350e-01, vort_rms=8.615e-01, mass_err=-8.222e-11
step= 35000, t=15.527548, dt=4.364e-04, KE=3.139600e-02, Mt=0.2514, A_K=0.121, Cuv=-0.313, P_in=9.541e-04, P_tgt=9.653e-04, A_F=0.065, K_low=0.046, P_drag=-2.858e-04, P_cool=-5.926e-04, WENO=0.046 (x=0.046, y=0.046), ReL2D=130.49, eps_nu=5.661e-04, P_hv=1.763e-06, rho_mean=1.000000, p_mean=0.715471, div_rms=1.261e-01, vort_rms=8.530e-01, mass_err=-8.463e-11
step= 36000, t=15.966291, dt=4.367e-04, KE=3.132980e-02, Mt=0.2515, A_K=0.113, Cuv=-0.343, P_in=9.153e-04, P_tgt=9.100e-04, A_F=0.142, K_low=0.047, P_drag=-2.908e-04, P_cool=-6.107e-04, WENO=0.037 (x=0.037, y=0.037), ReL2D=130.94, eps_nu=5.564e-04, P_hv=1.672e-06, rho_mean=1.000000, p_mean=0.715507, div_rms=1.273e-01, vort_rms=8.452e-01, mass_err=-8.706e-11
step= 37000, t=16.399198, dt=4.332e-04, KE=3.132237e-02, Mt=0.2517, A_K=0.149, Cuv=-0.375, P_in=8.610e-04, P_tgt=8.584e-04, A_F=0.035, K_low=0.047, P_drag=-2.895e-04, P_cool=-6.101e-04, WENO=0.033 (x=0.033, y=0.033), ReL2D=132.32, eps_nu=5.542e-04, P_hv=1.668e-06, rho_mean=1.000000, p_mean=0.715506, div_rms=1.317e-01, vort_rms=8.425e-01, mass_err=-8.947e-11
step= 38000, t=16.832109, dt=4.318e-04, KE=3.141365e-02, Mt=0.2511, A_K=0.174, Cuv=-0.368, P_in=8.086e-04, P_tgt=8.086e-04, A_F=0.084, K_low=0.043, P_drag=-2.720e-04, P_cool=-5.880e-04, WENO=0.044 (x=0.044, y=0.044), ReL2D=133.00, eps_nu=5.475e-04, P_hv=1.583e-06, rho_mean=1.000000, p_mean=0.715462, div_rms=1.210e-01, vort_rms=8.394e-01, mass_err=-9.188e-11
step= 39000, t=17.263732, dt=4.304e-04, KE=3.156374e-02, Mt=0.2518, A_K=0.184, Cuv=-0.363, P_in=7.629e-04, P_tgt=7.681e-04, A_F=0.011, K_low=0.041, P_drag=-2.658e-04, P_cool=-5.540e-04, WENO=0.040 (x=0.040, y=0.040), ReL2D=135.30, eps_nu=5.475e-04, P_hv=1.545e-06, rho_mean=1.000000, p_mean=0.715394, div_rms=1.272e-01, vort_rms=8.382e-01, mass_err=-9.429e-11
step= 40000, t=17.697936, dt=4.359e-04, KE=3.142050e-02, Mt=0.2517, A_K=0.136, Cuv=-0.388, P_in=7.183e-04, P_tgt=7.141e-04, A_F=0.089, K_low=0.044, P_drag=-2.760e-04, P_cool=-5.744e-04, WENO=0.043 (x=0.043, y=0.043), ReL2D=136.50, eps_nu=5.392e-04, P_hv=1.489e-06, rho_mean=1.000000, p_mean=0.715435, div_rms=1.241e-01, vort_rms=8.323e-01, mass_err=-9.670e-11
saved snapshot: results/hit2d/final_thesis_Mach_ReL130_N512/production_N512/Mt025_N512/hit2d_step0040000.npz
step= 41000, t=18.134510, dt=4.367e-04, KE=3.135162e-02, Mt=0.2512, A_K=0.073, Cuv=-0.443, P_in=6.790e-04, P_tgt=6.759e-04, A_F=0.011, K_low=0.046, P_drag=-2.822e-04, P_cool=-5.744e-04, WENO=0.052 (x=0.052, y=0.052), ReL2D=137.27, eps_nu=5.341e-04, P_hv=1.423e-06, rho_mean=1.000000, p_mean=0.715434, div_rms=1.251e-01, vort_rms=8.280e-01, mass_err=-9.911e-11
step= 42000, t=18.573649, dt=4.403e-04, KE=3.142315e-02, Mt=0.2517, A_K=0.042, Cuv=-0.478, P_in=6.435e-04, P_tgt=6.392e-04, A_F=0.117, K_low=0.047, P_drag=-2.892e-04, P_cool=-5.439e-04, WENO=0.046 (x=0.046, y=0.046), ReL2D=138.76, eps_nu=5.281e-04, P_hv=1.358e-06, rho_mean=1.000000, p_mean=0.715374, div_rms=1.290e-01, vort_rms=8.224e-01, mass_err=-1.015e-10
step= 43000, t=19.018047, dt=4.476e-04, KE=3.113951e-02, Mt=0.2508, A_K=0.052, Cuv=-0.481, P_in=6.107e-04, P_tgt=6.051e-04, A_F=0.224, K_low=0.050, P_drag=-3.108e-04, P_cool=-5.796e-04, WENO=0.035 (x=0.035, y=0.035), ReL2D=137.62, eps_nu=5.166e-04, P_hv=1.266e-06, rho_mean=1.000000, p_mean=0.715445, div_rms=1.255e-01, vort_rms=8.138e-01, mass_err=-1.040e-10
step= 44000, t=19.465086, dt=4.447e-04, KE=3.094314e-02, Mt=0.2500, A_K=0.054, Cuv=-0.454, P_in=5.993e-04, P_tgt=5.988e-04, A_F=0.122, K_low=0.055, P_drag=-3.381e-04, P_cool=-5.940e-04, WENO=0.035 (x=0.035, y=0.035), ReL2D=140.12, eps_nu=5.099e-04, P_hv=1.189e-06, rho_mean=1.000000, p_mean=0.715474, div_rms=1.187e-01, vort_rms=8.097e-01, mass_err=-1.064e-10
step= 45000, t=19.909019, dt=4.458e-04, KE=3.108488e-02, Mt=0.2504, A_K=0.063, Cuv=-0.414, P_in=5.579e-04, P_tgt=5.924e-04, A_F=0.077, K_low=0.059, P_drag=-3.668e-04, P_cool=-5.385e-04, WENO=0.039 (x=0.039, y=0.039), ReL2D=141.26, eps_nu=5.143e-04, P_hv=1.194e-06, rho_mean=1.000000, p_mean=0.715363, div_rms=1.281e-01, vort_rms=8.113e-01, mass_err=-1.088e-10
step= 46000, t=20.352836, dt=4.428e-04, KE=3.087281e-02, Mt=0.2498, A_K=0.052, Cuv=-0.391, P_in=5.832e-04, P_tgt=5.920e-04, A_F=0.187, K_low=0.068, P_drag=-4.121e-04, P_cool=-5.509e-04, WENO=0.030 (x=0.030, y=0.030), ReL2D=139.37, eps_nu=5.137e-04, P_hv=1.187e-06, rho_mean=1.000000, p_mean=0.715387, div_rms=1.226e-01, vort_rms=8.121e-01, mass_err=-1.112e-10
step= 47000, t=20.795829, dt=4.419e-04, KE=3.066371e-02, Mt=0.2488, A_K=0.033, Cuv=-0.405, P_in=6.060e-04, P_tgt=6.066e-04, A_F=0.083, K_low=0.077, P_drag=-4.687e-04, P_cool=-5.581e-04, WENO=0.036 (x=0.036, y=0.036), ReL2D=133.87, eps_nu=5.143e-04, P_hv=1.207e-06, rho_mean=1.000000, p_mean=0.715402, div_rms=1.284e-01, vort_rms=8.113e-01, mass_err=-1.136e-10
step= 48000, t=21.229421, dt=4.235e-04, KE=3.045596e-02, Mt=0.2476, A_K=0.035, Cuv=-0.429, P_in=6.595e-04, P_tgt=6.564e-04, A_F=0.007, K_low=0.087, P_drag=-5.236e-04, P_cool=-5.619e-04, WENO=0.036 (x=0.036, y=0.036), ReL2D=132.93, eps_nu=5.088e-04, P_hv=1.237e-06, rho_mean=1.000000, p_mean=0.715409, div_rms=1.219e-01, vort_rms=8.082e-01, mass_err=-1.160e-10
step= 49000, t=21.654373, dt=4.316e-04, KE=3.039712e-02, Mt=0.2479, A_K=0.041, Cuv=-0.419, P_in=7.187e-04, P_tgt=7.196e-04, A_F=0.086, K_low=0.097, P_drag=-5.741e-04, P_cool=-5.391e-04, WENO=0.037 (x=0.037, y=0.037), ReL2D=132.15, eps_nu=5.032e-04, P_hv=1.271e-06, rho_mean=1.000000, p_mean=0.715364, div_rms=1.262e-01, vort_rms=8.027e-01, mass_err=-1.184e-10
step= 50000, t=22.088106, dt=4.321e-04, KE=3.003025e-02, Mt=0.2468, A_K=0.070, Cuv=-0.362, P_in=8.023e-04, P_tgt=7.972e-04, A_F=0.039, K_low=0.104, P_drag=-6.119e-04, P_cool=-5.783e-04, WENO=0.040 (x=0.040, y=0.040), ReL2D=134.12, eps_nu=4.933e-04, P_hv=1.234e-06, rho_mean=1.000000, p_mean=0.715442, div_rms=1.219e-01, vort_rms=7.954e-01, mass_err=-1.209e-10
saved snapshot: results/hit2d/final_thesis_Mach_ReL130_N512/production_N512/Mt025_N512/hit2d_step0050000.npz
step= 51000, t=22.517754, dt=4.325e-04, KE=2.975045e-02, Mt=0.2453, A_K=0.097, Cuv=-0.284, P_in=9.530e-04, P_tgt=9.440e-04, A_F=0.237, K_low=0.110, P_drag=-6.403e-04, P_cool=-6.035e-04, WENO=0.040 (x=0.040, y=0.040), ReL2D=135.54, eps_nu=4.899e-04, P_hv=1.225e-06, rho_mean=1.000000, p_mean=0.715493, div_rms=1.229e-01, vort_rms=7.924e-01, mass_err=-1.233e-10
step= 52000, t=22.952786, dt=4.318e-04, KE=2.979345e-02, Mt=0.2456, A_K=0.103, Cuv=-0.247, P_in=1.146e-03, P_tgt=1.145e-03, A_F=0.213, K_low=0.114, P_drag=-6.686e-04, P_cool=-5.770e-04, WENO=0.041 (x=0.041, y=0.041), ReL2D=138.19, eps_nu=4.937e-04, P_hv=1.261e-06, rho_mean=1.000000, p_mean=0.715440, div_rms=1.238e-01, vort_rms=7.953e-01, mass_err=-1.257e-10
step= 53000, t=23.380205, dt=4.241e-04, KE=2.996797e-02, Mt=0.2463, A_K=0.088, Cuv=-0.258, P_in=1.348e-03, P_tgt=1.350e-03, A_F=0.267, K_low=0.117, P_drag=-6.937e-04, P_cool=-5.428e-04, WENO=0.046 (x=0.046, y=0.046), ReL2D=139.17, eps_nu=4.999e-04, P_hv=1.298e-06, rho_mean=1.000000, p_mean=0.715371, div_rms=1.182e-01, vort_rms=8.016e-01, mass_err=-1.281e-10
step= 54000, t=23.807067, dt=4.304e-04, KE=3.028695e-02, Mt=0.2472, A_K=0.076, Cuv=-0.268, P_in=1.537e-03, P_tgt=1.541e-03, A_F=0.053, K_low=0.119, P_drag=-7.147e-04, P_cool=-4.983e-04, WENO=0.028 (x=0.028, y=0.028), ReL2D=138.55, eps_nu=5.096e-04, P_hv=1.350e-06, rho_mean=1.000000, p_mean=0.715282, div_rms=1.266e-01, vort_rms=8.078e-01, mass_err=-1.305e-10
step= 55000, t=24.236220, dt=4.273e-04, KE=3.028407e-02, Mt=0.2472, A_K=0.078, Cuv=-0.270, P_in=1.734e-03, P_tgt=1.723e-03, A_F=0.059, K_low=0.122, P_drag=-7.297e-04, P_cool=-5.332e-04, WENO=0.028 (x=0.028, y=0.028), ReL2D=139.27, eps_nu=5.189e-04, P_hv=1.391e-06, rho_mean=1.000000, p_mean=0.715352, div_rms=1.200e-01, vort_rms=8.168e-01, mass_err=-1.330e-10
step= 56000, t=24.666730, dt=4.370e-04, KE=3.023532e-02, Mt=0.2476, A_K=0.070, Cuv=-0.233, P_in=1.935e-03, P_tgt=1.924e-03, A_F=0.010, K_low=0.124, P_drag=-7.420e-04, P_cool=-5.880e-04, WENO=0.039 (x=0.039, y=0.039), ReL2D=135.94, eps_nu=5.246e-04, P_hv=1.379e-06, rho_mean=1.000000, p_mean=0.715462, div_rms=1.162e-01, vort_rms=8.221e-01, mass_err=-1.354e-10
step= 57000, t=25.109850, dt=4.469e-04, KE=3.055978e-02, Mt=0.2491, A_K=0.046, Cuv=-0.204, P_in=2.067e-03, P_tgt=2.063e-03, A_F=0.038, K_low=0.126, P_drag=-7.540e-04, P_cool=-5.823e-04, WENO=0.033 (x=0.033, y=0.033), ReL2D=133.19, eps_nu=5.456e-04, P_hv=1.333e-06, rho_mean=1.000000, p_mean=0.715450, div_rms=1.159e-01, vort_rms=8.389e-01, mass_err=-1.378e-10
step= 58000, t=25.557660, dt=4.532e-04, KE=3.112683e-02, Mt=0.2512, A_K=0.033, Cuv=-0.174, P_in=2.051e-03, P_tgt=2.049e-03, A_F=0.171, K_low=0.124, P_drag=-7.600e-04, P_cool=-5.367e-04, WENO=0.031 (x=0.031, y=0.031), ReL2D=134.90, eps_nu=5.677e-04, P_hv=1.359e-06, rho_mean=1.000000, p_mean=0.715359, div_rms=1.251e-01, vort_rms=8.544e-01, mass_err=-1.402e-10
step= 59000, t=26.008499, dt=4.429e-04, KE=3.136152e-02, Mt=0.2521, A_K=0.024, Cuv=-0.152, P_in=1.912e-03, P_tgt=1.915e-03, A_F=0.027, K_low=0.122, P_drag=-7.538e-04, P_cool=-5.519e-04, WENO=0.033 (x=0.033, y=0.033), ReL2D=136.44, eps_nu=5.834e-04, P_hv=1.375e-06, rho_mean=1.000000, p_mean=0.715390, div_rms=1.257e-01, vort_rms=8.664e-01, mass_err=-1.427e-10
step= 60000, t=26.445129, dt=4.358e-04, KE=3.141353e-02, Mt=0.2523, A_K=0.013, Cuv=-0.149, P_in=1.761e-03, P_tgt=1.753e-03, A_F=0.089, K_low=0.118, P_drag=-7.364e-04, P_cool=-5.871e-04, WENO=0.026 (x=0.026, y=0.026), ReL2D=133.92, eps_nu=5.930e-04, P_hv=1.459e-06, rho_mean=1.000000, p_mean=0.715460, div_rms=1.257e-01, vort_rms=8.736e-01, mass_err=-1.451e-10
saved snapshot: results/hit2d/final_thesis_Mach_ReL130_N512/production_N512/Mt025_N512/hit2d_step0060000.npz
step= 61000, t=26.887735, dt=4.455e-04, KE=3.143909e-02, Mt=0.2530, A_K=0.029, Cuv=-0.121, P_in=1.554e-03, P_tgt=1.577e-03, A_F=0.078, K_low=0.115, P_drag=-7.087e-04, P_cool=-6.124e-04, WENO=0.028 (x=0.028, y=0.028), ReL2D=128.57, eps_nu=5.966e-04, P_hv=1.478e-06, rho_mean=1.000000, p_mean=0.715511, div_rms=1.277e-01, vort_rms=8.759e-01, mass_err=-1.475e-10
step= 62000, t=27.329730, dt=4.381e-04, KE=3.152096e-02, Mt=0.2530, A_K=0.079, Cuv=-0.106, P_in=1.386e-03, P_tgt=1.398e-03, A_F=0.060, K_low=0.110, P_drag=-6.802e-04, P_cool=-6.126e-04, WENO=0.037 (x=0.037, y=0.037), ReL2D=125.31, eps_nu=6.091e-04, P_hv=1.480e-06, rho_mean=1.000000, p_mean=0.715511, div_rms=1.281e-01, vort_rms=8.852e-01, mass_err=-1.499e-10
step= 63000, t=27.767747, dt=4.374e-04, KE=3.164109e-02, Mt=0.2530, A_K=0.091, Cuv=-0.138, P_in=1.238e-03, P_tgt=1.243e-03, A_F=0.023, K_low=0.105, P_drag=-6.559e-04, P_cool=-5.933e-04, WENO=0.030 (x=0.030, y=0.030), ReL2D=128.43, eps_nu=6.091e-04, P_hv=1.518e-06, rho_mean=1.000000, p_mean=0.715472, div_rms=1.320e-01, vort_rms=8.845e-01, mass_err=-1.524e-10
step= 64000, t=28.204091, dt=4.350e-04, KE=3.159422e-02, Mt=0.2530, A_K=0.053, Cuv=-0.137, P_in=1.098e-03, P_tgt=1.105e-03, A_F=0.063, K_low=0.104, P_drag=-6.498e-04, P_cool=-5.963e-04, WENO=0.032 (x=0.032, y=0.032), ReL2D=126.47, eps_nu=6.110e-04, P_hv=1.548e-06, rho_mean=1.000000, p_mean=0.715478, div_rms=1.312e-01, vort_rms=8.861e-01, mass_err=-1.548e-10
step= 65000, t=28.635131, dt=4.288e-04, KE=3.151414e-02, Mt=0.2532, A_K=0.037, Cuv=-0.146, P_in=9.923e-04, P_tgt=9.759e-04, A_F=0.212, K_low=0.106, P_drag=-6.588e-04, P_cool=-5.943e-04, WENO=0.039 (x=0.039, y=0.039), ReL2D=124.46, eps_nu=6.118e-04, P_hv=1.588e-06, rho_mean=1.000000, p_mean=0.715474, div_rms=1.357e-01, vort_rms=8.858e-01, mass_err=-1.572e-10
step= 66000, t=29.064308, dt=4.300e-04, KE=3.127165e-02, Mt=0.2518, A_K=0.074, Cuv=-0.180, P_in=8.781e-04, P_tgt=8.813e-04, A_F=0.121, K_low=0.108, P_drag=-6.659e-04, P_cool=-6.136e-04, WENO=0.044 (x=0.044, y=0.044), ReL2D=125.58, eps_nu=6.040e-04, P_hv=1.594e-06, rho_mean=1.000000, p_mean=0.715513, div_rms=1.256e-01, vort_rms=8.819e-01, mass_err=-1.596e-10
step= 67000, t=29.493189, dt=4.266e-04, KE=3.125727e-02, Mt=0.2516, A_K=0.084, Cuv=-0.223, P_in=8.253e-04, P_tgt=8.303e-04, A_F=0.017, K_low=0.109, P_drag=-6.724e-04, P_cool=-5.809e-04, WENO=0.036 (x=0.036, y=0.036), ReL2D=125.86, eps_nu=6.027e-04, P_hv=1.588e-06, rho_mean=1.000000, p_mean=0.715448, div_rms=1.299e-01, vort_rms=8.801e-01, mass_err=-1.620e-10
step= 68000, t=29.920171, dt=4.291e-04, KE=3.112851e-02, Mt=0.2515, A_K=0.058, Cuv=-0.258, P_in=7.751e-04, P_tgt=7.771e-04, A_F=0.072, K_low=0.110, P_drag=-6.773e-04, P_cool=-5.687e-04, WENO=0.052 (x=0.052, y=0.052), ReL2D=127.83, eps_nu=5.963e-04, P_hv=1.678e-06, rho_mean=1.000000, p_mean=0.715423, div_rms=1.299e-01, vort_rms=8.753e-01, mass_err=-1.645e-10
step= 69000, t=30.352805, dt=4.356e-04, KE=3.082014e-02, Mt=0.2501, A_K=0.048, Cuv=-0.241, P_in=7.526e-04, P_tgt=7.492e-04, A_F=0.111, K_low=0.111, P_drag=-6.766e-04, P_cool=-5.880e-04, WENO=0.051 (x=0.051, y=0.051), ReL2D=129.63, eps_nu=5.859e-04, P_hv=1.606e-06, rho_mean=1.000000, p_mean=0.715462, div_rms=1.229e-01, vort_rms=8.688e-01, mass_err=-1.669e-10
step= 70000, t=30.793989, dt=4.443e-04, KE=3.053210e-02, Mt=0.2485, A_K=0.059, Cuv=-0.220, P_in=7.531e-04, P_tgt=7.709e-04, A_F=0.091, K_low=0.111, P_drag=-6.703e-04, P_cool=-6.004e-04, WENO=0.040 (x=0.040, y=0.040), ReL2D=129.89, eps_nu=5.773e-04, P_hv=1.547e-06, rho_mean=1.000000, p_mean=0.715487, div_rms=1.225e-01, vort_rms=8.623e-01, mass_err=-1.693e-10
saved snapshot: results/hit2d/final_thesis_Mach_ReL130_N512/production_N512/Mt025_N512/hit2d_step0070000.npz
step= 71000, t=31.237359, dt=4.435e-04, KE=3.039154e-02, Mt=0.2483, A_K=0.062, Cuv=-0.223, P_in=8.339e-04, P_tgt=8.293e-04, A_F=0.089, K_low=0.113, P_drag=-6.766e-04, P_cool=-5.875e-04, WENO=0.033 (x=0.033, y=0.033), ReL2D=129.53, eps_nu=5.722e-04, P_hv=1.601e-06, rho_mean=1.000000, p_mean=0.715461, div_rms=1.266e-01, vort_rms=8.576e-01, mass_err=-1.717e-10
step= 72000, t=31.682126, dt=4.441e-04, KE=3.028114e-02, Mt=0.2480, A_K=0.052, Cuv=-0.225, P_in=8.904e-04, P_tgt=8.889e-04, A_F=0.038, K_low=0.117, P_drag=-6.937e-04, P_cool=-5.736e-04, WENO=0.039 (x=0.039, y=0.039), ReL2D=129.63, eps_nu=5.636e-04, P_hv=1.600e-06, rho_mean=1.000000, p_mean=0.715433, div_rms=1.196e-01, vort_rms=8.523e-01, mass_err=-1.742e-10
step= 73000, t=32.121157, dt=4.329e-04, KE=3.022661e-02, Mt=0.2477, A_K=0.043, Cuv=-0.238, P_in=9.576e-04, P_tgt=9.701e-04, A_F=0.008, K_low=0.117, P_drag=-7.021e-04, P_cool=-5.551e-04, WENO=0.036 (x=0.036, y=0.036), ReL2D=128.39, eps_nu=5.565e-04, P_hv=1.587e-06, rho_mean=1.000000, p_mean=0.715396, div_rms=1.234e-01, vort_rms=8.460e-01, mass_err=-1.766e-10
step= 74000, t=32.549894, dt=4.258e-04, KE=3.012898e-02, Mt=0.2473, A_K=0.040, Cuv=-0.261, P_in=1.078e-03, P_tgt=1.073e-03, A_F=0.097, K_low=0.118, P_drag=-7.101e-04, P_cool=-5.540e-04, WENO=0.039 (x=0.039, y=0.039), ReL2D=128.21, eps_nu=5.522e-04, P_hv=1.578e-06, rho_mean=1.000000, p_mean=0.715394, div_rms=1.232e-01, vort_rms=8.427e-01, mass_err=-1.790e-10
step= 75000, t=32.974761, dt=4.301e-04, KE=2.997893e-02, Mt=0.2465, A_K=0.034, Cuv=-0.243, P_in=1.213e-03, P_tgt=1.218e-03, A_F=0.074, K_low=0.120, P_drag=-7.173e-04, P_cool=-5.725e-04, WENO=0.036 (x=0.036, y=0.036), ReL2D=129.69, eps_nu=5.466e-04, P_hv=1.634e-06, rho_mean=1.000000, p_mean=0.715431, div_rms=1.191e-01, vort_rms=8.390e-01, mass_err=-1.814e-10
step= 76000, t=33.408943, dt=4.361e-04, KE=2.996562e-02, Mt=0.2467, A_K=0.009, Cuv=-0.179, P_in=1.403e-03, P_tgt=1.401e-03, A_F=0.022, K_low=0.123, P_drag=-7.306e-04, P_cool=-5.766e-04, WENO=0.043 (x=0.043, y=0.043), ReL2D=128.20, eps_nu=5.507e-04, P_hv=1.620e-06, rho_mean=1.000000, p_mean=0.715439, div_rms=1.265e-01, vort_rms=8.408e-01, mass_err=-1.839e-10
step= 77000, t=33.850740, dt=4.507e-04, KE=3.004442e-02, Mt=0.2470, A_K=0.061, Cuv=-0.148, P_in=1.600e-03, P_tgt=1.600e-03, A_F=0.033, K_low=0.127, P_drag=-7.573e-04, P_cool=-5.765e-04, WENO=0.032 (x=0.032, y=0.032), ReL2D=127.28, eps_nu=5.567e-04, P_hv=1.614e-06, rho_mean=1.000000, p_mean=0.715439, div_rms=1.274e-01, vort_rms=8.454e-01, mass_err=-1.863e-10
step= 78000, t=34.306948, dt=4.519e-04, KE=3.010414e-02, Mt=0.2475, A_K=0.075, Cuv=-0.175, P_in=1.767e-03, P_tgt=1.789e-03, A_F=0.099, K_low=0.131, P_drag=-7.847e-04, P_cool=-5.960e-04, WENO=0.042 (x=0.042, y=0.042), ReL2D=127.38, eps_nu=5.556e-04, P_hv=1.552e-06, rho_mean=1.000000, p_mean=0.715478, div_rms=1.270e-01, vort_rms=8.446e-01, mass_err=-1.887e-10
step= 79000, t=34.754244, dt=4.444e-04, KE=3.024797e-02, Mt=0.2484, A_K=0.060, Cuv=-0.208, P_in=1.953e-03, P_tgt=1.951e-03, A_F=0.116, K_low=0.136, P_drag=-8.035e-04, P_cool=-6.095e-04, WENO=0.036 (x=0.036, y=0.036), ReL2D=128.07, eps_nu=5.607e-04, P_hv=1.566e-06, rho_mean=1.000000, p_mean=0.715505, div_rms=1.239e-01, vort_rms=8.492e-01, mass_err=-1.912e-10
step= 80000, t=35.193726, dt=4.348e-04, KE=3.067902e-02, Mt=0.2501, A_K=0.056, Cuv=-0.213, P_in=2.016e-03, P_tgt=2.013e-03, A_F=0.055, K_low=0.134, P_drag=-8.071e-04, P_cool=-5.755e-04, WENO=0.043 (x=0.043, y=0.043), ReL2D=131.29, eps_nu=5.707e-04, P_hv=1.562e-06, rho_mean=1.000000, p_mean=0.715437, div_rms=1.272e-01, vort_rms=8.563e-01, mass_err=-1.936e-10
saved snapshot: results/hit2d/final_thesis_Mach_ReL130_N512/production_N512/Mt025_N512/hit2d_step0080000.npz
step= 81000, t=35.619847, dt=4.209e-04, KE=3.080012e-02, Mt=0.2504, A_K=0.098, Cuv=-0.219, P_in=2.005e-03, P_tgt=1.985e-03, A_F=0.040, K_low=0.130, P_drag=-7.896e-04, P_cool=-6.047e-04, WENO=0.043 (x=0.043, y=0.043), ReL2D=127.30, eps_nu=5.895e-04, P_hv=1.608e-06, rho_mean=1.000000, p_mean=0.715495, div_rms=1.312e-01, vort_rms=8.699e-01, mass_err=-1.960e-10
step= 82000, t=36.042516, dt=4.262e-04, KE=3.093341e-02, Mt=0.2511, A_K=0.109, Cuv=-0.199, P_in=1.927e-03, P_tgt=1.938e-03, A_F=0.033, K_low=0.126, P_drag=-7.638e-04, P_cool=-6.262e-04, WENO=0.031 (x=0.031, y=0.031), ReL2D=127.23, eps_nu=6.038e-04, P_hv=1.664e-06, rho_mean=1.000000, p_mean=0.715538, div_rms=1.339e-01, vort_rms=8.802e-01, mass_err=-1.984e-10
step= 83000, t=36.471090, dt=4.302e-04, KE=3.131400e-02, Mt=0.2524, A_K=0.096, Cuv=-0.196, P_in=1.793e-03, P_tgt=1.802e-03, A_F=0.003, K_low=0.119, P_drag=-7.320e-04, P_cool=-5.948e-04, WENO=0.046 (x=0.046, y=0.046), ReL2D=127.01, eps_nu=6.204e-04, P_hv=1.672e-06, rho_mean=1.000000, p_mean=0.715475, div_rms=1.339e-01, vort_rms=8.926e-01, mass_err=-2.008e-10
step= 84000, t=36.904827, dt=4.376e-04, KE=3.149536e-02, Mt=0.2527, A_K=0.100, Cuv=-0.191, P_in=1.622e-03, P_tgt=1.634e-03, A_F=0.058, K_low=0.113, P_drag=-6.966e-04, P_cool=-5.950e-04, WENO=0.028 (x=0.028, y=0.028), ReL2D=126.12, eps_nu=6.340e-04, P_hv=1.695e-06, rho_mean=1.000000, p_mean=0.715476, div_rms=1.294e-01, vort_rms=9.035e-01, mass_err=-2.033e-10
step= 85000, t=37.338924, dt=4.293e-04, KE=3.173962e-02, Mt=0.2537, A_K=0.127, Cuv=-0.177, P_in=1.445e-03, P_tgt=1.440e-03, A_F=0.078, K_low=0.106, P_drag=-6.550e-04, P_cool=-5.709e-04, WENO=0.033 (x=0.033, y=0.033), ReL2D=124.16, eps_nu=6.479e-04, P_hv=1.745e-06, rho_mean=1.000000, p_mean=0.715428, div_rms=1.459e-01, vort_rms=9.103e-01, mass_err=-2.057e-10
step= 86000, t=37.767086, dt=4.299e-04, KE=3.145645e-02, Mt=0.2529, A_K=0.144, Cuv=-0.174, P_in=1.259e-03, P_tgt=1.254e-03, A_F=0.241, K_low=0.098, P_drag=-6.031e-04, P_cool=-6.384e-04, WENO=0.034 (x=0.034, y=0.034), ReL2D=123.09, eps_nu=6.442e-04, P_hv=1.778e-06, rho_mean=1.000000, p_mean=0.715563, div_rms=1.362e-01, vort_rms=9.096e-01, mass_err=-2.081e-10
step= 87000, t=38.196474, dt=4.270e-04, KE=3.145504e-02, Mt=0.2529, A_K=0.132, Cuv=-0.185, P_in=1.135e-03, P_tgt=1.126e-03, A_F=0.013, K_low=0.090, P_drag=-5.513e-04, P_cool=-6.357e-04, WENO=0.027 (x=0.027, y=0.027), ReL2D=123.59, eps_nu=6.383e-04, P_hv=1.756e-06, rho_mean=1.000000, p_mean=0.715557, div_rms=1.441e-01, vort_rms=9.036e-01, mass_err=-2.105e-10
step= 88000, t=38.617835, dt=4.177e-04, KE=3.152775e-02, Mt=0.2530, A_K=0.151, Cuv=-0.178, P_in=1.004e-03, P_tgt=1.003e-03, A_F=0.100, K_low=0.082, P_drag=-5.066e-04, P_cool=-6.135e-04, WENO=0.033 (x=0.033, y=0.033), ReL2D=126.14, eps_nu=6.301e-04, P_hv=1.789e-06, rho_mean=1.000000, p_mean=0.715513, div_rms=1.374e-01, vort_rms=8.990e-01, mass_err=-2.130e-10
step= 89000, t=39.032237, dt=4.112e-04, KE=3.146206e-02, Mt=0.2524, A_K=0.171, Cuv=-0.140, P_in=8.953e-04, P_tgt=8.988e-04, A_F=0.167, K_low=0.074, P_drag=-4.575e-04, P_cool=-6.149e-04, WENO=0.042 (x=0.042, y=0.042), ReL2D=127.12, eps_nu=6.240e-04, P_hv=1.780e-06, rho_mean=1.000000, p_mean=0.715516, div_rms=1.304e-01, vort_rms=8.959e-01, mass_err=-2.154e-10
step= 90000, t=39.446009, dt=4.145e-04, KE=3.120546e-02, Mt=0.2516, A_K=0.184, Cuv=-0.117, P_in=8.313e-04, P_tgt=8.306e-04, A_F=0.054, K_low=0.067, P_drag=-4.141e-04, P_cool=-6.494e-04, WENO=0.034 (x=0.034, y=0.034), ReL2D=130.39, eps_nu=6.164e-04, P_hv=1.758e-06, rho_mean=1.000000, p_mean=0.715584, div_rms=1.347e-01, vort_rms=8.895e-01, mass_err=-2.178e-10
saved snapshot: results/hit2d/final_thesis_Mach_ReL130_N512/production_N512/Mt025_N512/hit2d_step0090000.npz
step= 91000, t=39.859503, dt=4.148e-04, KE=3.107670e-02, Mt=0.2513, A_K=0.195, Cuv=-0.101, P_in=7.882e-04, P_tgt=7.873e-04, A_F=0.035, K_low=0.064, P_drag=-3.891e-04, P_cool=-6.545e-04, WENO=0.037 (x=0.037, y=0.037), ReL2D=130.74, eps_nu=6.135e-04, P_hv=1.748e-06, rho_mean=1.000000, p_mean=0.715595, div_rms=1.404e-01, vort_rms=8.861e-01, mass_err=-2.202e-10
step= 92000, t=40.280665, dt=4.246e-04, KE=3.113365e-02, Mt=0.2513, A_K=0.189, Cuv=-0.072, P_in=7.351e-04, P_tgt=7.478e-04, A_F=0.265, K_low=0.061, P_drag=-3.712e-04, P_cool=-6.219e-04, WENO=0.037 (x=0.037, y=0.037), ReL2D=131.72, eps_nu=6.077e-04, P_hv=1.673e-06, rho_mean=1.000000, p_mean=0.715529, div_rms=1.372e-01, vort_rms=8.824e-01, mass_err=-2.227e-10
step= 93000, t=40.702403, dt=4.212e-04, KE=3.104555e-02, Mt=0.2512, A_K=0.202, Cuv=-0.092, P_in=7.149e-04, P_tgt=7.111e-04, A_F=0.148, K_low=0.058, P_drag=-3.523e-04, P_cool=-6.184e-04, WENO=0.035 (x=0.035, y=0.035), ReL2D=131.44, eps_nu=6.042e-04, P_hv=1.638e-06, rho_mean=1.000000, p_mean=0.715523, div_rms=1.300e-01, vort_rms=8.813e-01, mass_err=-2.251e-10
warning: flow component anisotropy has increased over the last three diagnostic samples
step= 94000, t=41.125263, dt=4.259e-04, KE=3.100491e-02, Mt=0.2511, A_K=0.225, Cuv=-0.122, P_in=6.790e-04, P_tgt=6.769e-04, A_F=0.153, K_low=0.056, P_drag=-3.394e-04, P_cool=-6.046e-04, WENO=0.036 (x=0.036, y=0.036), ReL2D=132.98, eps_nu=6.049e-04, P_hv=1.627e-06, rho_mean=1.000000, p_mean=0.715495, div_rms=1.389e-01, vort_rms=8.800e-01, mass_err=-2.275e-10
warning: flow component anisotropy has increased over the last three diagnostic samples
step= 95000, t=41.556865, dt=4.365e-04, KE=3.071255e-02, Mt=0.2498, A_K=0.229, Cuv=-0.108, P_in=6.631e-04, P_tgt=6.628e-04, A_F=0.015, K_low=0.055, P_drag=-3.333e-04, P_cool=-6.383e-04, WENO=0.045 (x=0.045, y=0.045), ReL2D=134.36, eps_nu=5.973e-04, P_hv=1.584e-06, rho_mean=1.000000, p_mean=0.715562, div_rms=1.290e-01, vort_rms=8.763e-01, mass_err=-2.299e-10
step= 96000, t=41.997108, dt=4.442e-04, KE=3.061183e-02, Mt=0.2490, A_K=0.193, Cuv=-0.058, P_in=6.656e-04, P_tgt=6.800e-04, A_F=0.223, K_low=0.053, P_drag=-3.204e-04, P_cool=-6.323e-04, WENO=0.041 (x=0.041, y=0.041), ReL2D=132.94, eps_nu=5.963e-04, P_hv=1.566e-06, rho_mean=1.000000, p_mean=0.715550, div_rms=1.341e-01, vort_rms=8.745e-01, mass_err=-2.324e-10
step= 97000, t=42.440242, dt=4.374e-04, KE=3.049551e-02, Mt=0.2490, A_K=0.145, Cuv=-0.046, P_in=7.132e-04, P_tgt=7.106e-04, A_F=0.005, K_low=0.050, P_drag=-3.011e-04, P_cool=-6.351e-04, WENO=0.033 (x=0.033, y=0.033), ReL2D=134.43, eps_nu=5.859e-04, P_hv=1.556e-06, rho_mean=1.000000, p_mean=0.715556, div_rms=1.300e-01, vort_rms=8.674e-01, mass_err=-2.348e-10
step= 98000, t=42.870920, dt=4.288e-04, KE=3.022060e-02, Mt=0.2485, A_K=0.134, Cuv=-0.072, P_in=7.435e-04, P_tgt=7.431e-04, A_F=0.116, K_low=0.048, P_drag=-2.897e-04, P_cool=-6.716e-04, WENO=0.051 (x=0.051, y=0.051), ReL2D=135.05, eps_nu=5.767e-04, P_hv=1.604e-06, rho_mean=1.000000, p_mean=0.715629, div_rms=1.319e-01, vort_rms=8.599e-01, mass_err=-2.372e-10
step= 99000, t=43.300762, dt=4.299e-04, KE=3.011918e-02, Mt=0.2480, A_K=0.087, Cuv=-0.136, P_in=8.046e-04, P_tgt=8.042e-04, A_F=0.018, K_low=0.048, P_drag=-2.889e-04, P_cool=-6.744e-04, WENO=0.051 (x=0.051, y=0.051), ReL2D=132.61, eps_nu=5.658e-04, P_hv=1.541e-06, rho_mean=1.000000, p_mean=0.715635, div_rms=1.333e-01, vort_rms=8.513e-01, mass_err=-2.396e-10
step=100000, t=43.729024, dt=4.237e-04, KE=3.036013e-02, Mt=0.2490, A_K=0.049, Cuv=-0.150, P_in=8.524e-04, P_tgt=8.540e-04, A_F=0.114, K_low=0.048, P_drag=-2.880e-04, P_cool=-6.180e-04, WENO=0.036 (x=0.036, y=0.036), ReL2D=132.63, eps_nu=5.592e-04, P_hv=1.502e-06, rho_mean=1.000000, p_mean=0.715522, div_rms=1.394e-01, vort_rms=8.448e-01, mass_err=-2.420e-10
saved snapshot: results/hit2d/final_thesis_Mach_ReL130_N512/production_N512/Mt025_N512/hit2d_step0100000.npz
step=101000, t=44.155365, dt=4.316e-04, KE=3.045641e-02, Mt=0.2493, A_K=0.047, Cuv=-0.143, P_in=8.827e-04, P_tgt=8.795e-04, A_F=0.061, K_low=0.047, P_drag=-2.795e-04, P_cool=-5.969e-04, WENO=0.040 (x=0.040, y=0.040), ReL2D=134.14, eps_nu=5.531e-04, P_hv=1.511e-06, rho_mean=1.000000, p_mean=0.715480, div_rms=1.392e-01, vort_rms=8.401e-01, mass_err=-2.445e-10
step=102000, t=44.589982, dt=4.333e-04, KE=3.046154e-02, Mt=0.2489, A_K=0.030, Cuv=-0.148, P_in=9.085e-04, P_tgt=9.099e-04, A_F=0.126, K_low=0.047, P_drag=-2.754e-04, P_cool=-5.977e-04, WENO=0.036 (x=0.036, y=0.036), ReL2D=134.25, eps_nu=5.495e-04, P_hv=1.484e-06, rho_mean=1.000000, p_mean=0.715481, div_rms=1.357e-01, vort_rms=8.380e-01, mass_err=-2.469e-10
step=103000, t=45.016517, dt=4.250e-04, KE=3.054179e-02, Mt=0.2492, A_K=0.004, Cuv=-0.142, P_in=9.580e-04, P_tgt=9.523e-04, A_F=0.082, K_low=0.047, P_drag=-2.818e-04, P_cool=-5.936e-04, WENO=0.034 (x=0.034, y=0.034), ReL2D=133.07, eps_nu=5.477e-04, P_hv=1.504e-06, rho_mean=1.000000, p_mean=0.715473, div_rms=1.351e-01, vort_rms=8.367e-01, mass_err=-2.493e-10
step=104000, t=45.445847, dt=4.355e-04, KE=3.075780e-02, Mt=0.2502, A_K=0.062, Cuv=-0.125, P_in=9.581e-04, P_tgt=9.639e-04, A_F=0.167, K_low=0.046, P_drag=-2.835e-04, P_cool=-5.695e-04, WENO=0.042 (x=0.042, y=0.042), ReL2D=133.10, eps_nu=5.458e-04, P_hv=1.475e-06, rho_mean=1.000000, p_mean=0.715425, div_rms=1.362e-01, vort_rms=8.350e-01, mass_err=-2.517e-10
step=105000, t=45.885455, dt=4.406e-04, KE=3.071298e-02, Mt=0.2497, A_K=0.067, Cuv=-0.145, P_in=9.593e-04, P_tgt=9.605e-04, A_F=0.157, K_low=0.047, P_drag=-2.911e-04, P_cool=-5.877e-04, WENO=0.043 (x=0.043, y=0.043), ReL2D=132.12, eps_nu=5.403e-04, P_hv=1.428e-06, rho_mean=1.000000, p_mean=0.715461, div_rms=1.310e-01, vort_rms=8.317e-01, mass_err=-2.542e-10
step=106000, t=46.326229, dt=4.404e-04, KE=3.067432e-02, Mt=0.2498, A_K=0.049, Cuv=-0.193, P_in=9.810e-04, P_tgt=9.764e-04, A_F=0.016, K_low=0.052, P_drag=-3.140e-04, P_cool=-6.013e-04, WENO=0.039 (x=0.039, y=0.039), ReL2D=131.58, eps_nu=5.361e-04, P_hv=1.410e-06, rho_mean=1.000000, p_mean=0.715488, div_rms=1.292e-01, vort_rms=8.287e-01, mass_err=-2.566e-10
step=107000, t=46.768018, dt=4.410e-04, KE=3.090745e-02, Mt=0.2511, A_K=0.017, Cuv=-0.209, P_in=9.489e-04, P_tgt=9.567e-04, A_F=0.078, K_low=0.057, P_drag=-3.460e-04, P_cool=-5.601e-04, WENO=0.035 (x=0.035, y=0.035), ReL2D=133.79, eps_nu=5.360e-04, P_hv=1.410e-06, rho_mean=1.000000, p_mean=0.715406, div_rms=1.321e-01, vort_rms=8.281e-01, mass_err=-2.590e-10
step=108000, t=47.207587, dt=4.400e-04, KE=3.092500e-02, Mt=0.2510, A_K=0.010, Cuv=-0.187, P_in=9.257e-04, P_tgt=9.160e-04, A_F=0.173, K_low=0.063, P_drag=-3.779e-04, P_cool=-5.582e-04, WENO=0.029 (x=0.029, y=0.029), ReL2D=133.55, eps_nu=5.348e-04, P_hv=1.408e-06, rho_mean=1.000000, p_mean=0.715402, div_rms=1.314e-01, vort_rms=8.272e-01, mass_err=-2.614e-10
step=109000, t=47.649081, dt=4.432e-04, KE=3.065177e-02, Mt=0.2498, A_K=0.040, Cuv=-0.149, P_in=9.034e-04, P_tgt=9.030e-04, A_F=0.161, K_low=0.070, P_drag=-4.173e-04, P_cool=-6.061e-04, WENO=0.038 (x=0.038, y=0.038), ReL2D=134.71, eps_nu=5.277e-04, P_hv=1.387e-06, rho_mean=1.000000, p_mean=0.715498, div_rms=1.193e-01, vort_rms=8.240e-01, mass_err=-2.639e-10
step=110000, t=48.090504, dt=4.407e-04, KE=3.074314e-02, Mt=0.2500, A_K=0.043, Cuv=-0.126, P_in=9.073e-04, P_tgt=9.098e-04, A_F=0.151, K_low=0.076, P_drag=-4.594e-04, P_cool=-5.767e-04, WENO=0.037 (x=0.037, y=0.037), ReL2D=138.46, eps_nu=5.275e-04, P_hv=1.384e-06, rho_mean=1.000000, p_mean=0.715439, div_rms=1.286e-01, vort_rms=8.220e-01, mass_err=-2.663e-10
saved snapshot: results/hit2d/final_thesis_Mach_ReL130_N512/production_N512/Mt025_N512/hit2d_step0110000.npz
step=111000, t=48.532628, dt=4.391e-04, KE=3.070457e-02, Mt=0.2501, A_K=0.021, Cuv=-0.132, P_in=9.141e-04, P_tgt=9.056e-04, A_F=0.037, K_low=0.081, P_drag=-4.910e-04, P_cool=-5.723e-04, WENO=0.045 (x=0.045, y=0.045), ReL2D=138.57, eps_nu=5.240e-04, P_hv=1.363e-06, rho_mean=1.000000, p_mean=0.715430, div_rms=1.282e-01, vort_rms=8.193e-01, mass_err=-2.687e-10
step=112000, t=48.968691, dt=4.327e-04, KE=3.048790e-02, Mt=0.2494, A_K=0.016, Cuv=-0.167, P_in=9.110e-04, P_tgt=9.122e-04, A_F=0.082, K_low=0.088, P_drag=-5.204e-04, P_cool=-5.996e-04, WENO=0.036 (x=0.036, y=0.036), ReL2D=141.59, eps_nu=5.183e-04, P_hv=1.351e-06, rho_mean=1.000000, p_mean=0.715485, div_rms=1.239e-01, vort_rms=8.155e-01, mass_err=-2.711e-10
step=113000, t=49.404757, dt=4.412e-04, KE=3.038355e-02, Mt=0.2488, A_K=0.096, Cuv=-0.203, P_in=9.575e-04, P_tgt=9.469e-04, A_F=0.340, K_low=0.095, P_drag=-5.592e-04, P_cool=-6.018e-04, WENO=0.038 (x=0.038, y=0.038), ReL2D=141.96, eps_nu=5.161e-04, P_hv=1.362e-06, rho_mean=1.000000, p_mean=0.715489, div_rms=1.267e-01, vort_rms=8.131e-01, mass_err=-2.736e-10
step=114000, t=49.845361, dt=4.378e-04, KE=3.059663e-02, Mt=0.2496, A_K=0.170, Cuv=-0.201, P_in=9.813e-04, P_tgt=9.838e-04, A_F=0.071, K_low=0.102, P_drag=-6.089e-04, P_cool=-5.422e-04, WENO=0.030 (x=0.030, y=0.030), ReL2D=144.55, eps_nu=5.173e-04, P_hv=1.366e-06, rho_mean=1.000000, p_mean=0.715370, div_rms=1.304e-01, vort_rms=8.134e-01, mass_err=-2.760e-10
step=115000, t=50.283028, dt=4.393e-04, KE=3.068775e-02, Mt=0.2501, A_K=0.172, Cuv=-0.160, P_in=9.834e-04, P_tgt=9.839e-04, A_F=0.217, K_low=0.108, P_drag=-6.540e-04, P_cool=-5.098e-04, WENO=0.050 (x=0.050, y=0.050), ReL2D=147.29, eps_nu=5.184e-04, P_hv=1.334e-06, rho_mean=1.000000, p_mean=0.715305, div_rms=1.261e-01, vort_rms=8.151e-01, mass_err=-2.784e-10
step=116000, t=50.723705, dt=4.400e-04, KE=3.053528e-02, Mt=0.2493, A_K=0.149, Cuv=-0.123, P_in=9.879e-04, P_tgt=9.956e-04, A_F=0.100, K_low=0.115, P_drag=-6.957e-04, P_cool=-5.222e-04, WENO=0.036 (x=0.036, y=0.036), ReL2D=146.87, eps_nu=5.148e-04, P_hv=1.299e-06, rho_mean=1.000000, p_mean=0.715330, div_rms=1.252e-01, vort_rms=8.124e-01, mass_err=-2.808e-10
step=117000, t=51.155632, dt=4.255e-04, KE=3.029398e-02, Mt=0.2483, A_K=0.131, Cuv=-0.116, P_in=1.041e-03, P_tgt=1.046e-03, A_F=0.031, K_low=0.122, P_drag=-7.287e-04, P_cool=-5.507e-04, WENO=0.030 (x=0.030, y=0.030), ReL2D=139.52, eps_nu=5.132e-04, P_hv=1.333e-06, rho_mean=1.000000, p_mean=0.715387, div_rms=1.295e-01, vort_rms=8.102e-01, mass_err=-2.833e-10
step=118000, t=51.581486, dt=4.270e-04, KE=3.001130e-02, Mt=0.2476, A_K=0.128, Cuv=-0.135, P_in=1.151e-03, P_tgt=1.143e-03, A_F=0.062, K_low=0.127, P_drag=-7.418e-04, P_cool=-5.885e-04, WENO=0.026 (x=0.026, y=0.026), ReL2D=134.19, eps_nu=5.186e-04, P_hv=1.369e-06, rho_mean=1.000000, p_mean=0.715463, div_rms=1.252e-01, vort_rms=8.155e-01, mass_err=-2.857e-10
step=119000, t=52.002888, dt=4.226e-04, KE=2.998210e-02, Mt=0.2474, A_K=0.120, Cuv=-0.139, P_in=1.266e-03, P_tgt=1.268e-03, A_F=0.046, K_low=0.126, P_drag=-7.374e-04, P_cool=-5.840e-04, WENO=0.038 (x=0.038, y=0.038), ReL2D=133.20, eps_nu=5.198e-04, P_hv=1.364e-06, rho_mean=1.000000, p_mean=0.715454, div_rms=1.211e-01, vort_rms=8.173e-01, mass_err=-2.881e-10
step=120000, t=52.426828, dt=4.235e-04, KE=3.032119e-02, Mt=0.2487, A_K=0.068, Cuv=-0.142, P_in=1.376e-03, P_tgt=1.378e-03, A_F=0.035, K_low=0.125, P_drag=-7.415e-04, P_cool=-5.195e-04, WENO=0.040 (x=0.040, y=0.040), ReL2D=132.87, eps_nu=5.250e-04, P_hv=1.351e-06, rho_mean=1.000000, p_mean=0.715325, div_rms=1.306e-01, vort_rms=8.195e-01, mass_err=-2.905e-10
saved snapshot: results/hit2d/final_thesis_Mach_ReL130_N512/production_N512/Mt025_N512/hit2d_step0120000.npz
step=121000, t=52.850471, dt=4.223e-04, KE=3.036615e-02, Mt=0.2493, A_K=0.069, Cuv=-0.157, P_in=1.439e-03, P_tgt=1.428e-03, A_F=0.054, K_low=0.127, P_drag=-7.489e-04, P_cool=-5.231e-04, WENO=0.033 (x=0.033, y=0.033), ReL2D=129.41, eps_nu=5.356e-04, P_hv=1.335e-06, rho_mean=1.000000, p_mean=0.715332, div_rms=1.256e-01, vort_rms=8.290e-01, mass_err=-2.930e-10
step=122000, t=53.272843, dt=4.222e-04, KE=3.034414e-02, Mt=0.2491, A_K=0.084, Cuv=-0.175, P_in=1.496e-03, P_tgt=1.474e-03, A_F=0.152, K_low=0.124, P_drag=-7.369e-04, P_cool=-5.416e-04, WENO=0.047 (x=0.047, y=0.047), ReL2D=126.44, eps_nu=5.408e-04, P_hv=1.299e-06, rho_mean=1.000000, p_mean=0.715369, div_rms=1.238e-01, vort_rms=8.336e-01, mass_err=-2.954e-10
step=123000, t=53.692088, dt=4.177e-04, KE=3.051017e-02, Mt=0.2494, A_K=0.063, Cuv=-0.201, P_in=1.535e-03, P_tgt=1.524e-03, A_F=0.066, K_low=0.118, P_drag=-7.096e-04, P_cool=-5.286e-04, WENO=0.036 (x=0.036, y=0.036), ReL2D=127.72, eps_nu=5.515e-04, P_hv=1.304e-06, rho_mean=1.000000, p_mean=0.715343, div_rms=1.215e-01, vort_rms=8.425e-01, mass_err=-2.978e-10
step=124000, t=54.108999, dt=4.184e-04, KE=3.053876e-02, Mt=0.2495, A_K=0.036, Cuv=-0.188, P_in=1.550e-03, P_tgt=1.554e-03, A_F=0.049, K_low=0.115, P_drag=-6.909e-04, P_cool=-5.486e-04, WENO=0.030 (x=0.030, y=0.030), ReL2D=129.09, eps_nu=5.511e-04, P_hv=1.390e-06, rho_mean=1.000000, p_mean=0.715383, div_rms=1.200e-01, vort_rms=8.425e-01, mass_err=-3.002e-10
step=125000, t=54.528647, dt=4.213e-04, KE=3.050450e-02, Mt=0.2500, A_K=0.044, Cuv=-0.158, P_in=1.576e-03, P_tgt=1.574e-03, A_F=0.133, K_low=0.116, P_drag=-6.855e-04, P_cool=-5.818e-04, WENO=0.040 (x=0.040, y=0.040), ReL2D=127.92, eps_nu=5.549e-04, P_hv=1.371e-06, rho_mean=1.000000, p_mean=0.715449, div_rms=1.227e-01, vort_rms=8.449e-01, mass_err=-3.027e-10
step=126000, t=54.954459, dt=4.263e-04, KE=3.062297e-02, Mt=0.2504, A_K=0.081, Cuv=-0.146, P_in=1.583e-03, P_tgt=1.562e-03, A_F=0.192, K_low=0.115, P_drag=-6.820e-04, P_cool=-5.837e-04, WENO=0.040 (x=0.040, y=0.040), ReL2D=127.75, eps_nu=5.612e-04, P_hv=1.356e-06, rho_mean=1.000000, p_mean=0.715453, div_rms=1.244e-01, vort_rms=8.495e-01, mass_err=-3.051e-10
step=127000, t=55.378796, dt=4.232e-04, KE=3.094343e-02, Mt=0.2514, A_K=0.126, Cuv=-0.150, P_in=1.512e-03, P_tgt=1.508e-03, A_F=0.096, K_low=0.111, P_drag=-6.762e-04, P_cool=-5.454e-04, WENO=0.050 (x=0.050, y=0.050), ReL2D=125.06, eps_nu=5.806e-04, P_hv=1.360e-06, rho_mean=1.000000, p_mean=0.715377, div_rms=1.335e-01, vort_rms=8.626e-01, mass_err=-3.075e-10
step=128000, t=55.802046, dt=4.226e-04, KE=3.099452e-02, Mt=0.2517, A_K=0.119, Cuv=-0.134, P_in=1.418e-03, P_tgt=1.419e-03, A_F=0.032, K_low=0.109, P_drag=-6.706e-04, P_cool=-5.555e-04, WENO=0.044 (x=0.044, y=0.044), ReL2D=121.75, eps_nu=5.866e-04, P_hv=1.413e-06, rho_mean=1.000000, p_mean=0.715397, div_rms=1.331e-01, vort_rms=8.673e-01, mass_err=-3.100e-10
step=129000, t=56.222680, dt=4.193e-04, KE=3.102175e-02, Mt=0.2519, A_K=0.108, Cuv=-0.120, P_in=1.330e-03, P_tgt=1.321e-03, A_F=0.126, K_low=0.110, P_drag=-6.752e-04, P_cool=-5.619e-04, WENO=0.043 (x=0.043, y=0.043), ReL2D=119.86, eps_nu=5.856e-04, P_hv=1.392e-06, rho_mean=1.000000, p_mean=0.715409, div_rms=1.267e-01, vort_rms=8.678e-01, mass_err=-3.124e-10
step=130000, t=56.642230, dt=4.199e-04, KE=3.112151e-02, Mt=0.2521, A_K=0.083, Cuv=-0.110, P_in=1.210e-03, P_tgt=1.222e-03, A_F=0.100, K_low=0.112, P_drag=-6.927e-04, P_cool=-5.451e-04, WENO=0.044 (x=0.044, y=0.044), ReL2D=118.82, eps_nu=5.877e-04, P_hv=1.402e-06, rho_mean=1.000000, p_mean=0.715376, div_rms=1.297e-01, vort_rms=8.689e-01, mass_err=-3.148e-10
saved snapshot: results/hit2d/final_thesis_Mach_ReL130_N512/production_N512/Mt025_N512/hit2d_step0130000.npz
step=131000, t=57.064884, dt=4.240e-04, KE=3.101693e-02, Mt=0.2512, A_K=0.068, Cuv=-0.078, P_in=1.139e-03, P_tgt=1.142e-03, A_F=0.164, K_low=0.116, P_drag=-7.177e-04, P_cool=-5.595e-04, WENO=0.037 (x=0.037, y=0.037), ReL2D=118.98, eps_nu=5.856e-04, P_hv=1.401e-06, rho_mean=1.000000, p_mean=0.715405, div_rms=1.249e-01, vort_rms=8.682e-01, mass_err=-3.172e-10
step=132000, t=57.491003, dt=4.293e-04, KE=3.097198e-02, Mt=0.2508, A_K=0.084, Cuv=-0.034, P_in=1.098e-03, P_tgt=1.106e-03, A_F=0.208, K_low=0.120, P_drag=-7.489e-04, P_cool=-5.537e-04, WENO=0.039 (x=0.039, y=0.039), ReL2D=120.60, eps_nu=5.854e-04, P_hv=1.371e-06, rho_mean=1.000000, p_mean=0.715393, div_rms=1.202e-01, vort_rms=8.689e-01, mass_err=-3.196e-10
step=133000, t=57.919570, dt=4.258e-04, KE=3.091390e-02, Mt=0.2512, A_K=0.105, Cuv=-0.016, P_in=1.063e-03, P_tgt=1.059e-03, A_F=0.130, K_low=0.127, P_drag=-7.870e-04, P_cool=-5.459e-04, WENO=0.044 (x=0.044, y=0.044), ReL2D=120.90, eps_nu=5.838e-04, P_hv=1.341e-06, rho_mean=1.000000, p_mean=0.715377, div_rms=1.212e-01, vort_rms=8.675e-01, mass_err=-3.221e-10
step=134000, t=58.344935, dt=4.250e-04, KE=3.067529e-02, Mt=0.2504, A_K=0.113, Cuv=0.003, P_in=1.022e-03, P_tgt=1.025e-03, A_F=0.029, K_low=0.136, P_drag=-8.287e-04, P_cool=-5.666e-04, WENO=0.035 (x=0.035, y=0.035), ReL2D=119.00, eps_nu=5.793e-04, P_hv=1.322e-06, rho_mean=1.000000, p_mean=0.715419, div_rms=1.209e-01, vort_rms=8.642e-01, mass_err=-3.245e-10
step=135000, t=58.769966, dt=4.223e-04, KE=3.053381e-02, Mt=0.2495, A_K=0.074, Cuv=0.068, P_in=1.024e-03, P_tgt=1.028e-03, A_F=0.046, K_low=0.143, P_drag=-8.681e-04, P_cool=-5.618e-04, WENO=0.034 (x=0.034, y=0.034), ReL2D=119.19, eps_nu=5.724e-04, P_hv=1.306e-06, rho_mean=1.000000, p_mean=0.715409, div_rms=1.261e-01, vort_rms=8.578e-01, mass_err=-3.269e-10
step=136000, t=59.194529, dt=4.288e-04, KE=3.050228e-02, Mt=0.2490, A_K=0.043, Cuv=0.096, P_in=1.050e-03, P_tgt=1.059e-03, A_F=0.066, K_low=0.149, P_drag=-9.075e-04, P_cool=-5.350e-04, WENO=0.030 (x=0.030, y=0.030), ReL2D=121.02, eps_nu=5.691e-04, P_hv=1.288e-06, rho_mean=1.000000, p_mean=0.715356, div_rms=1.278e-01, vort_rms=8.549e-01, mass_err=-3.293e-10
step=137000, t=59.623207, dt=4.280e-04, KE=3.044920e-02, Mt=0.2485, A_K=0.053, Cuv=0.087, P_in=1.106e-03, P_tgt=1.111e-03, A_F=0.088, K_low=0.154, P_drag=-9.380e-04, P_cool=-5.146e-04, WENO=0.037 (x=0.037, y=0.037), ReL2D=123.20, eps_nu=5.681e-04, P_hv=1.297e-06, rho_mean=1.000000, p_mean=0.715315, div_rms=1.303e-01, vort_rms=8.536e-01, mass_err=-3.317e-10
step=138000, t=60.057797, dt=4.397e-04, KE=3.007671e-02, Mt=0.2469, A_K=0.059, Cuv=0.094, P_in=1.237e-03, P_tgt=1.221e-03, A_F=0.062, K_low=0.159, P_drag=-9.563e-04, P_cool=-5.610e-04, WENO=0.035 (x=0.035, y=0.035), ReL2D=121.44, eps_nu=5.667e-04, P_hv=1.272e-06, rho_mean=1.000000, p_mean=0.715408, div_rms=1.225e-01, vort_rms=8.541e-01, mass_err=-3.342e-10
step=139000, t=60.502135, dt=4.470e-04, KE=2.988917e-02, Mt=0.2461, A_K=0.057, Cuv=0.051, P_in=1.411e-03, P_tgt=1.417e-03, A_F=0.011, K_low=0.162, P_drag=-9.675e-04, P_cool=-5.800e-04, WENO=0.036 (x=0.036, y=0.036), ReL2D=118.75, eps_nu=5.692e-04, P_hv=1.265e-06, rho_mean=1.000000, p_mean=0.715446, div_rms=1.316e-01, vort_rms=8.542e-01, mass_err=-3.366e-10
step=140000, t=60.942153, dt=4.376e-04, KE=3.000087e-02, Mt=0.2470, A_K=0.033, Cuv=0.022, P_in=1.619e-03, P_tgt=1.635e-03, A_F=0.113, K_low=0.166, P_drag=-9.877e-04, P_cool=-5.562e-04, WENO=0.038 (x=0.038, y=0.038), ReL2D=118.74, eps_nu=5.734e-04, P_hv=1.255e-06, rho_mean=1.000000, p_mean=0.715398, div_rms=1.331e-01, vort_rms=8.572e-01, mass_err=-3.390e-10
saved snapshot: results/hit2d/final_thesis_Mach_ReL130_N512/production_N512/Mt025_N512/hit2d_step0140000.npz
step=141000, t=61.385591, dt=4.426e-04, KE=3.003683e-02, Mt=0.2468, A_K=0.018, Cuv=0.034, P_in=1.841e-03, P_tgt=1.841e-03, A_F=0.259, K_low=0.169, P_drag=-1.005e-03, P_cool=-5.654e-04, WENO=0.029 (x=0.029, y=0.029), ReL2D=119.91, eps_nu=5.763e-04, P_hv=1.274e-06, rho_mean=1.000000, p_mean=0.715416, div_rms=1.270e-01, vort_rms=8.607e-01, mass_err=-3.414e-10
step=142000, t=61.820495, dt=4.331e-04, KE=3.014968e-02, Mt=0.2471, A_K=0.009, Cuv=0.055, P_in=2.099e-03, P_tgt=2.097e-03, A_F=0.204, K_low=0.167, P_drag=-1.000e-03, P_cool=-5.774e-04, WENO=0.036 (x=0.036, y=0.036), ReL2D=121.71, eps_nu=5.916e-04, P_hv=1.304e-06, rho_mean=1.000000, p_mean=0.715441, div_rms=1.359e-01, vort_rms=8.706e-01, mass_err=-3.439e-10
step=143000, t=62.254340, dt=4.330e-04, KE=3.047447e-02, Mt=0.2488, A_K=0.013, Cuv=0.051, P_in=2.288e-03, P_tgt=2.277e-03, A_F=0.129, K_low=0.163, P_drag=-9.925e-04, P_cool=-5.676e-04, WENO=0.034 (x=0.034, y=0.034), ReL2D=120.87, eps_nu=6.058e-04, P_hv=1.339e-06, rho_mean=1.000000, p_mean=0.715421, div_rms=1.434e-01, vort_rms=8.797e-01, mass_err=-3.463e-10
step=144000, t=62.688289, dt=4.330e-04, KE=3.066573e-02, Mt=0.2496, A_K=0.032, Cuv=0.089, P_in=2.363e-03, P_tgt=2.361e-03, A_F=0.092, K_low=0.161, P_drag=-9.889e-04, P_cool=-5.947e-04, WENO=0.040 (x=0.040, y=0.040), ReL2D=119.97, eps_nu=6.146e-04, P_hv=1.356e-06, rho_mean=1.000000, p_mean=0.715475, div_rms=1.333e-01, vort_rms=8.884e-01, mass_err=-3.487e-10
step=145000, t=63.117647, dt=4.262e-04, KE=3.100298e-02, Mt=0.2510, A_K=0.045, Cuv=0.166, P_in=2.360e-03, P_tgt=2.342e-03, A_F=0.158, K_low=0.158, P_drag=-9.794e-04, P_cool=-5.942e-04, WENO=0.031 (x=0.031, y=0.031), ReL2D=119.41, eps_nu=6.217e-04, P_hv=1.393e-06, rho_mean=1.000000, p_mean=0.715474, div_rms=1.294e-01, vort_rms=8.944e-01, mass_err=-3.512e-10
step=146000, t=63.546980, dt=4.297e-04, KE=3.132111e-02, Mt=0.2524, A_K=0.050, Cuv=0.222, P_in=2.190e-03, P_tgt=2.189e-03, A_F=0.102, K_low=0.154, P_drag=-9.644e-04, P_cool=-5.918e-04, WENO=0.031 (x=0.031, y=0.031), ReL2D=119.79, eps_nu=6.314e-04, P_hv=1.392e-06, rho_mean=1.000000, p_mean=0.715469, div_rms=1.198e-01, vort_rms=9.033e-01, mass_err=-3.536e-10
step=147000, t=63.973682, dt=4.228e-04, KE=3.150627e-02, Mt=0.2535, A_K=0.021, Cuv=0.248, P_in=1.942e-03, P_tgt=1.940e-03, A_F=0.124, K_low=0.150, P_drag=-9.379e-04, P_cool=-5.996e-04, WENO=0.035 (x=0.035, y=0.035), ReL2D=118.82, eps_nu=6.456e-04, P_hv=1.453e-06, rho_mean=1.000000, p_mean=0.715485, div_rms=1.317e-01, vort_rms=9.115e-01, mass_err=-3.560e-10
step=148000, t=64.401128, dt=4.334e-04, KE=3.145715e-02, Mt=0.2529, A_K=0.027, Cuv=0.276, P_in=1.720e-03, P_tgt=1.718e-03, A_F=0.019, K_low=0.144, P_drag=-8.968e-04, P_cool=-6.334e-04, WENO=0.041 (x=0.041, y=0.041), ReL2D=117.69, eps_nu=6.544e-04, P_hv=1.483e-06, rho_mean=1.000000, p_mean=0.715552, div_rms=1.256e-01, vort_rms=9.189e-01, mass_err=-3.584e-10
step=149000, t=64.837250, dt=4.360e-04, KE=3.173174e-02, Mt=0.2539, A_K=0.044, Cuv=0.270, P_in=1.523e-03, P_tgt=1.506e-03, A_F=0.206, K_low=0.136, P_drag=-8.608e-04, P_cool=-5.897e-04, WENO=0.044 (x=0.044, y=0.044), ReL2D=117.60, eps_nu=6.617e-04, P_hv=1.506e-06, rho_mean=1.000000, p_mean=0.715465, div_rms=1.271e-01, vort_rms=9.239e-01, mass_err=-3.608e-10
step=150000, t=65.272038, dt=4.323e-04, KE=3.163974e-02, Mt=0.2535, A_K=0.028, Cuv=0.255, P_in=1.283e-03, P_tgt=1.291e-03, A_F=0.083, K_low=0.133, P_drag=-8.356e-04, P_cool=-6.049e-04, WENO=0.041 (x=0.041, y=0.041), ReL2D=118.19, eps_nu=6.614e-04, P_hv=1.522e-06, rho_mean=1.000000, p_mean=0.715496, div_rms=1.316e-01, vort_rms=9.229e-01, mass_err=-3.633e-10
saved snapshot: results/hit2d/final_thesis_Mach_ReL130_N512/production_N512/Mt025_N512/hit2d_step0150000.npz
step=151000, t=65.705078, dt=4.358e-04, KE=3.133985e-02, Mt=0.2527, A_K=0.053, Cuv=0.286, P_in=1.147e-03, P_tgt=1.156e-03, A_F=0.104, K_low=0.130, P_drag=-8.103e-04, P_cool=-6.443e-04, WENO=0.025 (x=0.025, y=0.025), ReL2D=121.16, eps_nu=6.572e-04, P_hv=1.542e-06, rho_mean=1.000000, p_mean=0.715574, div_rms=1.260e-01, vort_rms=9.209e-01, mass_err=-3.657e-10
step=152000, t=66.144361, dt=4.363e-04, KE=3.133182e-02, Mt=0.2527, A_K=0.074, Cuv=0.312, P_in=1.042e-03, P_tgt=1.034e-03, A_F=0.001, K_low=0.125, P_drag=-7.793e-04, P_cool=-6.169e-04, WENO=0.037 (x=0.037, y=0.037), ReL2D=122.26, eps_nu=6.551e-04, P_hv=1.546e-06, rho_mean=1.000000, p_mean=0.715519, div_rms=1.282e-01, vort_rms=9.190e-01, mass_err=-3.681e-10
step=153000, t=66.575925, dt=4.282e-04, KE=3.125894e-02, Mt=0.2523, A_K=0.060, Cuv=0.320, P_in=9.500e-04, P_tgt=9.370e-04, A_F=0.212, K_low=0.117, P_drag=-7.310e-04, P_cool=-6.062e-04, WENO=0.035 (x=0.035, y=0.035), ReL2D=120.10, eps_nu=6.550e-04, P_hv=1.617e-06, rho_mean=1.000000, p_mean=0.715498, div_rms=1.287e-01, vort_rms=9.188e-01, mass_err=-3.705e-10
step=154000, t=67.005546, dt=4.298e-04, KE=3.106110e-02, Mt=0.2510, A_K=0.059, Cuv=0.347, P_in=8.668e-04, P_tgt=8.756e-04, A_F=0.114, K_low=0.110, P_drag=-6.817e-04, P_cool=-6.109e-04, WENO=0.041 (x=0.041, y=0.041), ReL2D=119.87, eps_nu=6.442e-04, P_hv=1.631e-06, rho_mean=1.000000, p_mean=0.715508, div_rms=1.287e-01, vort_rms=9.110e-01, mass_err=-3.730e-10
step=155000, t=67.435646, dt=4.320e-04, KE=3.089853e-02, Mt=0.2505, A_K=0.075, Cuv=0.342, P_in=8.625e-04, P_tgt=8.532e-04, A_F=0.018, K_low=0.104, P_drag=-6.334e-04, P_cool=-6.084e-04, WENO=0.031 (x=0.031, y=0.031), ReL2D=122.71, eps_nu=6.427e-04, P_hv=1.615e-06, rho_mean=1.000000, p_mean=0.715503, div_rms=1.240e-01, vort_rms=9.108e-01, mass_err=-3.754e-10
step=156000, t=67.867438, dt=4.326e-04, KE=3.062858e-02, Mt=0.2498, A_K=0.112, Cuv=0.328, P_in=8.385e-04, P_tgt=8.453e-04, A_F=0.170, K_low=0.094, P_drag=-5.711e-04, P_cool=-6.307e-04, WENO=0.030 (x=0.030, y=0.030), ReL2D=123.91, eps_nu=6.384e-04, P_hv=1.687e-06, rho_mean=1.000000, p_mean=0.715547, div_rms=1.268e-01, vort_rms=9.072e-01, mass_err=-3.778e-10
step=157000, t=68.301201, dt=4.346e-04, KE=3.028895e-02, Mt=0.2489, A_K=0.155, Cuv=0.315, P_in=8.736e-04, P_tgt=8.699e-04, A_F=0.017, K_low=0.085, P_drag=-5.144e-04, P_cool=-6.693e-04, WENO=0.039 (x=0.039, y=0.039), ReL2D=121.42, eps_nu=6.319e-04, P_hv=1.704e-06, rho_mean=1.000000, p_mean=0.715624, div_rms=1.335e-01, vort_rms=9.011e-01, mass_err=-3.803e-10
step=158000, t=68.737700, dt=4.382e-04, KE=3.009290e-02, Mt=0.2481, A_K=0.175, Cuv=0.294, P_in=9.376e-04, P_tgt=9.265e-04, A_F=0.008, K_low=0.079, P_drag=-4.749e-04, P_cool=-6.843e-04, WENO=0.040 (x=0.040, y=0.040), ReL2D=120.35, eps_nu=6.201e-04, P_hv=1.677e-06, rho_mean=1.000000, p_mean=0.715654, div_rms=1.234e-01, vort_rms=8.943e-01, mass_err=-3.827e-10
warning: flow component anisotropy has increased over the last three diagnostic samples
step=159000, t=69.179138, dt=4.448e-04, KE=3.036828e-02, Mt=0.2485, A_K=0.213, Cuv=0.287, P_in=9.949e-04, P_tgt=9.926e-04, A_F=0.024, K_low=0.075, P_drag=-4.504e-04, P_cool=-6.159e-04, WENO=0.039 (x=0.039, y=0.039), ReL2D=123.69, eps_nu=6.133e-04, P_hv=1.646e-06, rho_mean=1.000000, p_mean=0.715518, div_rms=1.370e-01, vort_rms=8.866e-01, mass_err=-3.851e-10
warning: flow component anisotropy has increased over the last three diagnostic samples
step=160000, t=69.626591, dt=4.469e-04, KE=3.042689e-02, Mt=0.2482, A_K=0.225, Cuv=0.319, P_in=1.063e-03, P_tgt=1.068e-03, A_F=0.058, K_low=0.073, P_drag=-4.349e-04, P_cool=-6.019e-04, WENO=0.043 (x=0.043, y=0.043), ReL2D=124.81, eps_nu=6.130e-04, P_hv=1.620e-06, rho_mean=1.000000, p_mean=0.715489, div_rms=1.204e-01, vort_rms=8.897e-01, mass_err=-3.875e-10
saved snapshot: results/hit2d/final_thesis_Mach_ReL130_N512/production_N512/Mt025_N512/hit2d_step0160000.npz
warning: flow component anisotropy has increased over the last three diagnostic samples
step=161000, t=70.067743, dt=4.364e-04, KE=3.062096e-02, Mt=0.2490, A_K=0.234, Cuv=0.328, P_in=1.121e-03, P_tgt=1.122e-03, A_F=0.200, K_low=0.070, P_drag=-4.243e-04, P_cool=-5.711e-04, WENO=0.038 (x=0.038, y=0.038), ReL2D=127.43, eps_nu=6.122e-04, P_hv=1.639e-06, rho_mean=1.000000, p_mean=0.715428, div_rms=1.287e-01, vort_rms=8.875e-01, mass_err=-3.900e-10
step=162000, t=70.509616, dt=4.478e-04, KE=3.050166e-02, Mt=0.2487, A_K=0.219, Cuv=0.298, P_in=1.172e-03, P_tgt=1.173e-03, A_F=0.042, K_low=0.068, P_drag=-4.140e-04, P_cool=-6.081e-04, WENO=0.032 (x=0.032, y=0.032), ReL2D=129.56, eps_nu=6.026e-04, P_hv=1.589e-06, rho_mean=1.000000, p_mean=0.715502, div_rms=1.347e-01, vort_rms=8.791e-01, mass_err=-3.924e-10
step=163000, t=70.958257, dt=4.446e-04, KE=3.037230e-02, Mt=0.2485, A_K=0.186, Cuv=0.280, P_in=1.254e-03, P_tgt=1.248e-03, A_F=0.056, K_low=0.066, P_drag=-4.034e-04, P_cool=-6.489e-04, WENO=0.028 (x=0.028, y=0.028), ReL2D=129.49, eps_nu=5.946e-04, P_hv=1.576e-06, rho_mean=1.000000, p_mean=0.715584, div_rms=1.328e-01, vort_rms=8.734e-01, mass_err=-3.948e-10
step=164000, t=71.392704, dt=4.243e-04, KE=3.060424e-02, Mt=0.2492, A_K=0.171, Cuv=0.273, P_in=1.298e-03, P_tgt=1.307e-03, A_F=0.255, K_low=0.065, P_drag=-3.976e-04, P_cool=-6.240e-04, WENO=0.034 (x=0.034, y=0.034), ReL2D=130.89, eps_nu=5.893e-04, P_hv=1.599e-06, rho_mean=1.000000, p_mean=0.715534, div_rms=1.341e-01, vort_rms=8.692e-01, mass_err=-3.972e-10
step=165000, t=71.815116, dt=4.256e-04, KE=3.076635e-02, Mt=0.2496, A_K=0.165, Cuv=0.267, P_in=1.362e-03, P_tgt=1.340e-03, A_F=0.052, K_low=0.064, P_drag=-3.994e-04, P_cool=-6.174e-04, WENO=0.035 (x=0.035, y=0.035), ReL2D=131.00, eps_nu=5.885e-04, P_hv=1.598e-06, rho_mean=1.000000, p_mean=0.715521, div_rms=1.244e-01, vort_rms=8.705e-01, mass_err=-3.997e-10
step=166000, t=72.244832, dt=4.330e-04, KE=3.092112e-02, Mt=0.2506, A_K=0.163, Cuv=0.263, P_in=1.335e-03, P_tgt=1.334e-03, A_F=0.092, K_low=0.064, P_drag=-4.005e-04, P_cool=-6.148e-04, WENO=0.037 (x=0.037, y=0.037), ReL2D=129.68, eps_nu=5.893e-04, P_hv=1.542e-06, rho_mean=1.000000, p_mean=0.715515, div_rms=1.343e-01, vort_rms=8.691e-01, mass_err=-4.021e-10
step=167000, t=72.681969, dt=4.436e-04, KE=3.092985e-02, Mt=0.2508, A_K=0.125, Cuv=0.243, P_in=1.303e-03, P_tgt=1.291e-03, A_F=0.034, K_low=0.065, P_drag=-4.028e-04, P_cool=-6.379e-04, WENO=0.038 (x=0.038, y=0.038), ReL2D=130.23, eps_nu=5.834e-04, P_hv=1.456e-06, rho_mean=1.000000, p_mean=0.715562, div_rms=1.221e-01, vort_rms=8.670e-01, mass_err=-4.045e-10
step=168000, t=73.127450, dt=4.455e-04, KE=3.104746e-02, Mt=0.2509, A_K=0.073, Cuv=0.181, P_in=1.249e-03, P_tgt=1.248e-03, A_F=0.297, K_low=0.065, P_drag=-4.042e-04, P_cool=-6.350e-04, WENO=0.042 (x=0.042, y=0.042), ReL2D=131.42, eps_nu=5.768e-04, P_hv=1.403e-06, rho_mean=1.000000, p_mean=0.715556, div_rms=1.210e-01, vort_rms=8.621e-01, mass_err=-4.069e-10
step=169000, t=73.573802, dt=4.466e-04, KE=3.106919e-02, Mt=0.2516, A_K=0.093, Cuv=0.121, P_in=1.185e-03, P_tgt=1.186e-03, A_F=0.061, K_low=0.066, P_drag=-4.031e-04, P_cool=-6.466e-04, WENO=0.042 (x=0.042, y=0.042), ReL2D=129.88, eps_nu=5.764e-04, P_hv=1.364e-06, rho_mean=1.000000, p_mean=0.715579, div_rms=1.284e-01, vort_rms=8.605e-01, mass_err=-4.094e-10
step=170000, t=74.022015, dt=4.477e-04, KE=3.101719e-02, Mt=0.2516, A_K=0.148, Cuv=0.105, P_in=1.113e-03, P_tgt=1.111e-03, A_F=0.066, K_low=0.067, P_drag=-4.099e-04, P_cool=-6.645e-04, WENO=0.043 (x=0.043, y=0.043), ReL2D=128.25, eps_nu=5.730e-04, P_hv=1.354e-06, rho_mean=1.000000, p_mean=0.715615, div_rms=1.226e-01, vort_rms=8.590e-01, mass_err=-4.118e-10
saved snapshot: results/hit2d/final_thesis_Mach_ReL130_N512/production_N512/Mt025_N512/hit2d_step0170000.npz
step=171000, t=74.467216, dt=4.478e-04, KE=3.119819e-02, Mt=0.2520, A_K=0.166, Cuv=0.063, P_in=1.038e-03, P_tgt=1.038e-03, A_F=0.008, K_low=0.069, P_drag=-4.249e-04, P_cool=-6.292e-04, WENO=0.042 (x=0.042, y=0.042), ReL2D=129.25, eps_nu=5.689e-04, P_hv=1.358e-06, rho_mean=1.000000, p_mean=0.715544, div_rms=1.280e-01, vort_rms=8.548e-01, mass_err=-4.142e-10
step=172000, t=74.917458, dt=4.501e-04, KE=3.134212e-02, Mt=0.2523, A_K=0.163, Cuv=0.013, P_in=9.494e-04, P_tgt=9.502e-04, A_F=0.060, K_low=0.070, P_drag=-4.314e-04, P_cool=-5.961e-04, WENO=0.049 (x=0.049, y=0.049), ReL2D=130.00, eps_nu=5.706e-04, P_hv=1.314e-06, rho_mean=1.000000, p_mean=0.715478, div_rms=1.256e-01, vort_rms=8.565e-01, mass_err=-4.167e-10
step=173000, t=75.362630, dt=4.416e-04, KE=3.140911e-02, Mt=0.2521, A_K=0.153, Cuv=-0.027, P_in=8.636e-04, P_tgt=8.710e-04, A_F=0.076, K_low=0.068, P_drag=-4.223e-04, P_cool=-5.738e-04, WENO=0.038 (x=0.038, y=0.038), ReL2D=129.75, eps_nu=5.701e-04, P_hv=1.330e-06, rho_mean=1.000000, p_mean=0.715433, div_rms=1.241e-01, vort_rms=8.564e-01, mass_err=-4.191e-10
step=174000, t=75.802550, dt=4.402e-04, KE=3.132613e-02, Mt=0.2516, A_K=0.143, Cuv=-0.065, P_in=8.113e-04, P_tgt=8.060e-04, A_F=0.276, K_low=0.064, P_drag=-4.028e-04, P_cool=-5.777e-04, WENO=0.032 (x=0.032, y=0.032), ReL2D=130.90, eps_nu=5.682e-04, P_hv=1.335e-06, rho_mean=1.000000, p_mean=0.715441, div_rms=1.273e-01, vort_rms=8.543e-01, mass_err=-4.215e-10
step=175000, t=76.242676, dt=4.372e-04, KE=3.109126e-02, Mt=0.2507, A_K=0.174, Cuv=-0.098, P_in=7.814e-04, P_tgt=7.761e-04, A_F=0.263, K_low=0.063, P_drag=-3.897e-04, P_cool=-6.069e-04, WENO=0.029 (x=0.029, y=0.029), ReL2D=133.97, eps_nu=5.599e-04, P_hv=1.335e-06, rho_mean=1.000000, p_mean=0.715500, div_rms=1.217e-01, vort_rms=8.490e-01, mass_err=-4.239e-10
warning: flow component anisotropy has increased over the last three diagnostic samples
step=176000, t=76.680282, dt=4.351e-04, KE=3.103472e-02, Mt=0.2513, A_K=0.215, Cuv=-0.116, P_in=7.401e-04, P_tgt=7.434e-04, A_F=0.041, K_low=0.065, P_drag=-3.896e-04, P_cool=-5.985e-04, WENO=0.040 (x=0.040, y=0.040), ReL2D=134.94, eps_nu=5.565e-04, P_hv=1.356e-06, rho_mean=1.000000, p_mean=0.715483, div_rms=1.260e-01, vort_rms=8.455e-01, mass_err=-4.264e-10
step=177000, t=77.115716, dt=4.379e-04, KE=3.092876e-02, Mt=0.2505, A_K=0.183, Cuv=-0.134, P_in=7.207e-04, P_tgt=7.165e-04, A_F=0.031, K_low=0.063, P_drag=-3.852e-04, P_cool=-5.989e-04, WENO=0.050 (x=0.050, y=0.050), ReL2D=131.28, eps_nu=5.494e-04, P_hv=1.359e-06, rho_mean=1.000000, p_mean=0.715483, div_rms=1.180e-01, vort_rms=8.415e-01, mass_err=-4.288e-10
step=178000, t=77.554758, dt=4.398e-04, KE=3.092248e-02, Mt=0.2501, A_K=0.149, Cuv=-0.141, P_in=7.068e-04, P_tgt=7.097e-04, A_F=0.030, K_low=0.061, P_drag=-3.801e-04, P_cool=-5.774e-04, WENO=0.044 (x=0.044, y=0.044), ReL2D=130.26, eps_nu=5.460e-04, P_hv=1.352e-06, rho_mean=1.000000, p_mean=0.715440, div_rms=1.250e-01, vort_rms=8.374e-01, mass_err=-4.312e-10
step=179000, t=77.996382, dt=4.414e-04, KE=3.078887e-02, Mt=0.2497, A_K=0.158, Cuv=-0.161, P_in=7.144e-04, P_tgt=7.127e-04, A_F=0.120, K_low=0.062, P_drag=-3.852e-04, P_cool=-5.821e-04, WENO=0.039 (x=0.039, y=0.039), ReL2D=131.27, eps_nu=5.427e-04, P_hv=1.347e-06, rho_mean=1.000000, p_mean=0.715450, div_rms=1.287e-01, vort_rms=8.341e-01, mass_err=-4.336e-10
step=180000, t=78.439019, dt=4.453e-04, KE=3.066168e-02, Mt=0.2495, A_K=0.149, Cuv=-0.193, P_in=7.248e-04, P_tgt=7.269e-04, A_F=0.202, K_low=0.064, P_drag=-3.888e-04, P_cool=-5.850e-04, WENO=0.040 (x=0.040, y=0.040), ReL2D=131.36, eps_nu=5.359e-04, P_hv=1.325e-06, rho_mean=1.000000, p_mean=0.715456, div_rms=1.240e-01, vort_rms=8.296e-01, mass_err=-4.361e-10
saved snapshot: results/hit2d/final_thesis_Mach_ReL130_N512/production_N512/Mt025_N512/hit2d_step0180000.npz
step=181000, t=78.882142, dt=4.400e-04, KE=3.064989e-02, Mt=0.2496, A_K=0.128, Cuv=-0.236, P_in=7.248e-04, P_tgt=7.390e-04, A_F=0.183, K_low=0.064, P_drag=-3.963e-04, P_cool=-5.665e-04, WENO=0.039 (x=0.039, y=0.039), ReL2D=132.65, eps_nu=5.309e-04, P_hv=1.260e-06, rho_mean=1.000000, p_mean=0.715419, div_rms=1.265e-01, vort_rms=8.252e-01, mass_err=-4.385e-10
step=182000, t=79.321895, dt=4.382e-04, KE=3.045167e-02, Mt=0.2486, A_K=0.094, Cuv=-0.275, P_in=7.622e-04, P_tgt=7.613e-04, A_F=0.022, K_low=0.067, P_drag=-4.131e-04, P_cool=-5.866e-04, WENO=0.039 (x=0.039, y=0.039), ReL2D=132.05, eps_nu=5.323e-04, P_hv=1.247e-06, rho_mean=1.000000, p_mean=0.715459, div_rms=1.273e-01, vort_rms=8.261e-01, mass_err=-4.409e-10
step=183000, t=79.761754, dt=4.474e-04, KE=3.040719e-02, Mt=0.2481, A_K=0.084, Cuv=-0.279, P_in=8.299e-04, P_tgt=8.190e-04, A_F=0.021, K_low=0.070, P_drag=-4.304e-04, P_cool=-5.760e-04, WENO=0.037 (x=0.037, y=0.037), ReL2D=131.39, eps_nu=5.313e-04, P_hv=1.251e-06, rho_mean=1.000000, p_mean=0.715438, div_rms=1.289e-01, vort_rms=8.250e-01, mass_err=-4.433e-10
step=184000, t=80.212501, dt=4.497e-04, KE=3.057247e-02, Mt=0.2486, A_K=0.062, Cuv=-0.280, P_in=8.794e-04, P_tgt=8.782e-04, A_F=0.058, K_low=0.072, P_drag=-4.416e-04, P_cool=-5.303e-04, WENO=0.039 (x=0.039, y=0.039), ReL2D=130.87, eps_nu=5.315e-04, P_hv=1.191e-06, rho_mean=1.000000, p_mean=0.715346, div_rms=1.288e-01, vort_rms=8.252e-01, mass_err=-4.457e-10
step=185000, t=80.663014, dt=4.456e-04, KE=3.054801e-02, Mt=0.2488, A_K=0.028, Cuv=-0.297, P_in=9.174e-04, P_tgt=9.248e-04, A_F=0.004, K_low=0.075, P_drag=-4.533e-04, P_cool=-5.292e-04, WENO=0.035 (x=0.035, y=0.035), ReL2D=128.45, eps_nu=5.320e-04, P_hv=1.199e-06, rho_mean=1.000000, p_mean=0.715344, div_rms=1.222e-01, vort_rms=8.269e-01, mass_err=-4.482e-10
step=186000, t=81.103827, dt=4.383e-04, KE=3.040814e-02, Mt=0.2482, A_K=0.018, Cuv=-0.314, P_in=9.786e-04, P_tgt=9.766e-04, A_F=0.098, K_low=0.077, P_drag=-4.623e-04, P_cool=-5.528e-04, WENO=0.030 (x=0.030, y=0.030), ReL2D=126.72, eps_nu=5.350e-04, P_hv=1.279e-06, rho_mean=1.000000, p_mean=0.715391, div_rms=1.269e-01, vort_rms=8.284e-01, mass_err=-4.506e-10
step=187000, t=81.540711, dt=4.385e-04, KE=3.022832e-02, Mt=0.2470, A_K=0.074, Cuv=-0.316, P_in=1.096e-03, P_tgt=1.079e-03, A_F=0.037, K_low=0.077, P_drag=-4.632e-04, P_cool=-5.877e-04, WENO=0.032 (x=0.032, y=0.032), ReL2D=126.51, eps_nu=5.302e-04, P_hv=1.302e-06, rho_mean=1.000000, p_mean=0.715461, div_rms=1.167e-01, vort_rms=8.265e-01, mass_err=-4.530e-10
step=188000, t=81.980113, dt=4.414e-04, KE=3.054622e-02, Mt=0.2483, A_K=0.130, Cuv=-0.344, P_in=1.209e-03, P_tgt=1.196e-03, A_F=0.103, K_low=0.077, P_drag=-4.635e-04, P_cool=-5.340e-04, WENO=0.032 (x=0.032, y=0.032), ReL2D=125.43, eps_nu=5.312e-04, P_hv=1.304e-06, rho_mean=1.000000, p_mean=0.715354, div_rms=1.205e-01, vort_rms=8.266e-01, mass_err=-4.554e-10
step=189000, t=82.415734, dt=4.283e-04, KE=3.075946e-02, Mt=0.2491, A_K=0.122, Cuv=-0.340, P_in=1.256e-03, P_tgt=1.254e-03, A_F=0.027, K_low=0.076, P_drag=-4.655e-04, P_cool=-5.131e-04, WENO=0.037 (x=0.037, y=0.037), ReL2D=126.24, eps_nu=5.323e-04, P_hv=1.321e-06, rho_mean=1.000000, p_mean=0.715312, div_rms=1.157e-01, vort_rms=8.284e-01, mass_err=-4.579e-10
step=190000, t=82.843968, dt=4.332e-04, KE=3.068560e-02, Mt=0.2488, A_K=0.107, Cuv=-0.324, P_in=1.313e-03, P_tgt=1.305e-03, A_F=0.157, K_low=0.077, P_drag=-4.714e-04, P_cool=-5.517e-04, WENO=0.034 (x=0.034, y=0.034), ReL2D=126.92, eps_nu=5.355e-04, P_hv=1.368e-06, rho_mean=1.000000, p_mean=0.715389, div_rms=1.141e-01, vort_rms=8.312e-01, mass_err=-4.603e-10
saved snapshot: results/hit2d/final_thesis_Mach_ReL130_N512/production_N512/Mt025_N512/hit2d_step0190000.npz
step=191000, t=83.286301, dt=4.516e-04, KE=3.080790e-02, Mt=0.2495, A_K=0.083, Cuv=-0.324, P_in=1.370e-03, P_tgt=1.361e-03, A_F=0.036, K_low=0.077, P_drag=-4.755e-04, P_cool=-5.542e-04, WENO=0.038 (x=0.038, y=0.038), ReL2D=126.23, eps_nu=5.483e-04, P_hv=1.379e-06, rho_mean=1.000000, p_mean=0.715394, div_rms=1.251e-01, vort_rms=8.393e-01, mass_err=-4.627e-10
step=192000, t=83.741397, dt=4.544e-04, KE=3.092739e-02, Mt=0.2502, A_K=0.083, Cuv=-0.302, P_in=1.371e-03, P_tgt=1.364e-03, A_F=0.177, K_low=0.076, P_drag=-4.714e-04, P_cool=-5.611e-04, WENO=0.041 (x=0.041, y=0.041), ReL2D=124.20, eps_nu=5.610e-04, P_hv=1.381e-06, rho_mean=1.000000, p_mean=0.715408, div_rms=1.111e-01, vort_rms=8.518e-01, mass_err=-4.651e-10
step=193000, t=84.201710, dt=4.628e-04, KE=3.131686e-02, Mt=0.2515, A_K=0.122, Cuv=-0.306, P_in=1.319e-03, P_tgt=1.311e-03, A_F=0.130, K_low=0.074, P_drag=-4.645e-04, P_cool=-5.153e-04, WENO=0.042 (x=0.042, y=0.042), ReL2D=126.96, eps_nu=5.677e-04, P_hv=1.407e-06, rho_mean=1.000000, p_mean=0.715316, div_rms=1.231e-01, vort_rms=8.548e-01, mass_err=-4.675e-10
step=194000, t=84.657879, dt=4.506e-04, KE=3.128797e-02, Mt=0.2511, A_K=0.135, Cuv=-0.298, P_in=1.246e-03, P_tgt=1.245e-03, A_F=0.040, K_low=0.070, P_drag=-4.486e-04, P_cool=-5.478e-04, WENO=0.036 (x=0.036, y=0.036), ReL2D=129.27, eps_nu=5.659e-04, P_hv=1.449e-06, rho_mean=1.000000, p_mean=0.715381, div_rms=1.191e-01, vort_rms=8.541e-01, mass_err=-4.700e-10
step=195000, t=85.109984, dt=4.531e-04, KE=3.134585e-02, Mt=0.2518, A_K=0.126, Cuv=-0.281, P_in=1.173e-03, P_tgt=1.174e-03, A_F=0.011, K_low=0.068, P_drag=-4.311e-04, P_cool=-5.562e-04, WENO=0.043 (x=0.043, y=0.043), ReL2D=131.37, eps_nu=5.704e-04, P_hv=1.469e-06, rho_mean=1.000000, p_mean=0.715398, div_rms=1.251e-01, vort_rms=8.565e-01, mass_err=-4.724e-10
step=196000, t=85.558596, dt=4.454e-04, KE=3.129487e-02, Mt=0.2517, A_K=0.103, Cuv=-0.258, P_in=1.081e-03, P_tgt=1.094e-03, A_F=0.124, K_low=0.067, P_drag=-4.200e-04, P_cool=-5.790e-04, WENO=0.038 (x=0.038, y=0.038), ReL2D=132.37, eps_nu=5.673e-04, P_hv=1.485e-06, rho_mean=1.000000, p_mean=0.715444, div_rms=1.283e-01, vort_rms=8.534e-01, mass_err=-4.748e-10
step=197000, t=85.999097, dt=4.391e-04, KE=3.127989e-02, Mt=0.2518, A_K=0.078, Cuv=-0.250, P_in=1.024e-03, P_tgt=1.023e-03, A_F=0.055, K_low=0.066, P_drag=-4.145e-04, P_cool=-5.867e-04, WENO=0.044 (x=0.044, y=0.044), ReL2D=134.66, eps_nu=5.651e-04, P_hv=1.502e-06, rho_mean=1.000000, p_mean=0.715459, div_rms=1.191e-01, vort_rms=8.535e-01, mass_err=-4.772e-10
step=198000, t=86.442063, dt=4.482e-04, KE=3.162674e-02, Mt=0.2528, A_K=0.078, Cuv=-0.241, P_in=9.359e-04, P_tgt=9.307e-04, A_F=0.166, K_low=0.063, P_drag=-4.027e-04, P_cool=-5.193e-04, WENO=0.043 (x=0.043, y=0.043), ReL2D=137.77, eps_nu=5.678e-04, P_hv=1.510e-06, rho_mean=1.000000, p_mean=0.715324, div_rms=1.293e-01, vort_rms=8.536e-01, mass_err=-4.796e-10
step=199000, t=86.892005, dt=4.468e-04, KE=3.146654e-02, Mt=0.2522, A_K=0.068, Cuv=-0.205, P_in=8.447e-04, P_tgt=8.434e-04, A_F=0.234, K_low=0.060, P_drag=-3.823e-04, P_cool=-5.481e-04, WENO=0.026 (x=0.026, y=0.026), ReL2D=136.76, eps_nu=5.603e-04, P_hv=1.516e-06, rho_mean=1.000000, p_mean=0.715382, div_rms=1.261e-01, vort_rms=8.484e-01, mass_err=-4.820e-10
step=200000, t=87.342602, dt=4.571e-04, KE=3.110536e-02, Mt=0.2516, A_K=0.050, Cuv=-0.149, P_in=7.943e-04, P_tgt=7.823e-04, A_F=0.095, K_low=0.058, P_drag=-3.628e-04, P_cool=-6.076e-04, WENO=0.032 (x=0.032, y=0.032), ReL2D=136.27, eps_nu=5.476e-04, P_hv=1.499e-06, rho_mean=1.000000, p_mean=0.715501, div_rms=1.162e-01, vort_rms=8.404e-01, mass_err=-4.845e-10
saved snapshot: results/hit2d/final_thesis_Mach_ReL130_N512/production_N512/Mt025_N512/hit2d_step0200000.npz
step=201000, t=87.801658, dt=4.580e-04, KE=3.105033e-02, Mt=0.2513, A_K=0.044, Cuv=-0.094, P_in=7.357e-04, P_tgt=7.369e-04, A_F=0.028, K_low=0.054, P_drag=-3.392e-04, P_cool=-6.004e-04, WENO=0.041 (x=0.041, y=0.041), ReL2D=134.66, eps_nu=5.426e-04, P_hv=1.453e-06, rho_mean=1.000000, p_mean=0.715487, div_rms=1.205e-01, vort_rms=8.356e-01, mass_err=-4.869e-10
step=202000, t=88.257581, dt=4.501e-04, KE=3.106516e-02, Mt=0.2507, A_K=0.022, Cuv=-0.089, P_in=7.052e-04, P_tgt=7.096e-04, A_F=0.022, K_low=0.050, P_drag=-3.161e-04, P_cool=-5.839e-04, WENO=0.036 (x=0.036, y=0.036), ReL2D=134.05, eps_nu=5.381e-04, P_hv=1.484e-06, rho_mean=1.000000, p_mean=0.715453, div_rms=1.179e-01, vort_rms=8.325e-01, mass_err=-4.893e-10
step=203000, t=88.702608, dt=4.431e-04, KE=3.111874e-02, Mt=0.2508, A_K=0.021, Cuv=-0.066, P_in=6.880e-04, P_tgt=6.926e-04, A_F=0.118, K_low=0.049, P_drag=-3.058e-04, P_cool=-5.572e-04, WENO=0.026 (x=0.026, y=0.026), ReL2D=136.21, eps_nu=5.282e-04, P_hv=1.507e-06, rho_mean=1.000000, p_mean=0.715400, div_rms=1.183e-01, vort_rms=8.246e-01, mass_err=-4.917e-10
step=204000, t=89.141428, dt=4.356e-04, KE=3.106792e-02, Mt=0.2509, A_K=0.050, Cuv=-0.027, P_in=6.685e-04, P_tgt=6.676e-04, A_F=0.078, K_low=0.049, P_drag=-3.026e-04, P_cool=-5.520e-04, WENO=0.031 (x=0.031, y=0.031), ReL2D=136.33, eps_nu=5.178e-04, P_hv=1.497e-06, rho_mean=1.000000, p_mean=0.715390, div_rms=1.167e-01, vort_rms=8.165e-01, mass_err=-4.941e-10
step=205000, t=89.575136, dt=4.338e-04, KE=3.096870e-02, Mt=0.2503, A_K=0.047, Cuv=0.028, P_in=6.470e-04, P_tgt=6.518e-04, A_F=0.056, K_low=0.048, P_drag=-2.981e-04, P_cool=-5.548e-04, WENO=0.027 (x=0.027, y=0.027), ReL2D=135.34, eps_nu=5.058e-04, P_hv=1.475e-06, rho_mean=1.000000, p_mean=0.715395, div_rms=1.154e-01, vort_rms=8.070e-01, mass_err=-4.966e-10
step=206000, t=90.008569, dt=4.298e-04, KE=3.079547e-02, Mt=0.2499, A_K=0.009, Cuv=0.061, P_in=6.580e-04, P_tgt=6.499e-04, A_F=0.054, K_low=0.049, P_drag=-3.022e-04, P_cool=-5.717e-04, WENO=0.033 (x=0.033, y=0.033), ReL2D=135.63, eps_nu=4.964e-04, P_hv=1.415e-06, rho_mean=1.000000, p_mean=0.715429, div_rms=1.106e-01, vort_rms=8.002e-01, mass_err=-4.990e-10
step=207000, t=90.436746, dt=4.248e-04, KE=3.066841e-02, Mt=0.2498, A_K=0.047, Cuv=0.075, P_in=6.500e-04, P_tgt=6.534e-04, A_F=0.131, K_low=0.051, P_drag=-3.069e-04, P_cool=-5.777e-04, WENO=0.035 (x=0.035, y=0.035), ReL2D=138.86, eps_nu=4.897e-04, P_hv=1.398e-06, rho_mean=1.000000, p_mean=0.715441, div_rms=1.146e-01, vort_rms=7.938e-01, mass_err=-5.014e-10
step=208000, t=90.855073, dt=4.120e-04, KE=3.067679e-02, Mt=0.2500, A_K=0.041, Cuv=0.108, P_in=6.522e-04, P_tgt=6.555e-04, A_F=0.055, K_low=0.051, P_drag=-3.071e-04, P_cool=-5.572e-04, WENO=0.038 (x=0.038, y=0.038), ReL2D=140.54, eps_nu=4.874e-04, P_hv=1.347e-06, rho_mean=1.000000, p_mean=0.715400, div_rms=1.141e-01, vort_rms=7.920e-01, mass_err=-5.038e-10
step=209000, t=91.264739, dt=4.110e-04, KE=3.064688e-02, Mt=0.2498, A_K=0.008, Cuv=0.147, P_in=6.550e-04, P_tgt=6.578e-04, A_F=0.048, K_low=0.050, P_drag=-3.038e-04, P_cool=-5.467e-04, WENO=0.042 (x=0.042, y=0.042), ReL2D=142.29, eps_nu=4.822e-04, P_hv=1.309e-06, rho_mean=1.000000, p_mean=0.715379, div_rms=1.108e-01, vort_rms=7.883e-01, mass_err=-5.063e-10
step=210000, t=91.682670, dt=4.248e-04, KE=3.053276e-02, Mt=0.2495, A_K=0.024, Cuv=0.168, P_in=6.715e-04, P_tgt=6.669e-04, A_F=0.114, K_low=0.050, P_drag=-3.025e-04, P_cool=-5.537e-04, WENO=0.022 (x=0.022, y=0.022), ReL2D=144.84, eps_nu=4.760e-04, P_hv=1.249e-06, rho_mean=1.000000, p_mean=0.715393, div_rms=1.086e-01, vort_rms=7.835e-01, mass_err=-5.087e-10
saved snapshot: results/hit2d/final_thesis_Mach_ReL130_N512/production_N512/Mt025_N512/hit2d_step0210000.npz
step=211000, t=92.109591, dt=4.300e-04, KE=3.050058e-02, Mt=0.2492, A_K=0.004, Cuv=0.182, P_in=6.841e-04, P_tgt=6.848e-04, A_F=0.104, K_low=0.051, P_drag=-3.087e-04, P_cool=-5.447e-04, WENO=0.036 (x=0.036, y=0.036), ReL2D=147.69, eps_nu=4.713e-04, P_hv=1.181e-06, rho_mean=1.000000, p_mean=0.715375, div_rms=1.106e-01, vort_rms=7.791e-01, mass_err=-5.111e-10
step=212000, t=92.541341, dt=4.330e-04, KE=3.049747e-02, Mt=0.2491, A_K=0.059, Cuv=0.199, P_in=7.095e-04, P_tgt=7.095e-04, A_F=0.163, K_low=0.052, P_drag=-3.180e-04, P_cool=-5.323e-04, WENO=0.033 (x=0.033, y=0.033), ReL2D=149.94, eps_nu=4.688e-04, P_hv=1.120e-06, rho_mean=1.000000, p_mean=0.715350, div_rms=1.101e-01, vort_rms=7.771e-01, mass_err=-5.136e-10
step=213000, t=92.979013, dt=4.452e-04, KE=3.044323e-02, Mt=0.2491, A_K=0.083, Cuv=0.241, P_in=7.270e-04, P_tgt=7.344e-04, A_F=0.072, K_low=0.053, P_drag=-3.205e-04, P_cool=-5.321e-04, WENO=0.029 (x=0.029, y=0.029), ReL2D=150.22, eps_nu=4.655e-04, P_hv=1.076e-06, rho_mean=1.000000, p_mean=0.715350, div_rms=1.159e-01, vort_rms=7.732e-01, mass_err=-5.160e-10
step=214000, t=93.426216, dt=4.471e-04, KE=3.027476e-02, Mt=0.2486, A_K=0.065, Cuv=0.297, P_in=7.688e-04, P_tgt=7.700e-04, A_F=0.162, K_low=0.053, P_drag=-3.107e-04, P_cool=-5.556e-04, WENO=0.037 (x=0.037, y=0.037), ReL2D=148.43, eps_nu=4.583e-04, P_hv=1.031e-06, rho_mean=1.000000, p_mean=0.715397, div_rms=1.084e-01, vort_rms=7.685e-01, mass_err=-5.184e-10
step=215000, t=93.870219, dt=4.423e-04, KE=3.046067e-02, Mt=0.2491, A_K=0.053, Cuv=0.338, P_in=8.082e-04, P_tgt=8.082e-04, A_F=0.199, K_low=0.051, P_drag=-3.012e-04, P_cool=-5.136e-04, WENO=0.039 (x=0.039, y=0.039), ReL2D=148.47, eps_nu=4.590e-04, P_hv=1.010e-06, rho_mean=1.000000, p_mean=0.715313, div_rms=1.171e-01, vort_rms=7.673e-01, mass_err=-5.208e-10
step=216000, t=94.310450, dt=4.404e-04, KE=3.055107e-02, Mt=0.2492, A_K=0.034, Cuv=0.360, P_in=8.115e-04, P_tgt=8.327e-04, A_F=0.110, K_low=0.049, P_drag=-2.939e-04, P_cool=-4.975e-04, WENO=0.032 (x=0.032, y=0.032), ReL2D=149.58, eps_nu=4.589e-04, P_hv=1.004e-06, rho_mean=1.000000, p_mean=0.715281, div_rms=1.102e-01, vort_rms=7.686e-01, mass_err=-5.233e-10
step=217000, t=94.755999, dt=4.486e-04, KE=3.064951e-02, Mt=0.2492, A_K=0.038, Cuv=0.356, P_in=8.600e-04, P_tgt=8.615e-04, A_F=0.107, K_low=0.048, P_drag=-2.865e-04, P_cool=-4.839e-04, WENO=0.033 (x=0.033, y=0.033), ReL2D=148.79, eps_nu=4.680e-04, P_hv=1.000e-06, rho_mean=1.000000, p_mean=0.715253, div_rms=1.078e-01, vort_rms=7.769e-01, mass_err=-5.257e-10
step=218000, t=95.202485, dt=4.442e-04, KE=3.062104e-02, Mt=0.2492, A_K=0.065, Cuv=0.379, P_in=8.919e-04, P_tgt=8.889e-04, A_F=0.177, K_low=0.045, P_drag=-2.698e-04, P_cool=-4.995e-04, WENO=0.037 (x=0.037, y=0.037), ReL2D=145.17, eps_nu=4.719e-04, P_hv=1.014e-06, rho_mean=1.000000, p_mean=0.715285, div_rms=1.102e-01, vort_rms=7.797e-01, mass_err=-5.281e-10
step=219000, t=95.646381, dt=4.465e-04, KE=3.055607e-02, Mt=0.2495, A_K=0.081, Cuv=0.403, P_in=9.200e-04, P_tgt=9.162e-04, A_F=0.062, K_low=0.041, P_drag=-2.481e-04, P_cool=-5.238e-04, WENO=0.031 (x=0.031, y=0.031), ReL2D=143.35, eps_nu=4.703e-04, P_hv=1.023e-06, rho_mean=1.000000, p_mean=0.715333, div_rms=1.056e-01, vort_rms=7.792e-01, mass_err=-5.305e-10
step=220000, t=96.095281, dt=4.498e-04, KE=3.073472e-02, Mt=0.2500, A_K=0.090, Cuv=0.393, P_in=9.165e-04, P_tgt=9.227e-04, A_F=0.068, K_low=0.038, P_drag=-2.265e-04, P_cool=-5.033e-04, WENO=0.038 (x=0.038, y=0.038), ReL2D=140.52, eps_nu=4.697e-04, P_hv=1.013e-06, rho_mean=1.000000, p_mean=0.715292, div_rms=1.093e-01, vort_rms=7.780e-01, mass_err=-5.330e-10
saved snapshot: results/hit2d/final_thesis_Mach_ReL130_N512/production_N512/Mt025_N512/hit2d_step0220000.npz
step=221000, t=96.545132, dt=4.478e-04, KE=3.092978e-02, Mt=0.2506, A_K=0.086, Cuv=0.386, P_in=8.945e-04, P_tgt=9.128e-04, A_F=0.033, K_low=0.035, P_drag=-2.118e-04, P_cool=-4.832e-04, WENO=0.036 (x=0.036, y=0.036), ReL2D=139.03, eps_nu=4.736e-04, P_hv=1.008e-06, rho_mean=1.000000, p_mean=0.715252, div_rms=1.105e-01, vort_rms=7.811e-01, mass_err=-5.354e-10
step=222000, t=96.990410, dt=4.456e-04, KE=3.099488e-02, Mt=0.2509, A_K=0.065, Cuv=0.366, P_in=8.780e-04, P_tgt=8.838e-04, A_F=0.328, K_low=0.033, P_drag=-2.013e-04, P_cool=-4.890e-04, WENO=0.040 (x=0.040, y=0.040), ReL2D=141.60, eps_nu=4.740e-04, P_hv=1.065e-06, rho_mean=1.000000, p_mean=0.715264, div_rms=1.092e-01, vort_rms=7.817e-01, mass_err=-5.378e-10
step=223000, t=97.437944, dt=4.478e-04, KE=3.103670e-02, Mt=0.2509, A_K=0.048, Cuv=0.319, P_in=8.515e-04, P_tgt=8.521e-04, A_F=0.157, K_low=0.031, P_drag=-1.939e-04, P_cool=-4.966e-04, WENO=0.033 (x=0.033, y=0.033), ReL2D=143.75, eps_nu=4.718e-04, P_hv=1.088e-06, rho_mean=1.000000, p_mean=0.715279, div_rms=1.165e-01, vort_rms=7.784e-01, mass_err=-5.402e-10
step=224000, t=97.887486, dt=4.519e-04, KE=3.112291e-02, Mt=0.2508, A_K=0.025, Cuv=0.259, P_in=8.279e-04, P_tgt=8.290e-04, A_F=0.132, K_low=0.031, P_drag=-1.927e-04, P_cool=-4.927e-04, WENO=0.034 (x=0.034, y=0.034), ReL2D=141.02, eps_nu=4.721e-04, P_hv=1.113e-06, rho_mean=1.000000, p_mean=0.715271, div_rms=1.107e-01, vort_rms=7.798e-01, mass_err=-5.427e-10
step=225000, t=98.341191, dt=4.556e-04, KE=3.137066e-02, Mt=0.2517, A_K=0.044, Cuv=0.245, P_in=7.934e-04, P_tgt=7.916e-04, A_F=0.137, K_low=0.032, P_drag=-2.001e-04, P_cool=-4.562e-04, WENO=0.042 (x=0.042, y=0.042), ReL2D=140.70, eps_nu=4.780e-04, P_hv=1.153e-06, rho_mean=1.000000, p_mean=0.715198, div_rms=1.114e-01, vort_rms=7.847e-01, mass_err=-5.451e-10
step=226000, t=98.797388, dt=4.563e-04, KE=3.139708e-02, Mt=0.2523, A_K=0.031, Cuv=0.251, P_in=7.234e-04, P_tgt=7.293e-04, A_F=0.208, K_low=0.034, P_drag=-2.083e-04, P_cool=-4.607e-04, WENO=0.040 (x=0.040, y=0.040), ReL2D=138.33, eps_nu=4.812e-04, P_hv=1.174e-06, rho_mean=1.000000, p_mean=0.715207, div_rms=1.127e-01, vort_rms=7.871e-01, mass_err=-5.475e-10
step=227000, t=99.251608, dt=4.496e-04, KE=3.105950e-02, Mt=0.2513, A_K=0.011, Cuv=0.235, P_in=6.812e-04, P_tgt=6.762e-04, A_F=0.069, K_low=0.034, P_drag=-2.096e-04, P_cool=-5.284e-04, WENO=0.039 (x=0.039, y=0.039), ReL2D=135.98, eps_nu=4.754e-04, P_hv=1.163e-06, rho_mean=1.000000, p_mean=0.715342, div_rms=1.183e-01, vort_rms=7.811e-01, mass_err=-5.500e-10
step=228000, t=99.702367, dt=4.558e-04, KE=3.087260e-02, Mt=0.2508, A_K=0.066, Cuv=0.159, P_in=6.470e-04, P_tgt=6.530e-04, A_F=0.086, K_low=0.035, P_drag=-2.121e-04, P_cool=-5.568e-04, WENO=0.038 (x=0.038, y=0.038), ReL2D=139.04, eps_nu=4.709e-04, P_hv=1.175e-06, rho_mean=1.000000, p_mean=0.715399, div_rms=1.151e-01, vort_rms=7.779e-01, mass_err=-5.524e-10
step=229000, t=100.159166, dt=4.554e-04, KE=3.107967e-02, Mt=0.2515, A_K=0.116, Cuv=0.093, P_in=6.195e-04, P_tgt=6.219e-04, A_F=0.029, K_low=0.036, P_drag=-2.233e-04, P_cool=-5.054e-04, WENO=0.041 (x=0.041, y=0.041), ReL2D=142.02, eps_nu=4.694e-04, P_hv=1.145e-06, rho_mean=1.000000, p_mean=0.715297, div_rms=1.120e-01, vort_rms=7.772e-01, mass_err=-5.548e-10
step=230000, t=100.611328, dt=4.492e-04, KE=3.116925e-02, Mt=0.2516, A_K=0.141, Cuv=0.070, P_in=5.809e-04, P_tgt=5.831e-04, A_F=0.020, K_low=0.040, P_drag=-2.439e-04, P_cool=-4.770e-04, WENO=0.050 (x=0.050, y=0.050), ReL2D=144.55, eps_nu=4.684e-04, P_hv=1.132e-06, rho_mean=1.000000, p_mean=0.715240, div_rms=1.140e-01, vort_rms=7.760e-01, mass_err=-5.573e-10
saved snapshot: results/hit2d/final_thesis_Mach_ReL130_N512/production_N512/Mt025_N512/hit2d_step0230000.npz
step=231000, t=101.064839, dt=4.556e-04, KE=3.097762e-02, Mt=0.2508, A_K=0.141, Cuv=0.054, P_in=5.589e-04, P_tgt=5.558e-04, A_F=0.089, K_low=0.044, P_drag=-2.657e-04, P_cool=-4.995e-04, WENO=0.041 (x=0.041, y=0.041), ReL2D=147.10, eps_nu=4.624e-04, P_hv=1.099e-06, rho_mean=1.000000, p_mean=0.715285, div_rms=1.127e-01, vort_rms=7.711e-01, mass_err=-5.597e-10
step=232000, t=101.520219, dt=4.580e-04, KE=3.080299e-02, Mt=0.2506, A_K=0.118, Cuv=0.036, P_in=5.418e-04, P_tgt=5.415e-04, A_F=0.124, K_low=0.047, P_drag=-2.804e-04, P_cool=-5.131e-04, WENO=0.035 (x=0.035, y=0.035), ReL2D=147.70, eps_nu=4.586e-04, P_hv=1.086e-06, rho_mean=1.000000, p_mean=0.715312, div_rms=1.148e-01, vort_rms=7.674e-01, mass_err=-5.621e-10
step=233000, t=101.981063, dt=4.598e-04, KE=3.063852e-02, Mt=0.2498, A_K=0.116, Cuv=0.008, P_in=5.362e-04, P_tgt=5.362e-04, A_F=0.016, K_low=0.049, P_drag=-2.941e-04, P_cool=-5.213e-04, WENO=0.043 (x=0.043, y=0.043), ReL2D=148.09, eps_nu=4.524e-04, P_hv=1.038e-06, rho_mean=1.000000, p_mean=0.715328, div_rms=1.066e-01, vort_rms=7.637e-01, mass_err=-5.645e-10
step=234000, t=102.440272, dt=4.620e-04, KE=3.072568e-02, Mt=0.2497, A_K=0.136, Cuv=-0.003, P_in=5.543e-04, P_tgt=5.438e-04, A_F=0.088, K_low=0.052, P_drag=-3.146e-04, P_cool=-4.860e-04, WENO=0.038 (x=0.038, y=0.038), ReL2D=148.70, eps_nu=4.517e-04, P_hv=9.905e-07, rho_mean=1.000000, p_mean=0.715258, div_rms=1.101e-01, vort_rms=7.624e-01, mass_err=-5.670e-10
step=235000, t=102.902841, dt=4.642e-04, KE=3.075690e-02, Mt=0.2499, A_K=0.148, Cuv=-0.032, P_in=5.488e-04, P_tgt=5.496e-04, A_F=0.022, K_low=0.055, P_drag=-3.314e-04, P_cool=-4.567e-04, WENO=0.036 (x=0.036, y=0.036), ReL2D=152.21, eps_nu=4.413e-04, P_hv=9.843e-07, rho_mean=1.000000, p_mean=0.715199, div_rms=1.012e-01, vort_rms=7.550e-01, mass_err=-5.694e-10
step=236000, t=103.363362, dt=4.549e-04, KE=3.083257e-02, Mt=0.2502, A_K=0.158, Cuv=-0.052, P_in=5.468e-04, P_tgt=5.465e-04, A_F=0.036, K_low=0.054, P_drag=-3.307e-04, P_cool=-4.214e-04, WENO=0.027 (x=0.027, y=0.027), ReL2D=150.93, eps_nu=4.404e-04, P_hv=9.496e-07, rho_mean=1.000000, p_mean=0.715128, div_rms=1.056e-01, vort_rms=7.534e-01, mass_err=-5.718e-10
step=237000, t=103.817659, dt=4.522e-04, KE=3.043971e-02, Mt=0.2485, A_K=0.139, Cuv=-0.054, P_in=5.614e-04, P_tgt=5.584e-04, A_F=0.088, K_low=0.053, P_drag=-3.175e-04, P_cool=-4.804e-04, WENO=0.038 (x=0.038, y=0.038), ReL2D=145.47, eps_nu=4.350e-04, P_hv=9.632e-07, rho_mean=1.000000, p_mean=0.715246, div_rms=1.036e-01, vort_rms=7.490e-01, mass_err=-5.743e-10
step=238000, t=104.265493, dt=4.442e-04, KE=3.010738e-02, Mt=0.2474, A_K=0.100, Cuv=-0.023, P_in=6.211e-04, P_tgt=6.130e-04, A_F=0.203, K_low=0.051, P_drag=-3.017e-04, P_cool=-5.254e-04, WENO=0.027 (x=0.027, y=0.027), ReL2D=143.67, eps_nu=4.288e-04, P_hv=9.641e-07, rho_mean=1.000000, p_mean=0.715337, div_rms=9.956e-02, vort_rms=7.443e-01, mass_err=-5.767e-10
step=239000, t=104.705698, dt=4.383e-04, KE=3.027107e-02, Mt=0.2483, A_K=0.088, Cuv=0.019, P_in=6.869e-04, P_tgt=6.681e-04, A_F=0.044, K_low=0.048, P_drag=-2.871e-04, P_cool=-4.793e-04, WENO=0.036 (x=0.036, y=0.036), ReL2D=140.89, eps_nu=4.311e-04, P_hv=9.757e-07, rho_mean=1.000000, p_mean=0.715244, div_rms=1.088e-01, vort_rms=7.446e-01, mass_err=-5.791e-10
step=240000, t=105.141596, dt=4.326e-04, KE=3.039643e-02, Mt=0.2486, A_K=0.107, Cuv=0.038, P_in=7.406e-04, P_tgt=7.113e-04, A_F=0.106, K_low=0.046, P_drag=-2.732e-04, P_cool=-4.497e-04, WENO=0.037 (x=0.037, y=0.037), ReL2D=140.75, eps_nu=4.333e-04, P_hv=9.772e-07, rho_mean=1.000000, p_mean=0.715185, div_rms=1.057e-01, vort_rms=7.472e-01, mass_err=-5.815e-10
saved snapshot: results/hit2d/final_thesis_Mach_ReL130_N512/production_N512/Mt025_N512/hit2d_step0240000.npz
step=241000, t=105.578089, dt=4.402e-04, KE=3.038022e-02, Mt=0.2481, A_K=0.122, Cuv=0.047, P_in=7.617e-04, P_tgt=7.587e-04, A_F=0.000, K_low=0.043, P_drag=-2.582e-04, P_cool=-4.547e-04, WENO=0.037 (x=0.037, y=0.037), ReL2D=141.74, eps_nu=4.314e-04, P_hv=9.795e-07, rho_mean=1.000000, p_mean=0.715195, div_rms=1.073e-01, vort_rms=7.451e-01, mass_err=-5.840e-10
step=242000, t=106.018219, dt=4.391e-04, KE=3.040795e-02, Mt=0.2484, A_K=0.144, Cuv=0.052, P_in=8.204e-04, P_tgt=8.197e-04, A_F=0.094, K_low=0.038, P_drag=-2.333e-04, P_cool=-4.563e-04, WENO=0.033 (x=0.033, y=0.033), ReL2D=142.21, eps_nu=4.313e-04, P_hv=9.579e-07, rho_mean=1.000000, p_mean=0.715198, div_rms=1.133e-01, vort_rms=7.439e-01, mass_err=-5.864e-10
step=243000, t=106.461444, dt=4.485e-04, KE=3.056272e-02, Mt=0.2490, A_K=0.155, Cuv=0.084, P_in=8.620e-04, P_tgt=8.626e-04, A_F=0.018, K_low=0.033, P_drag=-2.042e-04, P_cool=-4.410e-04, WENO=0.036 (x=0.036, y=0.036), ReL2D=144.48, eps_nu=4.278e-04, P_hv=9.214e-07, rho_mean=1.000000, p_mean=0.715168, div_rms=1.033e-01, vort_rms=7.427e-01, mass_err=-5.888e-10
step=244000, t=106.914815, dt=4.543e-04, KE=3.082236e-02, Mt=0.2497, A_K=0.150, Cuv=0.134, P_in=8.857e-04, P_tgt=8.859e-04, A_F=0.095, K_low=0.030, P_drag=-1.815e-04, P_cool=-4.126e-04, WENO=0.028 (x=0.028, y=0.028), ReL2D=144.84, eps_nu=4.274e-04, P_hv=8.759e-07, rho_mean=1.000000, p_mean=0.715111, div_rms=1.019e-01, vort_rms=7.426e-01, mass_err=-5.912e-10
step=245000, t=107.369814, dt=4.548e-04, KE=3.083444e-02, Mt=0.2501, A_K=0.150, Cuv=0.180, P_in=8.736e-04, P_tgt=8.857e-04, A_F=0.303, K_low=0.029, P_drag=-1.726e-04, P_cool=-4.366e-04, WENO=0.031 (x=0.031, y=0.031), ReL2D=144.35, eps_nu=4.255e-04, P_hv=8.642e-07, rho_mean=1.000000, p_mean=0.715159, div_rms=9.854e-02, vort_rms=7.415e-01, mass_err=-5.937e-10
step=246000, t=107.824679, dt=4.527e-04, KE=3.086662e-02, Mt=0.2501, A_K=0.156, Cuv=0.203, P_in=8.818e-04, P_tgt=8.826e-04, A_F=0.000, K_low=0.029, P_drag=-1.765e-04, P_cool=-4.544e-04, WENO=0.044 (x=0.044, y=0.044), ReL2D=145.05, eps_nu=4.243e-04, P_hv=8.427e-07, rho_mean=1.000000, p_mean=0.715195, div_rms=1.001e-01, vort_rms=7.402e-01, mass_err=-5.961e-10
step=247000, t=108.270904, dt=4.399e-04, KE=3.108071e-02, Mt=0.2510, A_K=0.179, Cuv=0.188, P_in=8.625e-04, P_tgt=8.647e-04, A_F=0.128, K_low=0.031, P_drag=-1.931e-04, P_cool=-4.335e-04, WENO=0.031 (x=0.031, y=0.031), ReL2D=144.90, eps_nu=4.310e-04, P_hv=8.190e-07, rho_mean=1.000000, p_mean=0.715153, div_rms=1.010e-01, vort_rms=7.460e-01, mass_err=-5.985e-10
step=248000, t=108.709017, dt=4.382e-04, KE=3.132144e-02, Mt=0.2521, A_K=0.186, Cuv=0.158, P_in=8.242e-04, P_tgt=8.119e-04, A_F=0.062, K_low=0.037, P_drag=-2.226e-04, P_cool=-4.044e-04, WENO=0.032 (x=0.032, y=0.032), ReL2D=144.28, eps_nu=4.372e-04, P_hv=8.197e-07, rho_mean=1.000000, p_mean=0.715094, div_rms=1.065e-01, vort_rms=7.504e-01, mass_err=-6.009e-10
step=249000, t=109.151501, dt=4.459e-04, KE=3.126004e-02, Mt=0.2517, A_K=0.199, Cuv=0.156, P_in=7.589e-04, P_tgt=7.499e-04, A_F=0.180, K_low=0.042, P_drag=-2.567e-04, P_cool=-4.280e-04, WENO=0.033 (x=0.033, y=0.033), ReL2D=140.85, eps_nu=4.388e-04, P_hv=8.131e-07, rho_mean=1.000000, p_mean=0.715142, div_rms=1.026e-01, vort_rms=7.525e-01, mass_err=-6.034e-10
warning: flow component anisotropy has increased over the last three diagnostic samples
step=250000, t=109.598718, dt=4.484e-04, KE=3.105864e-02, Mt=0.2511, A_K=0.208, Cuv=0.180, P_in=7.119e-04, P_tgt=7.103e-04, A_F=0.142, K_low=0.047, P_drag=-2.919e-04, P_cool=-4.688e-04, WENO=0.031 (x=0.031, y=0.031), ReL2D=140.26, eps_nu=4.351e-04, P_hv=8.290e-07, rho_mean=1.000000, p_mean=0.715223, div_rms=9.939e-02, vort_rms=7.499e-01, mass_err=-6.058e-10
saved snapshot: results/hit2d/final_thesis_Mach_ReL130_N512/production_N512/Mt025_N512/hit2d_step0250000.npz
step=251000, t=110.045887, dt=4.424e-04, KE=3.101325e-02, Mt=0.2511, A_K=0.196, Cuv=0.215, P_in=6.805e-04, P_tgt=6.797e-04, A_F=0.051, K_low=0.054, P_drag=-3.355e-04, P_cool=-4.701e-04, WENO=0.027 (x=0.027, y=0.027), ReL2D=140.83, eps_nu=4.369e-04, P_hv=8.294e-07, rho_mean=1.000000, p_mean=0.715226, div_rms=1.028e-01, vort_rms=7.508e-01, mass_err=-6.082e-10
step=252000, t=110.489474, dt=4.470e-04, KE=3.102509e-02, Mt=0.2512, A_K=0.202, Cuv=0.237, P_in=6.514e-04, P_tgt=6.506e-04, A_F=0.108, K_low=0.065, P_drag=-3.967e-04, P_cool=-4.531e-04, WENO=0.021 (x=0.021, y=0.021), ReL2D=142.08, eps_nu=4.401e-04, P_hv=8.672e-07, rho_mean=1.000000, p_mean=0.715192, div_rms=1.051e-01, vort_rms=7.532e-01, mass_err=-6.106e-10
warning: flow component anisotropy has increased over the last three diagnostic samples
step=253000, t=110.937462, dt=4.487e-04, KE=3.101857e-02, Mt=0.2510, A_K=0.228, Cuv=0.253, P_in=6.253e-04, P_tgt=6.219e-04, A_F=0.099, K_low=0.077, P_drag=-4.704e-04, P_cool=-4.332e-04, WENO=0.029 (x=0.029, y=0.029), ReL2D=143.14, eps_nu=4.424e-04, P_hv=8.670e-07, rho_mean=1.000000, p_mean=0.715152, div_rms=1.049e-01, vort_rms=7.553e-01, mass_err=-6.131e-10
warning: flow component anisotropy has increased over the last three diagnostic samples
step=254000, t=111.384365, dt=4.444e-04, KE=3.087636e-02, Mt=0.2505, A_K=0.259, Cuv=0.254, P_in=6.066e-04, P_tgt=6.039e-04, A_F=0.179, K_low=0.088, P_drag=-5.427e-04, P_cool=-4.323e-04, WENO=0.025 (x=0.025, y=0.025), ReL2D=141.79, eps_nu=4.439e-04, P_hv=8.780e-07, rho_mean=1.000000, p_mean=0.715150, div_rms=1.080e-01, vort_rms=7.560e-01, mass_err=-6.155e-10
step=255000, t=111.828957, dt=4.469e-04, KE=3.062359e-02, Mt=0.2496, A_K=0.259, Cuv=0.252, P_in=6.082e-04, P_tgt=6.015e-04, A_F=0.177, K_low=0.100, P_drag=-6.116e-04, P_cool=-4.459e-04, WENO=0.029 (x=0.029, y=0.029), ReL2D=142.14, eps_nu=4.424e-04, P_hv=8.990e-07, rho_mean=1.000000, p_mean=0.715177, div_rms=1.035e-01, vort_rms=7.556e-01, mass_err=-6.179e-10
step=256000, t=112.276621, dt=4.460e-04, KE=3.037673e-02, Mt=0.2485, A_K=0.217, Cuv=0.274, P_in=6.208e-04, P_tgt=6.242e-04, A_F=0.180, K_low=0.113, P_drag=-6.863e-04, P_cool=-4.518e-04, WENO=0.027 (x=0.027, y=0.027), ReL2D=141.42, eps_nu=4.378e-04, P_hv=8.795e-07, rho_mean=1.000000, p_mean=0.715189, div_rms=9.871e-02, vort_rms=7.524e-01, mass_err=-6.203e-10
step=257000, t=112.725295, dt=4.494e-04, KE=3.009307e-02, Mt=0.2477, A_K=0.180, Cuv=0.308, P_in=6.706e-04, P_tgt=6.763e-04, A_F=0.112, K_low=0.129, P_drag=-7.663e-04, P_cool=-4.606e-04, WENO=0.029 (x=0.029, y=0.029), ReL2D=140.33, eps_nu=4.356e-04, P_hv=8.614e-07, rho_mean=1.000000, p_mean=0.715207, div_rms=9.350e-02, vort_rms=7.513e-01, mass_err=-6.228e-10
step=258000, t=113.172104, dt=4.459e-04, KE=2.995099e-02, Mt=0.2474, A_K=0.186, Cuv=0.340, P_in=7.364e-04, P_tgt=7.483e-04, A_F=0.072, K_low=0.145, P_drag=-8.509e-04, P_cool=-4.403e-04, WENO=0.030 (x=0.030, y=0.030), ReL2D=139.81, eps_nu=4.363e-04, P_hv=8.474e-07, rho_mean=1.000000, p_mean=0.715166, div_rms=1.039e-01, vort_rms=7.501e-01, mass_err=-6.252e-10
warning: flow component anisotropy has increased over the last three diagnostic samples
step=259000, t=113.615951, dt=4.422e-04, KE=2.963299e-02, Mt=0.2461, A_K=0.206, Cuv=0.364, P_in=8.442e-04, P_tgt=8.496e-04, A_F=0.081, K_low=0.160, P_drag=-9.320e-04, P_cool=-4.558e-04, WENO=0.028 (x=0.028, y=0.028), ReL2D=138.93, eps_nu=4.329e-04, P_hv=8.414e-07, rho_mean=1.000000, p_mean=0.715197, div_rms=9.876e-02, vort_rms=7.480e-01, mass_err=-6.276e-10
step=260000, t=114.057926, dt=4.401e-04, KE=2.935981e-02, Mt=0.2450, A_K=0.174, Cuv=0.342, P_in=1.021e-03, P_tgt=1.028e-03, A_F=0.127, K_low=0.175, P_drag=-1.012e-03, P_cool=-4.655e-04, WENO=0.029 (x=0.029, y=0.029), ReL2D=138.55, eps_nu=4.366e-04, P_hv=8.371e-07, rho_mean=1.000000, p_mean=0.715217, div_rms=9.691e-02, vort_rms=7.516e-01, mass_err=-6.300e-10
saved snapshot: results/hit2d/final_thesis_Mach_ReL130_N512/production_N512/Mt025_N512/hit2d_step0260000.npz
step=261000, t=114.500407, dt=4.463e-04, KE=2.936332e-02, Mt=0.2446, A_K=0.111, Cuv=0.294, P_in=1.272e-03, P_tgt=1.276e-03, A_F=0.241, K_low=0.190, P_drag=-1.099e-03, P_cool=-4.331e-04, WENO=0.029 (x=0.029, y=0.029), ReL2D=136.32, eps_nu=4.430e-04, P_hv=8.435e-07, rho_mean=1.000000, p_mean=0.715152, div_rms=1.010e-01, vort_rms=7.565e-01, mass_err=-6.325e-10
step=262000, t=114.941580, dt=4.384e-04, KE=2.936030e-02, Mt=0.2446, A_K=0.065, Cuv=0.262, P_in=1.597e-03, P_tgt=1.594e-03, A_F=0.086, K_low=0.205, P_drag=-1.185e-03, P_cool=-4.214e-04, WENO=0.041 (x=0.041, y=0.041), ReL2D=132.77, eps_nu=4.511e-04, P_hv=8.509e-07, rho_mean=1.000000, p_mean=0.715129, div_rms=9.521e-02, vort_rms=7.646e-01, mass_err=-6.349e-10
step=263000, t=115.373512, dt=4.325e-04, KE=2.932986e-02, Mt=0.2448, A_K=0.021, Cuv=0.251, P_in=1.985e-03, P_tgt=1.984e-03, A_F=0.138, K_low=0.218, P_drag=-1.256e-03, P_cool=-4.393e-04, WENO=0.029 (x=0.029, y=0.029), ReL2D=131.88, eps_nu=4.595e-04, P_hv=8.883e-07, rho_mean=1.000000, p_mean=0.715164, div_rms=9.958e-02, vort_rms=7.711e-01, mass_err=-6.373e-10
step=264000, t=115.802593, dt=4.244e-04, KE=2.937738e-02, Mt=0.2454, A_K=0.019, Cuv=0.236, P_in=2.427e-03, P_tgt=2.424e-03, A_F=0.062, K_low=0.228, P_drag=-1.316e-03, P_cool=-4.694e-04, WENO=0.027 (x=0.027, y=0.027), ReL2D=130.88, eps_nu=4.771e-04, P_hv=9.329e-07, rho_mean=1.000000, p_mean=0.715224, div_rms=1.039e-01, vort_rms=7.853e-01, mass_err=-6.398e-10
step=264289, t=115.924769, dt=1.480e-04, KE=2.943227e-02, Mt=0.2454, A_K=0.029, Cuv=0.227, P_in=2.550e-03, P_tgt=2.560e-03, A_F=0.116, K_low=0.230, P_drag=-1.331e-03, P_cool=-4.754e-04, WENO=0.024 (x=0.024, y=0.024), ReL2D=130.09, eps_nu=4.836e-04, P_hv=9.674e-07, rho_mean=1.000000, p_mean=0.715237, div_rms=1.029e-01, vort_rms=7.909e-01, mass_err=-6.405e-10
saved snapshot: results/hit2d/final_thesis_Mach_ReL130_N512/production_N512/Mt025_N512/hit2d_step0264289.npz
completed 2D HIT run at t=115.924769 in 264289 steps
Post-processing FINAL Mt=0.25
FINISHED FINAL Mt=0.25 at Wed Aug 19 10:28:37 AM CEST 2026

================================================================
START FINAL Mt=0.40 at Wed Aug 19 10:28:37 AM CEST 2026
N=512x512; Mt=0.40; mu=0.001098989; tfinal=72.45298058; CFL=0.10
================================================================
Using array backend: cupy
saved run configuration: results/hit2d/final_thesis_Mach_ReL130_N512/production_N512/Mt040_N512/config.json
step=     0, t=0.000000, dt=0.000e+00, KE=8.000000e-02, Mt=0.4000, A_K=0.000, Cuv=0.000, P_in=0.000e+00, P_tgt=0.000e+00, A_F=0.000, K_low=0.000, P_drag=0.000e+00, P_cool=0.000e+00, WENO=0.012 (x=0.012, y=0.012), ReL2D=132.09, eps_nu=2.674e-03, P_hv=0.000e+00, rho_mean=1.000000, p_mean=0.714286, div_rms=2.570e-14, vort_rms=1.560e+00, mass_err=0.000e+00
warning: cumulative forcing cross-correlation is high (|Fxy|/(Fxx+Fyy)=0.175)
step=   600, t=0.225835, dt=3.756e-04, KE=7.881667e-02, Mt=0.3972, A_K=0.005, Cuv=0.013, P_in=9.942e-04, P_tgt=1.012e-03, A_F=0.157, K_low=0.003, P_drag=-4.637e-05, P_cool=-3.030e-04, WENO=0.020 (x=0.020, y=0.020), ReL2D=124.43, eps_nu=2.725e-03, P_hv=2.428e-06, rho_mean=1.000000, p_mean=0.714892, div_rms=3.232e-01, vort_rms=1.530e+00, mass_err=-1.457e-12
step=  1200, t=0.452358, dt=3.808e-04, KE=7.371430e-02, Mt=0.3866, A_K=0.020, Cuv=0.008, P_in=1.138e-03, P_tgt=1.144e-03, A_F=0.100, K_low=0.010, P_drag=-1.391e-04, P_cool=-1.351e-03, WENO=0.023 (x=0.023, y=0.023), ReL2D=123.36, eps_nu=2.583e-03, P_hv=2.480e-06, rho_mean=1.000000, p_mean=0.716987, div_rms=3.083e-01, vort_rms=1.491e+00, mass_err=-2.913e-12
step=  1800, t=0.684434, dt=3.933e-04, KE=7.096167e-02, Mt=0.3852, A_K=0.008, Cuv=-0.011, P_in=1.457e-03, P_tgt=1.457e-03, A_F=0.343, K_low=0.015, P_drag=-2.036e-04, P_cool=-1.877e-03, WENO=0.038 (x=0.038, y=0.038), ReL2D=120.06, eps_nu=2.673e-03, P_hv=2.607e-06, rho_mean=1.000000, p_mean=0.718039, div_rms=4.065e-01, vort_rms=1.487e+00, mass_err=-4.341e-12
step=  2400, t=0.923060, dt=3.999e-04, KE=7.114561e-02, Mt=0.3894, A_K=0.005, Cuv=-0.030, P_in=1.749e-03, P_tgt=1.776e-03, A_F=0.172, K_low=0.017, P_drag=-2.169e-04, P_cool=-1.819e-03, WENO=0.049 (x=0.049, y=0.049), ReL2D=118.25, eps_nu=2.816e-03, P_hv=2.727e-06, rho_mean=1.000000, p_mean=0.717923, div_rms=4.884e-01, vort_rms=1.498e+00, mass_err=-5.777e-12
step=  3000, t=1.162933, dt=3.993e-04, KE=7.165620e-02, Mt=0.3888, A_K=0.036, Cuv=-0.036, P_in=2.071e-03, P_tgt=2.090e-03, A_F=0.001, K_low=0.018, P_drag=-2.044e-04, P_cool=-1.723e-03, WENO=0.051 (x=0.051, y=0.051), ReL2D=116.14, eps_nu=2.858e-03, P_hv=2.817e-06, rho_mean=1.000000, p_mean=0.717732, div_rms=5.170e-01, vort_rms=1.498e+00, mass_err=-7.212e-12
step=  3600, t=1.398716, dt=3.872e-04, KE=7.198069e-02, Mt=0.3869, A_K=0.036, Cuv=-0.007, P_in=2.526e-03, P_tgt=2.534e-03, A_F=0.156, K_low=0.017, P_drag=-2.072e-04, P_cool=-1.676e-03, WENO=0.046 (x=0.046, y=0.046), ReL2D=116.85, eps_nu=2.806e-03, P_hv=2.956e-06, rho_mean=1.000000, p_mean=0.717638, div_rms=4.889e-01, vort_rms=1.495e+00, mass_err=-8.647e-12
step=  4200, t=1.632411, dt=3.933e-04, KE=7.228715e-02, Mt=0.3864, A_K=0.053, Cuv=0.027, P_in=3.169e-03, P_tgt=3.136e-03, A_F=0.073, K_low=0.019, P_drag=-2.476e-04, P_cool=-1.658e-03, WENO=0.045 (x=0.045, y=0.045), ReL2D=119.33, eps_nu=2.776e-03, P_hv=3.249e-06, rho_mean=1.000000, p_mean=0.717602, div_rms=4.527e-01, vort_rms=1.501e+00, mass_err=-1.009e-11
step=  4800, t=1.865095, dt=3.856e-04, KE=7.263729e-02, Mt=0.3867, A_K=0.065, Cuv=0.010, P_in=3.799e-03, P_tgt=3.882e-03, A_F=0.028, K_low=0.024, P_drag=-3.214e-04, P_cool=-1.662e-03, WENO=0.063 (x=0.063, y=0.063), ReL2D=120.04, eps_nu=2.792e-03, P_hv=3.591e-06, rho_mean=1.000000, p_mean=0.717609, div_rms=4.349e-01, vort_rms=1.513e+00, mass_err=-1.153e-11
step=  5400, t=2.095955, dt=3.842e-04, KE=7.321413e-02, Mt=0.3878, A_K=0.070, Cuv=-0.031, P_in=4.734e-03, P_tgt=4.752e-03, A_F=0.123, K_low=0.028, P_drag=-3.914e-04, P_cool=-1.653e-03, WENO=0.076 (x=0.076, y=0.076), ReL2D=119.93, eps_nu=2.816e-03, P_hv=3.899e-06, rho_mean=1.000000, p_mean=0.717591, div_rms=4.419e-01, vort_rms=1.517e+00, mass_err=-1.298e-11
step=  6000, t=2.325161, dt=3.797e-04, KE=7.402273e-02, Mt=0.3895, A_K=0.082, Cuv=-0.052, P_in=5.643e-03, P_tgt=5.678e-03, A_F=0.344, K_low=0.029, P_drag=-4.102e-04, P_cool=-1.636e-03, WENO=0.074 (x=0.074, y=0.074), ReL2D=119.56, eps_nu=2.876e-03, P_hv=4.359e-06, rho_mean=1.000000, p_mean=0.717557, div_rms=4.644e-01, vort_rms=1.526e+00, mass_err=-1.442e-11
saved snapshot: results/hit2d/final_thesis_Mach_ReL130_N512/production_N512/Mt040_N512/hit2d_step0006200.npz
step=  6600, t=2.555938, dt=3.899e-04, KE=7.433958e-02, Mt=0.3896, A_K=0.117, Cuv=-0.050, P_in=6.679e-03, P_tgt=6.657e-03, A_F=0.174, K_low=0.027, P_drag=-3.821e-04, P_cool=-1.761e-03, WENO=0.071 (x=0.071, y=0.071), ReL2D=119.41, eps_nu=2.907e-03, P_hv=4.647e-06, rho_mean=1.000000, p_mean=0.717808, div_rms=4.677e-01, vort_rms=1.534e+00, mass_err=-1.587e-11
step=  7200, t=2.790880, dt=3.925e-04, KE=7.446026e-02, Mt=0.3894, A_K=0.145, Cuv=-0.034, P_in=7.825e-03, P_tgt=7.868e-03, A_F=0.122, K_low=0.026, P_drag=-3.645e-04, P_cool=-1.973e-03, WENO=0.065 (x=0.065, y=0.065), ReL2D=121.50, eps_nu=2.910e-03, P_hv=4.757e-06, rho_mean=1.000000, p_mean=0.718231, div_rms=4.561e-01, vort_rms=1.540e+00, mass_err=-1.731e-11
step=  7800, t=3.023733, dt=3.846e-04, KE=7.558894e-02, Mt=0.3927, A_K=0.151, Cuv=-0.015, P_in=9.215e-03, P_tgt=9.079e-03, A_F=0.222, K_low=0.029, P_drag=-4.083e-04, P_cool=-2.031e-03, WENO=0.062 (x=0.062, y=0.062), ReL2D=126.97, eps_nu=2.940e-03, P_hv=5.124e-06, rho_mean=1.000000, p_mean=0.718348, div_rms=4.616e-01, vort_rms=1.546e+00, mass_err=-1.877e-11
step=  8400, t=3.253410, dt=3.808e-04, KE=7.715117e-02, Mt=0.3974, A_K=0.156, Cuv=-0.023, P_in=9.789e-03, P_tgt=9.778e-03, A_F=0.238, K_low=0.036, P_drag=-5.188e-04, P_cool=-2.040e-03, WENO=0.066 (x=0.066, y=0.066), ReL2D=129.97, eps_nu=2.974e-03, P_hv=5.394e-06, rho_mean=1.000000, p_mean=0.718365, div_rms=4.637e-01, vort_rms=1.555e+00, mass_err=-2.019e-11
step=  9000, t=3.480896, dt=3.759e-04, KE=7.839589e-02, Mt=0.4011, A_K=0.147, Cuv=-0.045, P_in=9.937e-03, P_tgt=9.891e-03, A_F=0.276, K_low=0.046, P_drag=-6.708e-04, P_cool=-2.118e-03, WENO=0.065 (x=0.065, y=0.065), ReL2D=131.31, eps_nu=2.990e-03, P_hv=5.650e-06, rho_mean=1.000000, p_mean=0.718523, div_rms=4.599e-01, vort_rms=1.562e+00, mass_err=-2.164e-11
step=  9600, t=3.704174, dt=3.694e-04, KE=7.941990e-02, Mt=0.4044, A_K=0.146, Cuv=-0.056, P_in=9.486e-03, P_tgt=9.487e-03, A_F=0.204, K_low=0.055, P_drag=-8.112e-04, P_cool=-2.219e-03, WENO=0.069 (x=0.069, y=0.069), ReL2D=130.77, eps_nu=3.022e-03, P_hv=6.067e-06, rho_mean=1.000000, p_mean=0.718724, div_rms=4.618e-01, vort_rms=1.570e+00, mass_err=-2.307e-11
step= 10200, t=3.924898, dt=3.666e-04, KE=8.016288e-02, Mt=0.4072, A_K=0.153, Cuv=-0.048, P_in=8.688e-03, P_tgt=8.710e-03, A_F=0.172, K_low=0.060, P_drag=-9.126e-04, P_cool=-2.335e-03, WENO=0.080 (x=0.080, y=0.080), ReL2D=130.06, eps_nu=3.026e-03, P_hv=6.251e-06, rho_mean=1.000000, p_mean=0.718955, div_rms=4.535e-01, vort_rms=1.575e+00, mass_err=-2.451e-11
step= 10800, t=4.145005, dt=3.690e-04, KE=8.101697e-02, Mt=0.4100, A_K=0.164, Cuv=-0.030, P_in=7.655e-03, P_tgt=7.689e-03, A_F=0.006, K_low=0.063, P_drag=-9.837e-04, P_cool=-2.379e-03, WENO=0.076 (x=0.076, y=0.076), ReL2D=129.77, eps_nu=3.017e-03, P_hv=6.374e-06, rho_mean=1.000000, p_mean=0.719043, div_rms=4.540e-01, vort_rms=1.572e+00, mass_err=-2.594e-11
step= 11400, t=4.369593, dt=3.794e-04, KE=8.192864e-02, Mt=0.4129, A_K=0.173, Cuv=0.002, P_in=6.503e-03, P_tgt=6.519e-03, A_F=0.114, K_low=0.067, P_drag=-1.049e-03, P_cool=-2.364e-03, WENO=0.074 (x=0.074, y=0.074), ReL2D=131.00, eps_nu=3.010e-03, P_hv=6.452e-06, rho_mean=1.000000, p_mean=0.719013, div_rms=4.514e-01, vort_rms=1.571e+00, mass_err=-2.738e-11
step= 12000, t=4.596959, dt=3.777e-04, KE=8.256708e-02, Mt=0.4152, A_K=0.185, Cuv=0.031, P_in=5.340e-03, P_tgt=5.327e-03, A_F=0.090, K_low=0.071, P_drag=-1.126e-03, P_cool=-2.349e-03, WENO=0.079 (x=0.079, y=0.079), ReL2D=130.94, eps_nu=3.020e-03, P_hv=6.417e-06, rho_mean=1.000000, p_mean=0.718984, div_rms=4.545e-01, vort_rms=1.572e+00, mass_err=-2.883e-11
saved snapshot: results/hit2d/final_thesis_Mach_ReL130_N512/production_N512/Mt040_N512/hit2d_step0012400.npz
step= 12600, t=4.822988, dt=3.759e-04, KE=8.251738e-02, Mt=0.4157, A_K=0.183, Cuv=0.034, P_in=4.180e-03, P_tgt=4.271e-03, A_F=0.040, K_low=0.076, P_drag=-1.210e-03, P_cool=-2.415e-03, WENO=0.068 (x=0.068, y=0.068), ReL2D=129.43, eps_nu=3.057e-03, P_hv=6.759e-06, rho_mean=1.000000, p_mean=0.719115, div_rms=4.744e-01, vort_rms=1.575e+00, mass_err=-3.026e-11
step= 13200, t=5.047158, dt=3.722e-04, KE=8.151092e-02, Mt=0.4137, A_K=0.174, Cuv=0.016, P_in=3.472e-03, P_tgt=3.457e-03, A_F=0.074, K_low=0.082, P_drag=-1.287e-03, P_cool=-2.620e-03, WENO=0.060 (x=0.060, y=0.060), ReL2D=127.00, eps_nu=3.059e-03, P_hv=7.369e-06, rho_mean=1.000000, p_mean=0.719526, div_rms=4.939e-01, vort_rms=1.568e+00, mass_err=-3.170e-11
step= 13800, t=5.271706, dt=3.770e-04, KE=8.024070e-02, Mt=0.4111, A_K=0.176, Cuv=-0.015, P_in=2.860e-03, P_tgt=2.895e-03, A_F=0.036, K_low=0.087, P_drag=-1.335e-03, P_cool=-2.834e-03, WENO=0.058 (x=0.058, y=0.058), ReL2D=125.68, eps_nu=3.010e-03, P_hv=7.643e-06, rho_mean=1.000000, p_mean=0.719954, div_rms=4.956e-01, vort_rms=1.553e+00, mass_err=-3.314e-11
step= 14400, t=5.497228, dt=3.750e-04, KE=7.948609e-02, Mt=0.4100, A_K=0.185, Cuv=-0.049, P_in=2.527e-03, P_tgt=2.491e-03, A_F=0.095, K_low=0.090, P_drag=-1.348e-03, P_cool=-2.915e-03, WENO=0.059 (x=0.059, y=0.059), ReL2D=123.94, eps_nu=2.999e-03, P_hv=7.611e-06, rho_mean=1.000000, p_mean=0.720116, div_rms=5.094e-01, vort_rms=1.544e+00, mass_err=-3.457e-11
step= 15000, t=5.720865, dt=3.730e-04, KE=7.909785e-02, Mt=0.4095, A_K=0.187, Cuv=-0.061, P_in=2.147e-03, P_tgt=2.161e-03, A_F=0.145, K_low=0.090, P_drag=-1.341e-03, P_cool=-2.906e-03, WENO=0.063 (x=0.063, y=0.063), ReL2D=122.98, eps_nu=2.967e-03, P_hv=7.516e-06, rho_mean=1.000000, p_mean=0.720098, div_rms=5.070e-01, vort_rms=1.535e+00, mass_err=-3.600e-11
step= 15600, t=5.945516, dt=3.771e-04, KE=7.900212e-02, Mt=0.4080, A_K=0.185, Cuv=-0.053, P_in=1.852e-03, P_tgt=1.903e-03, A_F=0.004, K_low=0.089, P_drag=-1.345e-03, P_cool=-2.828e-03, WENO=0.066 (x=0.066, y=0.066), ReL2D=122.05, eps_nu=2.935e-03, P_hv=7.157e-06, rho_mean=1.000000, p_mean=0.719941, div_rms=5.083e-01, vort_rms=1.525e+00, mass_err=-3.743e-11
step= 16200, t=6.168049, dt=3.678e-04, KE=7.894825e-02, Mt=0.4059, A_K=0.177, Cuv=-0.030, P_in=1.661e-03, P_tgt=1.718e-03, A_F=0.103, K_low=0.091, P_drag=-1.396e-03, P_cool=-2.735e-03, WENO=0.066 (x=0.066, y=0.066), ReL2D=120.82, eps_nu=2.904e-03, P_hv=7.092e-06, rho_mean=1.000000, p_mean=0.719756, div_rms=5.097e-01, vort_rms=1.515e+00, mass_err=-3.887e-11
step= 16800, t=6.389959, dt=3.721e-04, KE=7.885859e-02, Mt=0.4044, A_K=0.172, Cuv=-0.009, P_in=1.603e-03, P_tgt=1.595e-03, A_F=0.002, K_low=0.097, P_drag=-1.507e-03, P_cool=-2.646e-03, WENO=0.064 (x=0.064, y=0.064), ReL2D=121.90, eps_nu=2.849e-03, P_hv=6.863e-06, rho_mean=1.000000, p_mean=0.719578, div_rms=5.076e-01, vort_rms=1.500e+00, mass_err=-4.031e-11
step= 17400, t=6.614014, dt=3.746e-04, KE=7.840885e-02, Mt=0.4032, A_K=0.182, Cuv=0.006, P_in=1.499e-03, P_tgt=1.508e-03, A_F=0.178, K_low=0.109, P_drag=-1.675e-03, P_cool=-2.618e-03, WENO=0.065 (x=0.065, y=0.065), ReL2D=124.84, eps_nu=2.768e-03, P_hv=6.576e-06, rho_mean=1.000000, p_mean=0.719521, div_rms=4.805e-01, vort_rms=1.487e+00, mass_err=-4.175e-11
step= 18000, t=6.838383, dt=3.728e-04, KE=7.804297e-02, Mt=0.4024, A_K=0.192, Cuv=0.010, P_in=1.448e-03, P_tgt=1.447e-03, A_F=0.032, K_low=0.123, P_drag=-1.864e-03, P_cool=-2.561e-03, WENO=0.065 (x=0.065, y=0.065), ReL2D=124.91, eps_nu=2.703e-03, P_hv=6.326e-06, rho_mean=1.000000, p_mean=0.719408, div_rms=4.679e-01, vort_rms=1.472e+00, mass_err=-4.319e-11
step= 18600, t=7.062155, dt=3.738e-04, KE=7.748643e-02, Mt=0.4019, A_K=0.177, Cuv=0.008, P_in=1.405e-03, P_tgt=1.401e-03, A_F=0.029, K_low=0.137, P_drag=-2.050e-03, P_cool=-2.533e-03, WENO=0.069 (x=0.069, y=0.069), ReL2D=125.43, eps_nu=2.636e-03, P_hv=6.366e-06, rho_mean=1.000000, p_mean=0.719352, div_rms=4.453e-01, vort_rms=1.461e+00, mass_err=-4.464e-11
saved snapshot: results/hit2d/final_thesis_Mach_ReL130_N512/production_N512/Mt040_N512/hit2d_step0018600.npz
step= 19200, t=7.288083, dt=3.773e-04, KE=7.680482e-02, Mt=0.4011, A_K=0.137, Cuv=0.013, P_in=1.373e-03, P_tgt=1.369e-03, A_F=0.096, K_low=0.150, P_drag=-2.223e-03, P_cool=-2.520e-03, WENO=0.074 (x=0.074, y=0.074), ReL2D=125.53, eps_nu=2.568e-03, P_hv=6.395e-06, rho_mean=1.000000, p_mean=0.719325, div_rms=4.257e-01, vort_rms=1.447e+00, mass_err=-4.609e-11
step= 19800, t=7.512278, dt=3.711e-04, KE=7.628240e-02, Mt=0.3995, A_K=0.100, Cuv=0.023, P_in=1.363e-03, P_tgt=1.360e-03, A_F=0.001, K_low=0.161, P_drag=-2.371e-03, P_cool=-2.470e-03, WENO=0.078 (x=0.078, y=0.078), ReL2D=123.95, eps_nu=2.517e-03, P_hv=6.426e-06, rho_mean=1.000000, p_mean=0.719227, div_rms=4.295e-01, vort_rms=1.430e+00, mass_err=-4.753e-11
step= 20400, t=7.734708, dt=3.710e-04, KE=7.545575e-02, Mt=0.3964, A_K=0.084, Cuv=0.043, P_in=1.377e-03, P_tgt=1.401e-03, A_F=0.054, K_low=0.173, P_drag=-2.503e-03, P_cool=-2.480e-03, WENO=0.072 (x=0.072, y=0.072), ReL2D=123.08, eps_nu=2.460e-03, P_hv=6.240e-06, rho_mean=1.000000, p_mean=0.719245, div_rms=4.193e-01, vort_rms=1.415e+00, mass_err=-4.896e-11
step= 21000, t=7.957148, dt=3.703e-04, KE=7.459406e-02, Mt=0.3929, A_K=0.081, Cuv=0.058, P_in=1.512e-03, P_tgt=1.521e-03, A_F=0.032, K_low=0.183, P_drag=-2.616e-03, P_cool=-2.493e-03, WENO=0.078 (x=0.078, y=0.078), ReL2D=122.45, eps_nu=2.411e-03, P_hv=6.016e-06, rho_mean=1.000000, p_mean=0.719271, div_rms=4.044e-01, vort_rms=1.406e+00, mass_err=-5.041e-11
step= 21600, t=8.179903, dt=3.723e-04, KE=7.403346e-02, Mt=0.3903, A_K=0.079, Cuv=0.068, P_in=1.737e-03, P_tgt=1.735e-03, A_F=0.066, K_low=0.188, P_drag=-2.697e-03, P_cool=-2.448e-03, WENO=0.075 (x=0.075, y=0.075), ReL2D=122.72, eps_nu=2.377e-03, P_hv=5.980e-06, rho_mean=1.000000, p_mean=0.719182, div_rms=3.967e-01, vort_rms=1.398e+00, mass_err=-5.186e-11
step= 22200, t=8.403743, dt=3.730e-04, KE=7.359562e-02, Mt=0.3886, A_K=0.068, Cuv=0.079, P_in=2.052e-03, P_tgt=2.048e-03, A_F=0.141, K_low=0.192, P_drag=-2.755e-03, P_cool=-2.389e-03, WENO=0.078 (x=0.078, y=0.078), ReL2D=123.32, eps_nu=2.337e-03, P_hv=5.919e-06, rho_mean=1.000000, p_mean=0.719063, div_rms=3.877e-01, vort_rms=1.388e+00, mass_err=-5.330e-11
step= 22800, t=8.625784, dt=3.655e-04, KE=7.315187e-02, Mt=0.3870, A_K=0.053, Cuv=0.095, P_in=2.458e-03, P_tgt=2.477e-03, A_F=0.245, K_low=0.197, P_drag=-2.810e-03, P_cool=-2.348e-03, WENO=0.081 (x=0.081, y=0.081), ReL2D=122.24, eps_nu=2.312e-03, P_hv=5.668e-06, rho_mean=1.000000, p_mean=0.718982, div_rms=3.898e-01, vort_rms=1.379e+00, mass_err=-5.475e-11
step= 23400, t=8.844252, dt=3.594e-04, KE=7.246719e-02, Mt=0.3845, A_K=0.033, Cuv=0.117, P_in=3.093e-03, P_tgt=3.105e-03, A_F=0.141, K_low=0.203, P_drag=-2.863e-03, P_cool=-2.379e-03, WENO=0.074 (x=0.074, y=0.074), ReL2D=121.22, eps_nu=2.277e-03, P_hv=5.568e-06, rho_mean=1.000000, p_mean=0.719044, div_rms=3.849e-01, vort_rms=1.369e+00, mass_err=-5.620e-11
step= 24000, t=9.057688, dt=3.530e-04, KE=7.204091e-02, Mt=0.3835, A_K=0.010, Cuv=0.139, P_in=4.030e-03, P_tgt=4.019e-03, A_F=0.079, K_low=0.209, P_drag=-2.918e-03, P_cool=-2.391e-03, WENO=0.065 (x=0.065, y=0.065), ReL2D=120.71, eps_nu=2.263e-03, P_hv=5.659e-06, rho_mean=1.000000, p_mean=0.719068, div_rms=4.045e-01, vort_rms=1.357e+00, mass_err=-5.764e-11
step= 24600, t=9.267960, dt=3.490e-04, KE=7.194854e-02, Mt=0.3839, A_K=0.017, Cuv=0.153, P_in=5.244e-03, P_tgt=5.212e-03, A_F=0.137, K_low=0.213, P_drag=-2.977e-03, P_cool=-2.379e-03, WENO=0.063 (x=0.063, y=0.063), ReL2D=120.73, eps_nu=2.239e-03, P_hv=5.603e-06, rho_mean=1.000000, p_mean=0.719044, div_rms=4.096e-01, vort_rms=1.347e+00, mass_err=-5.908e-11
saved snapshot: results/hit2d/final_thesis_Mach_ReL130_N512/production_N512/Mt040_N512/hit2d_step0024800.npz
step= 25200, t=9.476492, dt=3.457e-04, KE=7.217767e-02, Mt=0.3849, A_K=0.048, Cuv=0.143, P_in=6.673e-03, P_tgt=6.688e-03, A_F=0.077, K_low=0.216, P_drag=-3.047e-03, P_cool=-2.357e-03, WENO=0.065 (x=0.065, y=0.065), ReL2D=122.21, eps_nu=2.210e-03, P_hv=5.572e-06, rho_mean=1.000000, p_mean=0.718999, div_rms=3.979e-01, vort_rms=1.342e+00, mass_err=-6.053e-11
step= 25800, t=9.680813, dt=3.337e-04, KE=7.278779e-02, Mt=0.3867, A_K=0.074, Cuv=0.107, P_in=8.387e-03, P_tgt=8.397e-03, A_F=0.183, K_low=0.220, P_drag=-3.134e-03, P_cool=-2.320e-03, WENO=0.072 (x=0.072, y=0.072), ReL2D=124.39, eps_nu=2.193e-03, P_hv=5.607e-06, rho_mean=1.000000, p_mean=0.718926, div_rms=3.769e-01, vort_rms=1.344e+00, mass_err=-6.197e-11
step= 26400, t=9.880590, dt=3.327e-04, KE=7.384894e-02, Mt=0.3897, A_K=0.082, Cuv=0.061, P_in=1.010e-02, P_tgt=1.011e-02, A_F=0.103, K_low=0.223, P_drag=-3.225e-03, P_cool=-2.259e-03, WENO=0.068 (x=0.068, y=0.068), ReL2D=126.11, eps_nu=2.212e-03, P_hv=5.932e-06, rho_mean=1.000000, p_mean=0.718803, div_rms=3.729e-01, vort_rms=1.352e+00, mass_err=-6.342e-11
step= 27000, t=10.081129, dt=3.354e-04, KE=7.505450e-02, Mt=0.3926, A_K=0.079, Cuv=0.019, P_in=1.162e-02, P_tgt=1.160e-02, A_F=0.039, K_low=0.224, P_drag=-3.309e-03, P_cool=-2.233e-03, WENO=0.064 (x=0.064, y=0.064), ReL2D=127.52, eps_nu=2.230e-03, P_hv=5.996e-06, rho_mean=1.000000, p_mean=0.718752, div_rms=3.761e-01, vort_rms=1.357e+00, mass_err=-6.486e-11
step= 27600, t=10.283233, dt=3.402e-04, KE=7.614337e-02, Mt=0.3950, A_K=0.080, Cuv=-0.015, P_in=1.278e-02, P_tgt=1.276e-02, A_F=0.119, K_low=0.225, P_drag=-3.376e-03, P_cool=-2.284e-03, WENO=0.065 (x=0.065, y=0.065), ReL2D=128.99, eps_nu=2.262e-03, P_hv=5.771e-06, rho_mean=1.000000, p_mean=0.718854, div_rms=3.777e-01, vort_rms=1.367e+00, mass_err=-6.631e-11
step= 28200, t=10.490467, dt=3.497e-04, KE=7.707604e-02, Mt=0.3979, A_K=0.090, Cuv=-0.031, P_in=1.344e-02, P_tgt=1.348e-02, A_F=0.168, K_low=0.225, P_drag=-3.422e-03, P_cool=-2.407e-03, WENO=0.067 (x=0.067, y=0.067), ReL2D=129.60, eps_nu=2.331e-03, P_hv=5.678e-06, rho_mean=1.000000, p_mean=0.719099, div_rms=3.834e-01, vort_rms=1.387e+00, mass_err=-6.776e-11
step= 28800, t=10.702693, dt=3.583e-04, KE=7.799891e-02, Mt=0.4011, A_K=0.114, Cuv=-0.022, P_in=1.360e-02, P_tgt=1.361e-02, A_F=0.028, K_low=0.226, P_drag=-3.460e-03, P_cool=-2.549e-03, WENO=0.059 (x=0.059, y=0.059), ReL2D=129.23, eps_nu=2.423e-03, P_hv=5.524e-06, rho_mean=1.000000, p_mean=0.719384, div_rms=3.973e-01, vort_rms=1.412e+00, mass_err=-6.920e-11
step= 29400, t=10.919948, dt=3.631e-04, KE=7.936120e-02, Mt=0.4051, A_K=0.109, Cuv=0.009, P_in=1.293e-02, P_tgt=1.301e-02, A_F=0.116, K_low=0.224, P_drag=-3.491e-03, P_cool=-2.594e-03, WENO=0.062 (x=0.062, y=0.062), ReL2D=130.07, eps_nu=2.533e-03, P_hv=5.820e-06, rho_mean=1.000000, p_mean=0.719473, div_rms=4.220e-01, vort_rms=1.438e+00, mass_err=-7.064e-11
step= 30000, t=11.140808, dt=3.749e-04, KE=8.095686e-02, Mt=0.4090, A_K=0.093, Cuv=0.019, P_in=1.175e-02, P_tgt=1.171e-02, A_F=0.182, K_low=0.219, P_drag=-3.506e-03, P_cool=-2.553e-03, WENO=0.061 (x=0.061, y=0.061), ReL2D=130.94, eps_nu=2.631e-03, P_hv=5.610e-06, rho_mean=1.000000, p_mean=0.719392, div_rms=4.412e-01, vort_rms=1.461e+00, mass_err=-7.208e-11
step= 30600, t=11.365747, dt=3.737e-04, KE=8.194514e-02, Mt=0.4107, A_K=0.078, Cuv=0.000, P_in=1.018e-02, P_tgt=1.014e-02, A_F=0.060, K_low=0.215, P_drag=-3.493e-03, P_cool=-2.573e-03, WENO=0.054 (x=0.054, y=0.054), ReL2D=131.07, eps_nu=2.700e-03, P_hv=5.429e-06, rho_mean=1.000000, p_mean=0.719432, div_rms=4.554e-01, vort_rms=1.476e+00, mass_err=-7.351e-11
saved snapshot: results/hit2d/final_thesis_Mach_ReL130_N512/production_N512/Mt040_N512/hit2d_step0031000.npz
step= 31200, t=11.587385, dt=3.655e-04, KE=8.240294e-02, Mt=0.4121, A_K=0.052, Cuv=-0.025, P_in=8.634e-03, P_tgt=8.611e-03, A_F=0.004, K_low=0.212, P_drag=-3.459e-03, P_cool=-2.628e-03, WENO=0.051 (x=0.051, y=0.051), ReL2D=130.17, eps_nu=2.768e-03, P_hv=5.548e-06, rho_mean=1.000000, p_mean=0.719541, div_rms=4.737e-01, vort_rms=1.490e+00, mass_err=-7.496e-11
step= 31800, t=11.806353, dt=3.687e-04, KE=8.262712e-02, Mt=0.4136, A_K=0.030, Cuv=-0.021, P_in=7.590e-03, P_tgt=7.162e-03, A_F=0.022, K_low=0.211, P_drag=-3.435e-03, P_cool=-2.663e-03, WENO=0.047 (x=0.047, y=0.047), ReL2D=127.91, eps_nu=2.838e-03, P_hv=5.799e-06, rho_mean=1.000000, p_mean=0.719612, div_rms=4.736e-01, vort_rms=1.511e+00, mass_err=-7.639e-11
step= 32400, t=12.030560, dt=3.783e-04, KE=8.260011e-02, Mt=0.4135, A_K=0.034, Cuv=-0.006, P_in=5.912e-03, P_tgt=5.887e-03, A_F=0.085, K_low=0.211, P_drag=-3.426e-03, P_cool=-2.689e-03, WENO=0.043 (x=0.043, y=0.043), ReL2D=124.59, eps_nu=2.886e-03, P_hv=5.941e-06, rho_mean=1.000000, p_mean=0.719663, div_rms=4.690e-01, vort_rms=1.527e+00, mass_err=-7.783e-11
step= 33000, t=12.259614, dt=3.833e-04, KE=8.213034e-02, Mt=0.4124, A_K=0.056, Cuv=0.003, P_in=4.869e-03, P_tgt=4.888e-03, A_F=0.000, K_low=0.211, P_drag=-3.406e-03, P_cool=-2.747e-03, WENO=0.048 (x=0.048, y=0.048), ReL2D=123.74, eps_nu=2.863e-03, P_hv=5.962e-06, rho_mean=1.000000, p_mean=0.719780, div_rms=4.507e-01, vort_rms=1.528e+00, mass_err=-7.928e-11
step= 33600, t=12.488172, dt=3.784e-04, KE=8.130255e-02, Mt=0.4114, A_K=0.065, Cuv=0.009, P_in=4.172e-03, P_tgt=4.122e-03, A_F=0.236, K_low=0.211, P_drag=-3.366e-03, P_cool=-2.833e-03, WENO=0.058 (x=0.058, y=0.058), ReL2D=123.57, eps_nu=2.827e-03, P_hv=6.131e-06, rho_mean=1.000000, p_mean=0.719952, div_rms=4.212e-01, vort_rms=1.528e+00, mass_err=-8.072e-11
step= 34200, t=12.714362, dt=3.798e-04, KE=8.055602e-02, Mt=0.4102, A_K=0.064, Cuv=-0.005, P_in=3.508e-03, P_tgt=3.529e-03, A_F=0.002, K_low=0.209, P_drag=-3.305e-03, P_cool=-2.874e-03, WENO=0.062 (x=0.062, y=0.062), ReL2D=122.71, eps_nu=2.805e-03, P_hv=6.326e-06, rho_mean=1.000000, p_mean=0.720035, div_rms=4.218e-01, vort_rms=1.522e+00, mass_err=-8.216e-11
step= 34800, t=12.943555, dt=3.814e-04, KE=7.998389e-02, Mt=0.4087, A_K=0.058, Cuv=-0.004, P_in=3.066e-03, P_tgt=3.075e-03, A_F=0.099, K_low=0.204, P_drag=-3.219e-03, P_cool=-2.860e-03, WENO=0.057 (x=0.057, y=0.057), ReL2D=120.41, eps_nu=2.824e-03, P_hv=6.354e-06, rho_mean=1.000000, p_mean=0.720005, div_rms=4.590e-01, vort_rms=1.513e+00, mass_err=-8.359e-11
step= 35400, t=13.171642, dt=3.818e-04, KE=7.959995e-02, Mt=0.4075, A_K=0.060, Cuv=0.003, P_in=2.722e-03, P_tgt=2.734e-03, A_F=0.070, K_low=0.196, P_drag=-3.120e-03, P_cool=-2.795e-03, WENO=0.046 (x=0.046, y=0.046), ReL2D=117.43, eps_nu=2.881e-03, P_hv=6.587e-06, rho_mean=1.000000, p_mean=0.719877, div_rms=5.128e-01, vort_rms=1.507e+00, mass_err=-8.502e-11
step= 36000, t=13.398773, dt=3.700e-04, KE=7.893732e-02, Mt=0.4057, A_K=0.073, Cuv=0.021, P_in=2.477e-03, P_tgt=2.478e-03, A_F=0.146, K_low=0.190, P_drag=-3.017e-03, P_cool=-2.780e-03, WENO=0.042 (x=0.042, y=0.042), ReL2D=116.51, eps_nu=2.871e-03, P_hv=6.941e-06, rho_mean=1.000000, p_mean=0.719847, div_rms=5.307e-01, vort_rms=1.496e+00, mass_err=-8.646e-11
step= 36600, t=13.616781, dt=3.590e-04, KE=7.810869e-02, Mt=0.4038, A_K=0.082, Cuv=0.041, P_in=2.308e-03, P_tgt=2.315e-03, A_F=0.079, K_low=0.186, P_drag=-2.924e-03, P_cool=-2.799e-03, WENO=0.045 (x=0.045, y=0.045), ReL2D=117.82, eps_nu=2.795e-03, P_hv=7.272e-06, rho_mean=1.000000, p_mean=0.719884, div_rms=5.107e-01, vort_rms=1.482e+00, mass_err=-8.789e-11
step= 37200, t=13.830994, dt=3.557e-04, KE=7.771079e-02, Mt=0.4034, A_K=0.075, Cuv=0.065, P_in=2.199e-03, P_tgt=2.198e-03, A_F=0.091, K_low=0.182, P_drag=-2.839e-03, P_cool=-2.733e-03, WENO=0.046 (x=0.046, y=0.046), ReL2D=119.79, eps_nu=2.737e-03, P_hv=7.346e-06, rho_mean=1.000000, p_mean=0.719753, div_rms=5.016e-01, vort_rms=1.468e+00, mass_err=-8.932e-11
saved snapshot: results/hit2d/final_thesis_Mach_ReL130_N512/production_N512/Mt040_N512/hit2d_step0037200.npz
step= 37800, t=14.043710, dt=3.522e-04, KE=7.729318e-02, Mt=0.4027, A_K=0.054, Cuv=0.095, P_in=2.094e-03, P_tgt=2.098e-03, A_F=0.107, K_low=0.179, P_drag=-2.747e-03, P_cool=-2.674e-03, WENO=0.049 (x=0.049, y=0.049), ReL2D=123.11, eps_nu=2.663e-03, P_hv=7.353e-06, rho_mean=1.000000, p_mean=0.719634, div_rms=4.744e-01, vort_rms=1.457e+00, mass_err=-9.076e-11
step= 38400, t=14.253540, dt=3.474e-04, KE=7.669376e-02, Mt=0.4005, A_K=0.034, Cuv=0.125, P_in=2.038e-03, P_tgt=2.044e-03, A_F=0.091, K_low=0.173, P_drag=-2.635e-03, P_cool=-2.656e-03, WENO=0.056 (x=0.056, y=0.056), ReL2D=124.59, eps_nu=2.599e-03, P_hv=7.333e-06, rho_mean=1.000000, p_mean=0.719597, div_rms=4.542e-01, vort_rms=1.446e+00, mass_err=-9.220e-11
step= 39000, t=14.461198, dt=3.462e-04, KE=7.586069e-02, Mt=0.3968, A_K=0.019, Cuv=0.149, P_in=2.100e-03, P_tgt=2.084e-03, A_F=0.045, K_low=0.164, P_drag=-2.493e-03, P_cool=-2.691e-03, WENO=0.060 (x=0.060, y=0.060), ReL2D=125.15, eps_nu=2.528e-03, P_hv=7.237e-06, rho_mean=1.000000, p_mean=0.719668, div_rms=4.323e-01, vort_rms=1.432e+00, mass_err=-9.365e-11
step= 39600, t=14.670222, dt=3.513e-04, KE=7.518364e-02, Mt=0.3936, A_K=0.008, Cuv=0.157, P_in=2.237e-03, P_tgt=2.245e-03, A_F=0.016, K_low=0.151, P_drag=-2.327e-03, P_cool=-2.705e-03, WENO=0.061 (x=0.061, y=0.061), ReL2D=124.46, eps_nu=2.484e-03, P_hv=7.053e-06, rho_mean=1.000000, p_mean=0.719696, div_rms=4.288e-01, vort_rms=1.419e+00, mass_err=-9.508e-11
step= 40200, t=14.883444, dt=3.608e-04, KE=7.432572e-02, Mt=0.3910, A_K=0.003, Cuv=0.157, P_in=2.508e-03, P_tgt=2.529e-03, A_F=0.058, K_low=0.139, P_drag=-2.156e-03, P_cool=-2.769e-03, WENO=0.059 (x=0.059, y=0.059), ReL2D=125.23, eps_nu=2.452e-03, P_hv=6.873e-06, rho_mean=1.000000, p_mean=0.719823, div_rms=4.219e-01, vort_rms=1.412e+00, mass_err=-9.652e-11
step= 40800, t=15.105019, dt=3.760e-04, KE=7.331034e-02, Mt=0.3890, A_K=0.007, Cuv=0.170, P_in=2.997e-03, P_tgt=2.963e-03, A_F=0.083, K_low=0.130, P_drag=-2.001e-03, P_cool=-2.875e-03, WENO=0.065 (x=0.065, y=0.065), ReL2D=126.89, eps_nu=2.407e-03, P_hv=6.489e-06, rho_mean=1.000000, p_mean=0.720035, div_rms=4.008e-01, vort_rms=1.406e+00, mass_err=-9.796e-11
step= 41400, t=15.332894, dt=3.823e-04, KE=7.315358e-02, Mt=0.3890, A_K=0.022, Cuv=0.180, P_in=3.554e-03, P_tgt=3.524e-03, A_F=0.055, K_low=0.123, P_drag=-1.880e-03, P_cool=-2.832e-03, WENO=0.063 (x=0.063, y=0.063), ReL2D=125.79, eps_nu=2.416e-03, P_hv=6.084e-06, rho_mean=1.000000, p_mean=0.719951, div_rms=4.276e-01, vort_rms=1.398e+00, mass_err=-9.940e-11
step= 42000, t=15.563380, dt=3.868e-04, KE=7.326897e-02, Mt=0.3893, A_K=0.036, Cuv=0.178, P_in=4.180e-03, P_tgt=4.171e-03, A_F=0.131, K_low=0.118, P_drag=-1.804e-03, P_cool=-2.772e-03, WENO=0.051 (x=0.051, y=0.051), ReL2D=122.83, eps_nu=2.455e-03, P_hv=5.920e-06, rho_mean=1.000000, p_mean=0.719829, div_rms=4.665e-01, vort_rms=1.394e+00, mass_err=-1.008e-10
step= 42600, t=15.793338, dt=3.816e-04, KE=7.345610e-02, Mt=0.3898, A_K=0.050, Cuv=0.188, P_in=4.899e-03, P_tgt=4.919e-03, A_F=0.314, K_low=0.118, P_drag=-1.789e-03, P_cool=-2.733e-03, WENO=0.046 (x=0.046, y=0.046), ReL2D=121.52, eps_nu=2.457e-03, P_hv=5.956e-06, rho_mean=1.000000, p_mean=0.719752, div_rms=4.730e-01, vort_rms=1.392e+00, mass_err=-1.023e-10
step= 43200, t=16.021219, dt=3.724e-04, KE=7.404494e-02, Mt=0.3919, A_K=0.059, Cuv=0.208, P_in=5.752e-03, P_tgt=5.677e-03, A_F=0.064, K_low=0.122, P_drag=-1.838e-03, P_cool=-2.652e-03, WENO=0.053 (x=0.053, y=0.053), ReL2D=122.23, eps_nu=2.460e-03, P_hv=5.866e-06, rho_mean=1.000000, p_mean=0.719589, div_rms=4.591e-01, vort_rms=1.399e+00, mass_err=-1.037e-10
saved snapshot: results/hit2d/final_thesis_Mach_ReL130_N512/production_N512/Mt040_N512/hit2d_step0043400.npz
step= 43800, t=16.242126, dt=3.678e-04, KE=7.477186e-02, Mt=0.3941, A_K=0.078, Cuv=0.232, P_in=6.245e-03, P_tgt=6.319e-03, A_F=0.063, K_low=0.128, P_drag=-1.917e-03, P_cool=-2.574e-03, WENO=0.058 (x=0.058, y=0.058), ReL2D=124.38, eps_nu=2.434e-03, P_hv=5.958e-06, rho_mean=1.000000, p_mean=0.719433, div_rms=4.263e-01, vort_rms=1.404e+00, mass_err=-1.051e-10
step= 44400, t=16.463794, dt=3.661e-04, KE=7.574421e-02, Mt=0.3963, A_K=0.095, Cuv=0.256, P_in=6.822e-03, P_tgt=6.796e-03, A_F=0.029, K_low=0.132, P_drag=-1.983e-03, P_cool=-2.473e-03, WENO=0.060 (x=0.060, y=0.060), ReL2D=125.67, eps_nu=2.439e-03, P_hv=5.953e-06, rho_mean=1.000000, p_mean=0.719232, div_rms=4.184e-01, vort_rms=1.409e+00, mass_err=-1.066e-10
step= 45000, t=16.680815, dt=3.600e-04, KE=7.644057e-02, Mt=0.3981, A_K=0.104, Cuv=0.262, P_in=7.049e-03, P_tgt=7.081e-03, A_F=0.056, K_low=0.132, P_drag=-2.005e-03, P_cool=-2.443e-03, WENO=0.059 (x=0.059, y=0.059), ReL2D=125.25, eps_nu=2.455e-03, P_hv=5.948e-06, rho_mean=1.000000, p_mean=0.719171, div_rms=4.145e-01, vort_rms=1.416e+00, mass_err=-1.080e-10
step= 45600, t=16.896998, dt=3.605e-04, KE=7.665977e-02, Mt=0.3987, A_K=0.114, Cuv=0.246, P_in=7.257e-03, P_tgt=7.249e-03, A_F=0.145, K_low=0.131, P_drag=-1.985e-03, P_cool=-2.516e-03, WENO=0.058 (x=0.058, y=0.058), ReL2D=123.68, eps_nu=2.469e-03, P_hv=6.097e-06, rho_mean=1.000000, p_mean=0.719318, div_rms=4.067e-01, vort_rms=1.423e+00, mass_err=-1.095e-10
step= 46200, t=17.114387, dt=3.667e-04, KE=7.678510e-02, Mt=0.3989, A_K=0.114, Cuv=0.222, P_in=7.343e-03, P_tgt=7.387e-03, A_F=0.160, K_low=0.129, P_drag=-1.945e-03, P_cool=-2.613e-03, WENO=0.060 (x=0.060, y=0.060), ReL2D=123.07, eps_nu=2.492e-03, P_hv=6.031e-06, rho_mean=1.000000, p_mean=0.719512, div_rms=3.939e-01, vort_rms=1.435e+00, mass_err=-1.109e-10
step= 46800, t=17.336645, dt=3.692e-04, KE=7.743820e-02, Mt=0.4005, A_K=0.110, Cuv=0.197, P_in=7.463e-03, P_tgt=7.430e-03, A_F=0.143, K_low=0.126, P_drag=-1.911e-03, P_cool=-2.611e-03, WENO=0.061 (x=0.061, y=0.061), ReL2D=122.25, eps_nu=2.536e-03, P_hv=6.332e-06, rho_mean=1.000000, p_mean=0.719508, div_rms=3.900e-01, vort_rms=1.451e+00, mass_err=-1.123e-10
step= 47400, t=17.556517, dt=3.676e-04, KE=7.816652e-02, Mt=0.4027, A_K=0.106, Cuv=0.187, P_in=7.221e-03, P_tgt=7.247e-03, A_F=0.074, K_low=0.125, P_drag=-1.898e-03, P_cool=-2.592e-03, WENO=0.062 (x=0.062, y=0.062), ReL2D=119.43, eps_nu=2.596e-03, P_hv=6.275e-06, rho_mean=1.000000, p_mean=0.719469, div_rms=4.003e-01, vort_rms=1.466e+00, mass_err=-1.138e-10
step= 48000, t=17.775447, dt=3.640e-04, KE=7.825390e-02, Mt=0.4030, A_K=0.095, Cuv=0.190, P_in=6.955e-03, P_tgt=6.939e-03, A_F=0.003, K_low=0.126, P_drag=-1.890e-03, P_cool=-2.686e-03, WENO=0.057 (x=0.057, y=0.057), ReL2D=118.66, eps_nu=2.597e-03, P_hv=6.305e-06, rho_mean=1.000000, p_mean=0.719658, div_rms=3.996e-01, vort_rms=1.466e+00, mass_err=-1.152e-10
step= 48600, t=17.996715, dt=3.740e-04, KE=7.825846e-02, Mt=0.4034, A_K=0.068, Cuv=0.199, P_in=6.615e-03, P_tgt=6.619e-03, A_F=0.027, K_low=0.126, P_drag=-1.894e-03, P_cool=-2.781e-03, WENO=0.055 (x=0.055, y=0.055), ReL2D=118.86, eps_nu=2.599e-03, P_hv=6.461e-06, rho_mean=1.000000, p_mean=0.719847, div_rms=4.033e-01, vort_rms=1.466e+00, mass_err=-1.166e-10
step= 49200, t=18.221890, dt=3.746e-04, KE=7.834378e-02, Mt=0.4037, A_K=0.033, Cuv=0.203, P_in=6.306e-03, P_tgt=6.280e-03, A_F=0.044, K_low=0.126, P_drag=-1.898e-03, P_cool=-2.843e-03, WENO=0.061 (x=0.061, y=0.061), ReL2D=120.10, eps_nu=2.586e-03, P_hv=6.563e-06, rho_mean=1.000000, p_mean=0.719971, div_rms=4.007e-01, vort_rms=1.462e+00, mass_err=-1.181e-10
saved snapshot: results/hit2d/final_thesis_Mach_ReL130_N512/production_N512/Mt040_N512/hit2d_step0049600.npz
step= 49800, t=18.444728, dt=3.698e-04, KE=7.837347e-02, Mt=0.4044, A_K=0.003, Cuv=0.200, P_in=5.915e-03, P_tgt=5.915e-03, A_F=0.002, K_low=0.125, P_drag=-1.903e-03, P_cool=-2.897e-03, WENO=0.063 (x=0.063, y=0.063), ReL2D=121.72, eps_nu=2.592e-03, P_hv=6.655e-06, rho_mean=1.000000, p_mean=0.720079, div_rms=4.052e-01, vort_rms=1.463e+00, mass_err=-1.195e-10
step= 50400, t=18.668150, dt=3.737e-04, KE=7.842390e-02, Mt=0.4056, A_K=0.027, Cuv=0.207, P_in=5.497e-03, P_tgt=5.503e-03, A_F=0.119, K_low=0.126, P_drag=-1.924e-03, P_cool=-2.927e-03, WENO=0.062 (x=0.062, y=0.062), ReL2D=122.94, eps_nu=2.601e-03, P_hv=6.748e-06, rho_mean=1.000000, p_mean=0.720140, div_rms=4.171e-01, vort_rms=1.461e+00, mass_err=-1.209e-10
step= 51000, t=18.893219, dt=3.765e-04, KE=7.891930e-02, Mt=0.4076, A_K=0.058, Cuv=0.212, P_in=5.040e-03, P_tgt=4.993e-03, A_F=0.227, K_low=0.130, P_drag=-1.982e-03, P_cool=-2.847e-03, WENO=0.062 (x=0.062, y=0.062), ReL2D=123.23, eps_nu=2.627e-03, P_hv=6.816e-06, rho_mean=1.000000, p_mean=0.719980, div_rms=4.464e-01, vort_rms=1.458e+00, mass_err=-1.224e-10
step= 51600, t=19.119723, dt=3.774e-04, KE=7.907787e-02, Mt=0.4082, A_K=0.097, Cuv=0.210, P_in=4.452e-03, P_tgt=4.439e-03, A_F=0.431, K_low=0.136, P_drag=-2.070e-03, P_cool=-2.809e-03, WENO=0.057 (x=0.057, y=0.057), ReL2D=125.65, eps_nu=2.620e-03, P_hv=6.652e-06, rho_mean=1.000000, p_mean=0.719903, div_rms=4.473e-01, vort_rms=1.455e+00, mass_err=-1.238e-10
step= 52200, t=19.345029, dt=3.742e-04, KE=7.906033e-02, Mt=0.4075, A_K=0.136, Cuv=0.202, P_in=3.953e-03, P_tgt=3.954e-03, A_F=0.354, K_low=0.143, P_drag=-2.163e-03, P_cool=-2.779e-03, WENO=0.062 (x=0.062, y=0.062), ReL2D=126.41, eps_nu=2.612e-03, P_hv=6.583e-06, rho_mean=1.000000, p_mean=0.719844, div_rms=4.518e-01, vort_rms=1.451e+00, mass_err=-1.253e-10
step= 52800, t=19.566241, dt=3.654e-04, KE=7.896886e-02, Mt=0.4063, A_K=0.166, Cuv=0.194, P_in=3.577e-03, P_tgt=3.573e-03, A_F=0.195, K_low=0.149, P_drag=-2.252e-03, P_cool=-2.743e-03, WENO=0.056 (x=0.056, y=0.056), ReL2D=125.93, eps_nu=2.600e-03, P_hv=6.690e-06, rho_mean=1.000000, p_mean=0.719772, div_rms=4.575e-01, vort_rms=1.445e+00, mass_err=-1.267e-10
step= 53400, t=19.787296, dt=3.725e-04, KE=7.866311e-02, Mt=0.4046, A_K=0.183, Cuv=0.182, P_in=3.316e-03, P_tgt=3.292e-03, A_F=0.040, K_low=0.154, P_drag=-2.338e-03, P_cool=-2.733e-03, WENO=0.062 (x=0.062, y=0.062), ReL2D=125.00, eps_nu=2.588e-03, P_hv=6.597e-06, rho_mean=1.000000, p_mean=0.719752, div_rms=4.694e-01, vort_rms=1.436e+00, mass_err=-1.281e-10
step= 54000, t=20.012605, dt=3.772e-04, KE=7.803310e-02, Mt=0.4024, A_K=0.186, Cuv=0.165, P_in=3.121e-03, P_tgt=3.129e-03, A_F=0.048, K_low=0.161, P_drag=-2.425e-03, P_cool=-2.772e-03, WENO=0.061 (x=0.061, y=0.061), ReL2D=125.31, eps_nu=2.554e-03, P_hv=6.266e-06, rho_mean=1.000000, p_mean=0.719830, div_rms=4.670e-01, vort_rms=1.426e+00, mass_err=-1.296e-10
step= 54600, t=20.239947, dt=3.815e-04, KE=7.787051e-02, Mt=0.4013, A_K=0.178, Cuv=0.149, P_in=3.066e-03, P_tgt=3.048e-03, A_F=0.147, K_low=0.167, P_drag=-2.511e-03, P_cool=-2.707e-03, WENO=0.057 (x=0.057, y=0.057), ReL2D=126.12, eps_nu=2.526e-03, P_hv=6.270e-06, rho_mean=1.000000, p_mean=0.719700, div_rms=4.668e-01, vort_rms=1.417e+00, mass_err=-1.310e-10
step= 55200, t=20.467259, dt=3.766e-04, KE=7.781586e-02, Mt=0.4004, A_K=0.176, Cuv=0.145, P_in=3.036e-03, P_tgt=3.006e-03, A_F=0.007, K_low=0.172, P_drag=-2.597e-03, P_cool=-2.619e-03, WENO=0.054 (x=0.054, y=0.054), ReL2D=127.27, eps_nu=2.469e-03, P_hv=6.192e-06, rho_mean=1.000000, p_mean=0.719523, div_rms=4.488e-01, vort_rms=1.406e+00, mass_err=-1.324e-10
step= 55800, t=20.694190, dt=3.799e-04, KE=7.750190e-02, Mt=0.3994, A_K=0.182, Cuv=0.147, P_in=3.017e-03, P_tgt=3.014e-03, A_F=0.063, K_low=0.179, P_drag=-2.686e-03, P_cool=-2.580e-03, WENO=0.065 (x=0.065, y=0.065), ReL2D=130.10, eps_nu=2.403e-03, P_hv=6.069e-06, rho_mean=1.000000, p_mean=0.719446, div_rms=4.160e-01, vort_rms=1.398e+00, mass_err=-1.339e-10
saved snapshot: results/hit2d/final_thesis_Mach_ReL130_N512/production_N512/Mt040_N512/hit2d_step0055800.npz
warning: flow component anisotropy has increased over the last three diagnostic samples
step= 56400, t=20.923632, dt=3.843e-04, KE=7.752470e-02, Mt=0.3996, A_K=0.210, Cuv=0.147, P_in=3.063e-03, P_tgt=3.041e-03, A_F=0.028, K_low=0.186, P_drag=-2.785e-03, P_cool=-2.473e-03, WENO=0.065 (x=0.065, y=0.065), ReL2D=132.24, eps_nu=2.368e-03, P_hv=5.886e-06, rho_mean=1.000000, p_mean=0.719232, div_rms=4.019e-01, vort_rms=1.393e+00, mass_err=-1.353e-10
warning: flow component anisotropy has increased over the last three diagnostic samples
step= 57000, t=21.155557, dt=3.899e-04, KE=7.738747e-02, Mt=0.3988, A_K=0.250, Cuv=0.142, P_in=3.092e-03, P_tgt=3.069e-03, A_F=0.028, K_low=0.194, P_drag=-2.886e-03, P_cool=-2.399e-03, WENO=0.069 (x=0.069, y=0.069), ReL2D=132.39, eps_nu=2.341e-03, P_hv=5.731e-06, rho_mean=1.000000, p_mean=0.719083, div_rms=3.993e-01, vort_rms=1.385e+00, mass_err=-1.368e-10
warning: flow component anisotropy has increased over the last three diagnostic samples
step= 57600, t=21.388628, dt=3.861e-04, KE=7.655790e-02, Mt=0.3963, A_K=0.301, Cuv=0.129, P_in=3.130e-03, P_tgt=3.180e-03, A_F=0.234, K_low=0.202, P_drag=-2.979e-03, P_cool=-2.460e-03, WENO=0.073 (x=0.073, y=0.073), ReL2D=132.63, eps_nu=2.306e-03, P_hv=5.567e-06, rho_mean=1.000000, p_mean=0.719205, div_rms=3.878e-01, vort_rms=1.378e+00, mass_err=-1.382e-10
warning: flow component anisotropy has increased over the last three diagnostic samples
step= 58200, t=21.615685, dt=3.740e-04, KE=7.559711e-02, Mt=0.3935, A_K=0.321, Cuv=0.111, P_in=3.402e-03, P_tgt=3.439e-03, A_F=0.154, K_low=0.209, P_drag=-3.070e-03, P_cool=-2.550e-03, WENO=0.071 (x=0.071, y=0.071), ReL2D=133.00, eps_nu=2.266e-03, P_hv=5.427e-06, rho_mean=1.000000, p_mean=0.719385, div_rms=3.855e-01, vort_rms=1.365e+00, mass_err=-1.397e-10
step= 58800, t=21.841426, dt=3.748e-04, KE=7.482672e-02, Mt=0.3918, A_K=0.313, Cuv=0.097, P_in=3.855e-03, P_tgt=3.856e-03, A_F=0.149, K_low=0.217, P_drag=-3.183e-03, P_cool=-2.610e-03, WENO=0.063 (x=0.063, y=0.063), ReL2D=133.27, eps_nu=2.238e-03, P_hv=5.734e-06, rho_mean=1.000000, p_mean=0.719506, div_rms=3.900e-01, vort_rms=1.354e+00, mass_err=-1.411e-10
step= 59400, t=22.067579, dt=3.803e-04, KE=7.430007e-02, Mt=0.3913, A_K=0.286, Cuv=0.073, P_in=4.412e-03, P_tgt=4.402e-03, A_F=0.055, K_low=0.229, P_drag=-3.338e-03, P_cool=-2.636e-03, WENO=0.064 (x=0.064, y=0.064), ReL2D=134.12, eps_nu=2.231e-03, P_hv=5.920e-06, rho_mean=1.000000, p_mean=0.719557, div_rms=3.948e-01, vort_rms=1.350e+00, mass_err=-1.425e-10
step= 60000, t=22.296703, dt=3.829e-04, KE=7.406412e-02, Mt=0.3914, A_K=0.263, Cuv=0.064, P_in=5.065e-03, P_tgt=5.037e-03, A_F=0.084, K_low=0.243, P_drag=-3.523e-03, P_cool=-2.621e-03, WENO=0.075 (x=0.075, y=0.075), ReL2D=135.10, eps_nu=2.216e-03, P_hv=5.748e-06, rho_mean=1.000000, p_mean=0.719528, div_rms=3.901e-01, vort_rms=1.347e+00, mass_err=-1.440e-10
step= 60600, t=22.524553, dt=3.780e-04, KE=7.441293e-02, Mt=0.3930, A_K=0.246, Cuv=0.069, P_in=5.723e-03, P_tgt=5.699e-03, A_F=0.096, K_low=0.255, P_drag=-3.707e-03, P_cool=-2.515e-03, WENO=0.070 (x=0.070, y=0.070), ReL2D=135.45, eps_nu=2.216e-03, P_hv=5.565e-06, rho_mean=1.000000, p_mean=0.719316, div_rms=3.940e-01, vort_rms=1.345e+00, mass_err=-1.454e-10
step= 61200, t=22.752732, dt=3.831e-04, KE=7.492570e-02, Mt=0.3960, A_K=0.233, Cuv=0.081, P_in=6.096e-03, P_tgt=6.198e-03, A_F=0.194, K_low=0.265, P_drag=-3.877e-03, P_cool=-2.400e-03, WENO=0.069 (x=0.069, y=0.069), ReL2D=136.36, eps_nu=2.229e-03, P_hv=5.509e-06, rho_mean=1.000000, p_mean=0.719086, div_rms=3.930e-01, vort_rms=1.350e+00, mass_err=-1.469e-10
step= 61800, t=22.981341, dt=3.788e-04, KE=7.515123e-02, Mt=0.3973, A_K=0.214, Cuv=0.103, P_in=6.476e-03, P_tgt=6.496e-03, A_F=0.122, K_low=0.275, P_drag=-4.017e-03, P_cool=-2.358e-03, WENO=0.070 (x=0.070, y=0.070), ReL2D=132.47, eps_nu=2.286e-03, P_hv=5.319e-06, rho_mean=1.000000, p_mean=0.719002, div_rms=3.976e-01, vort_rms=1.367e+00, mass_err=-1.483e-10
saved snapshot: results/hit2d/final_thesis_Mach_ReL130_N512/production_N512/Mt040_N512/hit2d_step0062000.npz
step= 62400, t=23.209107, dt=3.793e-04, KE=7.507876e-02, Mt=0.3960, A_K=0.196, Cuv=0.113, P_in=6.788e-03, P_tgt=6.820e-03, A_F=0.010, K_low=0.281, P_drag=-4.109e-03, P_cool=-2.383e-03, WENO=0.081 (x=0.081, y=0.081), ReL2D=128.71, eps_nu=2.316e-03, P_hv=5.272e-06, rho_mean=1.000000, p_mean=0.719051, div_rms=3.970e-01, vort_rms=1.377e+00, mass_err=-1.497e-10
step= 63000, t=23.432801, dt=3.707e-04, KE=7.532802e-02, Mt=0.3953, A_K=0.178, Cuv=0.102, P_in=7.270e-03, P_tgt=7.307e-03, A_F=0.020, K_low=0.283, P_drag=-4.164e-03, P_cool=-2.358e-03, WENO=0.075 (x=0.075, y=0.075), ReL2D=126.76, eps_nu=2.355e-03, P_hv=5.239e-06, rho_mean=1.000000, p_mean=0.719001, div_rms=4.017e-01, vort_rms=1.389e+00, mass_err=-1.512e-10
step= 63600, t=23.658238, dt=3.830e-04, KE=7.573113e-02, Mt=0.3956, A_K=0.155, Cuv=0.077, P_in=7.844e-03, P_tgt=7.828e-03, A_F=0.044, K_low=0.284, P_drag=-4.201e-03, P_cool=-2.325e-03, WENO=0.063 (x=0.063, y=0.063), ReL2D=125.20, eps_nu=2.412e-03, P_hv=5.435e-06, rho_mean=1.000000, p_mean=0.718936, div_rms=4.093e-01, vort_rms=1.404e+00, mass_err=-1.526e-10
step= 64200, t=23.886479, dt=3.743e-04, KE=7.572864e-02, Mt=0.3949, A_K=0.127, Cuv=0.045, P_in=8.449e-03, P_tgt=8.407e-03, A_F=0.047, K_low=0.285, P_drag=-4.212e-03, P_cool=-2.396e-03, WENO=0.056 (x=0.056, y=0.056), ReL2D=123.90, eps_nu=2.456e-03, P_hv=5.658e-06, rho_mean=1.000000, p_mean=0.719078, div_rms=4.249e-01, vort_rms=1.412e+00, mass_err=-1.541e-10
step= 64800, t=24.109637, dt=3.707e-04, KE=7.532400e-02, Mt=0.3942, A_K=0.099, Cuv=0.015, P_in=9.142e-03, P_tgt=9.149e-03, A_F=0.045, K_low=0.285, P_drag=-4.183e-03, P_cool=-2.569e-03, WENO=0.064 (x=0.064, y=0.064), ReL2D=123.27, eps_nu=2.484e-03, P_hv=5.942e-06, rho_mean=1.000000, p_mean=0.719423, div_rms=4.270e-01, vort_rms=1.420e+00, mass_err=-1.555e-10
step= 65400, t=24.331094, dt=3.665e-04, KE=7.531420e-02, Mt=0.3954, A_K=0.073, Cuv=0.002, P_in=9.923e-03, P_tgt=9.928e-03, A_F=0.023, K_low=0.280, P_drag=-4.101e-03, P_cool=-2.692e-03, WENO=0.058 (x=0.058, y=0.058), ReL2D=121.78, eps_nu=2.538e-03, P_hv=6.203e-06, rho_mean=1.000000, p_mean=0.719670, div_rms=4.330e-01, vort_rms=1.435e+00, mass_err=-1.570e-10
step= 66000, t=24.549198, dt=3.599e-04, KE=7.596404e-02, Mt=0.3972, A_K=0.071, Cuv=0.008, P_in=1.050e-02, P_tgt=1.050e-02, A_F=0.123, K_low=0.270, P_drag=-3.990e-03, P_cool=-2.714e-03, WENO=0.055 (x=0.055, y=0.055), ReL2D=120.70, eps_nu=2.589e-03, P_hv=6.561e-06, rho_mean=1.000000, p_mean=0.719714, div_rms=4.548e-01, vort_rms=1.442e+00, mass_err=-1.584e-10
step= 66600, t=24.763153, dt=3.549e-04, KE=7.696327e-02, Mt=0.3991, A_K=0.052, Cuv=0.025, P_in=1.079e-02, P_tgt=1.080e-02, A_F=0.049, K_low=0.258, P_drag=-3.875e-03, P_cool=-2.687e-03, WENO=0.058 (x=0.058, y=0.058), ReL2D=120.66, eps_nu=2.665e-03, P_hv=6.735e-06, rho_mean=1.000000, p_mean=0.719660, div_rms=4.963e-01, vort_rms=1.448e+00, mass_err=-1.598e-10
step= 67200, t=24.975860, dt=3.532e-04, KE=7.794940e-02, Mt=0.4013, A_K=0.025, Cuv=0.036, P_in=1.072e-02, P_tgt=1.077e-02, A_F=0.027, K_low=0.246, P_drag=-3.760e-03, P_cool=-2.674e-03, WENO=0.056 (x=0.056, y=0.056), ReL2D=121.20, eps_nu=2.735e-03, P_hv=6.928e-06, rho_mean=1.000000, p_mean=0.719633, div_rms=5.119e-01, vort_rms=1.463e+00, mass_err=-1.613e-10
step= 67800, t=25.187963, dt=3.566e-04, KE=7.883559e-02, Mt=0.4037, A_K=0.000, Cuv=0.034, P_in=1.031e-02, P_tgt=1.037e-02, A_F=0.207, K_low=0.236, P_drag=-3.651e-03, P_cool=-2.676e-03, WENO=0.056 (x=0.056, y=0.056), ReL2D=122.74, eps_nu=2.783e-03, P_hv=7.084e-06, rho_mean=1.000000, p_mean=0.719638, div_rms=5.003e-01, vort_rms=1.483e+00, mass_err=-1.627e-10
saved snapshot: results/hit2d/final_thesis_Mach_ReL130_N512/production_N512/Mt040_N512/hit2d_step0068200.npz
step= 68400, t=25.408520, dt=3.743e-04, KE=7.911972e-02, Mt=0.4047, A_K=0.002, Cuv=0.032, P_in=9.677e-03, P_tgt=9.726e-03, A_F=0.061, K_low=0.229, P_drag=-3.546e-03, P_cool=-2.784e-03, WENO=0.058 (x=0.058, y=0.058), ReL2D=125.60, eps_nu=2.774e-03, P_hv=6.986e-06, rho_mean=1.000000, p_mean=0.719853, div_rms=4.610e-01, vort_rms=1.497e+00, mass_err=-1.642e-10
step= 69000, t=25.632933, dt=3.713e-04, KE=7.928293e-02, Mt=0.4057, A_K=0.034, Cuv=0.030, P_in=8.973e-03, P_tgt=9.017e-03, A_F=0.133, K_low=0.223, P_drag=-3.443e-03, P_cool=-2.888e-03, WENO=0.064 (x=0.064, y=0.064), ReL2D=125.74, eps_nu=2.780e-03, P_hv=7.265e-06, rho_mean=1.000000, p_mean=0.720061, div_rms=4.542e-01, vort_rms=1.501e+00, mass_err=-1.656e-10
step= 69600, t=25.855154, dt=3.694e-04, KE=7.949274e-02, Mt=0.4067, A_K=0.056, Cuv=0.014, P_in=8.215e-03, P_tgt=8.221e-03, A_F=0.140, K_low=0.218, P_drag=-3.362e-03, P_cool=-2.949e-03, WENO=0.067 (x=0.067, y=0.067), ReL2D=126.02, eps_nu=2.808e-03, P_hv=7.512e-06, rho_mean=1.000000, p_mean=0.720183, div_rms=4.757e-01, vort_rms=1.501e+00, mass_err=-1.671e-10
step= 70200, t=26.078527, dt=3.766e-04, KE=7.948587e-02, Mt=0.4065, A_K=0.067, Cuv=-0.015, P_in=7.468e-03, P_tgt=7.457e-03, A_F=0.011, K_low=0.215, P_drag=-3.319e-03, P_cool=-3.017e-03, WENO=0.062 (x=0.062, y=0.062), ReL2D=126.60, eps_nu=2.800e-03, P_hv=7.504e-06, rho_mean=1.000000, p_mean=0.720321, div_rms=4.753e-01, vort_rms=1.499e+00, mass_err=-1.685e-10
step= 70800, t=26.308558, dt=3.898e-04, KE=7.963106e-02, Mt=0.4070, A_K=0.054, Cuv=-0.036, P_in=6.748e-03, P_tgt=6.768e-03, A_F=0.025, K_low=0.214, P_drag=-3.326e-03, P_cool=-3.023e-03, WENO=0.061 (x=0.061, y=0.061), ReL2D=126.92, eps_nu=2.796e-03, P_hv=7.561e-06, rho_mean=1.000000, p_mean=0.720332, div_rms=4.658e-01, vort_rms=1.501e+00, mass_err=-1.699e-10
step= 71400, t=26.541915, dt=3.840e-04, KE=8.014416e-02, Mt=0.4081, A_K=0.008, Cuv=-0.036, P_in=6.137e-03, P_tgt=6.053e-03, A_F=0.058, K_low=0.215, P_drag=-3.377e-03, P_cool=-2.925e-03, WENO=0.058 (x=0.058, y=0.058), ReL2D=126.78, eps_nu=2.825e-03, P_hv=7.552e-06, rho_mean=1.000000, p_mean=0.720136, div_rms=4.666e-01, vort_rms=1.510e+00, mass_err=-1.714e-10
step= 72000, t=26.771069, dt=3.754e-04, KE=8.080957e-02, Mt=0.4083, A_K=0.032, Cuv=-0.031, P_in=5.370e-03, P_tgt=5.364e-03, A_F=0.050, K_low=0.215, P_drag=-3.434e-03, P_cool=-2.767e-03, WENO=0.062 (x=0.062, y=0.062), ReL2D=126.55, eps_nu=2.827e-03, P_hv=7.691e-06, rho_mean=1.000000, p_mean=0.719820, div_rms=4.668e-01, vort_rms=1.511e+00, mass_err=-1.728e-10
step= 72600, t=26.995571, dt=3.741e-04, KE=8.119983e-02, Mt=0.4077, A_K=0.060, Cuv=-0.028, P_in=4.782e-03, P_tgt=4.770e-03, A_F=0.073, K_low=0.216, P_drag=-3.477e-03, P_cool=-2.640e-03, WENO=0.074 (x=0.074, y=0.074), ReL2D=128.33, eps_nu=2.790e-03, P_hv=7.828e-06, rho_mean=1.000000, p_mean=0.719567, div_rms=4.428e-01, vort_rms=1.509e+00, mass_err=-1.742e-10
step= 73200, t=27.217216, dt=3.702e-04, KE=8.136957e-02, Mt=0.4073, A_K=0.076, Cuv=-0.022, P_in=4.322e-03, P_tgt=4.282e-03, A_F=0.014, K_low=0.218, P_drag=-3.505e-03, P_cool=-2.537e-03, WENO=0.084 (x=0.084, y=0.084), ReL2D=128.71, eps_nu=2.755e-03, P_hv=7.825e-06, rho_mean=1.000000, p_mean=0.719360, div_rms=4.272e-01, vort_rms=1.505e+00, mass_err=-1.757e-10
step= 73800, t=27.438167, dt=3.666e-04, KE=8.132766e-02, Mt=0.4078, A_K=0.101, Cuv=0.001, P_in=3.832e-03, P_tgt=3.837e-03, A_F=0.022, K_low=0.222, P_drag=-3.539e-03, P_cool=-2.459e-03, WENO=0.074 (x=0.074, y=0.074), ReL2D=129.98, eps_nu=2.741e-03, P_hv=8.090e-06, rho_mean=1.000000, p_mean=0.719204, div_rms=4.321e-01, vort_rms=1.498e+00, mass_err=-1.771e-10
step= 74400, t=27.659204, dt=3.637e-04, KE=8.063658e-02, Mt=0.4075, A_K=0.131, Cuv=0.026, P_in=3.425e-03, P_tgt=3.425e-03, A_F=0.111, K_low=0.228, P_drag=-3.583e-03, P_cool=-2.491e-03, WENO=0.083 (x=0.083, y=0.083), ReL2D=132.43, eps_nu=2.687e-03, P_hv=8.527e-06, rho_mean=1.000000, p_mean=0.719267, div_rms=4.147e-01, vort_rms=1.488e+00, mass_err=-1.786e-10
saved snapshot: results/hit2d/final_thesis_Mach_ReL130_N512/production_N512/Mt040_N512/hit2d_step0074400.npz
step= 75000, t=27.875764, dt=3.607e-04, KE=7.961792e-02, Mt=0.4053, A_K=0.156, Cuv=0.031, P_in=3.122e-03, P_tgt=3.109e-03, A_F=0.088, K_low=0.232, P_drag=-3.609e-03, P_cool=-2.571e-03, WENO=0.077 (x=0.077, y=0.077), ReL2D=132.85, eps_nu=2.633e-03, P_hv=8.724e-06, rho_mean=1.000000, p_mean=0.719427, div_rms=4.138e-01, vort_rms=1.472e+00, mass_err=-1.800e-10
step= 75600, t=28.094368, dt=3.680e-04, KE=7.823097e-02, Mt=0.4017, A_K=0.167, Cuv=0.022, P_in=2.953e-03, P_tgt=2.953e-03, A_F=0.114, K_low=0.236, P_drag=-3.617e-03, P_cool=-2.707e-03, WENO=0.068 (x=0.068, y=0.068), ReL2D=132.39, eps_nu=2.572e-03, P_hv=8.536e-06, rho_mean=1.000000, p_mean=0.719699, div_rms=3.960e-01, vort_rms=1.460e+00, mass_err=-1.815e-10
step= 76200, t=28.315883, dt=3.700e-04, KE=7.718198e-02, Mt=0.3991, A_K=0.168, Cuv=0.004, P_in=2.946e-03, P_tgt=2.940e-03, A_F=0.057, K_low=0.240, P_drag=-3.631e-03, P_cool=-2.765e-03, WENO=0.065 (x=0.065, y=0.065), ReL2D=128.36, eps_nu=2.544e-03, P_hv=8.404e-06, rho_mean=1.000000, p_mean=0.719815, div_rms=4.074e-01, vort_rms=1.447e+00, mass_err=-1.829e-10
step= 76800, t=28.536894, dt=3.670e-04, KE=7.617679e-02, Mt=0.3976, A_K=0.161, Cuv=-0.010, P_in=3.027e-03, P_tgt=3.019e-03, A_F=0.085, K_low=0.246, P_drag=-3.656e-03, P_cool=-2.813e-03, WENO=0.069 (x=0.069, y=0.069), ReL2D=126.58, eps_nu=2.528e-03, P_hv=8.319e-06, rho_mean=1.000000, p_mean=0.719912, div_rms=4.047e-01, vort_rms=1.443e+00, mass_err=-1.844e-10
step= 77400, t=28.757496, dt=3.706e-04, KE=7.549917e-02, Mt=0.3967, A_K=0.157, Cuv=-0.031, P_in=3.126e-03, P_tgt=3.151e-03, A_F=0.044, K_low=0.252, P_drag=-3.679e-03, P_cool=-2.798e-03, WENO=0.075 (x=0.075, y=0.075), ReL2D=125.68, eps_nu=2.507e-03, P_hv=7.951e-06, rho_mean=1.000000, p_mean=0.719882, div_rms=4.072e-01, vort_rms=1.435e+00, mass_err=-1.858e-10
step= 78000, t=28.983232, dt=3.792e-04, KE=7.501102e-02, Mt=0.3956, A_K=0.163, Cuv=-0.038, P_in=3.349e-03, P_tgt=3.336e-03, A_F=0.098, K_low=0.255, P_drag=-3.681e-03, P_cool=-2.751e-03, WENO=0.071 (x=0.071, y=0.071), ReL2D=123.38, eps_nu=2.495e-03, P_hv=7.739e-06, rho_mean=1.000000, p_mean=0.719787, div_rms=4.111e-01, vort_rms=1.430e+00, mass_err=-1.872e-10
step= 78600, t=29.211516, dt=3.793e-04, KE=7.448272e-02, Mt=0.3935, A_K=0.159, Cuv=-0.037, P_in=3.630e-03, P_tgt=3.624e-03, A_F=0.002, K_low=0.255, P_drag=-3.651e-03, P_cool=-2.723e-03, WENO=0.070 (x=0.070, y=0.070), ReL2D=123.07, eps_nu=2.465e-03, P_hv=7.631e-06, rho_mean=1.000000, p_mean=0.719731, div_rms=4.123e-01, vort_rms=1.420e+00, mass_err=-1.887e-10
step= 79200, t=29.439387, dt=3.814e-04, KE=7.407371e-02, Mt=0.3919, A_K=0.145, Cuv=-0.022, P_in=4.054e-03, P_tgt=4.061e-03, A_F=0.001, K_low=0.252, P_drag=-3.588e-03, P_cool=-2.691e-03, WENO=0.068 (x=0.068, y=0.068), ReL2D=124.11, eps_nu=2.418e-03, P_hv=7.489e-06, rho_mean=1.000000, p_mean=0.719667, div_rms=4.074e-01, vort_rms=1.407e+00, mass_err=-1.901e-10
step= 79800, t=29.668265, dt=3.802e-04, KE=7.375836e-02, Mt=0.3910, A_K=0.135, Cuv=-0.010, P_in=4.607e-03, P_tgt=4.635e-03, A_F=0.071, K_low=0.247, P_drag=-3.510e-03, P_cool=-2.668e-03, WENO=0.072 (x=0.072, y=0.072), ReL2D=126.47, eps_nu=2.370e-03, P_hv=7.095e-06, rho_mean=1.000000, p_mean=0.719622, div_rms=3.994e-01, vort_rms=1.394e+00, mass_err=-1.916e-10
step= 80400, t=29.895233, dt=3.783e-04, KE=7.326794e-02, Mt=0.3901, A_K=0.119, Cuv=-0.006, P_in=5.339e-03, P_tgt=5.367e-03, A_F=0.107, K_low=0.242, P_drag=-3.420e-03, P_cool=-2.715e-03, WENO=0.079 (x=0.079, y=0.079), ReL2D=128.38, eps_nu=2.329e-03, P_hv=6.653e-06, rho_mean=1.000000, p_mean=0.719716, div_rms=3.857e-01, vort_rms=1.386e+00, mass_err=-1.930e-10
saved snapshot: results/hit2d/final_thesis_Mach_ReL130_N512/production_N512/Mt040_N512/hit2d_step0080600.npz
step= 81000, t=30.122324, dt=3.762e-04, KE=7.309156e-02, Mt=0.3899, A_K=0.090, Cuv=-0.012, P_in=6.306e-03, P_tgt=6.281e-03, A_F=0.022, K_low=0.236, P_drag=-3.335e-03, P_cool=-2.737e-03, WENO=0.069 (x=0.069, y=0.069), ReL2D=127.93, eps_nu=2.323e-03, P_hv=6.466e-06, rho_mean=1.000000, p_mean=0.719760, div_rms=3.941e-01, vort_rms=1.381e+00, mass_err=-1.944e-10
step= 81600, t=30.346872, dt=3.732e-04, KE=7.342309e-02, Mt=0.3904, A_K=0.060, Cuv=-0.016, P_in=7.314e-03, P_tgt=7.324e-03, A_F=0.084, K_low=0.231, P_drag=-3.284e-03, P_cool=-2.705e-03, WENO=0.057 (x=0.057, y=0.057), ReL2D=126.13, eps_nu=2.366e-03, P_hv=6.459e-06, rho_mean=1.000000, p_mean=0.719695, div_rms=4.373e-01, vort_rms=1.377e+00, mass_err=-1.959e-10
step= 82200, t=30.570696, dt=3.736e-04, KE=7.403965e-02, Mt=0.3914, A_K=0.040, Cuv=-0.029, P_in=8.400e-03, P_tgt=8.435e-03, A_F=0.021, K_low=0.228, P_drag=-3.265e-03, P_cool=-2.666e-03, WENO=0.054 (x=0.054, y=0.054), ReL2D=125.21, eps_nu=2.386e-03, P_hv=6.378e-06, rho_mean=1.000000, p_mean=0.719618, div_rms=4.438e-01, vort_rms=1.381e+00, mass_err=-1.973e-10
step= 82800, t=30.795951, dt=3.763e-04, KE=7.473685e-02, Mt=0.3928, A_K=0.035, Cuv=-0.039, P_in=9.557e-03, P_tgt=9.533e-03, A_F=0.124, K_low=0.226, P_drag=-3.250e-03, P_cool=-2.665e-03, WENO=0.054 (x=0.054, y=0.054), ReL2D=125.75, eps_nu=2.396e-03, P_hv=6.181e-06, rho_mean=1.000000, p_mean=0.719615, div_rms=4.289e-01, vort_rms=1.391e+00, mass_err=-1.988e-10
step= 83400, t=31.021328, dt=3.761e-04, KE=7.534828e-02, Mt=0.3945, A_K=0.027, Cuv=-0.030, P_in=1.053e-02, P_tgt=1.052e-02, A_F=0.083, K_low=0.222, P_drag=-3.207e-03, P_cool=-2.728e-03, WENO=0.056 (x=0.056, y=0.056), ReL2D=127.54, eps_nu=2.383e-03, P_hv=6.072e-06, rho_mean=1.000000, p_mean=0.719741, div_rms=3.977e-01, vort_rms=1.399e+00, mass_err=-2.002e-10
step= 84000, t=31.247453, dt=3.770e-04, KE=7.659613e-02, Mt=0.3979, A_K=0.026, Cuv=-0.012, P_in=1.111e-02, P_tgt=1.117e-02, A_F=0.075, K_low=0.213, P_drag=-3.140e-03, P_cool=-2.705e-03, WENO=0.068 (x=0.068, y=0.068), ReL2D=131.00, eps_nu=2.407e-03, P_hv=6.040e-06, rho_mean=1.000000, p_mean=0.719695, div_rms=3.805e-01, vort_rms=1.413e+00, mass_err=-2.016e-10
step= 84600, t=31.474369, dt=3.797e-04, KE=7.845818e-02, Mt=0.4025, A_K=0.025, Cuv=0.012, P_in=1.113e-02, P_tgt=1.114e-02, A_F=0.106, K_low=0.201, P_drag=-3.068e-03, P_cool=-2.581e-03, WENO=0.072 (x=0.072, y=0.072), ReL2D=133.64, eps_nu=2.447e-03, P_hv=6.051e-06, rho_mean=1.000000, p_mean=0.719447, div_rms=3.880e-01, vort_rms=1.423e+00, mass_err=-2.031e-10
step= 85200, t=31.700689, dt=3.751e-04, KE=7.982911e-02, Mt=0.4055, A_K=0.017, Cuv=0.025, P_in=1.035e-02, P_tgt=1.048e-02, A_F=0.229, K_low=0.193, P_drag=-3.015e-03, P_cool=-2.544e-03, WENO=0.078 (x=0.078, y=0.078), ReL2D=135.94, eps_nu=2.453e-03, P_hv=5.961e-06, rho_mean=1.000000, p_mean=0.719374, div_rms=3.748e-01, vort_rms=1.430e+00, mass_err=-2.045e-10
step= 85800, t=31.925686, dt=3.752e-04, KE=8.076223e-02, Mt=0.4072, A_K=0.016, Cuv=0.030, P_in=9.522e-03, P_tgt=9.558e-03, A_F=0.194, K_low=0.188, P_drag=-2.994e-03, P_cool=-2.561e-03, WENO=0.072 (x=0.072, y=0.072), ReL2D=138.83, eps_nu=2.442e-03, P_hv=5.915e-06, rho_mean=1.000000, p_mean=0.719407, div_rms=3.632e-01, vort_rms=1.430e+00, mass_err=-2.060e-10
step= 86400, t=32.151068, dt=3.772e-04, KE=8.170818e-02, Mt=0.4094, A_K=0.027, Cuv=0.028, P_in=8.427e-03, P_tgt=8.480e-03, A_F=0.077, K_low=0.185, P_drag=-2.991e-03, P_cool=-2.530e-03, WENO=0.066 (x=0.066, y=0.066), ReL2D=142.43, eps_nu=2.438e-03, P_hv=6.020e-06, rho_mean=1.000000, p_mean=0.719345, div_rms=3.524e-01, vort_rms=1.433e+00, mass_err=-2.074e-10
saved snapshot: results/hit2d/final_thesis_Mach_ReL130_N512/production_N512/Mt040_N512/hit2d_step0086800.npz
step= 87000, t=32.378850, dt=3.809e-04, KE=8.269818e-02, Mt=0.4126, A_K=0.051, Cuv=0.023, P_in=7.269e-03, P_tgt=7.233e-03, A_F=0.042, K_low=0.182, P_drag=-2.965e-03, P_cool=-2.442e-03, WENO=0.063 (x=0.063, y=0.063), ReL2D=143.12, eps_nu=2.464e-03, P_hv=5.869e-06, rho_mean=1.000000, p_mean=0.719169, div_rms=3.714e-01, vort_rms=1.435e+00, mass_err=-2.088e-10
step= 87600, t=32.607667, dt=3.825e-04, KE=8.270581e-02, Mt=0.4133, A_K=0.069, Cuv=0.025, P_in=6.011e-03, P_tgt=5.989e-03, A_F=0.132, K_low=0.176, P_drag=-2.886e-03, P_cool=-2.495e-03, WENO=0.064 (x=0.064, y=0.064), ReL2D=142.64, eps_nu=2.477e-03, P_hv=5.829e-06, rho_mean=1.000000, p_mean=0.719275, div_rms=3.782e-01, vort_rms=1.436e+00, mass_err=-2.103e-10
step= 88200, t=32.837195, dt=3.786e-04, KE=8.184769e-02, Mt=0.4110, A_K=0.081, Cuv=0.035, P_in=4.989e-03, P_tgt=5.023e-03, A_F=0.065, K_low=0.169, P_drag=-2.777e-03, P_cool=-2.668e-03, WENO=0.066 (x=0.066, y=0.066), ReL2D=141.75, eps_nu=2.455e-03, P_hv=5.812e-06, rho_mean=1.000000, p_mean=0.719622, div_rms=3.701e-01, vort_rms=1.432e+00, mass_err=-2.117e-10
step= 88800, t=33.061856, dt=3.736e-04, KE=8.106146e-02, Mt=0.4090, A_K=0.092, Cuv=0.055, P_in=4.360e-03, P_tgt=4.354e-03, A_F=0.125, K_low=0.165, P_drag=-2.679e-03, P_cool=-2.789e-03, WENO=0.074 (x=0.074, y=0.074), ReL2D=141.41, eps_nu=2.428e-03, P_hv=5.917e-06, rho_mean=1.000000, p_mean=0.719864, div_rms=3.575e-01, vort_rms=1.428e+00, mass_err=-2.132e-10
step= 89400, t=33.287018, dt=3.769e-04, KE=8.090027e-02, Mt=0.4094, A_K=0.113, Cuv=0.080, P_in=3.828e-03, P_tgt=3.824e-03, A_F=0.223, K_low=0.162, P_drag=-2.611e-03, P_cool=-2.761e-03, WENO=0.081 (x=0.081, y=0.081), ReL2D=142.27, eps_nu=2.422e-03, P_hv=5.961e-06, rho_mean=1.000000, p_mean=0.719808, div_rms=3.537e-01, vort_rms=1.427e+00, mass_err=-2.146e-10
step= 90000, t=33.513872, dt=3.782e-04, KE=8.119660e-02, Mt=0.4108, A_K=0.142, Cuv=0.100, P_in=3.309e-03, P_tgt=3.303e-03, A_F=0.069, K_low=0.159, P_drag=-2.564e-03, P_cool=-2.624e-03, WENO=0.078 (x=0.078, y=0.078), ReL2D=143.49, eps_nu=2.424e-03, P_hv=5.991e-06, rho_mean=1.000000, p_mean=0.719533, div_rms=3.657e-01, vort_rms=1.424e+00, mass_err=-2.161e-10
step= 90600, t=33.740727, dt=3.785e-04, KE=8.120136e-02, Mt=0.4109, A_K=0.159, Cuv=0.110, P_in=2.825e-03, P_tgt=2.820e-03, A_F=0.038, K_low=0.156, P_drag=-2.525e-03, P_cool=-2.530e-03, WENO=0.074 (x=0.074, y=0.074), ReL2D=143.23, eps_nu=2.406e-03, P_hv=6.017e-06, rho_mean=1.000000, p_mean=0.719345, div_rms=3.774e-01, vort_rms=1.414e+00, mass_err=-2.175e-10
step= 91200, t=33.967206, dt=3.745e-04, KE=8.055879e-02, Mt=0.4093, A_K=0.158, Cuv=0.102, P_in=2.434e-03, P_tgt=2.433e-03, A_F=0.042, K_low=0.154, P_drag=-2.488e-03, P_cool=-2.549e-03, WENO=0.065 (x=0.065, y=0.065), ReL2D=141.36, eps_nu=2.377e-03, P_hv=5.963e-06, rho_mean=1.000000, p_mean=0.719384, div_rms=3.878e-01, vort_rms=1.401e+00, mass_err=-2.189e-10
step= 91800, t=34.190613, dt=3.708e-04, KE=7.961658e-02, Mt=0.4068, A_K=0.139, Cuv=0.081, P_in=2.156e-03, P_tgt=2.165e-03, A_F=0.201, K_low=0.153, P_drag=-2.461e-03, P_cool=-2.614e-03, WENO=0.054 (x=0.054, y=0.054), ReL2D=137.75, eps_nu=2.360e-03, P_hv=5.968e-06, rho_mean=1.000000, p_mean=0.719514, div_rms=4.057e-01, vort_rms=1.389e+00, mass_err=-2.204e-10
step= 92400, t=34.411650, dt=3.660e-04, KE=7.872191e-02, Mt=0.4044, A_K=0.111, Cuv=0.060, P_in=1.985e-03, P_tgt=1.995e-03, A_F=0.169, K_low=0.155, P_drag=-2.465e-03, P_cool=-2.659e-03, WENO=0.057 (x=0.057, y=0.057), ReL2D=134.87, eps_nu=2.343e-03, P_hv=5.940e-06, rho_mean=1.000000, p_mean=0.719603, div_rms=4.191e-01, vort_rms=1.377e+00, mass_err=-2.218e-10
step= 93000, t=34.630434, dt=3.640e-04, KE=7.806538e-02, Mt=0.4026, A_K=0.086, Cuv=0.049, P_in=1.900e-03, P_tgt=1.897e-03, A_F=0.112, K_low=0.160, P_drag=-2.508e-03, P_cool=-2.649e-03, WENO=0.058 (x=0.058, y=0.058), ReL2D=134.50, eps_nu=2.306e-03, P_hv=5.770e-06, rho_mean=1.000000, p_mean=0.719585, div_rms=4.185e-01, vort_rms=1.365e+00, mass_err=-2.233e-10
saved snapshot: results/hit2d/final_thesis_Mach_ReL130_N512/production_N512/Mt040_N512/hit2d_step0093000.npz
step= 93600, t=34.848809, dt=3.662e-04, KE=7.779492e-02, Mt=0.4017, A_K=0.068, Cuv=0.041, P_in=1.831e-03, P_tgt=1.839e-03, A_F=0.154, K_low=0.166, P_drag=-2.589e-03, P_cool=-2.560e-03, WENO=0.058 (x=0.058, y=0.058), ReL2D=135.02, eps_nu=2.267e-03, P_hv=5.659e-06, rho_mean=1.000000, p_mean=0.719405, div_rms=4.125e-01, vort_rms=1.355e+00, mass_err=-2.247e-10
step= 94200, t=35.069828, dt=3.666e-04, KE=7.753077e-02, Mt=0.4009, A_K=0.056, Cuv=0.037, P_in=1.804e-03, P_tgt=1.802e-03, A_F=0.132, K_low=0.173, P_drag=-2.696e-03, P_cool=-2.465e-03, WENO=0.052 (x=0.052, y=0.052), ReL2D=135.87, eps_nu=2.236e-03, P_hv=5.457e-06, rho_mean=1.000000, p_mean=0.719217, div_rms=4.111e-01, vort_rms=1.345e+00, mass_err=-2.261e-10
step= 94800, t=35.288546, dt=3.629e-04, KE=7.688394e-02, Mt=0.3993, A_K=0.050, Cuv=0.043, P_in=1.794e-03, P_tgt=1.797e-03, A_F=0.175, K_low=0.182, P_drag=-2.809e-03, P_cool=-2.446e-03, WENO=0.049 (x=0.049, y=0.049), ReL2D=134.94, eps_nu=2.213e-03, P_hv=5.462e-06, rho_mean=1.000000, p_mean=0.719177, div_rms=4.122e-01, vort_rms=1.337e+00, mass_err=-2.276e-10
step= 95400, t=35.505596, dt=3.616e-04, KE=7.593955e-02, Mt=0.3969, A_K=0.048, Cuv=0.060, P_in=1.803e-03, P_tgt=1.847e-03, A_F=0.045, K_low=0.191, P_drag=-2.916e-03, P_cool=-2.482e-03, WENO=0.054 (x=0.054, y=0.054), ReL2D=133.29, eps_nu=2.180e-03, P_hv=5.353e-06, rho_mean=1.000000, p_mean=0.719251, div_rms=4.002e-01, vort_rms=1.330e+00, mass_err=-2.290e-10
step= 96000, t=35.723036, dt=3.635e-04, KE=7.528585e-02, Mt=0.3948, A_K=0.040, Cuv=0.080, P_in=2.008e-03, P_tgt=1.969e-03, A_F=0.234, K_low=0.201, P_drag=-3.021e-03, P_cool=-2.459e-03, WENO=0.053 (x=0.053, y=0.053), ReL2D=130.81, eps_nu=2.168e-03, P_hv=5.227e-06, rho_mean=1.000000, p_mean=0.719205, div_rms=3.981e-01, vort_rms=1.327e+00, mass_err=-2.305e-10
step= 96600, t=35.943245, dt=3.668e-04, KE=7.472544e-02, Mt=0.3931, A_K=0.026, Cuv=0.098, P_in=2.209e-03, P_tgt=2.163e-03, A_F=0.003, K_low=0.212, P_drag=-3.139e-03, P_cool=-2.419e-03, WENO=0.053 (x=0.053, y=0.053), ReL2D=128.94, eps_nu=2.164e-03, P_hv=4.985e-06, rho_mean=1.000000, p_mean=0.719125, div_rms=3.881e-01, vort_rms=1.330e+00, mass_err=-2.319e-10
step= 97200, t=36.162509, dt=3.653e-04, KE=7.423298e-02, Mt=0.3918, A_K=0.020, Cuv=0.102, P_in=2.433e-03, P_tgt=2.430e-03, A_F=0.083, K_low=0.224, P_drag=-3.265e-03, P_cool=-2.373e-03, WENO=0.058 (x=0.058, y=0.058), ReL2D=127.86, eps_nu=2.163e-03, P_hv=4.844e-06, rho_mean=1.000000, p_mean=0.719032, div_rms=3.865e-01, vort_rms=1.330e+00, mass_err=-2.334e-10
step= 97800, t=36.383547, dt=3.711e-04, KE=7.382542e-02, Mt=0.3910, A_K=0.016, Cuv=0.101, P_in=2.770e-03, P_tgt=2.777e-03, A_F=0.020, K_low=0.236, P_drag=-3.398e-03, P_cool=-2.318e-03, WENO=0.054 (x=0.054, y=0.054), ReL2D=127.85, eps_nu=2.155e-03, P_hv=4.780e-06, rho_mean=1.000000, p_mean=0.718922, div_rms=3.814e-01, vort_rms=1.329e+00, mass_err=-2.348e-10
step= 98400, t=36.607175, dt=3.727e-04, KE=7.351371e-02, Mt=0.3902, A_K=0.003, Cuv=0.105, P_in=3.207e-03, P_tgt=3.208e-03, A_F=0.023, K_low=0.246, P_drag=-3.526e-03, P_cool=-2.257e-03, WENO=0.054 (x=0.054, y=0.054), ReL2D=127.35, eps_nu=2.153e-03, P_hv=4.686e-06, rho_mean=1.000000, p_mean=0.718800, div_rms=3.828e-01, vort_rms=1.328e+00, mass_err=-2.362e-10
step= 99000, t=36.833142, dt=3.783e-04, KE=7.314541e-02, Mt=0.3889, A_K=0.021, Cuv=0.118, P_in=3.772e-03, P_tgt=3.776e-03, A_F=0.012, K_low=0.255, P_drag=-3.645e-03, P_cool=-2.225e-03, WENO=0.046 (x=0.046, y=0.046), ReL2D=126.42, eps_nu=2.167e-03, P_hv=4.691e-06, rho_mean=1.000000, p_mean=0.718735, div_rms=3.966e-01, vort_rms=1.327e+00, mass_err=-2.377e-10
saved snapshot: results/hit2d/final_thesis_Mach_ReL130_N512/production_N512/Mt040_N512/hit2d_step0099200.npz
step= 99600, t=37.059541, dt=3.810e-04, KE=7.289321e-02, Mt=0.3884, A_K=0.041, Cuv=0.127, P_in=4.522e-03, P_tgt=4.514e-03, A_F=0.036, K_low=0.263, P_drag=-3.755e-03, P_cool=-2.195e-03, WENO=0.045 (x=0.045, y=0.045), ReL2D=124.66, eps_nu=2.193e-03, P_hv=4.791e-06, rho_mean=1.000000, p_mean=0.718676, div_rms=4.005e-01, vort_rms=1.335e+00, mass_err=-2.391e-10
step=100200, t=37.291142, dt=3.912e-04, KE=7.273197e-02, Mt=0.3874, A_K=0.051, Cuv=0.125, P_in=5.465e-03, P_tgt=5.456e-03, A_F=0.126, K_low=0.269, P_drag=-3.848e-03, P_cool=-2.180e-03, WENO=0.056 (x=0.056, y=0.056), ReL2D=124.24, eps_nu=2.185e-03, P_hv=4.690e-06, rho_mean=1.000000, p_mean=0.718646, div_rms=3.828e-01, vort_rms=1.339e+00, mass_err=-2.406e-10
step=100800, t=37.524651, dt=3.847e-04, KE=7.267755e-02, Mt=0.3861, A_K=0.054, Cuv=0.106, P_in=6.737e-03, P_tgt=6.730e-03, A_F=0.054, K_low=0.273, P_drag=-3.919e-03, P_cool=-2.191e-03, WENO=0.055 (x=0.055, y=0.055), ReL2D=124.02, eps_nu=2.175e-03, P_hv=4.550e-06, rho_mean=1.000000, p_mean=0.718668, div_rms=3.638e-01, vort_rms=1.343e+00, mass_err=-2.420e-10
step=101400, t=37.752311, dt=3.745e-04, KE=7.293890e-02, Mt=0.3863, A_K=0.061, Cuv=0.084, P_in=8.367e-03, P_tgt=8.390e-03, A_F=0.000, K_low=0.276, P_drag=-3.983e-03, P_cool=-2.202e-03, WENO=0.055 (x=0.055, y=0.055), ReL2D=125.53, eps_nu=2.180e-03, P_hv=4.607e-06, rho_mean=1.000000, p_mean=0.718690, div_rms=3.463e-01, vort_rms=1.350e+00, mass_err=-2.434e-10
step=102000, t=37.975586, dt=3.716e-04, KE=7.378067e-02, Mt=0.3884, A_K=0.074, Cuv=0.065, P_in=1.027e-02, P_tgt=1.027e-02, A_F=0.130, K_low=0.279, P_drag=-4.052e-03, P_cool=-2.173e-03, WENO=0.054 (x=0.054, y=0.054), ReL2D=127.95, eps_nu=2.221e-03, P_hv=4.651e-06, rho_mean=1.000000, p_mean=0.718632, div_rms=3.405e-01, vort_rms=1.366e+00, mass_err=-2.449e-10
step=102600, t=38.199475, dt=3.739e-04, KE=7.476182e-02, Mt=0.3910, A_K=0.084, Cuv=0.060, P_in=1.209e-02, P_tgt=1.204e-02, A_F=0.056, K_low=0.282, P_drag=-4.133e-03, P_cool=-2.197e-03, WENO=0.061 (x=0.061, y=0.061), ReL2D=129.11, eps_nu=2.271e-03, P_hv=4.708e-06, rho_mean=1.000000, p_mean=0.718680, div_rms=3.352e-01, vort_rms=1.384e+00, mass_err=-2.463e-10
step=103200, t=38.421392, dt=3.645e-04, KE=7.559389e-02, Mt=0.3939, A_K=0.098, Cuv=0.061, P_in=1.356e-02, P_tgt=1.355e-02, A_F=0.063, K_low=0.284, P_drag=-4.198e-03, P_cool=-2.315e-03, WENO=0.057 (x=0.057, y=0.057), ReL2D=130.13, eps_nu=2.316e-03, P_hv=4.740e-06, rho_mean=1.000000, p_mean=0.718916, div_rms=3.232e-01, vort_rms=1.403e+00, mass_err=-2.478e-10
step=103800, t=38.635875, dt=3.480e-04, KE=7.668351e-02, Mt=0.3984, A_K=0.111, Cuv=0.059, P_in=1.446e-02, P_tgt=1.438e-02, A_F=0.095, K_low=0.284, P_drag=-4.250e-03, P_cool=-2.417e-03, WENO=0.053 (x=0.053, y=0.053), ReL2D=131.28, eps_nu=2.403e-03, P_hv=5.117e-06, rho_mean=1.000000, p_mean=0.719119, div_rms=3.385e-01, vort_rms=1.426e+00, mass_err=-2.492e-10
step=104400, t=38.840455, dt=3.357e-04, KE=7.754000e-02, Mt=0.4020, A_K=0.119, Cuv=0.055, P_in=1.434e-02, P_tgt=1.430e-02, A_F=0.054, K_low=0.283, P_drag=-4.278e-03, P_cool=-2.559e-03, WENO=0.052 (x=0.052, y=0.052), ReL2D=132.40, eps_nu=2.488e-03, P_hv=5.764e-06, rho_mean=1.000000, p_mean=0.719404, div_rms=3.554e-01, vort_rms=1.447e+00, mass_err=-2.507e-10
step=105000, t=39.040270, dt=3.319e-04, KE=7.804564e-02, Mt=0.4038, A_K=0.121, Cuv=0.045, P_in=1.368e-02, P_tgt=1.368e-02, A_F=0.159, K_low=0.282, P_drag=-4.276e-03, P_cool=-2.742e-03, WENO=0.051 (x=0.051, y=0.051), ReL2D=131.03, eps_nu=2.566e-03, P_hv=6.171e-06, rho_mean=1.000000, p_mean=0.719769, div_rms=3.605e-01, vort_rms=1.470e+00, mass_err=-2.521e-10
saved snapshot: results/hit2d/final_thesis_Mach_ReL130_N512/production_N512/Mt040_N512/hit2d_step0105400.npz
step=105600, t=39.239358, dt=3.319e-04, KE=7.875336e-02, Mt=0.4056, A_K=0.118, Cuv=0.039, P_in=1.274e-02, P_tgt=1.277e-02, A_F=0.125, K_low=0.280, P_drag=-4.264e-03, P_cool=-2.847e-03, WENO=0.054 (x=0.054, y=0.054), ReL2D=129.87, eps_nu=2.634e-03, P_hv=6.576e-06, rho_mean=1.000000, p_mean=0.719980, div_rms=3.767e-01, vort_rms=1.486e+00, mass_err=-2.535e-10
step=106200, t=39.438609, dt=3.323e-04, KE=7.953124e-02, Mt=0.4079, A_K=0.110, Cuv=0.035, P_in=1.167e-02, P_tgt=1.158e-02, A_F=0.122, K_low=0.279, P_drag=-4.261e-03, P_cool=-2.894e-03, WENO=0.060 (x=0.060, y=0.060), ReL2D=131.45, eps_nu=2.684e-03, P_hv=6.786e-06, rho_mean=1.000000, p_mean=0.720073, div_rms=3.751e-01, vort_rms=1.501e+00, mass_err=-2.550e-10
step=106800, t=39.638436, dt=3.341e-04, KE=8.051001e-02, Mt=0.4107, A_K=0.104, Cuv=0.038, P_in=1.008e-02, P_tgt=1.013e-02, A_F=0.028, K_low=0.277, P_drag=-4.258e-03, P_cool=-2.847e-03, WENO=0.055 (x=0.055, y=0.055), ReL2D=132.88, eps_nu=2.719e-03, P_hv=7.044e-06, rho_mean=1.000000, p_mean=0.719980, div_rms=3.724e-01, vort_rms=1.513e+00, mass_err=-2.564e-10
step=107400, t=39.840421, dt=3.396e-04, KE=8.153051e-02, Mt=0.4127, A_K=0.111, Cuv=0.041, P_in=8.533e-03, P_tgt=8.543e-03, A_F=0.010, K_low=0.274, P_drag=-4.255e-03, P_cool=-2.735e-03, WENO=0.056 (x=0.056, y=0.056), ReL2D=132.98, eps_nu=2.750e-03, P_hv=7.010e-06, rho_mean=1.000000, p_mean=0.719756, div_rms=3.788e-01, vort_rms=1.520e+00, mass_err=-2.579e-10
step=108000, t=40.044988, dt=3.447e-04, KE=8.204813e-02, Mt=0.4127, A_K=0.124, Cuv=0.043, P_in=7.139e-03, P_tgt=7.114e-03, A_F=0.179, K_low=0.270, P_drag=-4.243e-03, P_cool=-2.666e-03, WENO=0.062 (x=0.062, y=0.062), ReL2D=133.13, eps_nu=2.740e-03, P_hv=6.830e-06, rho_mean=1.000000, p_mean=0.719617, div_rms=3.659e-01, vort_rms=1.521e+00, mass_err=-2.593e-10
step=108600, t=40.253603, dt=3.484e-04, KE=8.239945e-02, Mt=0.4124, A_K=0.134, Cuv=0.044, P_in=5.938e-03, P_tgt=5.947e-03, A_F=0.164, K_low=0.266, P_drag=-4.220e-03, P_cool=-2.580e-03, WENO=0.061 (x=0.061, y=0.061), ReL2D=132.91, eps_nu=2.744e-03, P_hv=6.615e-06, rho_mean=1.000000, p_mean=0.719447, div_rms=3.588e-01, vort_rms=1.525e+00, mass_err=-2.607e-10
step=109200, t=40.461547, dt=3.457e-04, KE=8.259727e-02, Mt=0.4118, A_K=0.153, Cuv=0.030, P_in=5.002e-03, P_tgt=4.990e-03, A_F=0.203, K_low=0.261, P_drag=-4.193e-03, P_cool=-2.487e-03, WENO=0.062 (x=0.062, y=0.062), ReL2D=132.20, eps_nu=2.764e-03, P_hv=6.897e-06, rho_mean=1.000000, p_mean=0.719260, div_rms=3.654e-01, vort_rms=1.529e+00, mass_err=-2.622e-10
step=109800, t=40.669058, dt=3.468e-04, KE=8.229321e-02, Mt=0.4101, A_K=0.181, Cuv=0.018, P_in=4.251e-03, P_tgt=4.262e-03, A_F=0.166, K_low=0.259, P_drag=-4.179e-03, P_cool=-2.464e-03, WENO=0.066 (x=0.066, y=0.066), ReL2D=131.55, eps_nu=2.745e-03, P_hv=7.075e-06, rho_mean=1.000000, p_mean=0.719213, div_rms=3.623e-01, vort_rms=1.524e+00, mass_err=-2.636e-10
warning: flow component anisotropy has increased over the last three diagnostic samples
step=110400, t=40.877479, dt=3.485e-04, KE=8.197303e-02, Mt=0.4096, A_K=0.204, Cuv=0.026, P_in=3.701e-03, P_tgt=3.702e-03, A_F=0.090, K_low=0.261, P_drag=-4.185e-03, P_cool=-2.417e-03, WENO=0.065 (x=0.065, y=0.065), ReL2D=132.32, eps_nu=2.727e-03, P_hv=7.262e-06, rho_mean=1.000000, p_mean=0.719120, div_rms=3.714e-01, vort_rms=1.516e+00, mass_err=-2.651e-10
warning: flow component anisotropy has increased over the last three diagnostic samples
step=111000, t=41.089509, dt=3.594e-04, KE=8.158348e-02, Mt=0.4093, A_K=0.216, Cuv=0.055, P_in=3.207e-03, P_tgt=3.222e-03, A_F=0.043, K_low=0.262, P_drag=-4.166e-03, P_cool=-2.364e-03, WENO=0.062 (x=0.062, y=0.062), ReL2D=133.55, eps_nu=2.705e-03, P_hv=7.328e-06, rho_mean=1.000000, p_mean=0.719014, div_rms=3.776e-01, vort_rms=1.507e+00, mass_err=-2.665e-10
step=111600, t=41.307862, dt=3.652e-04, KE=8.088615e-02, Mt=0.4082, A_K=0.200, Cuv=0.067, P_in=2.841e-03, P_tgt=2.833e-03, A_F=0.015, K_low=0.259, P_drag=-4.064e-03, P_cool=-2.355e-03, WENO=0.061 (x=0.061, y=0.061), ReL2D=133.29, eps_nu=2.697e-03, P_hv=7.405e-06, rho_mean=1.000000, p_mean=0.718997, div_rms=3.823e-01, vort_rms=1.503e+00, mass_err=-2.680e-10
saved snapshot: results/hit2d/final_thesis_Mach_ReL130_N512/production_N512/Mt040_N512/hit2d_step0111600.npz
step=112200, t=41.525817, dt=3.627e-04, KE=7.969285e-02, Mt=0.4049, A_K=0.173, Cuv=0.062, P_in=2.548e-03, P_tgt=2.564e-03, A_F=0.160, K_low=0.250, P_drag=-3.879e-03, P_cool=-2.436e-03, WENO=0.067 (x=0.067, y=0.067), ReL2D=131.73, eps_nu=2.670e-03, P_hv=7.785e-06, rho_mean=1.000000, p_mean=0.719159, div_rms=3.915e-01, vort_rms=1.492e+00, mass_err=-2.694e-10
step=112800, t=41.744729, dt=3.674e-04, KE=7.788759e-02, Mt=0.3990, A_K=0.160, Cuv=0.071, P_in=2.509e-03, P_tgt=2.491e-03, A_F=0.254, K_low=0.239, P_drag=-3.647e-03, P_cool=-2.631e-03, WENO=0.067 (x=0.067, y=0.067), ReL2D=130.83, eps_nu=2.588e-03, P_hv=8.004e-06, rho_mean=1.000000, p_mean=0.719548, div_rms=3.681e-01, vort_rms=1.475e+00, mass_err=-2.709e-10
step=113400, t=41.966275, dt=3.707e-04, KE=7.662435e-02, Mt=0.3955, A_K=0.148, Cuv=0.080, P_in=2.597e-03, P_tgt=2.607e-03, A_F=0.222, K_low=0.227, P_drag=-3.417e-03, P_cool=-2.718e-03, WENO=0.071 (x=0.071, y=0.071), ReL2D=129.79, eps_nu=2.528e-03, P_hv=8.479e-06, rho_mean=1.000000, p_mean=0.719722, div_rms=3.679e-01, vort_rms=1.456e+00, mass_err=-2.723e-10
step=114000, t=42.188388, dt=3.727e-04, KE=7.598026e-02, Mt=0.3946, A_K=0.154, Cuv=0.109, P_in=2.820e-03, P_tgt=2.818e-03, A_F=0.069, K_low=0.217, P_drag=-3.232e-03, P_cool=-2.700e-03, WENO=0.067 (x=0.067, y=0.067), ReL2D=130.81, eps_nu=2.485e-03, P_hv=8.399e-06, rho_mean=1.000000, p_mean=0.719685, div_rms=3.748e-01, vort_rms=1.440e+00, mass_err=-2.737e-10
step=114600, t=42.413461, dt=3.758e-04, KE=7.562011e-02, Mt=0.3943, A_K=0.171, Cuv=0.137, P_in=3.061e-03, P_tgt=3.072e-03, A_F=0.024, K_low=0.209, P_drag=-3.087e-03, P_cool=-2.643e-03, WENO=0.070 (x=0.070, y=0.070), ReL2D=131.63, eps_nu=2.455e-03, P_hv=8.111e-06, rho_mean=1.000000, p_mean=0.719572, div_rms=3.864e-01, vort_rms=1.426e+00, mass_err=-2.752e-10
step=115200, t=42.639634, dt=3.782e-04, KE=7.534122e-02, Mt=0.3942, A_K=0.181, Cuv=0.164, P_in=3.342e-03, P_tgt=3.350e-03, A_F=0.236, K_low=0.205, P_drag=-2.995e-03, P_cool=-2.589e-03, WENO=0.071 (x=0.071, y=0.071), ReL2D=131.77, eps_nu=2.423e-03, P_hv=7.623e-06, rho_mean=1.000000, p_mean=0.719464, div_rms=3.972e-01, vort_rms=1.412e+00, mass_err=-2.766e-10
step=115800, t=42.867364, dt=3.800e-04, KE=7.506035e-02, Mt=0.3934, A_K=0.184, Cuv=0.175, P_in=3.689e-03, P_tgt=3.687e-03, A_F=0.107, K_low=0.204, P_drag=-2.945e-03, P_cool=-2.553e-03, WENO=0.071 (x=0.071, y=0.071), ReL2D=130.58, eps_nu=2.386e-03, P_hv=7.173e-06, rho_mean=1.000000, p_mean=0.719392, div_rms=3.968e-01, vort_rms=1.400e+00, mass_err=-2.780e-10
step=116400, t=43.094712, dt=3.761e-04, KE=7.508825e-02, Mt=0.3936, A_K=0.182, Cuv=0.167, P_in=4.096e-03, P_tgt=4.081e-03, A_F=0.117, K_low=0.202, P_drag=-2.926e-03, P_cool=-2.475e-03, WENO=0.072 (x=0.072, y=0.072), ReL2D=129.90, eps_nu=2.378e-03, P_hv=6.974e-06, rho_mean=1.000000, p_mean=0.719237, div_rms=4.085e-01, vort_rms=1.393e+00, mass_err=-2.795e-10
step=117000, t=43.317830, dt=3.698e-04, KE=7.515079e-02, Mt=0.3942, A_K=0.165, Cuv=0.148, P_in=4.477e-03, P_tgt=4.475e-03, A_F=0.039, K_low=0.200, P_drag=-2.922e-03, P_cool=-2.414e-03, WENO=0.070 (x=0.070, y=0.070), ReL2D=128.35, eps_nu=2.367e-03, P_hv=6.978e-06, rho_mean=1.000000, p_mean=0.719113, div_rms=4.089e-01, vort_rms=1.389e+00, mass_err=-2.809e-10
step=117600, t=43.541549, dt=3.777e-04, KE=7.520796e-02, Mt=0.3945, A_K=0.145, Cuv=0.129, P_in=4.860e-03, P_tgt=4.875e-03, A_F=0.060, K_low=0.198, P_drag=-2.905e-03, P_cool=-2.374e-03, WENO=0.068 (x=0.068, y=0.068), ReL2D=124.97, eps_nu=2.369e-03, P_hv=6.802e-06, rho_mean=1.000000, p_mean=0.719033, div_rms=4.259e-01, vort_rms=1.383e+00, mass_err=-2.824e-10
saved snapshot: results/hit2d/final_thesis_Mach_ReL130_N512/production_N512/Mt040_N512/hit2d_step0117800.npz
step=118200, t=43.767450, dt=3.744e-04, KE=7.491208e-02, Mt=0.3938, A_K=0.122, Cuv=0.122, P_in=5.328e-03, P_tgt=5.328e-03, A_F=0.037, K_low=0.194, P_drag=-2.853e-03, P_cool=-2.426e-03, WENO=0.062 (x=0.062, y=0.062), ReL2D=124.54, eps_nu=2.344e-03, P_hv=6.489e-06, rho_mean=1.000000, p_mean=0.719137, div_rms=4.279e-01, vort_rms=1.374e+00, mass_err=-2.838e-10
step=118800, t=43.991194, dt=3.718e-04, KE=7.454998e-02, Mt=0.3937, A_K=0.103, Cuv=0.124, P_in=5.893e-03, P_tgt=5.870e-03, A_F=0.042, K_low=0.189, P_drag=-2.779e-03, P_cool=-2.513e-03, WENO=0.067 (x=0.067, y=0.067), ReL2D=125.84, eps_nu=2.339e-03, P_hv=6.342e-06, rho_mean=1.000000, p_mean=0.719312, div_rms=4.268e-01, vort_rms=1.373e+00, mass_err=-2.853e-10
step=119400, t=44.215182, dt=3.757e-04, KE=7.415199e-02, Mt=0.3936, A_K=0.093, Cuv=0.117, P_in=6.453e-03, P_tgt=6.465e-03, A_F=0.118, K_low=0.184, P_drag=-2.694e-03, P_cool=-2.632e-03, WENO=0.073 (x=0.073, y=0.073), ReL2D=127.15, eps_nu=2.326e-03, P_hv=6.169e-06, rho_mean=1.000000, p_mean=0.719549, div_rms=4.141e-01, vort_rms=1.374e+00, mass_err=-2.867e-10
step=120000, t=44.441742, dt=3.781e-04, KE=7.395225e-02, Mt=0.3932, A_K=0.088, Cuv=0.099, P_in=7.163e-03, P_tgt=7.164e-03, A_F=0.026, K_low=0.180, P_drag=-2.628e-03, P_cool=-2.738e-03, WENO=0.075 (x=0.075, y=0.075), ReL2D=128.77, eps_nu=2.310e-03, P_hv=5.895e-06, rho_mean=1.000000, p_mean=0.719762, div_rms=3.989e-01, vort_rms=1.375e+00, mass_err=-2.882e-10
step=120600, t=44.669306, dt=3.774e-04, KE=7.418058e-02, Mt=0.3938, A_K=0.085, Cuv=0.068, P_in=7.946e-03, P_tgt=7.920e-03, A_F=0.095, K_low=0.180, P_drag=-2.618e-03, P_cool=-2.790e-03, WENO=0.073 (x=0.073, y=0.073), ReL2D=129.43, eps_nu=2.315e-03, P_hv=5.763e-06, rho_mean=1.000000, p_mean=0.719866, div_rms=3.894e-01, vort_rms=1.380e+00, mass_err=-2.896e-10
step=121200, t=44.895314, dt=3.776e-04, KE=7.482149e-02, Mt=0.3954, A_K=0.073, Cuv=0.035, P_in=8.658e-03, P_tgt=8.609e-03, A_F=0.056, K_low=0.182, P_drag=-2.654e-03, P_cool=-2.792e-03, WENO=0.070 (x=0.070, y=0.070), ReL2D=129.84, eps_nu=2.345e-03, P_hv=5.777e-06, rho_mean=1.000000, p_mean=0.719869, div_rms=3.896e-01, vort_rms=1.390e+00, mass_err=-2.911e-10
step=121800, t=45.120975, dt=3.742e-04, KE=7.561352e-02, Mt=0.3973, A_K=0.033, Cuv=-0.003, P_in=9.118e-03, P_tgt=9.103e-03, A_F=0.037, K_low=0.184, P_drag=-2.698e-03, P_cool=-2.789e-03, WENO=0.069 (x=0.069, y=0.069), ReL2D=130.19, eps_nu=2.387e-03, P_hv=5.862e-06, rho_mean=1.000000, p_mean=0.719864, div_rms=3.913e-01, vort_rms=1.403e+00, mass_err=-2.925e-10
step=122400, t=45.345468, dt=3.733e-04, KE=7.650475e-02, Mt=0.3999, A_K=0.002, Cuv=-0.044, P_in=9.338e-03, P_tgt=9.313e-03, A_F=0.134, K_low=0.186, P_drag=-2.741e-03, P_cool=-2.780e-03, WENO=0.071 (x=0.071, y=0.071), ReL2D=131.59, eps_nu=2.424e-03, P_hv=6.085e-06, rho_mean=1.000000, p_mean=0.719845, div_rms=3.959e-01, vort_rms=1.413e+00, mass_err=-2.939e-10
step=123000, t=45.568607, dt=3.695e-04, KE=7.750729e-02, Mt=0.4025, A_K=0.026, Cuv=-0.085, P_in=9.076e-03, P_tgt=9.141e-03, A_F=0.051, K_low=0.186, P_drag=-2.790e-03, P_cool=-2.746e-03, WENO=0.069 (x=0.069, y=0.069), ReL2D=132.42, eps_nu=2.473e-03, P_hv=6.118e-06, rho_mean=1.000000, p_mean=0.719777, div_rms=4.080e-01, vort_rms=1.424e+00, mass_err=-2.954e-10
step=123600, t=45.788074, dt=3.648e-04, KE=7.848523e-02, Mt=0.4046, A_K=0.035, Cuv=-0.122, P_in=8.665e-03, P_tgt=8.667e-03, A_F=0.036, K_low=0.187, P_drag=-2.838e-03, P_cool=-2.696e-03, WENO=0.066 (x=0.066, y=0.066), ReL2D=133.37, eps_nu=2.499e-03, P_hv=6.336e-06, rho_mean=1.000000, p_mean=0.719679, div_rms=4.037e-01, vort_rms=1.434e+00, mass_err=-2.968e-10
saved snapshot: results/hit2d/final_thesis_Mach_ReL130_N512/production_N512/Mt040_N512/hit2d_step0124000.npz
step=124200, t=46.006098, dt=3.615e-04, KE=7.976175e-02, Mt=0.4067, A_K=0.058, Cuv=-0.150, P_in=7.974e-03, P_tgt=7.982e-03, A_F=0.054, K_low=0.184, P_drag=-2.871e-03, P_cool=-2.563e-03, WENO=0.066 (x=0.066, y=0.066), ReL2D=133.39, eps_nu=2.528e-03, P_hv=6.439e-06, rho_mean=1.000000, p_mean=0.719412, div_rms=4.079e-01, vort_rms=1.442e+00, mass_err=-2.983e-10
step=124800, t=46.221547, dt=3.564e-04, KE=8.102493e-02, Mt=0.4087, A_K=0.089, Cuv=-0.175, P_in=7.119e-03, P_tgt=7.132e-03, A_F=0.230, K_low=0.180, P_drag=-2.873e-03, P_cool=-2.405e-03, WENO=0.070 (x=0.070, y=0.070), ReL2D=133.36, eps_nu=2.545e-03, P_hv=6.511e-06, rho_mean=1.000000, p_mean=0.719096, div_rms=4.115e-01, vort_rms=1.446e+00, mass_err=-2.997e-10
step=125400, t=46.433546, dt=3.486e-04, KE=8.174428e-02, Mt=0.4097, A_K=0.110, Cuv=-0.197, P_in=6.248e-03, P_tgt=6.235e-03, A_F=0.025, K_low=0.176, P_drag=-2.840e-03, P_cool=-2.323e-03, WENO=0.069 (x=0.069, y=0.069), ReL2D=133.93, eps_nu=2.544e-03, P_hv=6.604e-06, rho_mean=1.000000, p_mean=0.718933, div_rms=4.077e-01, vort_rms=1.447e+00, mass_err=-3.011e-10
step=126000, t=46.640246, dt=3.409e-04, KE=8.182563e-02, Mt=0.4097, A_K=0.115, Cuv=-0.207, P_in=5.370e-03, P_tgt=5.414e-03, A_F=0.171, K_low=0.171, P_drag=-2.777e-03, P_cool=-2.335e-03, WENO=0.063 (x=0.063, y=0.063), ReL2D=134.34, eps_nu=2.535e-03, P_hv=6.846e-06, rho_mean=1.000000, p_mean=0.718956, div_rms=3.997e-01, vort_rms=1.447e+00, mass_err=-3.026e-10
step=126600, t=46.842804, dt=3.351e-04, KE=8.149493e-02, Mt=0.4092, A_K=0.110, Cuv=-0.207, P_in=4.734e-03, P_tgt=4.717e-03, A_F=0.058, K_low=0.167, P_drag=-2.698e-03, P_cool=-2.400e-03, WENO=0.057 (x=0.057, y=0.057), ReL2D=133.67, eps_nu=2.525e-03, P_hv=7.160e-06, rho_mean=1.000000, p_mean=0.719085, div_rms=3.958e-01, vort_rms=1.445e+00, mass_err=-3.040e-10
step=127200, t=47.043018, dt=3.312e-04, KE=8.086679e-02, Mt=0.4079, A_K=0.103, Cuv=-0.202, P_in=4.190e-03, P_tgt=4.162e-03, A_F=0.040, K_low=0.164, P_drag=-2.620e-03, P_cool=-2.498e-03, WENO=0.057 (x=0.057, y=0.057), ReL2D=132.51, eps_nu=2.508e-03, P_hv=7.269e-06, rho_mean=1.000000, p_mean=0.719283, div_rms=3.939e-01, vort_rms=1.441e+00, mass_err=-3.055e-10
step=127800, t=47.240482, dt=3.277e-04, KE=8.021343e-02, Mt=0.4060, A_K=0.100, Cuv=-0.198, P_in=3.760e-03, P_tgt=3.762e-03, A_F=0.028, K_low=0.162, P_drag=-2.559e-03, P_cool=-2.583e-03, WENO=0.058 (x=0.058, y=0.058), ReL2D=132.43, eps_nu=2.455e-03, P_hv=7.521e-06, rho_mean=1.000000, p_mean=0.719451, div_rms=3.774e-01, vort_rms=1.430e+00, mass_err=-3.069e-10
step=128400, t=47.437812, dt=3.304e-04, KE=8.004644e-02, Mt=0.4054, A_K=0.101, Cuv=-0.194, P_in=3.481e-03, P_tgt=3.465e-03, A_F=0.116, K_low=0.160, P_drag=-2.524e-03, P_cool=-2.557e-03, WENO=0.063 (x=0.063, y=0.063), ReL2D=132.90, eps_nu=2.424e-03, P_hv=7.691e-06, rho_mean=1.000000, p_mean=0.719399, div_rms=3.747e-01, vort_rms=1.421e+00, mass_err=-3.083e-10
step=129000, t=47.636635, dt=3.328e-04, KE=8.004782e-02, Mt=0.4056, A_K=0.108, Cuv=-0.177, P_in=3.184e-03, P_tgt=3.193e-03, A_F=0.136, K_low=0.159, P_drag=-2.506e-03, P_cool=-2.489e-03, WENO=0.065 (x=0.065, y=0.065), ReL2D=134.68, eps_nu=2.392e-03, P_hv=7.573e-06, rho_mean=1.000000, p_mean=0.719263, div_rms=3.701e-01, vort_rms=1.412e+00, mass_err=-3.098e-10
step=129600, t=47.837983, dt=3.387e-04, KE=7.993507e-02, Mt=0.4048, A_K=0.118, Cuv=-0.143, P_in=2.948e-03, P_tgt=2.954e-03, A_F=0.100, K_low=0.157, P_drag=-2.494e-03, P_cool=-2.435e-03, WENO=0.069 (x=0.069, y=0.069), ReL2D=135.60, eps_nu=2.352e-03, P_hv=7.401e-06, rho_mean=1.000000, p_mean=0.719155, div_rms=3.675e-01, vort_rms=1.400e+00, mass_err=-3.112e-10
step=130200, t=48.043034, dt=3.433e-04, KE=7.967682e-02, Mt=0.4029, A_K=0.132, Cuv=-0.102, P_in=2.794e-03, P_tgt=2.791e-03, A_F=0.011, K_low=0.156, P_drag=-2.487e-03, P_cool=-2.403e-03, WENO=0.073 (x=0.073, y=0.073), ReL2D=135.32, eps_nu=2.308e-03, P_hv=7.004e-06, rho_mean=1.000000, p_mean=0.719091, div_rms=3.635e-01, vort_rms=1.387e+00, mass_err=-3.127e-10
saved snapshot: results/hit2d/final_thesis_Mach_ReL130_N512/production_N512/Mt040_N512/hit2d_step0130200.npz
step=130800, t=48.249736, dt=3.479e-04, KE=7.937224e-02, Mt=0.4017, A_K=0.150, Cuv=-0.072, P_in=2.697e-03, P_tgt=2.699e-03, A_F=0.142, K_low=0.157, P_drag=-2.489e-03, P_cool=-2.376e-03, WENO=0.067 (x=0.067, y=0.067), ReL2D=135.91, eps_nu=2.269e-03, P_hv=6.818e-06, rho_mean=1.000000, p_mean=0.719039, div_rms=3.523e-01, vort_rms=1.378e+00, mass_err=-3.141e-10
step=131400, t=48.461302, dt=3.563e-04, KE=7.912217e-02, Mt=0.4015, A_K=0.164, Cuv=-0.052, P_in=2.655e-03, P_tgt=2.637e-03, A_F=0.124, K_low=0.158, P_drag=-2.506e-03, P_cool=-2.335e-03, WENO=0.058 (x=0.058, y=0.058), ReL2D=137.00, eps_nu=2.232e-03, P_hv=6.668e-06, rho_mean=1.000000, p_mean=0.718956, div_rms=3.500e-01, vort_rms=1.367e+00, mass_err=-3.155e-10
step=132000, t=48.677476, dt=3.648e-04, KE=7.857484e-02, Mt=0.4012, A_K=0.177, Cuv=-0.038, P_in=2.574e-03, P_tgt=2.581e-03, A_F=0.223, K_low=0.162, P_drag=-2.536e-03, P_cool=-2.348e-03, WENO=0.057 (x=0.057, y=0.057), ReL2D=137.74, eps_nu=2.192e-03, P_hv=6.279e-06, rho_mean=1.000000, p_mean=0.718981, div_rms=3.425e-01, vort_rms=1.356e+00, mass_err=-3.170e-10
step=132600, t=48.897782, dt=3.699e-04, KE=7.780327e-02, Mt=0.4003, A_K=0.180, Cuv=-0.029, P_in=2.545e-03, P_tgt=2.550e-03, A_F=0.223, K_low=0.166, P_drag=-2.578e-03, P_cool=-2.397e-03, WENO=0.060 (x=0.060, y=0.060), ReL2D=138.62, eps_nu=2.155e-03, P_hv=5.998e-06, rho_mean=1.000000, p_mean=0.719080, div_rms=3.335e-01, vort_rms=1.346e+00, mass_err=-3.184e-10
step=133200, t=49.121920, dt=3.775e-04, KE=7.718324e-02, Mt=0.3990, A_K=0.171, Cuv=-0.016, P_in=2.590e-03, P_tgt=2.564e-03, A_F=0.115, K_low=0.171, P_drag=-2.623e-03, P_cool=-2.411e-03, WENO=0.059 (x=0.059, y=0.059), ReL2D=139.02, eps_nu=2.125e-03, P_hv=5.861e-06, rho_mean=1.000000, p_mean=0.719107, div_rms=3.306e-01, vort_rms=1.337e+00, mass_err=-3.199e-10
step=133800, t=49.347624, dt=3.762e-04, KE=7.677624e-02, Mt=0.3977, A_K=0.154, Cuv=0.002, P_in=2.603e-03, P_tgt=2.629e-03, A_F=0.118, K_low=0.174, P_drag=-2.650e-03, P_cool=-2.382e-03, WENO=0.065 (x=0.065, y=0.065), ReL2D=138.13, eps_nu=2.108e-03, P_hv=5.662e-06, rho_mean=1.000000, p_mean=0.719050, div_rms=3.309e-01, vort_rms=1.331e+00, mass_err=-3.213e-10
step=134400, t=49.575565, dt=3.834e-04, KE=7.623028e-02, Mt=0.3959, A_K=0.131, Cuv=0.018, P_in=2.758e-03, P_tgt=2.756e-03, A_F=0.040, K_low=0.176, P_drag=-2.658e-03, P_cool=-2.385e-03, WENO=0.058 (x=0.058, y=0.058), ReL2D=137.16, eps_nu=2.083e-03, P_hv=5.687e-06, rho_mean=1.000000, p_mean=0.719055, div_rms=3.336e-01, vort_rms=1.322e+00, mass_err=-3.227e-10
step=135000, t=49.803429, dt=3.770e-04, KE=7.535084e-02, Mt=0.3937, A_K=0.095, Cuv=0.036, P_in=3.029e-03, P_tgt=2.984e-03, A_F=0.031, K_low=0.178, P_drag=-2.662e-03, P_cool=-2.459e-03, WENO=0.060 (x=0.060, y=0.060), ReL2D=136.33, eps_nu=2.045e-03, P_hv=5.487e-06, rho_mean=1.000000, p_mean=0.719204, div_rms=3.156e-01, vort_rms=1.315e+00, mass_err=-3.242e-10
step=135600, t=50.027571, dt=3.695e-04, KE=7.480609e-02, Mt=0.3928, A_K=0.058, Cuv=0.059, P_in=3.312e-03, P_tgt=3.317e-03, A_F=0.169, K_low=0.182, P_drag=-2.674e-03, P_cool=-2.478e-03, WENO=0.058 (x=0.058, y=0.058), ReL2D=135.93, eps_nu=2.036e-03, P_hv=5.366e-06, rho_mean=1.000000, p_mean=0.719242, div_rms=3.194e-01, vort_rms=1.310e+00, mass_err=-3.256e-10
step=136200, t=50.248080, dt=3.666e-04, KE=7.454968e-02, Mt=0.3926, A_K=0.036, Cuv=0.076, P_in=3.737e-03, P_tgt=3.712e-03, A_F=0.111, K_low=0.185, P_drag=-2.691e-03, P_cool=-2.456e-03, WENO=0.055 (x=0.055, y=0.055), ReL2D=135.94, eps_nu=2.025e-03, P_hv=5.341e-06, rho_mean=1.000000, p_mean=0.719199, div_rms=3.335e-01, vort_rms=1.302e+00, mass_err=-3.270e-10
saved snapshot: results/hit2d/final_thesis_Mach_ReL130_N512/production_N512/Mt040_N512/hit2d_step0136400.npz
step=136800, t=50.468080, dt=3.667e-04, KE=7.412070e-02, Mt=0.3916, A_K=0.010, Cuv=0.084, P_in=4.175e-03, P_tgt=4.188e-03, A_F=0.137, K_low=0.187, P_drag=-2.695e-03, P_cool=-2.488e-03, WENO=0.057 (x=0.057, y=0.057), ReL2D=134.01, eps_nu=2.000e-03, P_hv=5.189e-06, rho_mean=1.000000, p_mean=0.719262, div_rms=3.284e-01, vort_rms=1.295e+00, mass_err=-3.285e-10
step=137400, t=50.687466, dt=3.641e-04, KE=7.372974e-02, Mt=0.3901, A_K=0.021, Cuv=0.087, P_in=4.846e-03, P_tgt=4.827e-03, A_F=0.018, K_low=0.188, P_drag=-2.686e-03, P_cool=-2.536e-03, WENO=0.061 (x=0.061, y=0.061), ReL2D=131.00, eps_nu=1.975e-03, P_hv=5.156e-06, rho_mean=1.000000, p_mean=0.719357, div_rms=3.279e-01, vort_rms=1.286e+00, mass_err=-3.299e-10
step=138000, t=50.904909, dt=3.603e-04, KE=7.357114e-02, Mt=0.3895, A_K=0.051, Cuv=0.089, P_in=5.667e-03, P_tgt=5.671e-03, A_F=0.043, K_low=0.187, P_drag=-2.658e-03, P_cool=-2.569e-03, WENO=0.061 (x=0.061, y=0.061), ReL2D=130.90, eps_nu=1.963e-03, P_hv=4.981e-06, rho_mean=1.000000, p_mean=0.719424, div_rms=3.196e-01, vort_rms=1.285e+00, mass_err=-3.314e-10
step=138600, t=51.120973, dt=3.613e-04, KE=7.380611e-02, Mt=0.3904, A_K=0.085, Cuv=0.075, P_in=6.620e-03, P_tgt=6.642e-03, A_F=0.021, K_low=0.184, P_drag=-2.618e-03, P_cool=-2.564e-03, WENO=0.063 (x=0.063, y=0.063), ReL2D=130.50, eps_nu=1.994e-03, P_hv=4.965e-06, rho_mean=1.000000, p_mean=0.719414, div_rms=3.278e-01, vort_rms=1.293e+00, mass_err=-3.328e-10
step=139200, t=51.335940, dt=3.552e-04, KE=7.425821e-02, Mt=0.3917, A_K=0.117, Cuv=0.059, P_in=7.631e-03, P_tgt=7.639e-03, A_F=0.089, K_low=0.180, P_drag=-2.571e-03, P_cool=-2.559e-03, WENO=0.056 (x=0.056, y=0.056), ReL2D=132.55, eps_nu=2.021e-03, P_hv=5.131e-06, rho_mean=1.000000, p_mean=0.719403, div_rms=3.305e-01, vort_rms=1.301e+00, mass_err=-3.342e-10
step=139800, t=51.547990, dt=3.516e-04, KE=7.498227e-02, Mt=0.3936, A_K=0.139, Cuv=0.044, P_in=8.515e-03, P_tgt=8.556e-03, A_F=0.156, K_low=0.175, P_drag=-2.515e-03, P_cool=-2.542e-03, WENO=0.059 (x=0.059, y=0.059), ReL2D=135.80, eps_nu=2.056e-03, P_hv=5.368e-06, rho_mean=1.000000, p_mean=0.719369, div_rms=3.458e-01, vort_rms=1.308e+00, mass_err=-3.357e-10
step=140400, t=51.758350, dt=3.498e-04, KE=7.583371e-02, Mt=0.3961, A_K=0.139, Cuv=0.033, P_in=9.256e-03, P_tgt=9.259e-03, A_F=0.025, K_low=0.170, P_drag=-2.450e-03, P_cool=-2.536e-03, WENO=0.057 (x=0.057, y=0.057), ReL2D=137.71, eps_nu=2.100e-03, P_hv=5.440e-06, rho_mean=1.000000, p_mean=0.719357, div_rms=3.526e-01, vort_rms=1.321e+00, mass_err=-3.371e-10
step=141000, t=51.966987, dt=3.454e-04, KE=7.691463e-02, Mt=0.3991, A_K=0.133, Cuv=0.028, P_in=9.620e-03, P_tgt=9.607e-03, A_F=0.270, K_low=0.162, P_drag=-2.380e-03, P_cool=-2.509e-03, WENO=0.057 (x=0.057, y=0.057), ReL2D=138.47, eps_nu=2.154e-03, P_hv=5.623e-06, rho_mean=1.000000, p_mean=0.719304, div_rms=3.602e-01, vort_rms=1.337e+00, mass_err=-3.386e-10
step=141600, t=52.174422, dt=3.484e-04, KE=7.815009e-02, Mt=0.4022, A_K=0.136, Cuv=0.045, P_in=9.528e-03, P_tgt=9.515e-03, A_F=0.070, K_low=0.153, P_drag=-2.313e-03, P_cool=-2.460e-03, WENO=0.056 (x=0.056, y=0.056), ReL2D=139.16, eps_nu=2.198e-03, P_hv=5.948e-06, rho_mean=1.000000, p_mean=0.719206, div_rms=3.679e-01, vort_rms=1.349e+00, mass_err=-3.400e-10
step=142200, t=52.385168, dt=3.556e-04, KE=7.917859e-02, Mt=0.4047, A_K=0.144, Cuv=0.060, P_in=9.022e-03, P_tgt=9.033e-03, A_F=0.158, K_low=0.145, P_drag=-2.245e-03, P_cool=-2.446e-03, WENO=0.062 (x=0.062, y=0.062), ReL2D=138.80, eps_nu=2.224e-03, P_hv=6.069e-06, rho_mean=1.000000, p_mean=0.719178, div_rms=3.759e-01, vort_rms=1.355e+00, mass_err=-3.414e-10
saved snapshot: results/hit2d/final_thesis_Mach_ReL130_N512/production_N512/Mt040_N512/hit2d_step0142600.npz
step=142800, t=52.603820, dt=3.697e-04, KE=7.969215e-02, Mt=0.4071, A_K=0.152, Cuv=0.077, P_in=8.281e-03, P_tgt=8.275e-03, A_F=0.110, K_low=0.136, P_drag=-2.154e-03, P_cool=-2.518e-03, WENO=0.065 (x=0.065, y=0.065), ReL2D=137.79, eps_nu=2.264e-03, P_hv=5.862e-06, rho_mean=1.000000, p_mean=0.719321, div_rms=3.774e-01, vort_rms=1.367e+00, mass_err=-3.429e-10
step=143400, t=52.824409, dt=3.661e-04, KE=8.008134e-02, Mt=0.4088, A_K=0.153, Cuv=0.090, P_in=7.309e-03, P_tgt=7.351e-03, A_F=0.210, K_low=0.126, P_drag=-2.042e-03, P_cool=-2.580e-03, WENO=0.064 (x=0.064, y=0.064), ReL2D=136.47, eps_nu=2.322e-03, P_hv=6.013e-06, rho_mean=1.000000, p_mean=0.719446, div_rms=3.920e-01, vort_rms=1.381e+00, mass_err=-3.443e-10
step=144000, t=53.042700, dt=3.596e-04, KE=8.060039e-02, Mt=0.4095, A_K=0.146, Cuv=0.097, P_in=6.428e-03, P_tgt=6.432e-03, A_F=0.101, K_low=0.117, P_drag=-1.927e-03, P_cool=-2.578e-03, WENO=0.067 (x=0.067, y=0.067), ReL2D=134.23, eps_nu=2.369e-03, P_hv=6.153e-06, rho_mean=1.000000, p_mean=0.719443, div_rms=4.180e-01, vort_rms=1.387e+00, mass_err=-3.457e-10
step=144600, t=53.258670, dt=3.614e-04, KE=8.105581e-02, Mt=0.4103, A_K=0.143, Cuv=0.099, P_in=5.564e-03, P_tgt=5.576e-03, A_F=0.106, K_low=0.111, P_drag=-1.837e-03, P_cool=-2.555e-03, WENO=0.065 (x=0.065, y=0.065), ReL2D=132.23, eps_nu=2.397e-03, P_hv=6.207e-06, rho_mean=1.000000, p_mean=0.719396, div_rms=4.368e-01, vort_rms=1.388e+00, mass_err=-3.472e-10
step=145200, t=53.476060, dt=3.614e-04, KE=8.124308e-02, Mt=0.4115, A_K=0.139, Cuv=0.108, P_in=4.750e-03, P_tgt=4.763e-03, A_F=0.170, K_low=0.110, P_drag=-1.791e-03, P_cool=-2.552e-03, WENO=0.058 (x=0.058, y=0.058), ReL2D=132.49, eps_nu=2.407e-03, P_hv=6.265e-06, rho_mean=1.000000, p_mean=0.719390, div_rms=4.407e-01, vort_rms=1.390e+00, mass_err=-3.486e-10
step=145800, t=53.692722, dt=3.625e-04, KE=8.107661e-02, Mt=0.4116, A_K=0.137, Cuv=0.140, P_in=4.026e-03, P_tgt=4.023e-03, A_F=0.046, K_low=0.110, P_drag=-1.771e-03, P_cool=-2.586e-03, WENO=0.052 (x=0.052, y=0.052), ReL2D=133.13, eps_nu=2.401e-03, P_hv=6.330e-06, rho_mean=1.000000, p_mean=0.719458, div_rms=4.411e-01, vort_rms=1.388e+00, mass_err=-3.500e-10
step=146400, t=53.911421, dt=3.612e-04, KE=8.088370e-02, Mt=0.4108, A_K=0.145, Cuv=0.180, P_in=3.414e-03, P_tgt=3.424e-03, A_F=0.107, K_low=0.109, P_drag=-1.755e-03, P_cool=-2.596e-03, WENO=0.054 (x=0.054, y=0.054), ReL2D=134.65, eps_nu=2.377e-03, P_hv=6.300e-06, rho_mean=1.000000, p_mean=0.719477, div_rms=4.371e-01, vort_rms=1.381e+00, mass_err=-3.515e-10
step=147000, t=54.125991, dt=3.549e-04, KE=8.105245e-02, Mt=0.4104, A_K=0.159, Cuv=0.213, P_in=2.949e-03, P_tgt=2.941e-03, A_F=0.114, K_low=0.107, P_drag=-1.737e-03, P_cool=-2.514e-03, WENO=0.055 (x=0.055, y=0.055), ReL2D=135.72, eps_nu=2.367e-03, P_hv=6.228e-06, rho_mean=1.000000, p_mean=0.719313, div_rms=4.425e-01, vort_rms=1.376e+00, mass_err=-3.529e-10
step=147600, t=54.339604, dt=3.586e-04, KE=8.128123e-02, Mt=0.4102, A_K=0.177, Cuv=0.232, P_in=2.529e-03, P_tgt=2.532e-03, A_F=0.043, K_low=0.105, P_drag=-1.732e-03, P_cool=-2.406e-03, WENO=0.051 (x=0.051, y=0.051), ReL2D=136.33, eps_nu=2.375e-03, P_hv=6.115e-06, rho_mean=1.000000, p_mean=0.719098, div_rms=4.563e-01, vort_rms=1.372e+00, mass_err=-3.543e-10
step=148200, t=54.557874, dt=3.693e-04, KE=8.093552e-02, Mt=0.4082, A_K=0.189, Cuv=0.230, P_in=2.201e-03, P_tgt=2.211e-03, A_F=0.060, K_low=0.107, P_drag=-1.753e-03, P_cool=-2.398e-03, WENO=0.048 (x=0.048, y=0.048), ReL2D=137.92, eps_nu=2.355e-03, P_hv=6.010e-06, rho_mean=1.000000, p_mean=0.719081, div_rms=4.520e-01, vort_rms=1.368e+00, mass_err=-3.558e-10
step=148800, t=54.780174, dt=3.688e-04, KE=8.024391e-02, Mt=0.4056, A_K=0.197, Cuv=0.215, P_in=2.000e-03, P_tgt=2.000e-03, A_F=0.306, K_low=0.112, P_drag=-1.808e-03, P_cool=-2.442e-03, WENO=0.045 (x=0.045, y=0.045), ReL2D=139.04, eps_nu=2.306e-03, P_hv=6.061e-06, rho_mean=1.000000, p_mean=0.719170, div_rms=4.415e-01, vort_rms=1.356e+00, mass_err=-3.572e-10
saved snapshot: results/hit2d/final_thesis_Mach_ReL130_N512/production_N512/Mt040_N512/hit2d_step0148800.npz
step=149400, t=55.001490, dt=3.677e-04, KE=7.970322e-02, Mt=0.4043, A_K=0.196, Cuv=0.196, P_in=1.865e-03, P_tgt=1.863e-03, A_F=0.002, K_low=0.120, P_drag=-1.894e-03, P_cool=-2.445e-03, WENO=0.043 (x=0.043, y=0.043), ReL2D=139.38, eps_nu=2.265e-03, P_hv=5.955e-06, rho_mean=1.000000, p_mean=0.719176, div_rms=4.411e-01, vort_rms=1.342e+00, mass_err=-3.586e-10
step=150000, t=55.221918, dt=3.712e-04, KE=7.907215e-02, Mt=0.4040, A_K=0.192, Cuv=0.178, P_in=1.724e-03, P_tgt=1.752e-03, A_F=0.069, K_low=0.129, P_drag=-1.997e-03, P_cool=-2.457e-03, WENO=0.046 (x=0.046, y=0.046), ReL2D=142.78, eps_nu=2.196e-03, P_hv=5.846e-06, rho_mean=1.000000, p_mean=0.719200, div_rms=4.088e-01, vort_rms=1.333e+00, mass_err=-3.601e-10
step=150600, t=55.447871, dt=3.816e-04, KE=7.849938e-02, Mt=0.4035, A_K=0.168, Cuv=0.160, P_in=1.652e-03, P_tgt=1.656e-03, A_F=0.059, K_low=0.137, P_drag=-2.092e-03, P_cool=-2.446e-03, WENO=0.057 (x=0.057, y=0.057), ReL2D=144.79, eps_nu=2.135e-03, P_hv=5.556e-06, rho_mean=1.000000, p_mean=0.719177, div_rms=3.832e-01, vort_rms=1.322e+00, mass_err=-3.615e-10
step=151200, t=55.677282, dt=3.821e-04, KE=7.789047e-02, Mt=0.4021, A_K=0.132, Cuv=0.138, P_in=1.579e-03, P_tgt=1.586e-03, A_F=0.137, K_low=0.144, P_drag=-2.167e-03, P_cool=-2.433e-03, WENO=0.073 (x=0.073, y=0.073), ReL2D=144.45, eps_nu=2.093e-03, P_hv=5.218e-06, rho_mean=1.000000, p_mean=0.719152, div_rms=3.720e-01, vort_rms=1.311e+00, mass_err=-3.630e-10
step=151800, t=55.903802, dt=3.750e-04, KE=7.727405e-02, Mt=0.4002, A_K=0.108, Cuv=0.124, P_in=1.550e-03, P_tgt=1.561e-03, A_F=0.033, K_low=0.149, P_drag=-2.216e-03, P_cool=-2.418e-03, WENO=0.065 (x=0.065, y=0.065), ReL2D=143.24, eps_nu=2.063e-03, P_hv=5.227e-06, rho_mean=1.000000, p_mean=0.719122, div_rms=3.686e-01, vort_rms=1.302e+00, mass_err=-3.644e-10
step=152400, t=56.126904, dt=3.692e-04, KE=7.685142e-02, Mt=0.3996, A_K=0.088, Cuv=0.112, P_in=1.555e-03, P_tgt=1.566e-03, A_F=0.099, K_low=0.152, P_drag=-2.247e-03, P_cool=-2.366e-03, WENO=0.056 (x=0.056, y=0.056), ReL2D=140.38, eps_nu=2.057e-03, P_hv=5.482e-06, rho_mean=1.000000, p_mean=0.719018, div_rms=3.888e-01, vort_rms=1.292e+00, mass_err=-3.658e-10
step=153000, t=56.347651, dt=3.668e-04, KE=7.639562e-02, Mt=0.3996, A_K=0.077, Cuv=0.101, P_in=1.586e-03, P_tgt=1.576e-03, A_F=0.199, K_low=0.154, P_drag=-2.267e-03, P_cool=-2.323e-03, WENO=0.047 (x=0.047, y=0.047), ReL2D=138.02, eps_nu=2.053e-03, P_hv=5.618e-06, rho_mean=1.000000, p_mean=0.718932, div_rms=4.132e-01, vort_rms=1.281e+00, mass_err=-3.673e-10
step=153600, t=56.565543, dt=3.628e-04, KE=7.584680e-02, Mt=0.3991, A_K=0.074, Cuv=0.081, P_in=1.584e-03, P_tgt=1.588e-03, A_F=0.052, K_low=0.157, P_drag=-2.288e-03, P_cool=-2.302e-03, WENO=0.046 (x=0.046, y=0.046), ReL2D=137.20, eps_nu=2.050e-03, P_hv=5.624e-06, rho_mean=1.000000, p_mean=0.718890, div_rms=4.329e-01, vort_rms=1.271e+00, mass_err=-3.687e-10
step=154200, t=56.783072, dt=3.620e-04, KE=7.495921e-02, Mt=0.3970, A_K=0.082, Cuv=0.054, P_in=1.628e-03, P_tgt=1.633e-03, A_F=0.199, K_low=0.162, P_drag=-2.333e-03, P_cool=-2.349e-03, WENO=0.052 (x=0.052, y=0.052), ReL2D=138.87, eps_nu=2.009e-03, P_hv=5.439e-06, rho_mean=1.000000, p_mean=0.718983, div_rms=4.192e-01, vort_rms=1.262e+00, mass_err=-3.702e-10
step=154800, t=57.000916, dt=3.642e-04, KE=7.417090e-02, Mt=0.3943, A_K=0.103, Cuv=0.030, P_in=1.739e-03, P_tgt=1.746e-03, A_F=0.035, K_low=0.169, P_drag=-2.408e-03, P_cool=-2.374e-03, WENO=0.049 (x=0.049, y=0.049), ReL2D=140.53, eps_nu=1.952e-03, P_hv=5.283e-06, rho_mean=1.000000, p_mean=0.719033, div_rms=4.022e-01, vort_rms=1.249e+00, mass_err=-3.716e-10
saved snapshot: results/hit2d/final_thesis_Mach_ReL130_N512/production_N512/Mt040_N512/hit2d_step0155000.npz
step=155400, t=57.222131, dt=3.730e-04, KE=7.363770e-02, Mt=0.3921, A_K=0.135, Cuv=0.014, P_in=1.942e-03, P_tgt=1.942e-03, A_F=0.026, K_low=0.177, P_drag=-2.506e-03, P_cool=-2.349e-03, WENO=0.054 (x=0.054, y=0.054), ReL2D=141.99, eps_nu=1.897e-03, P_hv=5.103e-06, rho_mean=1.000000, p_mean=0.718984, div_rms=3.818e-01, vort_rms=1.238e+00, mass_err=-3.731e-10
step=156000, t=57.445604, dt=3.716e-04, KE=7.328633e-02, Mt=0.3906, A_K=0.168, Cuv=-0.005, P_in=2.207e-03, P_tgt=2.222e-03, A_F=0.166, K_low=0.185, P_drag=-2.606e-03, P_cool=-2.294e-03, WENO=0.063 (x=0.063, y=0.063), ReL2D=142.50, eps_nu=1.840e-03, P_hv=4.771e-06, rho_mean=1.000000, p_mean=0.718875, div_rms=3.655e-01, vort_rms=1.223e+00, mass_err=-3.745e-10
step=156600, t=57.668565, dt=3.717e-04, KE=7.320613e-02, Mt=0.3902, A_K=0.187, Cuv=-0.019, P_in=2.581e-03, P_tgt=2.587e-03, A_F=0.154, K_low=0.191, P_drag=-2.697e-03, P_cool=-2.198e-03, WENO=0.069 (x=0.069, y=0.069), ReL2D=143.12, eps_nu=1.801e-03, P_hv=4.451e-06, rho_mean=1.000000, p_mean=0.718682, div_rms=3.545e-01, vort_rms=1.213e+00, mass_err=-3.759e-10
step=157200, t=57.892719, dt=3.757e-04, KE=7.312571e-02, Mt=0.3901, A_K=0.190, Cuv=-0.026, P_in=3.016e-03, P_tgt=3.013e-03, A_F=0.065, K_low=0.197, P_drag=-2.774e-03, P_cool=-2.120e-03, WENO=0.060 (x=0.060, y=0.060), ReL2D=143.06, eps_nu=1.800e-03, P_hv=4.279e-06, rho_mean=1.000000, p_mean=0.718525, div_rms=3.571e-01, vort_rms=1.211e+00, mass_err=-3.774e-10
step=157800, t=58.117023, dt=3.688e-04, KE=7.270303e-02, Mt=0.3893, A_K=0.171, Cuv=-0.033, P_in=3.536e-03, P_tgt=3.536e-03, A_F=0.088, K_low=0.204, P_drag=-2.839e-03, P_cool=-2.130e-03, WENO=0.057 (x=0.057, y=0.057), ReL2D=143.16, eps_nu=1.800e-03, P_hv=4.183e-06, rho_mean=1.000000, p_mean=0.718545, div_rms=3.554e-01, vort_rms=1.212e+00, mass_err=-3.788e-10
step=158400, t=58.335712, dt=3.632e-04, KE=7.237889e-02, Mt=0.3888, A_K=0.146, Cuv=-0.025, P_in=4.228e-03, P_tgt=4.201e-03, A_F=0.099, K_low=0.210, P_drag=-2.909e-03, P_cool=-2.144e-03, WENO=0.062 (x=0.062, y=0.062), ReL2D=141.07, eps_nu=1.826e-03, P_hv=4.236e-06, rho_mean=1.000000, p_mean=0.718574, div_rms=3.532e-01, vort_rms=1.223e+00, mass_err=-3.803e-10
step=159000, t=58.555527, dt=3.686e-04, KE=7.242278e-02, Mt=0.3890, A_K=0.112, Cuv=-0.012, P_in=5.002e-03, P_tgt=5.001e-03, A_F=0.019, K_low=0.216, P_drag=-2.988e-03, P_cool=-2.114e-03, WENO=0.058 (x=0.058, y=0.058), ReL2D=138.85, eps_nu=1.852e-03, P_hv=4.180e-06, rho_mean=1.000000, p_mean=0.718514, div_rms=3.648e-01, vort_rms=1.228e+00, mass_err=-3.817e-10
step=159600, t=58.777275, dt=3.695e-04, KE=7.250102e-02, Mt=0.3893, A_K=0.081, Cuv=-0.003, P_in=5.935e-03, P_tgt=5.923e-03, A_F=0.087, K_low=0.222, P_drag=-3.069e-03, P_cool=-2.112e-03, WENO=0.054 (x=0.054, y=0.054), ReL2D=138.49, eps_nu=1.867e-03, P_hv=4.066e-06, rho_mean=1.000000, p_mean=0.718511, div_rms=3.653e-01, vort_rms=1.233e+00, mass_err=-3.832e-10
step=160200, t=58.997950, dt=3.660e-04, KE=7.256765e-02, Mt=0.3894, A_K=0.053, Cuv=0.007, P_in=6.995e-03, P_tgt=6.992e-03, A_F=0.038, K_low=0.226, P_drag=-3.140e-03, P_cool=-2.153e-03, WENO=0.055 (x=0.055, y=0.055), ReL2D=137.58, eps_nu=1.881e-03, P_hv=4.013e-06, rho_mean=1.000000, p_mean=0.718591, div_rms=3.633e-01, vort_rms=1.239e+00, mass_err=-3.846e-10
step=160800, t=59.218779, dt=3.710e-04, KE=7.285984e-02, Mt=0.3901, A_K=0.029, Cuv=0.012, P_in=8.210e-03, P_tgt=8.216e-03, A_F=0.132, K_low=0.229, P_drag=-3.204e-03, P_cool=-2.194e-03, WENO=0.054 (x=0.054, y=0.054), ReL2D=137.36, eps_nu=1.899e-03, P_hv=3.895e-06, rho_mean=1.000000, p_mean=0.718673, div_rms=3.637e-01, vort_rms=1.246e+00, mass_err=-3.861e-10
saved snapshot: results/hit2d/final_thesis_Mach_ReL130_N512/production_N512/Mt040_N512/hit2d_step0161200.npz
step=161400, t=59.441578, dt=3.716e-04, KE=7.348867e-02, Mt=0.3921, A_K=0.021, Cuv=0.005, P_in=9.504e-03, P_tgt=9.438e-03, A_F=0.049, K_low=0.231, P_drag=-3.261e-03, P_cool=-2.219e-03, WENO=0.055 (x=0.055, y=0.055), ReL2D=137.89, eps_nu=1.935e-03, P_hv=3.832e-06, rho_mean=1.000000, p_mean=0.718724, div_rms=3.738e-01, vort_rms=1.255e+00, mass_err=-3.875e-10
step=162000, t=59.664639, dt=3.717e-04, KE=7.407922e-02, Mt=0.3938, A_K=0.013, Cuv=-0.006, P_in=1.055e-02, P_tgt=1.050e-02, A_F=0.028, K_low=0.233, P_drag=-3.323e-03, P_cool=-2.300e-03, WENO=0.051 (x=0.051, y=0.051), ReL2D=137.85, eps_nu=1.961e-03, P_hv=3.884e-06, rho_mean=1.000000, p_mean=0.718885, div_rms=3.783e-01, vort_rms=1.262e+00, mass_err=-3.889e-10
step=162600, t=59.886754, dt=3.696e-04, KE=7.480781e-02, Mt=0.3955, A_K=0.001, Cuv=-0.014, P_in=1.141e-02, P_tgt=1.141e-02, A_F=0.137, K_low=0.236, P_drag=-3.397e-03, P_cool=-2.389e-03, WENO=0.052 (x=0.052, y=0.052), ReL2D=137.13, eps_nu=1.990e-03, P_hv=3.970e-06, rho_mean=1.000000, p_mean=0.719063, div_rms=3.739e-01, vort_rms=1.275e+00, mass_err=-3.904e-10
step=163200, t=60.107926, dt=3.638e-04, KE=7.609884e-02, Mt=0.3987, A_K=0.010, Cuv=-0.025, P_in=1.195e-02, P_tgt=1.195e-02, A_F=0.018, K_low=0.239, P_drag=-3.493e-03, P_cool=-2.392e-03, WENO=0.054 (x=0.054, y=0.054), ReL2D=136.89, eps_nu=2.048e-03, P_hv=4.020e-06, rho_mean=1.000000, p_mean=0.719069, div_rms=3.805e-01, vort_rms=1.292e+00, mass_err=-3.918e-10
step=163800, t=60.323928, dt=3.582e-04, KE=7.757928e-02, Mt=0.4034, A_K=0.023, Cuv=-0.016, P_in=1.179e-02, P_tgt=1.179e-02, A_F=0.082, K_low=0.243, P_drag=-3.616e-03, P_cool=-2.356e-03, WENO=0.056 (x=0.056, y=0.056), ReL2D=139.30, eps_nu=2.120e-03, P_hv=4.206e-06, rho_mean=1.000000, p_mean=0.718998, div_rms=3.828e-01, vort_rms=1.317e+00, mass_err=-3.932e-10
step=164400, t=60.536152, dt=3.489e-04, KE=7.887595e-02, Mt=0.4085, A_K=0.037, Cuv=-0.011, P_in=1.088e-02, P_tgt=1.079e-02, A_F=0.055, K_low=0.249, P_drag=-3.759e-03, P_cool=-2.323e-03, WENO=0.060 (x=0.060, y=0.060), ReL2D=142.16, eps_nu=2.192e-03, P_hv=4.286e-06, rho_mean=1.000000, p_mean=0.718932, div_rms=3.884e-01, vort_rms=1.339e+00, mass_err=-3.947e-10
step=165000, t=60.744548, dt=3.456e-04, KE=7.973317e-02, Mt=0.4116, A_K=0.048, Cuv=-0.012, P_in=9.329e-03, P_tgt=9.304e-03, A_F=0.055, K_low=0.257, P_drag=-3.916e-03, P_cool=-2.315e-03, WENO=0.061 (x=0.061, y=0.061), ReL2D=144.48, eps_nu=2.240e-03, P_hv=4.420e-06, rho_mean=1.000000, p_mean=0.718916, div_rms=3.906e-01, vort_rms=1.354e+00, mass_err=-3.961e-10
step=165600, t=60.949759, dt=3.398e-04, KE=8.010275e-02, Mt=0.4126, A_K=0.067, Cuv=-0.026, P_in=7.803e-03, P_tgt=7.803e-03, A_F=0.076, K_low=0.266, P_drag=-4.075e-03, P_cool=-2.334e-03, WENO=0.063 (x=0.063, y=0.063), ReL2D=145.95, eps_nu=2.264e-03, P_hv=4.632e-06, rho_mean=1.000000, p_mean=0.718953, div_rms=3.924e-01, vort_rms=1.362e+00, mass_err=-3.976e-10
step=166200, t=61.153913, dt=3.419e-04, KE=7.983322e-02, Mt=0.4120, A_K=0.089, Cuv=-0.043, P_in=6.548e-03, P_tgt=6.532e-03, A_F=0.158, K_low=0.276, P_drag=-4.216e-03, P_cool=-2.415e-03, WENO=0.066 (x=0.066, y=0.066), ReL2D=146.57, eps_nu=2.276e-03, P_hv=4.673e-06, rho_mean=1.000000, p_mean=0.719116, div_rms=3.813e-01, vort_rms=1.370e+00, mass_err=-3.990e-10
step=166800, t=61.360757, dt=3.469e-04, KE=7.922185e-02, Mt=0.4111, A_K=0.108, Cuv=-0.057, P_in=5.556e-03, P_tgt=5.535e-03, A_F=0.175, K_low=0.287, P_drag=-4.331e-03, P_cool=-2.508e-03, WENO=0.065 (x=0.065, y=0.065), ReL2D=146.56, eps_nu=2.277e-03, P_hv=4.803e-06, rho_mean=1.000000, p_mean=0.719301, div_rms=3.753e-01, vort_rms=1.372e+00, mass_err=-4.004e-10
step=167400, t=61.568469, dt=3.443e-04, KE=7.868072e-02, Mt=0.4104, A_K=0.112, Cuv=-0.060, P_in=4.744e-03, P_tgt=4.740e-03, A_F=0.133, K_low=0.295, P_drag=-4.403e-03, P_cool=-2.541e-03, WENO=0.057 (x=0.057, y=0.057), ReL2D=146.48, eps_nu=2.286e-03, P_hv=5.032e-06, rho_mean=1.000000, p_mean=0.719368, div_rms=3.862e-01, vort_rms=1.371e+00, mass_err=-4.019e-10
saved snapshot: results/hit2d/final_thesis_Mach_ReL130_N512/production_N512/Mt040_N512/hit2d_step0167400.npz
step=168000, t=61.773689, dt=3.405e-04, KE=7.823196e-02, Mt=0.4092, A_K=0.102, Cuv=-0.053, P_in=4.120e-03, P_tgt=4.114e-03, A_F=0.267, K_low=0.298, P_drag=-4.432e-03, P_cool=-2.525e-03, WENO=0.060 (x=0.060, y=0.060), ReL2D=146.40, eps_nu=2.298e-03, P_hv=5.281e-06, rho_mean=1.000000, p_mean=0.719336, div_rms=4.029e-01, vort_rms=1.369e+00, mass_err=-4.033e-10
step=168600, t=61.977727, dt=3.395e-04, KE=7.764668e-02, Mt=0.4071, A_K=0.090, Cuv=-0.036, P_in=3.650e-03, P_tgt=3.649e-03, A_F=0.045, K_low=0.300, P_drag=-4.441e-03, P_cool=-2.516e-03, WENO=0.061 (x=0.061, y=0.061), ReL2D=145.55, eps_nu=2.307e-03, P_hv=5.444e-06, rho_mean=1.000000, p_mean=0.719317, div_rms=4.182e-01, vort_rms=1.366e+00, mass_err=-4.047e-10
step=169200, t=62.180802, dt=3.379e-04, KE=7.683501e-02, Mt=0.4042, A_K=0.077, Cuv=-0.015, P_in=3.331e-03, P_tgt=3.360e-03, A_F=0.127, K_low=0.301, P_drag=-4.442e-03, P_cool=-2.536e-03, WENO=0.056 (x=0.056, y=0.056), ReL2D=146.64, eps_nu=2.278e-03, P_hv=5.655e-06, rho_mean=1.000000, p_mean=0.719358, div_rms=4.051e-01, vort_rms=1.361e+00, mass_err=-4.062e-10
step=169800, t=62.383230, dt=3.364e-04, KE=7.646091e-02, Mt=0.4020, A_K=0.055, Cuv=-0.004, P_in=3.126e-03, P_tgt=3.215e-03, A_F=0.112, K_low=0.300, P_drag=-4.428e-03, P_cool=-2.462e-03, WENO=0.054 (x=0.054, y=0.054), ReL2D=146.67, eps_nu=2.260e-03, P_hv=5.751e-06, rho_mean=1.000000, p_mean=0.719209, div_rms=4.143e-01, vort_rms=1.352e+00, mass_err=-4.076e-10
step=170400, t=62.584936, dt=3.358e-04, KE=7.617912e-02, Mt=0.3999, A_K=0.013, Cuv=0.001, P_in=3.161e-03, P_tgt=3.171e-03, A_F=0.165, K_low=0.297, P_drag=-4.409e-03, P_cool=-2.371e-03, WENO=0.053 (x=0.053, y=0.053), ReL2D=146.06, eps_nu=2.233e-03, P_hv=5.590e-06, rho_mean=1.000000, p_mean=0.719027, div_rms=4.173e-01, vort_rms=1.342e+00, mass_err=-4.090e-10
step=171000, t=62.786274, dt=3.359e-04, KE=7.589930e-02, Mt=0.3983, A_K=0.031, Cuv=0.004, P_in=3.194e-03, P_tgt=3.218e-03, A_F=0.008, K_low=0.297, P_drag=-4.400e-03, P_cool=-2.283e-03, WENO=0.057 (x=0.057, y=0.057), ReL2D=145.02, eps_nu=2.211e-03, P_hv=5.452e-06, rho_mean=1.000000, p_mean=0.718852, div_rms=4.067e-01, vort_rms=1.339e+00, mass_err=-4.105e-10
step=171600, t=62.989037, dt=3.412e-04, KE=7.575087e-02, Mt=0.3974, A_K=0.069, Cuv=0.011, P_in=3.352e-03, P_tgt=3.324e-03, A_F=0.001, K_low=0.297, P_drag=-4.395e-03, P_cool=-2.177e-03, WENO=0.052 (x=0.052, y=0.052), ReL2D=144.27, eps_nu=2.195e-03, P_hv=5.398e-06, rho_mean=1.000000, p_mean=0.718639, div_rms=4.018e-01, vort_rms=1.335e+00, mass_err=-4.119e-10
step=172200, t=63.196478, dt=3.501e-04, KE=7.536228e-02, Mt=0.3962, A_K=0.087, Cuv=0.019, P_in=3.553e-03, P_tgt=3.486e-03, A_F=0.119, K_low=0.299, P_drag=-4.382e-03, P_cool=-2.125e-03, WENO=0.048 (x=0.048, y=0.048), ReL2D=143.75, eps_nu=2.176e-03, P_hv=5.322e-06, rho_mean=1.000000, p_mean=0.718536, div_rms=3.961e-01, vort_rms=1.331e+00, mass_err=-4.134e-10
step=172800, t=63.407774, dt=3.525e-04, KE=7.451952e-02, Mt=0.3943, A_K=0.084, Cuv=0.019, P_in=3.749e-03, P_tgt=3.745e-03, A_F=0.200, K_low=0.301, P_drag=-4.338e-03, P_cool=-2.172e-03, WENO=0.056 (x=0.056, y=0.056), ReL2D=142.87, eps_nu=2.148e-03, P_hv=5.143e-06, rho_mean=1.000000, p_mean=0.718631, div_rms=3.829e-01, vort_rms=1.326e+00, mass_err=-4.148e-10
step=173400, t=63.619415, dt=3.535e-04, KE=7.358492e-02, Mt=0.3917, A_K=0.069, Cuv=0.015, P_in=4.152e-03, P_tgt=4.169e-03, A_F=0.005, K_low=0.300, P_drag=-4.263e-03, P_cool=-2.251e-03, WENO=0.060 (x=0.060, y=0.060), ReL2D=142.45, eps_nu=2.118e-03, P_hv=4.995e-06, rho_mean=1.000000, p_mean=0.718787, div_rms=3.762e-01, vort_rms=1.319e+00, mass_err=-4.162e-10
saved snapshot: results/hit2d/final_thesis_Mach_ReL130_N512/production_N512/Mt040_N512/hit2d_step0173600.npz
step=174000, t=63.832735, dt=3.558e-04, KE=7.308534e-02, Mt=0.3901, A_K=0.060, Cuv=0.010, P_in=4.819e-03, P_tgt=4.812e-03, A_F=0.249, K_low=0.294, P_drag=-4.161e-03, P_cool=-2.265e-03, WENO=0.059 (x=0.059, y=0.059), ReL2D=143.43, eps_nu=2.104e-03, P_hv=5.081e-06, rho_mean=1.000000, p_mean=0.718816, div_rms=3.871e-01, vort_rms=1.310e+00, mass_err=-4.177e-10
step=174600, t=64.048679, dt=3.653e-04, KE=7.306617e-02, Mt=0.3897, A_K=0.060, Cuv=0.017, P_in=5.640e-03, P_tgt=5.638e-03, A_F=0.089, K_low=0.284, P_drag=-4.026e-03, P_cool=-2.220e-03, WENO=0.057 (x=0.057, y=0.057), ReL2D=143.33, eps_nu=2.111e-03, P_hv=4.984e-06, rho_mean=1.000000, p_mean=0.718726, div_rms=3.957e-01, vort_rms=1.308e+00, mass_err=-4.191e-10
step=175200, t=64.271635, dt=3.763e-04, KE=7.344732e-02, Mt=0.3898, A_K=0.075, Cuv=0.032, P_in=6.539e-03, P_tgt=6.623e-03, A_F=0.182, K_low=0.270, P_drag=-3.877e-03, P_cool=-2.143e-03, WENO=0.055 (x=0.055, y=0.055), ReL2D=142.67, eps_nu=2.110e-03, P_hv=4.829e-06, rho_mean=1.000000, p_mean=0.718572, div_rms=3.943e-01, vort_rms=1.309e+00, mass_err=-4.205e-10
step=175800, t=64.499325, dt=3.821e-04, KE=7.400135e-02, Mt=0.3898, A_K=0.085, Cuv=0.041, P_in=7.757e-03, P_tgt=7.766e-03, A_F=0.030, K_low=0.257, P_drag=-3.731e-03, P_cool=-2.090e-03, WENO=0.052 (x=0.052, y=0.052), ReL2D=142.59, eps_nu=2.094e-03, P_hv=4.732e-06, rho_mean=1.000000, p_mean=0.718466, div_rms=3.843e-01, vort_rms=1.307e+00, mass_err=-4.220e-10
step=176400, t=64.729110, dt=3.836e-04, KE=7.458346e-02, Mt=0.3909, A_K=0.110, Cuv=0.039, P_in=9.043e-03, P_tgt=9.040e-03, A_F=0.080, K_low=0.245, P_drag=-3.570e-03, P_cool=-2.096e-03, WENO=0.055 (x=0.055, y=0.055), ReL2D=142.31, eps_nu=2.093e-03, P_hv=4.670e-06, rho_mean=1.000000, p_mean=0.718477, div_rms=3.822e-01, vort_rms=1.307e+00, mass_err=-4.234e-10
step=177000, t=64.962842, dt=3.940e-04, KE=7.516024e-02, Mt=0.3928, A_K=0.130, Cuv=0.019, P_in=1.025e-02, P_tgt=1.028e-02, A_F=0.030, K_low=0.231, P_drag=-3.371e-03, P_cool=-2.171e-03, WENO=0.054 (x=0.054, y=0.054), ReL2D=143.83, eps_nu=2.092e-03, P_hv=4.421e-06, rho_mean=1.000000, p_mean=0.718628, div_rms=3.632e-01, vort_rms=1.314e+00, mass_err=-4.249e-10
step=177600, t=65.199071, dt=3.911e-04, KE=7.605336e-02, Mt=0.3962, A_K=0.145, Cuv=0.002, P_in=1.122e-02, P_tgt=1.120e-02, A_F=0.087, K_low=0.216, P_drag=-3.160e-03, P_cool=-2.244e-03, WENO=0.062 (x=0.062, y=0.062), ReL2D=142.94, eps_nu=2.136e-03, P_hv=4.363e-06, rho_mean=1.000000, p_mean=0.718773, div_rms=3.583e-01, vort_rms=1.331e+00, mass_err=-4.263e-10
step=178200, t=65.432069, dt=3.871e-04, KE=7.708177e-02, Mt=0.4000, A_K=0.159, Cuv=0.018, P_in=1.159e-02, P_tgt=1.153e-02, A_F=0.056, K_low=0.201, P_drag=-2.967e-03, P_cool=-2.323e-03, WENO=0.069 (x=0.069, y=0.069), ReL2D=141.32, eps_nu=2.215e-03, P_hv=4.363e-06, rho_mean=1.000000, p_mean=0.718931, div_rms=3.563e-01, vort_rms=1.359e+00, mass_err=-4.278e-10
step=178800, t=65.662579, dt=3.816e-04, KE=7.823020e-02, Mt=0.4033, A_K=0.174, Cuv=0.053, P_in=1.123e-02, P_tgt=1.124e-02, A_F=0.032, K_low=0.188, P_drag=-2.817e-03, P_cool=-2.380e-03, WENO=0.066 (x=0.066, y=0.066), ReL2D=137.74, eps_nu=2.309e-03, P_hv=4.517e-06, rho_mean=1.000000, p_mean=0.719045, div_rms=3.735e-01, vort_rms=1.384e+00, mass_err=-4.292e-10
step=179400, t=65.890808, dt=3.797e-04, KE=7.941970e-02, Mt=0.4058, A_K=0.184, Cuv=0.077, P_in=1.046e-02, P_tgt=1.051e-02, A_F=0.075, K_low=0.178, P_drag=-2.732e-03, P_cool=-2.404e-03, WENO=0.058 (x=0.058, y=0.058), ReL2D=135.24, eps_nu=2.393e-03, P_hv=4.757e-06, rho_mean=1.000000, p_mean=0.719094, div_rms=3.888e-01, vort_rms=1.406e+00, mass_err=-4.306e-10
saved snapshot: results/hit2d/final_thesis_Mach_ReL130_N512/production_N512/Mt040_N512/hit2d_step0179800.npz
step=180000, t=66.116359, dt=3.742e-04, KE=8.088486e-02, Mt=0.4088, A_K=0.168, Cuv=0.075, P_in=9.453e-03, P_tgt=9.449e-03, A_F=0.194, K_low=0.173, P_drag=-2.716e-03, P_cool=-2.332e-03, WENO=0.062 (x=0.062, y=0.062), ReL2D=133.62, eps_nu=2.454e-03, P_hv=5.052e-06, rho_mean=1.000000, p_mean=0.718949, div_rms=4.065e-01, vort_rms=1.419e+00, mass_err=-4.321e-10
step=180600, t=66.339737, dt=3.704e-04, KE=8.213881e-02, Mt=0.4121, A_K=0.144, Cuv=0.072, P_in=8.097e-03, P_tgt=8.125e-03, A_F=0.242, K_low=0.173, P_drag=-2.768e-03, P_cool=-2.250e-03, WENO=0.059 (x=0.059, y=0.059), ReL2D=135.19, eps_nu=2.465e-03, P_hv=5.153e-06, rho_mean=1.000000, p_mean=0.718785, div_rms=4.092e-01, vort_rms=1.421e+00, mass_err=-4.335e-10
step=181200, t=66.562610, dt=3.725e-04, KE=8.279457e-02, Mt=0.4144, A_K=0.126, Cuv=0.064, P_in=6.720e-03, P_tgt=6.715e-03, A_F=0.221, K_low=0.178, P_drag=-2.854e-03, P_cool=-2.224e-03, WENO=0.065 (x=0.065, y=0.065), ReL2D=138.02, eps_nu=2.465e-03, P_hv=5.076e-06, rho_mean=1.000000, p_mean=0.718734, div_rms=4.157e-01, vort_rms=1.419e+00, mass_err=-4.350e-10
step=181800, t=66.786017, dt=3.723e-04, KE=8.290171e-02, Mt=0.4153, A_K=0.099, Cuv=0.043, P_in=5.381e-03, P_tgt=5.427e-03, A_F=0.128, K_low=0.182, P_drag=-2.935e-03, P_cool=-2.245e-03, WENO=0.060 (x=0.060, y=0.060), ReL2D=141.51, eps_nu=2.436e-03, P_hv=5.136e-06, rho_mean=1.000000, p_mean=0.718775, div_rms=4.236e-01, vort_rms=1.406e+00, mass_err=-4.364e-10
step=182400, t=67.008953, dt=3.719e-04, KE=8.279098e-02, Mt=0.4143, A_K=0.054, Cuv=0.022, P_in=4.363e-03, P_tgt=4.388e-03, A_F=0.033, K_low=0.184, P_drag=-2.985e-03, P_cool=-2.252e-03, WENO=0.060 (x=0.060, y=0.060), ReL2D=140.01, eps_nu=2.452e-03, P_hv=5.194e-06, rho_mean=1.000000, p_mean=0.718789, div_rms=4.480e-01, vort_rms=1.401e+00, mass_err=-4.379e-10
step=183000, t=67.234484, dt=3.794e-04, KE=8.200955e-02, Mt=0.4118, A_K=0.014, Cuv=0.013, P_in=3.638e-03, P_tgt=3.636e-03, A_F=0.020, K_low=0.186, P_drag=-3.007e-03, P_cool=-2.349e-03, WENO=0.060 (x=0.060, y=0.060), ReL2D=140.76, eps_nu=2.424e-03, P_hv=5.177e-06, rho_mean=1.000000, p_mean=0.718985, div_rms=4.351e-01, vort_rms=1.397e+00, mass_err=-4.393e-10
step=183600, t=67.462490, dt=3.793e-04, KE=8.114966e-02, Mt=0.4092, A_K=0.005, Cuv=0.011, P_in=3.111e-03, P_tgt=3.128e-03, A_F=0.024, K_low=0.188, P_drag=-3.021e-03, P_cool=-2.429e-03, WENO=0.067 (x=0.067, y=0.067), ReL2D=140.08, eps_nu=2.401e-03, P_hv=5.187e-06, rho_mean=1.000000, p_mean=0.719144, div_rms=4.289e-01, vort_rms=1.393e+00, mass_err=-4.407e-10
step=184200, t=67.689008, dt=3.753e-04, KE=8.054838e-02, Mt=0.4076, A_K=0.003, Cuv=0.011, P_in=2.719e-03, P_tgt=2.772e-03, A_F=0.148, K_low=0.193, P_drag=-3.050e-03, P_cool=-2.436e-03, WENO=0.068 (x=0.068, y=0.068), ReL2D=138.33, eps_nu=2.368e-03, P_hv=5.263e-06, rho_mean=1.000000, p_mean=0.719157, div_rms=4.208e-01, vort_rms=1.385e+00, mass_err=-4.422e-10
step=184800, t=67.912925, dt=3.696e-04, KE=8.012166e-02, Mt=0.4070, A_K=0.017, Cuv=0.013, P_in=2.538e-03, P_tgt=2.493e-03, A_F=0.029, K_low=0.199, P_drag=-3.106e-03, P_cool=-2.394e-03, WENO=0.066 (x=0.066, y=0.066), ReL2D=136.45, eps_nu=2.347e-03, P_hv=5.383e-06, rho_mean=1.000000, p_mean=0.719073, div_rms=4.195e-01, vort_rms=1.379e+00, mass_err=-4.436e-10
step=185400, t=68.132390, dt=3.626e-04, KE=7.974573e-02, Mt=0.4060, A_K=0.047, Cuv=0.019, P_in=2.279e-03, P_tgt=2.264e-03, A_F=0.012, K_low=0.204, P_drag=-3.171e-03, P_cool=-2.332e-03, WENO=0.072 (x=0.072, y=0.072), ReL2D=134.92, eps_nu=2.319e-03, P_hv=5.551e-06, rho_mean=1.000000, p_mean=0.718949, div_rms=4.147e-01, vort_rms=1.371e+00, mass_err=-4.451e-10
step=186000, t=68.349744, dt=3.647e-04, KE=7.933896e-02, Mt=0.4042, A_K=0.070, Cuv=0.026, P_in=2.105e-03, P_tgt=2.099e-03, A_F=0.096, K_low=0.208, P_drag=-3.240e-03, P_cool=-2.268e-03, WENO=0.068 (x=0.068, y=0.068), ReL2D=134.49, eps_nu=2.292e-03, P_hv=5.590e-06, rho_mean=1.000000, p_mean=0.718821, div_rms=4.055e-01, vort_rms=1.366e+00, mass_err=-4.465e-10
saved snapshot: results/hit2d/final_thesis_Mach_ReL130_N512/production_N512/Mt040_N512/hit2d_step0186000.npz
step=186600, t=68.566980, dt=3.565e-04, KE=7.866526e-02, Mt=0.4011, A_K=0.082, Cuv=0.043, P_in=2.015e-03, P_tgt=2.015e-03, A_F=0.149, K_low=0.213, P_drag=-3.322e-03, P_cool=-2.252e-03, WENO=0.068 (x=0.068, y=0.068), ReL2D=133.89, eps_nu=2.253e-03, P_hv=5.560e-06, rho_mean=1.000000, p_mean=0.718791, div_rms=3.875e-01, vort_rms=1.360e+00, mass_err=-4.479e-10
step=187200, t=68.781003, dt=3.580e-04, KE=7.786456e-02, Mt=0.3984, A_K=0.075, Cuv=0.059, P_in=2.033e-03, P_tgt=2.026e-03, A_F=0.097, K_low=0.222, P_drag=-3.429e-03, P_cool=-2.262e-03, WENO=0.068 (x=0.068, y=0.068), ReL2D=131.69, eps_nu=2.232e-03, P_hv=5.503e-06, rho_mean=1.000000, p_mean=0.718809, div_rms=3.821e-01, vort_rms=1.355e+00, mass_err=-4.494e-10
step=187800, t=68.994773, dt=3.501e-04, KE=7.714436e-02, Mt=0.3975, A_K=0.048, Cuv=0.069, P_in=2.103e-03, P_tgt=2.097e-03, A_F=0.247, K_low=0.235, P_drag=-3.571e-03, P_cool=-2.250e-03, WENO=0.065 (x=0.065, y=0.065), ReL2D=130.27, eps_nu=2.208e-03, P_hv=5.420e-06, rho_mean=1.000000, p_mean=0.718786, div_rms=3.827e-01, vort_rms=1.347e+00, mass_err=-4.508e-10
step=188400, t=69.204140, dt=3.493e-04, KE=7.653728e-02, Mt=0.3979, A_K=0.019, Cuv=0.077, P_in=2.165e-03, P_tgt=2.173e-03, A_F=0.158, K_low=0.251, P_drag=-3.736e-03, P_cool=-2.213e-03, WENO=0.067 (x=0.067, y=0.067), ReL2D=129.62, eps_nu=2.185e-03, P_hv=5.583e-06, rho_mean=1.000000, p_mean=0.718712, div_rms=3.877e-01, vort_rms=1.337e+00, mass_err=-4.523e-10
step=189000, t=69.414461, dt=3.526e-04, KE=7.590678e-02, Mt=0.3980, A_K=0.004, Cuv=0.081, P_in=2.251e-03, P_tgt=2.237e-03, A_F=0.038, K_low=0.267, P_drag=-3.912e-03, P_cool=-2.175e-03, WENO=0.070 (x=0.070, y=0.070), ReL2D=129.56, eps_nu=2.164e-03, P_hv=5.372e-06, rho_mean=1.000000, p_mean=0.718636, div_rms=3.948e-01, vort_rms=1.327e+00, mass_err=-4.537e-10
step=189600, t=69.625416, dt=3.491e-04, KE=7.532365e-02, Mt=0.3970, A_K=0.021, Cuv=0.076, P_in=2.326e-03, P_tgt=2.321e-03, A_F=0.033, K_low=0.281, P_drag=-4.070e-03, P_cool=-2.126e-03, WENO=0.066 (x=0.066, y=0.066), ReL2D=129.73, eps_nu=2.138e-03, P_hv=5.267e-06, rho_mean=1.000000, p_mean=0.718537, div_rms=4.005e-01, vort_rms=1.316e+00, mass_err=-4.552e-10
step=190200, t=69.835602, dt=3.528e-04, KE=7.480201e-02, Mt=0.3946, A_K=0.030, Cuv=0.057, P_in=2.464e-03, P_tgt=2.470e-03, A_F=0.137, K_low=0.289, P_drag=-4.179e-03, P_cool=-2.068e-03, WENO=0.068 (x=0.068, y=0.068), ReL2D=128.23, eps_nu=2.116e-03, P_hv=5.301e-06, rho_mean=1.000000, p_mean=0.718421, div_rms=4.064e-01, vort_rms=1.306e+00, mass_err=-4.566e-10
step=190800, t=70.047474, dt=3.532e-04, KE=7.411870e-02, Mt=0.3913, A_K=0.031, Cuv=0.038, P_in=2.755e-03, P_tgt=2.751e-03, A_F=0.093, K_low=0.292, P_drag=-4.228e-03, P_cool=-2.050e-03, WENO=0.068 (x=0.068, y=0.068), ReL2D=127.13, eps_nu=2.081e-03, P_hv=5.151e-06, rho_mean=1.000000, p_mean=0.718385, div_rms=4.032e-01, vort_rms=1.295e+00, mass_err=-4.581e-10
step=191400, t=70.260464, dt=3.576e-04, KE=7.333159e-02, Mt=0.3883, A_K=0.026, Cuv=0.021, P_in=3.238e-03, P_tgt=3.233e-03, A_F=0.201, K_low=0.294, P_drag=-4.238e-03, P_cool=-2.066e-03, WENO=0.067 (x=0.067, y=0.067), ReL2D=127.62, eps_nu=2.042e-03, P_hv=4.974e-06, rho_mean=1.000000, p_mean=0.718418, div_rms=3.882e-01, vort_rms=1.287e+00, mass_err=-4.595e-10
step=192000, t=70.476179, dt=3.599e-04, KE=7.260411e-02, Mt=0.3868, A_K=0.020, Cuv=0.006, P_in=3.933e-03, P_tgt=3.939e-03, A_F=0.113, K_low=0.296, P_drag=-4.225e-03, P_cool=-2.093e-03, WENO=0.071 (x=0.071, y=0.071), ReL2D=130.23, eps_nu=2.011e-03, P_hv=4.936e-06, rho_mean=1.000000, p_mean=0.718472, div_rms=3.731e-01, vort_rms=1.282e+00, mass_err=-4.610e-10
saved snapshot: results/hit2d/final_thesis_Mach_ReL130_N512/production_N512/Mt040_N512/hit2d_step0192200.npz
step=192600, t=70.692135, dt=3.606e-04, KE=7.220594e-02, Mt=0.3863, A_K=0.012, Cuv=-0.010, P_in=4.862e-03, P_tgt=4.874e-03, A_F=0.038, K_low=0.295, P_drag=-4.197e-03, P_cool=-2.090e-03, WENO=0.068 (x=0.068, y=0.068), ReL2D=132.20, eps_nu=1.996e-03, P_hv=4.776e-06, rho_mean=1.000000, p_mean=0.718465, div_rms=3.759e-01, vort_rms=1.276e+00, mass_err=-4.624e-10
step=193200, t=70.909698, dt=3.644e-04, KE=7.190503e-02, Mt=0.3856, A_K=0.001, Cuv=-0.027, P_in=6.069e-03, P_tgt=6.078e-03, A_F=0.106, K_low=0.294, P_drag=-4.163e-03, P_cool=-2.114e-03, WENO=0.063 (x=0.063, y=0.063), ReL2D=133.94, eps_nu=1.972e-03, P_hv=4.502e-06, rho_mean=1.000000, p_mean=0.718514, div_rms=3.650e-01, vort_rms=1.272e+00, mass_err=-4.638e-10
step=193800, t=71.129136, dt=3.672e-04, KE=7.181215e-02, Mt=0.3850, A_K=0.014, Cuv=-0.034, P_in=7.728e-03, P_tgt=7.689e-03, A_F=0.054, K_low=0.292, P_drag=-4.130e-03, P_cool=-2.157e-03, WENO=0.062 (x=0.062, y=0.062), ReL2D=135.34, eps_nu=1.963e-03, P_hv=4.395e-06, rho_mean=1.000000, p_mean=0.718600, div_rms=3.502e-01, vort_rms=1.274e+00, mass_err=-4.653e-10
step=194400, t=71.349499, dt=3.676e-04, KE=7.223288e-02, Mt=0.3862, A_K=0.027, Cuv=-0.032, P_in=9.678e-03, P_tgt=9.677e-03, A_F=0.017, K_low=0.289, P_drag=-4.102e-03, P_cool=-2.178e-03, WENO=0.052 (x=0.052, y=0.052), ReL2D=137.10, eps_nu=1.998e-03, P_hv=4.383e-06, rho_mean=1.000000, p_mean=0.718641, div_rms=3.493e-01, vort_rms=1.287e+00, mass_err=-4.667e-10
step=195000, t=71.569670, dt=3.677e-04, KE=7.325034e-02, Mt=0.3894, A_K=0.043, Cuv=-0.026, P_in=1.178e-02, P_tgt=1.175e-02, A_F=0.034, K_low=0.284, P_drag=-4.075e-03, P_cool=-2.171e-03, WENO=0.051 (x=0.051, y=0.051), ReL2D=136.50, eps_nu=2.062e-03, P_hv=4.455e-06, rho_mean=1.000000, p_mean=0.718627, div_rms=3.545e-01, vort_rms=1.307e+00, mass_err=-4.682e-10
step=195600, t=71.790645, dt=3.667e-04, KE=7.462117e-02, Mt=0.3932, A_K=0.053, Cuv=-0.020, P_in=1.347e-02, P_tgt=1.346e-02, A_F=0.138, K_low=0.277, P_drag=-4.035e-03, P_cool=-2.181e-03, WENO=0.054 (x=0.054, y=0.054), ReL2D=135.02, eps_nu=2.151e-03, P_hv=4.446e-06, rho_mean=1.000000, p_mean=0.718648, div_rms=3.609e-01, vort_rms=1.336e+00, mass_err=-4.696e-10
step=196200, t=72.008470, dt=3.604e-04, KE=7.592634e-02, Mt=0.3972, A_K=0.041, Cuv=-0.030, P_in=1.445e-02, P_tgt=1.448e-02, A_F=0.036, K_low=0.268, P_drag=-3.963e-03, P_cool=-2.261e-03, WENO=0.056 (x=0.056, y=0.056), ReL2D=135.14, eps_nu=2.239e-03, P_hv=4.559e-06, rho_mean=1.000000, p_mean=0.718808, div_rms=3.598e-01, vort_rms=1.365e+00, mass_err=-4.711e-10
step=196800, t=72.224740, dt=3.563e-04, KE=7.721222e-02, Mt=0.4010, A_K=0.030, Cuv=-0.023, P_in=1.472e-02, P_tgt=1.469e-02, A_F=0.118, K_low=0.257, P_drag=-3.867e-03, P_cool=-2.369e-03, WENO=0.063 (x=0.063, y=0.063), ReL2D=136.06, eps_nu=2.336e-03, P_hv=4.672e-06, rho_mean=1.000000, p_mean=0.719024, div_rms=3.621e-01, vort_rms=1.397e+00, mass_err=-4.725e-10
step=197400, t=72.434464, dt=3.442e-04, KE=7.844451e-02, Mt=0.4048, A_K=0.018, Cuv=-0.009, P_in=1.404e-02, P_tgt=1.406e-02, A_F=0.025, K_low=0.247, P_drag=-3.764e-03, P_cool=-2.467e-03, WENO=0.059 (x=0.059, y=0.059), ReL2D=137.17, eps_nu=2.418e-03, P_hv=4.959e-06, rho_mean=1.000000, p_mean=0.719219, div_rms=3.636e-01, vort_rms=1.423e+00, mass_err=-4.739e-10
step=197454, t=72.452981, dt=2.913e-04, KE=7.855705e-02, Mt=0.4051, A_K=0.017, Cuv=-0.009, P_in=1.399e-02, P_tgt=1.396e-02, A_F=0.073, K_low=0.246, P_drag=-3.755e-03, P_cool=-2.473e-03, WENO=0.058 (x=0.058, y=0.058), ReL2D=137.16, eps_nu=2.425e-03, P_hv=4.793e-06, rho_mean=1.000000, p_mean=0.719231, div_rms=3.638e-01, vort_rms=1.425e+00, mass_err=-4.741e-10
saved snapshot: results/hit2d/final_thesis_Mach_ReL130_N512/production_N512/Mt040_N512/hit2d_step0197454.npz
completed 2D HIT run at t=72.452981 in 197454 steps
Post-processing FINAL Mt=0.40
FINISHED FINAL Mt=0.40 at Wed Aug 19 01:36:26 PM CEST 2026

================================================================
START FINAL Mt=0.50 at Wed Aug 19 01:36:26 PM CEST 2026
N=512x512; Mt=0.50; mu=0.00131565; tfinal=57.96238446; CFL=0.10
================================================================
Using array backend: cupy
saved run configuration: results/hit2d/final_thesis_Mach_ReL130_N512/production_N512/Mt050_N512/config.json
step=     0, t=0.000000, dt=0.000e+00, KE=1.250000e-01, Mt=0.5000, A_K=0.000, Cuv=0.000, P_in=0.000e+00, P_tgt=0.000e+00, A_F=0.000, K_low=0.000, P_drag=0.000e+00, P_cool=0.000e+00, WENO=0.012 (x=0.012, y=0.012), ReL2D=137.92, eps_nu=5.002e-03, P_hv=0.000e+00, rho_mean=1.000000, p_mean=0.714286, div_rms=3.220e-14, vort_rms=1.950e+00, mass_err=0.000e+00
warning: cumulative forcing cross-correlation is high (|Fxy|/(Fxx+Fyy)=0.152)
step=   500, t=0.172631, dt=3.460e-04, KE=1.234426e-01, Mt=0.4970, A_K=0.000, Cuv=-0.002, P_in=1.175e-03, P_tgt=1.011e-03, A_F=0.064, K_low=0.003, P_drag=-7.070e-05, P_cool=-3.449e-04, WENO=0.021 (x=0.021, y=0.021), ReL2D=129.73, eps_nu=5.109e-03, P_hv=4.114e-06, rho_mean=1.000000, p_mean=0.714975, div_rms=4.381e-01, vort_rms=1.905e+00, mass_err=-1.215e-12
warning: cumulative forcing cross-correlation is high (|Fxy|/(Fxx+Fyy)=0.146)
step=  1000, t=0.346731, dt=3.512e-04, KE=1.159227e-01, Mt=0.4837, A_K=0.002, Cuv=-0.014, P_in=1.106e-03, P_tgt=1.107e-03, A_F=0.041, K_low=0.010, P_drag=-2.400e-04, P_cool=-1.846e-03, WENO=0.025 (x=0.025, y=0.025), ReL2D=125.86, eps_nu=4.863e-03, P_hv=4.198e-06, rho_mean=1.000000, p_mean=0.717977, div_rms=4.915e-01, vort_rms=1.837e+00, mass_err=-2.423e-12
warning: cumulative forcing cross-correlation is high (|Fxy|/(Fxx+Fyy)=0.137)
step=  1500, t=0.524926, dt=3.626e-04, KE=1.078307e-01, Mt=0.4723, A_K=0.003, Cuv=-0.024, P_in=1.421e-03, P_tgt=1.420e-03, A_F=0.200, K_low=0.019, P_drag=-4.059e-04, P_cool=-3.400e-03, WENO=0.043 (x=0.043, y=0.043), ReL2D=118.57, eps_nu=4.920e-03, P_hv=4.542e-06, rho_mean=1.000000, p_mean=0.721086, div_rms=5.876e-01, vort_rms=1.811e+00, mass_err=-3.602e-12
warning: cumulative forcing cross-correlation is high (|Fxy|/(Fxx+Fyy)=0.108)
step=  2000, t=0.709833, dt=3.768e-04, KE=1.051804e-01, Mt=0.4755, A_K=0.004, Cuv=-0.037, P_in=1.910e-03, P_tgt=1.904e-03, A_F=0.160, K_low=0.025, P_drag=-4.933e-04, P_cool=-3.839e-03, WENO=0.051 (x=0.051, y=0.051), ReL2D=107.71, eps_nu=5.608e-03, P_hv=5.169e-06, rho_mean=1.000000, p_mean=0.721964, div_rms=8.374e-01, vort_rms=1.824e+00, mass_err=-4.775e-12
step=  2500, t=0.899420, dt=3.767e-04, KE=1.054248e-01, Mt=0.4814, A_K=0.005, Cuv=-0.051, P_in=2.425e-03, P_tgt=2.388e-03, A_F=0.165, K_low=0.027, P_drag=-4.995e-04, P_cool=-3.711e-03, WENO=0.062 (x=0.062, y=0.062), ReL2D=101.25, eps_nu=6.284e-03, P_hv=5.589e-06, rho_mean=1.000000, p_mean=0.721708, div_rms=1.027e+00, vort_rms=1.836e+00, mass_err=-5.933e-12
step=  3000, t=1.085234, dt=3.687e-04, KE=1.057566e-01, Mt=0.4807, A_K=0.031, Cuv=-0.064, P_in=2.868e-03, P_tgt=2.899e-03, A_F=0.002, K_low=0.028, P_drag=-4.698e-04, P_cool=-3.599e-03, WENO=0.061 (x=0.061, y=0.061), ReL2D=100.49, eps_nu=6.351e-03, P_hv=5.966e-06, rho_mean=1.000000, p_mean=0.721483, div_rms=1.047e+00, vort_rms=1.835e+00, mass_err=-7.113e-12
step=  3500, t=1.269127, dt=3.633e-04, KE=1.058508e-01, Mt=0.4769, A_K=0.024, Cuv=-0.037, P_in=3.667e-03, P_tgt=3.628e-03, A_F=0.200, K_low=0.029, P_drag=-4.591e-04, P_cool=-3.551e-03, WENO=0.060 (x=0.060, y=0.060), ReL2D=102.67, eps_nu=6.014e-03, P_hv=6.187e-06, rho_mean=1.000000, p_mean=0.721387, div_rms=9.632e-01, vort_rms=1.826e+00, mass_err=-8.285e-12
step=  4000, t=1.447486, dt=3.566e-04, KE=1.061796e-01, Mt=0.4740, A_K=0.046, Cuv=-0.008, P_in=4.776e-03, P_tgt=4.735e-03, A_F=0.208, K_low=0.029, P_drag=-4.960e-04, P_cool=-3.489e-03, WENO=0.064 (x=0.064, y=0.064), ReL2D=105.47, eps_nu=5.741e-03, P_hv=6.646e-06, rho_mean=1.000000, p_mean=0.721264, div_rms=8.817e-01, vort_rms=1.824e+00, mass_err=-9.464e-12
step=  4500, t=1.628380, dt=3.670e-04, KE=1.064590e-01, Mt=0.4726, A_K=0.062, Cuv=0.020, P_in=6.364e-03, P_tgt=6.341e-03, A_F=0.042, K_low=0.032, P_drag=-5.930e-04, P_cool=-3.487e-03, WENO=0.081 (x=0.081, y=0.081), ReL2D=108.20, eps_nu=5.598e-03, P_hv=7.154e-06, rho_mean=1.000000, p_mean=0.721259, div_rms=8.194e-01, vort_rms=1.833e+00, mass_err=-1.064e-11
step=  5000, t=1.810980, dt=3.635e-04, KE=1.069383e-01, Mt=0.4727, A_K=0.077, Cuv=0.001, P_in=8.576e-03, P_tgt=8.551e-03, A_F=0.039, K_low=0.038, P_drag=-7.385e-04, P_cool=-3.511e-03, WENO=0.097 (x=0.097, y=0.097), ReL2D=109.95, eps_nu=5.549e-03, P_hv=7.657e-06, rho_mean=1.000000, p_mean=0.721307, div_rms=7.857e-01, vort_rms=1.842e+00, mass_err=-1.182e-11
saved snapshot: results/hit2d/final_thesis_Mach_ReL130_N512/production_N512/Mt050_N512/hit2d_step0005000.npz
step=  5500, t=1.989374, dt=3.551e-04, KE=1.080076e-01, Mt=0.4747, A_K=0.084, Cuv=-0.026, P_in=1.135e-02, P_tgt=1.138e-02, A_F=0.190, K_low=0.044, P_drag=-8.758e-04, P_cool=-3.498e-03, WENO=0.103 (x=0.103, y=0.103), ReL2D=109.37, eps_nu=5.636e-03, P_hv=8.733e-06, rho_mean=1.000000, p_mean=0.721282, div_rms=8.073e-01, vort_rms=1.848e+00, mass_err=-1.300e-11
step=  6000, t=2.165278, dt=3.464e-04, KE=1.092973e-01, Mt=0.4771, A_K=0.091, Cuv=-0.041, P_in=1.468e-02, P_tgt=1.476e-02, A_F=0.347, K_low=0.046, P_drag=-9.413e-04, P_cool=-3.542e-03, WENO=0.100 (x=0.100, y=0.100), ReL2D=108.52, eps_nu=5.777e-03, P_hv=1.008e-05, rho_mean=1.000000, p_mean=0.721370, div_rms=8.263e-01, vort_rms=1.866e+00, mass_err=-1.419e-11
step=  6500, t=2.336751, dt=3.417e-04, KE=1.111381e-01, Mt=0.4801, A_K=0.114, Cuv=-0.048, P_in=1.846e-02, P_tgt=1.853e-02, A_F=0.227, K_low=0.043, P_drag=-9.146e-04, P_cool=-3.589e-03, WENO=0.097 (x=0.097, y=0.097), ReL2D=106.96, eps_nu=6.024e-03, P_hv=1.088e-05, rho_mean=1.000000, p_mean=0.721464, div_rms=8.777e-01, vort_rms=1.885e+00, mass_err=-1.538e-11
step=  7000, t=2.508733, dt=3.461e-04, KE=1.125527e-01, Mt=0.4818, A_K=0.135, Cuv=-0.045, P_in=2.262e-02, P_tgt=2.266e-02, A_F=0.113, K_low=0.039, P_drag=-8.465e-04, P_cool=-3.856e-03, WENO=0.098 (x=0.098, y=0.098), ReL2D=107.66, eps_nu=6.095e-03, P_hv=1.090e-05, rho_mean=1.000000, p_mean=0.721997, div_rms=8.644e-01, vort_rms=1.907e+00, mass_err=-1.658e-11
step=  7500, t=2.681475, dt=3.448e-04, KE=1.141090e-01, Mt=0.4847, A_K=0.135, Cuv=-0.023, P_in=2.683e-02, P_tgt=2.707e-02, A_F=0.055, K_low=0.038, P_drag=-8.108e-04, P_cool=-4.236e-03, WENO=0.096 (x=0.096, y=0.096), ReL2D=110.87, eps_nu=6.145e-03, P_hv=1.160e-05, rho_mean=1.000000, p_mean=0.722758, div_rms=8.464e-01, vort_rms=1.928e+00, mass_err=-1.777e-11
step=  8000, t=2.854665, dt=3.478e-04, KE=1.166140e-01, Mt=0.4906, A_K=0.142, Cuv=-0.007, P_in=3.099e-02, P_tgt=3.091e-02, A_F=0.174, K_low=0.040, P_drag=-8.504e-04, P_cool=-4.563e-03, WENO=0.093 (x=0.093, y=0.093), ReL2D=114.95, eps_nu=6.252e-03, P_hv=1.249e-05, rho_mean=1.000000, p_mean=0.723412, div_rms=8.380e-01, vort_rms=1.953e+00, mass_err=-1.895e-11
step=  8500, t=3.027816, dt=3.452e-04, KE=1.203255e-01, Mt=0.4999, A_K=0.149, Cuv=-0.012, P_in=3.264e-02, P_tgt=3.249e-02, A_F=0.287, K_low=0.045, P_drag=-9.949e-04, P_cool=-4.735e-03, WENO=0.088 (x=0.088, y=0.088), ReL2D=118.14, eps_nu=6.424e-03, P_hv=1.338e-05, rho_mean=1.000000, p_mean=0.723755, div_rms=8.441e-01, vort_rms=1.983e+00, mass_err=-2.013e-11
step=  9000, t=3.198607, dt=3.388e-04, KE=1.240717e-01, Mt=0.5089, A_K=0.151, Cuv=-0.033, P_in=3.120e-02, P_tgt=3.107e-02, A_F=0.285, K_low=0.056, P_drag=-1.256e-03, P_cool=-4.876e-03, WENO=0.084 (x=0.084, y=0.084), ReL2D=119.64, eps_nu=6.586e-03, P_hv=1.446e-05, rho_mean=1.000000, p_mean=0.724038, div_rms=8.603e-01, vort_rms=2.005e+00, mass_err=-2.131e-11
step=  9500, t=3.367118, dt=3.363e-04, KE=1.272985e-01, Mt=0.5162, A_K=0.151, Cuv=-0.054, P_in=2.749e-02, P_tgt=2.751e-02, A_F=0.330, K_low=0.069, P_drag=-1.583e-03, P_cool=-5.008e-03, WENO=0.084 (x=0.084, y=0.084), ReL2D=120.08, eps_nu=6.762e-03, P_hv=1.577e-05, rho_mean=1.000000, p_mean=0.724302, div_rms=8.824e-01, vort_rms=2.025e+00, mass_err=-2.249e-11
step= 10000, t=3.535877, dt=3.379e-04, KE=1.296597e-01, Mt=0.5222, A_K=0.140, Cuv=-0.071, P_in=2.293e-02, P_tgt=2.293e-02, A_F=0.299, K_low=0.081, P_drag=-1.900e-03, P_cool=-5.160e-03, WENO=0.092 (x=0.092, y=0.092), ReL2D=120.49, eps_nu=6.876e-03, P_hv=1.631e-05, rho_mean=1.000000, p_mean=0.724605, div_rms=8.924e-01, vort_rms=2.041e+00, mass_err=-2.368e-11
saved snapshot: results/hit2d/final_thesis_Mach_ReL130_N512/production_N512/Mt050_N512/hit2d_step0010000.npz
step= 10500, t=3.702336, dt=3.287e-04, KE=1.311387e-01, Mt=0.5267, A_K=0.131, Cuv=-0.076, P_in=1.816e-02, P_tgt=1.825e-02, A_F=0.160, K_low=0.090, P_drag=-2.148e-03, P_cool=-5.308e-03, WENO=0.099 (x=0.099, y=0.099), ReL2D=120.68, eps_nu=6.911e-03, P_hv=1.676e-05, rho_mean=1.000000, p_mean=0.724902, div_rms=8.877e-01, vort_rms=2.050e+00, mass_err=-2.485e-11
step= 11000, t=3.865671, dt=3.256e-04, KE=1.323441e-01, Mt=0.5307, A_K=0.128, Cuv=-0.073, P_in=1.400e-02, P_tgt=1.401e-02, A_F=0.089, K_low=0.095, P_drag=-2.328e-03, P_cool=-5.345e-03, WENO=0.100 (x=0.100, y=0.100), ReL2D=120.60, eps_nu=6.914e-03, P_hv=1.703e-05, rho_mean=1.000000, p_mean=0.724975, div_rms=8.946e-01, vort_rms=2.047e+00, mass_err=-2.602e-11
step= 11500, t=4.027481, dt=3.213e-04, KE=1.334078e-01, Mt=0.5341, A_K=0.127, Cuv=-0.059, P_in=1.045e-02, P_tgt=1.043e-02, A_F=0.129, K_low=0.099, P_drag=-2.464e-03, P_cool=-5.276e-03, WENO=0.102 (x=0.102, y=0.102), ReL2D=119.54, eps_nu=6.986e-03, P_hv=1.716e-05, rho_mean=1.000000, p_mean=0.724837, div_rms=9.359e-01, vort_rms=2.035e+00, mass_err=-2.719e-11
step= 12000, t=4.189479, dt=3.279e-04, KE=1.335524e-01, Mt=0.5361, A_K=0.126, Cuv=-0.035, P_in=7.592e-03, P_tgt=7.575e-03, A_F=0.083, K_low=0.103, P_drag=-2.580e-03, P_cool=-5.283e-03, WENO=0.095 (x=0.095, y=0.095), ReL2D=117.68, eps_nu=7.111e-03, P_hv=1.717e-05, rho_mean=1.000000, p_mean=0.724851, div_rms=9.903e-01, vort_rms=2.024e+00, mass_err=-2.836e-11
step= 12500, t=4.354681, dt=3.324e-04, KE=1.325018e-01, Mt=0.5356, A_K=0.122, Cuv=-0.012, P_in=5.444e-03, P_tgt=5.473e-03, A_F=0.037, K_low=0.108, P_drag=-2.693e-03, P_cool=-5.441e-03, WENO=0.087 (x=0.087, y=0.087), ReL2D=116.06, eps_nu=7.128e-03, P_hv=1.721e-05, rho_mean=1.000000, p_mean=0.725168, div_rms=1.012e+00, vort_rms=2.013e+00, mass_err=-2.953e-11
step= 13000, t=4.522006, dt=3.375e-04, KE=1.309926e-01, Mt=0.5325, A_K=0.112, Cuv=-0.008, P_in=3.973e-03, P_tgt=4.012e-03, A_F=0.149, K_low=0.114, P_drag=-2.812e-03, P_cool=-5.623e-03, WENO=0.091 (x=0.091, y=0.091), ReL2D=114.01, eps_nu=7.108e-03, P_hv=1.719e-05, rho_mean=1.000000, p_mean=0.725531, div_rms=1.029e+00, vort_rms=1.998e+00, mass_err=-3.070e-11
step= 13500, t=4.691900, dt=3.416e-04, KE=1.288219e-01, Mt=0.5268, A_K=0.103, Cuv=-0.018, P_in=3.039e-03, P_tgt=3.052e-03, A_F=0.092, K_low=0.120, P_drag=-2.935e-03, P_cool=-5.883e-03, WENO=0.088 (x=0.088, y=0.088), ReL2D=112.42, eps_nu=6.984e-03, P_hv=1.702e-05, rho_mean=1.000000, p_mean=0.726052, div_rms=1.021e+00, vort_rms=1.980e+00, mass_err=-3.187e-11
step= 14000, t=4.862240, dt=3.389e-04, KE=1.263461e-01, Mt=0.5217, A_K=0.100, Cuv=-0.029, P_in=2.463e-03, P_tgt=2.439e-03, A_F=0.114, K_low=0.128, P_drag=-3.062e-03, P_cool=-6.165e-03, WENO=0.090 (x=0.090, y=0.090), ReL2D=111.08, eps_nu=6.813e-03, P_hv=1.743e-05, rho_mean=1.000000, p_mean=0.726615, div_rms=9.980e-01, vort_rms=1.962e+00, mass_err=-3.304e-11
step= 14500, t=5.030965, dt=3.370e-04, KE=1.242031e-01, Mt=0.5191, A_K=0.105, Cuv=-0.034, P_in=2.041e-03, P_tgt=2.015e-03, A_F=0.221, K_low=0.136, P_drag=-3.185e-03, P_cool=-6.353e-03, WENO=0.089 (x=0.089, y=0.089), ReL2D=110.33, eps_nu=6.718e-03, P_hv=1.727e-05, rho_mean=1.000000, p_mean=0.726991, div_rms=9.863e-01, vort_rms=1.952e+00, mass_err=-3.420e-11
step= 15000, t=5.199548, dt=3.374e-04, KE=1.223197e-01, Mt=0.5168, A_K=0.112, Cuv=-0.025, P_in=1.700e-03, P_tgt=1.697e-03, A_F=0.141, K_low=0.144, P_drag=-3.280e-03, P_cool=-6.468e-03, WENO=0.089 (x=0.089, y=0.089), ReL2D=110.34, eps_nu=6.656e-03, P_hv=1.802e-05, rho_mean=1.000000, p_mean=0.727222, div_rms=9.786e-01, vort_rms=1.945e+00, mass_err=-3.536e-11
saved snapshot: results/hit2d/final_thesis_Mach_ReL130_N512/production_N512/Mt050_N512/hit2d_step0015000.npz
step= 15500, t=5.368654, dt=3.393e-04, KE=1.205895e-01, Mt=0.5125, A_K=0.114, Cuv=-0.010, P_in=1.482e-03, P_tgt=1.473e-03, A_F=0.010, K_low=0.149, P_drag=-3.346e-03, P_cool=-6.536e-03, WENO=0.093 (x=0.093, y=0.093), ReL2D=109.28, eps_nu=6.548e-03, P_hv=1.824e-05, rho_mean=1.000000, p_mean=0.727359, div_rms=9.624e-01, vort_rms=1.934e+00, mass_err=-3.650e-11
step= 16000, t=5.538951, dt=3.420e-04, KE=1.193905e-01, Mt=0.5078, A_K=0.110, Cuv=0.000, P_in=1.317e-03, P_tgt=1.335e-03, A_F=0.083, K_low=0.153, P_drag=-3.405e-03, P_cool=-6.488e-03, WENO=0.095 (x=0.095, y=0.095), ReL2D=108.15, eps_nu=6.452e-03, P_hv=1.758e-05, rho_mean=1.000000, p_mean=0.727261, div_rms=9.628e-01, vort_rms=1.915e+00, mass_err=-3.766e-11
step= 16500, t=5.709503, dt=3.377e-04, KE=1.187400e-01, Mt=0.5035, A_K=0.098, Cuv=0.010, P_in=1.257e-03, P_tgt=1.264e-03, A_F=0.001, K_low=0.156, P_drag=-3.502e-03, P_cool=-6.332e-03, WENO=0.089 (x=0.089, y=0.089), ReL2D=107.08, eps_nu=6.355e-03, P_hv=1.724e-05, rho_mean=1.000000, p_mean=0.726950, div_rms=9.686e-01, vort_rms=1.892e+00, mass_err=-3.882e-11
step= 17000, t=5.876808, dt=3.313e-04, KE=1.180455e-01, Mt=0.4991, A_K=0.080, Cuv=0.019, P_in=1.260e-03, P_tgt=1.247e-03, A_F=0.107, K_low=0.163, P_drag=-3.687e-03, P_cool=-6.185e-03, WENO=0.087 (x=0.087, y=0.087), ReL2D=106.67, eps_nu=6.209e-03, P_hv=1.728e-05, rho_mean=1.000000, p_mean=0.726655, div_rms=9.620e-01, vort_rms=1.867e+00, mass_err=-3.998e-11
step= 17500, t=6.041991, dt=3.294e-04, KE=1.175099e-01, Mt=0.4956, A_K=0.059, Cuv=0.027, P_in=1.297e-03, P_tgt=1.283e-03, A_F=0.055, K_low=0.174, P_drag=-3.976e-03, P_cool=-6.007e-03, WENO=0.087 (x=0.087, y=0.087), ReL2D=107.37, eps_nu=5.992e-03, P_hv=1.676e-05, rho_mean=1.000000, p_mean=0.726299, div_rms=9.302e-01, vort_rms=1.844e+00, mass_err=-4.114e-11
step= 18000, t=6.206259, dt=3.294e-04, KE=1.171961e-01, Mt=0.4940, A_K=0.037, Cuv=0.036, P_in=1.358e-03, P_tgt=1.353e-03, A_F=0.012, K_low=0.191, P_drag=-4.359e-03, P_cool=-5.783e-03, WENO=0.086 (x=0.086, y=0.086), ReL2D=109.60, eps_nu=5.772e-03, P_hv=1.578e-05, rho_mean=1.000000, p_mean=0.725852, div_rms=8.856e-01, vort_rms=1.828e+00, mass_err=-4.231e-11
step= 18500, t=6.372097, dt=3.336e-04, KE=1.164105e-01, Mt=0.4927, A_K=0.014, Cuv=0.042, P_in=1.455e-03, P_tgt=1.448e-03, A_F=0.125, K_low=0.213, P_drag=-4.807e-03, P_cool=-5.644e-03, WENO=0.091 (x=0.091, y=0.091), ReL2D=111.33, eps_nu=5.528e-03, P_hv=1.498e-05, rho_mean=1.000000, p_mean=0.725574, div_rms=8.338e-01, vort_rms=1.810e+00, mass_err=-4.349e-11
step= 19000, t=6.537852, dt=3.306e-04, KE=1.154234e-01, Mt=0.4912, A_K=0.015, Cuv=0.042, P_in=1.572e-03, P_tgt=1.573e-03, A_F=0.130, K_low=0.238, P_drag=-5.268e-03, P_cool=-5.536e-03, WENO=0.094 (x=0.094, y=0.094), ReL2D=112.13, eps_nu=5.310e-03, P_hv=1.455e-05, rho_mean=1.000000, p_mean=0.725358, div_rms=7.935e-01, vort_rms=1.788e+00, mass_err=-4.466e-11
step= 19500, t=6.704498, dt=3.330e-04, KE=1.144972e-01, Mt=0.4900, A_K=0.055, Cuv=0.037, P_in=1.724e-03, P_tgt=1.734e-03, A_F=0.004, K_low=0.260, P_drag=-5.697e-03, P_cool=-5.408e-03, WENO=0.095 (x=0.095, y=0.095), ReL2D=112.38, eps_nu=5.180e-03, P_hv=1.421e-05, rho_mean=1.000000, p_mean=0.725102, div_rms=7.831e-01, vort_rms=1.766e+00, mass_err=-4.584e-11
step= 20000, t=6.869663, dt=3.293e-04, KE=1.136268e-01, Mt=0.4886, A_K=0.103, Cuv=0.033, P_in=1.930e-03, P_tgt=1.935e-03, A_F=0.065, K_low=0.279, P_drag=-6.042e-03, P_cool=-5.270e-03, WENO=0.094 (x=0.094, y=0.094), ReL2D=112.92, eps_nu=5.108e-03, P_hv=1.447e-05, rho_mean=1.000000, p_mean=0.724826, div_rms=7.895e-01, vort_rms=1.747e+00, mass_err=-4.703e-11
saved snapshot: results/hit2d/final_thesis_Mach_ReL130_N512/production_N512/Mt050_N512/hit2d_step0020000.npz
step= 20500, t=7.033971, dt=3.276e-04, KE=1.125694e-01, Mt=0.4863, A_K=0.149, Cuv=0.033, P_in=2.194e-03, P_tgt=2.201e-03, A_F=0.114, K_low=0.292, P_drag=-6.279e-03, P_cool=-5.176e-03, WENO=0.092 (x=0.092, y=0.092), ReL2D=113.60, eps_nu=4.989e-03, P_hv=1.472e-05, rho_mean=1.000000, p_mean=0.724639, div_rms=7.767e-01, vort_rms=1.728e+00, mass_err=-4.821e-11
step= 21000, t=7.197033, dt=3.245e-04, KE=1.113860e-01, Mt=0.4835, A_K=0.187, Cuv=0.040, P_in=2.552e-03, P_tgt=2.578e-03, A_F=0.021, K_low=0.301, P_drag=-6.407e-03, P_cool=-5.122e-03, WENO=0.088 (x=0.088, y=0.088), ReL2D=113.44, eps_nu=4.878e-03, P_hv=1.448e-05, rho_mean=1.000000, p_mean=0.724530, div_rms=7.692e-01, vort_rms=1.708e+00, mass_err=-4.940e-11
warning: flow component anisotropy has increased over the last three diagnostic samples
step= 21500, t=7.358627, dt=3.224e-04, KE=1.103035e-01, Mt=0.4807, A_K=0.211, Cuv=0.052, P_in=3.123e-03, P_tgt=3.113e-03, A_F=0.077, K_low=0.305, P_drag=-6.443e-03, P_cool=-5.067e-03, WENO=0.080 (x=0.080, y=0.080), ReL2D=110.57, eps_nu=4.888e-03, P_hv=1.447e-05, rho_mean=1.000000, p_mean=0.724420, div_rms=8.046e-01, vort_rms=1.689e+00, mass_err=-5.058e-11
warning: flow component anisotropy has increased over the last three diagnostic samples
step= 22000, t=7.518971, dt=3.192e-04, KE=1.087752e-01, Mt=0.4765, A_K=0.223, Cuv=0.061, P_in=3.919e-03, P_tgt=3.909e-03, A_F=0.117, K_low=0.307, P_drag=-6.407e-03, P_cool=-5.123e-03, WENO=0.073 (x=0.073, y=0.073), ReL2D=108.39, eps_nu=4.850e-03, P_hv=1.443e-05, rho_mean=1.000000, p_mean=0.724531, div_rms=8.151e-01, vort_rms=1.673e+00, mass_err=-5.176e-11
warning: flow component anisotropy has increased over the last three diagnostic samples
step= 22500, t=7.677567, dt=3.120e-04, KE=1.070712e-01, Mt=0.4716, A_K=0.226, Cuv=0.069, P_in=5.182e-03, P_tgt=5.176e-03, A_F=0.223, K_low=0.307, P_drag=-6.323e-03, P_cool=-5.242e-03, WENO=0.071 (x=0.071, y=0.071), ReL2D=107.44, eps_nu=4.757e-03, P_hv=1.451e-05, rho_mean=1.000000, p_mean=0.724769, div_rms=8.008e-01, vort_rms=1.661e+00, mass_err=-5.294e-11
warning: flow component anisotropy has increased over the last three diagnostic samples
step= 23000, t=7.834107, dt=3.129e-04, KE=1.055822e-01, Mt=0.4674, A_K=0.227, Cuv=0.075, P_in=7.228e-03, P_tgt=7.245e-03, A_F=0.189, K_low=0.306, P_drag=-6.216e-03, P_cool=-5.366e-03, WENO=0.075 (x=0.075, y=0.075), ReL2D=107.10, eps_nu=4.667e-03, P_hv=1.466e-05, rho_mean=1.000000, p_mean=0.725017, div_rms=7.790e-01, vort_rms=1.655e+00, mass_err=-5.412e-11
warning: flow component anisotropy has increased over the last three diagnostic samples
step= 23500, t=7.990597, dt=3.131e-04, KE=1.048596e-01, Mt=0.4651, A_K=0.235, Cuv=0.074, P_in=1.055e-02, P_tgt=1.058e-02, A_F=0.040, K_low=0.302, P_drag=-6.109e-03, P_cool=-5.418e-03, WENO=0.077 (x=0.077, y=0.077), ReL2D=108.17, eps_nu=4.604e-03, P_hv=1.433e-05, rho_mean=1.000000, p_mean=0.725123, div_rms=7.632e-01, vort_rms=1.650e+00, mass_err=-5.530e-11
warning: flow component anisotropy has increased over the last three diagnostic samples
step= 24000, t=8.148177, dt=3.183e-04, KE=1.051967e-01, Mt=0.4660, A_K=0.247, Cuv=0.071, P_in=1.555e-02, P_tgt=1.558e-02, A_F=0.091, K_low=0.295, P_drag=-5.999e-03, P_cool=-5.391e-03, WENO=0.079 (x=0.079, y=0.079), ReL2D=109.96, eps_nu=4.573e-03, P_hv=1.411e-05, rho_mean=1.000000, p_mean=0.725068, div_rms=7.624e-01, vort_rms=1.643e+00, mass_err=-5.649e-11
warning: flow component anisotropy has increased over the last three diagnostic samples
step= 24500, t=8.309106, dt=3.253e-04, KE=1.063737e-01, Mt=0.4689, A_K=0.254, Cuv=0.076, P_in=2.240e-02, P_tgt=2.237e-02, A_F=0.084, K_low=0.287, P_drag=-5.883e-03, P_cool=-5.391e-03, WENO=0.080 (x=0.080, y=0.080), ReL2D=111.81, eps_nu=4.566e-03, P_hv=1.319e-05, rho_mean=1.000000, p_mean=0.725068, div_rms=7.564e-01, vort_rms=1.646e+00, mass_err=-5.767e-11
step= 25000, t=8.473754, dt=3.324e-04, KE=1.082573e-01, Mt=0.4731, A_K=0.250, Cuv=0.085, P_in=3.083e-02, P_tgt=3.079e-02, A_F=0.255, K_low=0.276, P_drag=-5.755e-03, P_cool=-5.511e-03, WENO=0.082 (x=0.082, y=0.082), ReL2D=113.60, eps_nu=4.632e-03, P_hv=1.245e-05, rho_mean=1.000000, p_mean=0.725307, div_rms=7.538e-01, vort_rms=1.662e+00, mass_err=-5.885e-11
saved snapshot: results/hit2d/final_thesis_Mach_ReL130_N512/production_N512/Mt050_N512/hit2d_step0025000.npz
step= 25500, t=8.639586, dt=3.304e-04, KE=1.109971e-01, Mt=0.4787, A_K=0.241, Cuv=0.087, P_in=3.997e-02, P_tgt=3.998e-02, A_F=0.024, K_low=0.262, P_drag=-5.620e-03, P_cool=-5.761e-03, WENO=0.084 (x=0.084, y=0.084), ReL2D=116.34, eps_nu=4.723e-03, P_hv=1.254e-05, rho_mean=1.000000, p_mean=0.725807, div_rms=7.412e-01, vort_rms=1.690e+00, mass_err=-6.003e-11
step= 26000, t=8.802862, dt=3.223e-04, KE=1.153486e-01, Mt=0.4872, A_K=0.224, Cuv=0.080, P_in=4.780e-02, P_tgt=4.798e-02, A_F=0.171, K_low=0.244, P_drag=-5.520e-03, P_cool=-5.962e-03, WENO=0.085 (x=0.085, y=0.085), ReL2D=119.92, eps_nu=4.879e-03, P_hv=1.320e-05, rho_mean=1.000000, p_mean=0.726210, div_rms=7.357e-01, vort_rms=1.728e+00, mass_err=-6.121e-11
step= 26500, t=8.961728, dt=3.145e-04, KE=1.212290e-01, Mt=0.4983, A_K=0.208, Cuv=0.055, P_in=5.157e-02, P_tgt=5.177e-02, A_F=0.018, K_low=0.228, P_drag=-5.514e-03, P_cool=-6.021e-03, WENO=0.079 (x=0.079, y=0.079), ReL2D=124.28, eps_nu=5.095e-03, P_hv=1.384e-05, rho_mean=1.000000, p_mean=0.726328, div_rms=7.460e-01, vort_rms=1.769e+00, mass_err=-6.239e-11
step= 27000, t=9.118223, dt=3.121e-04, KE=1.276383e-01, Mt=0.5108, A_K=0.200, Cuv=0.037, P_in=4.957e-02, P_tgt=4.956e-02, A_F=0.042, K_low=0.217, P_drag=-5.633e-03, P_cool=-5.981e-03, WENO=0.074 (x=0.074, y=0.074), ReL2D=128.89, eps_nu=5.333e-03, P_hv=1.439e-05, rho_mean=1.000000, p_mean=0.726248, div_rms=7.527e-01, vort_rms=1.816e+00, mass_err=-6.357e-11
step= 27500, t=9.274505, dt=3.137e-04, KE=1.337906e-01, Mt=0.5236, A_K=0.201, Cuv=0.035, P_in=4.202e-02, P_tgt=4.208e-02, A_F=0.047, K_low=0.214, P_drag=-5.870e-03, P_cool=-5.832e-03, WENO=0.074 (x=0.074, y=0.074), ReL2D=132.85, eps_nu=5.597e-03, P_hv=1.408e-05, rho_mean=1.000000, p_mean=0.725949, div_rms=7.737e-01, vort_rms=1.859e+00, mass_err=-6.475e-11
step= 28000, t=9.430032, dt=3.059e-04, KE=1.387157e-01, Mt=0.5350, A_K=0.197, Cuv=0.032, P_in=3.211e-02, P_tgt=3.211e-02, A_F=0.024, K_low=0.217, P_drag=-6.162e-03, P_cool=-5.640e-03, WENO=0.068 (x=0.068, y=0.068), ReL2D=134.75, eps_nu=5.875e-03, P_hv=1.418e-05, rho_mean=1.000000, p_mean=0.725567, div_rms=8.047e-01, vort_rms=1.898e+00, mass_err=-6.594e-11
step= 28500, t=9.584449, dt=3.131e-04, KE=1.414961e-01, Mt=0.5424, A_K=0.196, Cuv=0.038, P_in=2.265e-02, P_tgt=2.264e-02, A_F=0.021, K_low=0.224, P_drag=-6.445e-03, P_cool=-5.558e-03, WENO=0.071 (x=0.071, y=0.071), ReL2D=135.05, eps_nu=6.088e-03, P_hv=1.422e-05, rho_mean=1.000000, p_mean=0.725402, div_rms=8.257e-01, vort_rms=1.928e+00, mass_err=-6.711e-11
step= 29000, t=9.742072, dt=3.164e-04, KE=1.421942e-01, Mt=0.5452, A_K=0.190, Cuv=0.041, P_in=1.525e-02, P_tgt=1.534e-02, A_F=0.064, K_low=0.234, P_drag=-6.678e-03, P_cool=-5.626e-03, WENO=0.075 (x=0.075, y=0.075), ReL2D=134.92, eps_nu=6.231e-03, P_hv=1.482e-05, rho_mean=1.000000, p_mean=0.725538, div_rms=8.518e-01, vort_rms=1.941e+00, mass_err=-6.829e-11
step= 29500, t=9.901627, dt=3.219e-04, KE=1.411873e-01, Mt=0.5445, A_K=0.186, Cuv=0.045, P_in=1.031e-02, P_tgt=1.032e-02, A_F=0.167, K_low=0.244, P_drag=-6.811e-03, P_cool=-5.830e-03, WENO=0.075 (x=0.075, y=0.075), ReL2D=134.27, eps_nu=6.307e-03, P_hv=1.482e-05, rho_mean=1.000000, p_mean=0.725947, div_rms=8.741e-01, vort_rms=1.943e+00, mass_err=-6.948e-11
step= 30000, t=10.063889, dt=3.270e-04, KE=1.395586e-01, Mt=0.5423, A_K=0.181, Cuv=0.044, P_in=7.054e-03, P_tgt=7.033e-03, A_F=0.195, K_low=0.249, P_drag=-6.819e-03, P_cool=-6.016e-03, WENO=0.072 (x=0.072, y=0.072), ReL2D=129.87, eps_nu=6.458e-03, P_hv=1.526e-05, rho_mean=1.000000, p_mean=0.726318, div_rms=9.297e-01, vort_rms=1.938e+00, mass_err=-7.064e-11
saved snapshot: results/hit2d/final_thesis_Mach_ReL130_N512/production_N512/Mt050_N512/hit2d_step0030000.npz
step= 30500, t=10.229649, dt=3.348e-04, KE=1.378762e-01, Mt=0.5390, A_K=0.171, Cuv=0.036, P_in=4.932e-03, P_tgt=4.894e-03, A_F=0.027, K_low=0.249, P_drag=-6.711e-03, P_cool=-6.119e-03, WENO=0.067 (x=0.067, y=0.067), ReL2D=125.69, eps_nu=6.525e-03, P_hv=1.523e-05, rho_mean=1.000000, p_mean=0.726523, div_rms=9.663e-01, vort_rms=1.927e+00, mass_err=-7.181e-11
step= 31000, t=10.396219, dt=3.326e-04, KE=1.359364e-01, Mt=0.5341, A_K=0.159, Cuv=0.022, P_in=3.503e-03, P_tgt=3.517e-03, A_F=0.034, K_low=0.246, P_drag=-6.522e-03, P_cool=-6.218e-03, WENO=0.058 (x=0.058, y=0.058), ReL2D=123.00, eps_nu=6.484e-03, P_hv=1.520e-05, rho_mean=1.000000, p_mean=0.726722, div_rms=9.738e-01, vort_rms=1.914e+00, mass_err=-7.299e-11
step= 31500, t=10.563739, dt=3.384e-04, KE=1.334916e-01, Mt=0.5278, A_K=0.149, Cuv=0.011, P_in=2.679e-03, P_tgt=2.649e-03, A_F=0.130, K_low=0.243, P_drag=-6.291e-03, P_cool=-6.385e-03, WENO=0.051 (x=0.051, y=0.051), ReL2D=120.09, eps_nu=6.474e-03, P_hv=1.511e-05, rho_mean=1.000000, p_mean=0.727056, div_rms=9.925e-01, vort_rms=1.899e+00, mass_err=-7.415e-11
step= 32000, t=10.734562, dt=3.461e-04, KE=1.311251e-01, Mt=0.5221, A_K=0.146, Cuv=0.007, P_in=2.108e-03, P_tgt=2.102e-03, A_F=0.066, K_low=0.240, P_drag=-6.054e-03, P_cool=-6.517e-03, WENO=0.047 (x=0.047, y=0.047), ReL2D=119.88, eps_nu=6.297e-03, P_hv=1.449e-05, rho_mean=1.000000, p_mean=0.727320, div_rms=9.647e-01, vort_rms=1.883e+00, mass_err=-7.531e-11
step= 32500, t=10.908529, dt=3.490e-04, KE=1.289157e-01, Mt=0.5179, A_K=0.142, Cuv=0.008, P_in=1.721e-03, P_tgt=1.742e-03, A_F=0.050, K_low=0.237, P_drag=-5.819e-03, P_cool=-6.593e-03, WENO=0.056 (x=0.056, y=0.056), ReL2D=121.30, eps_nu=6.003e-03, P_hv=1.424e-05, rho_mean=1.000000, p_mean=0.727471, div_rms=8.995e-01, vort_rms=1.867e+00, mass_err=-7.648e-11
step= 33000, t=11.083699, dt=3.489e-04, KE=1.263953e-01, Mt=0.5140, A_K=0.131, Cuv=0.015, P_in=1.503e-03, P_tgt=1.496e-03, A_F=0.006, K_low=0.234, P_drag=-5.593e-03, P_cool=-6.722e-03, WENO=0.059 (x=0.059, y=0.059), ReL2D=121.52, eps_nu=5.806e-03, P_hv=1.389e-05, rho_mean=1.000000, p_mean=0.727730, div_rms=8.638e-01, vort_rms=1.849e+00, mass_err=-7.764e-11
step= 33500, t=11.257237, dt=3.485e-04, KE=1.237087e-01, Mt=0.5097, A_K=0.115, Cuv=0.018, P_in=1.334e-03, P_tgt=1.334e-03, A_F=0.195, K_low=0.231, P_drag=-5.378e-03, P_cool=-6.883e-03, WENO=0.054 (x=0.054, y=0.054), ReL2D=119.39, eps_nu=5.757e-03, P_hv=1.379e-05, rho_mean=1.000000, p_mean=0.728051, div_rms=8.772e-01, vort_rms=1.830e+00, mass_err=-7.881e-11
step= 34000, t=11.433015, dt=3.544e-04, KE=1.213771e-01, Mt=0.5060, A_K=0.100, Cuv=0.018, P_in=1.238e-03, P_tgt=1.236e-03, A_F=0.128, K_low=0.227, P_drag=-5.171e-03, P_cool=-6.964e-03, WENO=0.058 (x=0.058, y=0.058), ReL2D=117.88, eps_nu=5.704e-03, P_hv=1.386e-05, rho_mean=1.000000, p_mean=0.728214, div_rms=8.916e-01, vort_rms=1.810e+00, mass_err=-7.997e-11
step= 34500, t=11.610883, dt=3.564e-04, KE=1.198298e-01, Mt=0.5032, A_K=0.100, Cuv=0.014, P_in=1.157e-03, P_tgt=1.183e-03, A_F=0.115, K_low=0.222, P_drag=-4.984e-03, P_cool=-6.886e-03, WENO=0.062 (x=0.062, y=0.062), ReL2D=119.73, eps_nu=5.489e-03, P_hv=1.396e-05, rho_mean=1.000000, p_mean=0.728058, div_rms=8.560e-01, vort_rms=1.788e+00, mass_err=-8.114e-11
step= 35000, t=11.789609, dt=3.588e-04, KE=1.189802e-01, Mt=0.5015, A_K=0.104, Cuv=0.010, P_in=1.139e-03, P_tgt=1.156e-03, A_F=0.081, K_low=0.218, P_drag=-4.846e-03, P_cool=-6.677e-03, WENO=0.069 (x=0.069, y=0.069), ReL2D=123.22, eps_nu=5.238e-03, P_hv=1.376e-05, rho_mean=1.000000, p_mean=0.727640, div_rms=8.082e-01, vort_rms=1.764e+00, mass_err=-8.232e-11
saved snapshot: results/hit2d/final_thesis_Mach_ReL130_N512/production_N512/Mt050_N512/hit2d_step0035000.npz
step= 35500, t=11.968877, dt=3.571e-04, KE=1.183052e-01, Mt=0.4999, A_K=0.102, Cuv=0.010, P_in=1.158e-03, P_tgt=1.148e-03, A_F=0.032, K_low=0.216, P_drag=-4.762e-03, P_cool=-6.444e-03, WENO=0.071 (x=0.071, y=0.071), ReL2D=124.42, eps_nu=5.073e-03, P_hv=1.329e-05, rho_mean=1.000000, p_mean=0.727175, div_rms=7.837e-01, vort_rms=1.743e+00, mass_err=-8.348e-11
step= 36000, t=12.144990, dt=3.491e-04, KE=1.178521e-01, Mt=0.4983, A_K=0.088, Cuv=0.016, P_in=1.166e-03, P_tgt=1.159e-03, A_F=0.150, K_low=0.214, P_drag=-4.702e-03, P_cool=-6.186e-03, WENO=0.072 (x=0.072, y=0.072), ReL2D=124.69, eps_nu=4.975e-03, P_hv=1.344e-05, rho_mean=1.000000, p_mean=0.726658, div_rms=7.834e-01, vort_rms=1.721e+00, mass_err=-8.465e-11
step= 36500, t=12.321115, dt=3.517e-04, KE=1.178525e-01, Mt=0.4974, A_K=0.074, Cuv=0.028, P_in=1.175e-03, P_tgt=1.184e-03, A_F=0.001, K_low=0.208, P_drag=-4.632e-03, P_cool=-5.851e-03, WENO=0.071 (x=0.071, y=0.071), ReL2D=123.30, eps_nu=4.943e-03, P_hv=1.268e-05, rho_mean=1.000000, p_mean=0.725988, div_rms=8.068e-01, vort_rms=1.700e+00, mass_err=-8.582e-11
step= 37000, t=12.496118, dt=3.491e-04, KE=1.175690e-01, Mt=0.4956, A_K=0.065, Cuv=0.042, P_in=1.216e-03, P_tgt=1.225e-03, A_F=0.012, K_low=0.202, P_drag=-4.551e-03, P_cool=-5.591e-03, WENO=0.067 (x=0.067, y=0.067), ReL2D=123.36, eps_nu=4.822e-03, P_hv=1.246e-05, rho_mean=1.000000, p_mean=0.725468, div_rms=7.942e-01, vort_rms=1.680e+00, mass_err=-8.700e-11
step= 37500, t=12.670958, dt=3.518e-04, KE=1.166246e-01, Mt=0.4926, A_K=0.059, Cuv=0.054, P_in=1.297e-03, P_tgt=1.300e-03, A_F=0.060, K_low=0.198, P_drag=-4.469e-03, P_cool=-5.474e-03, WENO=0.068 (x=0.068, y=0.068), ReL2D=124.80, eps_nu=4.638e-03, P_hv=1.226e-05, rho_mean=1.000000, p_mean=0.725234, div_rms=7.627e-01, vort_rms=1.658e+00, mass_err=-8.818e-11
step= 38000, t=12.847762, dt=3.542e-04, KE=1.151447e-01, Mt=0.4890, A_K=0.051, Cuv=0.058, P_in=1.427e-03, P_tgt=1.428e-03, A_F=0.081, K_low=0.197, P_drag=-4.377e-03, P_cool=-5.469e-03, WENO=0.066 (x=0.066, y=0.066), ReL2D=126.34, eps_nu=4.455e-03, P_hv=1.168e-05, rho_mean=1.000000, p_mean=0.725224, div_rms=7.293e-01, vort_rms=1.636e+00, mass_err=-8.936e-11
step= 38500, t=13.024534, dt=3.544e-04, KE=1.134552e-01, Mt=0.4862, A_K=0.039, Cuv=0.055, P_in=1.627e-03, P_tgt=1.626e-03, A_F=0.079, K_low=0.197, P_drag=-4.289e-03, P_cool=-5.514e-03, WENO=0.068 (x=0.068, y=0.068), ReL2D=127.15, eps_nu=4.298e-03, P_hv=1.132e-05, rho_mean=1.000000, p_mean=0.725314, div_rms=6.989e-01, vort_rms=1.617e+00, mass_err=-9.054e-11
step= 39000, t=13.202554, dt=3.562e-04, KE=1.118452e-01, Mt=0.4844, A_K=0.033, Cuv=0.049, P_in=1.892e-03, P_tgt=1.899e-03, A_F=0.042, K_low=0.198, P_drag=-4.220e-03, P_cool=-5.551e-03, WENO=0.074 (x=0.074, y=0.074), ReL2D=127.86, eps_nu=4.187e-03, P_hv=1.086e-05, rho_mean=1.000000, p_mean=0.725388, div_rms=6.753e-01, vort_rms=1.605e+00, mass_err=-9.172e-11
step= 39500, t=13.378828, dt=3.500e-04, KE=1.105015e-01, Mt=0.4835, A_K=0.031, Cuv=0.042, P_in=2.242e-03, P_tgt=2.247e-03, A_F=0.067, K_low=0.200, P_drag=-4.180e-03, P_cool=-5.549e-03, WENO=0.076 (x=0.076, y=0.076), ReL2D=127.55, eps_nu=4.141e-03, P_hv=1.050e-05, rho_mean=1.000000, p_mean=0.725385, div_rms=6.732e-01, vort_rms=1.595e+00, mass_err=-9.290e-11
step= 40000, t=13.553195, dt=3.477e-04, KE=1.088610e-01, Mt=0.4820, A_K=0.032, Cuv=0.032, P_in=2.682e-03, P_tgt=2.692e-03, A_F=0.097, K_low=0.203, P_drag=-4.161e-03, P_cool=-5.623e-03, WENO=0.068 (x=0.068, y=0.068), ReL2D=125.92, eps_nu=4.118e-03, P_hv=1.024e-05, rho_mean=1.000000, p_mean=0.725532, div_rms=6.826e-01, vort_rms=1.584e+00, mass_err=-9.408e-11
saved snapshot: results/hit2d/final_thesis_Mach_ReL130_N512/production_N512/Mt050_N512/hit2d_step0040000.npz
step= 40500, t=13.726209, dt=3.434e-04, KE=1.069790e-01, Mt=0.4792, A_K=0.035, Cuv=0.022, P_in=3.310e-03, P_tgt=3.305e-03, A_F=0.064, K_low=0.207, P_drag=-4.152e-03, P_cool=-5.761e-03, WENO=0.064 (x=0.064, y=0.064), ReL2D=122.71, eps_nu=4.117e-03, P_hv=1.005e-05, rho_mean=1.000000, p_mean=0.725809, div_rms=7.093e-01, vort_rms=1.568e+00, mass_err=-9.526e-11
step= 41000, t=13.896953, dt=3.402e-04, KE=1.055378e-01, Mt=0.4763, A_K=0.033, Cuv=0.016, P_in=4.211e-03, P_tgt=4.196e-03, A_F=0.007, K_low=0.210, P_drag=-4.148e-03, P_cool=-5.837e-03, WENO=0.059 (x=0.059, y=0.059), ReL2D=121.73, eps_nu=4.044e-03, P_hv=1.003e-05, rho_mean=1.000000, p_mean=0.725960, div_rms=7.096e-01, vort_rms=1.550e+00, mass_err=-9.644e-11
step= 41500, t=14.066057, dt=3.341e-04, KE=1.049658e-01, Mt=0.4748, A_K=0.024, Cuv=0.011, P_in=5.420e-03, P_tgt=5.471e-03, A_F=0.109, K_low=0.211, P_drag=-4.144e-03, P_cool=-5.778e-03, WENO=0.061 (x=0.061, y=0.061), ReL2D=121.00, eps_nu=4.021e-03, P_hv=9.952e-06, rho_mean=1.000000, p_mean=0.725842, div_rms=7.209e-01, vort_rms=1.537e+00, mass_err=-9.760e-11
step= 42000, t=14.230924, dt=3.264e-04, KE=1.052872e-01, Mt=0.4751, A_K=0.013, Cuv=0.010, P_in=7.156e-03, P_tgt=7.176e-03, A_F=0.144, K_low=0.208, P_drag=-4.127e-03, P_cool=-5.600e-03, WENO=0.056 (x=0.056, y=0.056), ReL2D=115.80, eps_nu=4.174e-03, P_hv=9.753e-06, rho_mean=1.000000, p_mean=0.725485, div_rms=7.852e-01, vort_rms=1.533e+00, mass_err=-9.878e-11
step= 42500, t=14.391770, dt=3.170e-04, KE=1.059201e-01, Mt=0.4758, A_K=0.013, Cuv=0.007, P_in=9.412e-03, P_tgt=9.338e-03, A_F=0.346, K_low=0.203, P_drag=-4.092e-03, P_cool=-5.430e-03, WENO=0.059 (x=0.059, y=0.059), ReL2D=113.72, eps_nu=4.213e-03, P_hv=9.843e-06, rho_mean=1.000000, p_mean=0.725147, div_rms=7.951e-01, vort_rms=1.536e+00, mass_err=-9.995e-11
step= 43000, t=14.549973, dt=3.174e-04, KE=1.065054e-01, Mt=0.4760, A_K=0.017, Cuv=0.003, P_in=1.204e-02, P_tgt=1.211e-02, A_F=0.275, K_low=0.198, P_drag=-4.056e-03, P_cool=-5.353e-03, WENO=0.060 (x=0.060, y=0.060), ReL2D=113.43, eps_nu=4.219e-03, P_hv=1.001e-05, rho_mean=1.000000, p_mean=0.724992, div_rms=7.881e-01, vort_rms=1.542e+00, mass_err=-1.011e-10
step= 43500, t=14.709479, dt=3.209e-04, KE=1.072794e-01, Mt=0.4765, A_K=0.021, Cuv=-0.007, P_in=1.567e-02, P_tgt=1.564e-02, A_F=0.034, K_low=0.193, P_drag=-4.031e-03, P_cool=-5.339e-03, WENO=0.059 (x=0.059, y=0.059), ReL2D=113.24, eps_nu=4.263e-03, P_hv=1.005e-05, rho_mean=1.000000, p_mean=0.724964, div_rms=7.850e-01, vort_rms=1.555e+00, mass_err=-1.023e-10
step= 44000, t=14.869796, dt=3.203e-04, KE=1.086233e-01, Mt=0.4786, A_K=0.015, Cuv=-0.023, P_in=1.996e-02, P_tgt=1.993e-02, A_F=0.075, K_low=0.189, P_drag=-4.029e-03, P_cool=-5.337e-03, WENO=0.063 (x=0.063, y=0.063), ReL2D=113.87, eps_nu=4.355e-03, P_hv=9.919e-06, rho_mean=1.000000, p_mean=0.724959, div_rms=7.858e-01, vort_rms=1.577e+00, mass_err=-1.035e-10
step= 44500, t=15.030661, dt=3.194e-04, KE=1.107863e-01, Mt=0.4828, A_K=0.012, Cuv=-0.052, P_in=2.430e-02, P_tgt=2.449e-02, A_F=0.062, K_low=0.185, P_drag=-4.042e-03, P_cool=-5.316e-03, WENO=0.062 (x=0.062, y=0.062), ReL2D=115.49, eps_nu=4.480e-03, P_hv=9.619e-06, rho_mean=1.000000, p_mean=0.724918, div_rms=7.759e-01, vort_rms=1.613e+00, mass_err=-1.047e-10
step= 45000, t=15.188774, dt=3.140e-04, KE=1.134154e-01, Mt=0.4884, A_K=0.021, Cuv=-0.082, P_in=2.833e-02, P_tgt=2.849e-02, A_F=0.038, K_low=0.182, P_drag=-4.064e-03, P_cool=-5.333e-03, WENO=0.061 (x=0.061, y=0.061), ReL2D=117.62, eps_nu=4.616e-03, P_hv=1.007e-05, rho_mean=1.000000, p_mean=0.724952, div_rms=7.615e-01, vort_rms=1.654e+00, mass_err=-1.059e-10
saved snapshot: results/hit2d/final_thesis_Mach_ReL130_N512/production_N512/Mt050_N512/hit2d_step0045000.npz
step= 45500, t=15.344566, dt=3.074e-04, KE=1.161812e-01, Mt=0.4943, A_K=0.019, Cuv=-0.107, P_in=3.130e-02, P_tgt=3.115e-02, A_F=0.061, K_low=0.179, P_drag=-4.099e-03, P_cool=-5.418e-03, WENO=0.062 (x=0.062, y=0.062), ReL2D=118.80, eps_nu=4.750e-03, P_hv=1.030e-05, rho_mean=1.000000, p_mean=0.725122, div_rms=7.497e-01, vort_rms=1.691e+00, mass_err=-1.070e-10
step= 46000, t=15.497432, dt=3.051e-04, KE=1.189058e-01, Mt=0.5004, A_K=0.022, Cuv=-0.138, P_in=3.191e-02, P_tgt=3.200e-02, A_F=0.175, K_low=0.177, P_drag=-4.145e-03, P_cool=-5.551e-03, WENO=0.055 (x=0.055, y=0.055), ReL2D=117.28, eps_nu=4.998e-03, P_hv=1.108e-05, rho_mean=1.000000, p_mean=0.725387, div_rms=7.871e-01, vort_rms=1.724e+00, mass_err=-1.082e-10
step= 46500, t=15.650110, dt=3.059e-04, KE=1.215173e-01, Mt=0.5062, A_K=0.026, Cuv=-0.164, P_in=3.097e-02, P_tgt=3.097e-02, A_F=0.222, K_low=0.177, P_drag=-4.217e-03, P_cool=-5.695e-03, WENO=0.056 (x=0.056, y=0.056), ReL2D=118.63, eps_nu=5.146e-03, P_hv=1.193e-05, rho_mean=1.000000, p_mean=0.725677, div_rms=7.989e-01, vort_rms=1.749e+00, mass_err=-1.094e-10
step= 47000, t=15.803691, dt=3.061e-04, KE=1.240767e-01, Mt=0.5119, A_K=0.044, Cuv=-0.174, P_in=2.834e-02, P_tgt=2.836e-02, A_F=0.088, K_low=0.179, P_drag=-4.305e-03, P_cool=-5.792e-03, WENO=0.060 (x=0.060, y=0.060), ReL2D=121.92, eps_nu=5.195e-03, P_hv=1.195e-05, rho_mean=1.000000, p_mean=0.725869, div_rms=7.703e-01, vort_rms=1.777e+00, mass_err=-1.106e-10
step= 47500, t=15.958141, dt=3.144e-04, KE=1.264751e-01, Mt=0.5183, A_K=0.077, Cuv=-0.177, P_in=2.459e-02, P_tgt=2.455e-02, A_F=0.082, K_low=0.180, P_drag=-4.384e-03, P_cool=-5.819e-03, WENO=0.064 (x=0.064, y=0.064), ReL2D=124.21, eps_nu=5.277e-03, P_hv=1.209e-05, rho_mean=1.000000, p_mean=0.725923, div_rms=7.534e-01, vort_rms=1.804e+00, mass_err=-1.118e-10
step= 48000, t=16.118517, dt=3.255e-04, KE=1.283782e-01, Mt=0.5246, A_K=0.123, Cuv=-0.171, P_in=2.009e-02, P_tgt=2.007e-02, A_F=0.004, K_low=0.180, P_drag=-4.416e-03, P_cool=-5.827e-03, WENO=0.066 (x=0.066, y=0.066), ReL2D=125.83, eps_nu=5.379e-03, P_hv=1.189e-05, rho_mean=1.000000, p_mean=0.725939, div_rms=7.511e-01, vort_rms=1.827e+00, mass_err=-1.130e-10
step= 48500, t=16.282312, dt=3.290e-04, KE=1.297666e-01, Mt=0.5297, A_K=0.169, Cuv=-0.162, P_in=1.563e-02, P_tgt=1.560e-02, A_F=0.067, K_low=0.177, P_drag=-4.373e-03, P_cool=-5.800e-03, WENO=0.080 (x=0.080, y=0.080), ReL2D=126.04, eps_nu=5.537e-03, P_hv=1.152e-05, rho_mean=1.000000, p_mean=0.725886, div_rms=7.739e-01, vort_rms=1.847e+00, mass_err=-1.141e-10
warning: flow component anisotropy has increased over the last three diagnostic samples
step= 49000, t=16.447063, dt=3.301e-04, KE=1.306383e-01, Mt=0.5328, A_K=0.201, Cuv=-0.150, P_in=1.173e-02, P_tgt=1.171e-02, A_F=0.080, K_low=0.171, P_drag=-4.238e-03, P_cool=-5.747e-03, WENO=0.073 (x=0.073, y=0.073), ReL2D=122.48, eps_nu=5.822e-03, P_hv=1.172e-05, rho_mean=1.000000, p_mean=0.725780, div_rms=8.461e-01, vort_rms=1.863e+00, mass_err=-1.153e-10
warning: flow component anisotropy has increased over the last three diagnostic samples
step= 49500, t=16.611903, dt=3.254e-04, KE=1.308946e-01, Mt=0.5333, A_K=0.202, Cuv=-0.148, P_in=8.757e-03, P_tgt=8.653e-03, A_F=0.272, K_low=0.162, P_drag=-4.021e-03, P_cool=-5.709e-03, WENO=0.065 (x=0.065, y=0.065), ReL2D=117.57, eps_nu=6.156e-03, P_hv=1.220e-05, rho_mean=1.000000, p_mean=0.725704, div_rms=9.356e-01, vort_rms=1.874e+00, mass_err=-1.165e-10
step= 50000, t=16.773678, dt=3.237e-04, KE=1.304294e-01, Mt=0.5314, A_K=0.198, Cuv=-0.136, P_in=6.463e-03, P_tgt=6.432e-03, A_F=0.042, K_low=0.151, P_drag=-3.756e-03, P_cool=-5.733e-03, WENO=0.059 (x=0.059, y=0.059), ReL2D=114.87, eps_nu=6.338e-03, P_hv=1.344e-05, rho_mean=1.000000, p_mean=0.725753, div_rms=9.881e-01, vort_rms=1.875e+00, mass_err=-1.177e-10
saved snapshot: results/hit2d/final_thesis_Mach_ReL130_N512/production_N512/Mt050_N512/hit2d_step0050000.npz
step= 50500, t=16.936385, dt=3.273e-04, KE=1.292644e-01, Mt=0.5276, A_K=0.184, Cuv=-0.122, P_in=4.890e-03, P_tgt=4.900e-03, A_F=0.290, K_low=0.140, P_drag=-3.466e-03, P_cool=-5.839e-03, WENO=0.056 (x=0.056, y=0.056), ReL2D=112.98, eps_nu=6.394e-03, P_hv=1.437e-05, rho_mean=1.000000, p_mean=0.725964, div_rms=1.008e+00, vort_rms=1.872e+00, mass_err=-1.188e-10
step= 51000, t=17.099715, dt=3.269e-04, KE=1.280930e-01, Mt=0.5227, A_K=0.161, Cuv=-0.105, P_in=3.901e-03, P_tgt=3.879e-03, A_F=0.216, K_low=0.129, P_drag=-3.165e-03, P_cool=-5.913e-03, WENO=0.063 (x=0.063, y=0.063), ReL2D=112.76, eps_nu=6.268e-03, P_hv=1.507e-05, rho_mean=1.000000, p_mean=0.726111, div_rms=9.852e-01, vort_rms=1.863e+00, mass_err=-1.200e-10
step= 51500, t=17.263223, dt=3.258e-04, KE=1.270469e-01, Mt=0.5183, A_K=0.133, Cuv=-0.092, P_in=3.182e-03, P_tgt=3.201e-03, A_F=0.416, K_low=0.116, P_drag=-2.851e-03, P_cool=-5.943e-03, WENO=0.067 (x=0.067, y=0.067), ReL2D=112.46, eps_nu=6.082e-03, P_hv=1.549e-05, rho_mean=1.000000, p_mean=0.726171, div_rms=9.554e-01, vort_rms=1.845e+00, mass_err=-1.212e-10
step= 52000, t=17.427154, dt=3.306e-04, KE=1.258358e-01, Mt=0.5154, A_K=0.107, Cuv=-0.078, P_in=2.744e-03, P_tgt=2.729e-03, A_F=0.251, K_low=0.104, P_drag=-2.540e-03, P_cool=-5.996e-03, WENO=0.065 (x=0.065, y=0.065), ReL2D=112.67, eps_nu=5.960e-03, P_hv=1.527e-05, rho_mean=1.000000, p_mean=0.726278, div_rms=9.463e-01, vort_rms=1.826e+00, mass_err=-1.224e-10
step= 52500, t=17.590676, dt=3.245e-04, KE=1.245183e-01, Mt=0.5131, A_K=0.083, Cuv=-0.068, P_in=2.377e-03, P_tgt=2.380e-03, A_F=0.338, K_low=0.092, P_drag=-2.259e-03, P_cool=-6.066e-03, WENO=0.067 (x=0.067, y=0.067), ReL2D=111.83, eps_nu=5.993e-03, P_hv=1.568e-05, rho_mean=1.000000, p_mean=0.726417, div_rms=9.821e-01, vort_rms=1.808e+00, mass_err=-1.235e-10
step= 53000, t=17.752529, dt=3.237e-04, KE=1.227888e-01, Mt=0.5098, A_K=0.061, Cuv=-0.071, P_in=2.138e-03, P_tgt=2.128e-03, A_F=0.283, K_low=0.084, P_drag=-2.032e-03, P_cool=-6.214e-03, WENO=0.061 (x=0.061, y=0.061), ReL2D=112.75, eps_nu=5.859e-03, P_hv=1.592e-05, rho_mean=1.000000, p_mean=0.726714, div_rms=9.750e-01, vort_rms=1.785e+00, mass_err=-1.247e-10
step= 53500, t=17.915615, dt=3.305e-04, KE=1.208969e-01, Mt=0.5057, A_K=0.043, Cuv=-0.083, P_in=1.977e-03, P_tgt=1.972e-03, A_F=0.017, K_low=0.078, P_drag=-1.873e-03, P_cool=-6.389e-03, WENO=0.064 (x=0.064, y=0.064), ReL2D=113.07, eps_nu=5.691e-03, P_hv=1.596e-05, rho_mean=1.000000, p_mean=0.727065, div_rms=9.593e-01, vort_rms=1.760e+00, mass_err=-1.259e-10
step= 54000, t=18.084611, dt=3.466e-04, KE=1.190425e-01, Mt=0.5020, A_K=0.034, Cuv=-0.093, P_in=1.899e-03, P_tgt=1.901e-03, A_F=0.047, K_low=0.077, P_drag=-1.781e-03, P_cool=-6.545e-03, WENO=0.064 (x=0.064, y=0.064), ReL2D=115.47, eps_nu=5.397e-03, P_hv=1.557e-05, rho_mean=1.000000, p_mean=0.727376, div_rms=9.064e-01, vort_rms=1.734e+00, mass_err=-1.271e-10
step= 54500, t=18.261590, dt=3.581e-04, KE=1.178780e-01, Mt=0.5006, A_K=0.031, Cuv=-0.097, P_in=1.873e-03, P_tgt=1.881e-03, A_F=0.103, K_low=0.078, P_drag=-1.750e-03, P_cool=-6.551e-03, WENO=0.074 (x=0.074, y=0.074), ReL2D=116.72, eps_nu=5.205e-03, P_hv=1.448e-05, rho_mean=1.000000, p_mean=0.727388, div_rms=8.784e-01, vort_rms=1.711e+00, mass_err=-1.282e-10
step= 55000, t=18.440553, dt=3.582e-04, KE=1.169923e-01, Mt=0.5008, A_K=0.020, Cuv=-0.095, P_in=1.881e-03, P_tgt=1.868e-03, A_F=0.060, K_low=0.081, P_drag=-1.764e-03, P_cool=-6.500e-03, WENO=0.079 (x=0.079, y=0.079), ReL2D=117.97, eps_nu=5.108e-03, P_hv=1.370e-05, rho_mean=1.000000, p_mean=0.727286, div_rms=8.701e-01, vort_rms=1.695e+00, mass_err=-1.294e-10
saved snapshot: results/hit2d/final_thesis_Mach_ReL130_N512/production_N512/Mt050_N512/hit2d_step0055000.npz
step= 55500, t=18.619167, dt=3.566e-04, KE=1.160966e-01, Mt=0.5005, A_K=0.001, Cuv=-0.085, P_in=1.856e-03, P_tgt=1.853e-03, A_F=0.121, K_low=0.085, P_drag=-1.802e-03, P_cool=-6.451e-03, WENO=0.076 (x=0.076, y=0.076), ReL2D=118.38, eps_nu=5.026e-03, P_hv=1.328e-05, rho_mean=1.000000, p_mean=0.727188, div_rms=8.689e-01, vort_rms=1.677e+00, mass_err=-1.306e-10
step= 56000, t=18.796924, dt=3.503e-04, KE=1.150599e-01, Mt=0.4984, A_K=0.022, Cuv=-0.074, P_in=1.897e-03, P_tgt=1.859e-03, A_F=0.011, K_low=0.087, P_drag=-1.833e-03, P_cool=-6.431e-03, WENO=0.065 (x=0.065, y=0.065), ReL2D=117.34, eps_nu=4.958e-03, P_hv=1.344e-05, rho_mean=1.000000, p_mean=0.727147, div_rms=8.798e-01, vort_rms=1.654e+00, mass_err=-1.317e-10
step= 56500, t=18.969070, dt=3.380e-04, KE=1.140326e-01, Mt=0.4954, A_K=0.044, Cuv=-0.067, P_in=1.899e-03, P_tgt=1.920e-03, A_F=0.023, K_low=0.087, P_drag=-1.842e-03, P_cool=-6.415e-03, WENO=0.067 (x=0.067, y=0.067), ReL2D=117.87, eps_nu=4.783e-03, P_hv=1.320e-05, rho_mean=1.000000, p_mean=0.727116, div_rms=8.583e-01, vort_rms=1.629e+00, mass_err=-1.329e-10
step= 57000, t=19.137187, dt=3.363e-04, KE=1.131613e-01, Mt=0.4930, A_K=0.063, Cuv=-0.061, P_in=2.034e-03, P_tgt=2.035e-03, A_F=0.019, K_low=0.085, P_drag=-1.828e-03, P_cool=-6.378e-03, WENO=0.075 (x=0.075, y=0.075), ReL2D=118.44, eps_nu=4.665e-03, P_hv=1.237e-05, rho_mean=1.000000, p_mean=0.727043, div_rms=8.524e-01, vort_rms=1.605e+00, mass_err=-1.341e-10
step= 57500, t=19.306428, dt=3.418e-04, KE=1.117527e-01, Mt=0.4906, A_K=0.080, Cuv=-0.055, P_in=2.206e-03, P_tgt=2.216e-03, A_F=0.254, K_low=0.085, P_drag=-1.820e-03, P_cool=-6.452e-03, WENO=0.074 (x=0.074, y=0.074), ReL2D=119.81, eps_nu=4.534e-03, P_hv=1.141e-05, rho_mean=1.000000, p_mean=0.727191, div_rms=8.304e-01, vort_rms=1.590e+00, mass_err=-1.352e-10
step= 58000, t=19.479286, dt=3.484e-04, KE=1.108255e-01, Mt=0.4896, A_K=0.096, Cuv=-0.053, P_in=2.465e-03, P_tgt=2.458e-03, A_F=0.167, K_low=0.088, P_drag=-1.840e-03, P_cool=-6.432e-03, WENO=0.069 (x=0.069, y=0.069), ReL2D=120.96, eps_nu=4.450e-03, P_hv=1.079e-05, rho_mean=1.000000, p_mean=0.727149, div_rms=8.208e-01, vort_rms=1.576e+00, mass_err=-1.364e-10
step= 58500, t=19.654242, dt=3.499e-04, KE=1.106361e-01, Mt=0.4901, A_K=0.111, Cuv=-0.055, P_in=2.773e-03, P_tgt=2.731e-03, A_F=0.030, K_low=0.091, P_drag=-1.884e-03, P_cool=-6.273e-03, WENO=0.072 (x=0.072, y=0.072), ReL2D=121.26, eps_nu=4.442e-03, P_hv=1.056e-05, rho_mean=1.000000, p_mean=0.726832, div_rms=8.395e-01, vort_rms=1.561e+00, mass_err=-1.375e-10
step= 59000, t=19.829531, dt=3.524e-04, KE=1.104004e-01, Mt=0.4901, A_K=0.129, Cuv=-0.063, P_in=3.030e-03, P_tgt=3.022e-03, A_F=0.059, K_low=0.095, P_drag=-1.925e-03, P_cool=-6.138e-03, WENO=0.073 (x=0.073, y=0.073), ReL2D=121.89, eps_nu=4.408e-03, P_hv=1.027e-05, rho_mean=1.000000, p_mean=0.726561, div_rms=8.451e-01, vort_rms=1.549e+00, mass_err=-1.387e-10
step= 59500, t=20.006853, dt=3.567e-04, KE=1.098979e-01, Mt=0.4889, A_K=0.145, Cuv=-0.078, P_in=3.355e-03, P_tgt=3.363e-03, A_F=0.116, K_low=0.096, P_drag=-1.932e-03, P_cool=-6.068e-03, WENO=0.075 (x=0.075, y=0.075), ReL2D=121.97, eps_nu=4.360e-03, P_hv=9.608e-06, rho_mean=1.000000, p_mean=0.726421, div_rms=8.427e-01, vort_rms=1.538e+00, mass_err=-1.399e-10
step= 60000, t=20.185995, dt=3.577e-04, KE=1.090792e-01, Mt=0.4866, A_K=0.149, Cuv=-0.098, P_in=3.877e-03, P_tgt=3.818e-03, A_F=0.081, K_low=0.096, P_drag=-1.905e-03, P_cool=-6.075e-03, WENO=0.079 (x=0.079, y=0.079), ReL2D=121.21, eps_nu=4.273e-03, P_hv=9.250e-06, rho_mean=1.000000, p_mean=0.726436, div_rms=8.213e-01, vort_rms=1.533e+00, mass_err=-1.411e-10
saved snapshot: results/hit2d/final_thesis_Mach_ReL130_N512/production_N512/Mt050_N512/hit2d_step0060000.npz
step= 60500, t=20.364184, dt=3.566e-04, KE=1.081345e-01, Mt=0.4835, A_K=0.146, Cuv=-0.116, P_in=4.477e-03, P_tgt=4.463e-03, A_F=0.186, K_low=0.095, P_drag=-1.861e-03, P_cool=-6.128e-03, WENO=0.084 (x=0.084, y=0.084), ReL2D=120.71, eps_nu=4.205e-03, P_hv=8.549e-06, rho_mean=1.000000, p_mean=0.726543, div_rms=8.016e-01, vort_rms=1.529e+00, mass_err=-1.422e-10
step= 61000, t=20.543047, dt=3.579e-04, KE=1.075303e-01, Mt=0.4805, A_K=0.134, Cuv=-0.131, P_in=5.409e-03, P_tgt=5.401e-03, A_F=0.099, K_low=0.094, P_drag=-1.829e-03, P_cool=-6.140e-03, WENO=0.082 (x=0.082, y=0.082), ReL2D=120.55, eps_nu=4.142e-03, P_hv=8.345e-06, rho_mean=1.000000, p_mean=0.726567, div_rms=7.817e-01, vort_rms=1.528e+00, mass_err=-1.434e-10
step= 61500, t=20.722412, dt=3.607e-04, KE=1.078478e-01, Mt=0.4796, A_K=0.118, Cuv=-0.143, P_in=6.621e-03, P_tgt=6.692e-03, A_F=0.114, K_low=0.096, P_drag=-1.829e-03, P_cool=-6.009e-03, WENO=0.080 (x=0.080, y=0.080), ReL2D=119.79, eps_nu=4.142e-03, P_hv=8.449e-06, rho_mean=1.000000, p_mean=0.726305, div_rms=7.765e-01, vort_rms=1.531e+00, mass_err=-1.446e-10
step= 62000, t=20.905860, dt=3.694e-04, KE=1.086541e-01, Mt=0.4807, A_K=0.102, Cuv=-0.142, P_in=8.243e-03, P_tgt=8.278e-03, A_F=0.029, K_low=0.098, P_drag=-1.868e-03, P_cool=-5.837e-03, WENO=0.076 (x=0.076, y=0.076), ReL2D=120.62, eps_nu=4.152e-03, P_hv=8.243e-06, rho_mean=1.000000, p_mean=0.725959, div_rms=7.613e-01, vort_rms=1.544e+00, mass_err=-1.457e-10
step= 62500, t=21.091501, dt=3.747e-04, KE=1.097560e-01, Mt=0.4831, A_K=0.094, Cuv=-0.141, P_in=1.009e-02, P_tgt=1.003e-02, A_F=0.001, K_low=0.101, P_drag=-1.949e-03, P_cool=-5.671e-03, WENO=0.078 (x=0.078, y=0.078), ReL2D=122.78, eps_nu=4.158e-03, P_hv=8.021e-06, rho_mean=1.000000, p_mean=0.725627, div_rms=7.473e-01, vort_rms=1.554e+00, mass_err=-1.469e-10
step= 63000, t=21.279039, dt=3.735e-04, KE=1.115033e-01, Mt=0.4869, A_K=0.093, Cuv=-0.139, P_in=1.174e-02, P_tgt=1.176e-02, A_F=0.017, K_low=0.104, P_drag=-2.077e-03, P_cool=-5.447e-03, WENO=0.081 (x=0.081, y=0.081), ReL2D=125.85, eps_nu=4.145e-03, P_hv=7.944e-06, rho_mean=1.000000, p_mean=0.725179, div_rms=7.330e-01, vort_rms=1.560e+00, mass_err=-1.481e-10
step= 63500, t=21.464328, dt=3.693e-04, KE=1.138024e-01, Mt=0.4914, A_K=0.103, Cuv=-0.144, P_in=1.304e-02, P_tgt=1.316e-02, A_F=0.024, K_low=0.108, P_drag=-2.244e-03, P_cool=-5.174e-03, WENO=0.082 (x=0.082, y=0.082), ReL2D=130.03, eps_nu=4.136e-03, P_hv=7.960e-06, rho_mean=1.000000, p_mean=0.724634, div_rms=7.124e-01, vort_rms=1.571e+00, mass_err=-1.492e-10
step= 64000, t=21.646285, dt=3.543e-04, KE=1.158152e-01, Mt=0.4948, A_K=0.108, Cuv=-0.155, P_in=1.411e-02, P_tgt=1.410e-02, A_F=0.061, K_low=0.113, P_drag=-2.440e-03, P_cool=-4.998e-03, WENO=0.085 (x=0.085, y=0.085), ReL2D=133.78, eps_nu=4.143e-03, P_hv=7.925e-06, rho_mean=1.000000, p_mean=0.724282, div_rms=6.968e-01, vort_rms=1.582e+00, mass_err=-1.504e-10
step= 64500, t=21.820864, dt=3.462e-04, KE=1.173728e-01, Mt=0.4970, A_K=0.107, Cuv=-0.173, P_in=1.467e-02, P_tgt=1.469e-02, A_F=0.110, K_low=0.119, P_drag=-2.638e-03, P_cool=-4.927e-03, WENO=0.084 (x=0.084, y=0.084), ReL2D=135.69, eps_nu=4.208e-03, P_hv=8.310e-06, rho_mean=1.000000, p_mean=0.724140, div_rms=6.957e-01, vort_rms=1.598e+00, mass_err=-1.516e-10
step= 65000, t=21.990700, dt=3.271e-04, KE=1.186421e-01, Mt=0.4989, A_K=0.103, Cuv=-0.194, P_in=1.508e-02, P_tgt=1.499e-02, A_F=0.189, K_low=0.125, P_drag=-2.829e-03, P_cool=-4.916e-03, WENO=0.076 (x=0.076, y=0.076), ReL2D=136.32, eps_nu=4.307e-03, P_hv=8.656e-06, rho_mean=1.000000, p_mean=0.724119, div_rms=7.000e-01, vort_rms=1.619e+00, mass_err=-1.528e-10
saved snapshot: results/hit2d/final_thesis_Mach_ReL130_N512/production_N512/Mt050_N512/hit2d_step0065000.npz
step= 65500, t=22.152800, dt=3.237e-04, KE=1.197099e-01, Mt=0.5010, A_K=0.094, Cuv=-0.205, P_in=1.503e-02, P_tgt=1.501e-02, A_F=0.096, K_low=0.131, P_drag=-3.012e-03, P_cool=-4.934e-03, WENO=0.075 (x=0.075, y=0.075), ReL2D=136.27, eps_nu=4.389e-03, P_hv=9.454e-06, rho_mean=1.000000, p_mean=0.724155, div_rms=7.045e-01, vort_rms=1.635e+00, mass_err=-1.540e-10
step= 66000, t=22.313402, dt=3.185e-04, KE=1.208093e-01, Mt=0.5054, A_K=0.070, Cuv=-0.176, P_in=1.462e-02, P_tgt=1.456e-02, A_F=0.122, K_low=0.135, P_drag=-3.189e-03, P_cool=-4.933e-03, WENO=0.074 (x=0.074, y=0.074), ReL2D=134.71, eps_nu=4.516e-03, P_hv=9.424e-06, rho_mean=1.000000, p_mean=0.724151, div_rms=7.181e-01, vort_rms=1.657e+00, mass_err=-1.552e-10
step= 66500, t=22.472750, dt=3.186e-04, KE=1.216578e-01, Mt=0.5085, A_K=0.072, Cuv=-0.151, P_in=1.360e-02, P_tgt=1.357e-02, A_F=0.017, K_low=0.140, P_drag=-3.361e-03, P_cool=-4.951e-03, WENO=0.069 (x=0.069, y=0.069), ReL2D=134.31, eps_nu=4.603e-03, P_hv=9.755e-06, rho_mean=1.000000, p_mean=0.724187, div_rms=7.306e-01, vort_rms=1.669e+00, mass_err=-1.564e-10
step= 67000, t=22.631565, dt=3.155e-04, KE=1.220133e-01, Mt=0.5090, A_K=0.080, Cuv=-0.123, P_in=1.244e-02, P_tgt=1.244e-02, A_F=0.006, K_low=0.146, P_drag=-3.542e-03, P_cool=-5.027e-03, WENO=0.071 (x=0.071, y=0.071), ReL2D=131.07, eps_nu=4.701e-03, P_hv=9.991e-06, rho_mean=1.000000, p_mean=0.724340, div_rms=7.645e-01, vort_rms=1.671e+00, mass_err=-1.575e-10
step= 67500, t=22.789101, dt=3.157e-04, KE=1.216692e-01, Mt=0.5080, A_K=0.090, Cuv=-0.104, P_in=1.148e-02, P_tgt=1.145e-02, A_F=0.144, K_low=0.156, P_drag=-3.754e-03, P_cool=-5.200e-03, WENO=0.073 (x=0.073, y=0.073), ReL2D=128.41, eps_nu=4.749e-03, P_hv=9.608e-06, rho_mean=1.000000, p_mean=0.724686, div_rms=7.786e-01, vort_rms=1.674e+00, mass_err=-1.587e-10
step= 68000, t=22.947977, dt=3.196e-04, KE=1.209972e-01, Mt=0.5072, A_K=0.099, Cuv=-0.096, P_in=1.071e-02, P_tgt=1.064e-02, A_F=0.121, K_low=0.172, P_drag=-4.015e-03, P_cool=-5.396e-03, WENO=0.065 (x=0.065, y=0.065), ReL2D=126.00, eps_nu=4.812e-03, P_hv=1.042e-05, rho_mean=1.000000, p_mean=0.725078, div_rms=7.903e-01, vort_rms=1.681e+00, mass_err=-1.599e-10
step= 68500, t=23.108273, dt=3.218e-04, KE=1.205096e-01, Mt=0.5076, A_K=0.115, Cuv=-0.098, P_in=9.905e-03, P_tgt=9.901e-03, A_F=0.164, K_low=0.189, P_drag=-4.311e-03, P_cool=-5.515e-03, WENO=0.063 (x=0.063, y=0.063), ReL2D=123.56, eps_nu=4.880e-03, P_hv=1.060e-05, rho_mean=1.000000, p_mean=0.725315, div_rms=7.992e-01, vort_rms=1.690e+00, mass_err=-1.611e-10
step= 69000, t=23.269756, dt=3.245e-04, KE=1.203459e-01, Mt=0.5084, A_K=0.126, Cuv=-0.101, P_in=9.147e-03, P_tgt=9.152e-03, A_F=0.151, K_low=0.206, P_drag=-4.609e-03, P_cool=-5.531e-03, WENO=0.074 (x=0.074, y=0.074), ReL2D=122.16, eps_nu=4.942e-03, P_hv=1.072e-05, rho_mean=1.000000, p_mean=0.725349, div_rms=8.090e-01, vort_rms=1.698e+00, mass_err=-1.622e-10
step= 69500, t=23.433465, dt=3.292e-04, KE=1.201396e-01, Mt=0.5078, A_K=0.137, Cuv=-0.099, P_in=8.406e-03, P_tgt=8.450e-03, A_F=0.243, K_low=0.219, P_drag=-4.874e-03, P_cool=-5.522e-03, WENO=0.077 (x=0.077, y=0.077), ReL2D=123.25, eps_nu=4.909e-03, P_hv=1.067e-05, rho_mean=1.000000, p_mean=0.725329, div_rms=7.920e-01, vort_rms=1.701e+00, mass_err=-1.634e-10
step= 70000, t=23.599274, dt=3.333e-04, KE=1.201497e-01, Mt=0.5059, A_K=0.141, Cuv=-0.091, P_in=7.895e-03, P_tgt=7.895e-03, A_F=0.153, K_low=0.228, P_drag=-5.078e-03, P_cool=-5.441e-03, WENO=0.074 (x=0.074, y=0.074), ReL2D=123.36, eps_nu=4.864e-03, P_hv=1.033e-05, rho_mean=1.000000, p_mean=0.725167, div_rms=7.799e-01, vort_rms=1.699e+00, mass_err=-1.646e-10
saved snapshot: results/hit2d/final_thesis_Mach_ReL130_N512/production_N512/Mt050_N512/hit2d_step0070000.npz
step= 70500, t=23.765197, dt=3.347e-04, KE=1.202515e-01, Mt=0.5032, A_K=0.131, Cuv=-0.080, P_in=7.535e-03, P_tgt=7.549e-03, A_F=0.097, K_low=0.233, P_drag=-5.221e-03, P_cool=-5.325e-03, WENO=0.073 (x=0.073, y=0.073), ReL2D=122.44, eps_nu=4.816e-03, P_hv=1.013e-05, rho_mean=1.000000, p_mean=0.724936, div_rms=7.659e-01, vort_rms=1.697e+00, mass_err=-1.658e-10
step= 71000, t=23.934905, dt=3.445e-04, KE=1.203237e-01, Mt=0.5009, A_K=0.107, Cuv=-0.066, P_in=7.418e-03, P_tgt=7.394e-03, A_F=0.122, K_low=0.235, P_drag=-5.338e-03, P_cool=-5.204e-03, WENO=0.072 (x=0.072, y=0.072), ReL2D=121.00, eps_nu=4.799e-03, P_hv=1.002e-05, rho_mean=1.000000, p_mean=0.724694, div_rms=7.639e-01, vort_rms=1.694e+00, mass_err=-1.669e-10
step= 71500, t=24.108574, dt=3.490e-04, KE=1.202638e-01, Mt=0.4991, A_K=0.080, Cuv=-0.054, P_in=7.417e-03, P_tgt=7.410e-03, A_F=0.052, K_low=0.239, P_drag=-5.472e-03, P_cool=-5.105e-03, WENO=0.071 (x=0.071, y=0.071), ReL2D=120.81, eps_nu=4.749e-03, P_hv=9.565e-06, rho_mean=1.000000, p_mean=0.724496, div_rms=7.486e-01, vort_rms=1.692e+00, mass_err=-1.681e-10
step= 72000, t=24.282221, dt=3.499e-04, KE=1.205531e-01, Mt=0.4989, A_K=0.055, Cuv=-0.049, P_in=7.495e-03, P_tgt=7.493e-03, A_F=0.057, K_low=0.244, P_drag=-5.635e-03, P_cool=-4.939e-03, WENO=0.073 (x=0.073, y=0.073), ReL2D=119.47, eps_nu=4.746e-03, P_hv=9.539e-06, rho_mean=1.000000, p_mean=0.724164, div_rms=7.525e-01, vort_rms=1.689e+00, mass_err=-1.693e-10
step= 72500, t=24.458213, dt=3.541e-04, KE=1.206598e-01, Mt=0.4991, A_K=0.031, Cuv=-0.047, P_in=7.592e-03, P_tgt=7.563e-03, A_F=0.034, K_low=0.252, P_drag=-5.810e-03, P_cool=-4.811e-03, WENO=0.074 (x=0.074, y=0.074), ReL2D=119.62, eps_nu=4.720e-03, P_hv=9.401e-06, rho_mean=1.000000, p_mean=0.723907, div_rms=7.500e-01, vort_rms=1.685e+00, mass_err=-1.705e-10
step= 73000, t=24.636059, dt=3.557e-04, KE=1.203708e-01, Mt=0.4989, A_K=0.010, Cuv=-0.046, P_in=7.605e-03, P_tgt=7.637e-03, A_F=0.013, K_low=0.259, P_drag=-5.952e-03, P_cool=-4.761e-03, WENO=0.075 (x=0.075, y=0.075), ReL2D=120.61, eps_nu=4.663e-03, P_hv=9.533e-06, rho_mean=1.000000, p_mean=0.723807, div_rms=7.385e-01, vort_rms=1.678e+00, mass_err=-1.717e-10
step= 73500, t=24.813380, dt=3.539e-04, KE=1.199670e-01, Mt=0.4987, A_K=0.010, Cuv=-0.050, P_in=7.704e-03, P_tgt=7.730e-03, A_F=0.041, K_low=0.263, P_drag=-6.017e-03, P_cool=-4.735e-03, WENO=0.078 (x=0.078, y=0.078), ReL2D=121.30, eps_nu=4.613e-03, P_hv=9.433e-06, rho_mean=1.000000, p_mean=0.723756, div_rms=7.338e-01, vort_rms=1.670e+00, mass_err=-1.728e-10
step= 74000, t=24.989248, dt=3.487e-04, KE=1.193005e-01, Mt=0.4981, A_K=0.036, Cuv=-0.046, P_in=7.853e-03, P_tgt=7.850e-03, A_F=0.092, K_low=0.263, P_drag=-5.990e-03, P_cool=-4.767e-03, WENO=0.076 (x=0.076, y=0.076), ReL2D=122.01, eps_nu=4.565e-03, P_hv=9.330e-06, rho_mean=1.000000, p_mean=0.723819, div_rms=7.252e-01, vort_rms=1.664e+00, mass_err=-1.740e-10
step= 74500, t=25.162624, dt=3.451e-04, KE=1.182582e-01, Mt=0.4966, A_K=0.063, Cuv=-0.031, P_in=8.060e-03, P_tgt=8.054e-03, A_F=0.082, K_low=0.260, P_drag=-5.897e-03, P_cool=-4.881e-03, WENO=0.075 (x=0.075, y=0.075), ReL2D=121.65, eps_nu=4.499e-03, P_hv=9.764e-06, rho_mean=1.000000, p_mean=0.724048, div_rms=7.128e-01, vort_rms=1.656e+00, mass_err=-1.752e-10
step= 75000, t=25.334147, dt=3.411e-04, KE=1.169390e-01, Mt=0.4941, A_K=0.089, Cuv=-0.016, P_in=8.439e-03, P_tgt=8.436e-03, A_F=0.094, K_low=0.259, P_drag=-5.796e-03, P_cool=-5.061e-03, WENO=0.076 (x=0.076, y=0.076), ReL2D=122.07, eps_nu=4.451e-03, P_hv=1.023e-05, rho_mean=1.000000, p_mean=0.724407, div_rms=7.087e-01, vort_rms=1.647e+00, mass_err=-1.764e-10
saved snapshot: results/hit2d/final_thesis_Mach_ReL130_N512/production_N512/Mt050_N512/hit2d_step0075000.npz
step= 75500, t=25.504477, dt=3.406e-04, KE=1.156290e-01, Mt=0.4914, A_K=0.116, Cuv=-0.007, P_in=9.120e-03, P_tgt=9.091e-03, A_F=0.236, K_low=0.259, P_drag=-5.731e-03, P_cool=-5.253e-03, WENO=0.073 (x=0.073, y=0.073), ReL2D=121.68, eps_nu=4.429e-03, P_hv=1.019e-05, rho_mean=1.000000, p_mean=0.724791, div_rms=7.077e-01, vort_rms=1.643e+00, mass_err=-1.776e-10
step= 76000, t=25.675000, dt=3.401e-04, KE=1.145520e-01, Mt=0.4895, A_K=0.137, Cuv=-0.009, P_in=9.943e-03, P_tgt=1.004e-02, A_F=0.020, K_low=0.261, P_drag=-5.703e-03, P_cool=-5.421e-03, WENO=0.070 (x=0.070, y=0.070), ReL2D=121.37, eps_nu=4.387e-03, P_hv=1.012e-05, rho_mean=1.000000, p_mean=0.725128, div_rms=6.916e-01, vort_rms=1.642e+00, mass_err=-1.788e-10
step= 76500, t=25.844437, dt=3.403e-04, KE=1.139425e-01, Mt=0.4882, A_K=0.142, Cuv=-0.017, P_in=1.128e-02, P_tgt=1.126e-02, A_F=0.210, K_low=0.262, P_drag=-5.703e-03, P_cool=-5.527e-03, WENO=0.074 (x=0.074, y=0.074), ReL2D=121.65, eps_nu=4.322e-03, P_hv=9.964e-06, rho_mean=1.000000, p_mean=0.725339, div_rms=6.676e-01, vort_rms=1.640e+00, mass_err=-1.799e-10
step= 77000, t=26.016275, dt=3.449e-04, KE=1.141760e-01, Mt=0.4882, A_K=0.142, Cuv=-0.033, P_in=1.274e-02, P_tgt=1.275e-02, A_F=0.005, K_low=0.262, P_drag=-5.723e-03, P_cool=-5.506e-03, WENO=0.070 (x=0.070, y=0.070), ReL2D=122.23, eps_nu=4.271e-03, P_hv=9.825e-06, rho_mean=1.000000, p_mean=0.725298, div_rms=6.463e-01, vort_rms=1.640e+00, mass_err=-1.811e-10
step= 77500, t=26.189598, dt=3.462e-04, KE=1.152439e-01, Mt=0.4901, A_K=0.145, Cuv=-0.050, P_in=1.433e-02, P_tgt=1.429e-02, A_F=0.089, K_low=0.261, P_drag=-5.776e-03, P_cool=-5.373e-03, WENO=0.071 (x=0.071, y=0.071), ReL2D=122.56, eps_nu=4.276e-03, P_hv=9.418e-06, rho_mean=1.000000, p_mean=0.725031, div_rms=6.371e-01, vort_rms=1.646e+00, mass_err=-1.823e-10
step= 78000, t=26.361738, dt=3.435e-04, KE=1.165897e-01, Mt=0.4927, A_K=0.154, Cuv=-0.064, P_in=1.558e-02, P_tgt=1.561e-02, A_F=0.098, K_low=0.261, P_drag=-5.856e-03, P_cool=-5.236e-03, WENO=0.077 (x=0.077, y=0.077), ReL2D=124.80, eps_nu=4.271e-03, P_hv=9.332e-06, rho_mean=1.000000, p_mean=0.724757, div_rms=6.186e-01, vort_rms=1.654e+00, mass_err=-1.835e-10
step= 78500, t=26.533633, dt=3.451e-04, KE=1.180226e-01, Mt=0.4960, A_K=0.170, Cuv=-0.075, P_in=1.651e-02, P_tgt=1.655e-02, A_F=0.085, K_low=0.261, P_drag=-5.959e-03, P_cool=-5.122e-03, WENO=0.082 (x=0.082, y=0.082), ReL2D=128.07, eps_nu=4.292e-03, P_hv=9.213e-06, rho_mean=1.000000, p_mean=0.724529, div_rms=6.018e-01, vort_rms=1.667e+00, mass_err=-1.846e-10
step= 79000, t=26.707244, dt=3.490e-04, KE=1.195930e-01, Mt=0.4997, A_K=0.193, Cuv=-0.078, P_in=1.691e-02, P_tgt=1.691e-02, A_F=0.123, K_low=0.263, P_drag=-6.103e-03, P_cool=-5.002e-03, WENO=0.081 (x=0.081, y=0.081), ReL2D=131.27, eps_nu=4.346e-03, P_hv=9.392e-06, rho_mean=1.000000, p_mean=0.724289, div_rms=5.976e-01, vort_rms=1.681e+00, mass_err=-1.858e-10
warning: flow component anisotropy has increased over the last three diagnostic samples
step= 79500, t=26.882374, dt=3.504e-04, KE=1.209992e-01, Mt=0.5032, A_K=0.222, Cuv=-0.069, P_in=1.669e-02, P_tgt=1.666e-02, A_F=0.116, K_low=0.267, P_drag=-6.295e-03, P_cool=-4.913e-03, WENO=0.085 (x=0.085, y=0.085), ReL2D=133.54, eps_nu=4.376e-03, P_hv=9.352e-06, rho_mean=1.000000, p_mean=0.724111, div_rms=5.967e-01, vort_rms=1.689e+00, mass_err=-1.870e-10
warning: flow component anisotropy has increased over the last three diagnostic samples
step= 80000, t=27.057061, dt=3.483e-04, KE=1.222426e-01, Mt=0.5061, A_K=0.251, Cuv=-0.060, P_in=1.594e-02, P_tgt=1.590e-02, A_F=0.072, K_low=0.273, P_drag=-6.524e-03, P_cool=-4.833e-03, WENO=0.089 (x=0.089, y=0.089), ReL2D=135.09, eps_nu=4.406e-03, P_hv=9.357e-06, rho_mean=1.000000, p_mean=0.723953, div_rms=5.980e-01, vort_rms=1.695e+00, mass_err=-1.882e-10
saved snapshot: results/hit2d/final_thesis_Mach_ReL130_N512/production_N512/Mt050_N512/hit2d_step0080000.npz
warning: flow component anisotropy has increased over the last three diagnostic samples
step= 80500, t=27.230862, dt=3.471e-04, KE=1.233790e-01, Mt=0.5089, A_K=0.269, Cuv=-0.049, P_in=1.482e-02, P_tgt=1.478e-02, A_F=0.112, K_low=0.281, P_drag=-6.785e-03, P_cool=-4.740e-03, WENO=0.090 (x=0.090, y=0.090), ReL2D=136.37, eps_nu=4.450e-03, P_hv=9.308e-06, rho_mean=1.000000, p_mean=0.723766, div_rms=5.991e-01, vort_rms=1.704e+00, mass_err=-1.894e-10
warning: flow component anisotropy has increased over the last three diagnostic samples
step= 81000, t=27.404565, dt=3.485e-04, KE=1.242513e-01, Mt=0.5115, A_K=0.280, Cuv=-0.025, P_in=1.340e-02, P_tgt=1.338e-02, A_F=0.009, K_low=0.291, P_drag=-7.057e-03, P_cool=-4.654e-03, WENO=0.087 (x=0.087, y=0.087), ReL2D=138.67, eps_nu=4.478e-03, P_hv=9.400e-06, rho_mean=1.000000, p_mean=0.723593, div_rms=6.004e-01, vort_rms=1.710e+00, mass_err=-1.905e-10
step= 81500, t=27.579721, dt=3.535e-04, KE=1.244285e-01, Mt=0.5134, A_K=0.279, Cuv=0.002, P_in=1.190e-02, P_tgt=1.185e-02, A_F=0.052, K_low=0.304, P_drag=-7.307e-03, P_cool=-4.648e-03, WENO=0.087 (x=0.087, y=0.087), ReL2D=141.22, eps_nu=4.504e-03, P_hv=9.172e-06, rho_mean=1.000000, p_mean=0.723581, div_rms=5.964e-01, vort_rms=1.717e+00, mass_err=-1.917e-10
step= 82000, t=27.756711, dt=3.539e-04, KE=1.238797e-01, Mt=0.5132, A_K=0.269, Cuv=0.027, P_in=1.041e-02, P_tgt=1.040e-02, A_F=0.026, K_low=0.316, P_drag=-7.480e-03, P_cool=-4.722e-03, WENO=0.086 (x=0.086, y=0.086), ReL2D=141.48, eps_nu=4.533e-03, P_hv=9.397e-06, rho_mean=1.000000, p_mean=0.723730, div_rms=5.991e-01, vort_rms=1.723e+00, mass_err=-1.929e-10
step= 82500, t=27.934348, dt=3.566e-04, KE=1.229304e-01, Mt=0.5108, A_K=0.252, Cuv=0.050, P_in=9.221e-03, P_tgt=9.254e-03, A_F=0.016, K_low=0.323, P_drag=-7.527e-03, P_cool=-4.821e-03, WENO=0.082 (x=0.082, y=0.082), ReL2D=138.67, eps_nu=4.575e-03, P_hv=9.880e-06, rho_mean=1.000000, p_mean=0.723927, div_rms=6.197e-01, vort_rms=1.722e+00, mass_err=-1.941e-10
step= 83000, t=28.111651, dt=3.507e-04, KE=1.217509e-01, Mt=0.5076, A_K=0.221, Cuv=0.068, P_in=8.469e-03, P_tgt=8.458e-03, A_F=0.013, K_low=0.323, P_drag=-7.435e-03, P_cool=-4.930e-03, WENO=0.078 (x=0.078, y=0.078), ReL2D=136.51, eps_nu=4.590e-03, P_hv=1.055e-05, rho_mean=1.000000, p_mean=0.724145, div_rms=6.300e-01, vort_rms=1.720e+00, mass_err=-1.953e-10
step= 83500, t=28.289316, dt=3.575e-04, KE=1.206021e-01, Mt=0.5048, A_K=0.183, Cuv=0.081, P_in=7.970e-03, P_tgt=7.961e-03, A_F=0.089, K_low=0.316, P_drag=-7.214e-03, P_cool=-5.013e-03, WENO=0.080 (x=0.080, y=0.080), ReL2D=134.87, eps_nu=4.595e-03, P_hv=1.069e-05, rho_mean=1.000000, p_mean=0.724312, div_rms=6.373e-01, vort_rms=1.718e+00, mass_err=-1.965e-10
step= 84000, t=28.466919, dt=3.542e-04, KE=1.195399e-01, Mt=0.5019, A_K=0.139, Cuv=0.083, P_in=7.699e-03, P_tgt=7.698e-03, A_F=0.083, K_low=0.304, P_drag=-6.894e-03, P_cool=-5.075e-03, WENO=0.078 (x=0.078, y=0.078), ReL2D=133.58, eps_nu=4.611e-03, P_hv=1.091e-05, rho_mean=1.000000, p_mean=0.724436, div_rms=6.531e-01, vort_rms=1.714e+00, mass_err=-1.977e-10
step= 84500, t=28.643818, dt=3.545e-04, KE=1.180063e-01, Mt=0.4979, A_K=0.092, Cuv=0.069, P_in=7.652e-03, P_tgt=7.703e-03, A_F=0.021, K_low=0.291, P_drag=-6.517e-03, P_cool=-5.237e-03, WENO=0.077 (x=0.077, y=0.077), ReL2D=131.98, eps_nu=4.618e-03, P_hv=1.104e-05, rho_mean=1.000000, p_mean=0.724760, div_rms=6.630e-01, vort_rms=1.710e+00, mass_err=-1.988e-10
step= 85000, t=28.820017, dt=3.502e-04, KE=1.165756e-01, Mt=0.4945, A_K=0.051, Cuv=0.045, P_in=8.040e-03, P_tgt=8.017e-03, A_F=0.077, K_low=0.277, P_drag=-6.121e-03, P_cool=-5.393e-03, WENO=0.077 (x=0.077, y=0.077), ReL2D=131.12, eps_nu=4.644e-03, P_hv=1.126e-05, rho_mean=1.000000, p_mean=0.725072, div_rms=6.723e-01, vort_rms=1.711e+00, mass_err=-2.000e-10
saved snapshot: results/hit2d/final_thesis_Mach_ReL130_N512/production_N512/Mt050_N512/hit2d_step0085000.npz
step= 85500, t=28.995552, dt=3.487e-04, KE=1.155293e-01, Mt=0.4921, A_K=0.021, Cuv=0.019, P_in=8.593e-03, P_tgt=8.585e-03, A_F=0.054, K_low=0.264, P_drag=-5.731e-03, P_cool=-5.495e-03, WENO=0.070 (x=0.070, y=0.070), ReL2D=132.31, eps_nu=4.618e-03, P_hv=1.167e-05, rho_mean=1.000000, p_mean=0.725275, div_rms=6.647e-01, vort_rms=1.709e+00, mass_err=-2.012e-10
step= 86000, t=29.168484, dt=3.436e-04, KE=1.146279e-01, Mt=0.4896, A_K=0.003, Cuv=-0.002, P_in=9.408e-03, P_tgt=9.427e-03, A_F=0.256, K_low=0.250, P_drag=-5.361e-03, P_cool=-5.598e-03, WENO=0.068 (x=0.068, y=0.068), ReL2D=133.92, eps_nu=4.534e-03, P_hv=1.215e-05, rho_mean=1.000000, p_mean=0.725483, div_rms=6.389e-01, vort_rms=1.703e+00, mass_err=-2.024e-10
step= 86500, t=29.339717, dt=3.417e-04, KE=1.135235e-01, Mt=0.4867, A_K=0.003, Cuv=-0.016, P_in=1.065e-02, P_tgt=1.066e-02, A_F=0.106, K_low=0.239, P_drag=-5.036e-03, P_cool=-5.785e-03, WENO=0.067 (x=0.067, y=0.067), ReL2D=135.29, eps_nu=4.436e-03, P_hv=1.212e-05, rho_mean=1.000000, p_mean=0.725855, div_rms=6.100e-01, vort_rms=1.696e+00, mass_err=-2.036e-10
step= 87000, t=29.511309, dt=3.461e-04, KE=1.126917e-01, Mt=0.4850, A_K=0.002, Cuv=-0.021, P_in=1.237e-02, P_tgt=1.238e-02, A_F=0.063, K_low=0.229, P_drag=-4.783e-03, P_cool=-5.972e-03, WENO=0.072 (x=0.072, y=0.072), ReL2D=135.71, eps_nu=4.369e-03, P_hv=1.173e-05, rho_mean=1.000000, p_mean=0.726230, div_rms=5.866e-01, vort_rms=1.692e+00, mass_err=-2.047e-10
step= 87500, t=29.684786, dt=3.476e-04, KE=1.131741e-01, Mt=0.4862, A_K=0.005, Cuv=-0.014, P_in=1.444e-02, P_tgt=1.443e-02, A_F=0.141, K_low=0.219, P_drag=-4.596e-03, P_cool=-5.969e-03, WENO=0.077 (x=0.077, y=0.077), ReL2D=135.72, eps_nu=4.393e-03, P_hv=1.176e-05, rho_mean=1.000000, p_mean=0.726224, div_rms=5.894e-01, vort_rms=1.696e+00, mass_err=-2.059e-10
step= 88000, t=29.860424, dt=3.567e-04, KE=1.149268e-01, Mt=0.4904, A_K=0.018, Cuv=0.003, P_in=1.622e-02, P_tgt=1.633e-02, A_F=0.105, K_low=0.209, P_drag=-4.469e-03, P_cool=-5.795e-03, WENO=0.073 (x=0.073, y=0.073), ReL2D=135.47, eps_nu=4.505e-03, P_hv=1.148e-05, rho_mean=1.000000, p_mean=0.725875, div_rms=6.077e-01, vort_rms=1.712e+00, mass_err=-2.071e-10
step= 88500, t=30.040872, dt=3.618e-04, KE=1.175071e-01, Mt=0.4964, A_K=0.012, Cuv=-0.003, P_in=1.744e-02, P_tgt=1.748e-02, A_F=0.095, K_low=0.201, P_drag=-4.379e-03, P_cool=-5.529e-03, WENO=0.067 (x=0.067, y=0.067), ReL2D=134.45, eps_nu=4.654e-03, P_hv=1.105e-05, rho_mean=1.000000, p_mean=0.725344, div_rms=6.385e-01, vort_rms=1.730e+00, mass_err=-2.083e-10
step= 89000, t=30.222213, dt=3.639e-04, KE=1.200843e-01, Mt=0.5023, A_K=0.004, Cuv=-0.005, P_in=1.763e-02, P_tgt=1.760e-02, A_F=0.149, K_low=0.194, P_drag=-4.313e-03, P_cool=-5.301e-03, WENO=0.067 (x=0.067, y=0.067), ReL2D=133.82, eps_nu=4.805e-03, P_hv=1.038e-05, rho_mean=1.000000, p_mean=0.724887, div_rms=6.764e-01, vort_rms=1.744e+00, mass_err=-2.095e-10
step= 89500, t=30.403069, dt=3.575e-04, KE=1.224749e-01, Mt=0.5070, A_K=0.006, Cuv=-0.006, P_in=1.677e-02, P_tgt=1.680e-02, A_F=0.202, K_low=0.186, P_drag=-4.249e-03, P_cool=-5.105e-03, WENO=0.061 (x=0.061, y=0.061), ReL2D=131.85, eps_nu=4.953e-03, P_hv=1.019e-05, rho_mean=1.000000, p_mean=0.724495, div_rms=7.192e-01, vort_rms=1.754e+00, mass_err=-2.106e-10
step= 90000, t=30.580619, dt=3.542e-04, KE=1.243702e-01, Mt=0.5107, A_K=0.008, Cuv=-0.007, P_in=1.538e-02, P_tgt=1.539e-02, A_F=0.077, K_low=0.178, P_drag=-4.180e-03, P_cool=-4.970e-03, WENO=0.059 (x=0.059, y=0.059), ReL2D=131.23, eps_nu=5.046e-03, P_hv=1.015e-05, rho_mean=1.000000, p_mean=0.724225, div_rms=7.374e-01, vort_rms=1.764e+00, mass_err=-2.118e-10
saved snapshot: results/hit2d/final_thesis_Mach_ReL130_N512/production_N512/Mt050_N512/hit2d_step0090000.npz
step= 90500, t=30.759354, dt=3.610e-04, KE=1.257796e-01, Mt=0.5128, A_K=0.007, Cuv=-0.014, P_in=1.373e-02, P_tgt=1.371e-02, A_F=0.088, K_low=0.171, P_drag=-4.108e-03, P_cool=-4.883e-03, WENO=0.061 (x=0.061, y=0.061), ReL2D=131.97, eps_nu=5.055e-03, P_hv=9.907e-06, rho_mean=1.000000, p_mean=0.724051, div_rms=7.306e-01, vort_rms=1.769e+00, mass_err=-2.130e-10
step= 91000, t=30.940312, dt=3.594e-04, KE=1.264983e-01, Mt=0.5133, A_K=0.005, Cuv=-0.031, P_in=1.212e-02, P_tgt=1.209e-02, A_F=0.049, K_low=0.166, P_drag=-4.036e-03, P_cool=-4.881e-03, WENO=0.066 (x=0.066, y=0.066), ReL2D=133.59, eps_nu=4.979e-03, P_hv=9.429e-06, rho_mean=1.000000, p_mean=0.724048, div_rms=6.940e-01, vort_rms=1.773e+00, mass_err=-2.142e-10
step= 91500, t=31.117751, dt=3.507e-04, KE=1.268729e-01, Mt=0.5138, A_K=0.002, Cuv=-0.054, P_in=1.057e-02, P_tgt=1.062e-02, A_F=0.127, K_low=0.163, P_drag=-3.975e-03, P_cool=-4.893e-03, WENO=0.070 (x=0.070, y=0.070), ReL2D=134.52, eps_nu=4.935e-03, P_hv=9.536e-06, rho_mean=1.000000, p_mean=0.724072, div_rms=6.714e-01, vort_rms=1.775e+00, mass_err=-2.154e-10
step= 92000, t=31.291682, dt=3.426e-04, KE=1.271294e-01, Mt=0.5149, A_K=0.003, Cuv=-0.077, P_in=9.111e-03, P_tgt=9.261e-03, A_F=0.264, K_low=0.160, P_drag=-3.918e-03, P_cool=-4.880e-03, WENO=0.067 (x=0.067, y=0.067), ReL2D=133.69, eps_nu=4.971e-03, P_hv=9.971e-06, rho_mean=1.000000, p_mean=0.724047, div_rms=6.812e-01, vort_rms=1.778e+00, mass_err=-2.165e-10
step= 92500, t=31.459937, dt=3.317e-04, KE=1.269183e-01, Mt=0.5148, A_K=0.004, Cuv=-0.086, P_in=8.038e-03, P_tgt=8.021e-03, A_F=0.172, K_low=0.158, P_drag=-3.867e-03, P_cool=-4.918e-03, WENO=0.067 (x=0.067, y=0.067), ReL2D=132.21, eps_nu=5.022e-03, P_hv=1.042e-05, rho_mean=1.000000, p_mean=0.724122, div_rms=6.931e-01, vort_rms=1.782e+00, mass_err=-2.177e-10
step= 93000, t=31.623947, dt=3.266e-04, KE=1.261800e-01, Mt=0.5123, A_K=0.019, Cuv=-0.080, P_in=7.020e-03, P_tgt=7.031e-03, A_F=0.087, K_low=0.156, P_drag=-3.844e-03, P_cool=-5.025e-03, WENO=0.064 (x=0.064, y=0.064), ReL2D=129.65, eps_nu=5.006e-03, P_hv=1.124e-05, rho_mean=1.000000, p_mean=0.724335, div_rms=6.942e-01, vort_rms=1.778e+00, mass_err=-2.189e-10
step= 93500, t=31.788026, dt=3.304e-04, KE=1.254589e-01, Mt=0.5094, A_K=0.042, Cuv=-0.061, P_in=6.341e-03, P_tgt=6.332e-03, A_F=0.110, K_low=0.156, P_drag=-3.852e-03, P_cool=-5.097e-03, WENO=0.064 (x=0.064, y=0.064), ReL2D=126.73, eps_nu=4.989e-03, P_hv=1.198e-05, rho_mean=1.000000, p_mean=0.724480, div_rms=7.090e-01, vort_rms=1.767e+00, mass_err=-2.201e-10
step= 94000, t=31.954474, dt=3.351e-04, KE=1.248198e-01, Mt=0.5074, A_K=0.063, Cuv=-0.034, P_in=5.870e-03, P_tgt=5.837e-03, A_F=0.161, K_low=0.158, P_drag=-3.891e-03, P_cool=-5.129e-03, WENO=0.066 (x=0.066, y=0.066), ReL2D=125.91, eps_nu=4.936e-03, P_hv=1.212e-05, rho_mean=1.000000, p_mean=0.724544, div_rms=7.078e-01, vort_rms=1.756e+00, mass_err=-2.212e-10
step= 94500, t=32.122574, dt=3.373e-04, KE=1.243775e-01, Mt=0.5070, A_K=0.071, Cuv=-0.009, P_in=5.449e-03, P_tgt=5.447e-03, A_F=0.154, K_low=0.162, P_drag=-3.959e-03, P_cool=-5.103e-03, WENO=0.072 (x=0.072, y=0.072), ReL2D=125.87, eps_nu=4.870e-03, P_hv=1.209e-05, rho_mean=1.000000, p_mean=0.724492, div_rms=6.946e-01, vort_rms=1.749e+00, mass_err=-2.224e-10
step= 95000, t=32.291264, dt=3.374e-04, KE=1.239060e-01, Mt=0.5073, A_K=0.060, Cuv=0.010, P_in=5.086e-03, P_tgt=5.076e-03, A_F=0.003, K_low=0.167, P_drag=-4.052e-03, P_cool=-5.067e-03, WENO=0.077 (x=0.077, y=0.077), ReL2D=126.34, eps_nu=4.795e-03, P_hv=1.201e-05, rho_mean=1.000000, p_mean=0.724420, div_rms=6.739e-01, vort_rms=1.743e+00, mass_err=-2.236e-10
saved snapshot: results/hit2d/final_thesis_Mach_ReL130_N512/production_N512/Mt050_N512/hit2d_step0095000.npz
step= 95500, t=32.459857, dt=3.363e-04, KE=1.230687e-01, Mt=0.5067, A_K=0.037, Cuv=0.022, P_in=4.743e-03, P_tgt=4.734e-03, A_F=0.118, K_low=0.174, P_drag=-4.153e-03, P_cool=-5.088e-03, WENO=0.080 (x=0.080, y=0.080), ReL2D=126.96, eps_nu=4.707e-03, P_hv=1.207e-05, rho_mean=1.000000, p_mean=0.724462, div_rms=6.500e-01, vort_rms=1.736e+00, mass_err=-2.248e-10
step= 96000, t=32.627440, dt=3.328e-04, KE=1.220808e-01, Mt=0.5050, A_K=0.022, Cuv=0.029, P_in=4.431e-03, P_tgt=4.469e-03, A_F=0.238, K_low=0.180, P_drag=-4.255e-03, P_cool=-5.126e-03, WENO=0.076 (x=0.076, y=0.076), ReL2D=127.22, eps_nu=4.606e-03, P_hv=1.280e-05, rho_mean=1.000000, p_mean=0.724538, div_rms=6.298e-01, vort_rms=1.724e+00, mass_err=-2.259e-10
step= 96500, t=32.791091, dt=3.243e-04, KE=1.211956e-01, Mt=0.5029, A_K=0.012, Cuv=0.037, P_in=4.325e-03, P_tgt=4.299e-03, A_F=0.020, K_low=0.186, P_drag=-4.356e-03, P_cool=-5.137e-03, WENO=0.074 (x=0.074, y=0.074), ReL2D=127.02, eps_nu=4.520e-03, P_hv=1.335e-05, rho_mean=1.000000, p_mean=0.724560, div_rms=6.243e-01, vort_rms=1.708e+00, mass_err=-2.271e-10
step= 97000, t=32.953654, dt=3.265e-04, KE=1.204569e-01, Mt=0.5012, A_K=0.006, Cuv=0.046, P_in=4.207e-03, P_tgt=4.215e-03, A_F=0.020, K_low=0.191, P_drag=-4.454e-03, P_cool=-5.113e-03, WENO=0.072 (x=0.072, y=0.072), ReL2D=127.37, eps_nu=4.430e-03, P_hv=1.296e-05, rho_mean=1.000000, p_mean=0.724512, div_rms=6.126e-01, vort_rms=1.693e+00, mass_err=-2.283e-10
step= 97500, t=33.117278, dt=3.277e-04, KE=1.201075e-01, Mt=0.5008, A_K=0.007, Cuv=0.048, P_in=4.169e-03, P_tgt=4.178e-03, A_F=0.096, K_low=0.196, P_drag=-4.554e-03, P_cool=-5.008e-03, WENO=0.078 (x=0.078, y=0.078), ReL2D=127.12, eps_nu=4.395e-03, P_hv=1.226e-05, rho_mean=1.000000, p_mean=0.724301, div_rms=6.138e-01, vort_rms=1.685e+00, mass_err=-2.295e-10
step= 98000, t=33.281509, dt=3.297e-04, KE=1.200369e-01, Mt=0.5015, A_K=0.015, Cuv=0.050, P_in=4.087e-03, P_tgt=4.134e-03, A_F=0.104, K_low=0.201, P_drag=-4.650e-03, P_cool=-4.845e-03, WENO=0.081 (x=0.081, y=0.081), ReL2D=127.57, eps_nu=4.382e-03, P_hv=1.176e-05, rho_mean=1.000000, p_mean=0.723977, div_rms=6.200e-01, vort_rms=1.679e+00, mass_err=-2.306e-10
step= 98500, t=33.448137, dt=3.364e-04, KE=1.197337e-01, Mt=0.5016, A_K=0.025, Cuv=0.050, P_in=4.060e-03, P_tgt=4.064e-03, A_F=0.056, K_low=0.206, P_drag=-4.737e-03, P_cool=-4.727e-03, WENO=0.083 (x=0.083, y=0.083), ReL2D=128.08, eps_nu=4.359e-03, P_hv=1.146e-05, rho_mean=1.000000, p_mean=0.723740, div_rms=6.289e-01, vort_rms=1.669e+00, mass_err=-2.318e-10
step= 99000, t=33.617032, dt=3.389e-04, KE=1.187506e-01, Mt=0.4995, A_K=0.034, Cuv=0.059, P_in=4.033e-03, P_tgt=4.036e-03, A_F=0.008, K_low=0.211, P_drag=-4.810e-03, P_cool=-4.741e-03, WENO=0.076 (x=0.076, y=0.076), ReL2D=128.88, eps_nu=4.265e-03, P_hv=1.135e-05, rho_mean=1.000000, p_mean=0.723767, div_rms=6.160e-01, vort_rms=1.654e+00, mass_err=-2.330e-10
step= 99500, t=33.787425, dt=3.421e-04, KE=1.174582e-01, Mt=0.4965, A_K=0.036, Cuv=0.079, P_in=4.144e-03, P_tgt=4.116e-03, A_F=0.107, K_low=0.217, P_drag=-4.876e-03, P_cool=-4.812e-03, WENO=0.080 (x=0.080, y=0.080), ReL2D=129.78, eps_nu=4.153e-03, P_hv=1.106e-05, rho_mean=1.000000, p_mean=0.723911, div_rms=5.933e-01, vort_rms=1.639e+00, mass_err=-2.342e-10
step=100000, t=33.958397, dt=3.382e-04, KE=1.162099e-01, Mt=0.4943, A_K=0.028, Cuv=0.107, P_in=4.327e-03, P_tgt=4.318e-03, A_F=0.108, K_low=0.223, P_drag=-4.940e-03, P_cool=-4.875e-03, WENO=0.078 (x=0.078, y=0.078), ReL2D=130.60, eps_nu=4.063e-03, P_hv=1.080e-05, rho_mean=1.000000, p_mean=0.724037, div_rms=5.714e-01, vort_rms=1.629e+00, mass_err=-2.353e-10
saved snapshot: results/hit2d/final_thesis_Mach_ReL130_N512/production_N512/Mt050_N512/hit2d_step0100000.npz
step=100500, t=34.125989, dt=3.331e-04, KE=1.154121e-01, Mt=0.4935, A_K=0.016, Cuv=0.134, P_in=4.592e-03, P_tgt=4.599e-03, A_F=0.112, K_low=0.227, P_drag=-5.001e-03, P_cool=-4.857e-03, WENO=0.083 (x=0.083, y=0.083), ReL2D=132.27, eps_nu=3.994e-03, P_hv=1.098e-05, rho_mean=1.000000, p_mean=0.723999, div_rms=5.663e-01, vort_rms=1.615e+00, mass_err=-2.365e-10
step=101000, t=34.292812, dt=3.354e-04, KE=1.148794e-01, Mt=0.4939, A_K=0.010, Cuv=0.154, P_in=4.906e-03, P_tgt=4.908e-03, A_F=0.012, K_low=0.229, P_drag=-5.057e-03, P_cool=-4.794e-03, WENO=0.076 (x=0.076, y=0.076), ReL2D=135.03, eps_nu=3.945e-03, P_hv=1.098e-05, rho_mean=1.000000, p_mean=0.723874, div_rms=5.736e-01, vort_rms=1.600e+00, mass_err=-2.377e-10
step=101500, t=34.461474, dt=3.378e-04, KE=1.140314e-01, Mt=0.4940, A_K=0.012, Cuv=0.170, P_in=5.205e-03, P_tgt=5.217e-03, A_F=0.099, K_low=0.232, P_drag=-5.110e-03, P_cool=-4.800e-03, WENO=0.078 (x=0.078, y=0.078), ReL2D=137.20, eps_nu=3.886e-03, P_hv=1.100e-05, rho_mean=1.000000, p_mean=0.723886, div_rms=5.707e-01, vort_rms=1.587e+00, mass_err=-2.389e-10
step=102000, t=34.628865, dt=3.341e-04, KE=1.129227e-01, Mt=0.4932, A_K=0.018, Cuv=0.179, P_in=5.570e-03, P_tgt=5.565e-03, A_F=0.141, K_low=0.236, P_drag=-5.160e-03, P_cool=-4.867e-03, WENO=0.081 (x=0.081, y=0.081), ReL2D=138.35, eps_nu=3.841e-03, P_hv=1.082e-05, rho_mean=1.000000, p_mean=0.724019, div_rms=5.684e-01, vort_rms=1.578e+00, mass_err=-2.400e-10
step=102500, t=34.796316, dt=3.352e-04, KE=1.117714e-01, Mt=0.4911, A_K=0.026, Cuv=0.178, P_in=6.019e-03, P_tgt=6.027e-03, A_F=0.081, K_low=0.240, P_drag=-5.211e-03, P_cool=-4.950e-03, WENO=0.082 (x=0.082, y=0.082), ReL2D=138.00, eps_nu=3.831e-03, P_hv=1.033e-05, rho_mean=1.000000, p_mean=0.724186, div_rms=5.718e-01, vort_rms=1.574e+00, mass_err=-2.412e-10
step=103000, t=34.964477, dt=3.372e-04, KE=1.108762e-01, Mt=0.4882, A_K=0.033, Cuv=0.170, P_in=6.646e-03, P_tgt=6.705e-03, A_F=0.055, K_low=0.244, P_drag=-5.262e-03, P_cool=-4.997e-03, WENO=0.077 (x=0.077, y=0.077), ReL2D=136.07, eps_nu=3.835e-03, P_hv=1.060e-05, rho_mean=1.000000, p_mean=0.724279, div_rms=5.773e-01, vort_rms=1.572e+00, mass_err=-2.424e-10
step=103500, t=35.135411, dt=3.484e-04, KE=1.107037e-01, Mt=0.4856, A_K=0.046, Cuv=0.159, P_in=7.545e-03, P_tgt=7.691e-03, A_F=0.092, K_low=0.246, P_drag=-5.321e-03, P_cool=-4.925e-03, WENO=0.079 (x=0.079, y=0.079), ReL2D=134.47, eps_nu=3.875e-03, P_hv=1.051e-05, rho_mean=1.000000, p_mean=0.724135, div_rms=5.929e-01, vort_rms=1.574e+00, mass_err=-2.435e-10
step=104000, t=35.309654, dt=3.460e-04, KE=1.111926e-01, Mt=0.4843, A_K=0.054, Cuv=0.157, P_in=8.984e-03, P_tgt=9.012e-03, A_F=0.154, K_low=0.246, P_drag=-5.387e-03, P_cool=-4.763e-03, WENO=0.078 (x=0.078, y=0.078), ReL2D=131.76, eps_nu=4.007e-03, P_hv=1.027e-05, rho_mean=1.000000, p_mean=0.723812, div_rms=6.272e-01, vort_rms=1.588e+00, mass_err=-2.447e-10
step=104500, t=35.483300, dt=3.505e-04, KE=1.113552e-01, Mt=0.4823, A_K=0.073, Cuv=0.172, P_in=1.078e-02, P_tgt=1.073e-02, A_F=0.013, K_low=0.247, P_drag=-5.484e-03, P_cool=-4.721e-03, WENO=0.079 (x=0.079, y=0.079), ReL2D=129.04, eps_nu=4.099e-03, P_hv=1.039e-05, rho_mean=1.000000, p_mean=0.723727, div_rms=6.426e-01, vort_rms=1.602e+00, mass_err=-2.459e-10
step=105000, t=35.657904, dt=3.473e-04, KE=1.115589e-01, Mt=0.4811, A_K=0.096, Cuv=0.173, P_in=1.303e-02, P_tgt=1.304e-02, A_F=0.158, K_low=0.250, P_drag=-5.598e-03, P_cool=-4.736e-03, WENO=0.078 (x=0.078, y=0.078), ReL2D=127.16, eps_nu=4.136e-03, P_hv=1.021e-05, rho_mean=1.000000, p_mean=0.723757, div_rms=6.471e-01, vort_rms=1.608e+00, mass_err=-2.471e-10
saved snapshot: results/hit2d/final_thesis_Mach_ReL130_N512/production_N512/Mt050_N512/hit2d_step0105000.npz
step=105500, t=35.831681, dt=3.473e-04, KE=1.128205e-01, Mt=0.4833, A_K=0.116, Cuv=0.179, P_in=1.581e-02, P_tgt=1.579e-02, A_F=0.164, K_low=0.255, P_drag=-5.768e-03, P_cool=-4.626e-03, WENO=0.075 (x=0.075, y=0.075), ReL2D=125.47, eps_nu=4.222e-03, P_hv=1.011e-05, rho_mean=1.000000, p_mean=0.723537, div_rms=6.600e-01, vort_rms=1.621e+00, mass_err=-2.482e-10
step=106000, t=36.004811, dt=3.449e-04, KE=1.147846e-01, Mt=0.4879, A_K=0.122, Cuv=0.181, P_in=1.837e-02, P_tgt=1.838e-02, A_F=0.037, K_low=0.261, P_drag=-5.986e-03, P_cool=-4.467e-03, WENO=0.079 (x=0.079, y=0.079), ReL2D=126.05, eps_nu=4.345e-03, P_hv=9.808e-06, rho_mean=1.000000, p_mean=0.723220, div_rms=6.686e-01, vort_rms=1.645e+00, mass_err=-2.494e-10
step=106500, t=36.176213, dt=3.407e-04, KE=1.167630e-01, Mt=0.4930, A_K=0.120, Cuv=0.176, P_in=2.024e-02, P_tgt=2.027e-02, A_F=0.040, K_low=0.267, P_drag=-6.217e-03, P_cool=-4.377e-03, WENO=0.077 (x=0.077, y=0.077), ReL2D=126.90, eps_nu=4.465e-03, P_hv=1.010e-05, rho_mean=1.000000, p_mean=0.723039, div_rms=6.725e-01, vort_rms=1.671e+00, mass_err=-2.506e-10
step=107000, t=36.345981, dt=3.405e-04, KE=1.185465e-01, Mt=0.4979, A_K=0.108, Cuv=0.157, P_in=2.123e-02, P_tgt=2.121e-02, A_F=0.063, K_low=0.272, P_drag=-6.410e-03, P_cool=-4.364e-03, WENO=0.068 (x=0.068, y=0.068), ReL2D=127.74, eps_nu=4.584e-03, P_hv=1.041e-05, rho_mean=1.000000, p_mean=0.723014, div_rms=6.776e-01, vort_rms=1.695e+00, mass_err=-2.518e-10
step=107500, t=36.516595, dt=3.421e-04, KE=1.198336e-01, Mt=0.5014, A_K=0.091, Cuv=0.134, P_in=2.122e-02, P_tgt=2.126e-02, A_F=0.109, K_low=0.275, P_drag=-6.555e-03, P_cool=-4.463e-03, WENO=0.070 (x=0.070, y=0.070), ReL2D=128.67, eps_nu=4.686e-03, P_hv=1.065e-05, rho_mean=1.000000, p_mean=0.723212, div_rms=6.801e-01, vort_rms=1.716e+00, mass_err=-2.530e-10
step=108000, t=36.686745, dt=3.347e-04, KE=1.204266e-01, Mt=0.5036, A_K=0.082, Cuv=0.117, P_in=2.075e-02, P_tgt=2.072e-02, A_F=0.180, K_low=0.279, P_drag=-6.664e-03, P_cool=-4.681e-03, WENO=0.074 (x=0.074, y=0.074), ReL2D=128.54, eps_nu=4.774e-03, P_hv=1.092e-05, rho_mean=1.000000, p_mean=0.723648, div_rms=6.732e-01, vort_rms=1.739e+00, mass_err=-2.542e-10
step=108500, t=36.855582, dt=3.421e-04, KE=1.210322e-01, Mt=0.5062, A_K=0.073, Cuv=0.107, P_in=1.977e-02, P_tgt=1.976e-02, A_F=0.233, K_low=0.284, P_drag=-6.761e-03, P_cool=-4.857e-03, WENO=0.074 (x=0.074, y=0.074), ReL2D=126.84, eps_nu=4.873e-03, P_hv=1.120e-05, rho_mean=1.000000, p_mean=0.724000, div_rms=6.798e-01, vort_rms=1.757e+00, mass_err=-2.553e-10
step=109000, t=37.026823, dt=3.420e-04, KE=1.219621e-01, Mt=0.5101, A_K=0.060, Cuv=0.100, P_in=1.826e-02, P_tgt=1.826e-02, A_F=0.183, K_low=0.289, P_drag=-6.867e-03, P_cool=-4.921e-03, WENO=0.082 (x=0.082, y=0.082), ReL2D=125.91, eps_nu=4.989e-03, P_hv=1.119e-05, rho_mean=1.000000, p_mean=0.724129, div_rms=6.883e-01, vort_rms=1.778e+00, mass_err=-2.565e-10
step=109500, t=37.197510, dt=3.413e-04, KE=1.230638e-01, Mt=0.5134, A_K=0.046, Cuv=0.095, P_in=1.616e-02, P_tgt=1.628e-02, A_F=0.193, K_low=0.294, P_drag=-6.979e-03, P_cool=-4.886e-03, WENO=0.074 (x=0.074, y=0.074), ReL2D=124.61, eps_nu=5.182e-03, P_hv=1.116e-05, rho_mean=1.000000, p_mean=0.724057, div_rms=7.217e-01, vort_rms=1.801e+00, mass_err=-2.577e-10
step=110000, t=37.368678, dt=3.430e-04, KE=1.240301e-01, Mt=0.5143, A_K=0.025, Cuv=0.087, P_in=1.423e-02, P_tgt=1.422e-02, A_F=0.181, K_low=0.296, P_drag=-7.081e-03, P_cool=-4.806e-03, WENO=0.067 (x=0.067, y=0.067), ReL2D=120.51, eps_nu=5.468e-03, P_hv=1.204e-05, rho_mean=1.000000, p_mean=0.723897, div_rms=8.013e-01, vort_rms=1.817e+00, mass_err=-2.589e-10
saved snapshot: results/hit2d/final_thesis_Mach_ReL130_N512/production_N512/Mt050_N512/hit2d_step0110000.npz
step=110500, t=37.538969, dt=3.357e-04, KE=1.248064e-01, Mt=0.5130, A_K=0.004, Cuv=0.075, P_in=1.247e-02, P_tgt=1.246e-02, A_F=0.059, K_low=0.294, P_drag=-7.156e-03, P_cool=-4.698e-03, WENO=0.062 (x=0.062, y=0.062), ReL2D=118.33, eps_nu=5.630e-03, P_hv=1.206e-05, rho_mean=1.000000, p_mean=0.723681, div_rms=8.434e-01, vort_rms=1.825e+00, mass_err=-2.601e-10
step=111000, t=37.702434, dt=3.222e-04, KE=1.252491e-01, Mt=0.5108, A_K=0.017, Cuv=0.067, P_in=1.106e-02, P_tgt=1.110e-02, A_F=0.046, K_low=0.291, P_drag=-7.187e-03, P_cool=-4.605e-03, WENO=0.057 (x=0.057, y=0.057), ReL2D=119.69, eps_nu=5.619e-03, P_hv=1.284e-05, rho_mean=1.000000, p_mean=0.723496, div_rms=8.316e-01, vort_rms=1.830e+00, mass_err=-2.613e-10
step=111500, t=37.862088, dt=3.172e-04, KE=1.252605e-01, Mt=0.5083, A_K=0.031, Cuv=0.059, P_in=1.002e-02, P_tgt=1.011e-02, A_F=0.028, K_low=0.287, P_drag=-7.166e-03, P_cool=-4.565e-03, WENO=0.063 (x=0.063, y=0.063), ReL2D=121.72, eps_nu=5.542e-03, P_hv=1.339e-05, rho_mean=1.000000, p_mean=0.723415, div_rms=7.992e-01, vort_rms=1.833e+00, mass_err=-2.624e-10
step=112000, t=38.021225, dt=3.221e-04, KE=1.248407e-01, Mt=0.5054, A_K=0.038, Cuv=0.055, P_in=9.502e-03, P_tgt=9.465e-03, A_F=0.061, K_low=0.283, P_drag=-7.104e-03, P_cool=-4.587e-03, WENO=0.064 (x=0.064, y=0.064), ReL2D=123.22, eps_nu=5.448e-03, P_hv=1.297e-05, rho_mean=1.000000, p_mean=0.723459, div_rms=7.689e-01, vort_rms=1.831e+00, mass_err=-2.636e-10
step=112500, t=38.183318, dt=3.217e-04, KE=1.240459e-01, Mt=0.5028, A_K=0.046, Cuv=0.066, P_in=9.069e-03, P_tgt=9.091e-03, A_F=0.333, K_low=0.280, P_drag=-7.010e-03, P_cool=-4.667e-03, WENO=0.064 (x=0.064, y=0.064), ReL2D=122.99, eps_nu=5.410e-03, P_hv=1.295e-05, rho_mean=1.000000, p_mean=0.723620, div_rms=7.692e-01, vort_rms=1.823e+00, mass_err=-2.648e-10
step=113000, t=38.341545, dt=3.093e-04, KE=1.228890e-01, Mt=0.5008, A_K=0.054, Cuv=0.087, P_in=8.932e-03, P_tgt=8.939e-03, A_F=0.365, K_low=0.278, P_drag=-6.910e-03, P_cool=-4.813e-03, WENO=0.062 (x=0.062, y=0.062), ReL2D=123.25, eps_nu=5.367e-03, P_hv=1.339e-05, rho_mean=1.000000, p_mean=0.723913, div_rms=7.630e-01, vort_rms=1.818e+00, mass_err=-2.660e-10
step=113500, t=38.494718, dt=3.069e-04, KE=1.219833e-01, Mt=0.5002, A_K=0.057, Cuv=0.116, P_in=8.971e-03, P_tgt=8.907e-03, A_F=0.226, K_low=0.277, P_drag=-6.826e-03, P_cool=-4.908e-03, WENO=0.061 (x=0.061, y=0.061), ReL2D=123.48, eps_nu=5.358e-03, P_hv=1.450e-05, rho_mean=1.000000, p_mean=0.724102, div_rms=7.659e-01, vort_rms=1.814e+00, mass_err=-2.672e-10
step=114000, t=38.649283, dt=3.111e-04, KE=1.214835e-01, Mt=0.5005, A_K=0.049, Cuv=0.148, P_in=8.848e-03, P_tgt=8.878e-03, A_F=0.073, K_low=0.277, P_drag=-6.765e-03, P_cool=-4.921e-03, WENO=0.065 (x=0.065, y=0.065), ReL2D=123.55, eps_nu=5.367e-03, P_hv=1.480e-05, rho_mean=1.000000, p_mean=0.724128, div_rms=7.744e-01, vort_rms=1.811e+00, mass_err=-2.684e-10
step=114500, t=38.805641, dt=3.137e-04, KE=1.209565e-01, Mt=0.5006, A_K=0.042, Cuv=0.176, P_in=8.752e-03, P_tgt=8.835e-03, A_F=0.006, K_low=0.279, P_drag=-6.731e-03, P_cool=-4.939e-03, WENO=0.066 (x=0.066, y=0.066), ReL2D=124.58, eps_nu=5.318e-03, P_hv=1.436e-05, rho_mean=1.000000, p_mean=0.724163, div_rms=7.630e-01, vort_rms=1.807e+00, mass_err=-2.696e-10
step=115000, t=38.962838, dt=3.158e-04, KE=1.202816e-01, Mt=0.5010, A_K=0.039, Cuv=0.197, P_in=8.762e-03, P_tgt=8.771e-03, A_F=0.181, K_low=0.284, P_drag=-6.734e-03, P_cool=-4.983e-03, WENO=0.066 (x=0.066, y=0.066), ReL2D=125.74, eps_nu=5.259e-03, P_hv=1.406e-05, rho_mean=1.000000, p_mean=0.724252, div_rms=7.411e-01, vort_rms=1.807e+00, mass_err=-2.708e-10
saved snapshot: results/hit2d/final_thesis_Mach_ReL130_N512/production_N512/Mt050_N512/hit2d_step0115000.npz
step=115500, t=39.121919, dt=3.208e-04, KE=1.195486e-01, Mt=0.5019, A_K=0.038, Cuv=0.210, P_in=8.623e-03, P_tgt=8.647e-03, A_F=0.083, K_low=0.290, P_drag=-6.760e-03, P_cool=-5.033e-03, WENO=0.067 (x=0.067, y=0.067), ReL2D=125.53, eps_nu=5.271e-03, P_hv=1.383e-05, rho_mean=1.000000, p_mean=0.724351, div_rms=7.408e-01, vort_rms=1.810e+00, mass_err=-2.719e-10
step=116000, t=39.283341, dt=3.241e-04, KE=1.188882e-01, Mt=0.5025, A_K=0.033, Cuv=0.218, P_in=8.474e-03, P_tgt=8.455e-03, A_F=0.123, K_low=0.296, P_drag=-6.792e-03, P_cool=-5.059e-03, WENO=0.071 (x=0.071, y=0.071), ReL2D=124.35, eps_nu=5.287e-03, P_hv=1.352e-05, rho_mean=1.000000, p_mean=0.724404, div_rms=7.542e-01, vort_rms=1.806e+00, mass_err=-2.731e-10
step=116500, t=39.445886, dt=3.231e-04, KE=1.181223e-01, Mt=0.5016, A_K=0.026, Cuv=0.220, P_in=8.296e-03, P_tgt=8.270e-03, A_F=0.051, K_low=0.299, P_drag=-6.793e-03, P_cool=-5.100e-03, WENO=0.077 (x=0.077, y=0.077), ReL2D=124.05, eps_nu=5.232e-03, P_hv=1.339e-05, rho_mean=1.000000, p_mean=0.724486, div_rms=7.528e-01, vort_rms=1.795e+00, mass_err=-2.743e-10
step=117000, t=39.605343, dt=3.157e-04, KE=1.173126e-01, Mt=0.4993, A_K=0.018, Cuv=0.220, P_in=8.265e-03, P_tgt=8.227e-03, A_F=0.051, K_low=0.298, P_drag=-6.747e-03, P_cool=-5.148e-03, WENO=0.073 (x=0.073, y=0.073), ReL2D=124.93, eps_nu=5.114e-03, P_hv=1.338e-05, rho_mean=1.000000, p_mean=0.724582, div_rms=7.302e-01, vort_rms=1.782e+00, mass_err=-2.755e-10
step=117500, t=39.762336, dt=3.144e-04, KE=1.167283e-01, Mt=0.4973, A_K=0.013, Cuv=0.224, P_in=8.384e-03, P_tgt=8.377e-03, A_F=0.016, K_low=0.295, P_drag=-6.677e-03, P_cool=-5.154e-03, WENO=0.072 (x=0.072, y=0.072), ReL2D=124.85, eps_nu=5.014e-03, P_hv=1.325e-05, rho_mean=1.000000, p_mean=0.724593, div_rms=7.055e-01, vort_rms=1.774e+00, mass_err=-2.767e-10
step=118000, t=39.919934, dt=3.161e-04, KE=1.164192e-01, Mt=0.4957, A_K=0.004, Cuv=0.233, P_in=8.643e-03, P_tgt=8.679e-03, A_F=0.092, K_low=0.292, P_drag=-6.600e-03, P_cool=-5.111e-03, WENO=0.076 (x=0.076, y=0.076), ReL2D=124.09, eps_nu=4.962e-03, P_hv=1.281e-05, rho_mean=1.000000, p_mean=0.724507, div_rms=6.951e-01, vort_rms=1.768e+00, mass_err=-2.779e-10
step=118500, t=40.079246, dt=3.215e-04, KE=1.163255e-01, Mt=0.4946, A_K=0.011, Cuv=0.243, P_in=9.105e-03, P_tgt=9.122e-03, A_F=0.029, K_low=0.287, P_drag=-6.520e-03, P_cool=-5.040e-03, WENO=0.073 (x=0.073, y=0.073), ReL2D=123.73, eps_nu=4.903e-03, P_hv=1.297e-05, rho_mean=1.000000, p_mean=0.724365, div_rms=6.807e-01, vort_rms=1.763e+00, mass_err=-2.791e-10
step=119000, t=40.241592, dt=3.282e-04, KE=1.165205e-01, Mt=0.4942, A_K=0.024, Cuv=0.246, P_in=9.684e-03, P_tgt=9.661e-03, A_F=0.040, K_low=0.282, P_drag=-6.429e-03, P_cool=-4.932e-03, WENO=0.069 (x=0.069, y=0.069), ReL2D=122.54, eps_nu=4.895e-03, P_hv=1.317e-05, rho_mean=1.000000, p_mean=0.724150, div_rms=6.895e-01, vort_rms=1.757e+00, mass_err=-2.802e-10
step=119500, t=40.407754, dt=3.362e-04, KE=1.164125e-01, Mt=0.4938, A_K=0.033, Cuv=0.240, P_in=1.023e-02, P_tgt=1.026e-02, A_F=0.127, K_low=0.277, P_drag=-6.302e-03, P_cool=-4.909e-03, WENO=0.067 (x=0.067, y=0.067), ReL2D=122.74, eps_nu=4.889e-03, P_hv=1.284e-05, rho_mean=1.000000, p_mean=0.724104, div_rms=7.011e-01, vort_rms=1.750e+00, mass_err=-2.814e-10
step=120000, t=40.576243, dt=3.376e-04, KE=1.155609e-01, Mt=0.4925, A_K=0.041, Cuv=0.229, P_in=1.103e-02, P_tgt=1.099e-02, A_F=0.022, K_low=0.271, P_drag=-6.125e-03, P_cool=-5.061e-03, WENO=0.065 (x=0.065, y=0.065), ReL2D=123.53, eps_nu=4.847e-03, P_hv=1.248e-05, rho_mean=1.000000, p_mean=0.724407, div_rms=6.959e-01, vort_rms=1.743e+00, mass_err=-2.826e-10
saved snapshot: results/hit2d/final_thesis_Mach_ReL130_N512/production_N512/Mt050_N512/hit2d_step0120000.npz
step=120500, t=40.745061, dt=3.381e-04, KE=1.144081e-01, Mt=0.4906, A_K=0.051, Cuv=0.220, P_in=1.194e-02, P_tgt=1.199e-02, A_F=0.085, K_low=0.264, P_drag=-5.923e-03, P_cool=-5.301e-03, WENO=0.064 (x=0.064, y=0.064), ReL2D=125.30, eps_nu=4.734e-03, P_hv=1.265e-05, rho_mean=1.000000, p_mean=0.724888, div_rms=6.588e-01, vort_rms=1.738e+00, mass_err=-2.838e-10
step=121000, t=40.914990, dt=3.413e-04, KE=1.140121e-01, Mt=0.4899, A_K=0.062, Cuv=0.213, P_in=1.326e-02, P_tgt=1.327e-02, A_F=0.062, K_low=0.257, P_drag=-5.733e-03, P_cool=-5.430e-03, WENO=0.072 (x=0.072, y=0.072), ReL2D=125.83, eps_nu=4.663e-03, P_hv=1.278e-05, rho_mean=1.000000, p_mean=0.725146, div_rms=6.362e-01, vort_rms=1.733e+00, mass_err=-2.850e-10
step=121500, t=41.084331, dt=3.358e-04, KE=1.142604e-01, Mt=0.4906, A_K=0.073, Cuv=0.207, P_in=1.471e-02, P_tgt=1.469e-02, A_F=0.240, K_low=0.252, P_drag=-5.599e-03, P_cool=-5.479e-03, WENO=0.087 (x=0.087, y=0.087), ReL2D=125.49, eps_nu=4.653e-03, P_hv=1.273e-05, rho_mean=1.000000, p_mean=0.725244, div_rms=6.215e-01, vort_rms=1.738e+00, mass_err=-2.862e-10
step=122000, t=41.251296, dt=3.361e-04, KE=1.147336e-01, Mt=0.4918, A_K=0.087, Cuv=0.217, P_in=1.610e-02, P_tgt=1.609e-02, A_F=0.115, K_low=0.250, P_drag=-5.544e-03, P_cool=-5.530e-03, WENO=0.087 (x=0.087, y=0.087), ReL2D=126.02, eps_nu=4.663e-03, P_hv=1.272e-05, rho_mean=1.000000, p_mean=0.725345, div_rms=6.088e-01, vort_rms=1.746e+00, mass_err=-2.873e-10
step=122500, t=41.420124, dt=3.394e-04, KE=1.157262e-01, Mt=0.4939, A_K=0.105, Cuv=0.235, P_in=1.735e-02, P_tgt=1.734e-02, A_F=0.088, K_low=0.249, P_drag=-5.527e-03, P_cool=-5.523e-03, WENO=0.074 (x=0.074, y=0.074), ReL2D=126.17, eps_nu=4.778e-03, P_hv=1.266e-05, rho_mean=1.000000, p_mean=0.725332, div_rms=6.400e-01, vort_rms=1.756e+00, mass_err=-2.885e-10
step=123000, t=41.590912, dt=3.443e-04, KE=1.174992e-01, Mt=0.4968, A_K=0.121, Cuv=0.248, P_in=1.809e-02, P_tgt=1.818e-02, A_F=0.043, K_low=0.245, P_drag=-5.498e-03, P_cool=-5.402e-03, WENO=0.073 (x=0.073, y=0.073), ReL2D=126.76, eps_nu=4.874e-03, P_hv=1.250e-05, rho_mean=1.000000, p_mean=0.725089, div_rms=6.618e-01, vort_rms=1.766e+00, mass_err=-2.897e-10
step=123500, t=41.763424, dt=3.438e-04, KE=1.193934e-01, Mt=0.5004, A_K=0.131, Cuv=0.239, P_in=1.853e-02, P_tgt=1.844e-02, A_F=0.054, K_low=0.239, P_drag=-5.444e-03, P_cool=-5.283e-03, WENO=0.083 (x=0.083, y=0.083), ReL2D=127.87, eps_nu=4.931e-03, P_hv=1.198e-05, rho_mean=1.000000, p_mean=0.724852, div_rms=6.576e-01, vort_rms=1.781e+00, mass_err=-2.909e-10
step=124000, t=41.934165, dt=3.386e-04, KE=1.206193e-01, Mt=0.5030, A_K=0.130, Cuv=0.215, P_in=1.812e-02, P_tgt=1.811e-02, A_F=0.070, K_low=0.233, P_drag=-5.395e-03, P_cool=-5.297e-03, WENO=0.079 (x=0.079, y=0.079), ReL2D=129.55, eps_nu=4.961e-03, P_hv=1.202e-05, rho_mean=1.000000, p_mean=0.724879, div_rms=6.375e-01, vort_rms=1.797e+00, mass_err=-2.921e-10
step=124500, t=42.102875, dt=3.368e-04, KE=1.212913e-01, Mt=0.5041, A_K=0.122, Cuv=0.194, P_in=1.748e-02, P_tgt=1.747e-02, A_F=0.043, K_low=0.230, P_drag=-5.379e-03, P_cool=-5.399e-03, WENO=0.078 (x=0.078, y=0.078), ReL2D=130.39, eps_nu=4.998e-03, P_hv=1.200e-05, rho_mean=1.000000, p_mean=0.725084, div_rms=6.301e-01, vort_rms=1.808e+00, mass_err=-2.932e-10
step=125000, t=42.270275, dt=3.328e-04, KE=1.218267e-01, Mt=0.5045, A_K=0.110, Cuv=0.179, P_in=1.681e-02, P_tgt=1.674e-02, A_F=0.120, K_low=0.230, P_drag=-5.395e-03, P_cool=-5.500e-03, WENO=0.074 (x=0.074, y=0.074), ReL2D=130.15, eps_nu=5.085e-03, P_hv=1.201e-05, rho_mean=1.000000, p_mean=0.725287, div_rms=6.505e-01, vort_rms=1.817e+00, mass_err=-2.944e-10
saved snapshot: results/hit2d/final_thesis_Mach_ReL130_N512/production_N512/Mt050_N512/hit2d_step0125000.npz
step=125500, t=42.436312, dt=3.321e-04, KE=1.224251e-01, Mt=0.5052, A_K=0.104, Cuv=0.174, P_in=1.600e-02, P_tgt=1.597e-02, A_F=0.119, K_low=0.231, P_drag=-5.427e-03, P_cool=-5.560e-03, WENO=0.069 (x=0.069, y=0.069), ReL2D=129.01, eps_nu=5.220e-03, P_hv=1.240e-05, rho_mean=1.000000, p_mean=0.725406, div_rms=6.851e-01, vort_rms=1.828e+00, mass_err=-2.956e-10
step=126000, t=42.602970, dt=3.334e-04, KE=1.232932e-01, Mt=0.5064, A_K=0.108, Cuv=0.179, P_in=1.504e-02, P_tgt=1.509e-02, A_F=0.170, K_low=0.232, P_drag=-5.462e-03, P_cool=-5.539e-03, WENO=0.064 (x=0.064, y=0.064), ReL2D=125.67, eps_nu=5.425e-03, P_hv=1.289e-05, rho_mean=1.000000, p_mean=0.725363, div_rms=7.498e-01, vort_rms=1.837e+00, mass_err=-2.968e-10
step=126500, t=42.769018, dt=3.303e-04, KE=1.240928e-01, Mt=0.5077, A_K=0.116, Cuv=0.181, P_in=1.410e-02, P_tgt=1.408e-02, A_F=0.163, K_low=0.232, P_drag=-5.494e-03, P_cool=-5.499e-03, WENO=0.063 (x=0.063, y=0.063), ReL2D=126.94, eps_nu=5.430e-03, P_hv=1.305e-05, rho_mean=1.000000, p_mean=0.725283, div_rms=7.385e-01, vort_rms=1.844e+00, mass_err=-2.980e-10
step=127000, t=42.934286, dt=3.318e-04, KE=1.247698e-01, Mt=0.5089, A_K=0.132, Cuv=0.176, P_in=1.298e-02, P_tgt=1.298e-02, A_F=0.118, K_low=0.232, P_drag=-5.515e-03, P_cool=-5.447e-03, WENO=0.073 (x=0.073, y=0.073), ReL2D=129.12, eps_nu=5.395e-03, P_hv=1.333e-05, rho_mean=1.000000, p_mean=0.725180, div_rms=7.157e-01, vort_rms=1.849e+00, mass_err=-2.992e-10
step=127500, t=43.102165, dt=3.389e-04, KE=1.254450e-01, Mt=0.5099, A_K=0.153, Cuv=0.168, P_in=1.188e-02, P_tgt=1.185e-02, A_F=0.049, K_low=0.231, P_drag=-5.536e-03, P_cool=-5.361e-03, WENO=0.076 (x=0.076, y=0.076), ReL2D=129.40, eps_nu=5.398e-03, P_hv=1.334e-05, rho_mean=1.000000, p_mean=0.725008, div_rms=7.156e-01, vort_rms=1.849e+00, mass_err=-3.003e-10
step=128000, t=43.272267, dt=3.415e-04, KE=1.260805e-01, Mt=0.5113, A_K=0.174, Cuv=0.160, P_in=1.070e-02, P_tgt=1.070e-02, A_F=0.022, K_low=0.230, P_drag=-5.569e-03, P_cool=-5.249e-03, WENO=0.071 (x=0.071, y=0.071), ReL2D=129.00, eps_nu=5.412e-03, P_hv=1.350e-05, rho_mean=1.000000, p_mean=0.724783, div_rms=7.204e-01, vort_rms=1.850e+00, mass_err=-3.015e-10
step=128500, t=43.443078, dt=3.432e-04, KE=1.265417e-01, Mt=0.5129, A_K=0.187, Cuv=0.160, P_in=9.497e-03, P_tgt=9.513e-03, A_F=0.093, K_low=0.230, P_drag=-5.613e-03, P_cool=-5.134e-03, WENO=0.073 (x=0.073, y=0.073), ReL2D=129.39, eps_nu=5.410e-03, P_hv=1.328e-05, rho_mean=1.000000, p_mean=0.724554, div_rms=7.270e-01, vort_rms=1.846e+00, mass_err=-3.027e-10
step=129000, t=43.615129, dt=3.422e-04, KE=1.264058e-01, Mt=0.5133, A_K=0.187, Cuv=0.169, P_in=8.490e-03, P_tgt=8.377e-03, A_F=0.136, K_low=0.231, P_drag=-5.652e-03, P_cool=-5.100e-03, WENO=0.071 (x=0.071, y=0.071), ReL2D=128.76, eps_nu=5.380e-03, P_hv=1.315e-05, rho_mean=1.000000, p_mean=0.724486, div_rms=7.383e-01, vort_rms=1.834e+00, mass_err=-3.039e-10
step=129500, t=43.785397, dt=3.386e-04, KE=1.253708e-01, Mt=0.5121, A_K=0.174, Cuv=0.177, P_in=7.397e-03, P_tgt=7.401e-03, A_F=0.136, K_low=0.235, P_drag=-5.674e-03, P_cool=-5.208e-03, WENO=0.076 (x=0.076, y=0.076), ReL2D=128.56, eps_nu=5.260e-03, P_hv=1.303e-05, rho_mean=1.000000, p_mean=0.724703, div_rms=7.184e-01, vort_rms=1.819e+00, mass_err=-3.051e-10
step=130000, t=43.954698, dt=3.386e-04, KE=1.239756e-01, Mt=0.5097, A_K=0.154, Cuv=0.187, P_in=6.668e-03, P_tgt=6.656e-03, A_F=0.111, K_low=0.236, P_drag=-5.662e-03, P_cool=-5.355e-03, WENO=0.073 (x=0.073, y=0.073), ReL2D=127.60, eps_nu=5.157e-03, P_hv=1.306e-05, rho_mean=1.000000, p_mean=0.724996, div_rms=6.953e-01, vort_rms=1.810e+00, mass_err=-3.063e-10
saved snapshot: results/hit2d/final_thesis_Mach_ReL130_N512/production_N512/Mt050_N512/hit2d_step0130000.npz
step=130500, t=44.124029, dt=3.387e-04, KE=1.225904e-01, Mt=0.5057, A_K=0.134, Cuv=0.201, P_in=6.158e-03, P_tgt=6.165e-03, A_F=0.047, K_low=0.236, P_drag=-5.620e-03, P_cool=-5.475e-03, WENO=0.071 (x=0.071, y=0.071), ReL2D=126.85, eps_nu=5.097e-03, P_hv=1.345e-05, rho_mean=1.000000, p_mean=0.725236, div_rms=6.908e-01, vort_rms=1.799e+00, mass_err=-3.075e-10
step=131000, t=44.291826, dt=3.298e-04, KE=1.213260e-01, Mt=0.5009, A_K=0.114, Cuv=0.214, P_in=5.965e-03, P_tgt=5.966e-03, A_F=0.172, K_low=0.235, P_drag=-5.570e-03, P_cool=-5.559e-03, WENO=0.070 (x=0.070, y=0.070), ReL2D=126.46, eps_nu=5.045e-03, P_hv=1.410e-05, rho_mean=1.000000, p_mean=0.725403, div_rms=6.949e-01, vort_rms=1.786e+00, mass_err=-3.086e-10
step=131500, t=44.452924, dt=3.159e-04, KE=1.202237e-01, Mt=0.4971, A_K=0.097, Cuv=0.225, P_in=6.049e-03, P_tgt=6.035e-03, A_F=0.094, K_low=0.237, P_drag=-5.554e-03, P_cool=-5.612e-03, WENO=0.068 (x=0.068, y=0.068), ReL2D=125.44, eps_nu=4.984e-03, P_hv=1.460e-05, rho_mean=1.000000, p_mean=0.725509, div_rms=6.876e-01, vort_rms=1.777e+00, mass_err=-3.098e-10
step=132000, t=44.609962, dt=3.142e-04, KE=1.194307e-01, Mt=0.4958, A_K=0.083, Cuv=0.231, P_in=6.254e-03, P_tgt=6.269e-03, A_F=0.230, K_low=0.241, P_drag=-5.591e-03, P_cool=-5.610e-03, WENO=0.067 (x=0.067, y=0.067), ReL2D=123.93, eps_nu=4.970e-03, P_hv=1.506e-05, rho_mean=1.000000, p_mean=0.725505, div_rms=6.884e-01, vort_rms=1.774e+00, mass_err=-3.110e-10
step=132500, t=44.767566, dt=3.159e-04, KE=1.189134e-01, Mt=0.4959, A_K=0.074, Cuv=0.231, P_in=6.514e-03, P_tgt=6.539e-03, A_F=0.248, K_low=0.248, P_drag=-5.680e-03, P_cool=-5.560e-03, WENO=0.067 (x=0.067, y=0.067), ReL2D=122.42, eps_nu=4.994e-03, P_hv=1.528e-05, rho_mean=1.000000, p_mean=0.725405, div_rms=7.067e-01, vort_rms=1.769e+00, mass_err=-3.122e-10
step=133000, t=44.926266, dt=3.193e-04, KE=1.181815e-01, Mt=0.4949, A_K=0.066, Cuv=0.227, P_in=6.851e-03, P_tgt=6.841e-03, A_F=0.149, K_low=0.257, P_drag=-5.801e-03, P_cool=-5.560e-03, WENO=0.071 (x=0.071, y=0.071), ReL2D=121.60, eps_nu=4.935e-03, P_hv=1.553e-05, rho_mean=1.000000, p_mean=0.725405, div_rms=7.020e-01, vort_rms=1.759e+00, mass_err=-3.134e-10
step=133500, t=45.086843, dt=3.228e-04, KE=1.175479e-01, Mt=0.4928, A_K=0.052, Cuv=0.216, P_in=7.382e-03, P_tgt=7.282e-03, A_F=0.018, K_low=0.265, P_drag=-5.924e-03, P_cool=-5.548e-03, WENO=0.071 (x=0.071, y=0.071), ReL2D=121.80, eps_nu=4.803e-03, P_hv=1.522e-05, rho_mean=1.000000, p_mean=0.725382, div_rms=6.795e-01, vort_rms=1.742e+00, mass_err=-3.145e-10
step=134000, t=45.248221, dt=3.234e-04, KE=1.174855e-01, Mt=0.4915, A_K=0.036, Cuv=0.204, P_in=7.901e-03, P_tgt=7.898e-03, A_F=0.042, K_low=0.270, P_drag=-6.032e-03, P_cool=-5.439e-03, WENO=0.075 (x=0.075, y=0.075), ReL2D=122.27, eps_nu=4.691e-03, P_hv=1.413e-05, rho_mean=1.000000, p_mean=0.725163, div_rms=6.680e-01, vort_rms=1.723e+00, mass_err=-3.157e-10
step=134500, t=45.410996, dt=3.284e-04, KE=1.177667e-01, Mt=0.4919, A_K=0.021, Cuv=0.195, P_in=8.616e-03, P_tgt=8.607e-03, A_F=0.091, K_low=0.273, P_drag=-6.100e-03, P_cool=-5.280e-03, WENO=0.078 (x=0.078, y=0.078), ReL2D=122.63, eps_nu=4.618e-03, P_hv=1.313e-05, rho_mean=1.000000, p_mean=0.724846, div_rms=6.666e-01, vort_rms=1.708e+00, mass_err=-3.169e-10
step=135000, t=45.575732, dt=3.313e-04, KE=1.180296e-01, Mt=0.4929, A_K=0.009, Cuv=0.191, P_in=9.336e-03, P_tgt=9.304e-03, A_F=0.015, K_low=0.274, P_drag=-6.123e-03, P_cool=-5.148e-03, WENO=0.076 (x=0.076, y=0.076), ReL2D=123.50, eps_nu=4.559e-03, P_hv=1.216e-05, rho_mean=1.000000, p_mean=0.724582, div_rms=6.619e-01, vort_rms=1.697e+00, mass_err=-3.181e-10
saved snapshot: results/hit2d/final_thesis_Mach_ReL130_N512/production_N512/Mt050_N512/hit2d_step0135000.npz
step=135500, t=45.742429, dt=3.361e-04, KE=1.181935e-01, Mt=0.4944, A_K=0.004, Cuv=0.193, P_in=9.904e-03, P_tgt=9.924e-03, A_F=0.167, K_low=0.273, P_drag=-6.094e-03, P_cool=-5.060e-03, WENO=0.076 (x=0.076, y=0.076), ReL2D=123.33, eps_nu=4.586e-03, P_hv=1.153e-05, rho_mean=1.000000, p_mean=0.724406, div_rms=6.764e-01, vort_rms=1.696e+00, mass_err=-3.193e-10
step=136000, t=45.912050, dt=3.415e-04, KE=1.179103e-01, Mt=0.4951, A_K=0.006, Cuv=0.197, P_in=1.043e-02, P_tgt=1.046e-02, A_F=0.068, K_low=0.271, P_drag=-6.014e-03, P_cool=-5.083e-03, WENO=0.080 (x=0.080, y=0.080), ReL2D=123.54, eps_nu=4.570e-03, P_hv=1.093e-05, rho_mean=1.000000, p_mean=0.724452, div_rms=6.718e-01, vort_rms=1.695e+00, mass_err=-3.205e-10
step=136500, t=46.083162, dt=3.429e-04, KE=1.174379e-01, Mt=0.4957, A_K=0.009, Cuv=0.205, P_in=1.093e-02, P_tgt=1.097e-02, A_F=0.038, K_low=0.267, P_drag=-5.870e-03, P_cool=-5.165e-03, WENO=0.079 (x=0.079, y=0.079), ReL2D=124.29, eps_nu=4.542e-03, P_hv=1.031e-05, rho_mean=1.000000, p_mean=0.724616, div_rms=6.619e-01, vort_rms=1.694e+00, mass_err=-3.216e-10
step=137000, t=46.254680, dt=3.439e-04, KE=1.174128e-01, Mt=0.4964, A_K=0.012, Cuv=0.205, P_in=1.139e-02, P_tgt=1.141e-02, A_F=0.097, K_low=0.259, P_drag=-5.679e-03, P_cool=-5.179e-03, WENO=0.079 (x=0.079, y=0.079), ReL2D=123.91, eps_nu=4.588e-03, P_hv=1.016e-05, rho_mean=1.000000, p_mean=0.724643, div_rms=6.737e-01, vort_rms=1.698e+00, mass_err=-3.228e-10
step=137500, t=46.427719, dt=3.486e-04, KE=1.176501e-01, Mt=0.4964, A_K=0.014, Cuv=0.192, P_in=1.183e-02, P_tgt=1.182e-02, A_F=0.006, K_low=0.248, P_drag=-5.453e-03, P_cool=-5.162e-03, WENO=0.081 (x=0.081, y=0.081), ReL2D=122.20, eps_nu=4.663e-03, P_hv=1.026e-05, rho_mean=1.000000, p_mean=0.724611, div_rms=6.959e-01, vort_rms=1.702e+00, mass_err=-3.240e-10
step=138000, t=46.603507, dt=3.549e-04, KE=1.178757e-01, Mt=0.4955, A_K=0.013, Cuv=0.167, P_in=1.233e-02, P_tgt=1.231e-02, A_F=0.036, K_low=0.236, P_drag=-5.211e-03, P_cool=-5.173e-03, WENO=0.078 (x=0.078, y=0.078), ReL2D=120.65, eps_nu=4.719e-03, P_hv=9.869e-06, rho_mean=1.000000, p_mean=0.724631, div_rms=7.143e-01, vort_rms=1.705e+00, mass_err=-3.252e-10
step=138500, t=46.781000, dt=3.562e-04, KE=1.180007e-01, Mt=0.4946, A_K=0.008, Cuv=0.128, P_in=1.293e-02, P_tgt=1.295e-02, A_F=0.043, K_low=0.224, P_drag=-4.985e-03, P_cool=-5.231e-03, WENO=0.071 (x=0.071, y=0.071), ReL2D=120.80, eps_nu=4.703e-03, P_hv=9.777e-06, rho_mean=1.000000, p_mean=0.724748, div_rms=7.142e-01, vort_rms=1.701e+00, mass_err=-3.264e-10
step=139000, t=46.960443, dt=3.612e-04, KE=1.179879e-01, Mt=0.4943, A_K=0.006, Cuv=0.098, P_in=1.379e-02, P_tgt=1.371e-02, A_F=0.025, K_low=0.215, P_drag=-4.775e-03, P_cool=-5.348e-03, WENO=0.068 (x=0.068, y=0.068), ReL2D=122.26, eps_nu=4.633e-03, P_hv=9.400e-06, rho_mean=1.000000, p_mean=0.724982, div_rms=6.930e-01, vort_rms=1.697e+00, mass_err=-3.276e-10
step=139500, t=47.140887, dt=3.577e-04, KE=1.180298e-01, Mt=0.4954, A_K=0.029, Cuv=0.087, P_in=1.449e-02, P_tgt=1.447e-02, A_F=0.076, K_low=0.207, P_drag=-4.588e-03, P_cool=-5.486e-03, WENO=0.063 (x=0.063, y=0.063), ReL2D=122.65, eps_nu=4.668e-03, P_hv=9.311e-06, rho_mean=1.000000, p_mean=0.725257, div_rms=6.972e-01, vort_rms=1.703e+00, mass_err=-3.287e-10
step=140000, t=47.317105, dt=3.497e-04, KE=1.181267e-01, Mt=0.4983, A_K=0.032, Cuv=0.104, P_in=1.487e-02, P_tgt=1.497e-02, A_F=0.133, K_low=0.201, P_drag=-4.424e-03, P_cool=-5.632e-03, WENO=0.058 (x=0.058, y=0.058), ReL2D=122.84, eps_nu=4.792e-03, P_hv=9.777e-06, rho_mean=1.000000, p_mean=0.725550, div_rms=7.241e-01, vort_rms=1.716e+00, mass_err=-3.299e-10
saved snapshot: results/hit2d/final_thesis_Mach_ReL130_N512/production_N512/Mt050_N512/hit2d_step0140000.npz
step=140500, t=47.490562, dt=3.449e-04, KE=1.180885e-01, Mt=0.5013, A_K=0.025, Cuv=0.108, P_in=1.499e-02, P_tgt=1.498e-02, A_F=0.152, K_low=0.195, P_drag=-4.283e-03, P_cool=-5.810e-03, WENO=0.051 (x=0.051, y=0.051), ReL2D=120.21, eps_nu=5.067e-03, P_hv=1.036e-05, rho_mean=1.000000, p_mean=0.725906, div_rms=8.108e-01, vort_rms=1.725e+00, mass_err=-3.311e-10
step=141000, t=47.663040, dt=3.458e-04, KE=1.182995e-01, Mt=0.5035, A_K=0.017, Cuv=0.107, P_in=1.465e-02, P_tgt=1.462e-02, A_F=0.270, K_low=0.190, P_drag=-4.174e-03, P_cool=-5.929e-03, WENO=0.052 (x=0.052, y=0.052), ReL2D=119.52, eps_nu=5.170e-03, P_hv=1.075e-05, rho_mean=1.000000, p_mean=0.726144, div_rms=8.345e-01, vort_rms=1.732e+00, mass_err=-3.323e-10
step=141500, t=47.834449, dt=3.381e-04, KE=1.189861e-01, Mt=0.5051, A_K=0.006, Cuv=0.094, P_in=1.402e-02, P_tgt=1.400e-02, A_F=0.042, K_low=0.185, P_drag=-4.113e-03, P_cool=-5.938e-03, WENO=0.056 (x=0.056, y=0.056), ReL2D=120.18, eps_nu=5.216e-03, P_hv=1.111e-05, rho_mean=1.000000, p_mean=0.726161, div_rms=8.374e-01, vort_rms=1.741e+00, mass_err=-3.334e-10
step=142000, t=48.003397, dt=3.392e-04, KE=1.200281e-01, Mt=0.5061, A_K=0.007, Cuv=0.078, P_in=1.325e-02, P_tgt=1.324e-02, A_F=0.177, K_low=0.181, P_drag=-4.091e-03, P_cool=-5.854e-03, WENO=0.067 (x=0.067, y=0.067), ReL2D=119.97, eps_nu=5.252e-03, P_hv=1.082e-05, rho_mean=1.000000, p_mean=0.725994, div_rms=8.406e-01, vort_rms=1.746e+00, mass_err=-3.346e-10
step=142500, t=48.173017, dt=3.386e-04, KE=1.213714e-01, Mt=0.5065, A_K=0.024, Cuv=0.057, P_in=1.248e-02, P_tgt=1.245e-02, A_F=0.032, K_low=0.176, P_drag=-4.102e-03, P_cool=-5.688e-03, WENO=0.071 (x=0.071, y=0.071), ReL2D=118.48, eps_nu=5.313e-03, P_hv=1.073e-05, rho_mean=1.000000, p_mean=0.725662, div_rms=8.518e-01, vort_rms=1.752e+00, mass_err=-3.358e-10
step=143000, t=48.342522, dt=3.407e-04, KE=1.228616e-01, Mt=0.5071, A_K=0.040, Cuv=0.036, P_in=1.169e-02, P_tgt=1.166e-02, A_F=0.124, K_low=0.174, P_drag=-4.159e-03, P_cool=-5.470e-03, WENO=0.069 (x=0.069, y=0.069), ReL2D=118.10, eps_nu=5.381e-03, P_hv=1.080e-05, rho_mean=1.000000, p_mean=0.725226, div_rms=8.611e-01, vort_rms=1.761e+00, mass_err=-3.369e-10
step=143500, t=48.515143, dt=3.495e-04, KE=1.242939e-01, Mt=0.5083, A_K=0.048, Cuv=0.017, P_in=1.081e-02, P_tgt=1.082e-02, A_F=0.125, K_low=0.175, P_drag=-4.274e-03, P_cool=-5.241e-03, WENO=0.066 (x=0.066, y=0.066), ReL2D=119.44, eps_nu=5.378e-03, P_hv=1.097e-05, rho_mean=1.000000, p_mean=0.724767, div_rms=8.489e-01, vort_rms=1.768e+00, mass_err=-3.381e-10
step=144000, t=48.687292, dt=3.378e-04, KE=1.253704e-01, Mt=0.5100, A_K=0.053, Cuv=0.006, P_in=9.902e-03, P_tgt=9.898e-03, A_F=0.102, K_low=0.180, P_drag=-4.438e-03, P_cool=-5.054e-03, WENO=0.071 (x=0.071, y=0.071), ReL2D=121.25, eps_nu=5.376e-03, P_hv=1.138e-05, rho_mean=1.000000, p_mean=0.724393, div_rms=8.348e-01, vort_rms=1.777e+00, mass_err=-3.393e-10
step=144500, t=48.853509, dt=3.273e-04, KE=1.256780e-01, Mt=0.5106, A_K=0.054, Cuv=-0.005, P_in=8.908e-03, P_tgt=8.949e-03, A_F=0.089, K_low=0.187, P_drag=-4.626e-03, P_cool=-4.987e-03, WENO=0.080 (x=0.080, y=0.080), ReL2D=122.99, eps_nu=5.330e-03, P_hv=1.165e-05, rho_mean=1.000000, p_mean=0.724260, div_rms=8.058e-01, vort_rms=1.785e+00, mass_err=-3.405e-10
step=145000, t=49.014950, dt=3.201e-04, KE=1.254885e-01, Mt=0.5095, A_K=0.056, Cuv=-0.016, P_in=8.054e-03, P_tgt=8.111e-03, A_F=0.144, K_low=0.196, P_drag=-4.832e-03, P_cool=-4.985e-03, WENO=0.083 (x=0.083, y=0.083), ReL2D=124.63, eps_nu=5.240e-03, P_hv=1.209e-05, rho_mean=1.000000, p_mean=0.724257, div_rms=7.730e-01, vort_rms=1.785e+00, mass_err=-3.417e-10
saved snapshot: results/hit2d/final_thesis_Mach_ReL130_N512/production_N512/Mt050_N512/hit2d_step0145000.npz
step=145500, t=49.176016, dt=3.260e-04, KE=1.250159e-01, Mt=0.5080, A_K=0.063, Cuv=-0.023, P_in=7.328e-03, P_tgt=7.443e-03, A_F=0.060, K_low=0.207, P_drag=-5.051e-03, P_cool=-5.010e-03, WENO=0.083 (x=0.083, y=0.083), ReL2D=125.17, eps_nu=5.150e-03, P_hv=1.204e-05, rho_mean=1.000000, p_mean=0.724305, div_rms=7.448e-01, vort_rms=1.782e+00, mass_err=-3.429e-10
step=146000, t=49.340980, dt=3.316e-04, KE=1.239661e-01, Mt=0.5054, A_K=0.076, Cuv=-0.028, P_in=6.994e-03, P_tgt=6.966e-03, A_F=0.091, K_low=0.220, P_drag=-5.269e-03, P_cool=-5.121e-03, WENO=0.081 (x=0.081, y=0.081), ReL2D=126.26, eps_nu=5.020e-03, P_hv=1.183e-05, rho_mean=1.000000, p_mean=0.724527, div_rms=7.064e-01, vort_rms=1.775e+00, mass_err=-3.441e-10
step=146500, t=49.507971, dt=3.364e-04, KE=1.226609e-01, Mt=0.5024, A_K=0.088, Cuv=-0.033, P_in=6.816e-03, P_tgt=6.702e-03, A_F=0.234, K_low=0.232, P_drag=-5.467e-03, P_cool=-5.258e-03, WENO=0.071 (x=0.071, y=0.071), ReL2D=125.43, eps_nu=4.919e-03, P_hv=1.190e-05, rho_mean=1.000000, p_mean=0.724801, div_rms=6.746e-01, vort_rms=1.770e+00, mass_err=-3.453e-10
step=147000, t=49.676925, dt=3.394e-04, KE=1.214265e-01, Mt=0.4997, A_K=0.100, Cuv=-0.032, P_in=6.608e-03, P_tgt=6.634e-03, A_F=0.112, K_low=0.242, P_drag=-5.635e-03, P_cool=-5.363e-03, WENO=0.075 (x=0.075, y=0.075), ReL2D=123.20, eps_nu=4.849e-03, P_hv=1.170e-05, rho_mean=1.000000, p_mean=0.725013, div_rms=6.589e-01, vort_rms=1.763e+00, mass_err=-3.465e-10
step=147500, t=49.847636, dt=3.412e-04, KE=1.202626e-01, Mt=0.4977, A_K=0.106, Cuv=-0.021, P_in=6.776e-03, P_tgt=6.729e-03, A_F=0.015, K_low=0.250, P_drag=-5.766e-03, P_cool=-5.445e-03, WENO=0.079 (x=0.079, y=0.079), ReL2D=121.32, eps_nu=4.810e-03, P_hv=1.182e-05, rho_mean=1.000000, p_mean=0.725176, div_rms=6.547e-01, vort_rms=1.756e+00, mass_err=-3.476e-10
step=148000, t=50.018906, dt=3.444e-04, KE=1.195010e-01, Mt=0.4973, A_K=0.107, Cuv=-0.004, P_in=6.869e-03, P_tgt=6.909e-03, A_F=0.010, K_low=0.257, P_drag=-5.900e-03, P_cool=-5.444e-03, WENO=0.077 (x=0.077, y=0.077), ReL2D=118.48, eps_nu=4.901e-03, P_hv=1.177e-05, rho_mean=1.000000, p_mean=0.725174, div_rms=6.931e-01, vort_rms=1.756e+00, mass_err=-3.488e-10
step=148500, t=50.193904, dt=3.537e-04, KE=1.189320e-01, Mt=0.4968, A_K=0.103, Cuv=0.010, P_in=7.098e-03, P_tgt=7.107e-03, A_F=0.204, K_low=0.265, P_drag=-6.060e-03, P_cool=-5.404e-03, WENO=0.073 (x=0.073, y=0.073), ReL2D=115.20, eps_nu=5.018e-03, P_hv=1.212e-05, rho_mean=1.000000, p_mean=0.725094, div_rms=7.367e-01, vort_rms=1.758e+00, mass_err=-3.500e-10
step=149000, t=50.372496, dt=3.591e-04, KE=1.180827e-01, Mt=0.4946, A_K=0.103, Cuv=0.017, P_in=7.450e-03, P_tgt=7.418e-03, A_F=0.216, K_low=0.275, P_drag=-6.228e-03, P_cool=-5.420e-03, WENO=0.071 (x=0.071, y=0.071), ReL2D=114.83, eps_nu=4.991e-03, P_hv=1.210e-05, rho_mean=1.000000, p_mean=0.725127, div_rms=7.320e-01, vort_rms=1.755e+00, mass_err=-3.512e-10
step=149500, t=50.550782, dt=3.528e-04, KE=1.173506e-01, Mt=0.4915, A_K=0.108, Cuv=0.012, P_in=7.886e-03, P_tgt=7.961e-03, A_F=0.101, K_low=0.283, P_drag=-6.388e-03, P_cool=-5.423e-03, WENO=0.075 (x=0.075, y=0.075), ReL2D=115.50, eps_nu=4.938e-03, P_hv=1.198e-05, rho_mean=1.000000, p_mean=0.725132, div_rms=7.233e-01, vort_rms=1.748e+00, mass_err=-3.524e-10
step=150000, t=50.724060, dt=3.425e-04, KE=1.168407e-01, Mt=0.4893, A_K=0.107, Cuv=0.002, P_in=8.829e-03, P_tgt=8.802e-03, A_F=0.067, K_low=0.290, P_drag=-6.537e-03, P_cool=-5.406e-03, WENO=0.072 (x=0.072, y=0.072), ReL2D=116.20, eps_nu=4.902e-03, P_hv=1.249e-05, rho_mean=1.000000, p_mean=0.725097, div_rms=7.109e-01, vort_rms=1.747e+00, mass_err=-3.536e-10
saved snapshot: results/hit2d/final_thesis_Mach_ReL130_N512/production_N512/Mt050_N512/hit2d_step0150000.npz
step=150500, t=50.896991, dt=3.516e-04, KE=1.165558e-01, Mt=0.4897, A_K=0.098, Cuv=-0.004, P_in=9.772e-03, P_tgt=9.826e-03, A_F=0.084, K_low=0.296, P_drag=-6.660e-03, P_cool=-5.374e-03, WENO=0.080 (x=0.080, y=0.080), ReL2D=117.07, eps_nu=4.906e-03, P_hv=1.284e-05, rho_mean=1.000000, p_mean=0.725033, div_rms=7.076e-01, vort_rms=1.750e+00, mass_err=-3.548e-10
step=151000, t=51.077378, dt=3.686e-04, KE=1.164563e-01, Mt=0.4913, A_K=0.097, Cuv=-0.002, P_in=1.088e-02, P_tgt=1.084e-02, A_F=0.074, K_low=0.300, P_drag=-6.753e-03, P_cool=-5.335e-03, WENO=0.079 (x=0.079, y=0.079), ReL2D=119.20, eps_nu=4.894e-03, P_hv=1.246e-05, rho_mean=1.000000, p_mean=0.724956, div_rms=7.032e-01, vort_rms=1.749e+00, mass_err=-3.560e-10
step=151500, t=51.258725, dt=3.591e-04, KE=1.166603e-01, Mt=0.4927, A_K=0.093, Cuv=0.006, P_in=1.171e-02, P_tgt=1.176e-02, A_F=0.006, K_low=0.301, P_drag=-6.781e-03, P_cool=-5.267e-03, WENO=0.077 (x=0.077, y=0.077), ReL2D=120.02, eps_nu=4.915e-03, P_hv=1.275e-05, rho_mean=1.000000, p_mean=0.724819, div_rms=7.184e-01, vort_rms=1.746e+00, mass_err=-3.572e-10
step=152000, t=51.437114, dt=3.570e-04, KE=1.167335e-01, Mt=0.4922, A_K=0.086, Cuv=0.007, P_in=1.269e-02, P_tgt=1.268e-02, A_F=0.006, K_low=0.300, P_drag=-6.768e-03, P_cool=-5.255e-03, WENO=0.079 (x=0.079, y=0.079), ReL2D=119.71, eps_nu=4.899e-03, P_hv=1.302e-05, rho_mean=1.000000, p_mean=0.724795, div_rms=7.281e-01, vort_rms=1.737e+00, mass_err=-3.583e-10
step=152500, t=51.615461, dt=3.494e-04, KE=1.162790e-01, Mt=0.4905, A_K=0.083, Cuv=0.003, P_in=1.383e-02, P_tgt=1.385e-02, A_F=0.118, K_low=0.298, P_drag=-6.711e-03, P_cool=-5.384e-03, WENO=0.080 (x=0.080, y=0.080), ReL2D=118.85, eps_nu=4.854e-03, P_hv=1.334e-05, rho_mean=1.000000, p_mean=0.725054, div_rms=7.225e-01, vort_rms=1.730e+00, mass_err=-3.595e-10
step=153000, t=51.786472, dt=3.379e-04, KE=1.158686e-01, Mt=0.4893, A_K=0.092, Cuv=0.005, P_in=1.545e-02, P_tgt=1.540e-02, A_F=0.193, K_low=0.294, P_drag=-6.614e-03, P_cool=-5.548e-03, WENO=0.080 (x=0.080, y=0.080), ReL2D=117.92, eps_nu=4.867e-03, P_hv=1.483e-05, rho_mean=1.000000, p_mean=0.725383, div_rms=7.334e-01, vort_rms=1.727e+00, mass_err=-3.607e-10
step=153500, t=51.954643, dt=3.349e-04, KE=1.161042e-01, Mt=0.4906, A_K=0.113, Cuv=0.006, P_in=1.711e-02, P_tgt=1.711e-02, A_F=0.019, K_low=0.286, P_drag=-6.478e-03, P_cool=-5.639e-03, WENO=0.083 (x=0.083, y=0.083), ReL2D=118.43, eps_nu=4.903e-03, P_hv=1.516e-05, rho_mean=1.000000, p_mean=0.725564, div_rms=7.433e-01, vort_rms=1.729e+00, mass_err=-3.619e-10
step=154000, t=52.121770, dt=3.344e-04, KE=1.170953e-01, Mt=0.4935, A_K=0.140, Cuv=-0.002, P_in=1.862e-02, P_tgt=1.858e-02, A_F=0.107, K_low=0.276, P_drag=-6.345e-03, P_cool=-5.636e-03, WENO=0.084 (x=0.084, y=0.084), ReL2D=119.94, eps_nu=4.975e-03, P_hv=1.486e-05, rho_mean=1.000000, p_mean=0.725558, div_rms=7.493e-01, vort_rms=1.741e+00, mass_err=-3.631e-10
step=154500, t=52.291234, dt=3.419e-04, KE=1.186258e-01, Mt=0.4974, A_K=0.162, Cuv=-0.022, P_in=1.945e-02, P_tgt=1.947e-02, A_F=0.077, K_low=0.267, P_drag=-6.252e-03, P_cool=-5.574e-03, WENO=0.080 (x=0.080, y=0.080), ReL2D=120.73, eps_nu=5.066e-03, P_hv=1.485e-05, rho_mean=1.000000, p_mean=0.725433, div_rms=7.579e-01, vort_rms=1.756e+00, mass_err=-3.643e-10
step=155000, t=52.461662, dt=3.415e-04, KE=1.201914e-01, Mt=0.5012, A_K=0.185, Cuv=-0.035, P_in=1.963e-02, P_tgt=1.958e-02, A_F=0.005, K_low=0.261, P_drag=-6.203e-03, P_cool=-5.528e-03, WENO=0.082 (x=0.082, y=0.082), ReL2D=119.34, eps_nu=5.173e-03, P_hv=1.503e-05, rho_mean=1.000000, p_mean=0.725341, div_rms=7.781e-01, vort_rms=1.768e+00, mass_err=-3.654e-10
saved snapshot: results/hit2d/final_thesis_Mach_ReL130_N512/production_N512/Mt050_N512/hit2d_step0155000.npz
warning: flow component anisotropy has increased over the last three diagnostic samples
step=155500, t=52.635324, dt=3.522e-04, KE=1.211057e-01, Mt=0.5033, A_K=0.208, Cuv=-0.047, P_in=1.909e-02, P_tgt=1.912e-02, A_F=0.066, K_low=0.259, P_drag=-6.192e-03, P_cool=-5.610e-03, WENO=0.079 (x=0.079, y=0.079), ReL2D=119.40, eps_nu=5.253e-03, P_hv=1.462e-05, rho_mean=1.000000, p_mean=0.725507, div_rms=7.842e-01, vort_rms=1.781e+00, mass_err=-3.666e-10
warning: flow component anisotropy has increased over the last three diagnostic samples
step=156000, t=52.811183, dt=3.497e-04, KE=1.215198e-01, Mt=0.5039, A_K=0.216, Cuv=-0.058, P_in=1.841e-02, P_tgt=1.844e-02, A_F=0.162, K_low=0.258, P_drag=-6.157e-03, P_cool=-5.771e-03, WENO=0.086 (x=0.086, y=0.086), ReL2D=119.38, eps_nu=5.315e-03, P_hv=1.453e-05, rho_mean=1.000000, p_mean=0.725828, div_rms=7.837e-01, vort_rms=1.795e+00, mass_err=-3.678e-10
warning: flow component anisotropy has increased over the last three diagnostic samples
step=156500, t=52.986985, dt=3.543e-04, KE=1.221873e-01, Mt=0.5048, A_K=0.222, Cuv=-0.075, P_in=1.768e-02, P_tgt=1.769e-02, A_F=0.126, K_low=0.254, P_drag=-6.062e-03, P_cool=-5.854e-03, WENO=0.084 (x=0.084, y=0.084), ReL2D=119.38, eps_nu=5.436e-03, P_hv=1.477e-05, rho_mean=1.000000, p_mean=0.725993, div_rms=8.057e-01, vort_rms=1.807e+00, mass_err=-3.690e-10
warning: flow component anisotropy has increased over the last three diagnostic samples
step=157000, t=53.164702, dt=3.555e-04, KE=1.231880e-01, Mt=0.5068, A_K=0.240, Cuv=-0.089, P_in=1.673e-02, P_tgt=1.673e-02, A_F=0.007, K_low=0.249, P_drag=-5.921e-03, P_cool=-5.845e-03, WENO=0.083 (x=0.083, y=0.083), ReL2D=119.49, eps_nu=5.596e-03, P_hv=1.436e-05, rho_mean=1.000000, p_mean=0.725975, div_rms=8.307e-01, vort_rms=1.826e+00, mass_err=-3.702e-10
warning: flow component anisotropy has increased over the last three diagnostic samples
step=157500, t=53.342368, dt=3.546e-04, KE=1.244131e-01, Mt=0.5094, A_K=0.254, Cuv=-0.096, P_in=1.548e-02, P_tgt=1.546e-02, A_F=0.191, K_low=0.242, P_drag=-5.792e-03, P_cool=-5.759e-03, WENO=0.081 (x=0.081, y=0.081), ReL2D=120.31, eps_nu=5.723e-03, P_hv=1.454e-05, rho_mean=1.000000, p_mean=0.725803, div_rms=8.459e-01, vort_rms=1.843e+00, mass_err=-3.713e-10
step=158000, t=53.517008, dt=3.443e-04, KE=1.254231e-01, Mt=0.5115, A_K=0.249, Cuv=-0.110, P_in=1.409e-02, P_tgt=1.396e-02, A_F=0.010, K_low=0.236, P_drag=-5.704e-03, P_cool=-5.672e-03, WENO=0.082 (x=0.082, y=0.082), ReL2D=121.01, eps_nu=5.791e-03, P_hv=1.479e-05, rho_mean=1.000000, p_mean=0.725629, div_rms=8.516e-01, vort_rms=1.853e+00, mass_err=-3.725e-10
step=158500, t=53.688341, dt=3.428e-04, KE=1.262097e-01, Mt=0.5121, A_K=0.230, Cuv=-0.132, P_in=1.242e-02, P_tgt=1.244e-02, A_F=0.064, K_low=0.232, P_drag=-5.665e-03, P_cool=-5.580e-03, WENO=0.081 (x=0.081, y=0.081), ReL2D=121.07, eps_nu=5.809e-03, P_hv=1.530e-05, rho_mean=1.000000, p_mean=0.725447, div_rms=8.574e-01, vort_rms=1.854e+00, mass_err=-3.737e-10
step=159000, t=53.857477, dt=3.303e-04, KE=1.265635e-01, Mt=0.5114, A_K=0.213, Cuv=-0.167, P_in=1.122e-02, P_tgt=1.110e-02, A_F=0.016, K_low=0.230, P_drag=-5.670e-03, P_cool=-5.530e-03, WENO=0.078 (x=0.078, y=0.078), ReL2D=120.96, eps_nu=5.794e-03, P_hv=1.561e-05, rho_mean=1.000000, p_mean=0.725345, div_rms=8.702e-01, vort_rms=1.842e+00, mass_err=-3.749e-10
step=159500, t=54.018335, dt=3.156e-04, KE=1.261934e-01, Mt=0.5099, A_K=0.201, Cuv=-0.208, P_in=1.002e-02, P_tgt=1.002e-02, A_F=0.065, K_low=0.231, P_drag=-5.709e-03, P_cool=-5.582e-03, WENO=0.074 (x=0.074, y=0.074), ReL2D=121.22, eps_nu=5.759e-03, P_hv=1.633e-05, rho_mean=1.000000, p_mean=0.725450, div_rms=8.728e-01, vort_rms=1.833e+00, mass_err=-3.761e-10
step=160000, t=54.175198, dt=3.118e-04, KE=1.255433e-01, Mt=0.5097, A_K=0.197, Cuv=-0.239, P_in=9.185e-03, P_tgt=9.128e-03, A_F=0.081, K_low=0.235, P_drag=-5.763e-03, P_cool=-5.655e-03, WENO=0.077 (x=0.077, y=0.077), ReL2D=122.80, eps_nu=5.705e-03, P_hv=1.701e-05, rho_mean=1.000000, p_mean=0.725596, div_rms=8.586e-01, vort_rms=1.831e+00, mass_err=-3.772e-10
saved snapshot: results/hit2d/final_thesis_Mach_ReL130_N512/production_N512/Mt050_N512/hit2d_step0160000.npz
step=160500, t=54.330515, dt=3.113e-04, KE=1.251916e-01, Mt=0.5113, A_K=0.198, Cuv=-0.260, P_in=8.242e-03, P_tgt=8.249e-03, A_F=0.058, K_low=0.240, P_drag=-5.809e-03, P_cool=-5.639e-03, WENO=0.076 (x=0.076, y=0.076), ReL2D=124.29, eps_nu=5.680e-03, P_hv=1.727e-05, rho_mean=1.000000, p_mean=0.725564, div_rms=8.440e-01, vort_rms=1.835e+00, mass_err=-3.784e-10
step=161000, t=54.487627, dt=3.178e-04, KE=1.247415e-01, Mt=0.5123, A_K=0.199, Cuv=-0.269, P_in=7.329e-03, P_tgt=7.355e-03, A_F=0.174, K_low=0.244, P_drag=-5.828e-03, P_cool=-5.613e-03, WENO=0.074 (x=0.074, y=0.074), ReL2D=125.15, eps_nu=5.615e-03, P_hv=1.728e-05, rho_mean=1.000000, p_mean=0.725512, div_rms=8.197e-01, vort_rms=1.836e+00, mass_err=-3.796e-10
step=161500, t=54.648631, dt=3.260e-04, KE=1.241645e-01, Mt=0.5110, A_K=0.195, Cuv=-0.262, P_in=6.571e-03, P_tgt=6.555e-03, A_F=0.014, K_low=0.245, P_drag=-5.796e-03, P_cool=-5.584e-03, WENO=0.076 (x=0.076, y=0.076), ReL2D=124.36, eps_nu=5.558e-03, P_hv=1.655e-05, rho_mean=1.000000, p_mean=0.725453, div_rms=8.216e-01, vort_rms=1.823e+00, mass_err=-3.808e-10
step=162000, t=54.813395, dt=3.332e-04, KE=1.229449e-01, Mt=0.5068, A_K=0.189, Cuv=-0.246, P_in=5.991e-03, P_tgt=6.002e-03, A_F=0.016, K_low=0.244, P_drag=-5.711e-03, P_cool=-5.659e-03, WENO=0.069 (x=0.069, y=0.069), ReL2D=121.87, eps_nu=5.467e-03, P_hv=1.607e-05, rho_mean=1.000000, p_mean=0.725604, div_rms=8.247e-01, vort_rms=1.802e+00, mass_err=-3.820e-10
step=162500, t=54.980856, dt=3.341e-04, KE=1.211357e-01, Mt=0.5015, A_K=0.185, Cuv=-0.227, P_in=5.775e-03, P_tgt=5.760e-03, A_F=0.074, K_low=0.242, P_drag=-5.581e-03, P_cool=-5.836e-03, WENO=0.069 (x=0.069, y=0.069), ReL2D=119.59, eps_nu=5.381e-03, P_hv=1.588e-05, rho_mean=1.000000, p_mean=0.725957, div_rms=8.240e-01, vort_rms=1.785e+00, mass_err=-3.831e-10
step=163000, t=55.146419, dt=3.256e-04, KE=1.192186e-01, Mt=0.4970, A_K=0.181, Cuv=-0.199, P_in=5.796e-03, P_tgt=5.810e-03, A_F=0.074, K_low=0.238, P_drag=-5.428e-03, P_cool=-6.031e-03, WENO=0.069 (x=0.069, y=0.069), ReL2D=117.39, eps_nu=5.300e-03, P_hv=1.617e-05, rho_mean=1.000000, p_mean=0.726348, div_rms=8.173e-01, vort_rms=1.771e+00, mass_err=-3.843e-10
step=163500, t=55.309153, dt=3.272e-04, KE=1.178016e-01, Mt=0.4942, A_K=0.176, Cuv=-0.162, P_in=6.098e-03, P_tgt=6.080e-03, A_F=0.015, K_low=0.233, P_drag=-5.277e-03, P_cool=-6.136e-03, WENO=0.074 (x=0.074, y=0.074), ReL2D=116.39, eps_nu=5.215e-03, P_hv=1.664e-05, rho_mean=1.000000, p_mean=0.726558, div_rms=8.021e-01, vort_rms=1.762e+00, mass_err=-3.855e-10
step=164000, t=55.474853, dt=3.356e-04, KE=1.170117e-01, Mt=0.4927, A_K=0.167, Cuv=-0.126, P_in=6.484e-03, P_tgt=6.510e-03, A_F=0.222, K_low=0.228, P_drag=-5.150e-03, P_cool=-6.128e-03, WENO=0.082 (x=0.082, y=0.082), ReL2D=116.90, eps_nu=5.097e-03, P_hv=1.594e-05, rho_mean=1.000000, p_mean=0.726541, div_rms=7.729e-01, vort_rms=1.754e+00, mass_err=-3.867e-10
step=164500, t=55.644354, dt=3.425e-04, KE=1.165943e-01, Mt=0.4921, A_K=0.162, Cuv=-0.099, P_in=7.038e-03, P_tgt=7.037e-03, A_F=0.022, K_low=0.225, P_drag=-5.073e-03, P_cool=-6.061e-03, WENO=0.087 (x=0.087, y=0.087), ReL2D=117.57, eps_nu=5.000e-03, P_hv=1.536e-05, rho_mean=1.000000, p_mean=0.726407, div_rms=7.485e-01, vort_rms=1.747e+00, mass_err=-3.879e-10
step=165000, t=55.816641, dt=3.453e-04, KE=1.163686e-01, Mt=0.4922, A_K=0.163, Cuv=-0.078, P_in=7.615e-03, P_tgt=7.632e-03, A_F=0.054, K_low=0.226, P_drag=-5.065e-03, P_cool=-5.975e-03, WENO=0.090 (x=0.090, y=0.090), ReL2D=117.90, eps_nu=4.932e-03, P_hv=1.462e-05, rho_mean=1.000000, p_mean=0.726236, div_rms=7.452e-01, vort_rms=1.734e+00, mass_err=-3.890e-10
saved snapshot: results/hit2d/final_thesis_Mach_ReL130_N512/production_N512/Mt050_N512/hit2d_step0165000.npz
step=165500, t=55.988977, dt=3.439e-04, KE=1.160359e-01, Mt=0.4927, A_K=0.168, Cuv=-0.068, P_in=8.242e-03, P_tgt=8.247e-03, A_F=0.092, K_low=0.231, P_drag=-5.125e-03, P_cool=-5.934e-03, WENO=0.089 (x=0.089, y=0.089), ReL2D=117.69, eps_nu=4.893e-03, P_hv=1.448e-05, rho_mean=1.000000, p_mean=0.726154, div_rms=7.473e-01, vort_rms=1.725e+00, mass_err=-3.902e-10
step=166000, t=56.160364, dt=3.423e-04, KE=1.157221e-01, Mt=0.4935, A_K=0.174, Cuv=-0.066, P_in=8.865e-03, P_tgt=8.858e-03, A_F=0.069, K_low=0.237, P_drag=-5.229e-03, P_cool=-5.913e-03, WENO=0.086 (x=0.086, y=0.086), ReL2D=119.37, eps_nu=4.822e-03, P_hv=1.519e-05, rho_mean=1.000000, p_mean=0.726111, div_rms=7.285e-01, vort_rms=1.720e+00, mass_err=-3.914e-10
step=166500, t=56.332123, dt=3.449e-04, KE=1.160550e-01, Mt=0.4944, A_K=0.167, Cuv=-0.071, P_in=9.408e-03, P_tgt=9.421e-03, A_F=0.034, K_low=0.241, P_drag=-5.332e-03, P_cool=-5.782e-03, WENO=0.078 (x=0.078, y=0.078), ReL2D=121.89, eps_nu=4.728e-03, P_hv=1.486e-05, rho_mean=1.000000, p_mean=0.725851, div_rms=7.091e-01, vort_rms=1.710e+00, mass_err=-3.926e-10
step=167000, t=56.503822, dt=3.421e-04, KE=1.169504e-01, Mt=0.4955, A_K=0.145, Cuv=-0.079, P_in=9.893e-03, P_tgt=9.916e-03, A_F=0.064, K_low=0.241, P_drag=-5.386e-03, P_cool=-5.562e-03, WENO=0.073 (x=0.073, y=0.073), ReL2D=124.02, eps_nu=4.654e-03, P_hv=1.422e-05, rho_mean=1.000000, p_mean=0.725411, div_rms=7.048e-01, vort_rms=1.696e+00, mass_err=-3.938e-10
step=167500, t=56.675746, dt=3.457e-04, KE=1.175787e-01, Mt=0.4957, A_K=0.114, Cuv=-0.081, P_in=1.036e-02, P_tgt=1.035e-02, A_F=0.184, K_low=0.238, P_drag=-5.391e-03, P_cool=-5.415e-03, WENO=0.071 (x=0.071, y=0.071), ReL2D=124.95, eps_nu=4.637e-03, P_hv=1.295e-05, rho_mean=1.000000, p_mean=0.725116, div_rms=7.036e-01, vort_rms=1.692e+00, mass_err=-3.950e-10
step=168000, t=56.848746, dt=3.458e-04, KE=1.174749e-01, Mt=0.4940, A_K=0.082, Cuv=-0.079, P_in=1.090e-02, P_tgt=1.090e-02, A_F=0.268, K_low=0.236, P_drag=-5.362e-03, P_cool=-5.427e-03, WENO=0.076 (x=0.076, y=0.076), ReL2D=125.15, eps_nu=4.621e-03, P_hv=1.231e-05, rho_mean=1.000000, p_mean=0.725141, div_rms=6.912e-01, vort_rms=1.696e+00, mass_err=-3.962e-10
step=168500, t=57.020388, dt=3.406e-04, KE=1.173041e-01, Mt=0.4921, A_K=0.050, Cuv=-0.072, P_in=1.172e-02, P_tgt=1.171e-02, A_F=0.112, K_low=0.234, P_drag=-5.318e-03, P_cool=-5.473e-03, WENO=0.075 (x=0.075, y=0.075), ReL2D=125.87, eps_nu=4.570e-03, P_hv=1.216e-05, rho_mean=1.000000, p_mean=0.725233, div_rms=6.772e-01, vort_rms=1.692e+00, mass_err=-3.974e-10
step=169000, t=57.189731, dt=3.386e-04, KE=1.176174e-01, Mt=0.4923, A_K=0.018, Cuv=-0.064, P_in=1.267e-02, P_tgt=1.271e-02, A_F=0.072, K_low=0.233, P_drag=-5.268e-03, P_cool=-5.459e-03, WENO=0.074 (x=0.074, y=0.074), ReL2D=126.73, eps_nu=4.537e-03, P_hv=1.209e-05, rho_mean=1.000000, p_mean=0.725204, div_rms=6.713e-01, vort_rms=1.687e+00, mass_err=-3.985e-10
step=169500, t=57.359435, dt=3.404e-04, KE=1.180671e-01, Mt=0.4942, A_K=0.014, Cuv=-0.062, P_in=1.367e-02, P_tgt=1.363e-02, A_F=0.202, K_low=0.230, P_drag=-5.215e-03, P_cool=-5.459e-03, WENO=0.072 (x=0.072, y=0.072), ReL2D=128.42, eps_nu=4.502e-03, P_hv=1.235e-05, rho_mean=1.000000, p_mean=0.725203, div_rms=6.594e-01, vort_rms=1.686e+00, mass_err=-3.997e-10
step=170000, t=57.529704, dt=3.404e-04, KE=1.187187e-01, Mt=0.4971, A_K=0.044, Cuv=-0.072, P_in=1.427e-02, P_tgt=1.424e-02, A_F=0.039, K_low=0.225, P_drag=-5.139e-03, P_cool=-5.448e-03, WENO=0.077 (x=0.077, y=0.077), ReL2D=130.49, eps_nu=4.492e-03, P_hv=1.204e-05, rho_mean=1.000000, p_mean=0.725181, div_rms=6.616e-01, vort_rms=1.682e+00, mass_err=-4.009e-10
saved snapshot: results/hit2d/final_thesis_Mach_ReL130_N512/production_N512/Mt050_N512/hit2d_step0170000.npz
step=170500, t=57.699695, dt=3.396e-04, KE=1.196006e-01, Mt=0.4996, A_K=0.069, Cuv=-0.086, P_in=1.445e-02, P_tgt=1.446e-02, A_F=0.098, K_low=0.219, P_drag=-5.056e-03, P_cool=-5.407e-03, WENO=0.077 (x=0.077, y=0.077), ReL2D=132.04, eps_nu=4.489e-03, P_hv=1.153e-05, rho_mean=1.000000, p_mean=0.725100, div_rms=6.675e-01, vort_rms=1.679e+00, mass_err=-4.021e-10
step=171000, t=57.870583, dt=3.438e-04, KE=1.203983e-01, Mt=0.5008, A_K=0.092, Cuv=-0.099, P_in=1.441e-02, P_tgt=1.442e-02, A_F=0.009, K_low=0.212, P_drag=-4.977e-03, P_cool=-5.386e-03, WENO=0.079 (x=0.079, y=0.079), ReL2D=132.04, eps_nu=4.492e-03, P_hv=1.085e-05, rho_mean=1.000000, p_mean=0.725058, div_rms=6.713e-01, vort_rms=1.677e+00, mass_err=-4.033e-10
step=171267, t=57.962384, dt=2.567e-04, KE=1.206677e-01, Mt=0.5010, A_K=0.099, Cuv=-0.105, P_in=1.437e-02, P_tgt=1.436e-02, A_F=0.046, K_low=0.210, P_drag=-4.943e-03, P_cool=-5.406e-03, WENO=0.080 (x=0.080, y=0.080), ReL2D=132.47, eps_nu=4.492e-03, P_hv=1.036e-05, rho_mean=1.000000, p_mean=0.725097, div_rms=6.685e-01, vort_rms=1.679e+00, mass_err=-4.039e-10
saved snapshot: results/hit2d/final_thesis_Mach_ReL130_N512/production_N512/Mt050_N512/hit2d_step0171267.npz
completed 2D HIT run at t=57.962384 in 171267 steps
Post-processing FINAL Mt=0.50
FINISHED FINAL Mt=0.50 at Wed Aug 19 04:19:17 PM CEST 2026

================================================================
START FINAL Mt=0.60 at Wed Aug 19 04:19:17 PM CEST 2026
N=512x512; Mt=0.60; mu=0.001330976; tfinal=48.30198705; CFL=0.10
================================================================
Using array backend: cupy
saved run configuration: results/hit2d/final_thesis_Mach_ReL130_N512/production_N512/Mt060_N512/config.json
step=     0, t=0.000000, dt=0.000e+00, KE=1.800000e-01, Mt=0.6000, A_K=0.000, Cuv=0.000, P_in=0.000e+00, P_tgt=0.000e+00, A_F=0.000, K_low=0.000, P_drag=0.000e+00, P_cool=0.000e+00, WENO=0.012 (x=0.012, y=0.012), ReL2D=163.60, eps_nu=7.286e-03, P_hv=0.000e+00, rho_mean=1.000000, p_mean=0.714286, div_rms=3.855e-14, vort_rms=2.340e+00, mass_err=0.000e+00
warning: cumulative forcing cross-correlation is high (|Fxy|/(Fxx+Fyy)=0.136)
step=   400, t=0.127175, dt=3.185e-04, KE=1.786159e-01, Mt=0.5977, A_K=0.001, Cuv=-0.004, P_in=9.896e-04, P_tgt=1.006e-03, A_F=0.049, K_low=0.002, P_drag=-8.221e-05, P_cool=-3.003e-04, WENO=0.021 (x=0.021, y=0.021), ReL2D=154.88, eps_nu=7.459e-03, P_hv=6.428e-06, rho_mean=1.000000, p_mean=0.714886, div_rms=5.063e-01, vort_rms=2.294e+00, mass_err=-9.734e-13
warning: cumulative forcing cross-correlation is high (|Fxy|/(Fxx+Fyy)=0.156)
step=   800, t=0.255058, dt=3.212e-04, KE=1.717121e-01, Mt=0.5874, A_K=0.001, Cuv=-0.011, P_in=1.086e-03, P_tgt=1.051e-03, A_F=0.065, K_low=0.009, P_drag=-2.991e-04, P_cool=-1.681e-03, WENO=0.025 (x=0.025, y=0.025), ReL2D=145.66, eps_nu=7.419e-03, P_hv=6.591e-06, rho_mean=1.000000, p_mean=0.717647, div_rms=7.117e-01, vort_rms=2.213e+00, mass_err=-1.940e-12
warning: cumulative forcing cross-correlation is high (|Fxy|/(Fxx+Fyy)=0.129)
step=  1200, t=0.384632, dt=3.274e-04, KE=1.589519e-01, Mt=0.5692, A_K=0.002, Cuv=-0.016, P_in=1.223e-03, P_tgt=1.225e-03, A_F=0.098, K_low=0.018, P_drag=-5.632e-04, P_cool=-4.175e-03, WENO=0.042 (x=0.042, y=0.042), ReL2D=139.93, eps_nu=7.145e-03, P_hv=7.299e-06, rho_mean=1.000000, p_mean=0.722637, div_rms=7.288e-01, vort_rms=2.159e+00, mass_err=-2.892e-12
step=  1600, t=0.517725, dt=3.387e-04, KE=1.494038e-01, Mt=0.5599, A_K=0.001, Cuv=-0.022, P_in=1.647e-03, P_tgt=1.603e-03, A_F=0.246, K_low=0.026, P_drag=-7.788e-04, P_cool=-5.967e-03, WENO=0.052 (x=0.052, y=0.052), ReL2D=121.41, eps_nu=8.030e-03, P_hv=8.698e-06, rho_mean=1.000000, p_mean=0.726219, div_rms=1.030e+00, vort_rms=2.149e+00, mass_err=-3.830e-12
step=  2000, t=0.656188, dt=3.537e-04, KE=1.455095e-01, Mt=0.5637, A_K=0.001, Cuv=-0.029, P_in=2.144e-03, P_tgt=2.136e-03, A_F=0.165, K_low=0.032, P_drag=-8.964e-04, P_cool=-6.600e-03, WENO=0.065 (x=0.065, y=0.065), ReL2D=103.95, eps_nu=9.997e-03, P_hv=1.047e-05, rho_mean=1.000000, p_mean=0.727485, div_rms=1.451e+00, vort_rms=2.169e+00, mass_err=-4.746e-12
step=  2400, t=0.799419, dt=3.551e-04, KE=1.448687e-01, Mt=0.5713, A_K=0.003, Cuv=-0.039, P_in=2.665e-03, P_tgt=2.702e-03, A_F=0.182, K_low=0.036, P_drag=-9.189e-04, P_cool=-6.585e-03, WENO=0.081 (x=0.081, y=0.081), ReL2D=97.14, eps_nu=1.153e-02, P_hv=1.166e-05, rho_mean=1.000000, p_mean=0.727455, div_rms=1.707e+00, vort_rms=2.187e+00, mass_err=-5.663e-12
step=  2800, t=0.938257, dt=3.417e-04, KE=1.450363e-01, Mt=0.5742, A_K=0.004, Cuv=-0.052, P_in=3.242e-03, P_tgt=3.268e-03, A_F=0.008, K_low=0.039, P_drag=-8.867e-04, P_cool=-6.435e-03, WENO=0.089 (x=0.089, y=0.089), ReL2D=97.05, eps_nu=1.183e-02, P_hv=1.266e-05, rho_mean=1.000000, p_mean=0.727155, div_rms=1.754e+00, vort_rms=2.188e+00, mass_err=-6.565e-12
step=  3200, t=1.075137, dt=3.448e-04, KE=1.450348e-01, Mt=0.5718, A_K=0.008, Cuv=-0.047, P_in=3.831e-03, P_tgt=3.951e-03, A_F=0.101, K_low=0.040, P_drag=-8.488e-04, P_cool=-6.347e-03, WENO=0.092 (x=0.092, y=0.092), ReL2D=99.14, eps_nu=1.134e-02, P_hv=1.298e-05, rho_mean=1.000000, p_mean=0.726979, div_rms=1.679e+00, vort_rms=2.182e+00, mass_err=-7.496e-12
step=  3600, t=1.212513, dt=3.371e-04, KE=1.450042e-01, Mt=0.5661, A_K=0.029, Cuv=-0.030, P_in=4.932e-03, P_tgt=4.945e-03, A_F=0.153, K_low=0.041, P_drag=-8.355e-04, P_cool=-6.283e-03, WENO=0.084 (x=0.084, y=0.084), ReL2D=102.50, eps_nu=1.048e-02, P_hv=1.336e-05, rho_mean=1.000000, p_mean=0.726851, div_rms=1.537e+00, vort_rms=2.173e+00, mass_err=-8.427e-12
step=  4000, t=1.344376, dt=3.274e-04, KE=1.454589e-01, Mt=0.5616, A_K=0.055, Cuv=-0.007, P_in=6.514e-03, P_tgt=6.453e-03, A_F=0.209, K_low=0.041, P_drag=-8.736e-04, P_cool=-6.151e-03, WENO=0.088 (x=0.088, y=0.088), ReL2D=104.80, eps_nu=9.900e-03, P_hv=1.576e-05, rho_mean=1.000000, p_mean=0.726588, div_rms=1.432e+00, vort_rms=2.169e+00, mass_err=-9.351e-12
saved snapshot: results/hit2d/final_thesis_Mach_ReL130_N512/production_N512/Mt060_N512/hit2d_step0004200.npz
step=  4400, t=1.477024, dt=3.367e-04, KE=1.457961e-01, Mt=0.5583, A_K=0.076, Cuv=0.023, P_in=8.756e-03, P_tgt=8.679e-03, A_F=0.022, K_low=0.043, P_drag=-9.721e-04, P_cool=-6.096e-03, WENO=0.101 (x=0.101, y=0.101), ReL2D=106.77, eps_nu=9.556e-03, P_hv=1.679e-05, rho_mean=1.000000, p_mean=0.726477, div_rms=1.357e+00, vort_rms=2.174e+00, mass_err=-1.027e-11
step=  4800, t=1.613162, dt=3.431e-04, KE=1.460982e-01, Mt=0.5568, A_K=0.091, Cuv=0.031, P_in=1.165e-02, P_tgt=1.191e-02, A_F=0.039, K_low=0.046, P_drag=-1.134e-03, P_cool=-6.120e-03, WENO=0.121 (x=0.121, y=0.121), ReL2D=108.17, eps_nu=9.408e-03, P_hv=1.697e-05, rho_mean=1.000000, p_mean=0.726526, div_rms=1.314e+00, vort_rms=2.183e+00, mass_err=-1.120e-11
step=  5200, t=1.748595, dt=3.315e-04, KE=1.466378e-01, Mt=0.5571, A_K=0.102, Cuv=0.019, P_in=1.641e-02, P_tgt=1.645e-02, A_F=0.027, K_low=0.052, P_drag=-1.335e-03, P_cool=-6.196e-03, WENO=0.132 (x=0.132, y=0.132), ReL2D=109.52, eps_nu=9.337e-03, P_hv=1.876e-05, rho_mean=1.000000, p_mean=0.726677, div_rms=1.292e+00, vort_rms=2.189e+00, mass_err=-1.214e-11
step=  5600, t=1.877493, dt=3.170e-04, KE=1.479069e-01, Mt=0.5593, A_K=0.106, Cuv=0.001, P_in=2.243e-02, P_tgt=2.246e-02, A_F=0.207, K_low=0.057, P_drag=-1.514e-03, P_cool=-6.245e-03, WENO=0.138 (x=0.138, y=0.138), ReL2D=109.10, eps_nu=9.523e-03, P_hv=2.163e-05, rho_mean=1.000000, p_mean=0.726776, div_rms=1.322e+00, vort_rms=2.197e+00, mass_err=-1.307e-11
step=  6000, t=2.004062, dt=3.160e-04, KE=1.495103e-01, Mt=0.5624, A_K=0.110, Cuv=-0.013, P_in=2.986e-02, P_tgt=3.000e-02, A_F=0.348, K_low=0.060, P_drag=-1.634e-03, P_cool=-6.387e-03, WENO=0.136 (x=0.136, y=0.136), ReL2D=107.97, eps_nu=9.802e-03, P_hv=2.330e-05, rho_mean=1.000000, p_mean=0.727059, div_rms=1.352e+00, vort_rms=2.220e+00, mass_err=-1.400e-11
step=  6400, t=2.130278, dt=3.153e-04, KE=1.521184e-01, Mt=0.5665, A_K=0.121, Cuv=-0.024, P_in=3.904e-02, P_tgt=3.894e-02, A_F=0.243, K_low=0.059, P_drag=-1.656e-03, P_cool=-6.527e-03, WENO=0.129 (x=0.129, y=0.129), ReL2D=106.85, eps_nu=1.020e-02, P_hv=2.517e-05, rho_mean=1.000000, p_mean=0.727340, div_rms=1.394e+00, vort_rms=2.251e+00, mass_err=-1.494e-11
step=  6800, t=2.256826, dt=3.180e-04, KE=1.560314e-01, Mt=0.5720, A_K=0.134, Cuv=-0.033, P_in=4.881e-02, P_tgt=4.863e-02, A_F=0.054, K_low=0.055, P_drag=-1.594e-03, P_cool=-6.643e-03, WENO=0.123 (x=0.123, y=0.123), ReL2D=107.28, eps_nu=1.049e-02, P_hv=2.789e-05, rho_mean=1.000000, p_mean=0.727572, div_rms=1.409e+00, vort_rms=2.287e+00, mass_err=-1.588e-11
step=  7200, t=2.384329, dt=3.183e-04, KE=1.602014e-01, Mt=0.5779, A_K=0.138, Cuv=-0.033, P_in=5.801e-02, P_tgt=5.813e-02, A_F=0.109, K_low=0.051, P_drag=-1.502e-03, P_cool=-6.959e-03, WENO=0.127 (x=0.127, y=0.127), ReL2D=109.30, eps_nu=1.067e-02, P_hv=2.788e-05, rho_mean=1.000000, p_mean=0.728203, div_rms=1.393e+00, vort_rms=2.330e+00, mass_err=-1.681e-11
step=  7600, t=2.511344, dt=3.165e-04, KE=1.643155e-01, Mt=0.5841, A_K=0.133, Cuv=-0.020, P_in=6.626e-02, P_tgt=6.641e-02, A_F=0.108, K_low=0.048, P_drag=-1.438e-03, P_cool=-7.500e-03, WENO=0.127 (x=0.127, y=0.127), ReL2D=112.38, eps_nu=1.089e-02, P_hv=2.953e-05, rho_mean=1.000000, p_mean=0.729286, div_rms=1.383e+00, vort_rms=2.373e+00, mass_err=-1.774e-11
step=  8000, t=2.638433, dt=3.168e-04, KE=1.686544e-01, Mt=0.5916, A_K=0.136, Cuv=-0.008, P_in=7.246e-02, P_tgt=7.233e-02, A_F=0.179, K_low=0.047, P_drag=-1.423e-03, P_cool=-8.169e-03, WENO=0.124 (x=0.124, y=0.124), ReL2D=115.33, eps_nu=1.118e-02, P_hv=3.083e-05, rho_mean=1.000000, p_mean=0.730623, div_rms=1.387e+00, vort_rms=2.417e+00, mass_err=-1.866e-11
step=  8400, t=2.764090, dt=3.124e-04, KE=1.738487e-01, Mt=0.6026, A_K=0.140, Cuv=-0.004, P_in=7.392e-02, P_tgt=7.388e-02, A_F=0.245, K_low=0.048, P_drag=-1.482e-03, P_cool=-8.732e-03, WENO=0.119 (x=0.119, y=0.119), ReL2D=117.05, eps_nu=1.165e-02, P_hv=3.468e-05, rho_mean=1.000000, p_mean=0.731751, div_rms=1.422e+00, vort_rms=2.462e+00, mass_err=-1.958e-11
saved snapshot: results/hit2d/final_thesis_Mach_ReL130_N512/production_N512/Mt060_N512/hit2d_step0008400.npz
step=  8800, t=2.888589, dt=3.094e-04, KE=1.792243e-01, Mt=0.6148, A_K=0.143, Cuv=-0.007, P_in=6.971e-02, P_tgt=6.977e-02, A_F=0.258, K_low=0.053, P_drag=-1.660e-03, P_cool=-9.200e-03, WENO=0.117 (x=0.117, y=0.117), ReL2D=119.05, eps_nu=1.205e-02, P_hv=3.776e-05, rho_mean=1.000000, p_mean=0.732686, div_rms=1.447e+00, vort_rms=2.503e+00, mass_err=-2.050e-11
step=  9200, t=3.010664, dt=3.020e-04, KE=1.839530e-01, Mt=0.6258, A_K=0.150, Cuv=-0.017, P_in=6.146e-02, P_tgt=6.130e-02, A_F=0.265, K_low=0.061, P_drag=-1.974e-03, P_cool=-9.594e-03, WENO=0.112 (x=0.112, y=0.112), ReL2D=121.10, eps_nu=1.231e-02, P_hv=4.150e-05, rho_mean=1.000000, p_mean=0.733474, div_rms=1.455e+00, vort_rms=2.535e+00, mass_err=-2.142e-11
step=  9600, t=3.131110, dt=3.012e-04, KE=1.879625e-01, Mt=0.6351, A_K=0.153, Cuv=-0.030, P_in=5.075e-02, P_tgt=5.073e-02, A_F=0.234, K_low=0.072, P_drag=-2.384e-03, P_cool=-9.862e-03, WENO=0.107 (x=0.107, y=0.107), ReL2D=121.93, eps_nu=1.264e-02, P_hv=4.410e-05, rho_mean=1.000000, p_mean=0.734010, div_rms=1.489e+00, vort_rms=2.558e+00, mass_err=-2.233e-11
step= 10000, t=3.252079, dt=3.038e-04, KE=1.910873e-01, Mt=0.6425, A_K=0.150, Cuv=-0.042, P_in=4.005e-02, P_tgt=4.005e-02, A_F=0.304, K_low=0.083, P_drag=-2.829e-03, P_cool=-1.003e-02, WENO=0.109 (x=0.109, y=0.109), ReL2D=122.74, eps_nu=1.299e-02, P_hv=4.583e-05, rho_mean=1.000000, p_mean=0.734348, div_rms=1.534e+00, vort_rms=2.574e+00, mass_err=-2.325e-11
step= 10400, t=3.374767, dt=3.063e-04, KE=1.931122e-01, Mt=0.6478, A_K=0.136, Cuv=-0.050, P_in=3.051e-02, P_tgt=3.053e-02, A_F=0.176, K_low=0.094, P_drag=-3.247e-03, P_cool=-1.016e-02, WENO=0.117 (x=0.117, y=0.117), ReL2D=120.81, eps_nu=1.349e-02, P_hv=4.505e-05, rho_mean=1.000000, p_mean=0.734608, div_rms=1.609e+00, vort_rms=2.585e+00, mass_err=-2.417e-11
step= 10800, t=3.496666, dt=3.024e-04, KE=1.936896e-01, Mt=0.6502, A_K=0.123, Cuv=-0.054, P_in=2.271e-02, P_tgt=2.282e-02, A_F=0.023, K_low=0.103, P_drag=-3.594e-03, P_cool=-1.035e-02, WENO=0.120 (x=0.120, y=0.120), ReL2D=120.05, eps_nu=1.364e-02, P_hv=4.685e-05, rho_mean=1.000000, p_mean=0.734987, div_rms=1.632e+00, vort_rms=2.588e+00, mass_err=-2.509e-11
step= 11200, t=3.616764, dt=2.979e-04, KE=1.939346e-01, Mt=0.6517, A_K=0.115, Cuv=-0.051, P_in=1.684e-02, P_tgt=1.688e-02, A_F=0.048, K_low=0.109, P_drag=-3.863e-03, P_cool=-1.043e-02, WENO=0.120 (x=0.120, y=0.120), ReL2D=118.76, eps_nu=1.380e-02, P_hv=4.958e-05, rho_mean=1.000000, p_mean=0.735152, div_rms=1.667e+00, vort_rms=2.581e+00, mass_err=-2.602e-11
step= 11600, t=3.734621, dt=2.920e-04, KE=1.938047e-01, Mt=0.6525, A_K=0.110, Cuv=-0.044, P_in=1.242e-02, P_tgt=1.242e-02, A_F=0.072, K_low=0.115, P_drag=-4.070e-03, P_cool=-1.047e-02, WENO=0.126 (x=0.126, y=0.126), ReL2D=117.49, eps_nu=1.392e-02, P_hv=4.898e-05, rho_mean=1.000000, p_mean=0.735219, div_rms=1.709e+00, vort_rms=2.562e+00, mass_err=-2.694e-11
step= 12000, t=3.851565, dt=2.935e-04, KE=1.934741e-01, Mt=0.6537, A_K=0.106, Cuv=-0.037, P_in=9.093e-03, P_tgt=9.088e-03, A_F=0.079, K_low=0.120, P_drag=-4.243e-03, P_cool=-1.045e-02, WENO=0.129 (x=0.129, y=0.129), ReL2D=116.09, eps_nu=1.417e-02, P_hv=4.708e-05, rho_mean=1.000000, p_mean=0.735177, div_rms=1.774e+00, vort_rms=2.539e+00, mass_err=-2.785e-11
step= 12400, t=3.969656, dt=2.963e-04, KE=1.929614e-01, Mt=0.6548, A_K=0.099, Cuv=-0.030, P_in=6.638e-03, P_tgt=6.610e-03, A_F=0.031, K_low=0.125, P_drag=-4.394e-03, P_cool=-1.038e-02, WENO=0.126 (x=0.126, y=0.126), ReL2D=114.96, eps_nu=1.442e-02, P_hv=4.552e-05, rho_mean=1.000000, p_mean=0.735054, div_rms=1.835e+00, vort_rms=2.518e+00, mass_err=-2.878e-11
saved snapshot: results/hit2d/final_thesis_Mach_ReL130_N512/production_N512/Mt060_N512/hit2d_step0012600.npz
step= 12800, t=4.088561, dt=2.998e-04, KE=1.912973e-01, Mt=0.6536, A_K=0.090, Cuv=-0.027, P_in=4.821e-03, P_tgt=4.803e-03, A_F=0.059, K_low=0.129, P_drag=-4.519e-03, P_cool=-1.049e-02, WENO=0.119 (x=0.119, y=0.119), ReL2D=112.33, eps_nu=1.475e-02, P_hv=4.562e-05, rho_mean=1.000000, p_mean=0.735272, div_rms=1.909e+00, vort_rms=2.494e+00, mass_err=-2.969e-11
step= 13200, t=4.209836, dt=3.070e-04, KE=1.879449e-01, Mt=0.6491, A_K=0.082, Cuv=-0.028, P_in=3.538e-03, P_tgt=3.544e-03, A_F=0.081, K_low=0.134, P_drag=-4.631e-03, P_cool=-1.089e-02, WENO=0.108 (x=0.108, y=0.108), ReL2D=110.48, eps_nu=1.471e-02, P_hv=4.696e-05, rho_mean=1.000000, p_mean=0.736061, div_rms=1.931e+00, vort_rms=2.466e+00, mass_err=-3.060e-11
step= 13600, t=4.333897, dt=3.110e-04, KE=1.841858e-01, Mt=0.6426, A_K=0.074, Cuv=-0.035, P_in=2.684e-03, P_tgt=2.692e-03, A_F=0.098, K_low=0.139, P_drag=-4.744e-03, P_cool=-1.132e-02, WENO=0.106 (x=0.106, y=0.106), ReL2D=108.76, eps_nu=1.446e-02, P_hv=4.490e-05, rho_mean=1.000000, p_mean=0.736926, div_rms=1.918e+00, vort_rms=2.441e+00, mass_err=-3.152e-11
step= 14000, t=4.458417, dt=3.111e-04, KE=1.803636e-01, Mt=0.6340, A_K=0.070, Cuv=-0.045, P_in=2.155e-03, P_tgt=2.132e-03, A_F=0.123, K_low=0.144, P_drag=-4.871e-03, P_cool=-1.174e-02, WENO=0.111 (x=0.111, y=0.111), ReL2D=108.13, eps_nu=1.399e-02, P_hv=4.528e-05, rho_mean=1.000000, p_mean=0.737759, div_rms=1.873e+00, vort_rms=2.416e+00, mass_err=-3.243e-11
step= 14400, t=4.582052, dt=3.108e-04, KE=1.766164e-01, Mt=0.6259, A_K=0.063, Cuv=-0.055, P_in=1.797e-03, P_tgt=1.771e-03, A_F=0.111, K_low=0.151, P_drag=-5.024e-03, P_cool=-1.212e-02, WENO=0.115 (x=0.115, y=0.115), ReL2D=107.42, eps_nu=1.355e-02, P_hv=4.566e-05, rho_mean=1.000000, p_mean=0.738522, div_rms=1.826e+00, vort_rms=2.395e+00, mass_err=-3.335e-11
step= 14800, t=4.707597, dt=3.144e-04, KE=1.733282e-01, Mt=0.6200, A_K=0.049, Cuv=-0.061, P_in=1.534e-03, P_tgt=1.535e-03, A_F=0.168, K_low=0.160, P_drag=-5.218e-03, P_cool=-1.238e-02, WENO=0.123 (x=0.123, y=0.123), ReL2D=106.64, eps_nu=1.322e-02, P_hv=4.650e-05, rho_mean=1.000000, p_mean=0.739050, div_rms=1.791e+00, vort_rms=2.378e+00, mass_err=-3.426e-11
step= 15200, t=4.833640, dt=3.162e-04, KE=1.707843e-01, Mt=0.6159, A_K=0.039, Cuv=-0.057, P_in=1.360e-03, P_tgt=1.369e-03, A_F=0.150, K_low=0.169, P_drag=-5.428e-03, P_cool=-1.248e-02, WENO=0.122 (x=0.122, y=0.122), ReL2D=105.72, eps_nu=1.290e-02, P_hv=4.486e-05, rho_mean=1.000000, p_mean=0.739252, div_rms=1.757e+00, vort_rms=2.363e+00, mass_err=-3.516e-11
step= 15600, t=4.960434, dt=3.174e-04, KE=1.684048e-01, Mt=0.6120, A_K=0.039, Cuv=-0.043, P_in=1.257e-03, P_tgt=1.252e-03, A_F=0.021, K_low=0.178, P_drag=-5.623e-03, P_cool=-1.254e-02, WENO=0.123 (x=0.123, y=0.123), ReL2D=105.22, eps_nu=1.259e-02, P_hv=4.558e-05, rho_mean=1.000000, p_mean=0.739367, div_rms=1.722e+00, vort_rms=2.347e+00, mass_err=-3.608e-11
step= 16000, t=5.087601, dt=3.145e-04, KE=1.662900e-01, Mt=0.6071, A_K=0.040, Cuv=-0.020, P_in=1.547e-03, P_tgt=1.176e-03, A_F=0.073, K_low=0.188, P_drag=-5.815e-03, P_cool=-1.253e-02, WENO=0.122 (x=0.122, y=0.122), ReL2D=105.18, eps_nu=1.221e-02, P_hv=4.325e-05, rho_mean=1.000000, p_mean=0.739349, div_rms=1.677e+00, vort_rms=2.330e+00, mass_err=-3.700e-11
step= 16400, t=5.214714, dt=3.217e-04, KE=1.643146e-01, Mt=0.6020, A_K=0.039, Cuv=0.006, P_in=1.149e-03, P_tgt=1.141e-03, A_F=0.058, K_low=0.197, P_drag=-5.978e-03, P_cool=-1.249e-02, WENO=0.114 (x=0.114, y=0.114), ReL2D=105.83, eps_nu=1.175e-02, P_hv=4.367e-05, rho_mean=1.000000, p_mean=0.739266, div_rms=1.618e+00, vort_rms=2.310e+00, mass_err=-3.792e-11
step= 16800, t=5.343735, dt=3.213e-04, KE=1.630654e-01, Mt=0.5972, A_K=0.030, Cuv=0.030, P_in=1.161e-03, P_tgt=1.144e-03, A_F=0.017, K_low=0.203, P_drag=-6.136e-03, P_cool=-1.230e-02, WENO=0.109 (x=0.109, y=0.109), ReL2D=104.83, eps_nu=1.154e-02, P_hv=4.289e-05, rho_mean=1.000000, p_mean=0.738880, div_rms=1.611e+00, vort_rms=2.282e+00, mass_err=-3.884e-11
saved snapshot: results/hit2d/final_thesis_Mach_ReL130_N512/production_N512/Mt060_N512/hit2d_step0016800.npz
step= 17200, t=5.471255, dt=3.152e-04, KE=1.618260e-01, Mt=0.5916, A_K=0.010, Cuv=0.048, P_in=1.208e-03, P_tgt=1.187e-03, A_F=0.170, K_low=0.209, P_drag=-6.313e-03, P_cool=-1.211e-02, WENO=0.107 (x=0.107, y=0.107), ReL2D=104.85, eps_nu=1.119e-02, P_hv=4.011e-05, rho_mean=1.000000, p_mean=0.738510, div_rms=1.581e+00, vort_rms=2.253e+00, mass_err=-3.976e-11
step= 17600, t=5.596378, dt=3.113e-04, KE=1.603093e-01, Mt=0.5849, A_K=0.018, Cuv=0.059, P_in=1.306e-03, P_tgt=1.287e-03, A_F=0.022, K_low=0.216, P_drag=-6.533e-03, P_cool=-1.199e-02, WENO=0.110 (x=0.110, y=0.110), ReL2D=105.82, eps_nu=1.067e-02, P_hv=3.885e-05, rho_mean=1.000000, p_mean=0.738275, div_rms=1.518e+00, vort_rms=2.223e+00, mass_err=-4.068e-11
step= 18000, t=5.720809, dt=3.114e-04, KE=1.585851e-01, Mt=0.5784, A_K=0.052, Cuv=0.065, P_in=1.490e-03, P_tgt=1.464e-03, A_F=0.003, K_low=0.226, P_drag=-6.831e-03, P_cool=-1.192e-02, WENO=0.114 (x=0.114, y=0.114), ReL2D=107.56, eps_nu=1.001e-02, P_hv=3.770e-05, rho_mean=1.000000, p_mean=0.738129, div_rms=1.421e+00, vort_rms=2.197e+00, mass_err=-4.160e-11
step= 18400, t=5.845320, dt=3.103e-04, KE=1.572006e-01, Mt=0.5741, A_K=0.089, Cuv=0.067, P_in=1.738e-03, P_tgt=1.735e-03, A_F=0.068, K_low=0.240, P_drag=-7.217e-03, P_cool=-1.178e-02, WENO=0.120 (x=0.120, y=0.120), ReL2D=109.34, eps_nu=9.558e-03, P_hv=3.517e-05, rho_mean=1.000000, p_mean=0.737840, div_rms=1.355e+00, vort_rms=2.176e+00, mass_err=-4.253e-11
step= 18800, t=5.969684, dt=3.093e-04, KE=1.559023e-01, Mt=0.5715, A_K=0.124, Cuv=0.066, P_in=2.121e-03, P_tgt=2.110e-03, A_F=0.106, K_low=0.257, P_drag=-7.669e-03, P_cool=-1.161e-02, WENO=0.120 (x=0.120, y=0.120), ReL2D=110.72, eps_nu=9.279e-03, P_hv=3.324e-05, rho_mean=1.000000, p_mean=0.737509, div_rms=1.322e+00, vort_rms=2.155e+00, mass_err=-4.344e-11
step= 19200, t=6.093050, dt=3.076e-04, KE=1.546071e-01, Mt=0.5700, A_K=0.156, Cuv=0.060, P_in=2.603e-03, P_tgt=2.605e-03, A_F=0.095, K_low=0.276, P_drag=-8.160e-03, P_cool=-1.144e-02, WENO=0.115 (x=0.115, y=0.115), ReL2D=111.78, eps_nu=9.025e-03, P_hv=3.536e-05, rho_mean=1.000000, p_mean=0.737173, div_rms=1.295e+00, vort_rms=2.132e+00, mass_err=-4.436e-11
step= 19600, t=6.216019, dt=3.038e-04, KE=1.537681e-01, Mt=0.5697, A_K=0.185, Cuv=0.046, P_in=3.248e-03, P_tgt=3.240e-03, A_F=0.038, K_low=0.296, P_drag=-8.641e-03, P_cool=-1.119e-02, WENO=0.109 (x=0.109, y=0.109), ReL2D=111.99, eps_nu=8.893e-03, P_hv=3.529e-05, rho_mean=1.000000, p_mean=0.736661, div_rms=1.297e+00, vort_rms=2.107e+00, mass_err=-4.528e-11
warning: flow component anisotropy has increased over the last three diagnostic samples
step= 20000, t=6.337448, dt=3.037e-04, KE=1.534641e-01, Mt=0.5706, A_K=0.206, Cuv=0.030, P_in=4.019e-03, P_tgt=4.017e-03, A_F=0.071, K_low=0.312, P_drag=-9.063e-03, P_cool=-1.084e-02, WENO=0.107 (x=0.107, y=0.107), ReL2D=112.42, eps_nu=8.844e-03, P_hv=3.578e-05, rho_mean=1.000000, p_mean=0.735969, div_rms=1.314e+00, vort_rms=2.084e+00, mass_err=-4.621e-11
warning: flow component anisotropy has increased over the last three diagnostic samples
step= 20400, t=6.459136, dt=3.050e-04, KE=1.529564e-01, Mt=0.5710, A_K=0.225, Cuv=0.014, P_in=4.934e-03, P_tgt=4.949e-03, A_F=0.047, K_low=0.325, P_drag=-9.394e-03, P_cool=-1.055e-02, WENO=0.105 (x=0.105, y=0.105), ReL2D=114.01, eps_nu=8.703e-03, P_hv=3.468e-05, rho_mean=1.000000, p_mean=0.735394, div_rms=1.307e+00, vort_rms=2.065e+00, mass_err=-4.714e-11
warning: flow component anisotropy has increased over the last three diagnostic samples
step= 20800, t=6.581463, dt=3.066e-04, KE=1.520562e-01, Mt=0.5691, A_K=0.246, Cuv=-0.004, P_in=6.131e-03, P_tgt=6.132e-03, A_F=0.025, K_low=0.333, P_drag=-9.595e-03, P_cool=-1.037e-02, WENO=0.107 (x=0.107, y=0.107), ReL2D=114.04, eps_nu=8.600e-03, P_hv=3.366e-05, rho_mean=1.000000, p_mean=0.735030, div_rms=1.314e+00, vort_rms=2.039e+00, mass_err=-4.808e-11
saved snapshot: results/hit2d/final_thesis_Mach_ReL130_N512/production_N512/Mt060_N512/hit2d_step0021000.npz
warning: flow component anisotropy has increased over the last three diagnostic samples
step= 21200, t=6.704011, dt=3.063e-04, KE=1.508270e-01, Mt=0.5654, A_K=0.261, Cuv=-0.026, P_in=7.834e-03, P_tgt=7.771e-03, A_F=0.116, K_low=0.337, P_drag=-9.643e-03, P_cool=-1.030e-02, WENO=0.106 (x=0.106, y=0.106), ReL2D=112.70, eps_nu=8.544e-03, P_hv=3.119e-05, rho_mean=1.000000, p_mean=0.734878, div_rms=1.334e+00, vort_rms=2.012e+00, mass_err=-4.901e-11
warning: flow component anisotropy has increased over the last three diagnostic samples
step= 21600, t=6.826425, dt=3.046e-04, KE=1.495385e-01, Mt=0.5611, A_K=0.266, Cuv=-0.053, P_in=1.012e-02, P_tgt=1.017e-02, A_F=0.085, K_low=0.335, P_drag=-9.551e-03, P_cool=-1.029e-02, WENO=0.102 (x=0.102, y=0.102), ReL2D=111.78, eps_nu=8.443e-03, P_hv=3.051e-05, rho_mean=1.000000, p_mean=0.734862, div_rms=1.338e+00, vort_rms=1.989e+00, mass_err=-4.994e-11
warning: flow component anisotropy has increased over the last three diagnostic samples
step= 22000, t=6.947439, dt=3.008e-04, KE=1.482794e-01, Mt=0.5574, A_K=0.266, Cuv=-0.077, P_in=1.377e-02, P_tgt=1.377e-02, A_F=0.117, K_low=0.329, P_drag=-9.338e-03, P_cool=-1.035e-02, WENO=0.100 (x=0.100, y=0.100), ReL2D=112.45, eps_nu=8.214e-03, P_hv=3.076e-05, rho_mean=1.000000, p_mean=0.734994, div_rms=1.308e+00, vort_rms=1.972e+00, mass_err=-5.087e-11
step= 22400, t=7.066846, dt=2.961e-04, KE=1.477490e-01, Mt=0.5559, A_K=0.260, Cuv=-0.093, P_in=1.922e-02, P_tgt=1.907e-02, A_F=0.191, K_low=0.319, P_drag=-9.065e-03, P_cool=-1.039e-02, WENO=0.099 (x=0.099, y=0.099), ReL2D=112.27, eps_nu=8.137e-03, P_hv=3.063e-05, rho_mean=1.000000, p_mean=0.735060, div_rms=1.304e+00, vort_rms=1.961e+00, mass_err=-5.180e-11
step= 22800, t=7.184693, dt=2.936e-04, KE=1.480352e-01, Mt=0.5570, A_K=0.252, Cuv=-0.095, P_in=2.625e-02, P_tgt=2.644e-02, A_F=0.244, K_low=0.308, P_drag=-8.761e-03, P_cool=-1.041e-02, WENO=0.102 (x=0.102, y=0.102), ReL2D=111.28, eps_nu=8.167e-03, P_hv=2.925e-05, rho_mean=1.000000, p_mean=0.735113, div_rms=1.309e+00, vort_rms=1.962e+00, mass_err=-5.273e-11
step= 23200, t=7.301169, dt=2.898e-04, KE=1.490302e-01, Mt=0.5607, A_K=0.244, Cuv=-0.094, P_in=3.610e-02, P_tgt=3.593e-02, A_F=0.156, K_low=0.294, P_drag=-8.420e-03, P_cool=-1.050e-02, WENO=0.102 (x=0.102, y=0.102), ReL2D=110.44, eps_nu=8.345e-03, P_hv=2.915e-05, rho_mean=1.000000, p_mean=0.735280, div_rms=1.329e+00, vort_rms=1.979e+00, mass_err=-5.367e-11
step= 23600, t=7.416083, dt=2.853e-04, KE=1.505484e-01, Mt=0.5659, A_K=0.242, Cuv=-0.093, P_in=4.674e-02, P_tgt=4.701e-02, A_F=0.114, K_low=0.280, P_drag=-8.027e-03, P_cool=-1.071e-02, WENO=0.106 (x=0.106, y=0.106), ReL2D=109.62, eps_nu=8.664e-03, P_hv=2.856e-05, rho_mean=1.000000, p_mean=0.735713, div_rms=1.368e+00, vort_rms=2.003e+00, mass_err=-5.460e-11
step= 24000, t=7.529913, dt=2.832e-04, KE=1.525409e-01, Mt=0.5718, A_K=0.233, Cuv=-0.083, P_in=5.883e-02, P_tgt=5.893e-02, A_F=0.100, K_low=0.263, P_drag=-7.565e-03, P_cool=-1.109e-02, WENO=0.105 (x=0.105, y=0.105), ReL2D=108.66, eps_nu=9.056e-03, P_hv=2.994e-05, rho_mean=1.000000, p_mean=0.736473, div_rms=1.417e+00, vort_rms=2.032e+00, mass_err=-5.554e-11
step= 24400, t=7.643062, dt=2.835e-04, KE=1.553160e-01, Mt=0.5793, A_K=0.206, Cuv=-0.068, P_in=7.012e-02, P_tgt=7.016e-02, A_F=0.134, K_low=0.245, P_drag=-7.071e-03, P_cool=-1.158e-02, WENO=0.101 (x=0.101, y=0.101), ReL2D=107.71, eps_nu=9.558e-03, P_hv=3.159e-05, rho_mean=1.000000, p_mean=0.737439, div_rms=1.472e+00, vort_rms=2.072e+00, mass_err=-5.646e-11
step= 24800, t=7.757509, dt=2.883e-04, KE=1.589716e-01, Mt=0.5881, A_K=0.167, Cuv=-0.064, P_in=7.867e-02, P_tgt=7.865e-02, A_F=0.154, K_low=0.225, P_drag=-6.564e-03, P_cool=-1.212e-02, WENO=0.098 (x=0.098, y=0.098), ReL2D=107.37, eps_nu=1.002e-02, P_hv=3.276e-05, rho_mean=1.000000, p_mean=0.738535, div_rms=1.508e+00, vort_rms=2.121e+00, mass_err=-5.738e-11
step= 25200, t=7.873821, dt=2.937e-04, KE=1.637495e-01, Mt=0.5984, A_K=0.132, Cuv=-0.062, P_in=8.231e-02, P_tgt=8.237e-02, A_F=0.102, K_low=0.203, P_drag=-6.055e-03, P_cool=-1.261e-02, WENO=0.098 (x=0.098, y=0.098), ReL2D=106.16, eps_nu=1.078e-02, P_hv=3.282e-05, rho_mean=1.000000, p_mean=0.739513, div_rms=1.590e+00, vort_rms=2.174e+00, mass_err=-5.829e-11
saved snapshot: results/hit2d/final_thesis_Mach_ReL130_N512/production_N512/Mt060_N512/hit2d_step0025200.npz
step= 25600, t=7.991663, dt=2.946e-04, KE=1.689819e-01, Mt=0.6076, A_K=0.115, Cuv=-0.067, P_in=8.059e-02, P_tgt=8.071e-02, A_F=0.079, K_low=0.181, P_drag=-5.592e-03, P_cool=-1.306e-02, WENO=0.099 (x=0.099, y=0.099), ReL2D=105.73, eps_nu=1.141e-02, P_hv=3.417e-05, rho_mean=1.000000, p_mean=0.740396, div_rms=1.649e+00, vort_rms=2.225e+00, mass_err=-5.920e-11
step= 26000, t=8.108897, dt=2.917e-04, KE=1.741402e-01, Mt=0.6161, A_K=0.105, Cuv=-0.068, P_in=7.454e-02, P_tgt=7.474e-02, A_F=0.169, K_low=0.162, P_drag=-5.211e-03, P_cool=-1.341e-02, WENO=0.105 (x=0.105, y=0.105), ReL2D=108.08, eps_nu=1.162e-02, P_hv=3.800e-05, rho_mean=1.000000, p_mean=0.741107, div_rms=1.634e+00, vort_rms=2.273e+00, mass_err=-6.012e-11
step= 26400, t=8.225364, dt=2.914e-04, KE=1.793215e-01, Mt=0.6241, A_K=0.096, Cuv=-0.083, P_in=6.586e-02, P_tgt=6.577e-02, A_F=0.110, K_low=0.145, P_drag=-4.932e-03, P_cool=-1.358e-02, WENO=0.108 (x=0.108, y=0.108), ReL2D=109.07, eps_nu=1.202e-02, P_hv=3.903e-05, rho_mean=1.000000, p_mean=0.741440, div_rms=1.662e+00, vort_rms=2.313e+00, mass_err=-6.104e-11
step= 26800, t=8.342134, dt=2.926e-04, KE=1.837809e-01, Mt=0.6308, A_K=0.089, Cuv=-0.096, P_in=5.527e-02, P_tgt=5.539e-02, A_F=0.031, K_low=0.132, P_drag=-4.739e-03, P_cool=-1.367e-02, WENO=0.109 (x=0.109, y=0.109), ReL2D=109.35, eps_nu=1.262e-02, P_hv=3.778e-05, rho_mean=1.000000, p_mean=0.741625, div_rms=1.722e+00, vort_rms=2.351e+00, mass_err=-6.195e-11
step= 27200, t=8.459153, dt=2.911e-04, KE=1.874859e-01, Mt=0.6365, A_K=0.087, Cuv=-0.101, P_in=4.511e-02, P_tgt=4.503e-02, A_F=0.161, K_low=0.123, P_drag=-4.642e-03, P_cool=-1.368e-02, WENO=0.106 (x=0.106, y=0.106), ReL2D=111.14, eps_nu=1.295e-02, P_hv=3.788e-05, rho_mean=1.000000, p_mean=0.741642, div_rms=1.744e+00, vort_rms=2.382e+00, mass_err=-6.288e-11
step= 27600, t=8.575719, dt=2.928e-04, KE=1.904224e-01, Mt=0.6409, A_K=0.082, Cuv=-0.105, P_in=3.555e-02, P_tgt=3.556e-02, A_F=0.107, K_low=0.118, P_drag=-4.644e-03, P_cool=-1.361e-02, WENO=0.100 (x=0.100, y=0.100), ReL2D=113.55, eps_nu=1.292e-02, P_hv=3.887e-05, rho_mean=1.000000, p_mean=0.741505, div_rms=1.720e+00, vort_rms=2.401e+00, mass_err=-6.381e-11
step= 28000, t=8.693463, dt=2.954e-04, KE=1.922423e-01, Mt=0.6438, A_K=0.067, Cuv=-0.110, P_in=2.757e-02, P_tgt=2.753e-02, A_F=0.025, K_low=0.118, P_drag=-4.724e-03, P_cool=-1.356e-02, WENO=0.099 (x=0.099, y=0.099), ReL2D=116.52, eps_nu=1.262e-02, P_hv=3.825e-05, rho_mean=1.000000, p_mean=0.741415, div_rms=1.658e+00, vort_rms=2.412e+00, mass_err=-6.472e-11
step= 28400, t=8.812098, dt=2.977e-04, KE=1.930078e-01, Mt=0.6454, A_K=0.047, Cuv=-0.110, P_in=2.116e-02, P_tgt=2.107e-02, A_F=0.025, K_low=0.121, P_drag=-4.866e-03, P_cool=-1.356e-02, WENO=0.099 (x=0.099, y=0.099), ReL2D=119.29, eps_nu=1.228e-02, P_hv=3.718e-05, rho_mean=1.000000, p_mean=0.741403, div_rms=1.590e+00, vort_rms=2.420e+00, mass_err=-6.564e-11
step= 28800, t=8.931433, dt=2.985e-04, KE=1.930756e-01, Mt=0.6462, A_K=0.026, Cuv=-0.108, P_in=1.608e-02, P_tgt=1.602e-02, A_F=0.044, K_low=0.128, P_drag=-5.041e-03, P_cool=-1.355e-02, WENO=0.098 (x=0.098, y=0.098), ReL2D=121.26, eps_nu=1.206e-02, P_hv=3.559e-05, rho_mean=1.000000, p_mean=0.741392, div_rms=1.546e+00, vort_rms=2.424e+00, mass_err=-6.656e-11
step= 29200, t=9.051475, dt=3.027e-04, KE=1.925417e-01, Mt=0.6468, A_K=0.008, Cuv=-0.110, P_in=1.214e-02, P_tgt=1.214e-02, A_F=0.142, K_low=0.135, P_drag=-5.216e-03, P_cool=-1.356e-02, WENO=0.101 (x=0.101, y=0.101), ReL2D=122.88, eps_nu=1.197e-02, P_hv=3.573e-05, rho_mean=1.000000, p_mean=0.741396, div_rms=1.526e+00, vort_rms=2.426e+00, mass_err=-6.748e-11
saved snapshot: results/hit2d/final_thesis_Mach_ReL130_N512/production_N512/Mt060_N512/hit2d_step0029400.npz
step= 29600, t=9.173583, dt=3.070e-04, KE=1.918858e-01, Mt=0.6472, A_K=0.003, Cuv=-0.116, P_in=8.900e-03, P_tgt=9.174e-03, A_F=0.149, K_low=0.142, P_drag=-5.373e-03, P_cool=-1.349e-02, WENO=0.102 (x=0.102, y=0.102), ReL2D=122.44, eps_nu=1.215e-02, P_hv=3.593e-05, rho_mean=1.000000, p_mean=0.741269, div_rms=1.560e+00, vort_rms=2.426e+00, mass_err=-6.840e-11
step= 30000, t=9.296224, dt=3.061e-04, KE=1.911873e-01, Mt=0.6467, A_K=0.002, Cuv=-0.122, P_in=6.964e-03, P_tgt=6.936e-03, A_F=0.202, K_low=0.149, P_drag=-5.517e-03, P_cool=-1.337e-02, WENO=0.099 (x=0.099, y=0.099), ReL2D=119.49, eps_nu=1.251e-02, P_hv=3.631e-05, rho_mean=1.000000, p_mean=0.741026, div_rms=1.633e+00, vort_rms=2.417e+00, mass_err=-6.931e-11
step= 30400, t=9.418477, dt=3.040e-04, KE=1.901745e-01, Mt=0.6455, A_K=0.018, Cuv=-0.128, P_in=5.275e-03, P_tgt=5.265e-03, A_F=0.038, K_low=0.156, P_drag=-5.657e-03, P_cool=-1.326e-02, WENO=0.098 (x=0.098, y=0.098), ReL2D=116.84, eps_nu=1.270e-02, P_hv=3.752e-05, rho_mean=1.000000, p_mean=0.740799, div_rms=1.675e+00, vort_rms=2.408e+00, mass_err=-7.023e-11
step= 30800, t=9.538355, dt=2.966e-04, KE=1.890516e-01, Mt=0.6438, A_K=0.039, Cuv=-0.129, P_in=4.060e-03, P_tgt=4.028e-03, A_F=0.026, K_low=0.164, P_drag=-5.788e-03, P_cool=-1.313e-02, WENO=0.096 (x=0.096, y=0.096), ReL2D=115.82, eps_nu=1.267e-02, P_hv=4.018e-05, rho_mean=1.000000, p_mean=0.740547, div_rms=1.682e+00, vort_rms=2.397e+00, mass_err=-7.115e-11
step= 31200, t=9.656898, dt=2.976e-04, KE=1.879418e-01, Mt=0.6414, A_K=0.060, Cuv=-0.131, P_in=3.141e-03, P_tgt=3.115e-03, A_F=0.015, K_low=0.171, P_drag=-5.889e-03, P_cool=-1.298e-02, WENO=0.094 (x=0.094, y=0.094), ReL2D=114.77, eps_nu=1.265e-02, P_hv=4.041e-05, rho_mean=1.000000, p_mean=0.740237, div_rms=1.695e+00, vort_rms=2.381e+00, mass_err=-7.208e-11
step= 31600, t=9.776994, dt=3.022e-04, KE=1.864961e-01, Mt=0.6380, A_K=0.080, Cuv=-0.132, P_in=2.435e-03, P_tgt=2.447e-03, A_F=0.009, K_low=0.177, P_drag=-5.939e-03, P_cool=-1.286e-02, WENO=0.092 (x=0.092, y=0.092), ReL2D=114.87, eps_nu=1.244e-02, P_hv=4.007e-05, rho_mean=1.000000, p_mean=0.740012, div_rms=1.678e+00, vort_rms=2.366e+00, mass_err=-7.301e-11
step= 32000, t=9.897432, dt=2.995e-04, KE=1.844006e-01, Mt=0.6327, A_K=0.094, Cuv=-0.127, P_in=2.047e-03, P_tgt=1.969e-03, A_F=0.063, K_low=0.180, P_drag=-5.928e-03, P_cool=-1.287e-02, WENO=0.088 (x=0.088, y=0.088), ReL2D=114.82, eps_nu=1.218e-02, P_hv=4.020e-05, rho_mean=1.000000, p_mean=0.740030, div_rms=1.646e+00, vort_rms=2.354e+00, mass_err=-7.393e-11
step= 32400, t=10.018109, dt=3.024e-04, KE=1.815005e-01, Mt=0.6256, A_K=0.107, Cuv=-0.131, P_in=1.662e-03, P_tgt=1.641e-03, A_F=0.087, K_low=0.179, P_drag=-5.846e-03, P_cool=-1.303e-02, WENO=0.082 (x=0.082, y=0.082), ReL2D=114.12, eps_nu=1.189e-02, P_hv=4.203e-05, rho_mean=1.000000, p_mean=0.740356, div_rms=1.614e+00, vort_rms=2.337e+00, mass_err=-7.486e-11
step= 32800, t=10.139065, dt=3.021e-04, KE=1.779646e-01, Mt=0.6170, A_K=0.116, Cuv=-0.132, P_in=1.441e-03, P_tgt=1.434e-03, A_F=0.086, K_low=0.178, P_drag=-5.745e-03, P_cool=-1.332e-02, WENO=0.082 (x=0.082, y=0.082), ReL2D=112.94, eps_nu=1.157e-02, P_hv=4.386e-05, rho_mean=1.000000, p_mean=0.740926, div_rms=1.576e+00, vort_rms=2.320e+00, mass_err=-7.579e-11
step= 33200, t=10.259978, dt=3.029e-04, KE=1.744727e-01, Mt=0.6080, A_K=0.125, Cuv=-0.134, P_in=1.324e-03, P_tgt=1.323e-03, A_F=0.147, K_low=0.176, P_drag=-5.645e-03, P_cool=-1.359e-02, WENO=0.078 (x=0.078, y=0.078), ReL2D=111.18, eps_nu=1.127e-02, P_hv=4.396e-05, rho_mean=1.000000, p_mean=0.741470, div_rms=1.549e+00, vort_rms=2.295e+00, mass_err=-7.672e-11
step= 33600, t=10.381792, dt=3.073e-04, KE=1.718382e-01, Mt=0.6006, A_K=0.132, Cuv=-0.140, P_in=1.288e-03, P_tgt=1.288e-03, A_F=0.250, K_low=0.174, P_drag=-5.559e-03, P_cool=-1.369e-02, WENO=0.075 (x=0.075, y=0.075), ReL2D=108.92, eps_nu=1.115e-02, P_hv=4.382e-05, rho_mean=1.000000, p_mean=0.741658, div_rms=1.555e+00, vort_rms=2.270e+00, mass_err=-7.765e-11
saved snapshot: results/hit2d/final_thesis_Mach_ReL130_N512/production_N512/Mt060_N512/hit2d_step0033600.npz
step= 34000, t=10.506011, dt=3.131e-04, KE=1.698656e-01, Mt=0.5956, A_K=0.136, Cuv=-0.153, P_in=1.306e-03, P_tgt=1.306e-03, A_F=0.149, K_low=0.174, P_drag=-5.507e-03, P_cool=-1.364e-02, WENO=0.076 (x=0.076, y=0.076), ReL2D=108.28, eps_nu=1.097e-02, P_hv=4.005e-05, rho_mean=1.000000, p_mean=0.741558, div_rms=1.544e+00, vort_rms=2.251e+00, mass_err=-7.857e-11
step= 34400, t=10.632408, dt=3.197e-04, KE=1.683252e-01, Mt=0.5931, A_K=0.138, Cuv=-0.170, P_in=1.350e-03, P_tgt=1.359e-03, A_F=0.043, K_low=0.178, P_drag=-5.502e-03, P_cool=-1.349e-02, WENO=0.079 (x=0.079, y=0.079), ReL2D=109.12, eps_nu=1.071e-02, P_hv=3.696e-05, rho_mean=1.000000, p_mean=0.741270, div_rms=1.514e+00, vort_rms=2.234e+00, mass_err=-7.950e-11
step= 34800, t=10.760656, dt=3.197e-04, KE=1.669982e-01, Mt=0.5919, A_K=0.134, Cuv=-0.189, P_in=1.419e-03, P_tgt=1.430e-03, A_F=0.113, K_low=0.183, P_drag=-5.529e-03, P_cool=-1.330e-02, WENO=0.083 (x=0.083, y=0.083), ReL2D=111.84, eps_nu=1.031e-02, P_hv=3.523e-05, rho_mean=1.000000, p_mean=0.740891, div_rms=1.463e+00, vort_rms=2.213e+00, mass_err=-8.043e-11
step= 35200, t=10.888195, dt=3.191e-04, KE=1.655359e-01, Mt=0.5901, A_K=0.129, Cuv=-0.205, P_in=1.523e-03, P_tgt=1.519e-03, A_F=0.093, K_low=0.188, P_drag=-5.564e-03, P_cool=-1.315e-02, WENO=0.085 (x=0.085, y=0.085), ReL2D=115.18, eps_nu=9.787e-03, P_hv=3.389e-05, rho_mean=1.000000, p_mean=0.740587, div_rms=1.383e+00, vort_rms=2.192e+00, mass_err=-8.136e-11
step= 35600, t=11.017079, dt=3.226e-04, KE=1.642300e-01, Mt=0.5867, A_K=0.137, Cuv=-0.204, P_in=1.740e-03, P_tgt=1.645e-03, A_F=0.057, K_low=0.191, P_drag=-5.583e-03, P_cool=-1.297e-02, WENO=0.093 (x=0.093, y=0.093), ReL2D=118.36, eps_nu=9.244e-03, P_hv=3.309e-05, rho_mean=1.000000, p_mean=0.740233, div_rms=1.305e+00, vort_rms=2.162e+00, mass_err=-8.228e-11
step= 36000, t=11.145289, dt=3.193e-04, KE=1.631883e-01, Mt=0.5825, A_K=0.138, Cuv=-0.209, P_in=1.818e-03, P_tgt=1.829e-03, A_F=0.154, K_low=0.190, P_drag=-5.589e-03, P_cool=-1.275e-02, WENO=0.094 (x=0.094, y=0.094), ReL2D=118.42, eps_nu=8.978e-03, P_hv=3.205e-05, rho_mean=1.000000, p_mean=0.739791, div_rms=1.285e+00, vort_rms=2.132e+00, mass_err=-8.320e-11
step= 36400, t=11.274122, dt=3.258e-04, KE=1.621034e-01, Mt=0.5772, A_K=0.144, Cuv=-0.214, P_in=2.107e-03, P_tgt=2.105e-03, A_F=0.006, K_low=0.187, P_drag=-5.575e-03, P_cool=-1.255e-02, WENO=0.095 (x=0.095, y=0.095), ReL2D=117.52, eps_nu=8.730e-03, P_hv=3.186e-05, rho_mean=1.000000, p_mean=0.739387, div_rms=1.262e+00, vort_rms=2.106e+00, mass_err=-8.414e-11
step= 36800, t=11.403348, dt=3.138e-04, KE=1.611828e-01, Mt=0.5721, A_K=0.158, Cuv=-0.219, P_in=2.526e-03, P_tgt=2.523e-03, A_F=0.019, K_low=0.184, P_drag=-5.562e-03, P_cool=-1.233e-02, WENO=0.100 (x=0.100, y=0.100), ReL2D=117.85, eps_nu=8.463e-03, P_hv=3.082e-05, rho_mean=1.000000, p_mean=0.738951, div_rms=1.227e+00, vort_rms=2.086e+00, mass_err=-8.507e-11
step= 37200, t=11.528139, dt=3.155e-04, KE=1.602144e-01, Mt=0.5679, A_K=0.178, Cuv=-0.215, P_in=3.132e-03, P_tgt=3.134e-03, A_F=0.084, K_low=0.183, P_drag=-5.583e-03, P_cool=-1.216e-02, WENO=0.106 (x=0.106, y=0.106), ReL2D=119.20, eps_nu=8.130e-03, P_hv=2.996e-05, rho_mean=1.000000, p_mean=0.738604, div_rms=1.170e+00, vort_rms=2.070e+00, mass_err=-8.600e-11
step= 37600, t=11.657099, dt=3.288e-04, KE=1.591165e-01, Mt=0.5651, A_K=0.199, Cuv=-0.197, P_in=4.000e-03, P_tgt=4.001e-03, A_F=0.081, K_low=0.186, P_drag=-5.665e-03, P_cool=-1.202e-02, WENO=0.109 (x=0.109, y=0.109), ReL2D=121.32, eps_nu=7.847e-03, P_hv=2.739e-05, rho_mean=1.000000, p_mean=0.738330, div_rms=1.121e+00, vort_rms=2.055e+00, mass_err=-8.693e-11
saved snapshot: results/hit2d/final_thesis_Mach_ReL130_N512/production_N512/Mt060_N512/hit2d_step0037800.npz
warning: flow component anisotropy has increased over the last three diagnostic samples
step= 38000, t=11.788736, dt=3.298e-04, KE=1.583085e-01, Mt=0.5643, A_K=0.212, Cuv=-0.170, P_in=5.223e-03, P_tgt=5.186e-03, A_F=0.080, K_low=0.193, P_drag=-5.813e-03, P_cool=-1.184e-02, WENO=0.110 (x=0.110, y=0.110), ReL2D=123.65, eps_nu=7.656e-03, P_hv=2.640e-05, rho_mean=1.000000, p_mean=0.737974, div_rms=1.100e+00, vort_rms=2.034e+00, mass_err=-8.787e-11
warning: flow component anisotropy has increased over the last three diagnostic samples
step= 38400, t=11.922072, dt=3.374e-04, KE=1.583817e-01, Mt=0.5659, A_K=0.221, Cuv=-0.145, P_in=6.676e-03, P_tgt=6.701e-03, A_F=0.099, K_low=0.201, P_drag=-6.001e-03, P_cool=-1.152e-02, WENO=0.107 (x=0.107, y=0.107), ReL2D=124.93, eps_nu=7.641e-03, P_hv=2.676e-05, rho_mean=1.000000, p_mean=0.737322, div_rms=1.131e+00, vort_rms=2.009e+00, mass_err=-8.880e-11
warning: flow component anisotropy has increased over the last three diagnostic samples
step= 38800, t=12.058615, dt=3.439e-04, KE=1.585124e-01, Mt=0.5682, A_K=0.234, Cuv=-0.124, P_in=8.472e-03, P_tgt=8.507e-03, A_F=0.082, K_low=0.209, P_drag=-6.189e-03, P_cool=-1.122e-02, WENO=0.104 (x=0.104, y=0.104), ReL2D=125.07, eps_nu=7.749e-03, P_hv=2.601e-05, rho_mean=1.000000, p_mean=0.736725, div_rms=1.192e+00, vort_rms=1.982e+00, mass_err=-8.973e-11
warning: flow component anisotropy has increased over the last three diagnostic samples
step= 39200, t=12.195480, dt=3.412e-04, KE=1.582252e-01, Mt=0.5698, A_K=0.247, Cuv=-0.113, P_in=1.064e-02, P_tgt=1.064e-02, A_F=0.019, K_low=0.216, P_drag=-6.342e-03, P_cool=-1.106e-02, WENO=0.106 (x=0.106, y=0.106), ReL2D=125.99, eps_nu=7.706e-03, P_hv=2.548e-05, rho_mean=1.000000, p_mean=0.736406, div_rms=1.211e+00, vort_rms=1.958e+00, mass_err=-9.066e-11
warning: flow component anisotropy has increased over the last three diagnostic samples
step= 39600, t=12.332112, dt=3.417e-04, KE=1.584553e-01, Mt=0.5722, A_K=0.250, Cuv=-0.111, P_in=1.316e-02, P_tgt=1.310e-02, A_F=0.010, K_low=0.219, P_drag=-6.428e-03, P_cool=-1.086e-02, WENO=0.098 (x=0.098, y=0.098), ReL2D=125.29, eps_nu=7.758e-03, P_hv=2.463e-05, rho_mean=1.000000, p_mean=0.736015, div_rms=1.243e+00, vort_rms=1.941e+00, mass_err=-9.158e-11
step= 40000, t=12.468161, dt=3.380e-04, KE=1.581794e-01, Mt=0.5731, A_K=0.243, Cuv=-0.121, P_in=1.589e-02, P_tgt=1.590e-02, A_F=0.101, K_low=0.219, P_drag=-6.431e-03, P_cool=-1.084e-02, WENO=0.096 (x=0.096, y=0.096), ReL2D=123.78, eps_nu=7.741e-03, P_hv=2.423e-05, rho_mean=1.000000, p_mean=0.735973, div_rms=1.252e+00, vort_rms=1.931e+00, mass_err=-9.251e-11
step= 40400, t=12.601305, dt=3.272e-04, KE=1.570168e-01, Mt=0.5710, A_K=0.223, Cuv=-0.130, P_in=1.931e-02, P_tgt=1.939e-02, A_F=0.075, K_low=0.218, P_drag=-6.377e-03, P_cool=-1.108e-02, WENO=0.091 (x=0.091, y=0.091), ReL2D=123.26, eps_nu=7.564e-03, P_hv=2.387e-05, rho_mean=1.000000, p_mean=0.736445, div_rms=1.226e+00, vort_rms=1.918e+00, mass_err=-9.345e-11
step= 40800, t=12.730749, dt=3.205e-04, KE=1.561984e-01, Mt=0.5683, A_K=0.189, Cuv=-0.125, P_in=2.424e-02, P_tgt=2.415e-02, A_F=0.082, K_low=0.215, P_drag=-6.294e-03, P_cool=-1.135e-02, WENO=0.088 (x=0.088, y=0.088), ReL2D=121.94, eps_nu=7.391e-03, P_hv=2.418e-05, rho_mean=1.000000, p_mean=0.736979, div_rms=1.203e+00, vort_rms=1.903e+00, mass_err=-9.439e-11
step= 41200, t=12.858409, dt=3.182e-04, KE=1.561398e-01, Mt=0.5669, A_K=0.149, Cuv=-0.110, P_in=3.052e-02, P_tgt=3.058e-02, A_F=0.107, K_low=0.211, P_drag=-6.217e-03, P_cool=-1.160e-02, WENO=0.087 (x=0.087, y=0.087), ReL2D=121.74, eps_nu=7.264e-03, P_hv=2.483e-05, rho_mean=1.000000, p_mean=0.737483, div_rms=1.175e+00, vort_rms=1.902e+00, mass_err=-9.531e-11
step= 41600, t=12.985720, dt=3.188e-04, KE=1.574194e-01, Mt=0.5682, A_K=0.105, Cuv=-0.088, P_in=3.896e-02, P_tgt=3.881e-02, A_F=0.078, K_low=0.206, P_drag=-6.173e-03, P_cool=-1.177e-02, WENO=0.086 (x=0.086, y=0.086), ReL2D=122.69, eps_nu=7.186e-03, P_hv=2.497e-05, rho_mean=1.000000, p_mean=0.737818, div_rms=1.140e+00, vort_rms=1.915e+00, mass_err=-9.624e-11
step= 42000, t=13.113864, dt=3.225e-04, KE=1.611680e-01, Mt=0.5744, A_K=0.060, Cuv=-0.064, P_in=4.782e-02, P_tgt=4.785e-02, A_F=0.146, K_low=0.199, P_drag=-6.179e-03, P_cool=-1.167e-02, WENO=0.087 (x=0.087, y=0.087), ReL2D=124.28, eps_nu=7.320e-03, P_hv=2.449e-05, rho_mean=1.000000, p_mean=0.737618, div_rms=1.133e+00, vort_rms=1.947e+00, mass_err=-9.717e-11
saved snapshot: results/hit2d/final_thesis_Mach_ReL130_N512/production_N512/Mt060_N512/hit2d_step0042000.npz
step= 42400, t=13.244293, dt=3.297e-04, KE=1.667728e-01, Mt=0.5845, A_K=0.027, Cuv=-0.042, P_in=5.544e-02, P_tgt=5.538e-02, A_F=0.301, K_low=0.193, P_drag=-6.256e-03, P_cool=-1.143e-02, WENO=0.091 (x=0.091, y=0.091), ReL2D=126.75, eps_nu=7.614e-03, P_hv=2.356e-05, rho_mean=1.000000, p_mean=0.737152, div_rms=1.137e+00, vort_rms=1.999e+00, mass_err=-9.811e-11
step= 42800, t=13.376701, dt=3.311e-04, KE=1.728040e-01, Mt=0.5954, A_K=0.009, Cuv=-0.025, P_in=5.926e-02, P_tgt=5.932e-02, A_F=0.372, K_low=0.190, P_drag=-6.420e-03, P_cool=-1.129e-02, WENO=0.101 (x=0.101, y=0.101), ReL2D=129.20, eps_nu=7.975e-03, P_hv=2.312e-05, rho_mean=1.000000, p_mean=0.736857, div_rms=1.140e+00, vort_rms=2.063e+00, mass_err=-9.904e-11
step= 43200, t=13.507092, dt=3.215e-04, KE=1.781596e-01, Mt=0.6050, A_K=0.008, Cuv=-0.005, P_in=5.920e-02, P_tgt=5.917e-02, A_F=0.103, K_low=0.192, P_drag=-6.670e-03, P_cool=-1.130e-02, WENO=0.106 (x=0.106, y=0.106), ReL2D=129.89, eps_nu=8.465e-03, P_hv=2.388e-05, rho_mean=1.000000, p_mean=0.736890, div_rms=1.181e+00, vort_rms=2.122e+00, mass_err=-9.999e-11
step= 43600, t=13.633500, dt=3.111e-04, KE=1.820401e-01, Mt=0.6119, A_K=0.016, Cuv=0.006, P_in=5.596e-02, P_tgt=5.595e-02, A_F=0.025, K_low=0.199, P_drag=-6.995e-03, P_cool=-1.153e-02, WENO=0.113 (x=0.113, y=0.113), ReL2D=129.48, eps_nu=8.897e-03, P_hv=2.526e-05, rho_mean=1.000000, p_mean=0.737338, div_rms=1.217e+00, vort_rms=2.170e+00, mass_err=-1.009e-10
step= 44000, t=13.756833, dt=3.057e-04, KE=1.846634e-01, Mt=0.6182, A_K=0.017, Cuv=0.013, P_in=5.085e-02, P_tgt=5.078e-02, A_F=0.074, K_low=0.209, P_drag=-7.345e-03, P_cool=-1.186e-02, WENO=0.110 (x=0.110, y=0.110), ReL2D=127.50, eps_nu=9.474e-03, P_hv=2.738e-05, rho_mean=1.000000, p_mean=0.738002, div_rms=1.273e+00, vort_rms=2.226e+00, mass_err=-1.019e-10
step= 44400, t=13.879061, dt=3.066e-04, KE=1.862745e-01, Mt=0.6231, A_K=0.008, Cuv=0.010, P_in=4.448e-02, P_tgt=4.452e-02, A_F=0.046, K_low=0.218, P_drag=-7.682e-03, P_cool=-1.223e-02, WENO=0.110 (x=0.110, y=0.110), ReL2D=126.35, eps_nu=9.961e-03, P_hv=2.958e-05, rho_mean=1.000000, p_mean=0.738743, div_rms=1.326e+00, vort_rms=2.267e+00, mass_err=-1.028e-10
step= 44800, t=14.002562, dt=3.110e-04, KE=1.873710e-01, Mt=0.6272, A_K=0.007, Cuv=-0.004, P_in=3.805e-02, P_tgt=3.801e-02, A_F=0.074, K_low=0.227, P_drag=-7.987e-03, P_cool=-1.254e-02, WENO=0.113 (x=0.113, y=0.113), ReL2D=125.74, eps_nu=1.035e-02, P_hv=3.072e-05, rho_mean=1.000000, p_mean=0.739356, div_rms=1.371e+00, vort_rms=2.295e+00, mass_err=-1.037e-10
step= 45200, t=14.127523, dt=3.150e-04, KE=1.883582e-01, Mt=0.6306, A_K=0.026, Cuv=-0.028, P_in=3.182e-02, P_tgt=3.176e-02, A_F=0.188, K_low=0.233, P_drag=-8.211e-03, P_cool=-1.270e-02, WENO=0.114 (x=0.114, y=0.114), ReL2D=124.57, eps_nu=1.077e-02, P_hv=3.153e-05, rho_mean=1.000000, p_mean=0.739678, div_rms=1.433e+00, vort_rms=2.313e+00, mass_err=-1.047e-10
step= 45600, t=14.254906, dt=3.225e-04, KE=1.894130e-01, Mt=0.6333, A_K=0.042, Cuv=-0.055, P_in=2.609e-02, P_tgt=2.606e-02, A_F=0.126, K_low=0.237, P_drag=-8.350e-03, P_cool=-1.269e-02, WENO=0.110 (x=0.110, y=0.110), ReL2D=121.94, eps_nu=1.119e-02, P_hv=3.185e-05, rho_mean=1.000000, p_mean=0.739664, div_rms=1.501e+00, vort_rms=2.325e+00, mass_err=-1.056e-10
step= 46000, t=14.384177, dt=3.211e-04, KE=1.899120e-01, Mt=0.6348, A_K=0.057, Cuv=-0.085, P_in=2.108e-02, P_tgt=2.113e-02, A_F=0.173, K_low=0.240, P_drag=-8.418e-03, P_cool=-1.266e-02, WENO=0.101 (x=0.101, y=0.101), ReL2D=118.04, eps_nu=1.162e-02, P_hv=3.279e-05, rho_mean=1.000000, p_mean=0.739596, div_rms=1.570e+00, vort_rms=2.333e+00, mass_err=-1.065e-10
saved snapshot: results/hit2d/final_thesis_Mach_ReL130_N512/production_N512/Mt060_N512/hit2d_step0046200.npz
step= 46400, t=14.511503, dt=3.131e-04, KE=1.898539e-01, Mt=0.6352, A_K=0.073, Cuv=-0.120, P_in=1.705e-02, P_tgt=1.705e-02, A_F=0.251, K_low=0.242, P_drag=-8.461e-03, P_cool=-1.262e-02, WENO=0.097 (x=0.097, y=0.097), ReL2D=117.50, eps_nu=1.164e-02, P_hv=3.415e-05, rho_mean=1.000000, p_mean=0.739521, div_rms=1.571e+00, vort_rms=2.335e+00, mass_err=-1.074e-10
step= 46800, t=14.634130, dt=3.025e-04, KE=1.901554e-01, Mt=0.6361, A_K=0.086, Cuv=-0.144, P_in=1.377e-02, P_tgt=1.371e-02, A_F=0.161, K_low=0.244, P_drag=-8.510e-03, P_cool=-1.242e-02, WENO=0.099 (x=0.099, y=0.099), ReL2D=119.53, eps_nu=1.152e-02, P_hv=3.431e-05, rho_mean=1.000000, p_mean=0.739130, div_rms=1.548e+00, vort_rms=2.337e+00, mass_err=-1.083e-10
step= 47200, t=14.754321, dt=2.978e-04, KE=1.903598e-01, Mt=0.6364, A_K=0.092, Cuv=-0.160, P_in=1.090e-02, P_tgt=1.098e-02, A_F=0.079, K_low=0.246, P_drag=-8.596e-03, P_cool=-1.218e-02, WENO=0.104 (x=0.104, y=0.104), ReL2D=119.97, eps_nu=1.160e-02, P_hv=3.542e-05, rho_mean=1.000000, p_mean=0.738638, div_rms=1.551e+00, vort_rms=2.348e+00, mass_err=-1.093e-10
step= 47600, t=14.872812, dt=2.957e-04, KE=1.898585e-01, Mt=0.6349, A_K=0.096, Cuv=-0.181, P_in=8.818e-03, P_tgt=8.823e-03, A_F=0.001, K_low=0.249, P_drag=-8.732e-03, P_cool=-1.202e-02, WENO=0.103 (x=0.103, y=0.103), ReL2D=119.86, eps_nu=1.158e-02, P_hv=3.651e-05, rho_mean=1.000000, p_mean=0.738316, div_rms=1.528e+00, vort_rms=2.363e+00, mass_err=-1.102e-10
step= 48000, t=14.991840, dt=3.005e-04, KE=1.886950e-01, Mt=0.6314, A_K=0.096, Cuv=-0.206, P_in=7.207e-03, P_tgt=7.188e-03, A_F=0.003, K_low=0.255, P_drag=-8.908e-03, P_cool=-1.194e-02, WENO=0.104 (x=0.104, y=0.104), ReL2D=119.34, eps_nu=1.142e-02, P_hv=3.920e-05, rho_mean=1.000000, p_mean=0.738162, div_rms=1.497e+00, vort_rms=2.365e+00, mass_err=-1.111e-10
step= 48400, t=15.112618, dt=3.004e-04, KE=1.873006e-01, Mt=0.6263, A_K=0.093, Cuv=-0.226, P_in=6.020e-03, P_tgt=6.005e-03, A_F=0.126, K_low=0.261, P_drag=-9.096e-03, P_cool=-1.187e-02, WENO=0.104 (x=0.104, y=0.104), ReL2D=118.35, eps_nu=1.125e-02, P_hv=4.126e-05, rho_mean=1.000000, p_mean=0.738016, div_rms=1.482e+00, vort_rms=2.350e+00, mass_err=-1.121e-10
step= 48800, t=15.232965, dt=3.022e-04, KE=1.853766e-01, Mt=0.6208, A_K=0.086, Cuv=-0.237, P_in=5.163e-03, P_tgt=5.180e-03, A_F=0.111, K_low=0.266, P_drag=-9.258e-03, P_cool=-1.187e-02, WENO=0.111 (x=0.111, y=0.111), ReL2D=118.15, eps_nu=1.091e-02, P_hv=4.096e-05, rho_mean=1.000000, p_mean=0.738028, div_rms=1.430e+00, vort_rms=2.338e+00, mass_err=-1.130e-10
step= 49200, t=15.354232, dt=3.039e-04, KE=1.834113e-01, Mt=0.6160, A_K=0.081, Cuv=-0.238, P_in=4.692e-03, P_tgt=4.610e-03, A_F=0.031, K_low=0.269, P_drag=-9.351e-03, P_cool=-1.186e-02, WENO=0.118 (x=0.118, y=0.118), ReL2D=117.98, eps_nu=1.065e-02, P_hv=3.860e-05, rho_mean=1.000000, p_mean=0.738008, div_rms=1.388e+00, vort_rms=2.332e+00, mass_err=-1.140e-10
step= 49600, t=15.475552, dt=3.045e-04, KE=1.816557e-01, Mt=0.6115, A_K=0.079, Cuv=-0.237, P_in=4.277e-03, P_tgt=4.218e-03, A_F=0.208, K_low=0.268, P_drag=-9.343e-03, P_cool=-1.180e-02, WENO=0.122 (x=0.122, y=0.122), ReL2D=117.18, eps_nu=1.050e-02, P_hv=4.240e-05, rho_mean=1.000000, p_mean=0.737888, div_rms=1.383e+00, vort_rms=2.311e+00, mass_err=-1.149e-10
step= 50000, t=15.598449, dt=3.045e-04, KE=1.788945e-01, Mt=0.6060, A_K=0.076, Cuv=-0.231, P_in=4.006e-03, P_tgt=3.979e-03, A_F=0.041, K_low=0.266, P_drag=-9.244e-03, P_cool=-1.194e-02, WENO=0.119 (x=0.119, y=0.119), ReL2D=114.86, eps_nu=1.039e-02, P_hv=4.467e-05, rho_mean=1.000000, p_mean=0.738162, div_rms=1.389e+00, vort_rms=2.288e+00, mass_err=-1.158e-10
step= 50400, t=15.718588, dt=2.988e-04, KE=1.753995e-01, Mt=0.5995, A_K=0.085, Cuv=-0.230, P_in=3.941e-03, P_tgt=3.907e-03, A_F=0.112, K_low=0.264, P_drag=-9.095e-03, P_cool=-1.223e-02, WENO=0.114 (x=0.114, y=0.114), ReL2D=112.38, eps_nu=1.018e-02, P_hv=4.617e-05, rho_mean=1.000000, p_mean=0.738739, div_rms=1.386e+00, vort_rms=2.256e+00, mass_err=-1.167e-10
saved snapshot: results/hit2d/final_thesis_Mach_ReL130_N512/production_N512/Mt060_N512/hit2d_step0050400.npz
step= 50800, t=15.838511, dt=3.003e-04, KE=1.722603e-01, Mt=0.5938, A_K=0.094, Cuv=-0.224, P_in=4.011e-03, P_tgt=3.998e-03, A_F=0.165, K_low=0.260, P_drag=-8.922e-03, P_cool=-1.244e-02, WENO=0.116 (x=0.116, y=0.116), ReL2D=110.52, eps_nu=1.005e-02, P_hv=4.637e-05, rho_mean=1.000000, p_mean=0.739171, div_rms=1.396e+00, vort_rms=2.225e+00, mass_err=-1.177e-10
step= 51200, t=15.958580, dt=2.999e-04, KE=1.695999e-01, Mt=0.5890, A_K=0.096, Cuv=-0.212, P_in=4.256e-03, P_tgt=4.241e-03, A_F=0.317, K_low=0.257, P_drag=-8.763e-03, P_cool=-1.257e-02, WENO=0.114 (x=0.114, y=0.114), ReL2D=108.47, eps_nu=9.994e-03, P_hv=4.473e-05, rho_mean=1.000000, p_mean=0.739420, div_rms=1.413e+00, vort_rms=2.202e+00, mass_err=-1.186e-10
step= 51600, t=16.078311, dt=2.994e-04, KE=1.670841e-01, Mt=0.5849, A_K=0.091, Cuv=-0.195, P_in=4.639e-03, P_tgt=4.644e-03, A_F=0.415, K_low=0.258, P_drag=-8.664e-03, P_cool=-1.267e-02, WENO=0.118 (x=0.118, y=0.118), ReL2D=107.60, eps_nu=9.868e-03, P_hv=4.405e-05, rho_mean=1.000000, p_mean=0.739632, div_rms=1.410e+00, vort_rms=2.183e+00, mass_err=-1.195e-10
step= 52000, t=16.198633, dt=3.017e-04, KE=1.652418e-01, Mt=0.5824, A_K=0.086, Cuv=-0.169, P_in=5.195e-03, P_tgt=5.207e-03, A_F=0.259, K_low=0.262, P_drag=-8.660e-03, P_cool=-1.266e-02, WENO=0.119 (x=0.119, y=0.119), ReL2D=107.24, eps_nu=9.829e-03, P_hv=4.295e-05, rho_mean=1.000000, p_mean=0.739597, div_rms=1.426e+00, vort_rms=2.162e+00, mass_err=-1.204e-10
step= 52400, t=16.319614, dt=3.031e-04, KE=1.640456e-01, Mt=0.5810, A_K=0.087, Cuv=-0.141, P_in=5.952e-03, P_tgt=5.918e-03, A_F=0.376, K_low=0.269, P_drag=-8.753e-03, P_cool=-1.252e-02, WENO=0.113 (x=0.113, y=0.113), ReL2D=106.98, eps_nu=9.778e-03, P_hv=4.284e-05, rho_mean=1.000000, p_mean=0.739331, div_rms=1.446e+00, vort_rms=2.135e+00, mass_err=-1.214e-10
step= 52800, t=16.440889, dt=3.038e-04, KE=1.633813e-01, Mt=0.5805, A_K=0.093, Cuv=-0.116, P_in=6.797e-03, P_tgt=6.775e-03, A_F=0.218, K_low=0.279, P_drag=-8.909e-03, P_cool=-1.230e-02, WENO=0.117 (x=0.117, y=0.117), ReL2D=107.18, eps_nu=9.690e-03, P_hv=4.112e-05, rho_mean=1.000000, p_mean=0.738882, div_rms=1.457e+00, vort_rms=2.109e+00, mass_err=-1.223e-10
step= 53200, t=16.562794, dt=3.055e-04, KE=1.628010e-01, Mt=0.5800, A_K=0.103, Cuv=-0.097, P_in=7.778e-03, P_tgt=7.780e-03, A_F=0.119, K_low=0.288, P_drag=-9.082e-03, P_cool=-1.207e-02, WENO=0.115 (x=0.115, y=0.115), ReL2D=108.91, eps_nu=9.452e-03, P_hv=3.846e-05, rho_mean=1.000000, p_mean=0.738432, div_rms=1.438e+00, vort_rms=2.084e+00, mass_err=-1.232e-10
step= 53600, t=16.685949, dt=3.098e-04, KE=1.623950e-01, Mt=0.5796, A_K=0.109, Cuv=-0.083, P_in=8.942e-03, P_tgt=8.963e-03, A_F=0.061, K_low=0.296, P_drag=-9.243e-03, P_cool=-1.184e-02, WENO=0.112 (x=0.112, y=0.112), ReL2D=111.31, eps_nu=9.162e-03, P_hv=3.769e-05, rho_mean=1.000000, p_mean=0.737957, div_rms=1.413e+00, vort_rms=2.055e+00, mass_err=-1.242e-10
step= 54000, t=16.810451, dt=3.119e-04, KE=1.621050e-01, Mt=0.5790, A_K=0.108, Cuv=-0.071, P_in=1.040e-02, P_tgt=1.037e-02, A_F=0.047, K_low=0.301, P_drag=-9.381e-03, P_cool=-1.160e-02, WENO=0.113 (x=0.113, y=0.113), ReL2D=113.59, eps_nu=8.898e-03, P_hv=3.523e-05, rho_mean=1.000000, p_mean=0.737494, div_rms=1.383e+00, vort_rms=2.033e+00, mass_err=-1.251e-10
step= 54400, t=16.935881, dt=3.169e-04, KE=1.619242e-01, Mt=0.5786, A_K=0.106, Cuv=-0.062, P_in=1.204e-02, P_tgt=1.203e-02, A_F=0.077, K_low=0.306, P_drag=-9.503e-03, P_cool=-1.139e-02, WENO=0.112 (x=0.112, y=0.112), ReL2D=114.76, eps_nu=8.691e-03, P_hv=3.315e-05, rho_mean=1.000000, p_mean=0.737058, div_rms=1.355e+00, vort_rms=2.020e+00, mass_err=-1.260e-10
saved snapshot: results/hit2d/final_thesis_Mach_ReL130_N512/production_N512/Mt060_N512/hit2d_step0054600.npz
step= 54800, t=17.064768, dt=3.277e-04, KE=1.617395e-01, Mt=0.5785, A_K=0.103, Cuv=-0.054, P_in=1.404e-02, P_tgt=1.400e-02, A_F=0.064, K_low=0.309, P_drag=-9.618e-03, P_cool=-1.121e-02, WENO=0.113 (x=0.113, y=0.113), ReL2D=116.48, eps_nu=8.478e-03, P_hv=3.264e-05, rho_mean=1.000000, p_mean=0.736705, div_rms=1.325e+00, vort_rms=2.007e+00, mass_err=-1.270e-10
step= 55200, t=17.195921, dt=3.252e-04, KE=1.614799e-01, Mt=0.5787, A_K=0.093, Cuv=-0.037, P_in=1.620e-02, P_tgt=1.629e-02, A_F=0.005, K_low=0.313, P_drag=-9.707e-03, P_cool=-1.110e-02, WENO=0.114 (x=0.114, y=0.114), ReL2D=119.28, eps_nu=8.281e-03, P_hv=3.048e-05, rho_mean=1.000000, p_mean=0.736490, div_rms=1.295e+00, vort_rms=1.997e+00, mass_err=-1.279e-10
step= 55600, t=17.326260, dt=3.270e-04, KE=1.616122e-01, Mt=0.5794, A_K=0.077, Cuv=-0.014, P_in=1.890e-02, P_tgt=1.888e-02, A_F=0.088, K_low=0.313, P_drag=-9.723e-03, P_cool=-1.099e-02, WENO=0.116 (x=0.116, y=0.116), ReL2D=121.70, eps_nu=8.173e-03, P_hv=2.865e-05, rho_mean=1.000000, p_mean=0.736258, div_rms=1.277e+00, vort_rms=1.992e+00, mass_err=-1.288e-10
step= 56000, t=17.457565, dt=3.285e-04, KE=1.621076e-01, Mt=0.5797, A_K=0.062, Cuv=0.004, P_in=2.179e-02, P_tgt=2.177e-02, A_F=0.021, K_low=0.308, P_drag=-9.644e-03, P_cool=-1.088e-02, WENO=0.115 (x=0.115, y=0.115), ReL2D=121.34, eps_nu=8.181e-03, P_hv=2.775e-05, rho_mean=1.000000, p_mean=0.736038, div_rms=1.284e+00, vort_rms=1.987e+00, mass_err=-1.298e-10
step= 56400, t=17.589044, dt=3.294e-04, KE=1.625621e-01, Mt=0.5789, A_K=0.041, Cuv=0.022, P_in=2.516e-02, P_tgt=2.517e-02, A_F=0.017, K_low=0.298, P_drag=-9.466e-03, P_cool=-1.086e-02, WENO=0.117 (x=0.117, y=0.117), ReL2D=120.88, eps_nu=8.142e-03, P_hv=2.689e-05, rho_mean=1.000000, p_mean=0.736013, div_rms=1.280e+00, vort_rms=1.983e+00, mass_err=-1.307e-10
step= 56800, t=17.720983, dt=3.303e-04, KE=1.635180e-01, Mt=0.5789, A_K=0.024, Cuv=0.042, P_in=2.918e-02, P_tgt=2.924e-02, A_F=0.093, K_low=0.286, P_drag=-9.234e-03, P_cool=-1.086e-02, WENO=0.108 (x=0.108, y=0.108), ReL2D=119.95, eps_nu=8.265e-03, P_hv=2.651e-05, rho_mean=1.000000, p_mean=0.735997, div_rms=1.296e+00, vort_rms=1.993e+00, mass_err=-1.316e-10
step= 57200, t=17.852326, dt=3.272e-04, KE=1.649200e-01, Mt=0.5807, A_K=0.019, Cuv=0.056, P_in=3.376e-02, P_tgt=3.372e-02, A_F=0.165, K_low=0.274, P_drag=-8.983e-03, P_cool=-1.088e-02, WENO=0.107 (x=0.107, y=0.107), ReL2D=119.65, eps_nu=8.423e-03, P_hv=2.703e-05, rho_mean=1.000000, p_mean=0.736042, div_rms=1.307e+00, vort_rms=2.012e+00, mass_err=-1.326e-10
step= 57600, t=17.985115, dt=3.354e-04, KE=1.666110e-01, Mt=0.5837, A_K=0.010, Cuv=0.060, P_in=3.774e-02, P_tgt=3.822e-02, A_F=0.233, K_low=0.262, P_drag=-8.722e-03, P_cool=-1.097e-02, WENO=0.107 (x=0.107, y=0.107), ReL2D=121.06, eps_nu=8.520e-03, P_hv=2.660e-05, rho_mean=1.000000, p_mean=0.736230, div_rms=1.301e+00, vort_rms=2.035e+00, mass_err=-1.335e-10
step= 58000, t=18.117708, dt=3.270e-04, KE=1.689279e-01, Mt=0.5881, A_K=0.005, Cuv=0.057, P_in=4.232e-02, P_tgt=4.216e-02, A_F=0.169, K_low=0.250, P_drag=-8.412e-03, P_cool=-1.106e-02, WENO=0.105 (x=0.105, y=0.105), ReL2D=122.49, eps_nu=8.676e-03, P_hv=2.724e-05, rho_mean=1.000000, p_mean=0.736402, div_rms=1.303e+00, vort_rms=2.063e+00, mass_err=-1.344e-10
step= 58400, t=18.247346, dt=3.228e-04, KE=1.715336e-01, Mt=0.5940, A_K=0.010, Cuv=0.066, P_in=4.489e-02, P_tgt=4.485e-02, A_F=0.103, K_low=0.238, P_drag=-8.035e-03, P_cool=-1.117e-02, WENO=0.110 (x=0.110, y=0.110), ReL2D=123.08, eps_nu=8.967e-03, P_hv=2.767e-05, rho_mean=1.000000, p_mean=0.736622, div_rms=1.327e+00, vort_rms=2.095e+00, mass_err=-1.353e-10
step= 58800, t=18.376004, dt=3.193e-04, KE=1.735096e-01, Mt=0.5991, A_K=0.029, Cuv=0.071, P_in=4.578e-02, P_tgt=4.587e-02, A_F=0.167, K_low=0.226, P_drag=-7.643e-03, P_cool=-1.145e-02, WENO=0.112 (x=0.112, y=0.112), ReL2D=121.79, eps_nu=9.398e-03, P_hv=2.762e-05, rho_mean=1.000000, p_mean=0.737191, div_rms=1.374e+00, vort_rms=2.131e+00, mass_err=-1.363e-10
saved snapshot: results/hit2d/final_thesis_Mach_ReL130_N512/production_N512/Mt060_N512/hit2d_step0058800.npz
step= 59200, t=18.501075, dt=3.078e-04, KE=1.745920e-01, Mt=0.6023, A_K=0.039, Cuv=0.065, P_in=4.577e-02, P_tgt=4.562e-02, A_F=0.029, K_low=0.216, P_drag=-7.296e-03, P_cool=-1.190e-02, WENO=0.112 (x=0.112, y=0.112), ReL2D=120.28, eps_nu=9.799e-03, P_hv=3.081e-05, rho_mean=1.000000, p_mean=0.738094, div_rms=1.416e+00, vort_rms=2.165e+00, mass_err=-1.372e-10
step= 59600, t=18.625047, dt=3.154e-04, KE=1.756319e-01, Mt=0.6049, A_K=0.045, Cuv=0.064, P_in=4.448e-02, P_tgt=4.455e-02, A_F=0.027, K_low=0.207, P_drag=-7.000e-03, P_cool=-1.234e-02, WENO=0.115 (x=0.115, y=0.115), ReL2D=118.85, eps_nu=1.014e-02, P_hv=3.196e-05, rho_mean=1.000000, p_mean=0.738966, div_rms=1.450e+00, vort_rms=2.194e+00, mass_err=-1.382e-10
step= 60000, t=18.751562, dt=3.146e-04, KE=1.769482e-01, Mt=0.6085, A_K=0.048, Cuv=0.070, P_in=4.272e-02, P_tgt=4.262e-02, A_F=0.072, K_low=0.198, P_drag=-6.797e-03, P_cool=-1.269e-02, WENO=0.116 (x=0.116, y=0.116), ReL2D=118.35, eps_nu=1.043e-02, P_hv=3.222e-05, rho_mean=1.000000, p_mean=0.739674, div_rms=1.478e+00, vort_rms=2.219e+00, mass_err=-1.391e-10
step= 60400, t=18.875768, dt=3.077e-04, KE=1.784094e-01, Mt=0.6116, A_K=0.042, Cuv=0.076, P_in=3.992e-02, P_tgt=3.991e-02, A_F=0.198, K_low=0.192, P_drag=-6.700e-03, P_cool=-1.295e-02, WENO=0.119 (x=0.119, y=0.119), ReL2D=116.03, eps_nu=1.093e-02, P_hv=3.295e-05, rho_mean=1.000000, p_mean=0.740177, div_rms=1.553e+00, vort_rms=2.235e+00, mass_err=-1.400e-10
step= 60800, t=18.998600, dt=3.061e-04, KE=1.802378e-01, Mt=0.6151, A_K=0.029, Cuv=0.080, P_in=3.675e-02, P_tgt=3.663e-02, A_F=0.001, K_low=0.186, P_drag=-6.673e-03, P_cool=-1.304e-02, WENO=0.118 (x=0.118, y=0.118), ReL2D=114.61, eps_nu=1.129e-02, P_hv=3.609e-05, rho_mean=1.000000, p_mean=0.740364, div_rms=1.599e+00, vort_rms=2.253e+00, mass_err=-1.410e-10
step= 61200, t=19.119974, dt=3.022e-04, KE=1.828361e-01, Mt=0.6196, A_K=0.010, Cuv=0.076, P_in=3.277e-02, P_tgt=3.279e-02, A_F=0.202, K_low=0.183, P_drag=-6.730e-03, P_cool=-1.289e-02, WENO=0.119 (x=0.119, y=0.119), ReL2D=112.96, eps_nu=1.176e-02, P_hv=3.789e-05, rho_mean=1.000000, p_mean=0.740061, div_rms=1.654e+00, vort_rms=2.278e+00, mass_err=-1.419e-10
step= 61600, t=19.240611, dt=3.008e-04, KE=1.856720e-01, Mt=0.6240, A_K=0.013, Cuv=0.065, P_in=2.864e-02, P_tgt=2.855e-02, A_F=0.155, K_low=0.183, P_drag=-6.859e-03, P_cool=-1.259e-02, WENO=0.119 (x=0.119, y=0.119), ReL2D=110.06, eps_nu=1.235e-02, P_hv=3.968e-05, rho_mean=1.000000, p_mean=0.739471, div_rms=1.735e+00, vort_rms=2.294e+00, mass_err=-1.428e-10
step= 62000, t=19.360762, dt=3.000e-04, KE=1.875633e-01, Mt=0.6262, A_K=0.023, Cuv=0.042, P_in=2.439e-02, P_tgt=2.437e-02, A_F=0.002, K_low=0.186, P_drag=-7.015e-03, P_cool=-1.239e-02, WENO=0.121 (x=0.121, y=0.121), ReL2D=110.10, eps_nu=1.248e-02, P_hv=3.934e-05, rho_mean=1.000000, p_mean=0.739073, div_rms=1.748e+00, vort_rms=2.303e+00, mass_err=-1.437e-10
step= 62400, t=19.480815, dt=2.988e-04, KE=1.878415e-01, Mt=0.6257, A_K=0.023, Cuv=0.010, P_in=2.071e-02, P_tgt=2.069e-02, A_F=0.023, K_low=0.193, P_drag=-7.173e-03, P_cool=-1.242e-02, WENO=0.123 (x=0.123, y=0.123), ReL2D=110.70, eps_nu=1.240e-02, P_hv=4.159e-05, rho_mean=1.000000, p_mean=0.739130, div_rms=1.732e+00, vort_rms=2.306e+00, mass_err=-1.447e-10
step= 62800, t=19.599830, dt=2.958e-04, KE=1.866029e-01, Mt=0.6227, A_K=0.022, Cuv=-0.019, P_in=1.776e-02, P_tgt=1.776e-02, A_F=0.022, K_low=0.200, P_drag=-7.316e-03, P_cool=-1.266e-02, WENO=0.126 (x=0.126, y=0.126), ReL2D=110.82, eps_nu=1.225e-02, P_hv=4.207e-05, rho_mean=1.000000, p_mean=0.739612, div_rms=1.711e+00, vort_rms=2.302e+00, mass_err=-1.456e-10
saved snapshot: results/hit2d/final_thesis_Mach_ReL130_N512/production_N512/Mt060_N512/hit2d_step0063000.npz
step= 63200, t=19.717116, dt=2.911e-04, KE=1.846336e-01, Mt=0.6191, A_K=0.032, Cuv=-0.040, P_in=1.558e-02, P_tgt=1.556e-02, A_F=0.030, K_low=0.208, P_drag=-7.445e-03, P_cool=-1.297e-02, WENO=0.127 (x=0.127, y=0.127), ReL2D=110.95, eps_nu=1.205e-02, P_hv=4.282e-05, rho_mean=1.000000, p_mean=0.740232, div_rms=1.685e+00, vort_rms=2.296e+00, mass_err=-1.465e-10
step= 63600, t=19.833042, dt=2.884e-04, KE=1.835251e-01, Mt=0.6172, A_K=0.051, Cuv=-0.046, P_in=1.389e-02, P_tgt=1.388e-02, A_F=0.041, K_low=0.213, P_drag=-7.572e-03, P_cool=-1.305e-02, WENO=0.129 (x=0.129, y=0.129), ReL2D=110.63, eps_nu=1.202e-02, P_hv=4.304e-05, rho_mean=1.000000, p_mean=0.740394, div_rms=1.694e+00, vort_rms=2.282e+00, mass_err=-1.474e-10
step= 64000, t=19.949469, dt=2.943e-04, KE=1.832847e-01, Mt=0.6169, A_K=0.071, Cuv=-0.042, P_in=1.245e-02, P_tgt=1.244e-02, A_F=0.062, K_low=0.217, P_drag=-7.712e-03, P_cool=-1.292e-02, WENO=0.128 (x=0.128, y=0.128), ReL2D=110.24, eps_nu=1.203e-02, P_hv=4.387e-05, rho_mean=1.000000, p_mean=0.740126, div_rms=1.717e+00, vort_rms=2.261e+00, mass_err=-1.483e-10
step= 64400, t=20.068845, dt=3.040e-04, KE=1.836465e-01, Mt=0.6175, A_K=0.091, Cuv=-0.037, P_in=1.116e-02, P_tgt=1.115e-02, A_F=0.066, K_low=0.220, P_drag=-7.864e-03, P_cool=-1.263e-02, WENO=0.124 (x=0.124, y=0.124), ReL2D=109.86, eps_nu=1.205e-02, P_hv=4.156e-05, rho_mean=1.000000, p_mean=0.739541, div_rms=1.741e+00, vort_rms=2.239e+00, mass_err=-1.493e-10
step= 64800, t=20.192842, dt=3.138e-04, KE=1.836613e-01, Mt=0.6178, A_K=0.107, Cuv=-0.039, P_in=9.965e-03, P_tgt=9.955e-03, A_F=0.025, K_low=0.224, P_drag=-8.033e-03, P_cool=-1.237e-02, WENO=0.119 (x=0.119, y=0.119), ReL2D=109.73, eps_nu=1.199e-02, P_hv=3.931e-05, rho_mean=1.000000, p_mean=0.739022, div_rms=1.751e+00, vort_rms=2.219e+00, mass_err=-1.502e-10
step= 65200, t=20.318829, dt=3.148e-04, KE=1.832715e-01, Mt=0.6174, A_K=0.112, Cuv=-0.045, P_in=8.867e-03, P_tgt=8.895e-03, A_F=0.169, K_low=0.229, P_drag=-8.210e-03, P_cool=-1.216e-02, WENO=0.117 (x=0.117, y=0.117), ReL2D=112.37, eps_nu=1.161e-02, P_hv=3.769e-05, rho_mean=1.000000, p_mean=0.738610, div_rms=1.709e+00, vort_rms=2.198e+00, mass_err=-1.511e-10
step= 65600, t=20.446033, dt=3.220e-04, KE=1.821969e-01, Mt=0.6155, A_K=0.104, Cuv=-0.052, P_in=8.099e-03, P_tgt=7.996e-03, A_F=0.158, K_low=0.235, P_drag=-8.357e-03, P_cool=-1.207e-02, WENO=0.115 (x=0.115, y=0.115), ReL2D=115.61, eps_nu=1.114e-02, P_hv=3.522e-05, rho_mean=1.000000, p_mean=0.738429, div_rms=1.653e+00, vort_rms=2.175e+00, mass_err=-1.521e-10
step= 66000, t=20.576362, dt=3.296e-04, KE=1.802405e-01, Mt=0.6120, A_K=0.087, Cuv=-0.056, P_in=7.293e-03, P_tgt=7.316e-03, A_F=0.120, K_low=0.240, P_drag=-8.429e-03, P_cool=-1.214e-02, WENO=0.111 (x=0.111, y=0.111), ReL2D=119.84, eps_nu=1.052e-02, P_hv=3.258e-05, rho_mean=1.000000, p_mean=0.738561, div_rms=1.568e+00, vort_rms=2.151e+00, mass_err=-1.530e-10
step= 66400, t=20.709708, dt=3.373e-04, KE=1.782306e-01, Mt=0.6087, A_K=0.072, Cuv=-0.059, P_in=6.899e-03, P_tgt=6.843e-03, A_F=0.059, K_low=0.242, P_drag=-8.428e-03, P_cool=-1.219e-02, WENO=0.111 (x=0.111, y=0.111), ReL2D=123.81, eps_nu=1.002e-02, P_hv=3.054e-05, rho_mean=1.000000, p_mean=0.738675, div_rms=1.498e+00, vort_rms=2.129e+00, mass_err=-1.539e-10
step= 66800, t=20.843980, dt=3.303e-04, KE=1.757520e-01, Mt=0.6051, A_K=0.053, Cuv=-0.053, P_in=6.538e-03, P_tgt=6.542e-03, A_F=0.040, K_low=0.243, P_drag=-8.361e-03, P_cool=-1.233e-02, WENO=0.114 (x=0.114, y=0.114), ReL2D=127.90, eps_nu=9.492e-03, P_hv=2.940e-05, rho_mean=1.000000, p_mean=0.738942, div_rms=1.417e+00, vort_rms=2.111e+00, mass_err=-1.548e-10
step= 67200, t=20.975627, dt=3.257e-04, KE=1.733075e-01, Mt=0.6019, A_K=0.031, Cuv=-0.047, P_in=6.413e-03, P_tgt=6.392e-03, A_F=0.036, K_low=0.242, P_drag=-8.244e-03, P_cool=-1.245e-02, WENO=0.118 (x=0.118, y=0.118), ReL2D=129.40, eps_nu=9.113e-03, P_hv=2.849e-05, rho_mean=1.000000, p_mean=0.739176, div_rms=1.360e+00, vort_rms=2.093e+00, mass_err=-1.558e-10
saved snapshot: results/hit2d/final_thesis_Mach_ReL130_N512/production_N512/Mt060_N512/hit2d_step0067200.npz
step= 67600, t=21.106724, dt=3.309e-04, KE=1.708086e-01, Mt=0.5982, A_K=0.004, Cuv=-0.047, P_in=6.456e-03, P_tgt=6.387e-03, A_F=0.172, K_low=0.242, P_drag=-8.139e-03, P_cool=-1.256e-02, WENO=0.117 (x=0.117, y=0.117), ReL2D=128.69, eps_nu=8.848e-03, P_hv=2.884e-05, rho_mean=1.000000, p_mean=0.739412, div_rms=1.324e+00, vort_rms=2.076e+00, mass_err=-1.567e-10
step= 68000, t=21.238797, dt=3.297e-04, KE=1.677036e-01, Mt=0.5939, A_K=0.020, Cuv=-0.049, P_in=6.579e-03, P_tgt=6.561e-03, A_F=0.115, K_low=0.244, P_drag=-8.059e-03, P_cool=-1.279e-02, WENO=0.115 (x=0.115, y=0.115), ReL2D=128.80, eps_nu=8.534e-03, P_hv=2.748e-05, rho_mean=1.000000, p_mean=0.739875, div_rms=1.270e+00, vort_rms=2.065e+00, mass_err=-1.576e-10
step= 68400, t=21.369274, dt=3.226e-04, KE=1.648765e-01, Mt=0.5909, A_K=0.043, Cuv=-0.045, P_in=6.960e-03, P_tgt=6.915e-03, A_F=0.077, K_low=0.247, P_drag=-8.003e-03, P_cool=-1.298e-02, WENO=0.117 (x=0.117, y=0.117), ReL2D=128.59, eps_nu=8.362e-03, P_hv=2.735e-05, rho_mean=1.000000, p_mean=0.740243, div_rms=1.237e+00, vort_rms=2.060e+00, mass_err=-1.586e-10
step= 68800, t=21.497610, dt=3.209e-04, KE=1.625435e-01, Mt=0.5890, A_K=0.064, Cuv=-0.033, P_in=7.434e-03, P_tgt=7.410e-03, A_F=0.012, K_low=0.251, P_drag=-7.974e-03, P_cool=-1.308e-02, WENO=0.115 (x=0.115, y=0.115), ReL2D=128.33, eps_nu=8.178e-03, P_hv=2.761e-05, rho_mean=1.000000, p_mean=0.740448, div_rms=1.205e+00, vort_rms=2.052e+00, mass_err=-1.595e-10
step= 69200, t=21.625652, dt=3.179e-04, KE=1.608362e-01, Mt=0.5876, A_K=0.079, Cuv=-0.015, P_in=8.052e-03, P_tgt=8.033e-03, A_F=0.302, K_low=0.256, P_drag=-7.955e-03, P_cool=-1.308e-02, WENO=0.112 (x=0.112, y=0.112), ReL2D=129.00, eps_nu=8.038e-03, P_hv=2.706e-05, rho_mean=1.000000, p_mean=0.740443, div_rms=1.190e+00, vort_rms=2.037e+00, mass_err=-1.604e-10
step= 69600, t=21.753309, dt=3.216e-04, KE=1.593956e-01, Mt=0.5868, A_K=0.086, Cuv=0.006, P_in=8.780e-03, P_tgt=8.776e-03, A_F=0.175, K_low=0.262, P_drag=-7.945e-03, P_cool=-1.304e-02, WENO=0.112 (x=0.112, y=0.112), ReL2D=131.89, eps_nu=7.870e-03, P_hv=2.656e-05, rho_mean=1.000000, p_mean=0.740375, div_rms=1.167e+00, vort_rms=2.024e+00, mass_err=-1.613e-10
step= 70000, t=21.883020, dt=3.266e-04, KE=1.583592e-01, Mt=0.5869, A_K=0.086, Cuv=0.025, P_in=9.624e-03, P_tgt=9.612e-03, A_F=0.155, K_low=0.266, P_drag=-7.932e-03, P_cool=-1.295e-02, WENO=0.109 (x=0.109, y=0.109), ReL2D=133.83, eps_nu=7.757e-03, P_hv=2.642e-05, rho_mean=1.000000, p_mean=0.740177, div_rms=1.155e+00, vort_rms=2.012e+00, mass_err=-1.622e-10
step= 70400, t=22.013612, dt=3.254e-04, KE=1.574001e-01, Mt=0.5868, A_K=0.084, Cuv=0.044, P_in=1.046e-02, P_tgt=1.052e-02, A_F=0.180, K_low=0.269, P_drag=-7.889e-03, P_cool=-1.285e-02, WENO=0.115 (x=0.115, y=0.115), ReL2D=135.84, eps_nu=7.639e-03, P_hv=2.498e-05, rho_mean=1.000000, p_mean=0.739993, div_rms=1.138e+00, vort_rms=2.003e+00, mass_err=-1.632e-10
step= 70800, t=22.143447, dt=3.240e-04, KE=1.563722e-01, Mt=0.5863, A_K=0.080, Cuv=0.059, P_in=1.155e-02, P_tgt=1.154e-02, A_F=0.049, K_low=0.269, P_drag=-7.799e-03, P_cool=-1.281e-02, WENO=0.110 (x=0.110, y=0.110), ReL2D=135.19, eps_nu=7.653e-03, P_hv=2.555e-05, rho_mean=1.000000, p_mean=0.739899, div_rms=1.154e+00, vort_rms=1.994e+00, mass_err=-1.641e-10
step= 71200, t=22.273363, dt=3.259e-04, KE=1.547301e-01, Mt=0.5847, A_K=0.073, Cuv=0.066, P_in=1.275e-02, P_tgt=1.274e-02, A_F=0.047, K_low=0.269, P_drag=-7.671e-03, P_cool=-1.292e-02, WENO=0.108 (x=0.108, y=0.108), ReL2D=134.46, eps_nu=7.647e-03, P_hv=2.572e-05, rho_mean=1.000000, p_mean=0.740116, div_rms=1.158e+00, vort_rms=1.989e+00, mass_err=-1.650e-10
saved snapshot: results/hit2d/final_thesis_Mach_ReL130_N512/production_N512/Mt060_N512/hit2d_step0071400.npz
step= 71600, t=22.404147, dt=3.259e-04, KE=1.531813e-01, Mt=0.5825, A_K=0.059, Cuv=0.064, P_in=1.429e-02, P_tgt=1.428e-02, A_F=0.030, K_low=0.268, P_drag=-7.554e-03, P_cool=-1.304e-02, WENO=0.107 (x=0.107, y=0.107), ReL2D=132.09, eps_nu=7.679e-03, P_hv=2.546e-05, rho_mean=1.000000, p_mean=0.740367, div_rms=1.169e+00, vort_rms=1.987e+00, mass_err=-1.659e-10
step= 72000, t=22.533590, dt=3.206e-04, KE=1.525655e-01, Mt=0.5809, A_K=0.040, Cuv=0.060, P_in=1.617e-02, P_tgt=1.623e-02, A_F=0.060, K_low=0.267, P_drag=-7.480e-03, P_cool=-1.303e-02, WENO=0.103 (x=0.103, y=0.103), ReL2D=129.25, eps_nu=7.743e-03, P_hv=2.654e-05, rho_mean=1.000000, p_mean=0.740341, div_rms=1.188e+00, vort_rms=1.984e+00, mass_err=-1.669e-10
step= 72400, t=22.660652, dt=3.197e-04, KE=1.530792e-01, Mt=0.5808, A_K=0.025, Cuv=0.056, P_in=1.872e-02, P_tgt=1.858e-02, A_F=0.011, K_low=0.265, P_drag=-7.458e-03, P_cool=-1.285e-02, WENO=0.103 (x=0.103, y=0.103), ReL2D=127.11, eps_nu=7.884e-03, P_hv=2.718e-05, rho_mean=1.000000, p_mean=0.739981, div_rms=1.221e+00, vort_rms=1.984e+00, mass_err=-1.678e-10
step= 72800, t=22.787450, dt=3.127e-04, KE=1.543648e-01, Mt=0.5820, A_K=0.014, Cuv=0.047, P_in=2.110e-02, P_tgt=2.116e-02, A_F=0.036, K_low=0.264, P_drag=-7.479e-03, P_cool=-1.258e-02, WENO=0.102 (x=0.102, y=0.102), ReL2D=126.01, eps_nu=8.017e-03, P_hv=2.725e-05, rho_mean=1.000000, p_mean=0.739448, div_rms=1.244e+00, vort_rms=1.990e+00, mass_err=-1.687e-10
step= 73200, t=22.911620, dt=3.086e-04, KE=1.560437e-01, Mt=0.5837, A_K=0.002, Cuv=0.031, P_in=2.383e-02, P_tgt=2.386e-02, A_F=0.005, K_low=0.263, P_drag=-7.542e-03, P_cool=-1.231e-02, WENO=0.099 (x=0.099, y=0.099), ReL2D=125.34, eps_nu=8.129e-03, P_hv=2.666e-05, rho_mean=1.000000, p_mean=0.738903, div_rms=1.252e+00, vort_rms=2.004e+00, mass_err=-1.697e-10
step= 73600, t=23.034540, dt=3.063e-04, KE=1.580437e-01, Mt=0.5857, A_K=0.005, Cuv=0.014, P_in=2.647e-02, P_tgt=2.653e-02, A_F=0.039, K_low=0.262, P_drag=-7.632e-03, P_cool=-1.204e-02, WENO=0.092 (x=0.092, y=0.092), ReL2D=124.13, eps_nu=8.369e-03, P_hv=2.774e-05, rho_mean=1.000000, p_mean=0.738370, div_rms=1.287e+00, vort_rms=2.019e+00, mass_err=-1.706e-10
step= 74000, t=23.156977, dt=3.064e-04, KE=1.601813e-01, Mt=0.5880, A_K=0.010, Cuv=-0.001, P_in=2.907e-02, P_tgt=2.906e-02, A_F=0.089, K_low=0.261, P_drag=-7.733e-03, P_cool=-1.182e-02, WENO=0.088 (x=0.088, y=0.088), ReL2D=125.01, eps_nu=8.421e-03, P_hv=2.744e-05, rho_mean=1.000000, p_mean=0.737918, div_rms=1.285e+00, vort_rms=2.031e+00, mass_err=-1.715e-10
step= 74400, t=23.276863, dt=2.929e-04, KE=1.621757e-01, Mt=0.5904, A_K=0.009, Cuv=-0.010, P_in=3.135e-02, P_tgt=3.128e-02, A_F=0.094, K_low=0.258, P_drag=-7.820e-03, P_cool=-1.167e-02, WENO=0.090 (x=0.090, y=0.090), ReL2D=127.34, eps_nu=8.373e-03, P_hv=2.677e-05, rho_mean=1.000000, p_mean=0.737634, div_rms=1.264e+00, vort_rms=2.040e+00, mass_err=-1.724e-10
step= 74800, t=23.393680, dt=2.924e-04, KE=1.641151e-01, Mt=0.5928, A_K=0.008, Cuv=-0.010, P_in=3.309e-02, P_tgt=3.312e-02, A_F=0.046, K_low=0.254, P_drag=-7.857e-03, P_cool=-1.159e-02, WENO=0.093 (x=0.093, y=0.093), ReL2D=129.91, eps_nu=8.363e-03, P_hv=2.648e-05, rho_mean=1.000000, p_mean=0.737460, div_rms=1.248e+00, vort_rms=2.051e+00, mass_err=-1.734e-10
step= 75200, t=23.510932, dt=2.944e-04, KE=1.662121e-01, Mt=0.5955, A_K=0.002, Cuv=-0.005, P_in=3.459e-02, P_tgt=3.447e-02, A_F=0.286, K_low=0.247, P_drag=-7.819e-03, P_cool=-1.151e-02, WENO=0.092 (x=0.092, y=0.092), ReL2D=130.30, eps_nu=8.455e-03, P_hv=2.582e-05, rho_mean=1.000000, p_mean=0.737304, div_rms=1.250e+00, vort_rms=2.067e+00, mass_err=-1.743e-10
step= 75600, t=23.629719, dt=3.002e-04, KE=1.683085e-01, Mt=0.5976, A_K=0.006, Cuv=-0.001, P_in=3.492e-02, P_tgt=3.525e-02, A_F=0.154, K_low=0.237, P_drag=-7.705e-03, P_cool=-1.146e-02, WENO=0.090 (x=0.090, y=0.090), ReL2D=129.07, eps_nu=8.617e-03, P_hv=2.393e-05, rho_mean=1.000000, p_mean=0.737214, div_rms=1.267e+00, vort_rms=2.082e+00, mass_err=-1.752e-10
saved snapshot: results/hit2d/final_thesis_Mach_ReL130_N512/production_N512/Mt060_N512/hit2d_step0075600.npz
step= 76000, t=23.750410, dt=3.019e-04, KE=1.704770e-01, Mt=0.5992, A_K=0.003, Cuv=0.001, P_in=3.561e-02, P_tgt=3.563e-02, A_F=0.047, K_low=0.226, P_drag=-7.517e-03, P_cool=-1.143e-02, WENO=0.090 (x=0.090, y=0.090), ReL2D=127.71, eps_nu=8.812e-03, P_hv=2.353e-05, rho_mean=1.000000, p_mean=0.737138, div_rms=1.290e+00, vort_rms=2.098e+00, mass_err=-1.762e-10
step= 76400, t=23.871505, dt=3.033e-04, KE=1.724027e-01, Mt=0.5996, A_K=0.006, Cuv=0.004, P_in=3.553e-02, P_tgt=3.575e-02, A_F=0.197, K_low=0.214, P_drag=-7.269e-03, P_cool=-1.145e-02, WENO=0.090 (x=0.090, y=0.090), ReL2D=127.27, eps_nu=8.841e-03, P_hv=2.376e-05, rho_mean=1.000000, p_mean=0.737184, div_rms=1.276e+00, vort_rms=2.114e+00, mass_err=-1.771e-10
step= 76800, t=23.993384, dt=3.076e-04, KE=1.739336e-01, Mt=0.5995, A_K=0.022, Cuv=0.015, P_in=3.577e-02, P_tgt=3.588e-02, A_F=0.103, K_low=0.201, P_drag=-6.985e-03, P_cool=-1.156e-02, WENO=0.093 (x=0.093, y=0.093), ReL2D=127.54, eps_nu=8.765e-03, P_hv=2.479e-05, rho_mean=1.000000, p_mean=0.737410, div_rms=1.239e+00, vort_rms=2.130e+00, mass_err=-1.780e-10
step= 77200, t=24.115559, dt=3.022e-04, KE=1.754517e-01, Mt=0.6016, A_K=0.044, Cuv=0.030, P_in=3.591e-02, P_tgt=3.579e-02, A_F=0.111, K_low=0.190, P_drag=-6.700e-03, P_cool=-1.168e-02, WENO=0.094 (x=0.094, y=0.094), ReL2D=128.35, eps_nu=8.745e-03, P_hv=2.579e-05, rho_mean=1.000000, p_mean=0.737653, div_rms=1.207e+00, vort_rms=2.151e+00, mass_err=-1.790e-10
step= 77600, t=24.236664, dt=3.045e-04, KE=1.768484e-01, Mt=0.6051, A_K=0.059, Cuv=0.047, P_in=3.501e-02, P_tgt=3.502e-02, A_F=0.075, K_low=0.181, P_drag=-6.442e-03, P_cool=-1.182e-02, WENO=0.095 (x=0.095, y=0.095), ReL2D=128.90, eps_nu=8.821e-03, P_hv=2.764e-05, rho_mean=1.000000, p_mean=0.737930, div_rms=1.197e+00, vort_rms=2.172e+00, mass_err=-1.799e-10
step= 78000, t=24.358627, dt=3.041e-04, KE=1.779165e-01, Mt=0.6089, A_K=0.064, Cuv=0.064, P_in=3.333e-02, P_tgt=3.345e-02, A_F=0.094, K_low=0.175, P_drag=-6.242e-03, P_cool=-1.201e-02, WENO=0.100 (x=0.100, y=0.100), ReL2D=128.68, eps_nu=9.065e-03, P_hv=2.774e-05, rho_mean=1.000000, p_mean=0.738304, div_rms=1.224e+00, vort_rms=2.194e+00, mass_err=-1.808e-10
step= 78400, t=24.480344, dt=3.045e-04, KE=1.785150e-01, Mt=0.6123, A_K=0.060, Cuv=0.080, P_in=3.131e-02, P_tgt=3.123e-02, A_F=0.096, K_low=0.173, P_drag=-6.144e-03, P_cool=-1.224e-02, WENO=0.103 (x=0.103, y=0.103), ReL2D=127.18, eps_nu=9.396e-03, P_hv=2.743e-05, rho_mean=1.000000, p_mean=0.738773, div_rms=1.266e+00, vort_rms=2.219e+00, mass_err=-1.818e-10
step= 78800, t=24.602317, dt=3.055e-04, KE=1.789975e-01, Mt=0.6162, A_K=0.052, Cuv=0.090, P_in=2.844e-02, P_tgt=2.849e-02, A_F=0.005, K_low=0.175, P_drag=-6.135e-03, P_cool=-1.243e-02, WENO=0.102 (x=0.102, y=0.102), ReL2D=125.07, eps_nu=9.793e-03, P_hv=3.022e-05, rho_mean=1.000000, p_mean=0.739154, div_rms=1.330e+00, vort_rms=2.236e+00, mass_err=-1.827e-10
step= 79200, t=24.724850, dt=3.074e-04, KE=1.793161e-01, Mt=0.6194, A_K=0.052, Cuv=0.097, P_in=2.549e-02, P_tgt=2.542e-02, A_F=0.039, K_low=0.177, P_drag=-6.187e-03, P_cool=-1.258e-02, WENO=0.093 (x=0.093, y=0.093), ReL2D=121.01, eps_nu=1.037e-02, P_hv=3.192e-05, rho_mean=1.000000, p_mean=0.739439, div_rms=1.432e+00, vort_rms=2.248e+00, mass_err=-1.836e-10
step= 79600, t=24.847599, dt=3.040e-04, KE=1.795292e-01, Mt=0.6210, A_K=0.066, Cuv=0.108, P_in=2.245e-02, P_tgt=2.235e-02, A_F=0.112, K_low=0.180, P_drag=-6.263e-03, P_cool=-1.265e-02, WENO=0.090 (x=0.090, y=0.090), ReL2D=115.01, eps_nu=1.118e-02, P_hv=3.067e-05, rho_mean=1.000000, p_mean=0.739591, div_rms=1.581e+00, vort_rms=2.251e+00, mass_err=-1.846e-10
saved snapshot: results/hit2d/final_thesis_Mach_ReL130_N512/production_N512/Mt060_N512/hit2d_step0079800.npz
step= 80000, t=24.968113, dt=2.988e-04, KE=1.795514e-01, Mt=0.6214, A_K=0.088, Cuv=0.124, P_in=1.954e-02, P_tgt=1.953e-02, A_F=0.079, K_low=0.182, P_drag=-6.345e-03, P_cool=-1.269e-02, WENO=0.085 (x=0.085, y=0.085), ReL2D=111.27, eps_nu=1.169e-02, P_hv=3.161e-05, rho_mean=1.000000, p_mean=0.739665, div_rms=1.672e+00, vort_rms=2.249e+00, mass_err=-1.855e-10
step= 80400, t=25.087327, dt=2.980e-04, KE=1.795713e-01, Mt=0.6212, A_K=0.109, Cuv=0.133, P_in=1.708e-02, P_tgt=1.706e-02, A_F=0.095, K_low=0.184, P_drag=-6.436e-03, P_cool=-1.267e-02, WENO=0.085 (x=0.085, y=0.085), ReL2D=108.83, eps_nu=1.202e-02, P_hv=3.213e-05, rho_mean=1.000000, p_mean=0.739623, div_rms=1.723e+00, vort_rms=2.252e+00, mass_err=-1.864e-10
step= 80800, t=25.207235, dt=3.019e-04, KE=1.793188e-01, Mt=0.6200, A_K=0.127, Cuv=0.136, P_in=1.497e-02, P_tgt=1.496e-02, A_F=0.061, K_low=0.187, P_drag=-6.526e-03, P_cool=-1.265e-02, WENO=0.083 (x=0.083, y=0.083), ReL2D=105.94, eps_nu=1.246e-02, P_hv=3.227e-05, rho_mean=1.000000, p_mean=0.739589, div_rms=1.789e+00, vort_rms=2.256e+00, mass_err=-1.873e-10
step= 81200, t=25.328867, dt=3.055e-04, KE=1.790710e-01, Mt=0.6184, A_K=0.141, Cuv=0.136, P_in=1.327e-02, P_tgt=1.324e-02, A_F=0.019, K_low=0.191, P_drag=-6.614e-03, P_cool=-1.258e-02, WENO=0.083 (x=0.083, y=0.083), ReL2D=107.44, eps_nu=1.227e-02, P_hv=3.259e-05, rho_mean=1.000000, p_mean=0.739450, div_rms=1.761e+00, vort_rms=2.254e+00, mass_err=-1.882e-10
step= 81600, t=25.451251, dt=3.061e-04, KE=1.789987e-01, Mt=0.6168, A_K=0.153, Cuv=0.138, P_in=1.182e-02, P_tgt=1.184e-02, A_F=0.082, K_low=0.195, P_drag=-6.702e-03, P_cool=-1.243e-02, WENO=0.081 (x=0.081, y=0.081), ReL2D=111.96, eps_nu=1.165e-02, P_hv=3.219e-05, rho_mean=1.000000, p_mean=0.739149, div_rms=1.664e+00, vort_rms=2.249e+00, mass_err=-1.892e-10
step= 82000, t=25.574532, dt=3.130e-04, KE=1.789095e-01, Mt=0.6153, A_K=0.167, Cuv=0.143, P_in=1.066e-02, P_tgt=1.068e-02, A_F=0.022, K_low=0.199, P_drag=-6.784e-03, P_cool=-1.224e-02, WENO=0.086 (x=0.086, y=0.086), ReL2D=116.87, eps_nu=1.098e-02, P_hv=3.133e-05, rho_mean=1.000000, p_mean=0.738776, div_rms=1.555e+00, vort_rms=2.241e+00, mass_err=-1.901e-10
step= 82400, t=25.700480, dt=3.162e-04, KE=1.785450e-01, Mt=0.6138, A_K=0.179, Cuv=0.150, P_in=9.708e-03, P_tgt=9.721e-03, A_F=0.014, K_low=0.202, P_drag=-6.847e-03, P_cool=-1.208e-02, WENO=0.089 (x=0.089, y=0.089), ReL2D=121.35, eps_nu=1.038e-02, P_hv=3.016e-05, rho_mean=1.000000, p_mean=0.738449, div_rms=1.451e+00, vort_rms=2.234e+00, mass_err=-1.910e-10
step= 82800, t=25.828073, dt=3.200e-04, KE=1.776728e-01, Mt=0.6119, A_K=0.193, Cuv=0.159, P_in=8.981e-03, P_tgt=8.944e-03, A_F=0.113, K_low=0.205, P_drag=-6.870e-03, P_cool=-1.200e-02, WENO=0.091 (x=0.091, y=0.091), ReL2D=123.85, eps_nu=9.874e-03, P_hv=2.967e-05, rho_mean=1.000000, p_mean=0.738287, div_rms=1.371e+00, vort_rms=2.216e+00, mass_err=-1.919e-10
warning: flow component anisotropy has increased over the last three diagnostic samples
step= 83200, t=25.956738, dt=3.239e-04, KE=1.766631e-01, Mt=0.6105, A_K=0.225, Cuv=0.173, P_in=8.245e-03, P_tgt=8.328e-03, A_F=0.050, K_low=0.205, P_drag=-6.830e-03, P_cool=-1.194e-02, WENO=0.092 (x=0.092, y=0.092), ReL2D=125.97, eps_nu=9.486e-03, P_hv=2.800e-05, rho_mean=1.000000, p_mean=0.738160, div_rms=1.317e+00, vort_rms=2.194e+00, mass_err=-1.928e-10
warning: flow component anisotropy has increased over the last three diagnostic samples
step= 83600, t=26.086791, dt=3.273e-04, KE=1.755815e-01, Mt=0.6086, A_K=0.249, Cuv=0.178, P_in=7.807e-03, P_tgt=7.827e-03, A_F=0.173, K_low=0.201, P_drag=-6.722e-03, P_cool=-1.188e-02, WENO=0.095 (x=0.095, y=0.095), ReL2D=126.50, eps_nu=9.293e-03, P_hv=2.723e-05, rho_mean=1.000000, p_mean=0.738042, div_rms=1.295e+00, vort_rms=2.179e+00, mass_err=-1.938e-10
warning: flow component anisotropy has increased over the last three diagnostic samples
step= 84000, t=26.217914, dt=3.266e-04, KE=1.741140e-01, Mt=0.6065, A_K=0.254, Cuv=0.169, P_in=7.437e-03, P_tgt=7.451e-03, A_F=0.092, K_low=0.196, P_drag=-6.585e-03, P_cool=-1.189e-02, WENO=0.102 (x=0.102, y=0.102), ReL2D=127.03, eps_nu=9.121e-03, P_hv=2.628e-05, rho_mean=1.000000, p_mean=0.738060, div_rms=1.265e+00, vort_rms=2.172e+00, mass_err=-1.947e-10
saved snapshot: results/hit2d/final_thesis_Mach_ReL130_N512/production_N512/Mt060_N512/hit2d_step0084000.npz
step= 84400, t=26.347526, dt=3.224e-04, KE=1.722933e-01, Mt=0.6049, A_K=0.247, Cuv=0.151, P_in=7.186e-03, P_tgt=7.179e-03, A_F=0.135, K_low=0.192, P_drag=-6.455e-03, P_cool=-1.196e-02, WENO=0.102 (x=0.102, y=0.102), ReL2D=127.72, eps_nu=9.011e-03, P_hv=2.585e-05, rho_mean=1.000000, p_mean=0.738210, div_rms=1.246e+00, vort_rms=2.168e+00, mass_err=-1.956e-10
step= 84800, t=26.476207, dt=3.216e-04, KE=1.700733e-01, Mt=0.6031, A_K=0.232, Cuv=0.130, P_in=6.996e-03, P_tgt=6.990e-03, A_F=0.032, K_low=0.190, P_drag=-6.338e-03, P_cool=-1.211e-02, WENO=0.099 (x=0.099, y=0.099), ReL2D=128.18, eps_nu=8.951e-03, P_hv=2.742e-05, rho_mean=1.000000, p_mean=0.738513, div_rms=1.249e+00, vort_rms=2.155e+00, mass_err=-1.966e-10
step= 85200, t=26.604549, dt=3.205e-04, KE=1.674789e-01, Mt=0.6003, A_K=0.210, Cuv=0.115, P_in=6.914e-03, P_tgt=6.908e-03, A_F=0.219, K_low=0.190, P_drag=-6.232e-03, P_cool=-1.234e-02, WENO=0.090 (x=0.090, y=0.090), ReL2D=127.61, eps_nu=8.868e-03, P_hv=2.968e-05, rho_mean=1.000000, p_mean=0.738956, div_rms=1.256e+00, vort_rms=2.136e+00, mass_err=-1.975e-10
step= 85600, t=26.733042, dt=3.215e-04, KE=1.649859e-01, Mt=0.5968, A_K=0.188, Cuv=0.104, P_in=6.916e-03, P_tgt=6.971e-03, A_F=0.151, K_low=0.190, P_drag=-6.141e-03, P_cool=-1.253e-02, WENO=0.085 (x=0.085, y=0.085), ReL2D=125.03, eps_nu=8.849e-03, P_hv=3.092e-05, rho_mean=1.000000, p_mean=0.739352, div_rms=1.281e+00, vort_rms=2.112e+00, mass_err=-1.984e-10
step= 86000, t=26.861531, dt=3.198e-04, KE=1.628142e-01, Mt=0.5933, A_K=0.159, Cuv=0.095, P_in=7.254e-03, P_tgt=7.212e-03, A_F=0.258, K_low=0.191, P_drag=-6.085e-03, P_cool=-1.267e-02, WENO=0.085 (x=0.085, y=0.085), ReL2D=122.12, eps_nu=8.826e-03, P_hv=3.024e-05, rho_mean=1.000000, p_mean=0.739626, div_rms=1.298e+00, vort_rms=2.094e+00, mass_err=-1.993e-10
step= 86400, t=26.988484, dt=3.150e-04, KE=1.617068e-01, Mt=0.5914, A_K=0.125, Cuv=0.085, P_in=7.565e-03, P_tgt=7.607e-03, A_F=0.083, K_low=0.193, P_drag=-6.090e-03, P_cool=-1.261e-02, WENO=0.082 (x=0.082, y=0.082), ReL2D=121.28, eps_nu=8.738e-03, P_hv=2.931e-05, rho_mean=1.000000, p_mean=0.739500, div_rms=1.289e+00, vort_rms=2.085e+00, mass_err=-2.002e-10
step= 86800, t=27.113817, dt=3.118e-04, KE=1.615509e-01, Mt=0.5914, A_K=0.098, Cuv=0.074, P_in=7.999e-03, P_tgt=8.071e-03, A_F=0.148, K_low=0.196, P_drag=-6.145e-03, P_cool=-1.237e-02, WENO=0.084 (x=0.084, y=0.084), ReL2D=122.94, eps_nu=8.533e-03, P_hv=2.815e-05, rho_mean=1.000000, p_mean=0.739033, div_rms=1.250e+00, vort_rms=2.080e+00, mass_err=-2.012e-10
step= 87200, t=27.238666, dt=3.124e-04, KE=1.615810e-01, Mt=0.5911, A_K=0.085, Cuv=0.060, P_in=8.506e-03, P_tgt=8.560e-03, A_F=0.010, K_low=0.201, P_drag=-6.251e-03, P_cool=-1.212e-02, WENO=0.083 (x=0.083, y=0.083), ReL2D=124.64, eps_nu=8.327e-03, P_hv=2.703e-05, rho_mean=1.000000, p_mean=0.738527, div_rms=1.206e+00, vort_rms=2.078e+00, mass_err=-2.021e-10
step= 87600, t=27.364246, dt=3.153e-04, KE=1.613449e-01, Mt=0.5895, A_K=0.080, Cuv=0.042, P_in=9.117e-03, P_tgt=9.140e-03, A_F=0.096, K_low=0.207, P_drag=-6.389e-03, P_cool=-1.193e-02, WENO=0.088 (x=0.088, y=0.088), ReL2D=126.03, eps_nu=8.109e-03, P_hv=2.615e-05, rho_mean=1.000000, p_mean=0.738152, div_rms=1.157e+00, vort_rms=2.076e+00, mass_err=-2.030e-10
step= 88000, t=27.491123, dt=3.195e-04, KE=1.610492e-01, Mt=0.5877, A_K=0.079, Cuv=0.020, P_in=9.895e-03, P_tgt=9.884e-03, A_F=0.108, K_low=0.214, P_drag=-6.543e-03, P_cool=-1.177e-02, WENO=0.088 (x=0.088, y=0.088), ReL2D=126.45, eps_nu=8.062e-03, P_hv=2.499e-05, rho_mean=1.000000, p_mean=0.737821, div_rms=1.143e+00, vort_rms=2.077e+00, mass_err=-2.039e-10
saved snapshot: results/hit2d/final_thesis_Mach_ReL130_N512/production_N512/Mt060_N512/hit2d_step0088200.npz
step= 88400, t=27.619998, dt=3.246e-04, KE=1.607717e-01, Mt=0.5856, A_K=0.077, Cuv=-0.004, P_in=1.087e-02, P_tgt=1.084e-02, A_F=0.058, K_low=0.221, P_drag=-6.712e-03, P_cool=-1.161e-02, WENO=0.089 (x=0.089, y=0.089), ReL2D=125.06, eps_nu=8.162e-03, P_hv=2.402e-05, rho_mean=1.000000, p_mean=0.737511, div_rms=1.162e+00, vort_rms=2.081e+00, mass_err=-2.048e-10
step= 88800, t=27.750757, dt=3.281e-04, KE=1.603231e-01, Mt=0.5833, A_K=0.075, Cuv=-0.032, P_in=1.207e-02, P_tgt=1.206e-02, A_F=0.116, K_low=0.228, P_drag=-6.877e-03, P_cool=-1.152e-02, WENO=0.093 (x=0.093, y=0.093), ReL2D=124.40, eps_nu=8.176e-03, P_hv=2.202e-05, rho_mean=1.000000, p_mean=0.737317, div_rms=1.160e+00, vort_rms=2.085e+00, mass_err=-2.057e-10
step= 89200, t=27.882751, dt=3.329e-04, KE=1.597008e-01, Mt=0.5801, A_K=0.075, Cuv=-0.062, P_in=1.378e-02, P_tgt=1.370e-02, A_F=0.160, K_low=0.234, P_drag=-7.036e-03, P_cool=-1.149e-02, WENO=0.095 (x=0.095, y=0.095), ReL2D=124.29, eps_nu=8.032e-03, P_hv=2.128e-05, rho_mean=1.000000, p_mean=0.737262, div_rms=1.125e+00, vort_rms=2.085e+00, mass_err=-2.066e-10
step= 89600, t=28.014297, dt=3.199e-04, KE=1.597090e-01, Mt=0.5775, A_K=0.077, Cuv=-0.092, P_in=1.602e-02, P_tgt=1.592e-02, A_F=0.163, K_low=0.238, P_drag=-7.192e-03, P_cool=-1.138e-02, WENO=0.093 (x=0.093, y=0.093), ReL2D=125.06, eps_nu=7.875e-03, P_hv=2.192e-05, rho_mean=1.000000, p_mean=0.737054, div_rms=1.092e+00, vort_rms=2.080e+00, mass_err=-2.076e-10
step= 90000, t=28.141805, dt=3.207e-04, KE=1.603926e-01, Mt=0.5771, A_K=0.083, Cuv=-0.116, P_in=1.871e-02, P_tgt=1.870e-02, A_F=0.089, K_low=0.242, P_drag=-7.347e-03, P_cool=-1.121e-02, WENO=0.088 (x=0.088, y=0.088), ReL2D=127.19, eps_nu=7.797e-03, P_hv=2.229e-05, rho_mean=1.000000, p_mean=0.736713, div_rms=1.067e+00, vort_rms=2.083e+00, mass_err=-2.085e-10
step= 90400, t=28.273575, dt=3.308e-04, KE=1.616939e-01, Mt=0.5788, A_K=0.091, Cuv=-0.141, P_in=2.193e-02, P_tgt=2.188e-02, A_F=0.017, K_low=0.244, P_drag=-7.509e-03, P_cool=-1.100e-02, WENO=0.083 (x=0.083, y=0.083), ReL2D=128.76, eps_nu=7.832e-03, P_hv=2.203e-05, rho_mean=1.000000, p_mean=0.736284, div_rms=1.059e+00, vort_rms=2.095e+00, mass_err=-2.094e-10
step= 90800, t=28.404500, dt=3.246e-04, KE=1.635435e-01, Mt=0.5820, A_K=0.099, Cuv=-0.165, P_in=2.510e-02, P_tgt=2.512e-02, A_F=0.020, K_low=0.246, P_drag=-7.654e-03, P_cool=-1.076e-02, WENO=0.081 (x=0.081, y=0.081), ReL2D=129.38, eps_nu=7.967e-03, P_hv=2.157e-05, rho_mean=1.000000, p_mean=0.735809, div_rms=1.068e+00, vort_rms=2.113e+00, mass_err=-2.103e-10
step= 91200, t=28.533528, dt=3.211e-04, KE=1.657178e-01, Mt=0.5854, A_K=0.106, Cuv=-0.191, P_in=2.819e-02, P_tgt=2.813e-02, A_F=0.051, K_low=0.246, P_drag=-7.782e-03, P_cool=-1.054e-02, WENO=0.080 (x=0.080, y=0.080), ReL2D=128.72, eps_nu=8.100e-03, P_hv=2.261e-05, rho_mean=1.000000, p_mean=0.735369, div_rms=1.082e+00, vort_rms=2.127e+00, mass_err=-2.113e-10
step= 91600, t=28.661579, dt=3.187e-04, KE=1.680292e-01, Mt=0.5883, A_K=0.113, Cuv=-0.212, P_in=3.076e-02, P_tgt=3.079e-02, A_F=0.123, K_low=0.244, P_drag=-7.892e-03, P_cool=-1.037e-02, WENO=0.082 (x=0.082, y=0.082), ReL2D=128.00, eps_nu=8.239e-03, P_hv=2.408e-05, rho_mean=1.000000, p_mean=0.735022, div_rms=1.097e+00, vort_rms=2.141e+00, mass_err=-2.122e-10
step= 92000, t=28.786223, dt=3.051e-04, KE=1.701729e-01, Mt=0.5898, A_K=0.113, Cuv=-0.228, P_in=3.321e-02, P_tgt=3.316e-02, A_F=0.261, K_low=0.242, P_drag=-7.991e-03, P_cool=-1.029e-02, WENO=0.082 (x=0.082, y=0.082), ReL2D=127.74, eps_nu=8.307e-03, P_hv=2.515e-05, rho_mean=1.000000, p_mean=0.734856, div_rms=1.098e+00, vort_rms=2.153e+00, mass_err=-2.132e-10
step= 92400, t=28.907235, dt=3.010e-04, KE=1.721007e-01, Mt=0.5907, A_K=0.109, Cuv=-0.235, P_in=3.519e-02, P_tgt=3.546e-02, A_F=0.181, K_low=0.240, P_drag=-8.085e-03, P_cool=-1.029e-02, WENO=0.086 (x=0.086, y=0.086), ReL2D=128.23, eps_nu=8.288e-03, P_hv=2.601e-05, rho_mean=1.000000, p_mean=0.734869, div_rms=1.078e+00, vort_rms=2.163e+00, mass_err=-2.141e-10
saved snapshot: results/hit2d/final_thesis_Mach_ReL130_N512/production_N512/Mt060_N512/hit2d_step0092400.npz
step= 92800, t=29.027366, dt=3.000e-04, KE=1.740014e-01, Mt=0.5921, A_K=0.093, Cuv=-0.231, P_in=3.775e-02, P_tgt=3.763e-02, A_F=0.109, K_low=0.238, P_drag=-8.182e-03, P_cool=-1.035e-02, WENO=0.088 (x=0.088, y=0.088), ReL2D=128.12, eps_nu=8.344e-03, P_hv=2.617e-05, rho_mean=1.000000, p_mean=0.734987, div_rms=1.080e+00, vort_rms=2.171e+00, mass_err=-2.150e-10
step= 93200, t=29.147316, dt=2.995e-04, KE=1.756476e-01, Mt=0.5945, A_K=0.065, Cuv=-0.228, P_in=3.942e-02, P_tgt=3.941e-02, A_F=0.063, K_low=0.236, P_drag=-8.266e-03, P_cool=-1.050e-02, WENO=0.088 (x=0.088, y=0.088), ReL2D=128.70, eps_nu=8.378e-03, P_hv=2.674e-05, rho_mean=1.000000, p_mean=0.735285, div_rms=1.071e+00, vort_rms=2.183e+00, mass_err=-2.160e-10
step= 93600, t=29.266918, dt=2.989e-04, KE=1.775589e-01, Mt=0.5981, A_K=0.030, Cuv=-0.212, P_in=4.045e-02, P_tgt=4.043e-02, A_F=0.146, K_low=0.234, P_drag=-8.336e-03, P_cool=-1.062e-02, WENO=0.081 (x=0.081, y=0.081), ReL2D=130.13, eps_nu=8.482e-03, P_hv=2.982e-05, rho_mean=1.000000, p_mean=0.735526, div_rms=1.079e+00, vort_rms=2.196e+00, mass_err=-2.169e-10
step= 94000, t=29.386722, dt=2.992e-04, KE=1.799388e-01, Mt=0.6026, A_K=0.001, Cuv=-0.191, P_in=4.042e-02, P_tgt=4.037e-02, A_F=0.162, K_low=0.230, P_drag=-8.374e-03, P_cool=-1.066e-02, WENO=0.081 (x=0.081, y=0.081), ReL2D=130.91, eps_nu=8.667e-03, P_hv=3.344e-05, rho_mean=1.000000, p_mean=0.735598, div_rms=1.110e+00, vort_rms=2.207e+00, mass_err=-2.178e-10
step= 94400, t=29.505776, dt=2.959e-04, KE=1.822666e-01, Mt=0.6070, A_K=0.022, Cuv=-0.175, P_in=3.905e-02, P_tgt=3.910e-02, A_F=0.156, K_low=0.227, P_drag=-8.393e-03, P_cool=-1.068e-02, WENO=0.082 (x=0.082, y=0.082), ReL2D=132.77, eps_nu=8.781e-03, P_hv=3.471e-05, rho_mean=1.000000, p_mean=0.735649, div_rms=1.123e+00, vort_rms=2.217e+00, mass_err=-2.187e-10
step= 94800, t=29.622713, dt=2.904e-04, KE=1.841626e-01, Mt=0.6113, A_K=0.048, Cuv=-0.164, P_in=3.669e-02, P_tgt=3.683e-02, A_F=0.135, K_low=0.225, P_drag=-8.403e-03, P_cool=-1.074e-02, WENO=0.087 (x=0.087, y=0.087), ReL2D=134.03, eps_nu=8.950e-03, P_hv=3.438e-05, rho_mean=1.000000, p_mean=0.735771, div_rms=1.148e+00, vort_rms=2.229e+00, mass_err=-2.197e-10
step= 95200, t=29.739039, dt=2.926e-04, KE=1.856283e-01, Mt=0.6159, A_K=0.076, Cuv=-0.149, P_in=3.379e-02, P_tgt=3.374e-02, A_F=0.092, K_low=0.224, P_drag=-8.418e-03, P_cool=-1.082e-02, WENO=0.084 (x=0.084, y=0.084), ReL2D=134.71, eps_nu=9.085e-03, P_hv=3.444e-05, rho_mean=1.000000, p_mean=0.735932, div_rms=1.168e+00, vort_rms=2.238e+00, mass_err=-2.206e-10
step= 95600, t=29.856413, dt=2.912e-04, KE=1.867677e-01, Mt=0.6209, A_K=0.104, Cuv=-0.120, P_in=2.995e-02, P_tgt=2.999e-02, A_F=0.160, K_low=0.225, P_drag=-8.462e-03, P_cool=-1.089e-02, WENO=0.086 (x=0.086, y=0.086), ReL2D=134.40, eps_nu=9.323e-03, P_hv=3.250e-05, rho_mean=1.000000, p_mean=0.736068, div_rms=1.208e+00, vort_rms=2.249e+00, mass_err=-2.216e-10
step= 96000, t=29.971573, dt=2.846e-04, KE=1.873913e-01, Mt=0.6245, A_K=0.126, Cuv=-0.092, P_in=2.603e-02, P_tgt=2.598e-02, A_F=0.243, K_low=0.226, P_drag=-8.517e-03, P_cool=-1.096e-02, WENO=0.086 (x=0.086, y=0.086), ReL2D=133.49, eps_nu=9.609e-03, P_hv=3.138e-05, rho_mean=1.000000, p_mean=0.736215, div_rms=1.253e+00, vort_rms=2.264e+00, mass_err=-2.225e-10
step= 96400, t=30.083948, dt=2.780e-04, KE=1.874253e-01, Mt=0.6268, A_K=0.145, Cuv=-0.065, P_in=2.214e-02, P_tgt=2.211e-02, A_F=0.033, K_low=0.228, P_drag=-8.566e-03, P_cool=-1.106e-02, WENO=0.087 (x=0.087, y=0.087), ReL2D=132.70, eps_nu=9.798e-03, P_hv=3.057e-05, rho_mean=1.000000, p_mean=0.736407, div_rms=1.279e+00, vort_rms=2.276e+00, mass_err=-2.234e-10
saved snapshot: results/hit2d/final_thesis_Mach_ReL130_N512/production_N512/Mt060_N512/hit2d_step0096600.npz
step= 96800, t=30.194286, dt=2.736e-04, KE=1.868990e-01, Mt=0.6274, A_K=0.169, Cuv=-0.044, P_in=1.861e-02, P_tgt=1.866e-02, A_F=0.050, K_low=0.231, P_drag=-8.618e-03, P_cool=-1.118e-02, WENO=0.084 (x=0.084, y=0.084), ReL2D=132.32, eps_nu=9.844e-03, P_hv=3.045e-05, rho_mean=1.000000, p_mean=0.736649, div_rms=1.288e+00, vort_rms=2.277e+00, mass_err=-2.244e-10
step= 97200, t=30.303231, dt=2.715e-04, KE=1.858270e-01, Mt=0.6268, A_K=0.188, Cuv=-0.024, P_in=1.578e-02, P_tgt=1.574e-02, A_F=0.099, K_low=0.235, P_drag=-8.669e-03, P_cool=-1.134e-02, WENO=0.082 (x=0.082, y=0.082), ReL2D=131.42, eps_nu=9.850e-03, P_hv=2.987e-05, rho_mean=1.000000, p_mean=0.736959, div_rms=1.297e+00, vort_rms=2.271e+00, mass_err=-2.253e-10
step= 97600, t=30.412052, dt=2.729e-04, KE=1.842530e-01, Mt=0.6254, A_K=0.198, Cuv=-0.010, P_in=1.332e-02, P_tgt=1.337e-02, A_F=0.103, K_low=0.240, P_drag=-8.722e-03, P_cool=-1.153e-02, WENO=0.076 (x=0.076, y=0.076), ReL2D=129.12, eps_nu=9.939e-03, P_hv=2.983e-05, rho_mean=1.000000, p_mean=0.737343, div_rms=1.323e+00, vort_rms=2.266e+00, mass_err=-2.262e-10
warning: flow component anisotropy has increased over the last three diagnostic samples
step= 98000, t=30.521368, dt=2.742e-04, KE=1.825488e-01, Mt=0.6236, A_K=0.205, Cuv=0.002, P_in=1.145e-02, P_tgt=1.146e-02, A_F=0.099, K_low=0.245, P_drag=-8.777e-03, P_cool=-1.169e-02, WENO=0.074 (x=0.074, y=0.074), ReL2D=124.67, eps_nu=1.030e-02, P_hv=3.219e-05, rho_mean=1.000000, p_mean=0.737672, div_rms=1.394e+00, vort_rms=2.269e+00, mass_err=-2.271e-10
warning: flow component anisotropy has increased over the last three diagnostic samples
step= 98400, t=30.631602, dt=2.764e-04, KE=1.811114e-01, Mt=0.6219, A_K=0.215, Cuv=0.019, P_in=9.920e-03, P_tgt=9.932e-03, A_F=0.045, K_low=0.251, P_drag=-8.838e-03, P_cool=-1.176e-02, WENO=0.074 (x=0.074, y=0.074), ReL2D=121.34, eps_nu=1.062e-02, P_hv=3.454e-05, rho_mean=1.000000, p_mean=0.737807, div_rms=1.451e+00, vort_rms=2.274e+00, mass_err=-2.281e-10
warning: flow component anisotropy has increased over the last three diagnostic samples
step= 98800, t=30.742605, dt=2.799e-04, KE=1.803935e-01, Mt=0.6206, A_K=0.227, Cuv=0.043, P_in=8.660e-03, P_tgt=8.684e-03, A_F=0.061, K_low=0.254, P_drag=-8.913e-03, P_cool=-1.165e-02, WENO=0.075 (x=0.075, y=0.075), ReL2D=120.63, eps_nu=1.066e-02, P_hv=3.759e-05, rho_mean=1.000000, p_mean=0.737586, div_rms=1.460e+00, vort_rms=2.272e+00, mass_err=-2.290e-10
warning: flow component anisotropy has increased over the last three diagnostic samples
step= 99200, t=30.855533, dt=2.852e-04, KE=1.805066e-01, Mt=0.6196, A_K=0.240, Cuv=0.069, P_in=7.635e-03, P_tgt=7.645e-03, A_F=0.108, K_low=0.257, P_drag=-9.006e-03, P_cool=-1.135e-02, WENO=0.072 (x=0.072, y=0.072), ReL2D=121.22, eps_nu=1.057e-02, P_hv=3.885e-05, rho_mean=1.000000, p_mean=0.736982, div_rms=1.453e+00, vort_rms=2.263e+00, mass_err=-2.299e-10
warning: flow component anisotropy has increased over the last three diagnostic samples
step= 99600, t=30.970179, dt=2.879e-04, KE=1.806755e-01, Mt=0.6183, A_K=0.251, Cuv=0.091, P_in=6.770e-03, P_tgt=6.772e-03, A_F=0.027, K_low=0.259, P_drag=-9.119e-03, P_cool=-1.102e-02, WENO=0.079 (x=0.079, y=0.079), ReL2D=123.25, eps_nu=1.032e-02, P_hv=3.729e-05, rho_mean=1.000000, p_mean=0.736319, div_rms=1.419e+00, vort_rms=2.251e+00, mass_err=-2.309e-10
warning: flow component anisotropy has increased over the last three diagnostic samples
step=100000, t=31.085853, dt=2.907e-04, KE=1.802374e-01, Mt=0.6158, A_K=0.258, Cuv=0.106, P_in=6.063e-03, P_tgt=6.068e-03, A_F=0.102, K_low=0.262, P_drag=-9.241e-03, P_cool=-1.079e-02, WENO=0.089 (x=0.089, y=0.089), ReL2D=125.94, eps_nu=9.988e-03, P_hv=3.581e-05, rho_mean=1.000000, p_mean=0.735870, div_rms=1.373e+00, vort_rms=2.234e+00, mass_err=-2.318e-10
warning: flow component anisotropy has increased over the last three diagnostic samples
step=100400, t=31.202648, dt=2.927e-04, KE=1.788521e-01, Mt=0.6121, A_K=0.261, Cuv=0.117, P_in=5.541e-03, P_tgt=5.542e-03, A_F=0.161, K_low=0.265, P_drag=-9.356e-03, P_cool=-1.074e-02, WENO=0.094 (x=0.094, y=0.094), ReL2D=126.48, eps_nu=9.739e-03, P_hv=3.327e-05, rho_mean=1.000000, p_mean=0.735768, div_rms=1.345e+00, vort_rms=2.215e+00, mass_err=-2.327e-10
warning: flow component anisotropy has increased over the last three diagnostic samples
step=100800, t=31.319925, dt=2.944e-04, KE=1.764676e-01, Mt=0.6075, A_K=0.267, Cuv=0.127, P_in=5.135e-03, P_tgt=5.198e-03, A_F=0.083, K_low=0.270, P_drag=-9.470e-03, P_cool=-1.087e-02, WENO=0.099 (x=0.099, y=0.099), ReL2D=125.68, eps_nu=9.559e-03, P_hv=3.115e-05, rho_mean=1.000000, p_mean=0.736035, div_rms=1.334e+00, vort_rms=2.193e+00, mass_err=-2.337e-10
saved snapshot: results/hit2d/final_thesis_Mach_ReL130_N512/production_N512/Mt060_N512/hit2d_step0100800.npz
warning: flow component anisotropy has increased over the last three diagnostic samples
step=101200, t=31.439159, dt=3.006e-04, KE=1.737019e-01, Mt=0.6029, A_K=0.274, Cuv=0.142, P_in=5.017e-03, P_tgt=5.025e-03, A_F=0.048, K_low=0.276, P_drag=-9.594e-03, P_cool=-1.106e-02, WENO=0.097 (x=0.097, y=0.097), ReL2D=124.45, eps_nu=9.405e-03, P_hv=2.986e-05, rho_mean=1.000000, p_mean=0.736413, div_rms=1.328e+00, vort_rms=2.172e+00, mass_err=-2.346e-10
warning: flow component anisotropy has increased over the last three diagnostic samples
step=101600, t=31.559699, dt=3.034e-04, KE=1.707729e-01, Mt=0.5989, A_K=0.282, Cuv=0.157, P_in=5.020e-03, P_tgt=4.993e-03, A_F=0.094, K_low=0.284, P_drag=-9.704e-03, P_cool=-1.127e-02, WENO=0.096 (x=0.096, y=0.096), ReL2D=121.96, eps_nu=9.328e-03, P_hv=2.978e-05, rho_mean=1.000000, p_mean=0.736821, div_rms=1.340e+00, vort_rms=2.148e+00, mass_err=-2.355e-10
warning: flow component anisotropy has increased over the last three diagnostic samples
step=102000, t=31.682398, dt=3.101e-04, KE=1.675021e-01, Mt=0.5946, A_K=0.288, Cuv=0.174, P_in=5.125e-03, P_tgt=5.105e-03, A_F=0.153, K_low=0.294, P_drag=-9.771e-03, P_cool=-1.152e-02, WENO=0.093 (x=0.093, y=0.093), ReL2D=121.57, eps_nu=9.044e-03, P_hv=2.903e-05, rho_mean=1.000000, p_mean=0.737332, div_rms=1.313e+00, vort_rms=2.120e+00, mass_err=-2.365e-10
step=102400, t=31.806726, dt=3.105e-04, KE=1.645951e-01, Mt=0.5913, A_K=0.287, Cuv=0.193, P_in=5.311e-03, P_tgt=5.358e-03, A_F=0.022, K_low=0.303, P_drag=-9.763e-03, P_cool=-1.170e-02, WENO=0.093 (x=0.093, y=0.093), ReL2D=121.72, eps_nu=8.849e-03, P_hv=2.960e-05, rho_mean=1.000000, p_mean=0.737680, div_rms=1.304e+00, vort_rms=2.093e+00, mass_err=-2.374e-10
step=102800, t=31.929524, dt=3.045e-04, KE=1.621827e-01, Mt=0.5894, A_K=0.284, Cuv=0.212, P_in=5.747e-03, P_tgt=5.729e-03, A_F=0.076, K_low=0.309, P_drag=-9.681e-03, P_cool=-1.178e-02, WENO=0.094 (x=0.094, y=0.094), ReL2D=121.33, eps_nu=8.778e-03, P_hv=3.058e-05, rho_mean=1.000000, p_mean=0.737851, div_rms=1.312e+00, vort_rms=2.074e+00, mass_err=-2.383e-10
step=103200, t=32.050896, dt=3.037e-04, KE=1.596636e-01, Mt=0.5883, A_K=0.282, Cuv=0.228, P_in=6.171e-03, P_tgt=6.187e-03, A_F=0.044, K_low=0.314, P_drag=-9.547e-03, P_cool=-1.191e-02, WENO=0.090 (x=0.090, y=0.090), ReL2D=119.94, eps_nu=8.861e-03, P_hv=3.157e-05, rho_mean=1.000000, p_mean=0.738100, div_rms=1.343e+00, vort_rms=2.062e+00, mass_err=-2.393e-10
step=103600, t=32.172839, dt=3.061e-04, KE=1.571640e-01, Mt=0.5879, A_K=0.279, Cuv=0.236, P_in=6.690e-03, P_tgt=6.712e-03, A_F=0.023, K_low=0.317, P_drag=-9.389e-03, P_cool=-1.204e-02, WENO=0.083 (x=0.083, y=0.083), ReL2D=114.61, eps_nu=9.311e-03, P_hv=3.268e-05, rho_mean=1.000000, p_mean=0.738371, div_rms=1.447e+00, vort_rms=2.050e+00, mass_err=-2.402e-10
step=104000, t=32.296066, dt=3.078e-04, KE=1.543668e-01, Mt=0.5861, A_K=0.279, Cuv=0.234, P_in=7.279e-03, P_tgt=7.335e-03, A_F=0.149, K_low=0.320, P_drag=-9.220e-03, P_cool=-1.225e-02, WENO=0.079 (x=0.079, y=0.079), ReL2D=109.09, eps_nu=9.690e-03, P_hv=3.333e-05, rho_mean=1.000000, p_mean=0.738791, div_rms=1.532e+00, vort_rms=2.037e+00, mass_err=-2.412e-10
step=104400, t=32.418730, dt=3.059e-04, KE=1.518459e-01, Mt=0.5829, A_K=0.275, Cuv=0.226, P_in=8.226e-03, P_tgt=8.157e-03, A_F=0.068, K_low=0.321, P_drag=-9.072e-03, P_cool=-1.243e-02, WENO=0.087 (x=0.087, y=0.087), ReL2D=108.27, eps_nu=9.543e-03, P_hv=3.285e-05, rho_mean=1.000000, p_mean=0.739143, div_rms=1.520e+00, vort_rms=2.022e+00, mass_err=-2.421e-10
step=104800, t=32.541032, dt=3.060e-04, KE=1.496065e-01, Mt=0.5785, A_K=0.262, Cuv=0.206, P_in=9.301e-03, P_tgt=9.331e-03, A_F=0.122, K_low=0.323, P_drag=-8.968e-03, P_cool=-1.257e-02, WENO=0.094 (x=0.094, y=0.094), ReL2D=109.56, eps_nu=9.205e-03, P_hv=3.000e-05, rho_mean=1.000000, p_mean=0.739427, div_rms=1.470e+00, vort_rms=2.008e+00, mass_err=-2.430e-10
saved snapshot: results/hit2d/final_thesis_Mach_ReL130_N512/production_N512/Mt060_N512/hit2d_step0105000.npz
step=105200, t=32.664063, dt=3.098e-04, KE=1.476263e-01, Mt=0.5736, A_K=0.240, Cuv=0.185, P_in=1.102e-02, P_tgt=1.106e-02, A_F=0.108, K_low=0.327, P_drag=-8.936e-03, P_cool=-1.269e-02, WENO=0.099 (x=0.099, y=0.099), ReL2D=111.63, eps_nu=8.810e-03, P_hv=2.819e-05, rho_mean=1.000000, p_mean=0.739661, div_rms=1.404e+00, vort_rms=1.998e+00, mass_err=-2.439e-10
step=105600, t=32.789029, dt=3.149e-04, KE=1.464082e-01, Mt=0.5698, A_K=0.208, Cuv=0.165, P_in=1.362e-02, P_tgt=1.357e-02, A_F=0.121, K_low=0.332, P_drag=-8.973e-03, P_cool=-1.269e-02, WENO=0.100 (x=0.100, y=0.100), ReL2D=112.67, eps_nu=8.603e-03, P_hv=2.802e-05, rho_mean=1.000000, p_mean=0.739672, div_rms=1.377e+00, vort_rms=1.983e+00, mass_err=-2.448e-10
step=106000, t=32.915644, dt=3.177e-04, KE=1.466390e-01, Mt=0.5683, A_K=0.164, Cuv=0.143, P_in=1.710e-02, P_tgt=1.700e-02, A_F=0.043, K_low=0.335, P_drag=-9.058e-03, P_cool=-1.248e-02, WENO=0.096 (x=0.096, y=0.096), ReL2D=112.21, eps_nu=8.520e-03, P_hv=2.719e-05, rho_mean=1.000000, p_mean=0.739243, div_rms=1.370e+00, vort_rms=1.975e+00, mass_err=-2.457e-10
step=106400, t=33.042536, dt=3.159e-04, KE=1.481290e-01, Mt=0.5695, A_K=0.123, Cuv=0.116, P_in=2.125e-02, P_tgt=2.130e-02, A_F=0.022, K_low=0.335, P_drag=-9.143e-03, P_cool=-1.212e-02, WENO=0.094 (x=0.094, y=0.094), ReL2D=113.13, eps_nu=8.465e-03, P_hv=2.722e-05, rho_mean=1.000000, p_mean=0.738520, div_rms=1.362e+00, vort_rms=1.972e+00, mass_err=-2.467e-10
step=106800, t=33.168492, dt=3.143e-04, KE=1.502154e-01, Mt=0.5724, A_K=0.094, Cuv=0.097, P_in=2.627e-02, P_tgt=2.627e-02, A_F=0.027, K_low=0.331, P_drag=-9.186e-03, P_cool=-1.177e-02, WENO=0.091 (x=0.091, y=0.091), ReL2D=114.76, eps_nu=8.388e-03, P_hv=2.738e-05, rho_mean=1.000000, p_mean=0.737816, div_rms=1.342e+00, vort_rms=1.975e+00, mass_err=-2.476e-10
step=107200, t=33.294222, dt=3.137e-04, KE=1.528637e-01, Mt=0.5761, A_K=0.069, Cuv=0.089, P_in=3.156e-02, P_tgt=3.157e-02, A_F=0.043, K_low=0.324, P_drag=-9.201e-03, P_cool=-1.145e-02, WENO=0.091 (x=0.091, y=0.091), ReL2D=115.06, eps_nu=8.471e-03, P_hv=2.644e-05, rho_mean=1.000000, p_mean=0.737176, div_rms=1.352e+00, vort_rms=1.982e+00, mass_err=-2.485e-10
step=107600, t=33.419799, dt=3.153e-04, KE=1.560400e-01, Mt=0.5802, A_K=0.051, Cuv=0.090, P_in=3.680e-02, P_tgt=3.683e-02, A_F=0.077, K_low=0.315, P_drag=-9.186e-03, P_cool=-1.117e-02, WENO=0.089 (x=0.089, y=0.089), ReL2D=115.02, eps_nu=8.620e-03, P_hv=2.566e-05, rho_mean=1.000000, p_mean=0.736619, div_rms=1.369e+00, vort_rms=1.994e+00, mass_err=-2.494e-10
step=108000, t=33.546939, dt=3.210e-04, KE=1.594674e-01, Mt=0.5846, A_K=0.033, Cuv=0.102, P_in=4.158e-02, P_tgt=4.164e-02, A_F=0.180, K_low=0.306, P_drag=-9.152e-03, P_cool=-1.098e-02, WENO=0.087 (x=0.087, y=0.087), ReL2D=115.23, eps_nu=8.805e-03, P_hv=2.467e-05, rho_mean=1.000000, p_mean=0.736253, div_rms=1.380e+00, vort_rms=2.019e+00, mass_err=-2.504e-10
step=108400, t=33.676099, dt=3.233e-04, KE=1.626647e-01, Mt=0.5887, A_K=0.013, Cuv=0.110, P_in=4.564e-02, P_tgt=4.564e-02, A_F=0.192, K_low=0.298, P_drag=-9.124e-03, P_cool=-1.097e-02, WENO=0.088 (x=0.088, y=0.088), ReL2D=115.48, eps_nu=9.000e-03, P_hv=2.415e-05, rho_mean=1.000000, p_mean=0.736228, div_rms=1.376e+00, vort_rms=2.059e+00, mass_err=-2.513e-10
step=108800, t=33.804021, dt=3.140e-04, KE=1.657748e-01, Mt=0.5933, A_K=0.016, Cuv=0.109, P_in=4.853e-02, P_tgt=4.856e-02, A_F=0.199, K_low=0.291, P_drag=-9.114e-03, P_cool=-1.105e-02, WENO=0.089 (x=0.089, y=0.089), ReL2D=116.34, eps_nu=9.195e-03, P_hv=2.500e-05, rho_mean=1.000000, p_mean=0.736387, div_rms=1.370e+00, vort_rms=2.099e+00, mass_err=-2.522e-10
step=109200, t=33.927482, dt=3.031e-04, KE=1.692984e-01, Mt=0.5995, A_K=0.060, Cuv=0.104, P_in=4.979e-02, P_tgt=4.983e-02, A_F=0.208, K_low=0.286, P_drag=-9.132e-03, P_cool=-1.107e-02, WENO=0.094 (x=0.094, y=0.094), ReL2D=117.73, eps_nu=9.417e-03, P_hv=2.658e-05, rho_mean=1.000000, p_mean=0.736423, div_rms=1.373e+00, vort_rms=2.136e+00, mass_err=-2.531e-10
saved snapshot: results/hit2d/final_thesis_Mach_ReL130_N512/production_N512/Mt060_N512/hit2d_step0109200.npz
step=109600, t=34.046514, dt=2.926e-04, KE=1.731181e-01, Mt=0.6072, A_K=0.109, Cuv=0.106, P_in=4.888e-02, P_tgt=4.877e-02, A_F=0.152, K_low=0.282, P_drag=-9.176e-03, P_cool=-1.100e-02, WENO=0.097 (x=0.097, y=0.097), ReL2D=118.98, eps_nu=9.708e-03, P_hv=2.752e-05, rho_mean=1.000000, p_mean=0.736283, div_rms=1.392e+00, vort_rms=2.171e+00, mass_err=-2.541e-10
step=110000, t=34.162137, dt=2.864e-04, KE=1.762831e-01, Mt=0.6142, A_K=0.148, Cuv=0.109, P_in=4.541e-02, P_tgt=4.547e-02, A_F=0.195, K_low=0.281, P_drag=-9.241e-03, P_cool=-1.098e-02, WENO=0.096 (x=0.096, y=0.096), ReL2D=120.02, eps_nu=9.995e-03, P_hv=2.811e-05, rho_mean=1.000000, p_mean=0.736252, div_rms=1.412e+00, vort_rms=2.203e+00, mass_err=-2.550e-10
step=110400, t=34.275694, dt=2.812e-04, KE=1.784747e-01, Mt=0.6192, A_K=0.172, Cuv=0.110, P_in=4.075e-02, P_tgt=4.083e-02, A_F=0.124, K_low=0.282, P_drag=-9.302e-03, P_cool=-1.106e-02, WENO=0.098 (x=0.098, y=0.098), ReL2D=120.51, eps_nu=1.028e-02, P_hv=2.959e-05, rho_mean=1.000000, p_mean=0.736399, div_rms=1.431e+00, vort_rms=2.235e+00, mass_err=-2.559e-10
step=110800, t=34.386512, dt=2.692e-04, KE=1.801367e-01, Mt=0.6227, A_K=0.175, Cuv=0.109, P_in=3.591e-02, P_tgt=3.573e-02, A_F=0.095, K_low=0.282, P_drag=-9.330e-03, P_cool=-1.111e-02, WENO=0.100 (x=0.100, y=0.100), ReL2D=119.11, eps_nu=1.071e-02, P_hv=3.087e-05, rho_mean=1.000000, p_mean=0.736510, div_rms=1.483e+00, vort_rms=2.261e+00, mass_err=-2.569e-10
step=111200, t=34.492373, dt=2.630e-04, KE=1.810913e-01, Mt=0.6243, A_K=0.166, Cuv=0.104, P_in=3.077e-02, P_tgt=3.078e-02, A_F=0.015, K_low=0.281, P_drag=-9.335e-03, P_cool=-1.119e-02, WENO=0.104 (x=0.104, y=0.104), ReL2D=118.35, eps_nu=1.096e-02, P_hv=3.379e-05, rho_mean=1.000000, p_mean=0.736656, div_rms=1.511e+00, vort_rms=2.278e+00, mass_err=-2.578e-10
step=111600, t=34.597778, dt=2.645e-04, KE=1.813509e-01, Mt=0.6247, A_K=0.149, Cuv=0.091, P_in=2.656e-02, P_tgt=2.640e-02, A_F=0.006, K_low=0.281, P_drag=-9.340e-03, P_cool=-1.130e-02, WENO=0.100 (x=0.100, y=0.100), ReL2D=119.09, eps_nu=1.099e-02, P_hv=3.602e-05, rho_mean=1.000000, p_mean=0.736878, div_rms=1.504e+00, vort_rms=2.289e+00, mass_err=-2.587e-10
step=112000, t=34.703986, dt=2.668e-04, KE=1.813945e-01, Mt=0.6252, A_K=0.127, Cuv=0.079, P_in=2.258e-02, P_tgt=2.258e-02, A_F=0.044, K_low=0.280, P_drag=-9.365e-03, P_cool=-1.136e-02, WENO=0.098 (x=0.098, y=0.098), ReL2D=120.48, eps_nu=1.097e-02, P_hv=3.521e-05, rho_mean=1.000000, p_mean=0.737013, div_rms=1.501e+00, vort_rms=2.288e+00, mass_err=-2.597e-10
step=112400, t=34.811744, dt=2.725e-04, KE=1.810991e-01, Mt=0.6252, A_K=0.109, Cuv=0.075, P_in=1.930e-02, P_tgt=1.927e-02, A_F=0.303, K_low=0.281, P_drag=-9.422e-03, P_cool=-1.142e-02, WENO=0.098 (x=0.098, y=0.098), ReL2D=121.29, eps_nu=1.100e-02, P_hv=3.426e-05, rho_mean=1.000000, p_mean=0.737133, div_rms=1.511e+00, vort_rms=2.285e+00, mass_err=-2.606e-10
step=112800, t=34.921344, dt=2.756e-04, KE=1.797526e-01, Mt=0.6238, A_K=0.102, Cuv=0.076, P_in=1.656e-02, P_tgt=1.651e-02, A_F=0.274, K_low=0.284, P_drag=-9.494e-03, P_cool=-1.162e-02, WENO=0.098 (x=0.098, y=0.098), ReL2D=123.06, eps_nu=1.086e-02, P_hv=3.654e-05, rho_mean=1.000000, p_mean=0.737534, div_rms=1.495e+00, vort_rms=2.276e+00, mass_err=-2.615e-10
step=113200, t=35.032726, dt=2.816e-04, KE=1.778398e-01, Mt=0.6213, A_K=0.104, Cuv=0.081, P_in=1.428e-02, P_tgt=1.431e-02, A_F=0.255, K_low=0.288, P_drag=-9.562e-03, P_cool=-1.187e-02, WENO=0.105 (x=0.105, y=0.105), ReL2D=124.67, eps_nu=1.066e-02, P_hv=3.676e-05, rho_mean=1.000000, p_mean=0.738036, div_rms=1.472e+00, vort_rms=2.263e+00, mass_err=-2.625e-10
saved snapshot: results/hit2d/final_thesis_Mach_ReL130_N512/production_N512/Mt060_N512/hit2d_step0113400.npz
step=113600, t=35.146089, dt=2.850e-04, KE=1.762765e-01, Mt=0.6192, A_K=0.110, Cuv=0.087, P_in=1.250e-02, P_tgt=1.259e-02, A_F=0.211, K_low=0.291, P_drag=-9.606e-03, P_cool=-1.200e-02, WENO=0.109 (x=0.109, y=0.109), ReL2D=124.96, eps_nu=1.054e-02, P_hv=3.470e-05, rho_mean=1.000000, p_mean=0.738293, div_rms=1.463e+00, vort_rms=2.251e+00, mass_err=-2.634e-10
step=114000, t=35.260281, dt=2.861e-04, KE=1.747918e-01, Mt=0.6165, A_K=0.116, Cuv=0.088, P_in=1.126e-02, P_tgt=1.123e-02, A_F=0.072, K_low=0.292, P_drag=-9.600e-03, P_cool=-1.208e-02, WENO=0.106 (x=0.106, y=0.106), ReL2D=124.00, eps_nu=1.053e-02, P_hv=3.465e-05, rho_mean=1.000000, p_mean=0.738440, div_rms=1.469e+00, vort_rms=2.244e+00, mass_err=-2.643e-10
step=114400, t=35.374824, dt=2.861e-04, KE=1.733639e-01, Mt=0.6134, A_K=0.126, Cuv=0.079, P_in=1.025e-02, P_tgt=1.020e-02, A_F=0.108, K_low=0.291, P_drag=-9.524e-03, P_cool=-1.211e-02, WENO=0.102 (x=0.102, y=0.102), ReL2D=122.09, eps_nu=1.057e-02, P_hv=3.649e-05, rho_mean=1.000000, p_mean=0.738507, div_rms=1.481e+00, vort_rms=2.240e+00, mass_err=-2.652e-10
step=114800, t=35.489651, dt=2.887e-04, KE=1.719453e-01, Mt=0.6094, A_K=0.133, Cuv=0.067, P_in=9.383e-03, P_tgt=9.467e-03, A_F=0.005, K_low=0.287, P_drag=-9.392e-03, P_cool=-1.212e-02, WENO=0.105 (x=0.105, y=0.105), ReL2D=120.84, eps_nu=1.052e-02, P_hv=3.906e-05, rho_mean=1.000000, p_mean=0.738532, div_rms=1.485e+00, vort_rms=2.227e+00, mass_err=-2.661e-10
step=115200, t=35.605225, dt=2.890e-04, KE=1.705479e-01, Mt=0.6048, A_K=0.133, Cuv=0.052, P_in=9.025e-03, P_tgt=9.036e-03, A_F=0.210, K_low=0.282, P_drag=-9.221e-03, P_cool=-1.212e-02, WENO=0.111 (x=0.111, y=0.111), ReL2D=119.50, eps_nu=1.044e-02, P_hv=3.947e-05, rho_mean=1.000000, p_mean=0.738525, div_rms=1.491e+00, vort_rms=2.210e+00, mass_err=-2.671e-10
step=115600, t=35.721145, dt=2.918e-04, KE=1.694471e-01, Mt=0.6009, A_K=0.130, Cuv=0.032, P_in=8.825e-03, P_tgt=8.874e-03, A_F=0.093, K_low=0.277, P_drag=-9.039e-03, P_cool=-1.205e-02, WENO=0.110 (x=0.110, y=0.110), ReL2D=118.07, eps_nu=1.037e-02, P_hv=3.861e-05, rho_mean=1.000000, p_mean=0.738391, div_rms=1.493e+00, vort_rms=2.196e+00, mass_err=-2.680e-10
step=116000, t=35.836602, dt=2.871e-04, KE=1.684799e-01, Mt=0.5991, A_K=0.138, Cuv=0.007, P_in=8.999e-03, P_tgt=8.884e-03, A_F=0.128, K_low=0.272, P_drag=-8.837e-03, P_cool=-1.196e-02, WENO=0.105 (x=0.105, y=0.105), ReL2D=117.01, eps_nu=1.028e-02, P_hv=3.852e-05, rho_mean=1.000000, p_mean=0.738215, div_rms=1.483e+00, vort_rms=2.189e+00, mass_err=-2.689e-10
step=116400, t=35.951980, dt=2.904e-04, KE=1.670865e-01, Mt=0.5968, A_K=0.144, Cuv=-0.007, P_in=8.983e-03, P_tgt=8.997e-03, A_F=0.123, K_low=0.267, P_drag=-8.617e-03, P_cool=-1.197e-02, WENO=0.109 (x=0.109, y=0.109), ReL2D=117.27, eps_nu=1.007e-02, P_hv=3.804e-05, rho_mean=1.000000, p_mean=0.738226, div_rms=1.449e+00, vort_rms=2.183e+00, mass_err=-2.698e-10
step=116800, t=36.068717, dt=2.904e-04, KE=1.652411e-01, Mt=0.5929, A_K=0.136, Cuv=-0.010, P_in=9.224e-03, P_tgt=9.307e-03, A_F=0.084, K_low=0.264, P_drag=-8.399e-03, P_cool=-1.207e-02, WENO=0.111 (x=0.111, y=0.111), ReL2D=115.85, eps_nu=9.928e-03, P_hv=3.635e-05, rho_mean=1.000000, p_mean=0.738428, div_rms=1.434e+00, vort_rms=2.172e+00, mass_err=-2.707e-10
step=117200, t=36.185618, dt=2.964e-04, KE=1.632814e-01, Mt=0.5882, A_K=0.127, Cuv=-0.011, P_in=1.008e-02, P_tgt=9.930e-03, A_F=0.040, K_low=0.262, P_drag=-8.207e-03, P_cool=-1.221e-02, WENO=0.111 (x=0.111, y=0.111), ReL2D=113.71, eps_nu=9.798e-03, P_hv=3.658e-05, rho_mean=1.000000, p_mean=0.738702, div_rms=1.424e+00, vort_rms=2.158e+00, mass_err=-2.717e-10
step=117600, t=36.305820, dt=3.033e-04, KE=1.616233e-01, Mt=0.5839, A_K=0.124, Cuv=-0.009, P_in=1.102e-02, P_tgt=1.095e-02, A_F=0.086, K_low=0.259, P_drag=-8.042e-03, P_cool=-1.230e-02, WENO=0.107 (x=0.107, y=0.107), ReL2D=111.09, eps_nu=9.844e-03, P_hv=3.468e-05, rho_mean=1.000000, p_mean=0.738885, div_rms=1.448e+00, vort_rms=2.145e+00, mass_err=-2.726e-10
saved snapshot: results/hit2d/final_thesis_Mach_ReL130_N512/production_N512/Mt060_N512/hit2d_step0117600.npz
step=118000, t=36.427373, dt=3.037e-04, KE=1.607219e-01, Mt=0.5813, A_K=0.118, Cuv=-0.002, P_in=1.240e-02, P_tgt=1.237e-02, A_F=0.098, K_low=0.256, P_drag=-7.898e-03, P_cool=-1.227e-02, WENO=0.100 (x=0.100, y=0.100), ReL2D=107.82, eps_nu=1.004e-02, P_hv=3.435e-05, rho_mean=1.000000, p_mean=0.738828, div_rms=1.497e+00, vort_rms=2.135e+00, mass_err=-2.735e-10
step=118400, t=36.548521, dt=2.983e-04, KE=1.601883e-01, Mt=0.5792, A_K=0.110, Cuv=0.011, P_in=1.427e-02, P_tgt=1.421e-02, A_F=0.014, K_low=0.252, P_drag=-7.768e-03, P_cool=-1.221e-02, WENO=0.091 (x=0.091, y=0.091), ReL2D=105.74, eps_nu=1.012e-02, P_hv=3.418e-05, rho_mean=1.000000, p_mean=0.738711, div_rms=1.522e+00, vort_rms=2.125e+00, mass_err=-2.744e-10
step=118800, t=36.667193, dt=3.002e-04, KE=1.595863e-01, Mt=0.5775, A_K=0.101, Cuv=0.028, P_in=1.649e-02, P_tgt=1.655e-02, A_F=0.050, K_low=0.248, P_drag=-7.644e-03, P_cool=-1.222e-02, WENO=0.085 (x=0.085, y=0.085), ReL2D=105.66, eps_nu=9.924e-03, P_hv=3.476e-05, rho_mean=1.000000, p_mean=0.738733, div_rms=1.493e+00, vort_rms=2.118e+00, mass_err=-2.754e-10
step=119200, t=36.790045, dt=3.150e-04, KE=1.591091e-01, Mt=0.5766, A_K=0.090, Cuv=0.038, P_in=1.948e-02, P_tgt=1.948e-02, A_F=0.121, K_low=0.245, P_drag=-7.537e-03, P_cool=-1.227e-02, WENO=0.090 (x=0.090, y=0.090), ReL2D=107.43, eps_nu=9.618e-03, P_hv=3.183e-05, rho_mean=1.000000, p_mean=0.738829, div_rms=1.442e+00, vort_rms=2.110e+00, mass_err=-2.763e-10
step=119600, t=36.918619, dt=3.252e-04, KE=1.590203e-01, Mt=0.5776, A_K=0.080, Cuv=0.048, P_in=2.296e-02, P_tgt=2.294e-02, A_F=0.116, K_low=0.244, P_drag=-7.449e-03, P_cool=-1.232e-02, WENO=0.095 (x=0.095, y=0.095), ReL2D=110.86, eps_nu=9.298e-03, P_hv=2.897e-05, rho_mean=1.000000, p_mean=0.738933, div_rms=1.384e+00, vort_rms=2.105e+00, mass_err=-2.772e-10
step=120000, t=37.049248, dt=3.280e-04, KE=1.594345e-01, Mt=0.5805, A_K=0.072, Cuv=0.051, P_in=2.665e-02, P_tgt=2.661e-02, A_F=0.023, K_low=0.244, P_drag=-7.374e-03, P_cool=-1.237e-02, WENO=0.095 (x=0.095, y=0.095), ReL2D=114.00, eps_nu=9.106e-03, P_hv=2.801e-05, rho_mean=1.000000, p_mean=0.739027, div_rms=1.344e+00, vort_rms=2.106e+00, mass_err=-2.781e-10
step=120400, t=37.179881, dt=3.258e-04, KE=1.605298e-01, Mt=0.5852, A_K=0.071, Cuv=0.058, P_in=3.001e-02, P_tgt=3.002e-02, A_F=0.070, K_low=0.242, P_drag=-7.299e-03, P_cool=-1.238e-02, WENO=0.094 (x=0.094, y=0.094), ReL2D=116.06, eps_nu=9.081e-03, P_hv=2.847e-05, rho_mean=1.000000, p_mean=0.739039, div_rms=1.326e+00, vort_rms=2.116e+00, mass_err=-2.791e-10
step=120800, t=37.310450, dt=3.274e-04, KE=1.620263e-01, Mt=0.5904, A_K=0.078, Cuv=0.065, P_in=3.268e-02, P_tgt=3.264e-02, A_F=0.111, K_low=0.240, P_drag=-7.227e-03, P_cool=-1.238e-02, WENO=0.099 (x=0.099, y=0.099), ReL2D=117.56, eps_nu=9.144e-03, P_hv=2.838e-05, rho_mean=1.000000, p_mean=0.739055, div_rms=1.317e+00, vort_rms=2.135e+00, mass_err=-2.800e-10
step=121200, t=37.440373, dt=3.197e-04, KE=1.635539e-01, Mt=0.5942, A_K=0.089, Cuv=0.070, P_in=3.432e-02, P_tgt=3.436e-02, A_F=0.052, K_low=0.236, P_drag=-7.167e-03, P_cool=-1.244e-02, WENO=0.104 (x=0.104, y=0.104), ReL2D=119.20, eps_nu=9.144e-03, P_hv=2.862e-05, rho_mean=1.000000, p_mean=0.739171, div_rms=1.293e+00, vort_rms=2.155e+00, mass_err=-2.809e-10
step=121600, t=37.566543, dt=3.119e-04, KE=1.653321e-01, Mt=0.5972, A_K=0.102, Cuv=0.063, P_in=3.526e-02, P_tgt=3.536e-02, A_F=0.106, K_low=0.231, P_drag=-7.132e-03, P_cool=-1.247e-02, WENO=0.107 (x=0.107, y=0.107), ReL2D=120.26, eps_nu=9.153e-03, P_hv=2.820e-05, rho_mean=1.000000, p_mean=0.739234, div_rms=1.271e+00, vort_rms=2.173e+00, mass_err=-2.818e-10
saved snapshot: results/hit2d/final_thesis_Mach_ReL130_N512/production_N512/Mt060_N512/hit2d_step0121800.npz
step=122000, t=37.691650, dt=3.174e-04, KE=1.674125e-01, Mt=0.5997, A_K=0.109, Cuv=0.050, P_in=3.599e-02, P_tgt=3.571e-02, A_F=0.106, K_low=0.228, P_drag=-7.156e-03, P_cool=-1.246e-02, WENO=0.106 (x=0.106, y=0.106), ReL2D=119.84, eps_nu=9.284e-03, P_hv=2.813e-05, rho_mean=1.000000, p_mean=0.739200, div_rms=1.280e+00, vort_rms=2.189e+00, mass_err=-2.828e-10
step=122400, t=37.820456, dt=3.206e-04, KE=1.698344e-01, Mt=0.6022, A_K=0.112, Cuv=0.028, P_in=3.555e-02, P_tgt=3.551e-02, A_F=0.120, K_low=0.226, P_drag=-7.239e-03, P_cool=-1.238e-02, WENO=0.109 (x=0.109, y=0.109), ReL2D=120.47, eps_nu=9.307e-03, P_hv=2.682e-05, rho_mean=1.000000, p_mean=0.739056, div_rms=1.265e+00, vort_rms=2.205e+00, mass_err=-2.837e-10
step=122800, t=37.947782, dt=3.169e-04, KE=1.728085e-01, Mt=0.6057, A_K=0.100, Cuv=-0.005, P_in=3.459e-02, P_tgt=3.461e-02, A_F=0.026, K_low=0.223, P_drag=-7.356e-03, P_cool=-1.219e-02, WENO=0.107 (x=0.107, y=0.107), ReL2D=121.20, eps_nu=9.415e-03, P_hv=2.646e-05, rho_mean=1.000000, p_mean=0.738657, div_rms=1.265e+00, vort_rms=2.222e+00, mass_err=-2.846e-10
step=123200, t=38.072734, dt=3.074e-04, KE=1.759917e-01, Mt=0.6089, A_K=0.083, Cuv=-0.037, P_in=3.295e-02, P_tgt=3.299e-02, A_F=0.052, K_low=0.221, P_drag=-7.499e-03, P_cool=-1.191e-02, WENO=0.106 (x=0.106, y=0.106), ReL2D=121.42, eps_nu=9.615e-03, P_hv=2.688e-05, rho_mean=1.000000, p_mean=0.738103, div_rms=1.284e+00, vort_rms=2.242e+00, mass_err=-2.855e-10
step=123600, t=38.195486, dt=3.070e-04, KE=1.787020e-01, Mt=0.6112, A_K=0.069, Cuv=-0.061, P_in=3.097e-02, P_tgt=3.088e-02, A_F=0.040, K_low=0.220, P_drag=-7.646e-03, P_cool=-1.168e-02, WENO=0.101 (x=0.101, y=0.101), ReL2D=122.22, eps_nu=9.781e-03, P_hv=2.766e-05, rho_mean=1.000000, p_mean=0.737638, div_rms=1.296e+00, vort_rms=2.261e+00, mass_err=-2.864e-10
step=124000, t=38.318162, dt=3.057e-04, KE=1.810884e-01, Mt=0.6125, A_K=0.064, Cuv=-0.077, P_in=2.845e-02, P_tgt=2.858e-02, A_F=0.079, K_low=0.220, P_drag=-7.808e-03, P_cool=-1.146e-02, WENO=0.099 (x=0.099, y=0.099), ReL2D=122.22, eps_nu=9.930e-03, P_hv=2.855e-05, rho_mean=1.000000, p_mean=0.737198, div_rms=1.314e+00, vort_rms=2.271e+00, mass_err=-2.874e-10
step=124400, t=38.440609, dt=3.070e-04, KE=1.832677e-01, Mt=0.6131, A_K=0.066, Cuv=-0.088, P_in=2.644e-02, P_tgt=2.632e-02, A_F=0.034, K_low=0.221, P_drag=-7.985e-03, P_cool=-1.122e-02, WENO=0.096 (x=0.096, y=0.096), ReL2D=121.96, eps_nu=1.005e-02, P_hv=2.855e-05, rho_mean=1.000000, p_mean=0.736733, div_rms=1.330e+00, vort_rms=2.278e+00, mass_err=-2.883e-10
step=124800, t=38.563874, dt=3.085e-04, KE=1.846944e-01, Mt=0.6135, A_K=0.080, Cuv=-0.090, P_in=2.415e-02, P_tgt=2.415e-02, A_F=0.215, K_low=0.224, P_drag=-8.190e-03, P_cool=-1.109e-02, WENO=0.091 (x=0.091, y=0.091), ReL2D=122.99, eps_nu=1.003e-02, P_hv=2.783e-05, rho_mean=1.000000, p_mean=0.736464, div_rms=1.323e+00, vort_rms=2.281e+00, mass_err=-2.892e-10
step=125200, t=38.687935, dt=3.120e-04, KE=1.854637e-01, Mt=0.6143, A_K=0.097, Cuv=-0.085, P_in=2.221e-02, P_tgt=2.209e-02, A_F=0.004, K_low=0.231, P_drag=-8.435e-03, P_cool=-1.103e-02, WENO=0.088 (x=0.088, y=0.088), ReL2D=124.38, eps_nu=9.967e-03, P_hv=2.734e-05, rho_mean=1.000000, p_mean=0.736346, div_rms=1.306e+00, vort_rms=2.284e+00, mass_err=-2.902e-10
step=125600, t=38.813864, dt=3.164e-04, KE=1.855476e-01, Mt=0.6150, A_K=0.112, Cuv=-0.069, P_in=2.002e-02, P_tgt=2.010e-02, A_F=0.028, K_low=0.239, P_drag=-8.722e-03, P_cool=-1.105e-02, WENO=0.085 (x=0.085, y=0.085), ReL2D=127.97, eps_nu=9.748e-03, P_hv=2.790e-05, rho_mean=1.000000, p_mean=0.736386, div_rms=1.259e+00, vort_rms=2.283e+00, mass_err=-2.911e-10
step=126000, t=38.939324, dt=3.125e-04, KE=1.852327e-01, Mt=0.6155, A_K=0.126, Cuv=-0.054, P_in=1.818e-02, P_tgt=1.822e-02, A_F=0.164, K_low=0.248, P_drag=-9.027e-03, P_cool=-1.109e-02, WENO=0.088 (x=0.088, y=0.088), ReL2D=130.52, eps_nu=9.553e-03, P_hv=2.879e-05, rho_mean=1.000000, p_mean=0.736467, div_rms=1.225e+00, vort_rms=2.275e+00, mass_err=-2.920e-10
saved snapshot: results/hit2d/final_thesis_Mach_ReL130_N512/production_N512/Mt060_N512/hit2d_step0126000.npz
step=126400, t=39.064536, dt=3.139e-04, KE=1.848485e-01, Mt=0.6158, A_K=0.143, Cuv=-0.034, P_in=1.646e-02, P_tgt=1.648e-02, A_F=0.165, K_low=0.258, P_drag=-9.348e-03, P_cool=-1.109e-02, WENO=0.090 (x=0.090, y=0.090), ReL2D=132.01, eps_nu=9.430e-03, P_hv=2.965e-05, rho_mean=1.000000, p_mean=0.736466, div_rms=1.208e+00, vort_rms=2.267e+00, mass_err=-2.930e-10
step=126800, t=39.190512, dt=3.156e-04, KE=1.844967e-01, Mt=0.6157, A_K=0.158, Cuv=-0.017, P_in=1.490e-02, P_tgt=1.490e-02, A_F=0.086, K_low=0.268, P_drag=-9.691e-03, P_cool=-1.103e-02, WENO=0.091 (x=0.091, y=0.091), ReL2D=133.67, eps_nu=9.260e-03, P_hv=2.868e-05, rho_mean=1.000000, p_mean=0.736354, div_rms=1.174e+00, vort_rms=2.262e+00, mass_err=-2.939e-10
step=127200, t=39.316660, dt=3.144e-04, KE=1.841509e-01, Mt=0.6156, A_K=0.170, Cuv=-0.006, P_in=1.355e-02, P_tgt=1.348e-02, A_F=0.033, K_low=0.278, P_drag=-1.004e-02, P_cool=-1.094e-02, WENO=0.098 (x=0.098, y=0.098), ReL2D=135.58, eps_nu=9.130e-03, P_hv=2.848e-05, rho_mean=1.000000, p_mean=0.736158, div_rms=1.147e+00, vort_rms=2.259e+00, mass_err=-2.948e-10
step=127600, t=39.441122, dt=3.095e-04, KE=1.833585e-01, Mt=0.6154, A_K=0.181, Cuv=0.002, P_in=1.218e-02, P_tgt=1.220e-02, A_F=0.065, K_low=0.289, P_drag=-1.037e-02, P_cool=-1.089e-02, WENO=0.101 (x=0.101, y=0.101), ReL2D=136.75, eps_nu=9.038e-03, P_hv=2.883e-05, rho_mean=1.000000, p_mean=0.736073, div_rms=1.130e+00, vort_rms=2.256e+00, mass_err=-2.958e-10
step=128000, t=39.564924, dt=3.104e-04, KE=1.819423e-01, Mt=0.6145, A_K=0.193, Cuv=0.009, P_in=1.098e-02, P_tgt=1.108e-02, A_F=0.019, K_low=0.300, P_drag=-1.067e-02, P_cool=-1.094e-02, WENO=0.104 (x=0.104, y=0.104), ReL2D=136.61, eps_nu=8.966e-03, P_hv=2.856e-05, rho_mean=1.000000, p_mean=0.736165, div_rms=1.125e+00, vort_rms=2.247e+00, mass_err=-2.967e-10
step=128400, t=39.689453, dt=3.119e-04, KE=1.800498e-01, Mt=0.6127, A_K=0.200, Cuv=0.019, P_in=1.012e-02, P_tgt=1.014e-02, A_F=0.113, K_low=0.311, P_drag=-1.093e-02, P_cool=-1.104e-02, WENO=0.103 (x=0.103, y=0.103), ReL2D=135.66, eps_nu=8.910e-03, P_hv=2.883e-05, rho_mean=1.000000, p_mean=0.736367, div_rms=1.128e+00, vort_rms=2.236e+00, mass_err=-2.976e-10
step=128800, t=39.814262, dt=3.111e-04, KE=1.780350e-01, Mt=0.6104, A_K=0.197, Cuv=0.029, P_in=9.517e-03, P_tgt=9.411e-03, A_F=0.114, K_low=0.323, P_drag=-1.116e-02, P_cool=-1.113e-02, WENO=0.100 (x=0.100, y=0.100), ReL2D=133.26, eps_nu=8.917e-03, P_hv=2.926e-05, rho_mean=1.000000, p_mean=0.736549, div_rms=1.148e+00, vort_rms=2.223e+00, mass_err=-2.986e-10
step=129200, t=39.938796, dt=3.130e-04, KE=1.757359e-01, Mt=0.6072, A_K=0.192, Cuv=0.035, P_in=8.837e-03, P_tgt=8.876e-03, A_F=0.057, K_low=0.335, P_drag=-1.139e-02, P_cool=-1.126e-02, WENO=0.102 (x=0.102, y=0.102), ReL2D=130.81, eps_nu=8.895e-03, P_hv=2.958e-05, rho_mean=1.000000, p_mean=0.736796, div_rms=1.165e+00, vort_rms=2.208e+00, mass_err=-2.995e-10
step=129600, t=40.064824, dt=3.153e-04, KE=1.734097e-01, Mt=0.6036, A_K=0.186, Cuv=0.036, P_in=8.556e-03, P_tgt=8.570e-03, A_F=0.105, K_low=0.347, P_drag=-1.162e-02, P_cool=-1.136e-02, WENO=0.096 (x=0.096, y=0.096), ReL2D=130.32, eps_nu=8.744e-03, P_hv=2.901e-05, rho_mean=1.000000, p_mean=0.737010, div_rms=1.150e+00, vort_rms=2.193e+00, mass_err=-3.004e-10
step=130000, t=40.190149, dt=3.118e-04, KE=1.716166e-01, Mt=0.6007, A_K=0.175, Cuv=0.034, P_in=8.434e-03, P_tgt=8.453e-03, A_F=0.114, K_low=0.360, P_drag=-1.189e-02, P_cool=-1.135e-02, WENO=0.093 (x=0.093, y=0.093), ReL2D=131.04, eps_nu=8.559e-03, P_hv=2.844e-05, rho_mean=1.000000, p_mean=0.736995, div_rms=1.125e+00, vort_rms=2.178e+00, mass_err=-3.014e-10
saved snapshot: results/hit2d/final_thesis_Mach_ReL130_N512/production_N512/Mt060_N512/hit2d_step0130200.npz
step=130400, t=40.315024, dt=3.135e-04, KE=1.704212e-01, Mt=0.5988, A_K=0.163, Cuv=0.033, P_in=8.500e-03, P_tgt=8.472e-03, A_F=0.024, K_low=0.373, P_drag=-1.219e-02, P_cool=-1.122e-02, WENO=0.091 (x=0.091, y=0.091), ReL2D=131.95, eps_nu=8.387e-03, P_hv=2.845e-05, rho_mean=1.000000, p_mean=0.736731, div_rms=1.109e+00, vort_rms=2.159e+00, mass_err=-3.023e-10
step=130800, t=40.441136, dt=3.166e-04, KE=1.691997e-01, Mt=0.5972, A_K=0.148, Cuv=0.036, P_in=8.638e-03, P_tgt=8.580e-03, A_F=0.143, K_low=0.386, P_drag=-1.249e-02, P_cool=-1.109e-02, WENO=0.092 (x=0.092, y=0.092), ReL2D=133.51, eps_nu=8.254e-03, P_hv=2.716e-05, rho_mean=1.000000, p_mean=0.736465, div_rms=1.101e+00, vort_rms=2.141e+00, mass_err=-3.032e-10
step=131200, t=40.567600, dt=3.150e-04, KE=1.675926e-01, Mt=0.5952, A_K=0.135, Cuv=0.039, P_in=8.819e-03, P_tgt=8.806e-03, A_F=0.163, K_low=0.399, P_drag=-1.277e-02, P_cool=-1.103e-02, WENO=0.090 (x=0.090, y=0.090), ReL2D=135.61, eps_nu=8.078e-03, P_hv=2.606e-05, rho_mean=1.000000, p_mean=0.736347, div_rms=1.075e+00, vort_rms=2.128e+00, mass_err=-3.041e-10
step=131600, t=40.692788, dt=3.110e-04, KE=1.663107e-01, Mt=0.5934, A_K=0.118, Cuv=0.039, P_in=9.242e-03, P_tgt=9.152e-03, A_F=0.136, K_low=0.409, P_drag=-1.301e-02, P_cool=-1.091e-02, WENO=0.093 (x=0.093, y=0.093), ReL2D=137.13, eps_nu=7.932e-03, P_hv=2.554e-05, rho_mean=1.000000, p_mean=0.736111, div_rms=1.051e+00, vort_rms=2.118e+00, mass_err=-3.051e-10
step=132000, t=40.816487, dt=3.079e-04, KE=1.652064e-01, Mt=0.5910, A_K=0.100, Cuv=0.035, P_in=9.634e-03, P_tgt=9.644e-03, A_F=0.232, K_low=0.417, P_drag=-1.319e-02, P_cool=-1.077e-02, WENO=0.095 (x=0.095, y=0.095), ReL2D=137.54, eps_nu=7.826e-03, P_hv=2.453e-05, rho_mean=1.000000, p_mean=0.735831, div_rms=1.035e+00, vort_rms=2.110e+00, mass_err=-3.060e-10
step=132400, t=40.939078, dt=3.056e-04, KE=1.640346e-01, Mt=0.5878, A_K=0.080, Cuv=0.029, P_in=1.037e-02, P_tgt=1.037e-02, A_F=0.244, K_low=0.423, P_drag=-1.329e-02, P_cool=-1.066e-02, WENO=0.096 (x=0.096, y=0.096), ReL2D=137.61, eps_nu=7.732e-03, P_hv=2.370e-05, rho_mean=1.000000, p_mean=0.735615, div_rms=1.016e+00, vort_rms=2.105e+00, mass_err=-3.069e-10
step=132800, t=41.061850, dt=3.087e-04, KE=1.631192e-01, Mt=0.5847, A_K=0.063, Cuv=0.023, P_in=1.142e-02, P_tgt=1.140e-02, A_F=0.229, K_low=0.425, P_drag=-1.333e-02, P_cool=-1.053e-02, WENO=0.093 (x=0.093, y=0.093), ReL2D=136.00, eps_nu=7.745e-03, P_hv=2.370e-05, rho_mean=1.000000, p_mean=0.735343, div_rms=1.021e+00, vort_rms=2.105e+00, mass_err=-3.079e-10
step=133200, t=41.185802, dt=3.106e-04, KE=1.622741e-01, Mt=0.5818, A_K=0.049, Cuv=0.015, P_in=1.287e-02, P_tgt=1.281e-02, A_F=0.127, K_low=0.426, P_drag=-1.331e-02, P_cool=-1.041e-02, WENO=0.098 (x=0.098, y=0.098), ReL2D=135.51, eps_nu=7.656e-03, P_hv=2.426e-05, rho_mean=1.000000, p_mean=0.735102, div_rms=9.946e-01, vort_rms=2.106e+00, mass_err=-3.088e-10
step=133600, t=41.310504, dt=3.113e-04, KE=1.617252e-01, Mt=0.5794, A_K=0.040, Cuv=0.008, P_in=1.470e-02, P_tgt=1.468e-02, A_F=0.066, K_low=0.423, P_drag=-1.323e-02, P_cool=-1.027e-02, WENO=0.100 (x=0.100, y=0.100), ReL2D=135.26, eps_nu=7.604e-03, P_hv=2.425e-05, rho_mean=1.000000, p_mean=0.734827, div_rms=9.788e-01, vort_rms=2.106e+00, mass_err=-3.097e-10
step=134000, t=41.435219, dt=3.136e-04, KE=1.613434e-01, Mt=0.5768, A_K=0.033, Cuv=-0.002, P_in=1.716e-02, P_tgt=1.713e-02, A_F=0.044, K_low=0.418, P_drag=-1.310e-02, P_cool=-1.016e-02, WENO=0.107 (x=0.107, y=0.107), ReL2D=133.56, eps_nu=7.591e-03, P_hv=2.449e-05, rho_mean=1.000000, p_mean=0.734599, div_rms=9.797e-01, vort_rms=2.103e+00, mass_err=-3.107e-10
step=134400, t=41.561214, dt=3.158e-04, KE=1.608817e-01, Mt=0.5740, A_K=0.031, Cuv=-0.008, P_in=2.031e-02, P_tgt=2.039e-02, A_F=0.043, K_low=0.411, P_drag=-1.290e-02, P_cool=-1.013e-02, WENO=0.110 (x=0.110, y=0.110), ReL2D=130.75, eps_nu=7.631e-03, P_hv=2.419e-05, rho_mean=1.000000, p_mean=0.734553, div_rms=9.962e-01, vort_rms=2.100e+00, mass_err=-3.116e-10
saved snapshot: results/hit2d/final_thesis_Mach_ReL130_N512/production_N512/Mt060_N512/hit2d_step0134400.npz
step=134800, t=41.687576, dt=3.162e-04, KE=1.603931e-01, Mt=0.5715, A_K=0.025, Cuv=-0.006, P_in=2.484e-02, P_tgt=2.480e-02, A_F=0.075, K_low=0.402, P_drag=-1.261e-02, P_cool=-1.022e-02, WENO=0.103 (x=0.103, y=0.103), ReL2D=128.59, eps_nu=7.640e-03, P_hv=2.610e-05, rho_mean=1.000000, p_mean=0.734725, div_rms=1.001e+00, vort_rms=2.098e+00, mass_err=-3.126e-10
step=135200, t=41.813861, dt=3.196e-04, KE=1.608102e-01, Mt=0.5714, A_K=0.017, Cuv=0.005, P_in=3.047e-02, P_tgt=3.050e-02, A_F=0.043, K_low=0.387, P_drag=-1.226e-02, P_cool=-1.026e-02, WENO=0.099 (x=0.099, y=0.099), ReL2D=127.67, eps_nu=7.709e-03, P_hv=2.811e-05, rho_mean=1.000000, p_mean=0.734803, div_rms=1.002e+00, vort_rms=2.111e+00, mass_err=-3.135e-10
step=135600, t=41.943663, dt=3.237e-04, KE=1.626303e-01, Mt=0.5745, A_K=0.016, Cuv=0.029, P_in=3.706e-02, P_tgt=3.709e-02, A_F=0.160, K_low=0.368, P_drag=-1.185e-02, P_cool=-1.019e-02, WENO=0.104 (x=0.104, y=0.104), ReL2D=126.49, eps_nu=7.886e-03, P_hv=2.855e-05, rho_mean=1.000000, p_mean=0.734669, div_rms=1.010e+00, vort_rms=2.137e+00, mass_err=-3.144e-10
step=136000, t=42.071204, dt=3.136e-04, KE=1.651270e-01, Mt=0.5798, A_K=0.026, Cuv=0.062, P_in=4.375e-02, P_tgt=4.363e-02, A_F=0.068, K_low=0.349, P_drag=-1.142e-02, P_cool=-1.016e-02, WENO=0.111 (x=0.111, y=0.111), ReL2D=128.22, eps_nu=8.054e-03, P_hv=3.070e-05, rho_mean=1.000000, p_mean=0.734614, div_rms=1.000e+00, vort_rms=2.172e+00, mass_err=-3.154e-10
step=136400, t=42.194660, dt=3.037e-04, KE=1.678598e-01, Mt=0.5860, A_K=0.030, Cuv=0.092, P_in=4.943e-02, P_tgt=4.919e-02, A_F=0.077, K_low=0.332, P_drag=-1.106e-02, P_cool=-1.023e-02, WENO=0.117 (x=0.117, y=0.117), ReL2D=130.94, eps_nu=8.210e-03, P_hv=3.236e-05, rho_mean=1.000000, p_mean=0.734753, div_rms=9.974e-01, vort_rms=2.200e+00, mass_err=-3.163e-10
step=136800, t=42.314152, dt=2.958e-04, KE=1.706271e-01, Mt=0.5928, A_K=0.026, Cuv=0.119, P_in=5.285e-02, P_tgt=5.290e-02, A_F=0.134, K_low=0.320, P_drag=-1.078e-02, P_cool=-1.039e-02, WENO=0.114 (x=0.114, y=0.114), ReL2D=133.93, eps_nu=8.356e-03, P_hv=3.443e-05, rho_mean=1.000000, p_mean=0.735069, div_rms=1.004e+00, vort_rms=2.221e+00, mass_err=-3.173e-10
step=137200, t=42.431159, dt=2.887e-04, KE=1.734428e-01, Mt=0.5998, A_K=0.015, Cuv=0.137, P_in=5.429e-02, P_tgt=5.427e-02, A_F=0.038, K_low=0.311, P_drag=-1.060e-02, P_cool=-1.059e-02, WENO=0.116 (x=0.116, y=0.116), ReL2D=136.68, eps_nu=8.513e-03, P_hv=3.543e-05, rho_mean=1.000000, p_mean=0.735460, div_rms=1.025e+00, vort_rms=2.235e+00, mass_err=-3.182e-10
step=137600, t=42.546910, dt=2.902e-04, KE=1.762452e-01, Mt=0.6078, A_K=0.005, Cuv=0.146, P_in=5.309e-02, P_tgt=5.297e-02, A_F=0.005, K_low=0.306, P_drag=-1.050e-02, P_cool=-1.078e-02, WENO=0.113 (x=0.113, y=0.113), ReL2D=137.74, eps_nu=8.814e-03, P_hv=3.565e-05, rho_mean=1.000000, p_mean=0.735840, div_rms=1.085e+00, vort_rms=2.248e+00, mass_err=-3.192e-10
step=138000, t=42.662946, dt=2.894e-04, KE=1.787248e-01, Mt=0.6165, A_K=0.001, Cuv=0.149, P_in=4.922e-02, P_tgt=4.899e-02, A_F=0.013, K_low=0.304, P_drag=-1.047e-02, P_cool=-1.097e-02, WENO=0.099 (x=0.099, y=0.099), ReL2D=135.94, eps_nu=9.396e-03, P_hv=3.522e-05, rho_mean=1.000000, p_mean=0.736224, div_rms=1.205e+00, vort_rms=2.264e+00, mass_err=-3.201e-10
step=138400, t=42.778545, dt=2.880e-04, KE=1.808329e-01, Mt=0.6247, A_K=0.003, Cuv=0.152, P_in=4.298e-02, P_tgt=4.298e-02, A_F=0.047, K_low=0.305, P_drag=-1.047e-02, P_cool=-1.111e-02, WENO=0.093 (x=0.093, y=0.093), ReL2D=132.47, eps_nu=1.014e-02, P_hv=3.615e-05, rho_mean=1.000000, p_mean=0.736511, div_rms=1.344e+00, vort_rms=2.282e+00, mass_err=-3.210e-10
saved snapshot: results/hit2d/final_thesis_Mach_ReL130_N512/production_N512/Mt060_N512/hit2d_step0138600.npz
step=138800, t=42.893330, dt=2.862e-04, KE=1.826437e-01, Mt=0.6310, A_K=0.003, Cuv=0.158, P_in=3.604e-02, P_tgt=3.608e-02, A_F=0.089, K_low=0.303, P_drag=-1.041e-02, P_cool=-1.116e-02, WENO=0.091 (x=0.091, y=0.091), ReL2D=128.81, eps_nu=1.092e-02, P_hv=3.564e-05, rho_mean=1.000000, p_mean=0.736608, div_rms=1.479e+00, vort_rms=2.299e+00, mass_err=-3.219e-10
step=139200, t=43.007586, dt=2.858e-04, KE=1.840502e-01, Mt=0.6336, A_K=0.000, Cuv=0.168, P_in=2.950e-02, P_tgt=2.951e-02, A_F=0.066, K_low=0.298, P_drag=-1.026e-02, P_cool=-1.114e-02, WENO=0.087 (x=0.087, y=0.087), ReL2D=128.69, eps_nu=1.121e-02, P_hv=3.649e-05, rho_mean=1.000000, p_mean=0.736561, div_rms=1.519e+00, vort_rms=2.313e+00, mass_err=-3.229e-10
step=139600, t=43.121957, dt=2.861e-04, KE=1.852594e-01, Mt=0.6327, A_K=0.008, Cuv=0.177, P_in=2.408e-02, P_tgt=2.402e-02, A_F=0.211, K_low=0.288, P_drag=-1.003e-02, P_cool=-1.102e-02, WENO=0.085 (x=0.085, y=0.085), ReL2D=129.22, eps_nu=1.121e-02, P_hv=3.839e-05, rho_mean=1.000000, p_mean=0.736333, div_rms=1.516e+00, vort_rms=2.314e+00, mass_err=-3.238e-10
step=140000, t=43.236427, dt=2.865e-04, KE=1.857017e-01, Mt=0.6287, A_K=0.017, Cuv=0.190, P_in=1.974e-02, P_tgt=1.985e-02, A_F=0.143, K_low=0.276, P_drag=-9.676e-03, P_cool=-1.096e-02, WENO=0.092 (x=0.092, y=0.092), ReL2D=130.76, eps_nu=1.090e-02, P_hv=3.814e-05, rho_mean=1.000000, p_mean=0.736210, div_rms=1.468e+00, vort_rms=2.305e+00, mass_err=-3.248e-10
step=140400, t=43.351274, dt=2.876e-04, KE=1.856231e-01, Mt=0.6243, A_K=0.017, Cuv=0.204, P_in=1.696e-02, P_tgt=1.683e-02, A_F=0.049, K_low=0.261, P_drag=-9.219e-03, P_cool=-1.093e-02, WENO=0.093 (x=0.093, y=0.093), ReL2D=131.89, eps_nu=1.054e-02, P_hv=3.849e-05, rho_mean=1.000000, p_mean=0.736153, div_rms=1.408e+00, vort_rms=2.296e+00, mass_err=-3.257e-10
step=140800, t=43.466266, dt=2.869e-04, KE=1.853963e-01, Mt=0.6210, A_K=0.008, Cuv=0.221, P_in=1.463e-02, P_tgt=1.459e-02, A_F=0.236, K_low=0.245, P_drag=-8.707e-03, P_cool=-1.088e-02, WENO=0.100 (x=0.100, y=0.100), ReL2D=131.54, eps_nu=1.033e-02, P_hv=3.860e-05, rho_mean=1.000000, p_mean=0.736051, div_rms=1.374e+00, vort_rms=2.291e+00, mass_err=-3.266e-10
step=141200, t=43.580887, dt=2.883e-04, KE=1.846914e-01, Mt=0.6180, A_K=0.003, Cuv=0.237, P_in=1.276e-02, P_tgt=1.288e-02, A_F=0.210, K_low=0.230, P_drag=-8.185e-03, P_cool=-1.089e-02, WENO=0.109 (x=0.109, y=0.109), ReL2D=131.50, eps_nu=1.018e-02, P_hv=3.758e-05, rho_mean=1.000000, p_mean=0.736071, div_rms=1.342e+00, vort_rms=2.291e+00, mass_err=-3.276e-10
step=141600, t=43.697437, dt=2.953e-04, KE=1.835876e-01, Mt=0.6151, A_K=0.014, Cuv=0.248, P_in=1.146e-02, P_tgt=1.159e-02, A_F=0.034, K_low=0.218, P_drag=-7.702e-03, P_cool=-1.096e-02, WENO=0.119 (x=0.119, y=0.119), ReL2D=130.57, eps_nu=1.012e-02, P_hv=3.625e-05, rho_mean=1.000000, p_mean=0.736200, div_rms=1.320e+00, vort_rms=2.298e+00, mass_err=-3.285e-10
step=142000, t=43.816629, dt=3.007e-04, KE=1.824029e-01, Mt=0.6120, A_K=0.018, Cuv=0.266, P_in=1.057e-02, P_tgt=1.062e-02, A_F=0.149, K_low=0.207, P_drag=-7.298e-03, P_cool=-1.102e-02, WENO=0.118 (x=0.118, y=0.118), ReL2D=127.46, eps_nu=1.019e-02, P_hv=3.601e-05, rho_mean=1.000000, p_mean=0.736324, div_rms=1.339e+00, vort_rms=2.294e+00, mass_err=-3.294e-10
step=142400, t=43.938074, dt=3.073e-04, KE=1.806743e-01, Mt=0.6081, A_K=0.010, Cuv=0.289, P_in=9.863e-03, P_tgt=9.940e-03, A_F=0.075, K_low=0.201, P_drag=-6.965e-03, P_cool=-1.117e-02, WENO=0.117 (x=0.117, y=0.117), ReL2D=123.54, eps_nu=1.025e-02, P_hv=3.585e-05, rho_mean=1.000000, p_mean=0.736630, div_rms=1.363e+00, vort_rms=2.285e+00, mass_err=-3.304e-10
step=142800, t=44.062096, dt=3.110e-04, KE=1.789092e-01, Mt=0.6046, A_K=0.005, Cuv=0.300, P_in=9.531e-03, P_tgt=9.540e-03, A_F=0.096, K_low=0.196, P_drag=-6.713e-03, P_cool=-1.132e-02, WENO=0.114 (x=0.114, y=0.114), ReL2D=120.54, eps_nu=1.027e-02, P_hv=3.679e-05, rho_mean=1.000000, p_mean=0.736920, div_rms=1.378e+00, vort_rms=2.277e+00, mass_err=-3.313e-10
saved snapshot: results/hit2d/final_thesis_Mach_ReL130_N512/production_N512/Mt060_N512/hit2d_step0142800.npz
step=143200, t=44.188212, dt=3.190e-04, KE=1.775020e-01, Mt=0.6013, A_K=0.000, Cuv=0.300, P_in=9.411e-03, P_tgt=9.350e-03, A_F=0.107, K_low=0.193, P_drag=-6.537e-03, P_cool=-1.138e-02, WENO=0.107 (x=0.107, y=0.107), ReL2D=118.76, eps_nu=1.024e-02, P_hv=3.644e-05, rho_mean=1.000000, p_mean=0.737053, div_rms=1.381e+00, vort_rms=2.270e+00, mass_err=-3.322e-10
step=143600, t=44.316219, dt=3.208e-04, KE=1.755922e-01, Mt=0.5969, A_K=0.006, Cuv=0.289, P_in=9.432e-03, P_tgt=9.402e-03, A_F=0.162, K_low=0.192, P_drag=-6.431e-03, P_cool=-1.155e-02, WENO=0.107 (x=0.107, y=0.107), ReL2D=118.14, eps_nu=1.002e-02, P_hv=3.565e-05, rho_mean=1.000000, p_mean=0.737380, div_rms=1.351e+00, vort_rms=2.258e+00, mass_err=-3.332e-10
step=144000, t=44.444059, dt=3.178e-04, KE=1.731304e-01, Mt=0.5923, A_K=0.021, Cuv=0.272, P_in=9.719e-03, P_tgt=9.759e-03, A_F=0.106, K_low=0.195, P_drag=-6.396e-03, P_cool=-1.182e-02, WENO=0.108 (x=0.108, y=0.108), ReL2D=118.91, eps_nu=9.744e-03, P_hv=3.502e-05, rho_mean=1.000000, p_mean=0.737928, div_rms=1.312e+00, vort_rms=2.242e+00, mass_err=-3.341e-10
step=144400, t=44.571372, dt=3.200e-04, KE=1.706915e-01, Mt=0.5895, A_K=0.040, Cuv=0.248, P_in=1.048e-02, P_tgt=1.040e-02, A_F=0.078, K_low=0.199, P_drag=-6.421e-03, P_cool=-1.210e-02, WENO=0.111 (x=0.111, y=0.111), ReL2D=120.01, eps_nu=9.482e-03, P_hv=3.535e-05, rho_mean=1.000000, p_mean=0.738481, div_rms=1.276e+00, vort_rms=2.226e+00, mass_err=-3.350e-10
step=144800, t=44.698854, dt=3.131e-04, KE=1.688728e-01, Mt=0.5891, A_K=0.061, Cuv=0.219, P_in=1.139e-02, P_tgt=1.121e-02, A_F=0.056, K_low=0.203, P_drag=-6.469e-03, P_cool=-1.226e-02, WENO=0.109 (x=0.109, y=0.109), ReL2D=120.80, eps_nu=9.331e-03, P_hv=3.518e-05, rho_mean=1.000000, p_mean=0.738810, div_rms=1.272e+00, vort_rms=2.203e+00, mass_err=-3.360e-10
step=145200, t=44.823776, dt=3.115e-04, KE=1.678028e-01, Mt=0.5899, A_K=0.079, Cuv=0.186, P_in=1.201e-02, P_tgt=1.205e-02, A_F=0.162, K_low=0.206, P_drag=-6.535e-03, P_cool=-1.230e-02, WENO=0.107 (x=0.107, y=0.107), ReL2D=121.26, eps_nu=9.279e-03, P_hv=3.657e-05, rho_mean=1.000000, p_mean=0.738887, div_rms=1.293e+00, vort_rms=2.178e+00, mass_err=-3.369e-10
step=145600, t=44.948156, dt=3.124e-04, KE=1.671419e-01, Mt=0.5914, A_K=0.097, Cuv=0.154, P_in=1.278e-02, P_tgt=1.285e-02, A_F=0.013, K_low=0.209, P_drag=-6.627e-03, P_cool=-1.228e-02, WENO=0.107 (x=0.107, y=0.107), ReL2D=121.72, eps_nu=9.246e-03, P_hv=3.660e-05, rho_mean=1.000000, p_mean=0.738840, div_rms=1.315e+00, vort_rms=2.154e+00, mass_err=-3.378e-10
step=146000, t=45.074203, dt=3.174e-04, KE=1.665124e-01, Mt=0.5933, A_K=0.114, Cuv=0.125, P_in=1.353e-02, P_tgt=1.353e-02, A_F=0.089, K_low=0.214, P_drag=-6.749e-03, P_cool=-1.226e-02, WENO=0.107 (x=0.107, y=0.107), ReL2D=122.69, eps_nu=9.195e-03, P_hv=3.479e-05, rho_mean=1.000000, p_mean=0.738813, div_rms=1.322e+00, vort_rms=2.140e+00, mass_err=-3.387e-10
step=146400, t=45.201781, dt=3.203e-04, KE=1.660853e-01, Mt=0.5953, A_K=0.130, Cuv=0.103, P_in=1.403e-02, P_tgt=1.406e-02, A_F=0.114, K_low=0.221, P_drag=-6.886e-03, P_cool=-1.222e-02, WENO=0.106 (x=0.106, y=0.106), ReL2D=122.81, eps_nu=9.194e-03, P_hv=3.365e-05, rho_mean=1.000000, p_mean=0.738724, div_rms=1.337e+00, vort_rms=2.127e+00, mass_err=-3.396e-10
step=146800, t=45.329463, dt=3.177e-04, KE=1.654592e-01, Mt=0.5963, A_K=0.142, Cuv=0.088, P_in=1.443e-02, P_tgt=1.445e-02, A_F=0.083, K_low=0.229, P_drag=-7.047e-03, P_cool=-1.222e-02, WENO=0.107 (x=0.107, y=0.107), ReL2D=123.91, eps_nu=9.032e-03, P_hv=3.418e-05, rho_mean=1.000000, p_mean=0.738728, div_rms=1.325e+00, vort_rms=2.108e+00, mass_err=-3.406e-10
saved snapshot: results/hit2d/final_thesis_Mach_ReL130_N512/production_N512/Mt060_N512/hit2d_step0147000.npz
step=147200, t=45.456692, dt=3.193e-04, KE=1.647627e-01, Mt=0.5969, A_K=0.151, Cuv=0.080, P_in=1.482e-02, P_tgt=1.478e-02, A_F=0.078, K_low=0.239, P_drag=-7.247e-03, P_cool=-1.224e-02, WENO=0.110 (x=0.110, y=0.110), ReL2D=123.84, eps_nu=8.940e-03, P_hv=3.419e-05, rho_mean=1.000000, p_mean=0.738762, div_rms=1.327e+00, vort_rms=2.090e+00, mass_err=-3.415e-10
step=147600, t=45.584472, dt=3.191e-04, KE=1.644969e-01, Mt=0.5979, A_K=0.159, Cuv=0.077, P_in=1.499e-02, P_tgt=1.504e-02, A_F=0.045, K_low=0.249, P_drag=-7.475e-03, P_cool=-1.217e-02, WENO=0.104 (x=0.104, y=0.104), ReL2D=121.83, eps_nu=9.049e-03, P_hv=3.452e-05, rho_mean=1.000000, p_mean=0.738624, div_rms=1.369e+00, vort_rms=2.074e+00, mass_err=-3.424e-10
step=148000, t=45.710584, dt=3.095e-04, KE=1.646622e-01, Mt=0.5988, A_K=0.168, Cuv=0.070, P_in=1.521e-02, P_tgt=1.521e-02, A_F=0.006, K_low=0.257, P_drag=-7.678e-03, P_cool=-1.202e-02, WENO=0.102 (x=0.102, y=0.102), ReL2D=119.65, eps_nu=9.202e-03, P_hv=3.572e-05, rho_mean=1.000000, p_mean=0.738319, div_rms=1.413e+00, vort_rms=2.062e+00, mass_err=-3.433e-10
step=148400, t=45.837329, dt=3.213e-04, KE=1.649738e-01, Mt=0.5993, A_K=0.173, Cuv=0.056, P_in=1.529e-02, P_tgt=1.530e-02, A_F=0.127, K_low=0.260, P_drag=-7.822e-03, P_cool=-1.184e-02, WENO=0.098 (x=0.098, y=0.098), ReL2D=119.06, eps_nu=9.294e-03, P_hv=3.454e-05, rho_mean=1.000000, p_mean=0.737958, div_rms=1.438e+00, vort_rms=2.055e+00, mass_err=-3.442e-10
step=148800, t=45.964600, dt=3.157e-04, KE=1.652727e-01, Mt=0.5991, A_K=0.177, Cuv=0.041, P_in=1.533e-02, P_tgt=1.537e-02, A_F=0.291, K_low=0.260, P_drag=-7.910e-03, P_cool=-1.166e-02, WENO=0.102 (x=0.102, y=0.102), ReL2D=118.90, eps_nu=9.247e-03, P_hv=3.438e-05, rho_mean=1.000000, p_mean=0.737612, div_rms=1.433e+00, vort_rms=2.051e+00, mass_err=-3.452e-10
step=149200, t=46.090011, dt=3.110e-04, KE=1.654445e-01, Mt=0.5978, A_K=0.178, Cuv=0.031, P_in=1.549e-02, P_tgt=1.552e-02, A_F=0.137, K_low=0.259, P_drag=-7.950e-03, P_cool=-1.153e-02, WENO=0.106 (x=0.106, y=0.106), ReL2D=118.65, eps_nu=9.241e-03, P_hv=3.303e-05, rho_mean=1.000000, p_mean=0.737336, div_rms=1.432e+00, vort_rms=2.052e+00, mass_err=-3.461e-10
step=149600, t=46.213142, dt=3.051e-04, KE=1.651291e-01, Mt=0.5949, A_K=0.185, Cuv=0.016, P_in=1.593e-02, P_tgt=1.589e-02, A_F=0.063, K_low=0.257, P_drag=-7.946e-03, P_cool=-1.150e-02, WENO=0.106 (x=0.106, y=0.106), ReL2D=117.07, eps_nu=9.404e-03, P_hv=3.183e-05, rho_mean=1.000000, p_mean=0.737279, div_rms=1.469e+00, vort_rms=2.047e+00, mass_err=-3.470e-10
step=150000, t=46.334617, dt=3.026e-04, KE=1.644289e-01, Mt=0.5910, A_K=0.193, Cuv=-0.003, P_in=1.660e-02, P_tgt=1.667e-02, A_F=0.053, K_low=0.257, P_drag=-7.885e-03, P_cool=-1.156e-02, WENO=0.101 (x=0.101, y=0.101), ReL2D=117.09, eps_nu=9.288e-03, P_hv=3.114e-05, rho_mean=1.000000, p_mean=0.737407, div_rms=1.461e+00, vort_rms=2.033e+00, mass_err=-3.480e-10
warning: flow component anisotropy has increased over the last three diagnostic samples
step=150400, t=46.455307, dt=3.010e-04, KE=1.632726e-01, Mt=0.5874, A_K=0.207, Cuv=-0.026, P_in=1.795e-02, P_tgt=1.796e-02, A_F=0.027, K_low=0.257, P_drag=-7.759e-03, P_cool=-1.174e-02, WENO=0.102 (x=0.102, y=0.102), ReL2D=116.97, eps_nu=9.104e-03, P_hv=3.088e-05, rho_mean=1.000000, p_mean=0.737762, div_rms=1.437e+00, vort_rms=2.021e+00, mass_err=-3.489e-10
warning: flow component anisotropy has increased over the last three diagnostic samples
step=150800, t=46.575912, dt=3.028e-04, KE=1.617990e-01, Mt=0.5848, A_K=0.223, Cuv=-0.042, P_in=1.982e-02, P_tgt=1.979e-02, A_F=0.082, K_low=0.256, P_drag=-7.558e-03, P_cool=-1.201e-02, WENO=0.112 (x=0.112, y=0.112), ReL2D=117.14, eps_nu=8.800e-03, P_hv=2.946e-05, rho_mean=1.000000, p_mean=0.738312, div_rms=1.384e+00, vort_rms=2.015e+00, mass_err=-3.498e-10
warning: flow component anisotropy has increased over the last three diagnostic samples
step=151200, t=46.698350, dt=3.092e-04, KE=1.613107e-01, Mt=0.5847, A_K=0.238, Cuv=-0.052, P_in=2.203e-02, P_tgt=2.204e-02, A_F=0.141, K_low=0.251, P_drag=-7.283e-03, P_cool=-1.214e-02, WENO=0.116 (x=0.116, y=0.116), ReL2D=117.08, eps_nu=8.733e-03, P_hv=2.806e-05, rho_mean=1.000000, p_mean=0.738567, div_rms=1.367e+00, vort_rms=2.018e+00, mass_err=-3.507e-10
saved snapshot: results/hit2d/final_thesis_Mach_ReL130_N512/production_N512/Mt060_N512/hit2d_step0151200.npz
warning: flow component anisotropy has increased over the last three diagnostic samples
step=151600, t=46.819873, dt=3.010e-04, KE=1.615659e-01, Mt=0.5865, A_K=0.245, Cuv=-0.066, P_in=2.434e-02, P_tgt=2.436e-02, A_F=0.025, K_low=0.243, P_drag=-6.969e-03, P_cool=-1.218e-02, WENO=0.114 (x=0.114, y=0.114), ReL2D=115.75, eps_nu=8.851e-03, P_hv=2.789e-05, rho_mean=1.000000, p_mean=0.738647, div_rms=1.381e+00, vort_rms=2.027e+00, mass_err=-3.517e-10
step=152000, t=46.939829, dt=2.994e-04, KE=1.617213e-01, Mt=0.5883, A_K=0.239, Cuv=-0.079, P_in=2.662e-02, P_tgt=2.657e-02, A_F=0.010, K_low=0.234, P_drag=-6.643e-03, P_cool=-1.230e-02, WENO=0.111 (x=0.111, y=0.111), ReL2D=114.74, eps_nu=8.878e-03, P_hv=2.894e-05, rho_mean=1.000000, p_mean=0.738893, div_rms=1.376e+00, vort_rms=2.036e+00, mass_err=-3.526e-10
step=152400, t=47.059739, dt=3.002e-04, KE=1.619717e-01, Mt=0.5900, A_K=0.224, Cuv=-0.089, P_in=2.860e-02, P_tgt=2.859e-02, A_F=0.063, K_low=0.223, P_drag=-6.328e-03, P_cool=-1.247e-02, WENO=0.107 (x=0.107, y=0.107), ReL2D=113.68, eps_nu=8.997e-03, P_hv=2.978e-05, rho_mean=1.000000, p_mean=0.739218, div_rms=1.389e+00, vort_rms=2.047e+00, mass_err=-3.536e-10
step=152800, t=47.179860, dt=3.003e-04, KE=1.618834e-01, Mt=0.5904, A_K=0.203, Cuv=-0.101, P_in=3.070e-02, P_tgt=3.054e-02, A_F=0.078, K_low=0.213, P_drag=-6.060e-03, P_cool=-1.275e-02, WENO=0.100 (x=0.100, y=0.100), ReL2D=112.34, eps_nu=9.161e-03, P_hv=3.027e-05, rho_mean=1.000000, p_mean=0.739776, div_rms=1.408e+00, vort_rms=2.059e+00, mass_err=-3.545e-10
step=153200, t=47.300079, dt=3.012e-04, KE=1.617040e-01, Mt=0.5897, A_K=0.177, Cuv=-0.110, P_in=3.270e-02, P_tgt=3.267e-02, A_F=0.153, K_low=0.203, P_drag=-5.855e-03, P_cool=-1.309e-02, WENO=0.097 (x=0.097, y=0.097), ReL2D=111.28, eps_nu=9.336e-03, P_hv=3.230e-05, rho_mean=1.000000, p_mean=0.740460, div_rms=1.431e+00, vort_rms=2.070e+00, mass_err=-3.554e-10
step=153600, t=47.420696, dt=3.013e-04, KE=1.620985e-01, Mt=0.5893, A_K=0.149, Cuv=-0.118, P_in=3.509e-02, P_tgt=3.514e-02, A_F=0.048, K_low=0.195, P_drag=-5.748e-03, P_cool=-1.336e-02, WENO=0.094 (x=0.094, y=0.094), ReL2D=110.05, eps_nu=9.563e-03, P_hv=3.180e-05, rho_mean=1.000000, p_mean=0.741015, div_rms=1.464e+00, vort_rms=2.080e+00, mass_err=-3.564e-10
step=154000, t=47.541038, dt=3.012e-04, KE=1.636539e-01, Mt=0.5917, A_K=0.115, Cuv=-0.126, P_in=3.757e-02, P_tgt=3.755e-02, A_F=0.112, K_low=0.191, P_drag=-5.740e-03, P_cool=-1.346e-02, WENO=0.096 (x=0.096, y=0.096), ReL2D=109.79, eps_nu=9.745e-03, P_hv=3.132e-05, rho_mean=1.000000, p_mean=0.741211, div_rms=1.487e+00, vort_rms=2.092e+00, mass_err=-3.573e-10
step=154400, t=47.661072, dt=2.997e-04, KE=1.664032e-01, Mt=0.5971, A_K=0.082, Cuv=-0.132, P_in=3.912e-02, P_tgt=3.907e-02, A_F=0.080, K_low=0.192, P_drag=-5.841e-03, P_cool=-1.337e-02, WENO=0.098 (x=0.098, y=0.098), ReL2D=110.02, eps_nu=9.961e-03, P_hv=3.125e-05, rho_mean=1.000000, p_mean=0.741022, div_rms=1.513e+00, vort_rms=2.105e+00, mass_err=-3.582e-10
step=154800, t=47.781128, dt=2.988e-04, KE=1.699288e-01, Mt=0.6044, A_K=0.049, Cuv=-0.135, P_in=3.876e-02, P_tgt=3.891e-02, A_F=0.041, K_low=0.195, P_drag=-6.037e-03, P_cool=-1.313e-02, WENO=0.099 (x=0.099, y=0.099), ReL2D=111.11, eps_nu=1.019e-02, P_hv=3.031e-05, rho_mean=1.000000, p_mean=0.740554, div_rms=1.532e+00, vort_rms=2.127e+00, mass_err=-3.592e-10
step=155200, t=47.900219, dt=2.971e-04, KE=1.732820e-01, Mt=0.6113, A_K=0.020, Cuv=-0.134, P_in=3.686e-02, P_tgt=3.693e-02, A_F=0.136, K_low=0.199, P_drag=-6.296e-03, P_cool=-1.291e-02, WENO=0.101 (x=0.101, y=0.101), ReL2D=112.96, eps_nu=1.033e-02, P_hv=3.045e-05, rho_mean=1.000000, p_mean=0.740105, div_rms=1.532e+00, vort_rms=2.153e+00, mass_err=-3.601e-10
saved snapshot: results/hit2d/final_thesis_Mach_ReL130_N512/production_N512/Mt060_N512/hit2d_step0155400.npz
step=155600, t=48.018949, dt=2.963e-04, KE=1.758887e-01, Mt=0.6167, A_K=0.001, Cuv=-0.133, P_in=3.385e-02, P_tgt=3.374e-02, A_F=0.113, K_low=0.203, P_drag=-6.573e-03, P_cool=-1.277e-02, WENO=0.099 (x=0.099, y=0.099), ReL2D=115.51, eps_nu=1.037e-02, P_hv=3.021e-05, rho_mean=1.000000, p_mean=0.739833, div_rms=1.521e+00, vort_rms=2.169e+00, mass_err=-3.610e-10
step=156000, t=48.137576, dt=2.971e-04, KE=1.779965e-01, Mt=0.6207, A_K=0.012, Cuv=-0.132, P_in=3.001e-02, P_tgt=2.992e-02, A_F=0.155, K_low=0.208, P_drag=-6.829e-03, P_cool=-1.265e-02, WENO=0.097 (x=0.097, y=0.097), ReL2D=117.87, eps_nu=1.042e-02, P_hv=3.073e-05, rho_mean=1.000000, p_mean=0.739589, div_rms=1.523e+00, vort_rms=2.176e+00, mass_err=-3.619e-10
step=156400, t=48.256990, dt=3.002e-04, KE=1.791585e-01, Mt=0.6222, A_K=0.014, Cuv=-0.132, P_in=2.615e-02, P_tgt=2.610e-02, A_F=0.115, K_low=0.212, P_drag=-7.069e-03, P_cool=-1.263e-02, WENO=0.100 (x=0.100, y=0.100), ReL2D=120.48, eps_nu=1.024e-02, P_hv=2.856e-05, rho_mean=1.000000, p_mean=0.739537, div_rms=1.489e+00, vort_rms=2.176e+00, mass_err=-3.628e-10
step=156550, t=48.301987, dt=1.470e-04, KE=1.793953e-01, Mt=0.6222, A_K=0.014, Cuv=-0.134, P_in=2.481e-02, P_tgt=2.476e-02, A_F=0.106, K_low=0.214, P_drag=-7.155e-03, P_cool=-1.263e-02, WENO=0.100 (x=0.100, y=0.100), ReL2D=121.28, eps_nu=1.016e-02, P_hv=2.751e-05, rho_mean=1.000000, p_mean=0.739548, div_rms=1.476e+00, vort_rms=2.175e+00, mass_err=-3.632e-10
saved snapshot: results/hit2d/final_thesis_Mach_ReL130_N512/production_N512/Mt060_N512/hit2d_step0156550.npz
completed 2D HIT run at t=48.301987 in 156550 steps
Post-processing FINAL Mt=0.60
FINISHED FINAL Mt=0.60 at Wed Aug 19 06:48:14 PM CEST 2026

==================== FINAL SUMMARY ====================
results/hit2d/final_thesis_Mach_ReL130_N512/final_thesis_summary.md
results/hit2d/final_thesis_Mach_ReL130_N512/final_thesis_summary.csv

================================================================
FINAL THESIS CAMPAIGN FINISHED: Wed Aug 19 06:48:14 PM CEST 2026
Root: results/hit2d/final_thesis_Mach_ReL130_N512
Production: results/hit2d/final_thesis_Mach_ReL130_N512/production_N512
Summary: results/hit2d/final_thesis_Mach_ReL130_N512/final_thesis_summary.md
Accepted viscosities: results/hit2d/final_thesis_Mach_ReL130_N512/accepted_viscosities.csv
Failures/skips: results/hit2d/final_thesis_Mach_ReL130_N512/failed_cases.txt
================================================================
