Using array backend: cupy
step=     0, t=0.000000, dt=0.000e+00, KE=3.125000e-02, Mt=0.2500, A_K=0.000, Cuv=0.000, P_in=0.000e+00, P_tgt=0.000e+00, A_F=0.000, K_low=0.000, P_drag=0.000e+00, P_cool=0.000e+00, WENO=0.012, rho_mean=1.000000, p_mean=0.714286, div_rms=1.610e-14, vort_rms=9.749e-01, mass_err=0.000e+00
warning: cumulative forcing cross-correlation is high (|Fxy|/(Fxx+Fyy)=0.127)
step=  1000, t=0.221561, dt=2.222e-04, KE=3.117406e-02, Mt=0.2497, A_K=0.007, Cuv=-0.015, P_in=9.998e-04, P_tgt=9.999e-04, A_F=0.036, K_low=0.001, P_drag=-7.370e-06, P_cool=-5.781e-05, WENO=0.018, rho_mean=1.000000, p_mean=0.714401, div_rms=1.281e-01, vort_rms=9.650e-01, mass_err=-2.437e-12
step=  2000, t=0.444578, dt=2.243e-04, KE=3.042374e-02, Mt=0.2473, A_K=0.015, Cuv=-0.027, P_in=1.060e-03, P_tgt=1.057e-03, A_F=0.192, K_low=0.004, P_drag=-2.444e-05, P_cool=-2.462e-04, WENO=0.010, rho_mean=1.000000, p_mean=0.714778, div_rms=1.173e-01, vort_rms=9.523e-01, mass_err=-4.860e-12
step=  3000, t=0.670252, dt=2.275e-04, KE=2.996072e-02, Mt=0.2467, A_K=0.030, Cuv=-0.045, P_in=1.245e-03, P_tgt=1.210e-03, A_F=0.026, K_low=0.007, P_drag=-3.942e-05, P_cool=-3.738e-04, WENO=0.011, rho_mean=1.000000, p_mean=0.715033, div_rms=1.256e-01, vort_rms=9.520e-01, mass_err=-7.276e-12
step=  4000, t=0.900113, dt=2.301e-04, KE=3.014415e-02, Mt=0.2484, A_K=0.057, Cuv=-0.061, P_in=1.315e-03, P_tgt=1.341e-03, A_F=0.198, K_low=0.008, P_drag=-4.465e-05, P_cool=-3.770e-04, WENO=0.019, rho_mean=1.000000, p_mean=0.715040, div_rms=1.395e-01, vort_rms=9.564e-01, mass_err=-9.706e-12
step=  5000, t=1.129007, dt=2.283e-04, KE=3.039672e-02, Mt=0.2493, A_K=0.067, Cuv=-0.058, P_in=1.396e-03, P_tgt=1.399e-03, A_F=0.016, K_low=0.007, P_drag=-4.224e-05, P_cool=-3.704e-04, WENO=0.032, rho_mean=1.000000, p_mean=0.715027, div_rms=1.325e-01, vort_rms=9.589e-01, mass_err=-1.212e-11
step=  6000, t=1.356991, dt=2.274e-04, KE=3.055342e-02, Mt=0.2495, A_K=0.072, Cuv=-0.038, P_in=1.436e-03, P_tgt=1.432e-03, A_F=0.343, K_low=0.007, P_drag=-3.877e-05, P_cool=-3.845e-04, WENO=0.038, rho_mean=1.000000, p_mean=0.715055, div_rms=1.261e-01, vort_rms=9.616e-01, mass_err=-1.454e-11
step=  7000, t=1.585152, dt=2.299e-04, KE=3.070425e-02, Mt=0.2499, A_K=0.068, Cuv=-0.020, P_in=1.478e-03, P_tgt=1.451e-03, A_F=0.056, K_low=0.007, P_drag=-4.135e-05, P_cool=-4.006e-04, WENO=0.038, rho_mean=1.000000, p_mean=0.715087, div_rms=1.311e-01, vort_rms=9.657e-01, mass_err=-1.696e-11
step=  8000, t=1.814461, dt=2.287e-04, KE=3.082033e-02, Mt=0.2505, A_K=0.063, Cuv=-0.006, P_in=1.437e-03, P_tgt=1.438e-03, A_F=0.186, K_low=0.009, P_drag=-5.226e-05, P_cool=-4.229e-04, WENO=0.035, rho_mean=1.000000, p_mean=0.715132, div_rms=1.288e-01, vort_rms=9.692e-01, mass_err=-1.938e-11
step=  9000, t=2.043221, dt=2.294e-04, KE=3.100053e-02, Mt=0.2513, A_K=0.036, Cuv=0.003, P_in=1.390e-03, P_tgt=1.388e-03, A_F=0.308, K_low=0.011, P_drag=-6.694e-05, P_cool=-4.298e-04, WENO=0.033, rho_mean=1.000000, p_mean=0.715145, div_rms=1.306e-01, vort_rms=9.767e-01, mass_err=-2.181e-11
step= 10000, t=2.273349, dt=2.299e-04, KE=3.124606e-02, Mt=0.2521, A_K=0.025, Cuv=-0.004, P_in=1.296e-03, P_tgt=1.297e-03, A_F=0.312, K_low=0.012, P_drag=-7.748e-05, P_cool=-4.197e-04, WENO=0.033, rho_mean=1.000000, p_mean=0.715125, div_rms=1.350e-01, vort_rms=9.787e-01, mass_err=-2.423e-11
saved snapshot: results/hit2d/solenoidal_Mt025_N512_CFL_0p05/hit2d_step0010000.npz
step= 11000, t=2.502122, dt=2.282e-04, KE=3.145324e-02, Mt=0.2528, A_K=0.020, Cuv=-0.001, P_in=1.117e-03, P_tgt=1.176e-03, A_F=0.116, K_low=0.012, P_drag=-7.970e-05, P_cool=-4.123e-04, WENO=0.032, rho_mean=1.000000, p_mean=0.715110, div_rms=1.411e-01, vort_rms=9.816e-01, mass_err=-2.665e-11
step= 12000, t=2.730435, dt=2.288e-04, KE=3.145385e-02, Mt=0.2526, A_K=0.028, Cuv=0.012, P_in=1.057e-03, P_tgt=1.055e-03, A_F=0.069, K_low=0.012, P_drag=-7.807e-05, P_cool=-4.403e-04, WENO=0.049, rho_mean=1.000000, p_mean=0.715166, div_rms=1.344e-01, vort_rms=9.840e-01, mass_err=-2.907e-11
step= 13000, t=2.959248, dt=2.288e-04, KE=3.140799e-02, Mt=0.2522, A_K=0.040, Cuv=0.049, P_in=9.454e-04, P_tgt=9.623e-04, A_F=0.112, K_low=0.012, P_drag=-7.985e-05, P_cool=-4.710e-04, WENO=0.039, rho_mean=1.000000, p_mean=0.715228, div_rms=1.293e-01, vort_rms=9.830e-01, mass_err=-3.147e-11
step= 14000, t=3.187112, dt=2.268e-04, KE=3.151090e-02, Mt=0.2526, A_K=0.036, Cuv=0.078, P_in=8.747e-04, P_tgt=8.754e-04, A_F=0.140, K_low=0.014, P_drag=-9.001e-05, P_cool=-4.671e-04, WENO=0.033, rho_mean=1.000000, p_mean=0.715220, div_rms=1.430e-01, vort_rms=9.817e-01, mass_err=-3.389e-11
step= 15000, t=3.412094, dt=2.234e-04, KE=3.157558e-02, Mt=0.2529, A_K=0.030, Cuv=0.074, P_in=7.842e-04, P_tgt=7.850e-04, A_F=0.135, K_low=0.017, P_drag=-1.073e-04, P_cool=-4.660e-04, WENO=0.032, rho_mean=1.000000, p_mean=0.715218, div_rms=1.449e-01, vort_rms=9.810e-01, mass_err=-3.632e-11
step= 16000, t=3.634558, dt=2.223e-04, KE=3.154421e-02, Mt=0.2527, A_K=0.019, Cuv=0.050, P_in=7.052e-04, P_tgt=7.037e-04, A_F=0.016, K_low=0.021, P_drag=-1.264e-04, P_cool=-4.792e-04, WENO=0.036, rho_mean=1.000000, p_mean=0.715244, div_rms=1.403e-01, vort_rms=9.800e-01, mass_err=-3.873e-11
step= 17000, t=3.857038, dt=2.218e-04, KE=3.146654e-02, Mt=0.2524, A_K=0.019, Cuv=0.029, P_in=6.366e-04, P_tgt=6.370e-04, A_F=0.154, K_low=0.023, P_drag=-1.415e-04, P_cool=-4.968e-04, WENO=0.033, rho_mean=1.000000, p_mean=0.715279, div_rms=1.388e-01, vort_rms=9.780e-01, mass_err=-4.115e-11
step= 18000, t=4.078015, dt=2.203e-04, KE=3.134116e-02, Mt=0.2521, A_K=0.033, Cuv=0.019, P_in=5.793e-04, P_tgt=5.821e-04, A_F=0.058, K_low=0.025, P_drag=-1.497e-04, P_cool=-5.199e-04, WENO=0.025, rho_mean=1.000000, p_mean=0.715325, div_rms=1.369e-01, vort_rms=9.751e-01, mass_err=-4.357e-11
step= 19000, t=4.298287, dt=2.205e-04, KE=3.120256e-02, Mt=0.2518, A_K=0.055, Cuv=0.010, P_in=5.324e-04, P_tgt=5.386e-04, A_F=0.098, K_low=0.026, P_drag=-1.529e-04, P_cool=-5.422e-04, WENO=0.028, rho_mean=1.000000, p_mean=0.715370, div_rms=1.342e-01, vort_rms=9.730e-01, mass_err=-4.599e-11
step= 20000, t=4.519115, dt=2.210e-04, KE=3.110616e-02, Mt=0.2515, A_K=0.073, Cuv=0.004, P_in=5.017e-04, P_tgt=5.042e-04, A_F=0.069, K_low=0.026, P_drag=-1.552e-04, P_cool=-5.535e-04, WENO=0.038, rho_mean=1.000000, p_mean=0.715393, div_rms=1.337e-01, vort_rms=9.712e-01, mass_err=-4.841e-11
saved snapshot: results/hit2d/solenoidal_Mt025_N512_CFL_0p05/hit2d_step0020000.npz
step= 21000, t=4.739737, dt=2.199e-04, KE=3.106237e-02, Mt=0.2512, A_K=0.077, Cuv=0.002, P_in=4.792e-04, P_tgt=4.783e-04, A_F=0.016, K_low=0.026, P_drag=-1.600e-04, P_cool=-5.525e-04, WENO=0.034, rho_mean=1.000000, p_mean=0.715391, div_rms=1.337e-01, vort_rms=9.679e-01, mass_err=-5.083e-11
step= 22000, t=4.959230, dt=2.194e-04, KE=3.104632e-02, Mt=0.2509, A_K=0.070, Cuv=-0.009, P_in=4.753e-04, P_tgt=4.596e-04, A_F=0.122, K_low=0.027, P_drag=-1.681e-04, P_cool=-5.472e-04, WENO=0.034, rho_mean=1.000000, p_mean=0.715380, div_rms=1.344e-01, vort_rms=9.661e-01, mass_err=-5.326e-11
step= 23000, t=5.178492, dt=2.177e-04, KE=3.099957e-02, Mt=0.2505, A_K=0.066, Cuv=-0.027, P_in=4.461e-04, P_tgt=4.470e-04, A_F=0.221, K_low=0.028, P_drag=-1.777e-04, P_cool=-5.471e-04, WENO=0.037, rho_mean=1.000000, p_mean=0.715380, div_rms=1.280e-01, vort_rms=9.638e-01, mass_err=-5.570e-11
step= 24000, t=5.394281, dt=2.144e-04, KE=3.097852e-02, Mt=0.2503, A_K=0.074, Cuv=-0.042, P_in=4.402e-04, P_tgt=4.399e-04, A_F=0.137, K_low=0.029, P_drag=-1.843e-04, P_cool=-5.391e-04, WENO=0.035, rho_mean=1.000000, p_mean=0.715364, div_rms=1.317e-01, vort_rms=9.594e-01, mass_err=-5.813e-11
step= 25000, t=5.609258, dt=2.167e-04, KE=3.096694e-02, Mt=0.2499, A_K=0.087, Cuv=-0.054, P_in=4.398e-04, P_tgt=4.389e-04, A_F=0.256, K_low=0.029, P_drag=-1.856e-04, P_cool=-5.294e-04, WENO=0.037, rho_mean=1.000000, p_mean=0.715344, div_rms=1.312e-01, vort_rms=9.558e-01, mass_err=-6.055e-11
step= 26000, t=5.828010, dt=2.203e-04, KE=3.093826e-02, Mt=0.2495, A_K=0.099, Cuv=-0.060, P_in=4.441e-04, P_tgt=4.441e-04, A_F=0.166, K_low=0.029, P_drag=-1.826e-04, P_cool=-5.233e-04, WENO=0.037, rho_mean=1.000000, p_mean=0.715332, div_rms=1.303e-01, vort_rms=9.535e-01, mass_err=-6.297e-11
step= 27000, t=6.049116, dt=2.213e-04, KE=3.087180e-02, Mt=0.2492, A_K=0.108, Cuv=-0.061, P_in=4.607e-04, P_tgt=4.556e-04, A_F=0.067, K_low=0.029, P_drag=-1.787e-04, P_cool=-5.254e-04, WENO=0.035, rho_mean=1.000000, p_mean=0.715336, div_rms=1.272e-01, vort_rms=9.511e-01, mass_err=-6.538e-11
step= 28000, t=6.269464, dt=2.190e-04, KE=3.079008e-02, Mt=0.2491, A_K=0.107, Cuv=-0.058, P_in=4.731e-04, P_tgt=4.713e-04, A_F=0.041, K_low=0.029, P_drag=-1.781e-04, P_cool=-5.310e-04, WENO=0.035, rho_mean=1.000000, p_mean=0.715348, div_rms=1.271e-01, vort_rms=9.479e-01, mass_err=-6.780e-11
step= 29000, t=6.487358, dt=2.170e-04, KE=3.068450e-02, Mt=0.2489, A_K=0.094, Cuv=-0.061, P_in=4.984e-04, P_tgt=4.913e-04, A_F=0.073, K_low=0.030, P_drag=-1.831e-04, P_cool=-5.444e-04, WENO=0.034, rho_mean=1.000000, p_mean=0.715374, div_rms=1.280e-01, vort_rms=9.453e-01, mass_err=-7.021e-11
step= 30000, t=6.704125, dt=2.173e-04, KE=3.055641e-02, Mt=0.2486, A_K=0.093, Cuv=-0.076, P_in=5.142e-04, P_tgt=5.179e-04, A_F=0.227, K_low=0.032, P_drag=-1.923e-04, P_cool=-5.598e-04, WENO=0.033, rho_mean=1.000000, p_mean=0.715405, div_rms=1.246e-01, vort_rms=9.426e-01, mass_err=-7.262e-11
saved snapshot: results/hit2d/solenoidal_Mt025_N512_CFL_0p05/hit2d_step0030000.npz
step= 31000, t=6.922298, dt=2.180e-04, KE=3.047097e-02, Mt=0.2484, A_K=0.089, Cuv=-0.098, P_in=5.542e-04, P_tgt=5.508e-04, A_F=0.008, K_low=0.033, P_drag=-2.021e-04, P_cool=-5.671e-04, WENO=0.037, rho_mean=1.000000, p_mean=0.715420, div_rms=1.281e-01, vort_rms=9.426e-01, mass_err=-7.505e-11
step= 32000, t=7.141186, dt=2.198e-04, KE=3.037849e-02, Mt=0.2481, A_K=0.078, Cuv=-0.130, P_in=5.920e-04, P_tgt=5.922e-04, A_F=0.081, K_low=0.035, P_drag=-2.091e-04, P_cool=-5.768e-04, WENO=0.036, rho_mean=1.000000, p_mean=0.715439, div_rms=1.216e-01, vort_rms=9.443e-01, mass_err=-7.748e-11
step= 33000, t=7.360845, dt=2.193e-04, KE=3.032796e-02, Mt=0.2478, A_K=0.077, Cuv=-0.159, P_in=6.455e-04, P_tgt=6.437e-04, A_F=0.044, K_low=0.035, P_drag=-2.132e-04, P_cool=-5.799e-04, WENO=0.030, rho_mean=1.000000, p_mean=0.715445, div_rms=1.273e-01, vort_rms=9.413e-01, mass_err=-7.989e-11
step= 34000, t=7.579972, dt=2.188e-04, KE=3.021349e-02, Mt=0.2473, A_K=0.068, Cuv=-0.176, P_in=6.996e-04, P_tgt=7.110e-04, A_F=0.194, K_low=0.036, P_drag=-2.185e-04, P_cool=-5.988e-04, WENO=0.030, rho_mean=1.000000, p_mean=0.715483, div_rms=1.306e-01, vort_rms=9.383e-01, mass_err=-8.231e-11
step= 35000, t=7.798578, dt=2.186e-04, KE=3.005077e-02, Mt=0.2467, A_K=0.064, Cuv=-0.178, P_in=8.013e-04, P_tgt=8.045e-04, A_F=0.113, K_low=0.038, P_drag=-2.283e-04, P_cool=-6.285e-04, WENO=0.027, rho_mean=1.000000, p_mean=0.715543, div_rms=1.198e-01, vort_rms=9.361e-01, mass_err=-8.473e-11
step= 36000, t=8.018190, dt=2.207e-04, KE=3.006360e-02, Mt=0.2468, A_K=0.035, Cuv=-0.173, P_in=9.227e-04, P_tgt=9.195e-04, A_F=0.171, K_low=0.040, P_drag=-2.451e-04, P_cool=-6.262e-04, WENO=0.023, rho_mean=1.000000, p_mean=0.715538, div_rms=1.257e-01, vort_rms=9.365e-01, mass_err=-8.714e-11
step= 37000, t=8.238774, dt=2.201e-04, KE=3.015610e-02, Mt=0.2471, A_K=0.007, Cuv=-0.164, P_in=1.043e-03, P_tgt=1.041e-03, A_F=0.042, K_low=0.044, P_drag=-2.669e-04, P_cool=-6.124e-04, WENO=0.027, rho_mean=1.000000, p_mean=0.715511, div_rms=1.286e-01, vort_rms=9.349e-01, mass_err=-8.956e-11
step= 38000, t=8.457892, dt=2.187e-04, KE=3.027051e-02, Mt=0.2474, A_K=0.011, Cuv=-0.162, P_in=1.169e-03, P_tgt=1.167e-03, A_F=0.065, K_low=0.048, P_drag=-2.899e-04, P_cool=-5.992e-04, WENO=0.030, rho_mean=1.000000, p_mean=0.715484, div_rms=1.203e-01, vort_rms=9.333e-01, mass_err=-9.198e-11
step= 39000, t=8.677065, dt=2.194e-04, KE=3.049313e-02, Mt=0.2484, A_K=0.029, Cuv=-0.166, P_in=1.274e-03, P_tgt=1.274e-03, A_F=0.107, K_low=0.051, P_drag=-3.098e-04, P_cool=-5.695e-04, WENO=0.029, rho_mean=1.000000, p_mean=0.715425, div_rms=1.248e-01, vort_rms=9.345e-01, mass_err=-9.440e-11
step= 40000, t=8.895796, dt=2.175e-04, KE=3.067987e-02, Mt=0.2491, A_K=0.050, Cuv=-0.181, P_in=1.344e-03, P_tgt=1.338e-03, A_F=0.129, K_low=0.053, P_drag=-3.239e-04, P_cool=-5.511e-04, WENO=0.036, rho_mean=1.000000, p_mean=0.715388, div_rms=1.305e-01, vort_rms=9.359e-01, mass_err=-9.682e-11
saved snapshot: results/hit2d/solenoidal_Mt025_N512_CFL_0p05/hit2d_step0040000.npz
step= 41000, t=9.111577, dt=2.144e-04, KE=3.068448e-02, Mt=0.2487, A_K=0.067, Cuv=-0.206, P_in=1.394e-03, P_tgt=1.395e-03, A_F=0.009, K_low=0.055, P_drag=-3.331e-04, P_cool=-5.709e-04, WENO=0.038, rho_mean=1.000000, p_mean=0.715428, div_rms=1.243e-01, vort_rms=9.378e-01, mass_err=-9.925e-11
step= 42000, t=9.325848, dt=2.143e-04, KE=3.066450e-02, Mt=0.2485, A_K=0.084, Cuv=-0.213, P_in=1.430e-03, P_tgt=1.479e-03, A_F=0.152, K_low=0.056, P_drag=-3.412e-04, P_cool=-5.970e-04, WENO=0.041, rho_mean=1.000000, p_mean=0.715480, div_rms=1.180e-01, vort_rms=9.383e-01, mass_err=-1.017e-10
step= 43000, t=9.539679, dt=2.138e-04, KE=3.076947e-02, Mt=0.2488, A_K=0.096, Cuv=-0.213, P_in=1.588e-03, P_tgt=1.564e-03, A_F=0.289, K_low=0.058, P_drag=-3.505e-04, P_cool=-6.008e-04, WENO=0.031, rho_mean=1.000000, p_mean=0.715487, div_rms=1.264e-01, vort_rms=9.407e-01, mass_err=-1.041e-10
step= 44000, t=9.754224, dt=2.156e-04, KE=3.088689e-02, Mt=0.2493, A_K=0.118, Cuv=-0.201, P_in=1.603e-03, P_tgt=1.623e-03, A_F=0.003, K_low=0.059, P_drag=-3.623e-04, P_cool=-6.048e-04, WENO=0.034, rho_mean=1.000000, p_mean=0.715495, div_rms=1.316e-01, vort_rms=9.455e-01, mass_err=-1.065e-10
step= 45000, t=9.970616, dt=2.171e-04, KE=3.097562e-02, Mt=0.2498, A_K=0.151, Cuv=-0.212, P_in=1.646e-03, P_tgt=1.652e-03, A_F=0.031, K_low=0.061, P_drag=-3.768e-04, P_cool=-6.159e-04, WENO=0.045, rho_mean=1.000000, p_mean=0.715517, div_rms=1.299e-01, vort_rms=9.476e-01, mass_err=-1.089e-10
step= 46000, t=10.187967, dt=2.169e-04, KE=3.111690e-02, Mt=0.2505, A_K=0.164, Cuv=-0.259, P_in=1.638e-03, P_tgt=1.642e-03, A_F=0.133, K_low=0.064, P_drag=-3.929e-04, P_cool=-6.160e-04, WENO=0.039, rho_mean=1.000000, p_mean=0.715518, div_rms=1.361e-01, vort_rms=9.463e-01, mass_err=-1.113e-10
step= 47000, t=10.404184, dt=2.162e-04, KE=3.126557e-02, Mt=0.2512, A_K=0.163, Cuv=-0.289, P_in=1.602e-03, P_tgt=1.586e-03, A_F=0.092, K_low=0.066, P_drag=-4.069e-04, P_cool=-6.124e-04, WENO=0.038, rho_mean=1.000000, p_mean=0.715510, div_rms=1.346e-01, vort_rms=9.470e-01, mass_err=-1.137e-10
step= 48000, t=10.621718, dt=2.189e-04, KE=3.142879e-02, Mt=0.2518, A_K=0.146, Cuv=-0.293, P_in=1.481e-03, P_tgt=1.494e-03, A_F=0.027, K_low=0.067, P_drag=-4.184e-04, P_cool=-6.024e-04, WENO=0.036, rho_mean=1.000000, p_mean=0.715491, div_rms=1.405e-01, vort_rms=9.502e-01, mass_err=-1.162e-10
step= 49000, t=10.841020, dt=2.196e-04, KE=3.149294e-02, Mt=0.2521, A_K=0.128, Cuv=-0.285, P_in=1.379e-03, P_tgt=1.380e-03, A_F=0.046, K_low=0.068, P_drag=-4.280e-04, P_cool=-6.076e-04, WENO=0.039, rho_mean=1.000000, p_mean=0.715501, div_rms=1.370e-01, vort_rms=9.524e-01, mass_err=-1.186e-10
step= 50000, t=11.061394, dt=2.219e-04, KE=3.150508e-02, Mt=0.2522, A_K=0.116, Cuv=-0.273, P_in=1.266e-03, P_tgt=1.266e-03, A_F=0.049, K_low=0.070, P_drag=-4.396e-04, P_cool=-6.173e-04, WENO=0.042, rho_mean=1.000000, p_mean=0.715520, div_rms=1.317e-01, vort_rms=9.509e-01, mass_err=-1.210e-10
saved snapshot: results/hit2d/solenoidal_Mt025_N512_CFL_0p05/hit2d_step0050000.npz
step= 51000, t=11.283816, dt=2.226e-04, KE=3.155645e-02, Mt=0.2523, A_K=0.109, Cuv=-0.260, P_in=1.163e-03, P_tgt=1.158e-03, A_F=0.179, K_low=0.072, P_drag=-4.561e-04, P_cool=-6.137e-04, WENO=0.034, rho_mean=1.000000, p_mean=0.715513, div_rms=1.383e-01, vort_rms=9.474e-01, mass_err=-1.234e-10
step= 52000, t=11.506548, dt=2.230e-04, KE=3.150909e-02, Mt=0.2521, A_K=0.111, Cuv=-0.255, P_in=1.065e-03, P_tgt=1.060e-03, A_F=0.273, K_low=0.076, P_drag=-4.802e-04, P_cool=-6.242e-04, WENO=0.033, rho_mean=1.000000, p_mean=0.715534, div_rms=1.375e-01, vort_rms=9.442e-01, mass_err=-1.258e-10
step= 53000, t=11.730875, dt=2.256e-04, KE=3.138007e-02, Mt=0.2516, A_K=0.119, Cuv=-0.257, P_in=9.867e-04, P_tgt=9.852e-04, A_F=0.303, K_low=0.082, P_drag=-5.099e-04, P_cool=-6.451e-04, WENO=0.037, rho_mean=1.000000, p_mean=0.715576, div_rms=1.324e-01, vort_rms=9.406e-01, mass_err=-1.282e-10
step= 54000, t=11.956562, dt=2.245e-04, KE=3.131376e-02, Mt=0.2515, A_K=0.115, Cuv=-0.254, P_in=9.296e-04, P_tgt=9.270e-04, A_F=0.059, K_low=0.088, P_drag=-5.431e-04, P_cool=-6.499e-04, WENO=0.034, rho_mean=1.000000, p_mean=0.715586, div_rms=1.342e-01, vort_rms=9.386e-01, mass_err=-1.306e-10
step= 55000, t=12.180363, dt=2.233e-04, KE=3.124087e-02, Mt=0.2515, A_K=0.110, Cuv=-0.258, P_in=8.854e-04, P_tgt=8.728e-04, A_F=0.066, K_low=0.094, P_drag=-5.779e-04, P_cool=-6.506e-04, WENO=0.040, rho_mean=1.000000, p_mean=0.715587, div_rms=1.387e-01, vort_rms=9.341e-01, mass_err=-1.331e-10
step= 56000, t=12.403115, dt=2.218e-04, KE=3.106080e-02, Mt=0.2510, A_K=0.088, Cuv=-0.268, P_in=8.253e-04, P_tgt=8.301e-04, A_F=0.055, K_low=0.100, P_drag=-6.146e-04, P_cool=-6.687e-04, WENO=0.034, rho_mean=1.000000, p_mean=0.715623, div_rms=1.304e-01, vort_rms=9.287e-01, mass_err=-1.355e-10
step= 57000, t=12.624488, dt=2.214e-04, KE=3.090089e-02, Mt=0.2503, A_K=0.066, Cuv=-0.271, P_in=8.065e-04, P_tgt=8.077e-04, A_F=0.038, K_low=0.107, P_drag=-6.522e-04, P_cool=-6.790e-04, WENO=0.040, rho_mean=1.000000, p_mean=0.715644, div_rms=1.339e-01, vort_rms=9.227e-01, mass_err=-1.379e-10
step= 58000, t=12.846137, dt=2.220e-04, KE=3.078394e-02, Mt=0.2495, A_K=0.039, Cuv=-0.261, P_in=8.156e-04, P_tgt=8.095e-04, A_F=0.173, K_low=0.113, P_drag=-6.908e-04, P_cool=-6.782e-04, WENO=0.046, rho_mean=1.000000, p_mean=0.715642, div_rms=1.336e-01, vort_rms=9.169e-01, mass_err=-1.403e-10
step= 59000, t=13.068124, dt=2.217e-04, KE=3.076663e-02, Mt=0.2490, A_K=0.014, Cuv=-0.240, P_in=8.374e-04, P_tgt=8.345e-04, A_F=0.141, K_low=0.119, P_drag=-7.303e-04, P_cool=-6.568e-04, WENO=0.043, rho_mean=1.000000, p_mean=0.715599, div_rms=1.293e-01, vort_rms=9.133e-01, mass_err=-1.427e-10
step= 60000, t=13.288537, dt=2.192e-04, KE=3.086129e-02, Mt=0.2491, A_K=0.004, Cuv=-0.222, P_in=8.609e-04, P_tgt=8.680e-04, A_F=0.016, K_low=0.125, P_drag=-7.706e-04, P_cool=-6.145e-04, WENO=0.042, rho_mean=1.000000, p_mean=0.715515, div_rms=1.314e-01, vort_rms=9.122e-01, mass_err=-1.451e-10
saved snapshot: results/hit2d/solenoidal_Mt025_N512_CFL_0p05/hit2d_step0060000.npz
step= 61000, t=13.507101, dt=2.190e-04, KE=3.087718e-02, Mt=0.2491, A_K=0.024, Cuv=-0.211, P_in=9.125e-04, P_tgt=8.980e-04, A_F=0.119, K_low=0.131, P_drag=-8.082e-04, P_cool=-5.893e-04, WENO=0.042, rho_mean=1.000000, p_mean=0.715464, div_rms=1.382e-01, vort_rms=9.100e-01, mass_err=-1.475e-10
step= 62000, t=13.727242, dt=2.207e-04, KE=3.067079e-02, Mt=0.2485, A_K=0.034, Cuv=-0.202, P_in=9.438e-04, P_tgt=9.396e-04, A_F=0.068, K_low=0.138, P_drag=-8.413e-04, P_cool=-6.096e-04, WENO=0.035, rho_mean=1.000000, p_mean=0.715505, div_rms=1.326e-01, vort_rms=9.057e-01, mass_err=-1.500e-10
step= 63000, t=13.947809, dt=2.205e-04, KE=3.040456e-02, Mt=0.2476, A_K=0.040, Cuv=-0.212, P_in=9.960e-04, P_tgt=1.017e-03, A_F=0.013, K_low=0.143, P_drag=-8.668e-04, P_cool=-6.407e-04, WENO=0.037, rho_mean=1.000000, p_mean=0.715567, div_rms=1.317e-01, vort_rms=9.013e-01, mass_err=-1.524e-10
step= 64000, t=14.168944, dt=2.219e-04, KE=3.024343e-02, Mt=0.2472, A_K=0.051, Cuv=-0.214, P_in=1.133e-03, P_tgt=1.133e-03, A_F=0.061, K_low=0.147, P_drag=-8.819e-04, P_cool=-6.542e-04, WENO=0.033, rho_mean=1.000000, p_mean=0.715594, div_rms=1.354e-01, vort_rms=8.999e-01, mass_err=-1.548e-10
step= 65000, t=14.391168, dt=2.227e-04, KE=3.012440e-02, Mt=0.2469, A_K=0.061, Cuv=-0.202, P_in=1.270e-03, P_tgt=1.277e-03, A_F=0.139, K_low=0.149, P_drag=-8.935e-04, P_cool=-6.628e-04, WENO=0.038, rho_mean=1.000000, p_mean=0.715611, div_rms=1.454e-01, vort_rms=8.952e-01, mass_err=-1.572e-10
step= 66000, t=14.615042, dt=2.248e-04, KE=2.994033e-02, Mt=0.2463, A_K=0.070, Cuv=-0.175, P_in=1.472e-03, P_tgt=1.470e-03, A_F=0.095, K_low=0.152, P_drag=-9.037e-04, P_cool=-6.903e-04, WENO=0.039, rho_mean=1.000000, p_mean=0.715666, div_rms=1.357e-01, vort_rms=8.908e-01, mass_err=-1.597e-10
step= 67000, t=14.840494, dt=2.265e-04, KE=2.989731e-02, Mt=0.2461, A_K=0.085, Cuv=-0.132, P_in=1.713e-03, P_tgt=1.721e-03, A_F=0.027, K_low=0.154, P_drag=-9.144e-04, P_cool=-6.983e-04, WENO=0.045, rho_mean=1.000000, p_mean=0.715682, div_rms=1.365e-01, vort_rms=8.889e-01, mass_err=-1.621e-10
step= 68000, t=15.067402, dt=2.269e-04, KE=3.002084e-02, Mt=0.2465, A_K=0.113, Cuv=-0.094, P_in=2.004e-03, P_tgt=2.006e-03, A_F=0.153, K_low=0.155, P_drag=-9.251e-04, P_cool=-6.849e-04, WENO=0.049, rho_mean=1.000000, p_mean=0.715655, div_rms=1.338e-01, vort_rms=8.910e-01, mass_err=-1.645e-10
step= 69000, t=15.294136, dt=2.259e-04, KE=3.030521e-02, Mt=0.2475, A_K=0.146, Cuv=-0.059, P_in=2.261e-03, P_tgt=2.267e-03, A_F=0.185, K_low=0.155, P_drag=-9.325e-04, P_cool=-6.527e-04, WENO=0.044, rho_mean=1.000000, p_mean=0.715591, div_rms=1.363e-01, vort_rms=8.974e-01, mass_err=-1.669e-10
step= 70000, t=15.520297, dt=2.267e-04, KE=3.060839e-02, Mt=0.2488, A_K=0.169, Cuv=-0.052, P_in=2.449e-03, P_tgt=2.439e-03, A_F=0.225, K_low=0.154, P_drag=-9.326e-04, P_cool=-6.280e-04, WENO=0.042, rho_mean=1.000000, p_mean=0.715542, div_rms=1.423e-01, vort_rms=8.997e-01, mass_err=-1.693e-10
saved snapshot: results/hit2d/solenoidal_Mt025_N512_CFL_0p05/hit2d_step0070000.npz
step= 71000, t=15.746768, dt=2.258e-04, KE=3.075348e-02, Mt=0.2497, A_K=0.193, Cuv=-0.044, P_in=2.515e-03, P_tgt=2.509e-03, A_F=0.180, K_low=0.153, P_drag=-9.276e-04, P_cool=-6.406e-04, WENO=0.037, rho_mean=1.000000, p_mean=0.715567, div_rms=1.375e-01, vort_rms=9.042e-01, mass_err=-1.717e-10
warning: flow component anisotropy has increased over the last three diagnostic samples
step= 72000, t=15.971248, dt=2.233e-04, KE=3.080895e-02, Mt=0.2503, A_K=0.206, Cuv=-0.033, P_in=2.511e-03, P_tgt=2.509e-03, A_F=0.095, K_low=0.151, P_drag=-9.158e-04, P_cool=-6.716e-04, WENO=0.039, rho_mean=1.000000, p_mean=0.715629, div_rms=1.343e-01, vort_rms=9.132e-01, mass_err=-1.742e-10
step= 73000, t=16.193958, dt=2.224e-04, KE=3.090066e-02, Mt=0.2508, A_K=0.196, Cuv=-0.032, P_in=2.460e-03, P_tgt=2.455e-03, A_F=0.021, K_low=0.147, P_drag=-8.962e-04, P_cool=-6.932e-04, WENO=0.038, rho_mean=1.000000, p_mean=0.715672, div_rms=1.329e-01, vort_rms=9.202e-01, mass_err=-1.766e-10
step= 74000, t=16.415792, dt=2.209e-04, KE=3.108018e-02, Mt=0.2513, A_K=0.181, Cuv=-0.032, P_in=2.352e-03, P_tgt=2.360e-03, A_F=0.092, K_low=0.141, P_drag=-8.663e-04, P_cool=-6.944e-04, WENO=0.041, rho_mean=1.000000, p_mean=0.715674, div_rms=1.371e-01, vort_rms=9.280e-01, mass_err=-1.790e-10
step= 75000, t=16.636721, dt=2.209e-04, KE=3.126575e-02, Mt=0.2518, A_K=0.166, Cuv=-0.028, P_in=2.251e-03, P_tgt=2.221e-03, A_F=0.149, K_low=0.133, P_drag=-8.295e-04, P_cool=-6.907e-04, WENO=0.038, rho_mean=1.000000, p_mean=0.715667, div_rms=1.407e-01, vort_rms=9.367e-01, mass_err=-1.814e-10
step= 76000, t=16.858180, dt=2.217e-04, KE=3.140434e-02, Mt=0.2523, A_K=0.152, Cuv=-0.026, P_in=2.006e-03, P_tgt=2.050e-03, A_F=0.123, K_low=0.127, P_drag=-7.934e-04, P_cool=-6.912e-04, WENO=0.035, rho_mean=1.000000, p_mean=0.715668, div_rms=1.362e-01, vort_rms=9.430e-01, mass_err=-1.839e-10
step= 77000, t=17.079395, dt=2.210e-04, KE=3.156375e-02, Mt=0.2529, A_K=0.161, Cuv=-0.018, P_in=1.845e-03, P_tgt=1.853e-03, A_F=0.046, K_low=0.122, P_drag=-7.591e-04, P_cool=-6.811e-04, WENO=0.043, rho_mean=1.000000, p_mean=0.715648, div_rms=1.353e-01, vort_rms=9.462e-01, mass_err=-1.863e-10
step= 78000, t=17.300856, dt=2.220e-04, KE=3.173417e-02, Mt=0.2537, A_K=0.177, Cuv=-0.021, P_in=1.619e-03, P_tgt=1.627e-03, A_F=0.078, K_low=0.116, P_drag=-7.262e-04, P_cool=-6.615e-04, WENO=0.030, rho_mean=1.000000, p_mean=0.715609, div_rms=1.376e-01, vort_rms=9.468e-01, mass_err=-1.887e-10
step= 79000, t=17.522980, dt=2.220e-04, KE=3.180180e-02, Mt=0.2541, A_K=0.173, Cuv=-0.037, P_in=1.388e-03, P_tgt=1.393e-03, A_F=0.116, K_low=0.111, P_drag=-6.953e-04, P_cool=-6.542e-04, WENO=0.033, rho_mean=1.000000, p_mean=0.715594, div_rms=1.444e-01, vort_rms=9.452e-01, mass_err=-1.911e-10
step= 80000, t=17.745600, dt=2.234e-04, KE=3.166985e-02, Mt=0.2534, A_K=0.156, Cuv=-0.055, P_in=1.204e-03, P_tgt=1.200e-03, A_F=0.093, K_low=0.106, P_drag=-6.654e-04, P_cool=-6.782e-04, WENO=0.042, rho_mean=1.000000, p_mean=0.715642, div_rms=1.391e-01, vort_rms=9.427e-01, mass_err=-1.935e-10
saved snapshot: results/hit2d/solenoidal_Mt025_N512_CFL_0p05/hit2d_step0080000.npz
step= 81000, t=17.968807, dt=2.222e-04, KE=3.153294e-02, Mt=0.2529, A_K=0.139, Cuv=-0.072, P_in=1.073e-03, P_tgt=1.063e-03, A_F=0.055, K_low=0.102, P_drag=-6.371e-04, P_cool=-6.962e-04, WENO=0.036, rho_mean=1.000000, p_mean=0.715678, div_rms=1.399e-01, vort_rms=9.392e-01, mass_err=-1.959e-10
step= 82000, t=18.189640, dt=2.201e-04, KE=3.146873e-02, Mt=0.2528, A_K=0.129, Cuv=-0.084, P_in=9.469e-04, P_tgt=9.517e-04, A_F=0.023, K_low=0.099, P_drag=-6.118e-04, P_cool=-6.952e-04, WENO=0.034, rho_mean=1.000000, p_mean=0.715676, div_rms=1.434e-01, vort_rms=9.363e-01, mass_err=-1.984e-10
step= 83000, t=18.409965, dt=2.205e-04, KE=3.140173e-02, Mt=0.2527, A_K=0.127, Cuv=-0.096, P_in=8.574e-04, P_tgt=8.526e-04, A_F=0.019, K_low=0.096, P_drag=-5.897e-04, P_cool=-6.912e-04, WENO=0.040, rho_mean=1.000000, p_mean=0.715668, div_rms=1.377e-01, vort_rms=9.338e-01, mass_err=-2.008e-10
step= 84000, t=18.631552, dt=2.226e-04, KE=3.135036e-02, Mt=0.2523, A_K=0.123, Cuv=-0.093, P_in=7.779e-04, P_tgt=7.732e-04, A_F=0.121, K_low=0.093, P_drag=-5.687e-04, P_cool=-6.816e-04, WENO=0.040, rho_mean=1.000000, p_mean=0.715649, div_rms=1.352e-01, vort_rms=9.313e-01, mass_err=-2.032e-10
step= 85000, t=18.853838, dt=2.224e-04, KE=3.132239e-02, Mt=0.2520, A_K=0.110, Cuv=-0.091, P_in=7.324e-04, P_tgt=7.114e-04, A_F=0.061, K_low=0.088, P_drag=-5.473e-04, P_cool=-6.654e-04, WENO=0.038, rho_mean=1.000000, p_mean=0.715617, div_rms=1.346e-01, vort_rms=9.290e-01, mass_err=-2.057e-10
step= 86000, t=19.077227, dt=2.249e-04, KE=3.127669e-02, Mt=0.2517, A_K=0.121, Cuv=-0.097, P_in=6.593e-04, P_tgt=6.595e-04, A_F=0.256, K_low=0.084, P_drag=-5.269e-04, P_cool=-6.527e-04, WENO=0.041, rho_mean=1.000000, p_mean=0.715591, div_rms=1.385e-01, vort_rms=9.232e-01, mass_err=-2.081e-10
step= 87000, t=19.301051, dt=2.226e-04, KE=3.112613e-02, Mt=0.2509, A_K=0.127, Cuv=-0.113, P_in=6.264e-04, P_tgt=6.246e-04, A_F=0.135, K_low=0.082, P_drag=-5.110e-04, P_cool=-6.590e-04, WENO=0.040, rho_mean=1.000000, p_mean=0.715604, div_rms=1.354e-01, vort_rms=9.183e-01, mass_err=-2.105e-10
step= 88000, t=19.523434, dt=2.224e-04, KE=3.094818e-02, Mt=0.2501, A_K=0.135, Cuv=-0.132, P_in=6.071e-04, P_tgt=6.121e-04, A_F=0.127, K_low=0.081, P_drag=-5.021e-04, P_cool=-6.699e-04, WENO=0.035, rho_mean=1.000000, p_mean=0.715626, div_rms=1.359e-01, vort_rms=9.139e-01, mass_err=-2.129e-10
step= 89000, t=19.746418, dt=2.239e-04, KE=3.077549e-02, Mt=0.2495, A_K=0.144, Cuv=-0.139, P_in=6.173e-04, P_tgt=6.168e-04, A_F=0.087, K_low=0.082, P_drag=-5.006e-04, P_cool=-6.794e-04, WENO=0.036, rho_mean=1.000000, p_mean=0.715644, div_rms=1.363e-01, vort_rms=9.098e-01, mass_err=-2.153e-10
step= 90000, t=19.970248, dt=2.228e-04, KE=3.061204e-02, Mt=0.2490, A_K=0.148, Cuv=-0.132, P_in=6.303e-04, P_tgt=6.345e-04, A_F=0.101, K_low=0.083, P_drag=-5.050e-04, P_cool=-6.870e-04, WENO=0.036, rho_mean=1.000000, p_mean=0.715660, div_rms=1.341e-01, vort_rms=9.062e-01, mass_err=-2.178e-10
saved snapshot: results/hit2d/solenoidal_Mt025_N512_CFL_0p05/hit2d_step0090000.npz
step= 91000, t=20.191772, dt=2.203e-04, KE=3.050311e-02, Mt=0.2487, A_K=0.153, Cuv=-0.137, P_in=6.771e-04, P_tgt=6.654e-04, A_F=0.079, K_low=0.085, P_drag=-5.122e-04, P_cool=-6.845e-04, WENO=0.034, rho_mean=1.000000, p_mean=0.715655, div_rms=1.328e-01, vort_rms=9.022e-01, mass_err=-2.202e-10
step= 92000, t=20.411339, dt=2.184e-04, KE=3.049007e-02, Mt=0.2486, A_K=0.155, Cuv=-0.148, P_in=7.109e-04, P_tgt=7.035e-04, A_F=0.246, K_low=0.086, P_drag=-5.208e-04, P_cool=-6.659e-04, WENO=0.039, rho_mean=1.000000, p_mean=0.715617, div_rms=1.385e-01, vort_rms=8.962e-01, mass_err=-2.226e-10
step= 93000, t=20.629949, dt=2.196e-04, KE=3.047054e-02, Mt=0.2484, A_K=0.139, Cuv=-0.188, P_in=7.522e-04, P_tgt=7.469e-04, A_F=0.031, K_low=0.087, P_drag=-5.307e-04, P_cool=-6.498e-04, WENO=0.039, rho_mean=1.000000, p_mean=0.715585, div_rms=1.321e-01, vort_rms=8.945e-01, mass_err=-2.250e-10
step= 94000, t=20.850618, dt=2.203e-04, KE=3.046580e-02, Mt=0.2480, A_K=0.132, Cuv=-0.234, P_in=8.061e-04, P_tgt=8.027e-04, A_F=0.137, K_low=0.089, P_drag=-5.411e-04, P_cool=-6.334e-04, WENO=0.035, rho_mean=1.000000, p_mean=0.715553, div_rms=1.333e-01, vort_rms=8.965e-01, mass_err=-2.274e-10
step= 95000, t=21.069562, dt=2.176e-04, KE=3.042211e-02, Mt=0.2475, A_K=0.128, Cuv=-0.250, P_in=8.847e-04, P_tgt=8.783e-04, A_F=0.009, K_low=0.091, P_drag=-5.509e-04, P_cool=-6.274e-04, WENO=0.037, rho_mean=1.000000, p_mean=0.715540, div_rms=1.269e-01, vort_rms=8.942e-01, mass_err=-2.299e-10
step= 96000, t=21.286455, dt=2.165e-04, KE=3.039234e-02, Mt=0.2474, A_K=0.132, Cuv=-0.249, P_in=9.586e-04, P_tgt=9.751e-04, A_F=0.235, K_low=0.092, P_drag=-5.605e-04, P_cool=-6.223e-04, WENO=0.033, rho_mean=1.000000, p_mean=0.715530, div_rms=1.253e-01, vort_rms=8.930e-01, mass_err=-2.323e-10
step= 97000, t=21.502526, dt=2.157e-04, KE=3.035578e-02, Mt=0.2474, A_K=0.131, Cuv=-0.249, P_in=1.089e-03, P_tgt=1.084e-03, A_F=0.044, K_low=0.094, P_drag=-5.716e-04, P_cool=-6.228e-04, WENO=0.034, rho_mean=1.000000, p_mean=0.715531, div_rms=1.282e-01, vort_rms=8.910e-01, mass_err=-2.347e-10
step= 98000, t=21.718731, dt=2.172e-04, KE=3.027085e-02, Mt=0.2473, A_K=0.117, Cuv=-0.265, P_in=1.216e-03, P_tgt=1.210e-03, A_F=0.097, K_low=0.098, P_drag=-5.867e-04, P_cool=-6.371e-04, WENO=0.038, rho_mean=1.000000, p_mean=0.715560, div_rms=1.263e-01, vort_rms=8.903e-01, mass_err=-2.371e-10
step= 99000, t=21.936239, dt=2.172e-04, KE=3.024973e-02, Mt=0.2474, A_K=0.108, Cuv=-0.293, P_in=1.363e-03, P_tgt=1.351e-03, A_F=0.009, K_low=0.101, P_drag=-6.045e-04, P_cool=-6.432e-04, WENO=0.041, rho_mean=1.000000, p_mean=0.715572, div_rms=1.320e-01, vort_rms=8.891e-01, mass_err=-2.395e-10
step=100000, t=22.153998, dt=2.186e-04, KE=3.027491e-02, Mt=0.2476, A_K=0.102, Cuv=-0.321, P_in=1.492e-03, P_tgt=1.496e-03, A_F=0.088, K_low=0.104, P_drag=-6.217e-04, P_cool=-6.455e-04, WENO=0.043, rho_mean=1.000000, p_mean=0.715577, div_rms=1.323e-01, vort_rms=8.887e-01, mass_err=-2.419e-10
saved snapshot: results/hit2d/solenoidal_Mt025_N512_CFL_0p05/hit2d_step0100000.npz
step=101000, t=22.371951, dt=2.175e-04, KE=3.032209e-02, Mt=0.2479, A_K=0.091, Cuv=-0.335, P_in=1.651e-03, P_tgt=1.642e-03, A_F=0.055, K_low=0.107, P_drag=-6.358e-04, P_cool=-6.489e-04, WENO=0.037, rho_mean=1.000000, p_mean=0.715583, div_rms=1.234e-01, vort_rms=8.893e-01, mass_err=-2.443e-10
step=102000, t=22.589459, dt=2.179e-04, KE=3.045381e-02, Mt=0.2484, A_K=0.069, Cuv=-0.334, P_in=1.783e-03, P_tgt=1.773e-03, A_F=0.176, K_low=0.108, P_drag=-6.453e-04, P_cool=-6.409e-04, WENO=0.043, rho_mean=1.000000, p_mean=0.715568, div_rms=1.266e-01, vort_rms=8.902e-01, mass_err=-2.468e-10
step=103000, t=22.808306, dt=2.188e-04, KE=3.060340e-02, Mt=0.2489, A_K=0.058, Cuv=-0.326, P_in=1.872e-03, P_tgt=1.870e-03, A_F=0.007, K_low=0.108, P_drag=-6.515e-04, P_cool=-6.346e-04, WENO=0.037, rho_mean=1.000000, p_mean=0.715555, div_rms=1.279e-01, vort_rms=8.911e-01, mass_err=-2.492e-10
step=104000, t=23.026804, dt=2.185e-04, KE=3.073604e-02, Mt=0.2492, A_K=0.054, Cuv=-0.314, P_in=1.941e-03, P_tgt=1.939e-03, A_F=0.140, K_low=0.108, P_drag=-6.565e-04, P_cool=-6.351e-04, WENO=0.036, rho_mean=1.000000, p_mean=0.715556, div_rms=1.316e-01, vort_rms=8.937e-01, mass_err=-2.516e-10
step=105000, t=23.245945, dt=2.202e-04, KE=3.081965e-02, Mt=0.2492, A_K=0.053, Cuv=-0.309, P_in=1.999e-03, P_tgt=2.003e-03, A_F=0.159, K_low=0.109, P_drag=-6.629e-04, P_cool=-6.478e-04, WENO=0.033, rho_mean=1.000000, p_mean=0.715581, div_rms=1.275e-01, vort_rms=8.970e-01, mass_err=-2.540e-10
step=106000, t=23.467617, dt=2.229e-04, KE=3.093664e-02, Mt=0.2496, A_K=0.050, Cuv=-0.308, P_in=2.061e-03, P_tgt=2.055e-03, A_F=0.061, K_low=0.110, P_drag=-6.722e-04, P_cool=-6.560e-04, WENO=0.040, rho_mean=1.000000, p_mean=0.715598, div_rms=1.237e-01, vort_rms=9.027e-01, mass_err=-2.564e-10
step=107000, t=23.689181, dt=2.210e-04, KE=3.115912e-02, Mt=0.2505, A_K=0.039, Cuv=-0.330, P_in=2.057e-03, P_tgt=2.058e-03, A_F=0.042, K_low=0.111, P_drag=-6.838e-04, P_cool=-6.440e-04, WENO=0.036, rho_mean=1.000000, p_mean=0.715574, div_rms=1.226e-01, vort_rms=9.064e-01, mass_err=-2.588e-10
step=108000, t=23.909931, dt=2.199e-04, KE=3.143976e-02, Mt=0.2518, A_K=0.034, Cuv=-0.361, P_in=1.970e-03, P_tgt=1.968e-03, A_F=0.178, K_low=0.111, P_drag=-6.941e-04, P_cool=-6.188e-04, WENO=0.037, rho_mean=1.000000, p_mean=0.715523, div_rms=1.295e-01, vort_rms=9.094e-01, mass_err=-2.613e-10
step=109000, t=24.130076, dt=2.192e-04, KE=3.161281e-02, Mt=0.2528, A_K=0.036, Cuv=-0.383, P_in=1.794e-03, P_tgt=1.796e-03, A_F=0.213, K_low=0.112, P_drag=-7.018e-04, P_cool=-6.095e-04, WENO=0.041, rho_mean=1.000000, p_mean=0.715505, div_rms=1.360e-01, vort_rms=9.112e-01, mass_err=-2.637e-10
step=110000, t=24.347442, dt=2.161e-04, KE=3.157369e-02, Mt=0.2529, A_K=0.044, Cuv=-0.389, P_in=1.603e-03, P_tgt=1.601e-03, A_F=0.224, K_low=0.114, P_drag=-7.065e-04, P_cool=-6.336e-04, WENO=0.041, rho_mean=1.000000, p_mean=0.715553, div_rms=1.321e-01, vort_rms=9.110e-01, mass_err=-2.661e-10
saved snapshot: results/hit2d/solenoidal_Mt025_N512_CFL_0p05/hit2d_step0110000.npz
step=111000, t=24.563651, dt=2.165e-04, KE=3.144381e-02, Mt=0.2527, A_K=0.049, Cuv=-0.380, P_in=1.433e-03, P_tgt=1.431e-03, A_F=0.094, K_low=0.115, P_drag=-7.095e-04, P_cool=-6.664e-04, WENO=0.039, rho_mean=1.000000, p_mean=0.715618, div_rms=1.292e-01, vort_rms=9.098e-01, mass_err=-2.685e-10
step=112000, t=24.779242, dt=2.153e-04, KE=3.139093e-02, Mt=0.2526, A_K=0.043, Cuv=-0.359, P_in=1.290e-03, P_tgt=1.289e-03, A_F=0.005, K_low=0.117, P_drag=-7.113e-04, P_cool=-6.758e-04, WENO=0.039, rho_mean=1.000000, p_mean=0.715637, div_rms=1.332e-01, vort_rms=9.083e-01, mass_err=-2.709e-10
step=113000, t=24.995528, dt=2.176e-04, KE=3.143691e-02, Mt=0.2526, A_K=0.027, Cuv=-0.336, P_in=1.165e-03, P_tgt=1.164e-03, A_F=0.354, K_low=0.116, P_drag=-7.095e-04, P_cool=-6.599e-04, WENO=0.038, rho_mean=1.000000, p_mean=0.715605, div_rms=1.345e-01, vort_rms=9.072e-01, mass_err=-2.733e-10
step=114000, t=25.212785, dt=2.168e-04, KE=3.148943e-02, Mt=0.2523, A_K=0.011, Cuv=-0.327, P_in=1.061e-03, P_tgt=1.055e-03, A_F=0.071, K_low=0.114, P_drag=-7.027e-04, P_cool=-6.386e-04, WENO=0.046, rho_mean=1.000000, p_mean=0.715563, div_rms=1.350e-01, vort_rms=9.076e-01, mass_err=-2.758e-10
step=115000, t=25.429425, dt=2.166e-04, KE=3.144686e-02, Mt=0.2517, A_K=0.005, Cuv=-0.334, P_in=9.733e-04, P_tgt=9.726e-04, A_F=0.121, K_low=0.111, P_drag=-6.925e-04, P_cool=-6.333e-04, WENO=0.044, rho_mean=1.000000, p_mean=0.715552, div_rms=1.258e-01, vort_rms=9.077e-01, mass_err=-2.782e-10
step=116000, t=25.645821, dt=2.147e-04, KE=3.140698e-02, Mt=0.2515, A_K=0.013, Cuv=-0.345, P_in=9.175e-04, P_tgt=9.150e-04, A_F=0.138, K_low=0.108, P_drag=-6.833e-04, P_cool=-6.250e-04, WENO=0.043, rho_mean=1.000000, p_mean=0.715536, div_rms=1.215e-01, vort_rms=9.079e-01, mass_err=-2.806e-10
step=117000, t=25.859123, dt=2.124e-04, KE=3.140703e-02, Mt=0.2516, A_K=0.025, Cuv=-0.351, P_in=8.650e-04, P_tgt=8.608e-04, A_F=0.079, K_low=0.107, P_drag=-6.760e-04, P_cool=-6.076e-04, WENO=0.036, rho_mean=1.000000, p_mean=0.715501, div_rms=1.331e-01, vort_rms=9.063e-01, mass_err=-2.830e-10
step=118000, t=26.071103, dt=2.119e-04, KE=3.125781e-02, Mt=0.2514, A_K=0.036, Cuv=-0.352, P_in=8.326e-04, P_tgt=8.084e-04, A_F=0.133, K_low=0.107, P_drag=-6.685e-04, P_cool=-6.185e-04, WENO=0.029, rho_mean=1.000000, p_mean=0.715523, div_rms=1.352e-01, vort_rms=9.029e-01, mass_err=-2.854e-10
step=119000, t=26.284630, dt=2.155e-04, KE=3.097475e-02, Mt=0.2506, A_K=0.039, Cuv=-0.338, P_in=7.778e-04, P_tgt=7.751e-04, A_F=0.006, K_low=0.108, P_drag=-6.572e-04, P_cool=-6.546e-04, WENO=0.033, rho_mean=1.000000, p_mean=0.715595, div_rms=1.313e-01, vort_rms=8.994e-01, mass_err=-2.879e-10
step=120000, t=26.501887, dt=2.189e-04, KE=3.071066e-02, Mt=0.2498, A_K=0.039, Cuv=-0.315, P_in=7.688e-04, P_tgt=7.693e-04, A_F=0.023, K_low=0.107, P_drag=-6.424e-04, P_cool=-6.835e-04, WENO=0.042, rho_mean=1.000000, p_mean=0.715653, div_rms=1.209e-01, vort_rms=8.959e-01, mass_err=-2.903e-10
saved snapshot: results/hit2d/solenoidal_Mt025_N512_CFL_0p05/hit2d_step0120000.npz
step=121000, t=26.719996, dt=2.175e-04, KE=3.066035e-02, Mt=0.2494, A_K=0.042, Cuv=-0.286, P_in=7.845e-04, P_tgt=7.849e-04, A_F=0.054, K_low=0.104, P_drag=-6.244e-04, P_cool=-6.701e-04, WENO=0.036, rho_mean=1.000000, p_mean=0.715626, div_rms=1.235e-01, vort_rms=8.938e-01, mass_err=-2.927e-10
step=122000, t=26.937193, dt=2.172e-04, KE=3.071256e-02, Mt=0.2491, A_K=0.043, Cuv=-0.257, P_in=8.084e-04, P_tgt=8.087e-04, A_F=0.051, K_low=0.099, P_drag=-6.027e-04, P_cool=-6.392e-04, WENO=0.037, rho_mean=1.000000, p_mean=0.715564, div_rms=1.254e-01, vort_rms=8.922e-01, mass_err=-2.951e-10
step=123000, t=27.152968, dt=2.140e-04, KE=3.072706e-02, Mt=0.2488, A_K=0.037, Cuv=-0.233, P_in=8.478e-04, P_tgt=8.427e-04, A_F=0.002, K_low=0.095, P_drag=-5.790e-04, P_cool=-6.193e-04, WENO=0.028, rho_mean=1.000000, p_mean=0.715524, div_rms=1.249e-01, vort_rms=8.898e-01, mass_err=-2.976e-10
step=124000, t=27.366218, dt=2.133e-04, KE=3.069208e-02, Mt=0.2486, A_K=0.027, Cuv=-0.216, P_in=8.892e-04, P_tgt=8.870e-04, A_F=0.096, K_low=0.091, P_drag=-5.562e-04, P_cool=-6.127e-04, WENO=0.028, rho_mean=1.000000, p_mean=0.715511, div_rms=1.262e-01, vort_rms=8.884e-01, mass_err=-3.000e-10
step=125000, t=27.580699, dt=2.161e-04, KE=3.059969e-02, Mt=0.2483, A_K=0.019, Cuv=-0.201, P_in=9.429e-04, P_tgt=9.438e-04, A_F=0.089, K_low=0.087, P_drag=-5.355e-04, P_cool=-6.205e-04, WENO=0.036, rho_mean=1.000000, p_mean=0.715527, div_rms=1.146e-01, vort_rms=8.880e-01, mass_err=-3.024e-10
step=126000, t=27.798247, dt=2.189e-04, KE=3.058702e-02, Mt=0.2483, A_K=0.008, Cuv=-0.183, P_in=1.012e-03, P_tgt=1.011e-03, A_F=0.138, K_low=0.084, P_drag=-5.186e-04, P_cool=-6.157e-04, WENO=0.028, rho_mean=1.000000, p_mean=0.715517, div_rms=1.207e-01, vort_rms=8.893e-01, mass_err=-3.048e-10
step=127000, t=28.017988, dt=2.200e-04, KE=3.057929e-02, Mt=0.2484, A_K=0.002, Cuv=-0.167, P_in=1.080e-03, P_tgt=1.080e-03, A_F=0.155, K_low=0.082, P_drag=-5.055e-04, P_cool=-6.138e-04, WENO=0.028, rho_mean=1.000000, p_mean=0.715513, div_rms=1.255e-01, vort_rms=8.881e-01, mass_err=-3.072e-10
step=128000, t=28.237027, dt=2.190e-04, KE=3.051885e-02, Mt=0.2484, A_K=0.000, Cuv=-0.152, P_in=1.155e-03, P_tgt=1.154e-03, A_F=0.001, K_low=0.081, P_drag=-4.952e-04, P_cool=-6.259e-04, WENO=0.025, rho_mean=1.000000, p_mean=0.715537, div_rms=1.232e-01, vort_rms=8.884e-01, mass_err=-3.096e-10
step=129000, t=28.456086, dt=2.187e-04, KE=3.044484e-02, Mt=0.2484, A_K=0.014, Cuv=-0.116, P_in=1.229e-03, P_tgt=1.230e-03, A_F=0.134, K_low=0.080, P_drag=-4.853e-04, P_cool=-6.438e-04, WENO=0.037, rho_mean=1.000000, p_mean=0.715573, div_rms=1.212e-01, vort_rms=8.902e-01, mass_err=-3.121e-10
step=130000, t=28.674949, dt=2.192e-04, KE=3.042412e-02, Mt=0.2484, A_K=0.022, Cuv=-0.091, P_in=1.317e-03, P_tgt=1.313e-03, A_F=0.118, K_low=0.078, P_drag=-4.735e-04, P_cool=-6.540e-04, WENO=0.034, rho_mean=1.000000, p_mean=0.715594, div_rms=1.181e-01, vort_rms=8.905e-01, mass_err=-3.145e-10
saved snapshot: results/hit2d/solenoidal_Mt025_N512_CFL_0p05/hit2d_step0130000.npz
step=131000, t=28.893997, dt=2.181e-04, KE=3.050034e-02, Mt=0.2486, A_K=0.040, Cuv=-0.070, P_in=1.402e-03, P_tgt=1.396e-03, A_F=0.166, K_low=0.076, P_drag=-4.614e-04, P_cool=-6.491e-04, WENO=0.037, rho_mean=1.000000, p_mean=0.715584, div_rms=1.257e-01, vort_rms=8.910e-01, mass_err=-3.169e-10
step=132000, t=29.112135, dt=2.193e-04, KE=3.053751e-02, Mt=0.2487, A_K=0.050, Cuv=-0.070, P_in=1.464e-03, P_tgt=1.477e-03, A_F=0.253, K_low=0.074, P_drag=-4.509e-04, P_cool=-6.561e-04, WENO=0.036, rho_mean=1.000000, p_mean=0.715598, div_rms=1.231e-01, vort_rms=8.922e-01, mass_err=-3.193e-10
step=133000, t=29.332597, dt=2.208e-04, KE=3.053382e-02, Mt=0.2490, A_K=0.057, Cuv=-0.085, P_in=1.551e-03, P_tgt=1.547e-03, A_F=0.167, K_low=0.073, P_drag=-4.433e-04, P_cool=-6.745e-04, WENO=0.032, rho_mean=1.000000, p_mean=0.715635, div_rms=1.238e-01, vort_rms=8.927e-01, mass_err=-3.218e-10
step=134000, t=29.553165, dt=2.208e-04, KE=3.054574e-02, Mt=0.2495, A_K=0.048, Cuv=-0.098, P_in=1.591e-03, P_tgt=1.598e-03, A_F=0.069, K_low=0.072, P_drag=-4.375e-04, P_cool=-6.920e-04, WENO=0.037, rho_mean=1.000000, p_mean=0.715670, div_rms=1.200e-01, vort_rms=8.937e-01, mass_err=-3.242e-10
step=135000, t=29.774404, dt=2.219e-04, KE=3.069185e-02, Mt=0.2502, A_K=0.033, Cuv=-0.104, P_in=1.607e-03, P_tgt=1.608e-03, A_F=0.028, K_low=0.072, P_drag=-4.341e-04, P_cool=-6.841e-04, WENO=0.032, rho_mean=1.000000, p_mean=0.715654, div_rms=1.310e-01, vort_rms=8.938e-01, mass_err=-3.266e-10
step=136000, t=29.996368, dt=2.222e-04, KE=3.083383e-02, Mt=0.2506, A_K=0.015, Cuv=-0.104, P_in=1.582e-03, P_tgt=1.583e-03, A_F=0.056, K_low=0.072, P_drag=-4.337e-04, P_cool=-6.772e-04, WENO=0.027, rho_mean=1.000000, p_mean=0.715640, div_rms=1.325e-01, vort_rms=8.934e-01, mass_err=-3.290e-10
step=137000, t=30.219185, dt=2.233e-04, KE=3.095837e-02, Mt=0.2509, A_K=0.001, Cuv=-0.107, P_in=1.538e-03, P_tgt=1.538e-03, A_F=0.112, K_low=0.072, P_drag=-4.362e-04, P_cool=-6.725e-04, WENO=0.034, rho_mean=1.000000, p_mean=0.715631, div_rms=1.296e-01, vort_rms=8.934e-01, mass_err=-3.315e-10
step=138000, t=30.441667, dt=2.212e-04, KE=3.110375e-02, Mt=0.2516, A_K=0.012, Cuv=-0.111, P_in=1.464e-03, P_tgt=1.462e-03, A_F=0.016, K_low=0.072, P_drag=-4.415e-04, P_cool=-6.612e-04, WENO=0.031, rho_mean=1.000000, p_mean=0.715608, div_rms=1.356e-01, vort_rms=8.934e-01, mass_err=-3.339e-10
step=139000, t=30.662894, dt=2.211e-04, KE=3.116636e-02, Mt=0.2518, A_K=0.023, Cuv=-0.123, P_in=1.388e-03, P_tgt=1.363e-03, A_F=0.074, K_low=0.073, P_drag=-4.486e-04, P_cool=-6.623e-04, WENO=0.034, rho_mean=1.000000, p_mean=0.715610, div_rms=1.279e-01, vort_rms=8.922e-01, mass_err=-3.363e-10
step=140000, t=30.883021, dt=2.199e-04, KE=3.123138e-02, Mt=0.2519, A_K=0.032, Cuv=-0.124, P_in=1.257e-03, P_tgt=1.267e-03, A_F=0.147, K_low=0.074, P_drag=-4.567e-04, P_cool=-6.582e-04, WENO=0.034, rho_mean=1.000000, p_mean=0.715602, div_rms=1.251e-01, vort_rms=8.898e-01, mass_err=-3.388e-10
saved snapshot: results/hit2d/solenoidal_Mt025_N512_CFL_0p05/hit2d_step0140000.npz
step=141000, t=31.102289, dt=2.186e-04, KE=3.130677e-02, Mt=0.2521, A_K=0.047, Cuv=-0.120, P_in=1.194e-03, P_tgt=1.170e-03, A_F=0.267, K_low=0.075, P_drag=-4.646e-04, P_cool=-6.477e-04, WENO=0.034, rho_mean=1.000000, p_mean=0.715581, div_rms=1.268e-01, vort_rms=8.875e-01, mass_err=-3.412e-10
step=142000, t=31.320725, dt=2.186e-04, KE=3.128327e-02, Mt=0.2523, A_K=0.057, Cuv=-0.112, P_in=1.075e-03, P_tgt=1.072e-03, A_F=0.094, K_low=0.077, P_drag=-4.713e-04, P_cool=-6.528e-04, WENO=0.032, rho_mean=1.000000, p_mean=0.715591, div_rms=1.325e-01, vort_rms=8.852e-01, mass_err=-3.436e-10
step=143000, t=31.540026, dt=2.202e-04, KE=3.113158e-02, Mt=0.2521, A_K=0.054, Cuv=-0.107, P_in=9.858e-04, P_tgt=9.816e-04, A_F=0.120, K_low=0.079, P_drag=-4.779e-04, P_cool=-6.781e-04, WENO=0.034, rho_mean=1.000000, p_mean=0.715642, div_rms=1.309e-01, vort_rms=8.822e-01, mass_err=-3.461e-10
step=144000, t=31.761548, dt=2.226e-04, KE=3.102243e-02, Mt=0.2520, A_K=0.041, Cuv=-0.105, P_in=9.116e-04, P_tgt=9.059e-04, A_F=0.121, K_low=0.080, P_drag=-4.856e-04, P_cool=-6.900e-04, WENO=0.028, rho_mean=1.000000, p_mean=0.715666, div_rms=1.309e-01, vort_rms=8.784e-01, mass_err=-3.485e-10
step=145000, t=31.983600, dt=2.222e-04, KE=3.101461e-02, Mt=0.2520, A_K=0.032, Cuv=-0.105, P_in=8.356e-04, P_tgt=8.361e-04, A_F=0.120, K_low=0.082, P_drag=-4.943e-04, P_cool=-6.782e-04, WENO=0.035, rho_mean=1.000000, p_mean=0.715642, div_rms=1.425e-01, vort_rms=8.750e-01, mass_err=-3.509e-10
step=146000, t=32.206342, dt=2.240e-04, KE=3.091054e-02, Mt=0.2515, A_K=0.035, Cuv=-0.110, P_in=7.761e-04, P_tgt=7.787e-04, A_F=0.079, K_low=0.083, P_drag=-5.029e-04, P_cool=-6.825e-04, WENO=0.034, rho_mean=1.000000, p_mean=0.715651, div_rms=1.350e-01, vort_rms=8.714e-01, mass_err=-3.533e-10
step=147000, t=32.429316, dt=2.225e-04, KE=3.079790e-02, Mt=0.2510, A_K=0.047, Cuv=-0.120, P_in=7.380e-04, P_tgt=7.414e-04, A_F=0.094, K_low=0.085, P_drag=-5.105e-04, P_cool=-6.856e-04, WENO=0.034, rho_mean=1.000000, p_mean=0.715657, div_rms=1.305e-01, vort_rms=8.685e-01, mass_err=-3.558e-10
step=148000, t=32.652955, dt=2.244e-04, KE=3.078105e-02, Mt=0.2510, A_K=0.063, Cuv=-0.126, P_in=7.090e-04, P_tgt=7.134e-04, A_F=0.009, K_low=0.086, P_drag=-5.166e-04, P_cool=-6.681e-04, WENO=0.043, rho_mean=1.000000, p_mean=0.715622, div_rms=1.327e-01, vort_rms=8.685e-01, mass_err=-3.582e-10
step=149000, t=32.878445, dt=2.258e-04, KE=3.081371e-02, Mt=0.2509, A_K=0.081, Cuv=-0.138, P_in=7.083e-04, P_tgt=6.870e-04, A_F=0.207, K_low=0.086, P_drag=-5.204e-04, P_cool=-6.403e-04, WENO=0.041, rho_mean=1.000000, p_mean=0.715566, div_rms=1.326e-01, vort_rms=8.704e-01, mass_err=-3.606e-10
step=150000, t=33.103713, dt=2.247e-04, KE=3.078953e-02, Mt=0.2503, A_K=0.095, Cuv=-0.146, P_in=6.692e-04, P_tgt=6.709e-04, A_F=0.031, K_low=0.087, P_drag=-5.225e-04, P_cool=-6.238e-04, WENO=0.035, rho_mean=1.000000, p_mean=0.715533, div_rms=1.299e-01, vort_rms=8.704e-01, mass_err=-3.630e-10
saved snapshot: results/hit2d/solenoidal_Mt025_N512_CFL_0p05/hit2d_step0150000.npz
step=151000, t=33.327803, dt=2.237e-04, KE=3.066104e-02, Mt=0.2496, A_K=0.101, Cuv=-0.154, P_in=6.749e-04, P_tgt=6.722e-04, A_F=0.013, K_low=0.088, P_drag=-5.229e-04, P_cool=-6.281e-04, WENO=0.036, rho_mean=1.000000, p_mean=0.715542, div_rms=1.267e-01, vort_rms=8.691e-01, mass_err=-3.655e-10
step=152000, t=33.551391, dt=2.232e-04, KE=3.046204e-02, Mt=0.2492, A_K=0.096, Cuv=-0.172, P_in=6.799e-04, P_tgt=6.895e-04, A_F=0.026, K_low=0.088, P_drag=-5.214e-04, P_cool=-6.486e-04, WENO=0.033, rho_mean=1.000000, p_mean=0.715583, div_rms=1.230e-01, vort_rms=8.690e-01, mass_err=-3.679e-10
step=153000, t=33.773981, dt=2.227e-04, KE=3.026974e-02, Mt=0.2487, A_K=0.086, Cuv=-0.192, P_in=7.153e-04, P_tgt=7.192e-04, A_F=0.131, K_low=0.088, P_drag=-5.184e-04, P_cool=-6.664e-04, WENO=0.038, rho_mean=1.000000, p_mean=0.715618, div_rms=1.232e-01, vort_rms=8.676e-01, mass_err=-3.703e-10
step=154000, t=33.996597, dt=2.215e-04, KE=3.016063e-02, Mt=0.2483, A_K=0.072, Cuv=-0.213, P_in=7.652e-04, P_tgt=7.651e-04, A_F=0.123, K_low=0.088, P_drag=-5.164e-04, P_cool=-6.685e-04, WENO=0.032, rho_mean=1.000000, p_mean=0.715623, div_rms=1.221e-01, vort_rms=8.645e-01, mass_err=-3.727e-10
step=155000, t=34.217195, dt=2.196e-04, KE=3.016264e-02, Mt=0.2485, A_K=0.061, Cuv=-0.235, P_in=8.180e-04, P_tgt=8.169e-04, A_F=0.014, K_low=0.088, P_drag=-5.156e-04, P_cool=-6.512e-04, WENO=0.040, rho_mean=1.000000, p_mean=0.715588, div_rms=1.256e-01, vort_rms=8.645e-01, mass_err=-3.752e-10
step=156000, t=34.436537, dt=2.193e-04, KE=3.021027e-02, Mt=0.2488, A_K=0.056, Cuv=-0.251, P_in=8.677e-04, P_tgt=8.640e-04, A_F=0.131, K_low=0.087, P_drag=-5.149e-04, P_cool=-6.279e-04, WENO=0.043, rho_mean=1.000000, p_mean=0.715542, div_rms=1.257e-01, vort_rms=8.658e-01, mass_err=-3.776e-10
step=157000, t=34.654821, dt=2.174e-04, KE=3.024920e-02, Mt=0.2489, A_K=0.054, Cuv=-0.255, P_in=9.046e-04, P_tgt=9.047e-04, A_F=0.052, K_low=0.086, P_drag=-5.125e-04, P_cool=-6.093e-04, WENO=0.046, rho_mean=1.000000, p_mean=0.715504, div_rms=1.230e-01, vort_rms=8.652e-01, mass_err=-3.801e-10
step=158000, t=34.872265, dt=2.180e-04, KE=3.026551e-02, Mt=0.2488, A_K=0.050, Cuv=-0.255, P_in=9.481e-04, P_tgt=9.477e-04, A_F=0.037, K_low=0.085, P_drag=-5.081e-04, P_cool=-5.978e-04, WENO=0.036, rho_mean=1.000000, p_mean=0.715481, div_rms=1.210e-01, vort_rms=8.642e-01, mass_err=-3.825e-10
step=159000, t=35.090921, dt=2.198e-04, KE=3.024524e-02, Mt=0.2484, A_K=0.044, Cuv=-0.261, P_in=1.003e-03, P_tgt=1.001e-03, A_F=0.027, K_low=0.084, P_drag=-5.015e-04, P_cool=-5.962e-04, WENO=0.046, rho_mean=1.000000, p_mean=0.715478, div_rms=1.201e-01, vort_rms=8.627e-01, mass_err=-3.849e-10
step=160000, t=35.311505, dt=2.217e-04, KE=3.019643e-02, Mt=0.2479, A_K=0.031, Cuv=-0.263, P_in=1.086e-03, P_tgt=1.079e-03, A_F=0.114, K_low=0.082, P_drag=-4.938e-04, P_cool=-6.034e-04, WENO=0.045, rho_mean=1.000000, p_mean=0.715493, div_rms=1.146e-01, vort_rms=8.619e-01, mass_err=-3.874e-10
saved snapshot: results/hit2d/solenoidal_Mt025_N512_CFL_0p05/hit2d_step0160000.npz
step=161000, t=35.535452, dt=2.245e-04, KE=3.025125e-02, Mt=0.2478, A_K=0.013, Cuv=-0.260, P_in=1.169e-03, P_tgt=1.182e-03, A_F=0.134, K_low=0.081, P_drag=-4.848e-04, P_cool=-5.942e-04, WENO=0.039, rho_mean=1.000000, p_mean=0.715474, div_rms=1.136e-01, vort_rms=8.636e-01, mass_err=-3.898e-10
step=162000, t=35.758422, dt=2.218e-04, KE=3.043327e-02, Mt=0.2482, A_K=0.000, Cuv=-0.246, P_in=1.276e-03, P_tgt=1.284e-03, A_F=0.003, K_low=0.079, P_drag=-4.761e-04, P_cool=-5.657e-04, WENO=0.033, rho_mean=1.000000, p_mean=0.715417, div_rms=1.201e-01, vort_rms=8.688e-01, mass_err=-3.922e-10
step=163000, t=35.979158, dt=2.203e-04, KE=3.059845e-02, Mt=0.2486, A_K=0.002, Cuv=-0.235, P_in=1.370e-03, P_tgt=1.370e-03, A_F=0.077, K_low=0.078, P_drag=-4.694e-04, P_cool=-5.460e-04, WENO=0.039, rho_mean=1.000000, p_mean=0.715378, div_rms=1.244e-01, vort_rms=8.694e-01, mass_err=-3.947e-10
step=164000, t=36.200272, dt=2.217e-04, KE=3.066874e-02, Mt=0.2489, A_K=0.007, Cuv=-0.229, P_in=1.447e-03, P_tgt=1.439e-03, A_F=0.168, K_low=0.077, P_drag=-4.655e-04, P_cool=-5.494e-04, WENO=0.038, rho_mean=1.000000, p_mean=0.715384, div_rms=1.204e-01, vort_rms=8.700e-01, mass_err=-3.971e-10
step=165000, t=36.419784, dt=2.168e-04, KE=3.070076e-02, Mt=0.2492, A_K=0.016, Cuv=-0.225, P_in=1.490e-03, P_tgt=1.495e-03, A_F=0.056, K_low=0.076, P_drag=-4.648e-04, P_cool=-5.627e-04, WENO=0.031, rho_mean=1.000000, p_mean=0.715411, div_rms=1.167e-01, vort_rms=8.724e-01, mass_err=-3.995e-10
step=166000, t=36.635126, dt=2.145e-04, KE=3.074418e-02, Mt=0.2494, A_K=0.013, Cuv=-0.225, P_in=1.539e-03, P_tgt=1.537e-03, A_F=0.009, K_low=0.077, P_drag=-4.687e-04, P_cool=-5.747e-04, WENO=0.034, rho_mean=1.000000, p_mean=0.715435, div_rms=1.163e-01, vort_rms=8.733e-01, mass_err=-4.019e-10
step=167000, t=36.849140, dt=2.137e-04, KE=3.080918e-02, Mt=0.2497, A_K=0.005, Cuv=-0.221, P_in=1.564e-03, P_tgt=1.566e-03, A_F=0.079, K_low=0.078, P_drag=-4.777e-04, P_cool=-5.831e-04, WENO=0.040, rho_mean=1.000000, p_mean=0.715452, div_rms=1.143e-01, vort_rms=8.726e-01, mass_err=-4.043e-10
step=168000, t=37.062157, dt=2.124e-04, KE=3.092162e-02, Mt=0.2503, A_K=0.007, Cuv=-0.212, P_in=1.568e-03, P_tgt=1.568e-03, A_F=0.220, K_low=0.080, P_drag=-4.904e-04, P_cool=-5.821e-04, WENO=0.042, rho_mean=1.000000, p_mean=0.715450, div_rms=1.180e-01, vort_rms=8.726e-01, mass_err=-4.068e-10
step=169000, t=37.274271, dt=2.120e-04, KE=3.101200e-02, Mt=0.2508, A_K=0.017, Cuv=-0.200, P_in=1.533e-03, P_tgt=1.534e-03, A_F=0.094, K_low=0.082, P_drag=-5.062e-04, P_cool=-5.841e-04, WENO=0.049, rho_mean=1.000000, p_mean=0.715454, div_rms=1.158e-01, vort_rms=8.724e-01, mass_err=-4.092e-10
step=170000, t=37.486347, dt=2.120e-04, KE=3.108101e-02, Mt=0.2511, A_K=0.045, Cuv=-0.181, P_in=1.484e-03, P_tgt=1.476e-03, A_F=0.001, K_low=0.085, P_drag=-5.238e-04, P_cool=-5.878e-04, WENO=0.040, rho_mean=1.000000, p_mean=0.715461, div_rms=1.117e-01, vort_rms=8.702e-01, mass_err=-4.116e-10
saved snapshot: results/hit2d/solenoidal_Mt025_N512_CFL_0p05/hit2d_step0170000.npz
step=171000, t=37.697956, dt=2.107e-04, KE=3.118817e-02, Mt=0.2514, A_K=0.063, Cuv=-0.167, P_in=1.406e-03, P_tgt=1.403e-03, A_F=0.014, K_low=0.088, P_drag=-5.428e-04, P_cool=-5.800e-04, WENO=0.040, rho_mean=1.000000, p_mean=0.715446, div_rms=1.166e-01, vort_rms=8.686e-01, mass_err=-4.140e-10
step=172000, t=37.907842, dt=2.096e-04, KE=3.125489e-02, Mt=0.2517, A_K=0.068, Cuv=-0.159, P_in=1.314e-03, P_tgt=1.317e-03, A_F=0.068, K_low=0.091, P_drag=-5.630e-04, P_cool=-5.762e-04, WENO=0.038, rho_mean=1.000000, p_mean=0.715438, div_rms=1.230e-01, vort_rms=8.668e-01, mass_err=-4.164e-10
step=173000, t=38.117966, dt=2.104e-04, KE=3.120411e-02, Mt=0.2515, A_K=0.075, Cuv=-0.152, P_in=1.234e-03, P_tgt=1.236e-03, A_F=0.216, K_low=0.094, P_drag=-5.841e-04, P_cool=-5.913e-04, WENO=0.034, rho_mean=1.000000, p_mean=0.715468, div_rms=1.144e-01, vort_rms=8.648e-01, mass_err=-4.189e-10
step=174000, t=38.328209, dt=2.102e-04, KE=3.116915e-02, Mt=0.2515, A_K=0.081, Cuv=-0.146, P_in=1.159e-03, P_tgt=1.163e-03, A_F=0.151, K_low=0.097, P_drag=-6.056e-04, P_cool=-5.987e-04, WENO=0.027, rho_mean=1.000000, p_mean=0.715483, div_rms=1.191e-01, vort_rms=8.624e-01, mass_err=-4.213e-10
step=175000, t=38.539018, dt=2.117e-04, KE=3.113166e-02, Mt=0.2513, A_K=0.084, Cuv=-0.148, P_in=1.101e-03, P_tgt=1.098e-03, A_F=0.091, K_low=0.100, P_drag=-6.259e-04, P_cool=-6.026e-04, WENO=0.040, rho_mean=1.000000, p_mean=0.715491, div_rms=1.217e-01, vort_rms=8.591e-01, mass_err=-4.237e-10
step=176000, t=38.752166, dt=2.150e-04, KE=3.109727e-02, Mt=0.2511, A_K=0.079, Cuv=-0.143, P_in=1.049e-03, P_tgt=1.049e-03, A_F=0.016, K_low=0.104, P_drag=-6.456e-04, P_cool=-6.027e-04, WENO=0.032, rho_mean=1.000000, p_mean=0.715491, div_rms=1.160e-01, vort_rms=8.588e-01, mass_err=-4.261e-10
step=177000, t=38.966650, dt=2.142e-04, KE=3.113096e-02, Mt=0.2513, A_K=0.066, Cuv=-0.144, P_in=9.940e-04, P_tgt=1.001e-03, A_F=0.032, K_low=0.107, P_drag=-6.639e-04, P_cool=-5.864e-04, WENO=0.023, rho_mean=1.000000, p_mean=0.715459, div_rms=1.209e-01, vort_rms=8.575e-01, mass_err=-4.286e-10
step=178000, t=39.180150, dt=2.125e-04, KE=3.113540e-02, Mt=0.2515, A_K=0.054, Cuv=-0.136, P_in=9.562e-04, P_tgt=9.463e-04, A_F=0.024, K_low=0.110, P_drag=-6.804e-04, P_cool=-5.738e-04, WENO=0.028, rho_mean=1.000000, p_mean=0.715433, div_rms=1.234e-01, vort_rms=8.560e-01, mass_err=-4.310e-10
step=179000, t=39.392168, dt=2.121e-04, KE=3.103758e-02, Mt=0.2511, A_K=0.045, Cuv=-0.112, P_in=9.055e-04, P_tgt=8.986e-04, A_F=0.071, K_low=0.112, P_drag=-6.933e-04, P_cool=-5.789e-04, WENO=0.036, rho_mean=1.000000, p_mean=0.715443, div_rms=1.140e-01, vort_rms=8.550e-01, mass_err=-4.334e-10
step=180000, t=39.605293, dt=2.146e-04, KE=3.091341e-02, Mt=0.2507, A_K=0.041, Cuv=-0.088, P_in=8.546e-04, P_tgt=8.682e-04, A_F=0.135, K_low=0.114, P_drag=-7.037e-04, P_cool=-5.885e-04, WENO=0.034, rho_mean=1.000000, p_mean=0.715463, div_rms=1.170e-01, vort_rms=8.523e-01, mass_err=-4.359e-10
saved snapshot: results/hit2d/solenoidal_Mt025_N512_CFL_0p05/hit2d_step0180000.npz
step=181000, t=39.819491, dt=2.132e-04, KE=3.071593e-02, Mt=0.2499, A_K=0.038, Cuv=-0.049, P_in=8.556e-04, P_tgt=8.584e-04, A_F=0.248, K_low=0.116, P_drag=-7.137e-04, P_cool=-6.089e-04, WENO=0.033, rho_mean=1.000000, p_mean=0.715504, div_rms=1.139e-01, vort_rms=8.491e-01, mass_err=-4.383e-10
step=182000, t=40.031404, dt=2.102e-04, KE=3.053836e-02, Mt=0.2495, A_K=0.040, Cuv=-0.015, P_in=8.724e-04, P_tgt=8.691e-04, A_F=0.029, K_low=0.119, P_drag=-7.260e-04, P_cool=-6.244e-04, WENO=0.032, rho_mean=1.000000, p_mean=0.715535, div_rms=1.186e-01, vort_rms=8.460e-01, mass_err=-4.407e-10
step=183000, t=40.240505, dt=2.084e-04, KE=3.039329e-02, Mt=0.2493, A_K=0.047, Cuv=0.001, P_in=8.990e-04, P_tgt=8.903e-04, A_F=0.000, K_low=0.122, P_drag=-7.395e-04, P_cool=-6.333e-04, WENO=0.035, rho_mean=1.000000, p_mean=0.715552, div_rms=1.225e-01, vort_rms=8.443e-01, mass_err=-4.432e-10
step=184000, t=40.449188, dt=2.095e-04, KE=3.027102e-02, Mt=0.2490, A_K=0.059, Cuv=-0.003, P_in=9.186e-04, P_tgt=9.219e-04, A_F=0.059, K_low=0.125, P_drag=-7.519e-04, P_cool=-6.378e-04, WENO=0.031, rho_mean=1.000000, p_mean=0.715561, div_rms=1.141e-01, vort_rms=8.429e-01, mass_err=-4.456e-10
step=185000, t=40.660361, dt=2.131e-04, KE=3.026967e-02, Mt=0.2489, A_K=0.071, Cuv=-0.015, P_in=9.616e-04, P_tgt=9.630e-04, A_F=0.054, K_low=0.126, P_drag=-7.613e-04, P_cool=-6.192e-04, WENO=0.034, rho_mean=1.000000, p_mean=0.715524, div_rms=1.227e-01, vort_rms=8.414e-01, mass_err=-4.480e-10
step=186000, t=40.875713, dt=2.171e-04, KE=3.026314e-02, Mt=0.2486, A_K=0.078, Cuv=-0.024, P_in=1.011e-03, P_tgt=1.012e-03, A_F=0.086, K_low=0.127, P_drag=-7.667e-04, P_cool=-6.038e-04, WENO=0.037, rho_mean=1.000000, p_mean=0.715493, div_rms=1.186e-01, vort_rms=8.405e-01, mass_err=-4.505e-10
step=187000, t=41.092944, dt=2.175e-04, KE=3.025871e-02, Mt=0.2485, A_K=0.078, Cuv=-0.021, P_in=1.073e-03, P_tgt=1.074e-03, A_F=0.052, K_low=0.127, P_drag=-7.699e-04, P_cool=-5.905e-04, WENO=0.046, rho_mean=1.000000, p_mean=0.715467, div_rms=1.161e-01, vort_rms=8.405e-01, mass_err=-4.529e-10
step=188000, t=41.310590, dt=2.176e-04, KE=3.027251e-02, Mt=0.2485, A_K=0.067, Cuv=0.002, P_in=1.149e-03, P_tgt=1.142e-03, A_F=0.121, K_low=0.128, P_drag=-7.726e-04, P_cool=-5.771e-04, WENO=0.043, rho_mean=1.000000, p_mean=0.715440, div_rms=1.145e-01, vort_rms=8.423e-01, mass_err=-4.553e-10
step=189000, t=41.528262, dt=2.180e-04, KE=3.027634e-02, Mt=0.2484, A_K=0.051, Cuv=0.025, P_in=1.220e-03, P_tgt=1.218e-03, A_F=0.079, K_low=0.129, P_drag=-7.753e-04, P_cool=-5.690e-04, WENO=0.042, rho_mean=1.000000, p_mean=0.715424, div_rms=1.144e-01, vort_rms=8.428e-01, mass_err=-4.578e-10
step=190000, t=41.745956, dt=2.173e-04, KE=3.027541e-02, Mt=0.2482, A_K=0.038, Cuv=0.037, P_in=1.307e-03, P_tgt=1.304e-03, A_F=0.125, K_low=0.129, P_drag=-7.781e-04, P_cool=-5.656e-04, WENO=0.046, rho_mean=1.000000, p_mean=0.715417, div_rms=1.159e-01, vort_rms=8.429e-01, mass_err=-4.602e-10
saved snapshot: results/hit2d/solenoidal_Mt025_N512_CFL_0p05/hit2d_step0190000.npz
step=191000, t=41.963494, dt=2.177e-04, KE=3.027138e-02, Mt=0.2479, A_K=0.039, Cuv=0.035, P_in=1.406e-03, P_tgt=1.412e-03, A_F=0.043, K_low=0.129, P_drag=-7.815e-04, P_cool=-5.668e-04, WENO=0.047, rho_mean=1.000000, p_mean=0.715419, div_rms=1.105e-01, vort_rms=8.423e-01, mass_err=-4.626e-10
step=192000, t=42.181457, dt=2.182e-04, KE=3.033219e-02, Mt=0.2478, A_K=0.051, Cuv=0.031, P_in=1.541e-03, P_tgt=1.542e-03, A_F=0.007, K_low=0.130, P_drag=-7.876e-04, P_cool=-5.603e-04, WENO=0.041, rho_mean=1.000000, p_mean=0.715406, div_rms=1.099e-01, vort_rms=8.418e-01, mass_err=-4.650e-10
step=193000, t=42.399581, dt=2.176e-04, KE=3.043809e-02, Mt=0.2483, A_K=0.068, Cuv=0.030, P_in=1.660e-03, P_tgt=1.668e-03, A_F=0.071, K_low=0.131, P_drag=-7.964e-04, P_cool=-5.506e-04, WENO=0.031, rho_mean=1.000000, p_mean=0.715387, div_rms=1.097e-01, vort_rms=8.428e-01, mass_err=-4.675e-10
step=194000, t=42.617233, dt=2.174e-04, KE=3.054067e-02, Mt=0.2490, A_K=0.080, Cuv=0.030, P_in=1.758e-03, P_tgt=1.761e-03, A_F=0.025, K_low=0.133, P_drag=-8.080e-04, P_cool=-5.462e-04, WENO=0.028, rho_mean=1.000000, p_mean=0.715378, div_rms=1.106e-01, vort_rms=8.442e-01, mass_err=-4.699e-10
step=195000, t=42.833916, dt=2.165e-04, KE=3.057516e-02, Mt=0.2493, A_K=0.101, Cuv=0.032, P_in=1.840e-03, P_tgt=1.819e-03, A_F=0.075, K_low=0.135, P_drag=-8.219e-04, P_cool=-5.579e-04, WENO=0.033, rho_mean=1.000000, p_mean=0.715402, div_rms=1.146e-01, vort_rms=8.436e-01, mass_err=-4.723e-10
step=196000, t=43.050411, dt=2.167e-04, KE=3.052840e-02, Mt=0.2492, A_K=0.112, Cuv=0.041, P_in=1.890e-03, P_tgt=1.874e-03, A_F=0.134, K_low=0.137, P_drag=-8.352e-04, P_cool=-5.866e-04, WENO=0.035, rho_mean=1.000000, p_mean=0.715459, div_rms=1.100e-01, vort_rms=8.470e-01, mass_err=-4.748e-10
step=197000, t=43.267912, dt=2.184e-04, KE=3.054244e-02, Mt=0.2495, A_K=0.109, Cuv=0.063, P_in=1.928e-03, P_tgt=1.925e-03, A_F=0.098, K_low=0.140, P_drag=-8.462e-04, P_cool=-6.039e-04, WENO=0.036, rho_mean=1.000000, p_mean=0.715494, div_rms=1.112e-01, vort_rms=8.514e-01, mass_err=-4.772e-10
step=198000, t=43.487365, dt=2.204e-04, KE=3.064960e-02, Mt=0.2500, A_K=0.110, Cuv=0.083, P_in=1.950e-03, P_tgt=1.946e-03, A_F=0.061, K_low=0.141, P_drag=-8.526e-04, P_cool=-6.038e-04, WENO=0.030, rho_mean=1.000000, p_mean=0.715493, div_rms=1.066e-01, vort_rms=8.552e-01, mass_err=-4.796e-10
step=199000, t=43.707550, dt=2.205e-04, KE=3.085387e-02, Mt=0.2507, A_K=0.117, Cuv=0.093, P_in=1.915e-03, P_tgt=1.918e-03, A_F=0.149, K_low=0.140, P_drag=-8.545e-04, P_cool=-5.844e-04, WENO=0.038, rho_mean=1.000000, p_mean=0.715455, div_rms=1.087e-01, vort_rms=8.589e-01, mass_err=-4.820e-10
step=200000, t=43.929847, dt=2.246e-04, KE=3.103756e-02, Mt=0.2513, A_K=0.128, Cuv=0.095, P_in=1.843e-03, P_tgt=1.838e-03, A_F=0.012, K_low=0.138, P_drag=-8.542e-04, P_cool=-5.678e-04, WENO=0.034, rho_mean=1.000000, p_mean=0.715421, div_rms=1.128e-01, vort_rms=8.621e-01, mass_err=-4.845e-10
saved snapshot: results/hit2d/solenoidal_Mt025_N512_CFL_0p05/hit2d_step0200000.npz
step=201000, t=44.154582, dt=2.236e-04, KE=3.109938e-02, Mt=0.2513, A_K=0.127, Cuv=0.097, P_in=1.747e-03, P_tgt=1.740e-03, A_F=0.152, K_low=0.138, P_drag=-8.532e-04, P_cool=-5.719e-04, WENO=0.033, rho_mean=1.000000, p_mean=0.715429, div_rms=1.087e-01, vort_rms=8.643e-01, mass_err=-4.869e-10
step=202000, t=44.377185, dt=2.220e-04, KE=3.112899e-02, Mt=0.2512, A_K=0.114, Cuv=0.095, P_in=1.649e-03, P_tgt=1.654e-03, A_F=0.018, K_low=0.137, P_drag=-8.535e-04, P_cool=-5.779e-04, WENO=0.038, rho_mean=1.000000, p_mean=0.715441, div_rms=1.079e-01, vort_rms=8.661e-01, mass_err=-4.893e-10
step=203000, t=44.598492, dt=2.212e-04, KE=3.117337e-02, Mt=0.2514, A_K=0.102, Cuv=0.095, P_in=1.601e-03, P_tgt=1.572e-03, A_F=0.117, K_low=0.138, P_drag=-8.574e-04, P_cool=-5.771e-04, WENO=0.031, rho_mean=1.000000, p_mean=0.715440, div_rms=1.096e-01, vort_rms=8.687e-01, mass_err=-4.917e-10
step=204000, t=44.820926, dt=2.230e-04, KE=3.120779e-02, Mt=0.2516, A_K=0.082, Cuv=0.084, P_in=1.494e-03, P_tgt=1.483e-03, A_F=0.064, K_low=0.139, P_drag=-8.654e-04, P_cool=-5.744e-04, WENO=0.029, rho_mean=1.000000, p_mean=0.715434, div_rms=1.124e-01, vort_rms=8.747e-01, mass_err=-4.941e-10
step=205000, t=45.042760, dt=2.214e-04, KE=3.117656e-02, Mt=0.2518, A_K=0.070, Cuv=0.074, P_in=1.381e-03, P_tgt=1.382e-03, A_F=0.013, K_low=0.142, P_drag=-8.771e-04, P_cool=-5.800e-04, WENO=0.032, rho_mean=1.000000, p_mean=0.715446, div_rms=1.137e-01, vort_rms=8.771e-01, mass_err=-4.966e-10
step=206000, t=45.264871, dt=2.233e-04, KE=3.108903e-02, Mt=0.2516, A_K=0.075, Cuv=0.082, P_in=1.306e-03, P_tgt=1.292e-03, A_F=0.039, K_low=0.144, P_drag=-8.881e-04, P_cool=-5.916e-04, WENO=0.038, rho_mean=1.000000, p_mean=0.715469, div_rms=1.088e-01, vort_rms=8.773e-01, mass_err=-4.990e-10
step=207000, t=45.488998, dt=2.254e-04, KE=3.105251e-02, Mt=0.2514, A_K=0.090, Cuv=0.108, P_in=1.217e-03, P_tgt=1.218e-03, A_F=0.163, K_low=0.146, P_drag=-8.969e-04, P_cool=-5.893e-04, WENO=0.036, rho_mean=1.000000, p_mean=0.715464, div_rms=1.151e-01, vort_rms=8.766e-01, mass_err=-5.014e-10
step=208000, t=45.714948, dt=2.256e-04, KE=3.100351e-02, Mt=0.2513, A_K=0.109, Cuv=0.125, P_in=1.151e-03, P_tgt=1.153e-03, A_F=0.078, K_low=0.147, P_drag=-9.020e-04, P_cool=-5.855e-04, WENO=0.036, rho_mean=1.000000, p_mean=0.715457, div_rms=1.140e-01, vort_rms=8.772e-01, mass_err=-5.039e-10
step=209000, t=45.940072, dt=2.243e-04, KE=3.093334e-02, Mt=0.2512, A_K=0.122, Cuv=0.131, P_in=1.093e-03, P_tgt=1.095e-03, A_F=0.007, K_low=0.147, P_drag=-9.025e-04, P_cool=-5.832e-04, WENO=0.036, rho_mean=1.000000, p_mean=0.715452, div_rms=1.196e-01, vort_rms=8.776e-01, mass_err=-5.063e-10
step=210000, t=46.162388, dt=2.209e-04, KE=3.078222e-02, Mt=0.2506, A_K=0.134, Cuv=0.115, P_in=1.063e-03, P_tgt=1.056e-03, A_F=0.067, K_low=0.147, P_drag=-8.996e-04, P_cool=-5.950e-04, WENO=0.032, rho_mean=1.000000, p_mean=0.715476, div_rms=1.162e-01, vort_rms=8.770e-01, mass_err=-5.087e-10
saved snapshot: results/hit2d/solenoidal_Mt025_N512_CFL_0p05/hit2d_step0210000.npz
step=211000, t=46.383082, dt=2.208e-04, KE=3.064760e-02, Mt=0.2502, A_K=0.147, Cuv=0.091, P_in=1.041e-03, P_tgt=1.040e-03, A_F=0.099, K_low=0.147, P_drag=-8.949e-04, P_cool=-6.019e-04, WENO=0.029, rho_mean=1.000000, p_mean=0.715490, div_rms=1.142e-01, vort_rms=8.750e-01, mass_err=-5.111e-10
step=212000, t=46.604367, dt=2.219e-04, KE=3.058958e-02, Mt=0.2499, A_K=0.161, Cuv=0.060, P_in=1.033e-03, P_tgt=1.037e-03, A_F=0.055, K_low=0.146, P_drag=-8.885e-04, P_cool=-5.935e-04, WENO=0.039, rho_mean=1.000000, p_mean=0.715473, div_rms=1.217e-01, vort_rms=8.747e-01, mass_err=-5.136e-10
step=213000, t=46.827035, dt=2.239e-04, KE=3.048846e-02, Mt=0.2495, A_K=0.175, Cuv=0.027, P_in=1.048e-03, P_tgt=1.048e-03, A_F=0.061, K_low=0.145, P_drag=-8.809e-04, P_cool=-5.943e-04, WENO=0.034, rho_mean=1.000000, p_mean=0.715474, div_rms=1.206e-01, vort_rms=8.750e-01, mass_err=-5.160e-10
step=214000, t=47.052038, dt=2.254e-04, KE=3.034686e-02, Mt=0.2490, A_K=0.185, Cuv=0.006, P_in=1.080e-03, P_tgt=1.082e-03, A_F=0.153, K_low=0.144, P_drag=-8.720e-04, P_cool=-6.041e-04, WENO=0.033, rho_mean=1.000000, p_mean=0.715494, div_rms=1.223e-01, vort_rms=8.756e-01, mass_err=-5.184e-10
step=215000, t=47.277634, dt=2.248e-04, KE=3.019076e-02, Mt=0.2485, A_K=0.188, Cuv=-0.007, P_in=1.129e-03, P_tgt=1.137e-03, A_F=0.125, K_low=0.144, P_drag=-8.617e-04, P_cool=-6.186e-04, WENO=0.035, rho_mean=1.000000, p_mean=0.715523, div_rms=1.232e-01, vort_rms=8.752e-01, mass_err=-5.208e-10
step=216000, t=47.501228, dt=2.221e-04, KE=3.007437e-02, Mt=0.2482, A_K=0.181, Cuv=-0.021, P_in=1.220e-03, P_tgt=1.219e-03, A_F=0.153, K_low=0.143, P_drag=-8.516e-04, P_cool=-6.283e-04, WENO=0.030, rho_mean=1.000000, p_mean=0.715542, div_rms=1.206e-01, vort_rms=8.751e-01, mass_err=-5.233e-10
step=217000, t=47.721886, dt=2.191e-04, KE=3.006178e-02, Mt=0.2485, A_K=0.175, Cuv=-0.035, P_in=1.312e-03, P_tgt=1.305e-03, A_F=0.074, K_low=0.142, P_drag=-8.455e-04, P_cool=-6.215e-04, WENO=0.034, rho_mean=1.000000, p_mean=0.715529, div_rms=1.270e-01, vort_rms=8.762e-01, mass_err=-5.257e-10
step=218000, t=47.941150, dt=2.196e-04, KE=3.003209e-02, Mt=0.2485, A_K=0.177, Cuv=-0.045, P_in=1.382e-03, P_tgt=1.386e-03, A_F=0.150, K_low=0.141, P_drag=-8.422e-04, P_cool=-6.222e-04, WENO=0.029, rho_mean=1.000000, p_mean=0.715530, div_rms=1.291e-01, vort_rms=8.748e-01, mass_err=-5.281e-10
step=219000, t=48.159955, dt=2.188e-04, KE=2.994737e-02, Mt=0.2481, A_K=0.178, Cuv=-0.059, P_in=1.468e-03, P_tgt=1.486e-03, A_F=0.067, K_low=0.141, P_drag=-8.414e-04, P_cool=-6.376e-04, WENO=0.029, rho_mean=1.000000, p_mean=0.715561, div_rms=1.241e-01, vort_rms=8.740e-01, mass_err=-5.306e-10
step=220000, t=48.378285, dt=2.179e-04, KE=2.993687e-02, Mt=0.2481, A_K=0.192, Cuv=-0.079, P_in=1.604e-03, P_tgt=1.608e-03, A_F=0.029, K_low=0.141, P_drag=-8.447e-04, P_cool=-6.425e-04, WENO=0.032, rho_mean=1.000000, p_mean=0.715571, div_rms=1.245e-01, vort_rms=8.756e-01, mass_err=-5.330e-10
saved snapshot: results/hit2d/solenoidal_Mt025_N512_CFL_0p05/hit2d_step0220000.npz
warning: flow component anisotropy has increased over the last three diagnostic samples
step=221000, t=48.595913, dt=2.171e-04, KE=3.002682e-02, Mt=0.2486, A_K=0.206, Cuv=-0.099, P_in=1.696e-03, P_tgt=1.717e-03, A_F=0.008, K_low=0.142, P_drag=-8.491e-04, P_cool=-6.324e-04, WENO=0.038, rho_mean=1.000000, p_mean=0.715550, div_rms=1.266e-01, vort_rms=8.778e-01, mass_err=-5.354e-10
warning: flow component anisotropy has increased over the last three diagnostic samples
step=222000, t=48.813108, dt=2.182e-04, KE=3.013056e-02, Mt=0.2486, A_K=0.216, Cuv=-0.113, P_in=1.805e-03, P_tgt=1.815e-03, A_F=0.285, K_low=0.142, P_drag=-8.515e-04, P_cool=-6.242e-04, WENO=0.045, rho_mean=1.000000, p_mean=0.715534, div_rms=1.244e-01, vort_rms=8.817e-01, mass_err=-5.379e-10
warning: flow component anisotropy has increased over the last three diagnostic samples
step=223000, t=49.032797, dt=2.201e-04, KE=3.023366e-02, Mt=0.2486, A_K=0.227, Cuv=-0.135, P_in=1.914e-03, P_tgt=1.921e-03, A_F=0.199, K_low=0.141, P_drag=-8.505e-04, P_cool=-6.209e-04, WENO=0.044, rho_mean=1.000000, p_mean=0.715527, div_rms=1.215e-01, vort_rms=8.852e-01, mass_err=-5.403e-10
warning: flow component anisotropy has increased over the last three diagnostic samples
step=224000, t=49.252881, dt=2.198e-04, KE=3.036555e-02, Mt=0.2491, A_K=0.228, Cuv=-0.165, P_in=2.016e-03, P_tgt=2.016e-03, A_F=0.168, K_low=0.140, P_drag=-8.473e-04, P_cool=-6.167e-04, WENO=0.041, rho_mean=1.000000, p_mean=0.715519, div_rms=1.236e-01, vort_rms=8.901e-01, mass_err=-5.427e-10
step=225000, t=49.472292, dt=2.195e-04, KE=3.051680e-02, Mt=0.2503, A_K=0.220, Cuv=-0.196, P_in=2.009e-03, P_tgt=2.042e-03, A_F=0.136, K_low=0.140, P_drag=-8.447e-04, P_cool=-6.118e-04, WENO=0.041, rho_mean=1.000000, p_mean=0.715509, div_rms=1.267e-01, vort_rms=8.984e-01, mass_err=-5.452e-10
step=226000, t=49.692288, dt=2.202e-04, KE=3.066362e-02, Mt=0.2512, A_K=0.197, Cuv=-0.219, P_in=1.970e-03, P_tgt=1.982e-03, A_F=0.158, K_low=0.139, P_drag=-8.439e-04, P_cool=-6.073e-04, WENO=0.035, rho_mean=1.000000, p_mean=0.715500, div_rms=1.229e-01, vort_rms=9.041e-01, mass_err=-5.476e-10
step=227000, t=49.912304, dt=2.198e-04, KE=3.081724e-02, Mt=0.2514, A_K=0.164, Cuv=-0.238, P_in=1.883e-03, P_tgt=1.878e-03, A_F=0.075, K_low=0.138, P_drag=-8.439e-04, P_cool=-5.980e-04, WENO=0.031, rho_mean=1.000000, p_mean=0.715482, div_rms=1.306e-01, vort_rms=9.061e-01, mass_err=-5.500e-10
step=228000, t=50.130896, dt=2.167e-04, KE=3.088111e-02, Mt=0.2510, A_K=0.127, Cuv=-0.261, P_in=1.787e-03, P_tgt=1.789e-03, A_F=0.106, K_low=0.138, P_drag=-8.456e-04, P_cool=-6.022e-04, WENO=0.038, rho_mean=1.000000, p_mean=0.715490, div_rms=1.267e-01, vort_rms=9.067e-01, mass_err=-5.525e-10
step=229000, t=50.347486, dt=2.172e-04, KE=3.093009e-02, Mt=0.2509, A_K=0.085, Cuv=-0.288, P_in=1.733e-03, P_tgt=1.726e-03, A_F=0.039, K_low=0.138, P_drag=-8.490e-04, P_cool=-6.056e-04, WENO=0.028, rho_mean=1.000000, p_mean=0.715497, div_rms=1.208e-01, vort_rms=9.064e-01, mass_err=-5.549e-10
step=230000, t=50.564806, dt=2.166e-04, KE=3.103534e-02, Mt=0.2513, A_K=0.049, Cuv=-0.310, P_in=1.656e-03, P_tgt=1.655e-03, A_F=0.030, K_low=0.138, P_drag=-8.546e-04, P_cool=-5.950e-04, WENO=0.030, rho_mean=1.000000, p_mean=0.715476, div_rms=1.207e-01, vort_rms=9.064e-01, mass_err=-5.573e-10
saved snapshot: results/hit2d/solenoidal_Mt025_N512_CFL_0p05/hit2d_step0230000.npz
step=231000, t=50.780182, dt=2.138e-04, KE=3.114992e-02, Mt=0.2518, A_K=0.040, Cuv=-0.321, P_in=1.559e-03, P_tgt=1.559e-03, A_F=0.014, K_low=0.139, P_drag=-8.624e-04, P_cool=-5.791e-04, WENO=0.035, rho_mean=1.000000, p_mean=0.715444, div_rms=1.172e-01, vort_rms=9.071e-01, mass_err=-5.597e-10
step=232000, t=50.992720, dt=2.117e-04, KE=3.123920e-02, Mt=0.2522, A_K=0.034, Cuv=-0.321, P_in=1.438e-03, P_tgt=1.441e-03, A_F=0.124, K_low=0.141, P_drag=-8.726e-04, P_cool=-5.640e-04, WENO=0.037, rho_mean=1.000000, p_mean=0.715414, div_rms=1.201e-01, vort_rms=9.079e-01, mass_err=-5.622e-10
step=233000, t=51.204442, dt=2.117e-04, KE=3.123647e-02, Mt=0.2522, A_K=0.029, Cuv=-0.310, P_in=1.321e-03, P_tgt=1.320e-03, A_F=0.028, K_low=0.143, P_drag=-8.832e-04, P_cool=-5.620e-04, WENO=0.035, rho_mean=1.000000, p_mean=0.715410, div_rms=1.150e-01, vort_rms=9.084e-01, mass_err=-5.646e-10
step=234000, t=51.415982, dt=2.114e-04, KE=3.119477e-02, Mt=0.2518, A_K=0.029, Cuv=-0.296, P_in=1.218e-03, P_tgt=1.220e-03, A_F=0.089, K_low=0.144, P_drag=-8.923e-04, P_cool=-5.626e-04, WENO=0.034, rho_mean=1.000000, p_mean=0.715411, div_rms=1.163e-01, vort_rms=9.072e-01, mass_err=-5.670e-10
step=235000, t=51.627799, dt=2.122e-04, KE=3.110673e-02, Mt=0.2512, A_K=0.028, Cuv=-0.291, P_in=1.165e-03, P_tgt=1.148e-03, A_F=0.079, K_low=0.145, P_drag=-8.997e-04, P_cool=-5.683e-04, WENO=0.036, rho_mean=1.000000, p_mean=0.715422, div_rms=1.193e-01, vort_rms=9.059e-01, mass_err=-5.695e-10
step=236000, t=51.840116, dt=2.127e-04, KE=3.095718e-02, Mt=0.2505, A_K=0.021, Cuv=-0.296, P_in=1.111e-03, P_tgt=1.111e-03, A_F=0.001, K_low=0.147, P_drag=-9.077e-04, P_cool=-5.832e-04, WENO=0.033, rho_mean=1.000000, p_mean=0.715452, div_rms=1.134e-01, vort_rms=9.047e-01, mass_err=-5.719e-10
step=237000, t=52.053463, dt=2.141e-04, KE=3.082900e-02, Mt=0.2500, A_K=0.014, Cuv=-0.308, P_in=1.128e-03, P_tgt=1.102e-03, A_F=0.035, K_low=0.149, P_drag=-9.164e-04, P_cool=-5.921e-04, WENO=0.033, rho_mean=1.000000, p_mean=0.715470, div_rms=1.115e-01, vort_rms=9.004e-01, mass_err=-5.743e-10
step=238000, t=52.269088, dt=2.164e-04, KE=3.074000e-02, Mt=0.2497, A_K=0.018, Cuv=-0.320, P_in=1.112e-03, P_tgt=1.109e-03, A_F=0.176, K_low=0.151, P_drag=-9.240e-04, P_cool=-5.923e-04, WENO=0.030, rho_mean=1.000000, p_mean=0.715470, div_rms=1.126e-01, vort_rms=8.924e-01, mass_err=-5.767e-10
step=239000, t=52.486366, dt=2.183e-04, KE=3.068832e-02, Mt=0.2495, A_K=0.013, Cuv=-0.329, P_in=1.125e-03, P_tgt=1.127e-03, A_F=0.010, K_low=0.152, P_drag=-9.299e-04, P_cool=-5.854e-04, WENO=0.037, rho_mean=1.000000, p_mean=0.715456, div_rms=1.167e-01, vort_rms=8.888e-01, mass_err=-5.791e-10
step=240000, t=52.705512, dt=2.194e-04, KE=3.064066e-02, Mt=0.2492, A_K=0.001, Cuv=-0.337, P_in=1.157e-03, P_tgt=1.159e-03, A_F=0.095, K_low=0.154, P_drag=-9.349e-04, P_cool=-5.786e-04, WENO=0.036, rho_mean=1.000000, p_mean=0.715443, div_rms=1.140e-01, vort_rms=8.884e-01, mass_err=-5.816e-10
saved snapshot: results/hit2d/solenoidal_Mt025_N512_CFL_0p05/hit2d_step0240000.npz
step=241000, t=52.924490, dt=2.196e-04, KE=3.060300e-02, Mt=0.2490, A_K=0.017, Cuv=-0.332, P_in=1.206e-03, P_tgt=1.201e-03, A_F=0.050, K_low=0.155, P_drag=-9.405e-04, P_cool=-5.716e-04, WENO=0.031, rho_mean=1.000000, p_mean=0.715429, div_rms=1.123e-01, vort_rms=8.872e-01, mass_err=-5.840e-10
step=242000, t=53.145319, dt=2.219e-04, KE=3.056288e-02, Mt=0.2488, A_K=0.031, Cuv=-0.316, P_in=1.261e-03, P_tgt=1.253e-03, A_F=0.092, K_low=0.157, P_drag=-9.459e-04, P_cool=-5.669e-04, WENO=0.032, rho_mean=1.000000, p_mean=0.715420, div_rms=1.117e-01, vort_rms=8.863e-01, mass_err=-5.864e-10
step=243000, t=53.368283, dt=2.238e-04, KE=3.049684e-02, Mt=0.2485, A_K=0.049, Cuv=-0.311, P_in=1.315e-03, P_tgt=1.323e-03, A_F=0.009, K_low=0.158, P_drag=-9.488e-04, P_cool=-5.699e-04, WENO=0.034, rho_mean=1.000000, p_mean=0.715426, div_rms=1.106e-01, vort_rms=8.860e-01, mass_err=-5.888e-10
step=244000, t=53.593030, dt=2.257e-04, KE=3.041337e-02, Mt=0.2481, A_K=0.063, Cuv=-0.315, P_in=1.427e-03, P_tgt=1.420e-03, A_F=0.075, K_low=0.158, P_drag=-9.485e-04, P_cool=-5.798e-04, WENO=0.026, rho_mean=1.000000, p_mean=0.715445, div_rms=1.149e-01, vort_rms=8.848e-01, mass_err=-5.912e-10
step=245000, t=53.818026, dt=2.245e-04, KE=3.029438e-02, Mt=0.2477, A_K=0.065, Cuv=-0.317, P_in=1.550e-03, P_tgt=1.548e-03, A_F=0.329, K_low=0.159, P_drag=-9.494e-04, P_cool=-6.012e-04, WENO=0.030, rho_mean=1.000000, p_mean=0.715488, div_rms=1.131e-01, vort_rms=8.825e-01, mass_err=-5.936e-10
step=246000, t=54.043005, dt=2.255e-04, KE=3.023101e-02, Mt=0.2475, A_K=0.063, Cuv=-0.304, P_in=1.712e-03, P_tgt=1.709e-03, A_F=0.068, K_low=0.160, P_drag=-9.545e-04, P_cool=-6.168e-04, WENO=0.032, rho_mean=1.000000, p_mean=0.715519, div_rms=1.113e-01, vort_rms=8.819e-01, mass_err=-5.961e-10
step=247000, t=54.268634, dt=2.256e-04, KE=3.029438e-02, Mt=0.2476, A_K=0.056, Cuv=-0.288, P_in=1.888e-03, P_tgt=1.890e-03, A_F=0.162, K_low=0.161, P_drag=-9.617e-04, P_cool=-6.143e-04, WENO=0.040, rho_mean=1.000000, p_mean=0.715514, div_rms=1.084e-01, vort_rms=8.837e-01, mass_err=-5.985e-10
step=248000, t=54.493503, dt=2.236e-04, KE=3.047754e-02, Mt=0.2483, A_K=0.054, Cuv=-0.280, P_in=2.063e-03, P_tgt=2.056e-03, A_F=0.038, K_low=0.161, P_drag=-9.702e-04, P_cool=-5.958e-04, WENO=0.031, rho_mean=1.000000, p_mean=0.715477, div_rms=1.119e-01, vort_rms=8.870e-01, mass_err=-6.009e-10
step=249000, t=54.714346, dt=2.189e-04, KE=3.066967e-02, Mt=0.2490, A_K=0.047, Cuv=-0.282, P_in=2.172e-03, P_tgt=2.169e-03, A_F=0.203, K_low=0.162, P_drag=-9.782e-04, P_cool=-5.818e-04, WENO=0.032, rho_mean=1.000000, p_mean=0.715449, div_rms=1.173e-01, vort_rms=8.904e-01, mass_err=-6.033e-10
step=250000, t=54.932804, dt=2.183e-04, KE=3.077042e-02, Mt=0.2493, A_K=0.041, Cuv=-0.292, P_in=2.221e-03, P_tgt=2.242e-03, A_F=0.011, K_low=0.162, P_drag=-9.860e-04, P_cool=-5.898e-04, WENO=0.037, rho_mean=1.000000, p_mean=0.715465, div_rms=1.140e-01, vort_rms=8.971e-01, mass_err=-6.058e-10
saved snapshot: results/hit2d/solenoidal_Mt025_N512_CFL_0p05/hit2d_step0250000.npz
step=251000, t=55.152221, dt=2.210e-04, KE=3.085889e-02, Mt=0.2500, A_K=0.032, Cuv=-0.278, P_in=2.276e-03, P_tgt=2.278e-03, A_F=0.023, K_low=0.164, P_drag=-9.943e-04, P_cool=-6.019e-04, WENO=0.029, rho_mean=1.000000, p_mean=0.715490, div_rms=1.106e-01, vort_rms=8.994e-01, mass_err=-6.082e-10
step=252000, t=55.375316, dt=2.250e-04, KE=3.100717e-02, Mt=0.2509, A_K=0.030, Cuv=-0.255, P_in=2.245e-03, P_tgt=2.241e-03, A_F=0.100, K_low=0.165, P_drag=-1.004e-03, P_cool=-6.020e-04, WENO=0.024, rho_mean=1.000000, p_mean=0.715490, div_rms=1.165e-01, vort_rms=9.013e-01, mass_err=-6.106e-10
step=253000, t=55.599828, dt=2.242e-04, KE=3.111402e-02, Mt=0.2515, A_K=0.035, Cuv=-0.228, P_in=2.123e-03, P_tgt=2.133e-03, A_F=0.074, K_low=0.167, P_drag=-1.013e-03, P_cool=-6.066e-04, WENO=0.029, rho_mean=1.000000, p_mean=0.715499, div_rms=1.190e-01, vort_rms=9.020e-01, mass_err=-6.130e-10
step=254000, t=55.825432, dt=2.274e-04, KE=3.113467e-02, Mt=0.2517, A_K=0.038, Cuv=-0.207, P_in=2.003e-03, P_tgt=2.000e-03, A_F=0.213, K_low=0.168, P_drag=-1.022e-03, P_cool=-6.221e-04, WENO=0.031, rho_mean=1.000000, p_mean=0.715530, div_rms=1.191e-01, vort_rms=9.014e-01, mass_err=-6.154e-10
step=255000, t=56.051626, dt=2.249e-04, KE=3.109352e-02, Mt=0.2515, A_K=0.034, Cuv=-0.205, P_in=1.877e-03, P_tgt=1.876e-03, A_F=0.179, K_low=0.169, P_drag=-1.026e-03, P_cool=-6.431e-04, WENO=0.036, rho_mean=1.000000, p_mean=0.715572, div_rms=1.155e-01, vort_rms=9.015e-01, mass_err=-6.179e-10
step=256000, t=56.275242, dt=2.220e-04, KE=3.109792e-02, Mt=0.2514, A_K=0.026, Cuv=-0.212, P_in=1.770e-03, P_tgt=1.774e-03, A_F=0.189, K_low=0.168, P_drag=-1.024e-03, P_cool=-6.491e-04, WENO=0.035, rho_mean=1.000000, p_mean=0.715584, div_rms=1.096e-01, vort_rms=9.009e-01, mass_err=-6.203e-10
step=257000, t=56.496327, dt=2.206e-04, KE=3.121438e-02, Mt=0.2516, A_K=0.015, Cuv=-0.217, P_in=1.671e-03, P_tgt=1.673e-03, A_F=0.175, K_low=0.166, P_drag=-1.019e-03, P_cool=-6.285e-04, WENO=0.033, rho_mean=1.000000, p_mean=0.715543, div_rms=1.174e-01, vort_rms=9.016e-01, mass_err=-6.227e-10
step=258000, t=56.716930, dt=2.205e-04, KE=3.127023e-02, Mt=0.2515, A_K=0.003, Cuv=-0.206, P_in=1.561e-03, P_tgt=1.571e-03, A_F=0.118, K_low=0.165, P_drag=-1.015e-03, P_cool=-6.165e-04, WENO=0.037, rho_mean=1.000000, p_mean=0.715519, div_rms=1.143e-01, vort_rms=9.039e-01, mass_err=-6.251e-10
step=259000, t=56.937348, dt=2.204e-04, KE=3.126727e-02, Mt=0.2514, A_K=0.012, Cuv=-0.187, P_in=1.485e-03, P_tgt=1.483e-03, A_F=0.003, K_low=0.164, P_drag=-1.011e-03, P_cool=-6.126e-04, WENO=0.039, rho_mean=1.000000, p_mean=0.715511, div_rms=1.152e-01, vort_rms=9.071e-01, mass_err=-6.276e-10
step=260000, t=57.157713, dt=2.196e-04, KE=3.124611e-02, Mt=0.2516, A_K=0.019, Cuv=-0.178, P_in=1.391e-03, P_tgt=1.398e-03, A_F=0.066, K_low=0.164, P_drag=-1.009e-03, P_cool=-6.089e-04, WENO=0.024, rho_mean=1.000000, p_mean=0.715504, div_rms=1.167e-01, vort_rms=9.091e-01, mass_err=-6.300e-10
saved snapshot: results/hit2d/solenoidal_Mt025_N512_CFL_0p05/hit2d_step0260000.npz
step=261000, t=57.376447, dt=2.183e-04, KE=3.119418e-02, Mt=0.2515, A_K=0.029, Cuv=-0.174, P_in=1.313e-03, P_tgt=1.314e-03, A_F=0.210, K_low=0.163, P_drag=-1.008e-03, P_cool=-6.079e-04, WENO=0.037, rho_mean=1.000000, p_mean=0.715502, div_rms=1.161e-01, vort_rms=9.083e-01, mass_err=-6.324e-10
step=262000, t=57.594432, dt=2.178e-04, KE=3.112369e-02, Mt=0.2511, A_K=0.044, Cuv=-0.171, P_in=1.242e-03, P_tgt=1.246e-03, A_F=0.035, K_low=0.163, P_drag=-1.009e-03, P_cool=-6.072e-04, WENO=0.037, rho_mean=1.000000, p_mean=0.715500, div_rms=1.165e-01, vort_rms=9.051e-01, mass_err=-6.348e-10
step=263000, t=57.812460, dt=2.185e-04, KE=3.106237e-02, Mt=0.2507, A_K=0.058, Cuv=-0.165, P_in=1.195e-03, P_tgt=1.201e-03, A_F=0.077, K_low=0.163, P_drag=-1.008e-03, P_cool=-6.024e-04, WENO=0.031, rho_mean=1.000000, p_mean=0.715490, div_rms=1.107e-01, vort_rms=9.033e-01, mass_err=-6.372e-10
step=264000, t=58.031699, dt=2.194e-04, KE=3.103244e-02, Mt=0.2503, A_K=0.064, Cuv=-0.150, P_in=1.164e-03, P_tgt=1.176e-03, A_F=0.047, K_low=0.162, P_drag=-1.002e-03, P_cool=-5.902e-04, WENO=0.027, rho_mean=1.000000, p_mean=0.715466, div_rms=1.169e-01, vort_rms=8.999e-01, mass_err=-6.397e-10
step=265000, t=58.251656, dt=2.206e-04, KE=3.091360e-02, Mt=0.2497, A_K=0.056, Cuv=-0.132, P_in=1.175e-03, P_tgt=1.176e-03, A_F=0.228, K_low=0.161, P_drag=-9.938e-04, P_cool=-5.958e-04, WENO=0.029, rho_mean=1.000000, p_mean=0.715477, div_rms=1.173e-01, vort_rms=8.953e-01, mass_err=-6.421e-10
step=266000, t=58.472620, dt=2.211e-04, KE=3.074472e-02, Mt=0.2490, A_K=0.040, Cuv=-0.116, P_in=1.213e-03, P_tgt=1.209e-03, A_F=0.114, K_low=0.162, P_drag=-9.868e-04, P_cool=-6.117e-04, WENO=0.030, rho_mean=1.000000, p_mean=0.715509, div_rms=1.083e-01, vort_rms=8.924e-01, mass_err=-6.445e-10
step=267000, t=58.694253, dt=2.217e-04, KE=3.070673e-02, Mt=0.2491, A_K=0.024, Cuv=-0.089, P_in=1.247e-03, P_tgt=1.257e-03, A_F=0.074, K_low=0.162, P_drag=-9.848e-04, P_cool=-6.032e-04, WENO=0.034, rho_mean=1.000000, p_mean=0.715492, div_rms=1.123e-01, vort_rms=8.878e-01, mass_err=-6.469e-10
step=268000, t=58.913788, dt=2.169e-04, KE=3.075128e-02, Mt=0.2493, A_K=0.003, Cuv=-0.047, P_in=1.280e-03, P_tgt=1.296e-03, A_F=0.099, K_low=0.162, P_drag=-9.859e-04, P_cool=-5.822e-04, WENO=0.036, rho_mean=1.000000, p_mean=0.715450, div_rms=1.177e-01, vort_rms=8.837e-01, mass_err=-6.493e-10
step=269000, t=59.129976, dt=2.163e-04, KE=3.070160e-02, Mt=0.2490, A_K=0.001, Cuv=-0.039, P_in=1.337e-03, P_tgt=1.336e-03, A_F=0.228, K_low=0.162, P_drag=-9.832e-04, P_cool=-5.814e-04, WENO=0.037, rho_mean=1.000000, p_mean=0.715448, div_rms=1.181e-01, vort_rms=8.807e-01, mass_err=-6.518e-10
step=270000, t=59.346724, dt=2.174e-04, KE=3.055041e-02, Mt=0.2483, A_K=0.004, Cuv=-0.038, P_in=1.414e-03, P_tgt=1.410e-03, A_F=0.202, K_low=0.162, P_drag=-9.771e-04, P_cool=-6.028e-04, WENO=0.038, rho_mean=1.000000, p_mean=0.715491, div_rms=1.077e-01, vort_rms=8.798e-01, mass_err=-6.542e-10
saved snapshot: results/hit2d/solenoidal_Mt025_N512_CFL_0p05/hit2d_step0270000.npz
step=271000, t=59.565692, dt=2.217e-04, KE=3.047452e-02, Mt=0.2481, A_K=0.011, Cuv=-0.036, P_in=1.521e-03, P_tgt=1.516e-03, A_F=0.233, K_low=0.160, P_drag=-9.669e-04, P_cool=-6.128e-04, WENO=0.038, rho_mean=1.000000, p_mean=0.715511, div_rms=1.116e-01, vort_rms=8.806e-01, mass_err=-6.566e-10
step=272000, t=59.788777, dt=2.224e-04, KE=3.048450e-02, Mt=0.2481, A_K=0.017, Cuv=-0.016, P_in=1.624e-03, P_tgt=1.640e-03, A_F=0.246, K_low=0.159, P_drag=-9.557e-04, P_cool=-6.111e-04, WENO=0.027, rho_mean=1.000000, p_mean=0.715508, div_rms=1.169e-01, vort_rms=8.815e-01, mass_err=-6.590e-10
step=273000, t=60.009054, dt=2.185e-04, KE=3.052685e-02, Mt=0.2483, A_K=0.009, Cuv=0.005, P_in=1.771e-03, P_tgt=1.764e-03, A_F=0.059, K_low=0.157, P_drag=-9.491e-04, P_cool=-6.090e-04, WENO=0.031, rho_mean=1.000000, p_mean=0.715504, div_rms=1.247e-01, vort_rms=8.829e-01, mass_err=-6.614e-10
step=274000, t=60.226643, dt=2.172e-04, KE=3.052380e-02, Mt=0.2486, A_K=0.003, Cuv=0.012, P_in=1.890e-03, P_tgt=1.880e-03, A_F=0.189, K_low=0.156, P_drag=-9.458e-04, P_cool=-6.209e-04, WENO=0.042, rho_mean=1.000000, p_mean=0.715528, div_rms=1.179e-01, vort_rms=8.862e-01, mass_err=-6.638e-10
step=275000, t=60.443003, dt=2.151e-04, KE=3.055925e-02, Mt=0.2489, A_K=0.001, Cuv=0.024, P_in=1.975e-03, P_tgt=1.977e-03, A_F=0.058, K_low=0.156, P_drag=-9.436e-04, P_cool=-6.294e-04, WENO=0.041, rho_mean=1.000000, p_mean=0.715545, div_rms=1.190e-01, vort_rms=8.887e-01, mass_err=-6.663e-10
step=276000, t=60.657421, dt=2.143e-04, KE=3.062514e-02, Mt=0.2492, A_K=0.005, Cuv=0.025, P_in=2.048e-03, P_tgt=2.051e-03, A_F=0.007, K_low=0.156, P_drag=-9.416e-04, P_cool=-6.352e-04, WENO=0.034, rho_mean=1.000000, p_mean=0.715556, div_rms=1.174e-01, vort_rms=8.936e-01, mass_err=-6.687e-10
step=277000, t=60.872035, dt=2.150e-04, KE=3.076026e-02, Mt=0.2498, A_K=0.015, Cuv=0.014, P_in=2.101e-03, P_tgt=2.092e-03, A_F=0.187, K_low=0.155, P_drag=-9.381e-04, P_cool=-6.298e-04, WENO=0.030, rho_mean=1.000000, p_mean=0.715545, div_rms=1.177e-01, vort_rms=8.982e-01, mass_err=-6.711e-10
step=278000, t=61.087146, dt=2.154e-04, KE=3.098457e-02, Mt=0.2506, A_K=0.031, Cuv=-0.000, P_in=2.076e-03, P_tgt=2.075e-03, A_F=0.099, K_low=0.152, P_drag=-9.312e-04, P_cool=-6.080e-04, WENO=0.038, rho_mean=1.000000, p_mean=0.715502, div_rms=1.222e-01, vort_rms=9.039e-01, mass_err=-6.735e-10
step=279000, t=61.303701, dt=2.179e-04, KE=3.118745e-02, Mt=0.2511, A_K=0.042, Cuv=-0.013, P_in=2.008e-03, P_tgt=2.005e-03, A_F=0.129, K_low=0.149, P_drag=-9.216e-04, P_cool=-5.900e-04, WENO=0.036, rho_mean=1.000000, p_mean=0.715466, div_rms=1.248e-01, vort_rms=9.076e-01, mass_err=-6.760e-10
step=280000, t=61.523183, dt=2.218e-04, KE=3.126058e-02, Mt=0.2512, A_K=0.039, Cuv=-0.017, P_in=1.924e-03, P_tgt=1.915e-03, A_F=0.120, K_low=0.147, P_drag=-9.114e-04, P_cool=-5.953e-04, WENO=0.034, rho_mean=1.000000, p_mean=0.715476, div_rms=1.208e-01, vort_rms=9.099e-01, mass_err=-6.784e-10
saved snapshot: results/hit2d/solenoidal_Mt025_N512_CFL_0p05/hit2d_step0280000.npz
step=281000, t=61.743632, dt=2.180e-04, KE=3.124927e-02, Mt=0.2512, A_K=0.034, Cuv=-0.011, P_in=1.829e-03, P_tgt=1.827e-03, A_F=0.173, K_low=0.146, P_drag=-9.039e-04, P_cool=-6.134e-04, WENO=0.038, rho_mean=1.000000, p_mean=0.715513, div_rms=1.192e-01, vort_rms=9.105e-01, mass_err=-6.808e-10
step=282000, t=61.960493, dt=2.170e-04, KE=3.123539e-02, Mt=0.2514, A_K=0.030, Cuv=-0.004, P_in=1.729e-03, P_tgt=1.736e-03, A_F=0.052, K_low=0.145, P_drag=-8.994e-04, P_cool=-6.275e-04, WENO=0.032, rho_mean=1.000000, p_mean=0.715541, div_rms=1.268e-01, vort_rms=9.101e-01, mass_err=-6.832e-10
step=283000, t=62.178379, dt=2.175e-04, KE=3.116755e-02, Mt=0.2514, A_K=0.036, Cuv=0.006, P_in=1.657e-03, P_tgt=1.638e-03, A_F=0.064, K_low=0.145, P_drag=-8.923e-04, P_cool=-6.478e-04, WENO=0.035, rho_mean=1.000000, p_mean=0.715581, div_rms=1.262e-01, vort_rms=9.089e-01, mass_err=-6.856e-10
step=284000, t=62.396024, dt=2.181e-04, KE=3.109290e-02, Mt=0.2513, A_K=0.046, Cuv=0.002, P_in=1.567e-03, P_tgt=1.551e-03, A_F=0.078, K_low=0.143, P_drag=-8.785e-04, P_cool=-6.649e-04, WENO=0.030, rho_mean=1.000000, p_mean=0.715616, div_rms=1.200e-01, vort_rms=9.076e-01, mass_err=-6.881e-10
step=285000, t=62.614434, dt=2.186e-04, KE=3.112447e-02, Mt=0.2513, A_K=0.057, Cuv=-0.009, P_in=1.470e-03, P_tgt=1.473e-03, A_F=0.036, K_low=0.140, P_drag=-8.599e-04, P_cool=-6.577e-04, WENO=0.039, rho_mean=1.000000, p_mean=0.715601, div_rms=1.225e-01, vort_rms=9.069e-01, mass_err=-6.905e-10
step=286000, t=62.832027, dt=2.165e-04, KE=3.117903e-02, Mt=0.2513, A_K=0.068, Cuv=-0.028, P_in=1.398e-03, P_tgt=1.397e-03, A_F=0.008, K_low=0.136, P_drag=-8.410e-04, P_cool=-6.439e-04, WENO=0.037, rho_mean=1.000000, p_mean=0.715573, div_rms=1.227e-01, vort_rms=9.056e-01, mass_err=-6.929e-10
step=287000, t=63.047828, dt=2.151e-04, KE=3.118765e-02, Mt=0.2512, A_K=0.077, Cuv=-0.055, P_in=1.339e-03, P_tgt=1.329e-03, A_F=0.092, K_low=0.133, P_drag=-8.252e-04, P_cool=-6.373e-04, WENO=0.035, rho_mean=1.000000, p_mean=0.715560, div_rms=1.144e-01, vort_rms=9.030e-01, mass_err=-6.953e-10
step=288000, t=63.262141, dt=2.140e-04, KE=3.121378e-02, Mt=0.2511, A_K=0.069, Cuv=-0.091, P_in=1.265e-03, P_tgt=1.270e-03, A_F=0.283, K_low=0.131, P_drag=-8.128e-04, P_cool=-6.258e-04, WENO=0.032, rho_mean=1.000000, p_mean=0.715537, div_rms=1.180e-01, vort_rms=8.987e-01, mass_err=-6.977e-10
step=289000, t=63.477086, dt=2.159e-04, KE=3.118477e-02, Mt=0.2509, A_K=0.049, Cuv=-0.131, P_in=1.225e-03, P_tgt=1.219e-03, A_F=0.010, K_low=0.129, P_drag=-8.038e-04, P_cool=-6.236e-04, WENO=0.038, rho_mean=1.000000, p_mean=0.715533, div_rms=1.237e-01, vort_rms=8.953e-01, mass_err=-7.001e-10
step=290000, t=63.693307, dt=2.168e-04, KE=3.105960e-02, Mt=0.2504, A_K=0.020, Cuv=-0.153, P_in=1.189e-03, P_tgt=1.187e-03, A_F=0.117, K_low=0.127, P_drag=-7.970e-04, P_cool=-6.387e-04, WENO=0.037, rho_mean=1.000000, p_mean=0.715563, div_rms=1.195e-01, vort_rms=8.929e-01, mass_err=-7.025e-10
saved snapshot: results/hit2d/solenoidal_Mt025_N512_CFL_0p05/hit2d_step0290000.npz
step=291000, t=63.909583, dt=2.151e-04, KE=3.098327e-02, Mt=0.2502, A_K=0.018, Cuv=-0.161, P_in=1.172e-03, P_tgt=1.176e-03, A_F=0.021, K_low=0.127, P_drag=-7.916e-04, P_cool=-6.428e-04, WENO=0.030, rho_mean=1.000000, p_mean=0.715571, div_rms=1.167e-01, vort_rms=8.920e-01, mass_err=-7.050e-10
step=292000, t=64.124192, dt=2.143e-04, KE=3.101324e-02, Mt=0.2504, A_K=0.054, Cuv=-0.160, P_in=1.160e-03, P_tgt=1.164e-03, A_F=0.062, K_low=0.127, P_drag=-7.875e-04, P_cool=-6.259e-04, WENO=0.035, rho_mean=1.000000, p_mean=0.715537, div_rms=1.166e-01, vort_rms=8.914e-01, mass_err=-7.074e-10
step=293000, t=64.337860, dt=2.127e-04, KE=3.108279e-02, Mt=0.2508, A_K=0.076, Cuv=-0.161, P_in=1.134e-03, P_tgt=1.135e-03, A_F=0.028, K_low=0.127, P_drag=-7.829e-04, P_cool=-6.014e-04, WENO=0.037, rho_mean=1.000000, p_mean=0.715489, div_rms=1.230e-01, vort_rms=8.918e-01, mass_err=-7.098e-10
step=294000, t=64.550741, dt=2.130e-04, KE=3.105427e-02, Mt=0.2507, A_K=0.085, Cuv=-0.168, P_in=1.110e-03, P_tgt=1.100e-03, A_F=0.024, K_low=0.127, P_drag=-7.774e-04, P_cool=-5.962e-04, WENO=0.036, rho_mean=1.000000, p_mean=0.715478, div_rms=1.131e-01, vort_rms=8.930e-01, mass_err=-7.122e-10
step=295000, t=64.764311, dt=2.138e-04, KE=3.100298e-02, Mt=0.2505, A_K=0.081, Cuv=-0.179, P_in=1.055e-03, P_tgt=1.073e-03, A_F=0.094, K_low=0.126, P_drag=-7.708e-04, P_cool=-5.946e-04, WENO=0.032, rho_mean=1.000000, p_mean=0.715475, div_rms=1.116e-01, vort_rms=8.947e-01, mass_err=-7.146e-10
step=296000, t=64.978166, dt=2.137e-04, KE=3.093231e-02, Mt=0.2501, A_K=0.076, Cuv=-0.192, P_in=1.062e-03, P_tgt=1.061e-03, A_F=0.119, K_low=0.125, P_drag=-7.627e-04, P_cool=-5.961e-04, WENO=0.035, rho_mean=1.000000, p_mean=0.715478, div_rms=1.175e-01, vort_rms=8.915e-01, mass_err=-7.171e-10
step=297000, t=65.192064, dt=2.142e-04, KE=3.079441e-02, Mt=0.2496, A_K=0.084, Cuv=-0.219, P_in=1.057e-03, P_tgt=1.067e-03, A_F=0.032, K_low=0.124, P_drag=-7.535e-04, P_cool=-6.109e-04, WENO=0.028, rho_mean=1.000000, p_mean=0.715507, div_rms=1.199e-01, vort_rms=8.874e-01, mass_err=-7.195e-10
step=298000, t=65.406927, dt=2.150e-04, KE=3.064062e-02, Mt=0.2492, A_K=0.101, Cuv=-0.235, P_in=1.098e-03, P_tgt=1.094e-03, A_F=0.021, K_low=0.122, P_drag=-7.424e-04, P_cool=-6.293e-04, WENO=0.028, rho_mean=1.000000, p_mean=0.715544, div_rms=1.203e-01, vort_rms=8.848e-01, mass_err=-7.219e-10
step=299000, t=65.622480, dt=2.162e-04, KE=3.054028e-02, Mt=0.2491, A_K=0.124, Cuv=-0.250, P_in=1.132e-03, P_tgt=1.132e-03, A_F=0.060, K_low=0.120, P_drag=-7.300e-04, P_cool=-6.383e-04, WENO=0.034, rho_mean=1.000000, p_mean=0.715562, div_rms=1.203e-01, vort_rms=8.829e-01, mass_err=-7.243e-10
step=300000, t=65.839986, dt=2.188e-04, KE=3.050238e-02, Mt=0.2492, A_K=0.143, Cuv=-0.258, P_in=1.153e-03, P_tgt=1.171e-03, A_F=0.133, K_low=0.119, P_drag=-7.183e-04, P_cool=-6.367e-04, WENO=0.037, rho_mean=1.000000, p_mean=0.715559, div_rms=1.204e-01, vort_rms=8.811e-01, mass_err=-7.267e-10
saved snapshot: results/hit2d/solenoidal_Mt025_N512_CFL_0p05/hit2d_step0300000.npz
step=301000, t=66.059170, dt=2.191e-04, KE=3.048939e-02, Mt=0.2491, A_K=0.150, Cuv=-0.259, P_in=1.214e-03, P_tgt=1.210e-03, A_F=0.165, K_low=0.118, P_drag=-7.084e-04, P_cool=-6.324e-04, WENO=0.024, rho_mean=1.000000, p_mean=0.715550, div_rms=1.164e-01, vort_rms=8.811e-01, mass_err=-7.292e-10
step=302000, t=66.277561, dt=2.177e-04, KE=3.048316e-02, Mt=0.2490, A_K=0.157, Cuv=-0.258, P_in=1.267e-03, P_tgt=1.256e-03, A_F=0.212, K_low=0.117, P_drag=-7.002e-04, P_cool=-6.292e-04, WENO=0.030, rho_mean=1.000000, p_mean=0.715544, div_rms=1.195e-01, vort_rms=8.800e-01, mass_err=-7.316e-10
step=303000, t=66.494824, dt=2.165e-04, KE=3.044005e-02, Mt=0.2487, A_K=0.172, Cuv=-0.250, P_in=1.307e-03, P_tgt=1.318e-03, A_F=0.147, K_low=0.117, P_drag=-6.938e-04, P_cool=-6.360e-04, WENO=0.035, rho_mean=1.000000, p_mean=0.715558, div_rms=1.129e-01, vort_rms=8.795e-01, mass_err=-7.340e-10
warning: flow component anisotropy has increased over the last three diagnostic samples
step=304000, t=66.710298, dt=2.139e-04, KE=3.046097e-02, Mt=0.2489, A_K=0.200, Cuv=-0.242, P_in=1.383e-03, P_tgt=1.386e-03, A_F=0.010, K_low=0.116, P_drag=-6.878e-04, P_cool=-6.330e-04, WENO=0.034, rho_mean=1.000000, p_mean=0.715552, div_rms=1.127e-01, vort_rms=8.821e-01, mass_err=-7.364e-10
warning: flow component anisotropy has increased over the last three diagnostic samples
step=305000, t=66.923782, dt=2.135e-04, KE=3.052730e-02, Mt=0.2493, A_K=0.229, Cuv=-0.229, P_in=1.433e-03, P_tgt=1.434e-03, A_F=0.050, K_low=0.114, P_drag=-6.800e-04, P_cool=-6.241e-04, WENO=0.043, rho_mean=1.000000, p_mean=0.715534, div_rms=1.208e-01, vort_rms=8.849e-01, mass_err=-7.389e-10
warning: flow component anisotropy has increased over the last three diagnostic samples
step=306000, t=67.137667, dt=2.144e-04, KE=3.053447e-02, Mt=0.2494, A_K=0.252, Cuv=-0.214, P_in=1.470e-03, P_tgt=1.472e-03, A_F=0.121, K_low=0.113, P_drag=-6.731e-04, P_cool=-6.292e-04, WENO=0.028, rho_mean=1.000000, p_mean=0.715544, div_rms=1.192e-01, vort_rms=8.873e-01, mass_err=-7.413e-10
warning: flow component anisotropy has increased over the last three diagnostic samples
step=307000, t=67.352780, dt=2.160e-04, KE=3.053120e-02, Mt=0.2493, A_K=0.269, Cuv=-0.207, P_in=1.500e-03, P_tgt=1.511e-03, A_F=0.005, K_low=0.112, P_drag=-6.695e-04, P_cool=-6.380e-04, WENO=0.033, rho_mean=1.000000, p_mean=0.715562, div_rms=1.190e-01, vort_rms=8.902e-01, mass_err=-7.437e-10
warning: flow component anisotropy has increased over the last three diagnostic samples
step=308000, t=67.570152, dt=2.189e-04, KE=3.056827e-02, Mt=0.2495, A_K=0.282, Cuv=-0.207, P_in=1.553e-03, P_tgt=1.548e-03, A_F=0.099, K_low=0.111, P_drag=-6.666e-04, P_cool=-6.403e-04, WENO=0.033, rho_mean=1.000000, p_mean=0.715566, div_rms=1.156e-01, vort_rms=8.933e-01, mass_err=-7.462e-10
step=309000, t=67.786705, dt=2.142e-04, KE=3.068551e-02, Mt=0.2501, A_K=0.280, Cuv=-0.205, P_in=1.556e-03, P_tgt=1.560e-03, A_F=0.043, K_low=0.110, P_drag=-6.615e-04, P_cool=-6.280e-04, WENO=0.033, rho_mean=1.000000, p_mean=0.715542, div_rms=1.193e-01, vort_rms=8.943e-01, mass_err=-7.486e-10
step=310000, t=67.999316, dt=2.114e-04, KE=3.079535e-02, Mt=0.2506, A_K=0.268, Cuv=-0.202, P_in=1.522e-03, P_tgt=1.537e-03, A_F=0.042, K_low=0.107, P_drag=-6.532e-04, P_cool=-6.175e-04, WENO=0.032, rho_mean=1.000000, p_mean=0.715521, div_rms=1.190e-01, vort_rms=8.954e-01, mass_err=-7.510e-10
saved snapshot: results/hit2d/solenoidal_Mt025_N512_CFL_0p05/hit2d_step0310000.npz
step=311000, t=68.210950, dt=2.122e-04, KE=3.087620e-02, Mt=0.2507, A_K=0.260, Cuv=-0.190, P_in=1.504e-03, P_tgt=1.499e-03, A_F=0.246, K_low=0.104, P_drag=-6.429e-04, P_cool=-6.122e-04, WENO=0.032, rho_mean=1.000000, p_mean=0.715510, div_rms=1.200e-01, vort_rms=8.959e-01, mass_err=-7.534e-10
step=312000, t=68.424032, dt=2.145e-04, KE=3.092686e-02, Mt=0.2505, A_K=0.256, Cuv=-0.174, P_in=1.471e-03, P_tgt=1.463e-03, A_F=0.202, K_low=0.102, P_drag=-6.328e-04, P_cool=-6.119e-04, WENO=0.036, rho_mean=1.000000, p_mean=0.715510, div_rms=1.183e-01, vort_rms=8.966e-01, mass_err=-7.559e-10
step=313000, t=68.639911, dt=2.154e-04, KE=3.096109e-02, Mt=0.2504, A_K=0.261, Cuv=-0.157, P_in=1.444e-03, P_tgt=1.437e-03, A_F=0.109, K_low=0.101, P_drag=-6.225e-04, P_cool=-6.140e-04, WENO=0.042, rho_mean=1.000000, p_mean=0.715514, div_rms=1.153e-01, vort_rms=8.970e-01, mass_err=-7.583e-10
warning: flow component anisotropy has increased over the last three diagnostic samples
step=314000, t=68.854509, dt=2.141e-04, KE=3.098220e-02, Mt=0.2507, A_K=0.269, Cuv=-0.140, P_in=1.409e-03, P_tgt=1.407e-03, A_F=0.105, K_low=0.099, P_drag=-6.126e-04, P_cool=-6.180e-04, WENO=0.035, rho_mean=1.000000, p_mean=0.715522, div_rms=1.146e-01, vort_rms=8.973e-01, mass_err=-7.607e-10
warning: flow component anisotropy has increased over the last three diagnostic samples
step=315000, t=69.068504, dt=2.142e-04, KE=3.098238e-02, Mt=0.2510, A_K=0.280, Cuv=-0.118, P_in=1.363e-03, P_tgt=1.360e-03, A_F=0.006, K_low=0.098, P_drag=-6.039e-04, P_cool=-6.247e-04, WENO=0.032, rho_mean=1.000000, p_mean=0.715535, div_rms=1.212e-01, vort_rms=8.978e-01, mass_err=-7.631e-10
warning: flow component anisotropy has increased over the last three diagnostic samples
step=316000, t=69.283647, dt=2.166e-04, KE=3.091990e-02, Mt=0.2510, A_K=0.293, Cuv=-0.092, P_in=1.305e-03, P_tgt=1.303e-03, A_F=0.083, K_low=0.098, P_drag=-5.975e-04, P_cool=-6.415e-04, WENO=0.042, rho_mean=1.000000, p_mean=0.715569, div_rms=1.238e-01, vort_rms=8.964e-01, mass_err=-7.656e-10
warning: flow component anisotropy has increased over the last three diagnostic samples
step=317000, t=69.502449, dt=2.214e-04, KE=3.085953e-02, Mt=0.2505, A_K=0.305, Cuv=-0.067, P_in=1.266e-03, P_tgt=1.265e-03, A_F=0.095, K_low=0.097, P_drag=-5.942e-04, P_cool=-6.551e-04, WENO=0.034, rho_mean=1.000000, p_mean=0.715596, div_rms=1.175e-01, vort_rms=8.949e-01, mass_err=-7.680e-10
step=318000, t=69.724992, dt=2.228e-04, KE=3.095009e-02, Mt=0.2507, A_K=0.305, Cuv=-0.041, P_in=1.233e-03, P_tgt=1.237e-03, A_F=0.228, K_low=0.097, P_drag=-5.936e-04, P_cool=-6.373e-04, WENO=0.023, rho_mean=1.000000, p_mean=0.715560, div_rms=1.202e-01, vort_rms=8.945e-01, mass_err=-7.704e-10
step=319000, t=69.948417, dt=2.245e-04, KE=3.106296e-02, Mt=0.2510, A_K=0.294, Cuv=-0.020, P_in=1.198e-03, P_tgt=1.195e-03, A_F=0.050, K_low=0.097, P_drag=-5.960e-04, P_cool=-6.147e-04, WENO=0.032, rho_mean=1.000000, p_mean=0.715515, div_rms=1.253e-01, vort_rms=8.942e-01, mass_err=-7.728e-10
step=320000, t=70.173938, dt=2.254e-04, KE=3.106331e-02, Mt=0.2508, A_K=0.286, Cuv=0.006, P_in=1.157e-03, P_tgt=1.154e-03, A_F=0.221, K_low=0.098, P_drag=-6.015e-04, P_cool=-6.129e-04, WENO=0.040, rho_mean=1.000000, p_mean=0.715512, div_rms=1.150e-01, vort_rms=8.937e-01, mass_err=-7.752e-10
saved snapshot: results/hit2d/solenoidal_Mt025_N512_CFL_0p05/hit2d_step0320000.npz
step=321000, t=70.398638, dt=2.234e-04, KE=3.110825e-02, Mt=0.2509, A_K=0.279, Cuv=0.033, P_in=1.116e-03, P_tgt=1.116e-03, A_F=0.049, K_low=0.098, P_drag=-6.080e-04, P_cool=-6.005e-04, WENO=0.045, rho_mean=1.000000, p_mean=0.715487, div_rms=1.196e-01, vort_rms=8.931e-01, mass_err=-7.777e-10
step=322000, t=70.620181, dt=2.198e-04, KE=3.115338e-02, Mt=0.2509, A_K=0.277, Cuv=0.058, P_in=1.090e-03, P_tgt=1.076e-03, A_F=0.081, K_low=0.099, P_drag=-6.144e-04, P_cool=-5.867e-04, WENO=0.041, rho_mean=1.000000, p_mean=0.715459, div_rms=1.194e-01, vort_rms=8.918e-01, mass_err=-7.801e-10
step=323000, t=70.837971, dt=2.169e-04, KE=3.114731e-02, Mt=0.2507, A_K=0.284, Cuv=0.080, P_in=1.033e-03, P_tgt=1.041e-03, A_F=0.151, K_low=0.099, P_drag=-6.194e-04, P_cool=-5.818e-04, WENO=0.041, rho_mean=1.000000, p_mean=0.715449, div_rms=1.188e-01, vort_rms=8.941e-01, mass_err=-7.825e-10
warning: flow component anisotropy has increased over the last three diagnostic samples
step=324000, t=71.055604, dt=2.178e-04, KE=3.110315e-02, Mt=0.2505, A_K=0.292, Cuv=0.100, P_in=1.017e-03, P_tgt=1.018e-03, A_F=0.103, K_low=0.100, P_drag=-6.237e-04, P_cool=-5.830e-04, WENO=0.037, rho_mean=1.000000, p_mean=0.715452, div_rms=1.143e-01, vort_rms=8.948e-01, mass_err=-7.849e-10
warning: flow component anisotropy has increased over the last three diagnostic samples
step=325000, t=71.272193, dt=2.157e-04, KE=3.107789e-02, Mt=0.2505, A_K=0.293, Cuv=0.110, P_in=9.986e-04, P_tgt=9.981e-04, A_F=0.031, K_low=0.102, P_drag=-6.290e-04, P_cool=-5.795e-04, WENO=0.034, rho_mean=1.000000, p_mean=0.715445, div_rms=1.196e-01, vort_rms=8.934e-01, mass_err=-7.873e-10
step=326000, t=71.487832, dt=2.162e-04, KE=3.099068e-02, Mt=0.2503, A_K=0.291, Cuv=0.116, P_in=9.743e-04, P_tgt=9.803e-04, A_F=0.209, K_low=0.103, P_drag=-6.354e-04, P_cool=-5.872e-04, WENO=0.030, rho_mean=1.000000, p_mean=0.715460, div_rms=1.201e-01, vort_rms=8.917e-01, mass_err=-7.897e-10
step=327000, t=71.705824, dt=2.195e-04, KE=3.083931e-02, Mt=0.2496, A_K=0.288, Cuv=0.125, P_in=9.754e-04, P_tgt=9.816e-04, A_F=0.301, K_low=0.105, P_drag=-6.426e-04, P_cool=-6.063e-04, WENO=0.034, rho_mean=1.000000, p_mean=0.715498, div_rms=1.150e-01, vort_rms=8.895e-01, mass_err=-7.922e-10
step=328000, t=71.925965, dt=2.207e-04, KE=3.074739e-02, Mt=0.2492, A_K=0.288, Cuv=0.136, P_in=1.010e-03, P_tgt=1.007e-03, A_F=0.035, K_low=0.106, P_drag=-6.526e-04, P_cool=-6.130e-04, WENO=0.042, rho_mean=1.000000, p_mean=0.715512, div_rms=1.078e-01, vort_rms=8.879e-01, mass_err=-7.946e-10
warning: flow component anisotropy has increased over the last three diagnostic samples
step=329000, t=72.147388, dt=2.223e-04, KE=3.078820e-02, Mt=0.2495, A_K=0.290, Cuv=0.147, P_in=1.033e-03, P_tgt=1.035e-03, A_F=0.118, K_low=0.107, P_drag=-6.654e-04, P_cool=-5.941e-04, WENO=0.036, rho_mean=1.000000, p_mean=0.715474, div_rms=1.170e-01, vort_rms=8.869e-01, mass_err=-7.970e-10
step=330000, t=72.370273, dt=2.236e-04, KE=3.077510e-02, Mt=0.2497, A_K=0.282, Cuv=0.156, P_in=1.049e-03, P_tgt=1.051e-03, A_F=0.037, K_low=0.110, P_drag=-6.810e-04, P_cool=-5.870e-04, WENO=0.033, rho_mean=1.000000, p_mean=0.715460, div_rms=1.192e-01, vort_rms=8.848e-01, mass_err=-7.994e-10
saved snapshot: results/hit2d/solenoidal_Mt025_N512_CFL_0p05/hit2d_step0330000.npz
step=331000, t=72.593937, dt=2.236e-04, KE=3.067672e-02, Mt=0.2495, A_K=0.266, Cuv=0.158, P_in=1.063e-03, P_tgt=1.069e-03, A_F=0.023, K_low=0.114, P_drag=-6.974e-04, P_cool=-5.968e-04, WENO=0.031, rho_mean=1.000000, p_mean=0.715479, div_rms=1.144e-01, vort_rms=8.836e-01, mass_err=-8.018e-10
step=332000, t=72.817825, dt=2.242e-04, KE=3.059480e-02, Mt=0.2492, A_K=0.252, Cuv=0.149, P_in=1.099e-03, P_tgt=1.098e-03, A_F=0.082, K_low=0.117, P_drag=-7.121e-04, P_cool=-6.032e-04, WENO=0.038, rho_mean=1.000000, p_mean=0.715492, div_rms=1.103e-01, vort_rms=8.820e-01, mass_err=-8.043e-10
step=333000, t=73.040992, dt=2.217e-04, KE=3.057127e-02, Mt=0.2490, A_K=0.235, Cuv=0.133, P_in=1.138e-03, P_tgt=1.140e-03, A_F=0.097, K_low=0.120, P_drag=-7.259e-04, P_cool=-5.989e-04, WENO=0.042, rho_mean=1.000000, p_mean=0.715483, div_rms=1.097e-01, vort_rms=8.818e-01, mass_err=-8.067e-10
step=334000, t=73.262224, dt=2.212e-04, KE=3.058968e-02, Mt=0.2488, A_K=0.215, Cuv=0.117, P_in=1.187e-03, P_tgt=1.192e-03, A_F=0.031, K_low=0.122, P_drag=-7.396e-04, P_cool=-5.881e-04, WENO=0.033, rho_mean=1.000000, p_mean=0.715462, div_rms=1.108e-01, vort_rms=8.813e-01, mass_err=-8.091e-10
step=335000, t=73.484425, dt=2.235e-04, KE=3.060938e-02, Mt=0.2488, A_K=0.190, Cuv=0.101, P_in=1.256e-03, P_tgt=1.250e-03, A_F=0.138, K_low=0.124, P_drag=-7.536e-04, P_cool=-5.793e-04, WENO=0.037, rho_mean=1.000000, p_mean=0.715444, div_rms=1.129e-01, vort_rms=8.814e-01, mass_err=-8.115e-10
step=336000, t=73.709751, dt=2.255e-04, KE=3.060350e-02, Mt=0.2487, A_K=0.174, Cuv=0.078, P_in=1.316e-03, P_tgt=1.315e-03, A_F=0.190, K_low=0.126, P_drag=-7.676e-04, P_cool=-5.782e-04, WENO=0.039, rho_mean=1.000000, p_mean=0.715442, div_rms=1.097e-01, vort_rms=8.811e-01, mass_err=-8.139e-10
step=337000, t=73.934199, dt=2.236e-04, KE=3.061312e-02, Mt=0.2486, A_K=0.142, Cuv=0.055, P_in=1.418e-03, P_tgt=1.390e-03, A_F=0.248, K_low=0.129, P_drag=-7.820e-04, P_cool=-5.763e-04, WENO=0.030, rho_mean=1.000000, p_mean=0.715438, div_rms=1.107e-01, vort_rms=8.802e-01, mass_err=-8.164e-10
step=338000, t=74.157454, dt=2.227e-04, KE=3.062008e-02, Mt=0.2485, A_K=0.113, Cuv=0.031, P_in=1.465e-03, P_tgt=1.472e-03, A_F=0.013, K_low=0.131, P_drag=-7.939e-04, P_cool=-5.777e-04, WENO=0.037, rho_mean=1.000000, p_mean=0.715441, div_rms=1.140e-01, vort_rms=8.818e-01, mass_err=-8.188e-10
step=339000, t=74.379478, dt=2.204e-04, KE=3.058322e-02, Mt=0.2483, A_K=0.092, Cuv=0.013, P_in=1.568e-03, P_tgt=1.570e-03, A_F=0.085, K_low=0.131, P_drag=-8.010e-04, P_cool=-5.912e-04, WENO=0.033, rho_mean=1.000000, p_mean=0.715468, div_rms=1.120e-01, vort_rms=8.820e-01, mass_err=-8.212e-10
step=340000, t=74.597393, dt=2.155e-04, KE=3.055000e-02, Mt=0.2481, A_K=0.066, Cuv=0.012, P_in=1.699e-03, P_tgt=1.691e-03, A_F=0.101, K_low=0.132, P_drag=-8.032e-04, P_cool=-6.078e-04, WENO=0.031, rho_mean=1.000000, p_mean=0.715501, div_rms=1.149e-01, vort_rms=8.801e-01, mass_err=-8.236e-10
saved snapshot: results/hit2d/solenoidal_Mt025_N512_CFL_0p05/hit2d_step0340000.npz
step=341000, t=74.812389, dt=2.152e-04, KE=3.054173e-02, Mt=0.2481, A_K=0.058, Cuv=0.017, P_in=1.837e-03, P_tgt=1.830e-03, A_F=0.245, K_low=0.131, P_drag=-8.019e-04, P_cool=-6.241e-04, WENO=0.043, rho_mean=1.000000, p_mean=0.715534, div_rms=1.105e-01, vort_rms=8.815e-01, mass_err=-8.260e-10
step=342000, t=75.028621, dt=2.174e-04, KE=3.064419e-02, Mt=0.2484, A_K=0.053, Cuv=0.032, P_in=2.010e-03, P_tgt=1.969e-03, A_F=0.035, K_low=0.130, P_drag=-8.010e-04, P_cool=-6.241e-04, WENO=0.035, rho_mean=1.000000, p_mean=0.715534, div_rms=1.152e-01, vort_rms=8.799e-01, mass_err=-8.284e-10
step=343000, t=75.247182, dt=2.186e-04, KE=3.081125e-02, Mt=0.2490, A_K=0.039, Cuv=0.040, P_in=2.073e-03, P_tgt=2.077e-03, A_F=0.027, K_low=0.130, P_drag=-8.019e-04, P_cool=-6.172e-04, WENO=0.022, rho_mean=1.000000, p_mean=0.715520, div_rms=1.192e-01, vort_rms=8.797e-01, mass_err=-8.309e-10
step=344000, t=75.464607, dt=2.162e-04, KE=3.095531e-02, Mt=0.2496, A_K=0.026, Cuv=0.037, P_in=2.144e-03, P_tgt=2.138e-03, A_F=0.167, K_low=0.130, P_drag=-8.008e-04, P_cool=-6.186e-04, WENO=0.033, rho_mean=1.000000, p_mean=0.715523, div_rms=1.197e-01, vort_rms=8.824e-01, mass_err=-8.333e-10
step=345000, t=75.680121, dt=2.144e-04, KE=3.107820e-02, Mt=0.2503, A_K=0.020, Cuv=0.021, P_in=2.141e-03, P_tgt=2.140e-03, A_F=0.074, K_low=0.129, P_drag=-7.952e-04, P_cool=-6.252e-04, WENO=0.035, rho_mean=1.000000, p_mean=0.715536, div_rms=1.163e-01, vort_rms=8.855e-01, mass_err=-8.357e-10
step=346000, t=75.893346, dt=2.124e-04, KE=3.124184e-02, Mt=0.2511, A_K=0.004, Cuv=0.007, P_in=2.069e-03, P_tgt=2.079e-03, A_F=0.175, K_low=0.126, P_drag=-7.836e-04, P_cool=-6.224e-04, WENO=0.029, rho_mean=1.000000, p_mean=0.715531, div_rms=1.186e-01, vort_rms=8.876e-01, mass_err=-8.381e-10
step=347000, t=76.105477, dt=2.121e-04, KE=3.140557e-02, Mt=0.2518, A_K=0.016, Cuv=-0.002, P_in=1.950e-03, P_tgt=1.959e-03, A_F=0.149, K_low=0.123, P_drag=-7.678e-04, P_cool=-6.163e-04, WENO=0.034, rho_mean=1.000000, p_mean=0.715518, div_rms=1.171e-01, vort_rms=8.896e-01, mass_err=-8.405e-10
step=348000, t=76.317528, dt=2.119e-04, KE=3.154525e-02, Mt=0.2524, A_K=0.032, Cuv=-0.011, P_in=1.801e-03, P_tgt=1.800e-03, A_F=0.226, K_low=0.120, P_drag=-7.515e-04, P_cool=-6.100e-04, WENO=0.034, rho_mean=1.000000, p_mean=0.715506, div_rms=1.162e-01, vort_rms=8.920e-01, mass_err=-8.429e-10
step=349000, t=76.529790, dt=2.135e-04, KE=3.165241e-02, Mt=0.2527, A_K=0.055, Cuv=-0.026, P_in=1.612e-03, P_tgt=1.624e-03, A_F=0.172, K_low=0.116, P_drag=-7.360e-04, P_cool=-6.039e-04, WENO=0.039, rho_mean=1.000000, p_mean=0.715493, div_rms=1.147e-01, vort_rms=8.934e-01, mass_err=-8.453e-10
step=350000, t=76.744252, dt=2.151e-04, KE=3.173834e-02, Mt=0.2528, A_K=0.075, Cuv=-0.054, P_in=1.464e-03, P_tgt=1.456e-03, A_F=0.067, K_low=0.113, P_drag=-7.215e-04, P_cool=-5.958e-04, WENO=0.039, rho_mean=1.000000, p_mean=0.715477, div_rms=1.196e-01, vort_rms=8.931e-01, mass_err=-8.478e-10
saved snapshot: results/hit2d/solenoidal_Mt025_N512_CFL_0p05/hit2d_step0350000.npz
step=351000, t=76.960674, dt=2.183e-04, KE=3.174489e-02, Mt=0.2527, A_K=0.095, Cuv=-0.073, P_in=1.304e-03, P_tgt=1.306e-03, A_F=0.118, K_low=0.111, P_drag=-7.087e-04, P_cool=-5.975e-04, WENO=0.036, rho_mean=1.000000, p_mean=0.715481, div_rms=1.218e-01, vort_rms=8.911e-01, mass_err=-8.502e-10
step=352000, t=77.180799, dt=2.221e-04, KE=3.164681e-02, Mt=0.2524, A_K=0.114, Cuv=-0.081, P_in=1.195e-03, P_tgt=1.183e-03, A_F=0.025, K_low=0.109, P_drag=-6.948e-04, P_cool=-6.144e-04, WENO=0.031, rho_mean=1.000000, p_mean=0.715515, div_rms=1.169e-01, vort_rms=8.889e-01, mass_err=-8.526e-10
step=353000, t=77.405096, dt=2.259e-04, KE=3.156504e-02, Mt=0.2522, A_K=0.124, Cuv=-0.081, P_in=1.072e-03, P_tgt=1.082e-03, A_F=0.160, K_low=0.107, P_drag=-6.792e-04, P_cool=-6.230e-04, WENO=0.037, rho_mean=1.000000, p_mean=0.715532, div_rms=1.121e-01, vort_rms=8.868e-01, mass_err=-8.550e-10
step=354000, t=77.631748, dt=2.279e-04, KE=3.156154e-02, Mt=0.2524, A_K=0.126, Cuv=-0.082, P_in=9.960e-04, P_tgt=9.883e-04, A_F=0.166, K_low=0.105, P_drag=-6.624e-04, P_cool=-6.122e-04, WENO=0.034, rho_mean=1.000000, p_mean=0.715510, div_rms=1.151e-01, vort_rms=8.862e-01, mass_err=-8.574e-10
step=355000, t=77.858863, dt=2.267e-04, KE=3.152160e-02, Mt=0.2523, A_K=0.131, Cuv=-0.083, P_in=9.017e-04, P_tgt=8.999e-04, A_F=0.119, K_low=0.102, P_drag=-6.456e-04, P_cool=-6.056e-04, WENO=0.038, rho_mean=1.000000, p_mean=0.715497, div_rms=1.142e-01, vort_rms=8.852e-01, mass_err=-8.598e-10
step=356000, t=78.084900, dt=2.251e-04, KE=3.140699e-02, Mt=0.2516, A_K=0.140, Cuv=-0.082, P_in=8.436e-04, P_tgt=8.330e-04, A_F=0.100, K_low=0.101, P_drag=-6.324e-04, P_cool=-6.111e-04, WENO=0.035, rho_mean=1.000000, p_mean=0.715508, div_rms=1.136e-01, vort_rms=8.821e-01, mass_err=-8.623e-10
step=357000, t=78.309822, dt=2.256e-04, KE=3.126117e-02, Mt=0.2508, A_K=0.154, Cuv=-0.081, P_in=7.960e-04, P_tgt=7.954e-04, A_F=0.062, K_low=0.100, P_drag=-6.258e-04, P_cool=-6.209e-04, WENO=0.034, rho_mean=1.000000, p_mean=0.715527, div_rms=1.151e-01, vort_rms=8.773e-01, mass_err=-8.647e-10
step=358000, t=78.535400, dt=2.259e-04, KE=3.112250e-02, Mt=0.2503, A_K=0.166, Cuv=-0.089, P_in=7.788e-04, P_tgt=7.794e-04, A_F=0.127, K_low=0.101, P_drag=-6.236e-04, P_cool=-6.277e-04, WENO=0.032, rho_mean=1.000000, p_mean=0.715541, div_rms=1.148e-01, vort_rms=8.721e-01, mass_err=-8.671e-10
step=359000, t=78.761810, dt=2.270e-04, KE=3.102429e-02, Mt=0.2502, A_K=0.173, Cuv=-0.103, P_in=7.696e-04, P_tgt=7.721e-04, A_F=0.164, K_low=0.101, P_drag=-6.225e-04, P_cool=-6.259e-04, WENO=0.029, rho_mean=1.000000, p_mean=0.715537, div_rms=1.141e-01, vort_rms=8.673e-01, mass_err=-8.695e-10
step=360000, t=78.988506, dt=2.256e-04, KE=3.095517e-02, Mt=0.2501, A_K=0.177, Cuv=-0.111, P_in=7.619e-04, P_tgt=7.679e-04, A_F=0.245, K_low=0.101, P_drag=-6.183e-04, P_cool=-6.183e-04, WENO=0.034, rho_mean=1.000000, p_mean=0.715522, div_rms=1.158e-01, vort_rms=8.634e-01, mass_err=-8.719e-10
saved snapshot: results/hit2d/solenoidal_Mt025_N512_CFL_0p05/hit2d_step0360000.npz
step=361000, t=79.213695, dt=2.245e-04, KE=3.086943e-02, Mt=0.2497, A_K=0.177, Cuv=-0.111, P_in=7.710e-04, P_tgt=7.710e-04, A_F=0.122, K_low=0.101, P_drag=-6.108e-04, P_cool=-6.148e-04, WENO=0.045, rho_mean=1.000000, p_mean=0.715515, div_rms=1.147e-01, vort_rms=8.614e-01, mass_err=-8.744e-10
step=362000, t=79.437664, dt=2.237e-04, KE=3.076996e-02, Mt=0.2493, A_K=0.180, Cuv=-0.106, P_in=7.855e-04, P_tgt=7.867e-04, A_F=0.146, K_low=0.100, P_drag=-6.022e-04, P_cool=-6.150e-04, WENO=0.032, rho_mean=1.000000, p_mean=0.715516, div_rms=1.125e-01, vort_rms=8.582e-01, mass_err=-8.768e-10
step=363000, t=79.660865, dt=2.228e-04, KE=3.069618e-02, Mt=0.2489, A_K=0.187, Cuv=-0.095, P_in=8.143e-04, P_tgt=8.166e-04, A_F=0.081, K_low=0.099, P_drag=-5.977e-04, P_cool=-6.113e-04, WENO=0.026, rho_mean=1.000000, p_mean=0.715508, div_rms=1.140e-01, vort_rms=8.570e-01, mass_err=-8.792e-10
step=364000, t=79.884681, dt=2.244e-04, KE=3.064867e-02, Mt=0.2486, A_K=0.190, Cuv=-0.091, P_in=8.659e-04, P_tgt=8.595e-04, A_F=0.236, K_low=0.098, P_drag=-5.982e-04, P_cool=-6.042e-04, WENO=0.030, rho_mean=1.000000, p_mean=0.715494, div_rms=1.081e-01, vort_rms=8.578e-01, mass_err=-8.816e-10
step=365000, t=80.107729, dt=2.230e-04, KE=3.068354e-02, Mt=0.2486, A_K=0.190, Cuv=-0.093, P_in=8.805e-04, P_tgt=9.099e-04, A_F=0.102, K_low=0.098, P_drag=-5.991e-04, P_cool=-5.834e-04, WENO=0.026, rho_mean=1.000000, p_mean=0.715452, div_rms=1.123e-01, vort_rms=8.554e-01, mass_err=-8.841e-10
step=366000, t=80.328807, dt=2.213e-04, KE=3.070833e-02, Mt=0.2488, A_K=0.174, Cuv=-0.085, P_in=9.551e-04, P_tgt=9.564e-04, A_F=0.196, K_low=0.099, P_drag=-6.021e-04, P_cool=-5.700e-04, WENO=0.023, rho_mean=1.000000, p_mean=0.715426, div_rms=1.091e-01, vort_rms=8.516e-01, mass_err=-8.865e-10
step=367000, t=80.550424, dt=2.217e-04, KE=3.064392e-02, Mt=0.2485, A_K=0.171, Cuv=-0.077, P_in=1.007e-03, P_tgt=1.009e-03, A_F=0.194, K_low=0.099, P_drag=-6.060e-04, P_cool=-5.744e-04, WENO=0.028, rho_mean=1.000000, p_mean=0.715434, div_rms=1.097e-01, vort_rms=8.474e-01, mass_err=-8.889e-10
step=368000, t=80.772647, dt=2.230e-04, KE=3.052570e-02, Mt=0.2480, A_K=0.165, Cuv=-0.068, P_in=1.078e-03, P_tgt=1.084e-03, A_F=0.192, K_low=0.100, P_drag=-6.100e-04, P_cool=-5.915e-04, WENO=0.026, rho_mean=1.000000, p_mean=0.715469, div_rms=1.085e-01, vort_rms=8.424e-01, mass_err=-8.914e-10
step=369000, t=80.993753, dt=2.193e-04, KE=3.045879e-02, Mt=0.2477, A_K=0.159, Cuv=-0.064, P_in=1.184e-03, P_tgt=1.185e-03, A_F=0.026, K_low=0.101, P_drag=-6.155e-04, P_cool=-6.014e-04, WENO=0.028, rho_mean=1.000000, p_mean=0.715489, div_rms=1.109e-01, vort_rms=8.406e-01, mass_err=-8.938e-10
step=370000, t=81.212133, dt=2.180e-04, KE=3.044576e-02, Mt=0.2477, A_K=0.151, Cuv=-0.061, P_in=1.305e-03, P_tgt=1.300e-03, A_F=0.036, K_low=0.102, P_drag=-6.239e-04, P_cool=-6.048e-04, WENO=0.031, rho_mean=1.000000, p_mean=0.715495, div_rms=1.110e-01, vort_rms=8.388e-01, mass_err=-8.962e-10
saved snapshot: results/hit2d/solenoidal_Mt025_N512_CFL_0p05/hit2d_step0370000.npz
step=371000, t=81.429900, dt=2.170e-04, KE=3.046572e-02, Mt=0.2479, A_K=0.142, Cuv=-0.047, P_in=1.418e-03, P_tgt=1.421e-03, A_F=0.060, K_low=0.105, P_drag=-6.349e-04, P_cool=-6.063e-04, WENO=0.028, rho_mean=1.000000, p_mean=0.715498, div_rms=1.118e-01, vort_rms=8.368e-01, mass_err=-8.986e-10
step=372000, t=81.645386, dt=2.139e-04, KE=3.049712e-02, Mt=0.2484, A_K=0.143, Cuv=-0.022, P_in=1.523e-03, P_tgt=1.534e-03, A_F=0.186, K_low=0.107, P_drag=-6.460e-04, P_cool=-6.100e-04, WENO=0.029, rho_mean=1.000000, p_mean=0.715506, div_rms=1.089e-01, vort_rms=8.382e-01, mass_err=-9.010e-10
step=373000, t=81.857898, dt=2.111e-04, KE=3.054678e-02, Mt=0.2487, A_K=0.149, Cuv=0.008, P_in=1.623e-03, P_tgt=1.626e-03, A_F=0.070, K_low=0.108, P_drag=-6.546e-04, P_cool=-6.136e-04, WENO=0.037, rho_mean=1.000000, p_mean=0.715513, div_rms=1.068e-01, vort_rms=8.405e-01, mass_err=-9.035e-10
step=374000, t=82.067877, dt=2.092e-04, KE=3.065575e-02, Mt=0.2492, A_K=0.156, Cuv=0.032, P_in=1.677e-03, P_tgt=1.698e-03, A_F=0.168, K_low=0.109, P_drag=-6.591e-04, P_cool=-6.085e-04, WENO=0.034, rho_mean=1.000000, p_mean=0.715503, div_rms=1.110e-01, vort_rms=8.412e-01, mass_err=-9.059e-10
step=375000, t=82.275850, dt=2.067e-04, KE=3.077554e-02, Mt=0.2497, A_K=0.168, Cuv=0.043, P_in=1.735e-03, P_tgt=1.737e-03, A_F=0.021, K_low=0.108, P_drag=-6.591e-04, P_cool=-6.035e-04, WENO=0.022, rho_mean=1.000000, p_mean=0.715493, div_rms=1.171e-01, vort_rms=8.412e-01, mass_err=-9.083e-10
step=376000, t=82.482319, dt=2.065e-04, KE=3.083720e-02, Mt=0.2500, A_K=0.169, Cuv=0.048, P_in=1.751e-03, P_tgt=1.751e-03, A_F=0.014, K_low=0.106, P_drag=-6.551e-04, P_cool=-6.111e-04, WENO=0.028, rho_mean=1.000000, p_mean=0.715508, div_rms=1.122e-01, vort_rms=8.421e-01, mass_err=-9.107e-10
step=377000, t=82.689260, dt=2.075e-04, KE=3.093087e-02, Mt=0.2504, A_K=0.161, Cuv=0.049, P_in=1.737e-03, P_tgt=1.739e-03, A_F=0.029, K_low=0.105, P_drag=-6.496e-04, P_cool=-6.123e-04, WENO=0.035, rho_mean=1.000000, p_mean=0.715510, div_rms=1.112e-01, vort_rms=8.439e-01, mass_err=-9.131e-10
step=378000, t=82.897402, dt=2.088e-04, KE=3.106315e-02, Mt=0.2510, A_K=0.152, Cuv=0.050, P_in=1.687e-03, P_tgt=1.687e-03, A_F=0.159, K_low=0.104, P_drag=-6.460e-04, P_cool=-6.049e-04, WENO=0.037, rho_mean=1.000000, p_mean=0.715496, div_rms=1.109e-01, vort_rms=8.450e-01, mass_err=-9.156e-10
step=379000, t=83.107016, dt=2.105e-04, KE=3.118474e-02, Mt=0.2515, A_K=0.149, Cuv=0.054, P_in=1.600e-03, P_tgt=1.603e-03, A_F=0.097, K_low=0.103, P_drag=-6.452e-04, P_cool=-5.974e-04, WENO=0.036, rho_mean=1.000000, p_mean=0.715481, div_rms=1.106e-01, vort_rms=8.452e-01, mass_err=-9.180e-10
step=380000, t=83.318811, dt=2.119e-04, KE=3.127363e-02, Mt=0.2518, A_K=0.154, Cuv=0.057, P_in=1.506e-03, P_tgt=1.500e-03, A_F=0.012, K_low=0.103, P_drag=-6.445e-04, P_cool=-5.929e-04, WENO=0.034, rho_mean=1.000000, p_mean=0.715472, div_rms=1.134e-01, vort_rms=8.455e-01, mass_err=-9.204e-10
saved snapshot: results/hit2d/solenoidal_Mt025_N512_CFL_0p05/hit2d_step0380000.npz
step=381000, t=83.529677, dt=2.102e-04, KE=3.131172e-02, Mt=0.2519, A_K=0.163, Cuv=0.059, P_in=1.394e-03, P_tgt=1.395e-03, A_F=0.041, K_low=0.103, P_drag=-6.397e-04, P_cool=-5.943e-04, WENO=0.038, rho_mean=1.000000, p_mean=0.715474, div_rms=1.125e-01, vort_rms=8.459e-01, mass_err=-9.228e-10
step=382000, t=83.739651, dt=2.099e-04, KE=3.134519e-02, Mt=0.2520, A_K=0.171, Cuv=0.062, P_in=1.294e-03, P_tgt=1.293e-03, A_F=0.024, K_low=0.101, P_drag=-6.297e-04, P_cool=-5.924e-04, WENO=0.035, rho_mean=1.000000, p_mean=0.715470, div_rms=1.140e-01, vort_rms=8.466e-01, mass_err=-9.253e-10
step=383000, t=83.949340, dt=2.095e-04, KE=3.137448e-02, Mt=0.2521, A_K=0.180, Cuv=0.068, P_in=1.195e-03, P_tgt=1.193e-03, A_F=0.017, K_low=0.099, P_drag=-6.156e-04, P_cool=-5.877e-04, WENO=0.029, rho_mean=1.000000, p_mean=0.715461, div_rms=1.132e-01, vort_rms=8.478e-01, mass_err=-9.277e-10
step=384000, t=84.158409, dt=2.086e-04, KE=3.138478e-02, Mt=0.2521, A_K=0.187, Cuv=0.074, P_in=1.094e-03, P_tgt=1.096e-03, A_F=0.012, K_low=0.096, P_drag=-5.996e-04, P_cool=-5.836e-04, WENO=0.038, rho_mean=1.000000, p_mean=0.715453, div_rms=1.120e-01, vort_rms=8.485e-01, mass_err=-9.301e-10
step=385000, t=84.367301, dt=2.097e-04, KE=3.136095e-02, Mt=0.2520, A_K=0.185, Cuv=0.077, P_in=1.007e-03, P_tgt=1.009e-03, A_F=0.184, K_low=0.093, P_drag=-5.849e-04, P_cool=-5.832e-04, WENO=0.043, rho_mean=1.000000, p_mean=0.715452, div_rms=1.128e-01, vort_rms=8.483e-01, mass_err=-9.325e-10
step=386000, t=84.578301, dt=2.122e-04, KE=3.127469e-02, Mt=0.2516, A_K=0.175, Cuv=0.074, P_in=9.403e-04, P_tgt=9.387e-04, A_F=0.209, K_low=0.091, P_drag=-5.727e-04, P_cool=-5.923e-04, WENO=0.036, rho_mean=1.000000, p_mean=0.715470, div_rms=1.089e-01, vort_rms=8.476e-01, mass_err=-9.350e-10
step=387000, t=84.790720, dt=2.120e-04, KE=3.117606e-02, Mt=0.2513, A_K=0.165, Cuv=0.062, P_in=8.850e-04, P_tgt=8.856e-04, A_F=0.029, K_low=0.090, P_drag=-5.616e-04, P_cool=-6.013e-04, WENO=0.026, rho_mean=1.000000, p_mean=0.715488, div_rms=1.122e-01, vort_rms=8.468e-01, mass_err=-9.374e-10
step=388000, t=85.002631, dt=2.124e-04, KE=3.105549e-02, Mt=0.2509, A_K=0.159, Cuv=0.047, P_in=8.485e-04, P_tgt=8.475e-04, A_F=0.048, K_low=0.088, P_drag=-5.502e-04, P_cool=-6.129e-04, WENO=0.030, rho_mean=1.000000, p_mean=0.715511, div_rms=1.122e-01, vort_rms=8.454e-01, mass_err=-9.398e-10
step=389000, t=85.215937, dt=2.143e-04, KE=3.093873e-02, Mt=0.2503, A_K=0.158, Cuv=0.027, P_in=8.197e-04, P_tgt=8.291e-04, A_F=0.246, K_low=0.087, P_drag=-5.375e-04, P_cool=-6.223e-04, WENO=0.036, rho_mean=1.000000, p_mean=0.715530, div_rms=1.063e-01, vort_rms=8.424e-01, mass_err=-9.422e-10
step=390000, t=85.431145, dt=2.161e-04, KE=3.091825e-02, Mt=0.2501, A_K=0.155, Cuv=0.007, P_in=8.288e-04, P_tgt=8.250e-04, A_F=0.041, K_low=0.085, P_drag=-5.237e-04, P_cool=-6.124e-04, WENO=0.034, rho_mean=1.000000, p_mean=0.715511, div_rms=1.032e-01, vort_rms=8.409e-01, mass_err=-9.446e-10
saved snapshot: results/hit2d/solenoidal_Mt025_N512_CFL_0p05/hit2d_step0390000.npz
step=391000, t=85.648084, dt=2.177e-04, KE=3.099468e-02, Mt=0.2505, A_K=0.151, Cuv=-0.002, P_in=8.204e-04, P_tgt=8.160e-04, A_F=0.196, K_low=0.083, P_drag=-5.088e-04, P_cool=-5.844e-04, WENO=0.033, rho_mean=1.000000, p_mean=0.715454, div_rms=1.064e-01, vort_rms=8.408e-01, mass_err=-9.471e-10
step=392000, t=85.865747, dt=2.173e-04, KE=3.104394e-02, Mt=0.2507, A_K=0.143, Cuv=-0.006, P_in=7.963e-04, P_tgt=7.953e-04, A_F=0.047, K_low=0.080, P_drag=-4.933e-04, P_cool=-5.629e-04, WENO=0.030, rho_mean=1.000000, p_mean=0.715411, div_rms=1.024e-01, vort_rms=8.397e-01, mass_err=-9.495e-10
step=393000, t=86.083152, dt=2.182e-04, KE=3.104394e-02, Mt=0.2506, A_K=0.132, Cuv=-0.013, P_in=7.708e-04, P_tgt=7.731e-04, A_F=0.037, K_low=0.077, P_drag=-4.777e-04, P_cool=-5.517e-04, WENO=0.033, rho_mean=1.000000, p_mean=0.715389, div_rms=1.012e-01, vort_rms=8.373e-01, mass_err=-9.519e-10
step=394000, t=86.302454, dt=2.202e-04, KE=3.101844e-02, Mt=0.2505, A_K=0.125, Cuv=-0.022, P_in=7.588e-04, P_tgt=7.560e-04, A_F=0.098, K_low=0.075, P_drag=-4.632e-04, P_cool=-5.456e-04, WENO=0.031, rho_mean=1.000000, p_mean=0.715377, div_rms=1.020e-01, vort_rms=8.341e-01, mass_err=-9.543e-10
step=395000, t=86.524014, dt=2.232e-04, KE=3.094965e-02, Mt=0.2503, A_K=0.130, Cuv=-0.037, P_in=7.442e-04, P_tgt=7.429e-04, A_F=0.053, K_low=0.073, P_drag=-4.514e-04, P_cool=-5.482e-04, WENO=0.038, rho_mean=1.000000, p_mean=0.715382, div_rms=1.034e-01, vort_rms=8.314e-01, mass_err=-9.568e-10
step=396000, t=86.748375, dt=2.243e-04, KE=3.082659e-02, Mt=0.2500, A_K=0.136, Cuv=-0.056, P_in=7.326e-04, P_tgt=7.389e-04, A_F=0.104, K_low=0.072, P_drag=-4.422e-04, P_cool=-5.610e-04, WENO=0.030, rho_mean=1.000000, p_mean=0.715408, div_rms=9.961e-02, vort_rms=8.281e-01, mass_err=-9.592e-10
step=397000, t=86.972879, dt=2.247e-04, KE=3.072131e-02, Mt=0.2498, A_K=0.136, Cuv=-0.078, P_in=7.387e-04, P_tgt=7.425e-04, A_F=0.017, K_low=0.071, P_drag=-4.353e-04, P_cool=-5.702e-04, WENO=0.041, rho_mean=1.000000, p_mean=0.715426, div_rms=1.042e-01, vort_rms=8.261e-01, mass_err=-9.616e-10
step=398000, t=87.196251, dt=2.225e-04, KE=3.062177e-02, Mt=0.2495, A_K=0.106, Cuv=-0.104, P_in=7.615e-04, P_tgt=7.532e-04, A_F=0.006, K_low=0.070, P_drag=-4.275e-04, P_cool=-5.787e-04, WENO=0.034, rho_mean=1.000000, p_mean=0.715443, div_rms=1.016e-01, vort_rms=8.288e-01, mass_err=-9.641e-10
step=399000, t=87.418541, dt=2.223e-04, KE=3.055096e-02, Mt=0.2492, A_K=0.071, Cuv=-0.112, P_in=7.734e-04, P_tgt=7.740e-04, A_F=0.074, K_low=0.069, P_drag=-4.182e-04, P_cool=-5.822e-04, WENO=0.044, rho_mean=1.000000, p_mean=0.715450, div_rms=1.069e-01, vort_rms=8.294e-01, mass_err=-9.665e-10
step=400000, t=87.640866, dt=2.229e-04, KE=3.045292e-02, Mt=0.2488, A_K=0.031, Cuv=-0.108, P_in=7.732e-04, P_tgt=8.056e-04, A_F=0.259, K_low=0.068, P_drag=-4.108e-04, P_cool=-5.925e-04, WENO=0.041, rho_mean=1.000000, p_mean=0.715471, div_rms=9.990e-02, vort_rms=8.313e-01, mass_err=-9.689e-10
saved snapshot: results/hit2d/solenoidal_Mt025_N512_CFL_0p05/hit2d_step0400000.npz
step=401000, t=87.863115, dt=2.211e-04, KE=3.042639e-02, Mt=0.2487, A_K=0.003, Cuv=-0.095, P_in=8.513e-04, P_tgt=8.484e-04, A_F=0.018, K_low=0.067, P_drag=-4.069e-04, P_cool=-5.901e-04, WENO=0.029, rho_mean=1.000000, p_mean=0.715466, div_rms=1.018e-01, vort_rms=8.319e-01, mass_err=-9.713e-10
step=402000, t=88.083055, dt=2.187e-04, KE=3.048807e-02, Mt=0.2489, A_K=0.018, Cuv=-0.090, P_in=8.911e-04, P_tgt=8.903e-04, A_F=0.023, K_low=0.066, P_drag=-4.062e-04, P_cool=-5.725e-04, WENO=0.034, rho_mean=1.000000, p_mean=0.715431, div_rms=1.107e-01, vort_rms=8.309e-01, mass_err=-9.738e-10
step=403000, t=88.300860, dt=2.177e-04, KE=3.052907e-02, Mt=0.2489, A_K=0.040, Cuv=-0.098, P_in=9.277e-04, P_tgt=9.297e-04, A_F=0.146, K_low=0.066, P_drag=-4.063e-04, P_cool=-5.616e-04, WENO=0.039, rho_mean=1.000000, p_mean=0.715409, div_rms=1.046e-01, vort_rms=8.287e-01, mass_err=-9.762e-10
step=404000, t=88.519549, dt=2.197e-04, KE=3.058988e-02, Mt=0.2492, A_K=0.058, Cuv=-0.112, P_in=9.708e-04, P_tgt=9.672e-04, A_F=0.185, K_low=0.066, P_drag=-4.045e-04, P_cool=-5.488e-04, WENO=0.036, rho_mean=1.000000, p_mean=0.715383, div_rms=1.013e-01, vort_rms=8.280e-01, mass_err=-9.786e-10
step=405000, t=88.738835, dt=2.190e-04, KE=3.066797e-02, Mt=0.2496, A_K=0.070, Cuv=-0.120, P_in=9.935e-04, P_tgt=9.923e-04, A_F=0.199, K_low=0.065, P_drag=-4.002e-04, P_cool=-5.348e-04, WENO=0.031, rho_mean=1.000000, p_mean=0.715355, div_rms=1.043e-01, vort_rms=8.285e-01, mass_err=-9.811e-10
step=406000, t=88.958288, dt=2.200e-04, KE=3.068557e-02, Mt=0.2496, A_K=0.069, Cuv=-0.117, P_in=1.003e-03, P_tgt=1.007e-03, A_F=0.050, K_low=0.065, P_drag=-3.958e-04, P_cool=-5.343e-04, WENO=0.034, rho_mean=1.000000, p_mean=0.715354, div_rms=1.039e-01, vort_rms=8.287e-01, mass_err=-9.835e-10
step=407000, t=89.177688, dt=2.191e-04, KE=3.062647e-02, Mt=0.2492, A_K=0.056, Cuv=-0.110, P_in=1.034e-03, P_tgt=1.030e-03, A_F=0.205, K_low=0.065, P_drag=-3.936e-04, P_cool=-5.498e-04, WENO=0.027, rho_mean=1.000000, p_mean=0.715385, div_rms=1.024e-01, vort_rms=8.278e-01, mass_err=-9.859e-10
step=408000, t=89.397037, dt=2.197e-04, KE=3.053145e-02, Mt=0.2487, A_K=0.043, Cuv=-0.100, P_in=1.077e-03, P_tgt=1.074e-03, A_F=0.032, K_low=0.065, P_drag=-3.946e-04, P_cool=-5.730e-04, WENO=0.038, rho_mean=1.000000, p_mean=0.715432, div_rms=1.032e-01, vort_rms=8.258e-01, mass_err=-9.883e-10
step=409000, t=89.618144, dt=2.230e-04, KE=3.042930e-02, Mt=0.2484, A_K=0.031, Cuv=-0.090, P_in=1.148e-03, P_tgt=1.138e-03, A_F=0.053, K_low=0.066, P_drag=-3.983e-04, P_cool=-5.988e-04, WENO=0.033, rho_mean=1.000000, p_mean=0.715483, div_rms=1.002e-01, vort_rms=8.260e-01, mass_err=-9.908e-10
step=410000, t=89.842006, dt=2.236e-04, KE=3.038495e-02, Mt=0.2485, A_K=0.026, Cuv=-0.076, P_in=1.220e-03, P_tgt=1.213e-03, A_F=0.367, K_low=0.067, P_drag=-4.028e-04, P_cool=-6.152e-04, WENO=0.027, rho_mean=1.000000, p_mean=0.715516, div_rms=1.034e-01, vort_rms=8.274e-01, mass_err=-9.932e-10
saved snapshot: results/hit2d/solenoidal_Mt025_N512_CFL_0p05/hit2d_step0410000.npz
step=411000, t=90.065073, dt=2.229e-04, KE=3.040745e-02, Mt=0.2487, A_K=0.039, Cuv=-0.063, P_in=1.279e-03, P_tgt=1.283e-03, A_F=0.162, K_low=0.068, P_drag=-4.069e-04, P_cool=-6.208e-04, WENO=0.021, rho_mean=1.000000, p_mean=0.715527, div_rms=1.074e-01, vort_rms=8.265e-01, mass_err=-9.956e-10
step=412000, t=90.287827, dt=2.224e-04, KE=3.053628e-02, Mt=0.2493, A_K=0.059, Cuv=-0.045, P_in=1.339e-03, P_tgt=1.336e-03, A_F=0.261, K_low=0.069, P_drag=-4.115e-04, P_cool=-6.078e-04, WENO=0.035, rho_mean=1.000000, p_mean=0.715501, div_rms=1.058e-01, vort_rms=8.277e-01, mass_err=-9.980e-10
step=413000, t=90.509932, dt=2.218e-04, KE=3.081494e-02, Mt=0.2501, A_K=0.078, Cuv=-0.020, P_in=1.338e-03, P_tgt=1.351e-03, A_F=0.294, K_low=0.069, P_drag=-4.170e-04, P_cool=-5.673e-04, WENO=0.035, rho_mean=1.000000, p_mean=0.715420, div_rms=1.130e-01, vort_rms=8.306e-01, mass_err=-1.000e-09
step=414000, t=90.731066, dt=2.206e-04, KE=3.106156e-02, Mt=0.2505, A_K=0.091, Cuv=-0.001, P_in=1.326e-03, P_tgt=1.332e-03, A_F=0.087, K_low=0.069, P_drag=-4.229e-04, P_cool=-5.346e-04, WENO=0.044, rho_mean=1.000000, p_mean=0.715355, div_rms=1.107e-01, vort_rms=8.349e-01, mass_err=-1.003e-09
step=415000, t=90.950463, dt=2.172e-04, KE=3.123287e-02, Mt=0.2508, A_K=0.106, Cuv=0.009, P_in=1.307e-03, P_tgt=1.301e-03, A_F=0.097, K_low=0.069, P_drag=-4.299e-04, P_cool=-5.164e-04, WENO=0.043, rho_mean=1.000000, p_mean=0.715318, div_rms=1.039e-01, vort_rms=8.377e-01, mass_err=-1.005e-09
step=416000, t=91.166003, dt=2.146e-04, KE=3.138466e-02, Mt=0.2516, A_K=0.119, Cuv=0.011, P_in=1.245e-03, P_tgt=1.241e-03, A_F=0.049, K_low=0.070, P_drag=-4.393e-04, P_cool=-5.004e-04, WENO=0.031, rho_mean=1.000000, p_mean=0.715286, div_rms=1.088e-01, vort_rms=8.391e-01, mass_err=-1.008e-09
step=417000, t=91.380590, dt=2.150e-04, KE=3.141537e-02, Mt=0.2520, A_K=0.127, Cuv=0.010, P_in=1.158e-03, P_tgt=1.155e-03, A_F=0.002, K_low=0.072, P_drag=-4.496e-04, P_cool=-5.052e-04, WENO=0.035, rho_mean=1.000000, p_mean=0.715296, div_rms=1.112e-01, vort_rms=8.396e-01, mass_err=-1.010e-09
step=418000, t=91.596304, dt=2.166e-04, KE=3.129012e-02, Mt=0.2515, A_K=0.127, Cuv=0.010, P_in=1.078e-03, P_tgt=1.076e-03, A_F=0.085, K_low=0.074, P_drag=-4.593e-04, P_cool=-5.363e-04, WENO=0.029, rho_mean=1.000000, p_mean=0.715358, div_rms=1.045e-01, vort_rms=8.388e-01, mass_err=-1.013e-09
step=419000, t=91.813425, dt=2.169e-04, KE=3.116493e-02, Mt=0.2510, A_K=0.127, Cuv=0.017, P_in=1.027e-03, P_tgt=1.027e-03, A_F=0.039, K_low=0.076, P_drag=-4.671e-04, P_cool=-5.629e-04, WENO=0.032, rho_mean=1.000000, p_mean=0.715411, div_rms=1.006e-01, vort_rms=8.393e-01, mass_err=-1.015e-09
step=420000, t=92.030328, dt=2.172e-04, KE=3.114463e-02, Mt=0.2512, A_K=0.130, Cuv=0.028, P_in=9.830e-04, P_tgt=9.850e-04, A_F=0.094, K_low=0.077, P_drag=-4.737e-04, P_cool=-5.656e-04, WENO=0.022, rho_mean=1.000000, p_mean=0.715417, div_rms=1.118e-01, vort_rms=8.392e-01, mass_err=-1.017e-09
saved snapshot: results/hit2d/solenoidal_Mt025_N512_CFL_0p05/hit2d_step0420000.npz
step=421000, t=92.248242, dt=2.186e-04, KE=3.110563e-02, Mt=0.2515, A_K=0.140, Cuv=0.041, P_in=9.336e-04, P_tgt=9.326e-04, A_F=0.010, K_low=0.078, P_drag=-4.799e-04, P_cool=-5.697e-04, WENO=0.029, rho_mean=1.000000, p_mean=0.715425, div_rms=1.084e-01, vort_rms=8.388e-01, mass_err=-1.020e-09
step=422000, t=92.467180, dt=2.193e-04, KE=3.107822e-02, Mt=0.2515, A_K=0.146, Cuv=0.050, P_in=8.809e-04, P_tgt=8.783e-04, A_F=0.132, K_low=0.079, P_drag=-4.845e-04, P_cool=-5.688e-04, WENO=0.033, rho_mean=1.000000, p_mean=0.715423, div_rms=1.070e-01, vort_rms=8.382e-01, mass_err=-1.022e-09
step=423000, t=92.687684, dt=2.221e-04, KE=3.109230e-02, Mt=0.2514, A_K=0.145, Cuv=0.056, P_in=8.317e-04, P_tgt=8.301e-04, A_F=0.094, K_low=0.079, P_drag=-4.868e-04, P_cool=-5.573e-04, WENO=0.043, rho_mean=1.000000, p_mean=0.715400, div_rms=1.054e-01, vort_rms=8.371e-01, mass_err=-1.025e-09
step=424000, t=92.908929, dt=2.196e-04, KE=3.113743e-02, Mt=0.2514, A_K=0.140, Cuv=0.061, P_in=7.866e-04, P_tgt=7.872e-04, A_F=0.015, K_low=0.078, P_drag=-4.861e-04, P_cool=-5.382e-04, WENO=0.041, rho_mean=1.000000, p_mean=0.715362, div_rms=1.007e-01, vort_rms=8.359e-01, mass_err=-1.027e-09
step=425000, t=93.127308, dt=2.177e-04, KE=3.118683e-02, Mt=0.2515, A_K=0.133, Cuv=0.068, P_in=7.464e-04, P_tgt=7.440e-04, A_F=0.122, K_low=0.077, P_drag=-4.834e-04, P_cool=-5.176e-04, WENO=0.037, rho_mean=1.000000, p_mean=0.715321, div_rms=1.060e-01, vort_rms=8.350e-01, mass_err=-1.029e-09
step=426000, t=93.345550, dt=2.192e-04, KE=3.109705e-02, Mt=0.2511, A_K=0.124, Cuv=0.082, P_in=7.092e-04, P_tgt=7.055e-04, A_F=0.096, K_low=0.077, P_drag=-4.797e-04, P_cool=-5.235e-04, WENO=0.031, rho_mean=1.000000, p_mean=0.715333, div_rms=9.822e-02, vort_rms=8.335e-01, mass_err=-1.032e-09
step=427000, t=93.565232, dt=2.198e-04, KE=3.093964e-02, Mt=0.2505, A_K=0.124, Cuv=0.105, P_in=6.845e-04, P_tgt=6.838e-04, A_F=0.050, K_low=0.077, P_drag=-4.756e-04, P_cool=-5.410e-04, WENO=0.034, rho_mean=1.000000, p_mean=0.715368, div_rms=9.122e-02, vort_rms=8.311e-01, mass_err=-1.034e-09
step=428000, t=93.785144, dt=2.201e-04, KE=3.086011e-02, Mt=0.2502, A_K=0.130, Cuv=0.128, P_in=6.773e-04, P_tgt=6.749e-04, A_F=0.063, K_low=0.077, P_drag=-4.714e-04, P_cool=-5.420e-04, WENO=0.031, rho_mean=1.000000, p_mean=0.715370, div_rms=9.986e-02, vort_rms=8.282e-01, mass_err=-1.037e-09
step=429000, t=94.005873, dt=2.214e-04, KE=3.079935e-02, Mt=0.2500, A_K=0.139, Cuv=0.145, P_in=6.780e-04, P_tgt=6.723e-04, A_F=0.061, K_low=0.077, P_drag=-4.677e-04, P_cool=-5.393e-04, WENO=0.021, rho_mean=1.000000, p_mean=0.715364, div_rms=1.045e-01, vort_rms=8.256e-01, mass_err=-1.039e-09
step=430000, t=94.228237, dt=2.233e-04, KE=3.072187e-02, Mt=0.2497, A_K=0.144, Cuv=0.150, P_in=6.788e-04, P_tgt=6.761e-04, A_F=0.224, K_low=0.076, P_drag=-4.637e-04, P_cool=-5.401e-04, WENO=0.021, rho_mean=1.000000, p_mean=0.715366, div_rms=1.015e-01, vort_rms=8.252e-01, mass_err=-1.042e-09
saved snapshot: results/hit2d/solenoidal_Mt025_N512_CFL_0p05/hit2d_step0430000.npz
step=431000, t=94.452913, dt=2.257e-04, KE=3.065396e-02, Mt=0.2495, A_K=0.146, Cuv=0.135, P_in=6.883e-04, P_tgt=6.859e-04, A_F=0.055, K_low=0.075, P_drag=-4.584e-04, P_cool=-5.393e-04, WENO=0.026, rho_mean=1.000000, p_mean=0.715364, div_rms=9.954e-02, vort_rms=8.249e-01, mass_err=-1.044e-09
step=432000, t=94.678284, dt=2.241e-04, KE=3.057951e-02, Mt=0.2492, A_K=0.137, Cuv=0.112, P_in=7.028e-04, P_tgt=7.034e-04, A_F=0.019, K_low=0.074, P_drag=-4.528e-04, P_cool=-5.407e-04, WENO=0.028, rho_mean=1.000000, p_mean=0.715367, div_rms=9.779e-02, vort_rms=8.255e-01, mass_err=-1.046e-09
step=433000, t=94.900601, dt=2.209e-04, KE=3.047653e-02, Mt=0.2488, A_K=0.121, Cuv=0.088, P_in=7.297e-04, P_tgt=7.327e-04, A_F=0.131, K_low=0.073, P_drag=-4.476e-04, P_cool=-5.490e-04, WENO=0.026, rho_mean=1.000000, p_mean=0.715384, div_rms=9.955e-02, vort_rms=8.248e-01, mass_err=-1.049e-09
step=434000, t=95.121349, dt=2.214e-04, KE=3.033935e-02, Mt=0.2482, A_K=0.104, Cuv=0.075, P_in=7.690e-04, P_tgt=7.792e-04, A_F=0.180, K_low=0.072, P_drag=-4.423e-04, P_cool=-5.656e-04, WENO=0.025, rho_mean=1.000000, p_mean=0.715417, div_rms=9.884e-02, vort_rms=8.236e-01, mass_err=-1.051e-09
step=435000, t=95.343923, dt=2.237e-04, KE=3.026561e-02, Mt=0.2480, A_K=0.092, Cuv=0.077, P_in=8.475e-04, P_tgt=8.440e-04, A_F=0.240, K_low=0.072, P_drag=-4.369e-04, P_cool=-5.715e-04, WENO=0.030, rho_mean=1.000000, p_mean=0.715429, div_rms=9.840e-02, vort_rms=8.233e-01, mass_err=-1.054e-09
step=436000, t=95.568583, dt=2.247e-04, KE=3.032108e-02, Mt=0.2484, A_K=0.075, Cuv=0.089, P_in=9.060e-04, P_tgt=9.095e-04, A_F=0.196, K_low=0.071, P_drag=-4.315e-04, P_cool=-5.550e-04, WENO=0.039, rho_mean=1.000000, p_mean=0.715396, div_rms=1.056e-01, vort_rms=8.253e-01, mass_err=-1.056e-09
step=437000, t=95.792157, dt=2.220e-04, KE=3.038371e-02, Mt=0.2486, A_K=0.063, Cuv=0.095, P_in=9.665e-04, P_tgt=9.660e-04, A_F=0.074, K_low=0.070, P_drag=-4.245e-04, P_cool=-5.407e-04, WENO=0.039, rho_mean=1.000000, p_mean=0.715367, div_rms=1.067e-01, vort_rms=8.264e-01, mass_err=-1.059e-09
step=438000, t=96.013837, dt=2.219e-04, KE=3.041420e-02, Mt=0.2487, A_K=0.050, Cuv=0.096, P_in=1.013e-03, P_tgt=1.021e-03, A_F=0.364, K_low=0.069, P_drag=-4.144e-04, P_cool=-5.362e-04, WENO=0.035, rho_mean=1.000000, p_mean=0.715358, div_rms=1.047e-01, vort_rms=8.260e-01, mass_err=-1.061e-09
step=439000, t=96.236845, dt=2.244e-04, KE=3.043589e-02, Mt=0.2488, A_K=0.043, Cuv=0.094, P_in=1.083e-03, P_tgt=1.075e-03, A_F=0.265, K_low=0.066, P_drag=-3.995e-04, P_cool=-5.365e-04, WENO=0.026, rho_mean=1.000000, p_mean=0.715359, div_rms=1.058e-01, vort_rms=8.252e-01, mass_err=-1.063e-09
step=440000, t=96.461961, dt=2.251e-04, KE=3.044810e-02, Mt=0.2488, A_K=0.047, Cuv=0.090, P_in=1.131e-03, P_tgt=1.129e-03, A_F=0.190, K_low=0.063, P_drag=-3.808e-04, P_cool=-5.419e-04, WENO=0.035, rho_mean=1.000000, p_mean=0.715369, div_rms=1.064e-01, vort_rms=8.235e-01, mass_err=-1.066e-09
saved snapshot: results/hit2d/solenoidal_Mt025_N512_CFL_0p05/hit2d_step0440000.npz
step=441000, t=96.686681, dt=2.241e-04, KE=3.046239e-02, Mt=0.2488, A_K=0.063, Cuv=0.088, P_in=1.181e-03, P_tgt=1.186e-03, A_F=0.318, K_low=0.059, P_drag=-3.612e-04, P_cool=-5.498e-04, WENO=0.041, rho_mean=1.000000, p_mean=0.715385, div_rms=1.053e-01, vort_rms=8.223e-01, mass_err=-1.068e-09
step=442000, t=96.909389, dt=2.216e-04, KE=3.050187e-02, Mt=0.2488, A_K=0.091, Cuv=0.091, P_in=1.243e-03, P_tgt=1.246e-03, A_F=0.297, K_low=0.056, P_drag=-3.442e-04, P_cool=-5.558e-04, WENO=0.034, rho_mean=1.000000, p_mean=0.715397, div_rms=1.006e-01, vort_rms=8.217e-01, mass_err=-1.071e-09
step=443000, t=97.130014, dt=2.191e-04, KE=3.062650e-02, Mt=0.2492, A_K=0.126, Cuv=0.092, P_in=1.295e-03, P_tgt=1.298e-03, A_F=0.323, K_low=0.054, P_drag=-3.309e-04, P_cool=-5.478e-04, WENO=0.034, rho_mean=1.000000, p_mean=0.715381, div_rms=1.006e-01, vort_rms=8.240e-01, mass_err=-1.073e-09
step=444000, t=97.345988, dt=2.132e-04, KE=3.081337e-02, Mt=0.2500, A_K=0.147, Cuv=0.085, P_in=1.319e-03, P_tgt=1.319e-03, A_F=0.150, K_low=0.052, P_drag=-3.194e-04, P_cool=-5.299e-04, WENO=0.033, rho_mean=1.000000, p_mean=0.715345, div_rms=1.047e-01, vort_rms=8.252e-01, mass_err=-1.076e-09
step=445000, t=97.557791, dt=2.112e-04, KE=3.097767e-02, Mt=0.2508, A_K=0.159, Cuv=0.072, P_in=1.299e-03, P_tgt=1.296e-03, A_F=0.311, K_low=0.050, P_drag=-3.093e-04, P_cool=-5.172e-04, WENO=0.032, rho_mean=1.000000, p_mean=0.715320, div_rms=1.098e-01, vort_rms=8.255e-01, mass_err=-1.078e-09
step=446000, t=97.769230, dt=2.121e-04, KE=3.103827e-02, Mt=0.2512, A_K=0.157, Cuv=0.059, P_in=1.244e-03, P_tgt=1.244e-03, A_F=0.083, K_low=0.048, P_drag=-2.993e-04, P_cool=-5.242e-04, WENO=0.039, rho_mean=1.000000, p_mean=0.715334, div_rms=1.075e-01, vort_rms=8.247e-01, mass_err=-1.080e-09
step=447000, t=97.981642, dt=2.124e-04, KE=3.102671e-02, Mt=0.2512, A_K=0.143, Cuv=0.047, P_in=1.186e-03, P_tgt=1.186e-03, A_F=0.061, K_low=0.047, P_drag=-2.892e-04, P_cool=-5.431e-04, WENO=0.042, rho_mean=1.000000, p_mean=0.715372, div_rms=9.975e-02, vort_rms=8.229e-01, mass_err=-1.083e-09
step=448000, t=98.194465, dt=2.139e-04, KE=3.103869e-02, Mt=0.2514, A_K=0.126, Cuv=0.036, P_in=1.119e-03, P_tgt=1.126e-03, A_F=0.081, K_low=0.045, P_drag=-2.792e-04, P_cool=-5.544e-04, WENO=0.037, rho_mean=1.000000, p_mean=0.715394, div_rms=1.020e-01, vort_rms=8.203e-01, mass_err=-1.085e-09
step=449000, t=98.410141, dt=2.175e-04, KE=3.102209e-02, Mt=0.2516, A_K=0.115, Cuv=0.036, P_in=1.062e-03, P_tgt=1.059e-03, A_F=0.003, K_low=0.043, P_drag=-2.692e-04, P_cool=-5.687e-04, WENO=0.035, rho_mean=1.000000, p_mean=0.715423, div_rms=1.016e-01, vort_rms=8.185e-01, mass_err=-1.088e-09
step=450000, t=98.629132, dt=2.204e-04, KE=3.097972e-02, Mt=0.2514, A_K=0.115, Cuv=0.048, P_in=9.971e-04, P_tgt=9.975e-04, A_F=0.072, K_low=0.042, P_drag=-2.595e-04, P_cool=-5.852e-04, WENO=0.028, rho_mean=1.000000, p_mean=0.715456, div_rms=9.842e-02, vort_rms=8.159e-01, mass_err=-1.090e-09
saved snapshot: results/hit2d/solenoidal_Mt025_N512_CFL_0p05/hit2d_step0450000.npz
step=451000, t=98.849681, dt=2.208e-04, KE=3.099496e-02, Mt=0.2515, A_K=0.123, Cuv=0.068, P_in=9.370e-04, P_tgt=9.424e-04, A_F=0.042, K_low=0.040, P_drag=-2.520e-04, P_cool=-5.877e-04, WENO=0.023, rho_mean=1.000000, p_mean=0.715461, div_rms=9.607e-02, vort_rms=8.160e-01, mass_err=-1.093e-09
step=452000, t=99.070460, dt=2.202e-04, KE=3.110793e-02, Mt=0.2520, A_K=0.135, Cuv=0.093, P_in=8.915e-04, P_tgt=8.815e-04, A_F=0.048, K_low=0.039, P_drag=-2.472e-04, P_cool=-5.688e-04, WENO=0.025, rho_mean=1.000000, p_mean=0.715423, div_rms=9.919e-02, vort_rms=8.185e-01, mass_err=-1.095e-09
step=453000, t=99.289711, dt=2.184e-04, KE=3.124014e-02, Mt=0.2526, A_K=0.148, Cuv=0.108, P_in=8.042e-04, P_tgt=8.050e-04, A_F=0.075, K_low=0.039, P_drag=-2.443e-04, P_cool=-5.443e-04, WENO=0.031, rho_mean=1.000000, p_mean=0.715374, div_rms=1.034e-01, vort_rms=8.207e-01, mass_err=-1.097e-09
step=454000, t=99.507125, dt=2.166e-04, KE=3.128900e-02, Mt=0.2526, A_K=0.166, Cuv=0.112, P_in=7.265e-04, P_tgt=7.263e-04, A_F=0.262, K_low=0.039, P_drag=-2.425e-04, P_cool=-5.339e-04, WENO=0.030, rho_mean=1.000000, p_mean=0.715354, div_rms=1.026e-01, vort_rms=8.210e-01, mass_err=-1.100e-09
step=455000, t=99.723739, dt=2.169e-04, KE=3.126170e-02, Mt=0.2521, A_K=0.183, Cuv=0.104, P_in=6.553e-04, P_tgt=6.621e-04, A_F=0.151, K_low=0.039, P_drag=-2.417e-04, P_cool=-5.358e-04, WENO=0.036, rho_mean=1.000000, p_mean=0.715357, div_rms=1.009e-01, vort_rms=8.185e-01, mass_err=-1.102e-09
step=456000, t=99.941535, dt=2.184e-04, KE=3.118251e-02, Mt=0.2516, A_K=0.192, Cuv=0.093, P_in=6.147e-04, P_tgt=6.153e-04, A_F=0.017, K_low=0.039, P_drag=-2.433e-04, P_cool=-5.453e-04, WENO=0.041, rho_mean=1.000000, p_mean=0.715376, div_rms=9.803e-02, vort_rms=8.145e-01, mass_err=-1.105e-09
step=457000, t=100.159624, dt=2.176e-04, KE=3.107803e-02, Mt=0.2514, A_K=0.193, Cuv=0.082, P_in=5.787e-04, P_tgt=5.804e-04, A_F=0.025, K_low=0.040, P_drag=-2.484e-04, P_cool=-5.575e-04, WENO=0.034, rho_mean=1.000000, p_mean=0.715401, div_rms=9.585e-02, vort_rms=8.113e-01, mass_err=-1.107e-09
step=458000, t=100.376521, dt=2.164e-04, KE=3.098867e-02, Mt=0.2515, A_K=0.184, Cuv=0.070, P_in=5.524e-04, P_tgt=5.482e-04, A_F=0.215, K_low=0.042, P_drag=-2.563e-04, P_cool=-5.646e-04, WENO=0.024, rho_mean=1.000000, p_mean=0.715415, div_rms=9.322e-02, vort_rms=8.096e-01, mass_err=-1.110e-09
step=459000, t=100.592781, dt=2.161e-04, KE=3.094457e-02, Mt=0.2517, A_K=0.177, Cuv=0.059, P_in=4.839e-04, P_tgt=5.139e-04, A_F=0.137, K_low=0.043, P_drag=-2.661e-04, P_cool=-5.608e-04, WENO=0.018, rho_mean=1.000000, p_mean=0.715407, div_rms=1.017e-01, vort_rms=8.076e-01, mass_err=-1.112e-09
step=460000, t=100.809706, dt=2.183e-04, KE=3.086029e-02, Mt=0.2516, A_K=0.170, Cuv=0.071, P_in=4.927e-04, P_tgt=4.808e-04, A_F=0.033, K_low=0.045, P_drag=-2.771e-04, P_cool=-5.632e-04, WENO=0.025, rho_mean=1.000000, p_mean=0.715412, div_rms=1.006e-01, vort_rms=8.034e-01, mass_err=-1.114e-09
saved snapshot: results/hit2d/solenoidal_Mt025_N512_CFL_0p05/hit2d_step0460000.npz
step=461000, t=101.030249, dt=2.226e-04, KE=3.077578e-02, Mt=0.2512, A_K=0.160, Cuv=0.098, P_in=4.548e-04, P_tgt=4.550e-04, A_F=0.023, K_low=0.047, P_drag=-2.889e-04, P_cool=-5.653e-04, WENO=0.032, rho_mean=1.000000, p_mean=0.715416, div_rms=9.284e-02, vort_rms=8.002e-01, mass_err=-1.117e-09
step=462000, t=101.253734, dt=2.235e-04, KE=3.076512e-02, Mt=0.2511, A_K=0.151, Cuv=0.127, P_in=4.359e-04, P_tgt=4.350e-04, A_F=0.065, K_low=0.049, P_drag=-3.000e-04, P_cool=-5.492e-04, WENO=0.041, rho_mean=1.000000, p_mean=0.715384, div_rms=9.521e-02, vort_rms=7.982e-01, mass_err=-1.119e-09
step=463000, t=101.477263, dt=2.239e-04, KE=3.076697e-02, Mt=0.2509, A_K=0.138, Cuv=0.154, P_in=4.182e-04, P_tgt=4.175e-04, A_F=0.146, K_low=0.050, P_drag=-3.097e-04, P_cool=-5.301e-04, WENO=0.038, rho_mean=1.000000, p_mean=0.715346, div_rms=9.034e-02, vort_rms=7.959e-01, mass_err=-1.122e-09
step=464000, t=101.702119, dt=2.255e-04, KE=3.077628e-02, Mt=0.2507, A_K=0.119, Cuv=0.173, P_in=4.044e-04, P_tgt=4.044e-04, A_F=0.084, K_low=0.052, P_drag=-3.179e-04, P_cool=-5.093e-04, WENO=0.037, rho_mean=1.000000, p_mean=0.715304, div_rms=9.398e-02, vort_rms=7.916e-01, mass_err=-1.124e-09
step=465000, t=101.927235, dt=2.244e-04, KE=3.074565e-02, Mt=0.2502, A_K=0.103, Cuv=0.184, P_in=3.959e-04, P_tgt=3.970e-04, A_F=0.085, K_low=0.053, P_drag=-3.246e-04, P_cool=-4.963e-04, WENO=0.029, rho_mean=1.000000, p_mean=0.715278, div_rms=9.779e-02, vort_rms=7.888e-01, mass_err=-1.127e-09
step=466000, t=102.151503, dt=2.242e-04, KE=3.065264e-02, Mt=0.2496, A_K=0.084, Cuv=0.184, P_in=4.003e-04, P_tgt=3.982e-04, A_F=0.065, K_low=0.054, P_drag=-3.304e-04, P_cool=-4.958e-04, WENO=0.035, rho_mean=1.000000, p_mean=0.715277, div_rms=9.610e-02, vort_rms=7.866e-01, mass_err=-1.129e-09
step=467000, t=102.374877, dt=2.227e-04, KE=3.054965e-02, Mt=0.2491, A_K=0.064, Cuv=0.177, P_in=4.101e-04, P_tgt=4.083e-04, A_F=0.005, K_low=0.055, P_drag=-3.361e-04, P_cool=-4.973e-04, WENO=0.044, rho_mean=1.000000, p_mean=0.715280, div_rms=9.841e-02, vort_rms=7.851e-01, mass_err=-1.131e-09
step=468000, t=102.596448, dt=2.204e-04, KE=3.041573e-02, Mt=0.2486, A_K=0.051, Cuv=0.170, P_in=4.243e-04, P_tgt=4.275e-04, A_F=0.186, K_low=0.056, P_drag=-3.424e-04, P_cool=-5.054e-04, WENO=0.037, rho_mean=1.000000, p_mean=0.715296, div_rms=9.858e-02, vort_rms=7.835e-01, mass_err=-1.134e-09
step=469000, t=102.816469, dt=2.192e-04, KE=3.023858e-02, Mt=0.2480, A_K=0.050, Cuv=0.165, P_in=4.590e-04, P_tgt=4.581e-04, A_F=0.338, K_low=0.058, P_drag=-3.502e-04, P_cool=-5.224e-04, WENO=0.032, rho_mean=1.000000, p_mean=0.715331, div_rms=9.946e-02, vort_rms=7.806e-01, mass_err=-1.136e-09
step=470000, t=103.034318, dt=2.166e-04, KE=3.004170e-02, Mt=0.2476, A_K=0.055, Cuv=0.159, P_in=5.007e-04, P_tgt=5.014e-04, A_F=0.176, K_low=0.060, P_drag=-3.602e-04, P_cool=-5.439e-04, WENO=0.027, rho_mean=1.000000, p_mean=0.715374, div_rms=9.509e-02, vort_rms=7.771e-01, mass_err=-1.139e-09
saved snapshot: results/hit2d/solenoidal_Mt025_N512_CFL_0p05/hit2d_step0470000.npz
step=471000, t=103.249662, dt=2.142e-04, KE=2.989800e-02, Mt=0.2475, A_K=0.057, Cuv=0.151, P_in=5.562e-04, P_tgt=5.549e-04, A_F=0.300, K_low=0.062, P_drag=-3.717e-04, P_cool=-5.560e-04, WENO=0.036, rho_mean=1.000000, p_mean=0.715398, div_rms=9.943e-02, vort_rms=7.742e-01, mass_err=-1.141e-09
step=472000, t=103.463145, dt=2.130e-04, KE=2.979733e-02, Mt=0.2474, A_K=0.050, Cuv=0.141, P_in=6.170e-04, P_tgt=6.157e-04, A_F=0.312, K_low=0.065, P_drag=-3.828e-04, P_cool=-5.611e-04, WENO=0.041, rho_mean=1.000000, p_mean=0.715408, div_rms=9.279e-02, vort_rms=7.723e-01, mass_err=-1.144e-09
step=473000, t=103.675994, dt=2.129e-04, KE=2.980878e-02, Mt=0.2476, A_K=0.035, Cuv=0.135, P_in=6.762e-04, P_tgt=6.818e-04, A_F=0.051, K_low=0.067, P_drag=-3.919e-04, P_cool=-5.463e-04, WENO=0.031, rho_mean=1.000000, p_mean=0.715378, div_rms=9.674e-02, vort_rms=7.706e-01, mass_err=-1.146e-09
step=474000, t=103.889439, dt=2.142e-04, KE=2.987135e-02, Mt=0.2476, A_K=0.012, Cuv=0.132, P_in=7.437e-04, P_tgt=7.514e-04, A_F=0.183, K_low=0.067, P_drag=-3.987e-04, P_cool=-5.246e-04, WENO=0.032, rho_mean=1.000000, p_mean=0.715335, div_rms=1.013e-01, vort_rms=7.693e-01, mass_err=-1.148e-09
step=475000, t=104.104997, dt=2.173e-04, KE=2.990123e-02, Mt=0.2475, A_K=0.010, Cuv=0.130, P_in=8.334e-04, P_tgt=8.296e-04, A_F=0.047, K_low=0.068, P_drag=-4.038e-04, P_cool=-5.130e-04, WENO=0.035, rho_mean=1.000000, p_mean=0.715312, div_rms=9.832e-02, vort_rms=7.702e-01, mass_err=-1.151e-09
step=476000, t=104.323237, dt=2.182e-04, KE=2.991500e-02, Mt=0.2474, A_K=0.031, Cuv=0.121, P_in=9.156e-04, P_tgt=9.193e-04, A_F=0.045, K_low=0.068, P_drag=-4.074e-04, P_cool=-5.085e-04, WENO=0.034, rho_mean=1.000000, p_mean=0.715303, div_rms=9.511e-02, vort_rms=7.740e-01, mass_err=-1.153e-09
step=477000, t=104.541588, dt=2.185e-04, KE=2.994675e-02, Mt=0.2474, A_K=0.055, Cuv=0.121, P_in=1.023e-03, P_tgt=1.022e-03, A_F=0.018, K_low=0.068, P_drag=-4.097e-04, P_cool=-5.046e-04, WENO=0.032, rho_mean=1.000000, p_mean=0.715295, div_rms=9.390e-02, vort_rms=7.718e-01, mass_err=-1.156e-09
step=478000, t=104.759664, dt=2.173e-04, KE=3.001402e-02, Mt=0.2477, A_K=0.071, Cuv=0.114, P_in=1.125e-03, P_tgt=1.131e-03, A_F=0.092, K_low=0.068, P_drag=-4.126e-04, P_cool=-4.983e-04, WENO=0.033, rho_mean=1.000000, p_mean=0.715282, div_rms=1.017e-01, vort_rms=7.715e-01, mass_err=-1.158e-09
step=479000, t=104.976890, dt=2.175e-04, KE=3.003445e-02, Mt=0.2480, A_K=0.084, Cuv=0.100, P_in=1.232e-03, P_tgt=1.233e-03, A_F=0.203, K_low=0.069, P_drag=-4.169e-04, P_cool=-5.059e-04, WENO=0.033, rho_mean=1.000000, p_mean=0.715298, div_rms=1.028e-01, vort_rms=7.746e-01, mass_err=-1.161e-09
step=480000, t=105.194291, dt=2.177e-04, KE=3.000276e-02, Mt=0.2482, A_K=0.093, Cuv=0.089, P_in=1.331e-03, P_tgt=1.333e-03, A_F=0.187, K_low=0.071, P_drag=-4.230e-04, P_cool=-5.275e-04, WENO=0.031, rho_mean=1.000000, p_mean=0.715341, div_rms=1.016e-01, vort_rms=7.776e-01, mass_err=-1.163e-09
saved snapshot: results/hit2d/solenoidal_Mt025_N512_CFL_0p05/hit2d_step0480000.npz
step=481000, t=105.412770, dt=2.192e-04, KE=2.997489e-02, Mt=0.2485, A_K=0.096, Cuv=0.082, P_in=1.428e-03, P_tgt=1.429e-03, A_F=0.019, K_low=0.072, P_drag=-4.309e-04, P_cool=-5.514e-04, WENO=0.035, rho_mean=1.000000, p_mean=0.715389, div_rms=9.570e-02, vort_rms=7.815e-01, mass_err=-1.166e-09
step=482000, t=105.632438, dt=2.199e-04, KE=3.003735e-02, Mt=0.2490, A_K=0.093, Cuv=0.078, P_in=1.493e-03, P_tgt=1.504e-03, A_F=0.031, K_low=0.074, P_drag=-4.401e-04, P_cool=-5.599e-04, WENO=0.034, rho_mean=1.000000, p_mean=0.715406, div_rms=9.681e-02, vort_rms=7.835e-01, mass_err=-1.168e-09
step=483000, t=105.852887, dt=2.212e-04, KE=3.016074e-02, Mt=0.2495, A_K=0.094, Cuv=0.070, P_in=1.544e-03, P_tgt=1.547e-03, A_F=0.311, K_low=0.076, P_drag=-4.496e-04, P_cool=-5.583e-04, WENO=0.029, rho_mean=1.000000, p_mean=0.715402, div_rms=1.040e-01, vort_rms=7.836e-01, mass_err=-1.170e-09
step=484000, t=106.075675, dt=2.241e-04, KE=3.025554e-02, Mt=0.2497, A_K=0.087, Cuv=0.057, P_in=1.575e-03, P_tgt=1.571e-03, A_F=0.215, K_low=0.077, P_drag=-4.594e-04, P_cool=-5.635e-04, WENO=0.030, rho_mean=1.000000, p_mean=0.715413, div_rms=1.003e-01, vort_rms=7.852e-01, mass_err=-1.173e-09
step=485000, t=106.298175, dt=2.212e-04, KE=3.038256e-02, Mt=0.2500, A_K=0.078, Cuv=0.044, P_in=1.587e-03, P_tgt=1.582e-03, A_F=0.049, K_low=0.078, P_drag=-4.702e-04, P_cool=-5.625e-04, WENO=0.038, rho_mean=1.000000, p_mean=0.715411, div_rms=9.599e-02, vort_rms=7.874e-01, mass_err=-1.175e-09
step=486000, t=106.518097, dt=2.187e-04, KE=3.058624e-02, Mt=0.2507, A_K=0.072, Cuv=0.041, P_in=1.551e-03, P_tgt=1.560e-03, A_F=0.133, K_low=0.079, P_drag=-4.828e-04, P_cool=-5.457e-04, WENO=0.031, rho_mean=1.000000, p_mean=0.715377, div_rms=9.947e-02, vort_rms=7.911e-01, mass_err=-1.178e-09
step=487000, t=106.736681, dt=2.186e-04, KE=3.078811e-02, Mt=0.2515, A_K=0.076, Cuv=0.052, P_in=1.493e-03, P_tgt=1.492e-03, A_F=0.140, K_low=0.081, P_drag=-4.979e-04, P_cool=-5.273e-04, WENO=0.029, rho_mean=1.000000, p_mean=0.715340, div_rms=1.004e-01, vort_rms=7.950e-01, mass_err=-1.180e-09
step=488000, t=106.955017, dt=2.177e-04, KE=3.094807e-02, Mt=0.2521, A_K=0.090, Cuv=0.069, P_in=1.391e-03, P_tgt=1.388e-03, A_F=0.161, K_low=0.083, P_drag=-5.143e-04, P_cool=-5.135e-04, WENO=0.035, rho_mean=1.000000, p_mean=0.715313, div_rms=1.030e-01, vort_rms=7.970e-01, mass_err=-1.183e-09
step=489000, t=107.171950, dt=2.163e-04, KE=3.104517e-02, Mt=0.2523, A_K=0.106, Cuv=0.092, P_in=1.259e-03, P_tgt=1.273e-03, A_F=0.176, K_low=0.085, P_drag=-5.309e-04, P_cool=-5.070e-04, WENO=0.034, rho_mean=1.000000, p_mean=0.715300, div_rms=1.029e-01, vort_rms=7.982e-01, mass_err=-1.185e-09
step=490000, t=107.388251, dt=2.156e-04, KE=3.111082e-02, Mt=0.2525, A_K=0.112, Cuv=0.114, P_in=1.168e-03, P_tgt=1.159e-03, A_F=0.055, K_low=0.088, P_drag=-5.474e-04, P_cool=-5.014e-04, WENO=0.039, rho_mean=1.000000, p_mean=0.715289, div_rms=1.015e-01, vort_rms=8.016e-01, mass_err=-1.187e-09
saved snapshot: results/hit2d/solenoidal_Mt025_N512_CFL_0p05/hit2d_step0490000.npz
step=491000, t=107.603795, dt=2.160e-04, KE=3.116427e-02, Mt=0.2527, A_K=0.103, Cuv=0.129, P_in=1.057e-03, P_tgt=1.047e-03, A_F=0.155, K_low=0.091, P_drag=-5.612e-04, P_cool=-4.930e-04, WENO=0.038, rho_mean=1.000000, p_mean=0.715272, div_rms=1.011e-01, vort_rms=8.067e-01, mass_err=-1.190e-09
step=492000, t=107.820039, dt=2.163e-04, KE=3.119720e-02, Mt=0.2526, A_K=0.096, Cuv=0.132, P_in=9.428e-04, P_tgt=9.441e-04, A_F=0.035, K_low=0.093, P_drag=-5.726e-04, P_cool=-4.837e-04, WENO=0.036, rho_mean=1.000000, p_mean=0.715253, div_rms=1.010e-01, vort_rms=8.071e-01, mass_err=-1.192e-09
step=493000, t=108.036021, dt=2.157e-04, KE=3.119964e-02, Mt=0.2525, A_K=0.086, Cuv=0.130, P_in=8.555e-04, P_tgt=8.541e-04, A_F=0.084, K_low=0.095, P_drag=-5.818e-04, P_cool=-4.763e-04, WENO=0.042, rho_mean=1.000000, p_mean=0.715238, div_rms=1.048e-01, vort_rms=8.067e-01, mass_err=-1.195e-09
step=494000, t=108.251577, dt=2.155e-04, KE=3.111329e-02, Mt=0.2522, A_K=0.069, Cuv=0.127, P_in=7.728e-04, P_tgt=7.779e-04, A_F=0.064, K_low=0.096, P_drag=-5.888e-04, P_cool=-4.829e-04, WENO=0.042, rho_mean=1.000000, p_mean=0.715251, div_rms=1.067e-01, vort_rms=8.052e-01, mass_err=-1.197e-09
step=495000, t=108.467648, dt=2.169e-04, KE=3.093740e-02, Mt=0.2516, A_K=0.050, Cuv=0.124, P_in=7.252e-04, P_tgt=7.218e-04, A_F=0.173, K_low=0.097, P_drag=-5.946e-04, P_cool=-5.035e-04, WENO=0.039, rho_mean=1.000000, p_mean=0.715293, div_rms=1.050e-01, vort_rms=8.034e-01, mass_err=-1.200e-09
step=496000, t=108.685613, dt=2.188e-04, KE=3.076956e-02, Mt=0.2511, A_K=0.030, Cuv=0.123, P_in=6.903e-04, P_tgt=6.848e-04, A_F=0.006, K_low=0.098, P_drag=-5.993e-04, P_cool=-5.193e-04, WENO=0.036, rho_mean=1.000000, p_mean=0.715324, div_rms=1.056e-01, vort_rms=8.014e-01, mass_err=-1.202e-09
step=497000, t=108.904553, dt=2.190e-04, KE=3.067435e-02, Mt=0.2508, A_K=0.013, Cuv=0.131, P_in=6.576e-04, P_tgt=6.599e-04, A_F=0.091, K_low=0.099, P_drag=-6.025e-04, P_cool=-5.187e-04, WENO=0.025, rho_mean=1.000000, p_mean=0.715323, div_rms=1.096e-01, vort_rms=8.004e-01, mass_err=-1.204e-09
step=498000, t=109.124196, dt=2.207e-04, KE=3.059467e-02, Mt=0.2506, A_K=0.004, Cuv=0.148, P_in=6.381e-04, P_tgt=6.401e-04, A_F=0.016, K_low=0.100, P_drag=-6.056e-04, P_cool=-5.140e-04, WENO=0.024, rho_mean=1.000000, p_mean=0.715314, div_rms=1.092e-01, vort_rms=7.986e-01, mass_err=-1.207e-09
step=499000, t=109.344736, dt=2.203e-04, KE=3.048911e-02, Mt=0.2502, A_K=0.017, Cuv=0.167, P_in=6.357e-04, P_tgt=6.289e-04, A_F=0.006, K_low=0.101, P_drag=-6.082e-04, P_cool=-5.136e-04, WENO=0.034, rho_mean=1.000000, p_mean=0.715313, div_rms=1.042e-01, vort_rms=7.989e-01, mass_err=-1.209e-09
step=500000, t=109.565004, dt=2.207e-04, KE=3.041312e-02, Mt=0.2496, A_K=0.019, Cuv=0.181, P_in=6.372e-04, P_tgt=6.318e-04, A_F=0.184, K_low=0.100, P_drag=-6.057e-04, P_cool=-5.073e-04, WENO=0.030, rho_mean=1.000000, p_mean=0.715300, div_rms=1.004e-01, vort_rms=8.030e-01, mass_err=-1.212e-09
saved snapshot: results/hit2d/solenoidal_Mt025_N512_CFL_0p05/hit2d_step0500000.npz
step=501000, t=109.786134, dt=2.217e-04, KE=3.043650e-02, Mt=0.2494, A_K=0.017, Cuv=0.201, P_in=6.331e-04, P_tgt=6.443e-04, A_F=0.177, K_low=0.099, P_drag=-5.987e-04, P_cool=-4.823e-04, WENO=0.029, rho_mean=1.000000, p_mean=0.715250, div_rms=1.029e-01, vort_rms=8.038e-01, mass_err=-1.214e-09
step=501962, t=110.000000, dt=1.307e-04, KE=3.048597e-02, Mt=0.2494, A_K=0.011, Cuv=0.220, P_in=6.593e-04, P_tgt=6.595e-04, A_F=0.327, K_low=0.097, P_drag=-5.863e-04, P_cool=-4.549e-04, WENO=0.037, rho_mean=1.000000, p_mean=0.715196, div_rms=1.068e-01, vort_rms=8.053e-01, mass_err=-1.217e-09
saved snapshot: results/hit2d/solenoidal_Mt025_N512_CFL_0p05/hit2d_step0501962.npz
completed 2D HIT run at t=110.000000 in 501962 steps
